fecha,valor
2000-01-03,1300
2000-01-04,1300
2000-01-05,500
2000-01-06,500
2000-01-07,500
2000-01-10,0
2000-01-11,0
2000-01-12,0
2000-01-13,0
2000-01-14,0
2000-01-17,0
2000-01-18,0
2000-01-19,0
2000-01-20,0
2000-01-21,0
2000-01-24,0
2000-01-25,0
2000-01-26,0
2000-01-27,0
2000-01-28,0
2000-01-31,0
2000-02-01,0
2000-02-02,0
2000-02-03,0
2000-02-04,0
2000-02-07,0
2000-02-08,0
2000-02-09,0
2000-02-10,0
2000-02-11,0
2000-02-14,0
2000-02-15,0
2000-02-16,0
2000-02-17,0
2000-02-18,0
2000-02-21,0
2000-02-22,0
2000-02-23,0
2000-02-24,0
2000-02-25,0
2000-02-28,0
2000-02-29,0
2000-03-01,0
2000-03-02,0
2000-03-03,0
2000-03-06,0
2000-03-07,0
2000-03-08,0
2000-03-09,0
2000-03-10,0
2000-03-13,0
2000-03-14,0
2000-03-15,0
2000-03-16,0
2000-03-17,0
2000-03-20,0
2000-03-21,0
2000-03-22,0
2000-03-23,0
2000-03-24,0
2000-03-27,0
2000-03-28,0
2000-03-29,0
2000-03-30,0
2000-03-31,0
2000-04-03,0
2000-04-04,0
2000-04-05,0
2000-04-06,0
2000-04-07,0
2000-04-10,0
2000-04-11,0
2000-04-12,0
2000-04-13,0
2000-04-14,0
2000-04-17,0
2000-04-18,0
2000-04-19,0
2000-04-20,0
2000-04-21,0
2000-04-24,0
2000-04-25,0
2000-04-26,0
2000-04-27,0
2000-04-28,0
2000-05-01,0
2000-05-02,0
2000-05-03,0
2000-05-04,0
2000-05-05,0
2000-05-08,0
2000-05-09,0
2000-05-10,0
2000-05-11,0
2000-05-12,0
2000-05-15,0
2000-05-16,0
2000-05-17,0
2000-05-18,0
2000-05-19,0
2000-05-22,0
2000-05-23,0
2000-05-24,0
2000-05-25,0
2000-05-26,0
2000-05-29,0
2000-05-30,0
2000-05-31,0
2000-06-01,0
2000-06-02,0
2000-06-05,0
2000-06-06,0
2000-06-07,0
2000-06-08,0
2000-06-09,0
2000-06-12,0
2000-06-13,0
2000-06-14,0
2000-06-15,0
2000-06-16,0
2000-06-19,0
2000-06-20,0
2000-06-21,0
2000-06-22,0
2000-06-23,0
2000-06-26,0
2000-06-27,0
2000-06-28,0
2000-06-29,0
2000-06-30,0
2000-07-03,0
2000-07-04,0
2000-07-05,0
2000-07-06,0
2000-07-07,0
2000-07-10,0
2000-07-11,0
2000-07-12,0
2000-07-13,0
2000-07-14,0
2000-07-17,0
2000-07-18,0
2000-07-19,0
2000-07-20,0
2000-07-21,0
2000-07-24,0
2000-07-25,0
2000-07-26,0
2000-07-27,0
2000-07-28,0
2000-07-31,0
2000-08-01,0
2000-08-02,0
2000-08-03,0
2000-08-04,0
2000-08-07,0
2000-08-08,0
2000-08-09,0
2000-08-10,0
2000-08-11,0
2000-08-14,0
2000-08-15,0
2000-08-16,0
2000-08-17,0
2000-08-18,0
2000-08-21,0
2000-08-22,0
2000-08-23,0
2000-08-24,0
2000-08-25,0
2000-08-28,0
2000-08-29,0
2000-08-30,0
2000-08-31,0
2000-09-01,0
2000-09-04,0
2000-09-05,0
2000-09-06,0
2000-09-07,0
2000-09-08,0
2000-09-11,0
2000-09-12,0
2000-09-13,0
2000-09-14,0
2000-09-15,0
2000-09-18,0
2000-09-19,0
2000-09-20,0
2000-09-21,0
2000-09-22,0
2000-09-25,0
2000-09-26,0
2000-09-27,0
2000-09-28,0
2000-09-29,0
2000-10-02,0
2000-10-03,0
2000-10-04,0
2000-10-05,0
2000-10-06,0
2000-10-09,0
2000-10-10,0
2000-10-11,0
2000-10-12,0
2000-10-13,0
2000-10-16,0
2000-10-17,0
2000-10-18,0
2000-10-19,0
2000-10-20,0
2000-10-23,0
2000-10-24,0
2000-10-25,0
2000-10-26,0
2000-10-27,0
2000-10-30,0
2000-10-31,0
2000-11-01,0
2000-11-02,0
2000-11-03,0
2000-11-06,0
2000-11-07,0
2000-11-08,0
2000-11-09,0
2000-11-10,0
2000-11-13,0
2000-11-14,0
2000-11-15,0
2000-11-16,0
2000-11-17,0
2000-11-20,0
2000-11-21,0
2000-11-22,0
2000-11-23,0
2000-11-24,0
2000-11-27,0
2000-11-28,0
2000-11-29,0
2000-11-30,0
2000-12-01,0
2000-12-04,0
2000-12-05,0
2000-12-06,0
2000-12-07,0
2000-12-08,0
2000-12-11,0
2000-12-12,0
2000-12-13,0
2000-12-14,0
2000-12-15,0
2000-12-18,0
2000-12-19,0
2000-12-20,0
2000-12-21,0
2000-12-22,0
2000-12-25,0
2000-12-26,0
2000-12-27,0
2000-12-28,1000
2000-12-29,1000
2001-01-01,1000
2001-01-02,1000
2001-01-03,1000
2001-01-04,1000
2001-01-05,0
2001-01-08,0
2001-01-09,0
2001-01-10,0
2001-01-11,0
2001-01-12,0
2001-01-15,0
2001-01-16,0
2001-01-17,0
2001-01-18,0
2001-01-19,0
2001-01-22,0
2001-01-23,0
2001-01-24,0
2001-01-25,0
2001-01-26,0
2001-01-29,0
2001-01-30,0
2001-01-31,0
2001-02-01,0
2001-02-02,0
2001-02-05,0
2001-02-06,0
2001-02-07,0
2001-02-08,0
2001-02-09,0
2001-02-12,0
2001-02-13,0
2001-02-14,0
2001-02-15,0
2001-02-16,0
2001-02-19,0
2001-02-20,0
2001-02-21,0
2001-02-22,0
2001-02-23,0
2001-02-26,0
2001-02-27,0
2001-02-28,0
2001-03-01,0
2001-03-02,0
2001-03-05,0
2001-03-06,0
2001-03-07,0
2001-03-08,0
2001-03-09,0
2001-03-12,0
2001-03-13,0
2001-03-14,0
2001-03-15,0
2001-03-16,0
2001-03-19,0
2001-03-20,0
2001-03-21,0
2001-03-22,0
2001-03-23,0
2001-03-26,0
2001-03-27,0
2001-03-28,0
2001-03-29,0
2001-03-30,0
2001-04-02,0
2001-04-03,0
2001-04-04,0
2001-04-05,0
2001-04-06,0
2001-04-09,0
2001-04-10,0
2001-04-11,0
2001-04-12,0
2001-04-13,0
2001-04-16,0
2001-04-17,0
2001-04-18,0
2001-04-19,0
2001-04-20,0
2001-04-23,0
2001-04-24,0
2001-04-25,0
2001-04-26,0
2001-04-27,0
2001-04-30,0
2001-05-01,0
2001-05-02,0
2001-05-03,0
2001-05-04,0
2001-05-07,0
2001-05-08,0
2001-05-09,0
2001-05-10,0
2001-05-11,0
2001-05-14,0
2001-05-15,0
2001-05-16,0
2001-05-17,0
2001-05-18,0
2001-05-21,0
2001-05-22,0
2001-05-23,0
2001-05-24,0
2001-05-25,0
2001-05-28,0
2001-05-29,0
2001-05-30,0
2001-05-31,0
2001-06-01,0
2001-06-04,0
2001-06-05,0
2001-06-06,0
2001-06-07,0
2001-06-08,0
2001-06-11,0
2001-06-12,0
2001-06-13,0
2001-06-14,0
2001-06-15,0
2001-06-18,0
2001-06-19,0
2001-06-20,0
2001-06-21,0
2001-06-22,0
2001-06-25,0
2001-06-26,0
2001-06-27,0
2001-06-28,0
2001-06-29,0
2001-07-02,0
2001-07-03,0
2001-07-04,0
2001-07-05,0
2001-07-06,0
2001-07-09,0
2001-07-10,0
2001-07-11,0
2001-07-12,0
2001-07-13,0
2001-07-16,0
2001-07-17,0
2001-07-18,0
2001-07-19,0
2001-07-20,0
2001-07-23,0
2001-07-24,0
2001-07-25,0
2001-07-26,0
2001-07-27,0
2001-07-30,0
2001-07-31,0
2001-08-01,0
2001-08-02,0
2001-08-03,0
2001-08-06,0
2001-08-07,0
2001-08-08,0
2001-08-09,0
2001-08-10,0
2001-08-13,0
2001-08-14,0
2001-08-15,0
2001-08-16,0
2001-08-17,0
2001-08-20,0
2001-08-21,0
2001-08-22,0
2001-08-23,0
2001-08-24,0
2001-08-27,0
2001-08-28,0
2001-08-29,0
2001-08-30,0
2001-08-31,0
2001-09-03,0
2001-09-04,0
2001-09-05,0
2001-09-06,0
2001-09-07,0
2001-09-10,0
2001-09-11,0
2001-09-12,0
2001-09-13,0
2001-09-14,0
2001-09-17,0
2001-09-18,0
2001-09-19,0
2001-09-20,0
2001-09-21,0
2001-09-24,0
2001-09-25,0
2001-09-26,0
2001-09-27,0
2001-09-28,0
2001-10-01,0
2001-10-02,0
2001-10-03,0
2001-10-04,0
2001-10-05,0
2001-10-08,0
2001-10-09,0
2001-10-10,0
2001-10-11,0
2001-10-12,0
2001-10-15,0
2001-10-16,0
2001-10-17,0
2001-10-18,0
2001-10-19,0
2001-10-22,0
2001-10-23,0
2001-10-24,0
2001-10-25,0
2001-10-26,0
2001-10-29,0
2001-10-30,0
2001-10-31,0
2001-11-01,0
2001-11-02,0
2001-11-05,0
2001-11-06,0
2001-11-07,0
2001-11-08,0
2001-11-09,0
2001-11-12,0
2001-11-13,0
2001-11-14,0
2001-11-15,0
2001-11-16,0
2001-11-19,0
2001-11-20,0
2001-11-21,0
2001-11-22,0
2001-11-23,0
2001-11-26,0
2001-11-27,0
2001-11-28,0
2001-11-29,0
2001-11-30,0
2001-12-03,0
2001-12-04,0
2001-12-05,0
2001-12-06,0
2001-12-07,0
2001-12-10,0
2001-12-11,0
2001-12-12,0
2001-12-13,0
2001-12-14,0
2001-12-17,0
2001-12-18,0
2001-12-19,0
2001-12-20,0
2001-12-21,0
2001-12-24,0
2001-12-25,0
2001-12-26,0
2001-12-27,0
2001-12-28,0
2001-12-31,0
2002-01-01,0
2002-01-02,0
2002-01-03,0
2002-01-04,0
2002-01-07,0
2002-01-08,0
2002-01-09,0
2002-01-10,0
2002-01-11,0
2002-01-14,0
2002-01-15,0
2002-01-16,0
2002-01-17,0
2002-01-18,0
2002-01-21,0
2002-01-22,0
2002-01-23,0
2002-01-24,0
2002-01-25,0
2002-01-28,0
2002-01-29,0
2002-01-30,0
2002-01-31,0
2002-02-01,0
2002-02-04,0
2002-02-05,0
2002-02-06,0
2002-02-07,0
2002-02-08,0
2002-02-11,0
2002-02-12,0
2002-02-13,0
2002-02-14,0
2002-02-15,0
2002-02-18,0
2002-02-19,0
2002-02-20,0
2002-02-21,0
2002-02-22,0
2002-02-25,0
2002-02-26,0
2002-02-27,0
2002-02-28,0
2002-03-01,0
2002-03-04,0
2002-03-05,0
2002-03-06,0
2002-03-07,0
2002-03-08,0
2002-03-11,0
2002-03-12,0
2002-03-13,0
2002-03-14,0
2002-03-15,0
2002-03-18,0
2002-03-19,0
2002-03-20,0
2002-03-21,0
2002-03-22,0
2002-03-25,0
2002-03-26,0
2002-03-27,0
2002-03-28,0
2002-03-29,0
2002-04-01,0
2002-04-02,0
2002-04-03,0
2002-04-04,0
2002-04-05,0
2002-04-08,0
2002-04-09,0
2002-04-10,0
2002-04-11,0
2002-04-12,0
2002-04-15,0
2002-04-16,0
2002-04-17,0
2002-04-18,0
2002-04-19,0
2002-04-22,30
2002-04-23,30
2002-04-24,20
2002-04-25,10
2002-04-26,0
2002-04-29,0
2002-04-30,0
2002-05-01,0
2002-05-02,0
2002-05-03,0
2002-05-06,0
2002-05-07,0
2002-05-08,0
2002-05-09,0
2002-05-10,0
2002-05-13,0
2002-05-14,0
2002-05-15,0
2002-05-16,0
2002-05-17,0
2002-05-20,0
2002-05-21,0
2002-05-22,0
2002-05-23,0
2002-05-24,0
2002-05-27,0
2002-05-28,0
2002-05-29,0
2002-05-30,0
2002-05-31,0
2002-06-03,0
2002-06-04,0
2002-06-05,0
2002-06-06,0
2002-06-07,0
2002-06-10,0
2002-06-11,0
2002-06-12,0
2002-06-13,0
2002-06-14,0
2002-06-17,0
2002-06-18,0
2002-06-19,435
2002-06-20,435
2002-06-21,435
2002-06-24,435
2002-06-25,435
2002-06-26,435
2002-06-27,755
2002-06-28,755
2002-07-01,755
2002-07-02,755
2002-07-03,1055
2002-07-04,1055
2002-07-05,1055
2002-07-08,1155
2002-07-09,1155
2002-07-10,1155
2002-07-11,1155
2002-07-12,1255
2002-07-15,1305
2002-07-16,1305
2002-07-17,1355
2002-07-18,1355
2002-07-19,1355
2002-07-22,1405
2002-07-23,1405
2002-07-24,1455
2002-07-25,1455
2002-07-26,1455
2002-07-29,1455
2002-07-30,1455
2002-07-31,1455
2002-08-01,1455
2002-08-02,1255
2002-08-05,1070
2002-08-06,1070
2002-08-07,1070
2002-08-08,1070
2002-08-09,1070
2002-08-12,1120
2002-08-13,1170
2002-08-14,1170
2002-08-15,1170
2002-08-16,1170
2002-08-19,1170
2002-08-20,1170
2002-08-21,1170
2002-08-22,1170
2002-08-23,1170
2002-08-26,1170
2002-08-27,1170
2002-08-28,1170
2002-08-29,1170
2002-08-30,1170
2002-09-02,1170
2002-09-03,1170
2002-09-04,1170
2002-09-05,1170
2002-09-06,1170
2002-09-09,1170
2002-09-10,1170
2002-09-11,1170
2002-09-12,1170
2002-09-13,1140
2002-09-16,1140
2002-09-17,1140
2002-09-18,1140
2002-09-19,1140
2002-09-20,1140
2002-09-23,1140
2002-09-24,1140
2002-09-25,1140
2002-09-26,1140
2002-09-27,1140
2002-09-30,1140
2002-10-01,1140
2002-10-02,940
2002-10-03,940
2002-10-04,940
2002-10-07,940
2002-10-08,940
2002-10-09,940
2002-10-10,940
2002-10-11,940
2002-10-14,940
2002-10-15,940
2002-10-16,940
2002-10-17,940
2002-10-18,940
2002-10-21,940
2002-10-22,940
2002-10-23,940
2002-10-24,940
2002-10-25,940
2002-10-28,940
2002-10-29,940
2002-10-30,940
2002-10-31,940
2002-11-01,940
2002-11-04,1040
2002-11-05,870
2002-11-06,850
2002-11-07,850
2002-11-08,850
2002-11-11,850
2002-11-12,850
2002-11-13,850
2002-11-14,850
2002-11-15,850
2002-11-18,850
2002-11-19,850
2002-11-20,850
2002-11-21,850
2002-11-22,850
2002-11-25,850
2002-11-26,850
2002-11-27,850
2002-11-28,850
2002-11-29,850
2002-12-02,850
2002-12-03,800
2002-12-04,700
2002-12-05,700
2002-12-06,700
2002-12-09,1050
2002-12-10,1050
2002-12-11,1050
2002-12-12,1050
2002-12-13,1050
2002-12-16,1050
2002-12-17,1050
2002-12-18,1250
2002-12-19,1250
2002-12-20,1326
2002-12-23,1326
2002-12-24,1326
2002-12-25,1326
2002-12-26,1326
2002-12-27,1776
2002-12-30,1776
2002-12-31,1776
2003-01-01,1776
2003-01-02,1776
2003-01-03,1776
2003-01-06,1400
2003-01-07,1400
2003-01-08,1200
2003-01-09,1050
2003-01-10,1050
2003-01-13,700
2003-01-14,700
2003-01-15,700
2003-01-16,700
2003-01-17,700
2003-01-20,700
2003-01-21,700
2003-01-22,700
2003-01-23,700
2003-01-24,700
2003-01-27,700
2003-01-28,700
2003-01-29,700
2003-01-30,700
2003-01-31,700
2003-02-03,700
2003-02-04,700
2003-02-05,700
2003-02-06,700
2003-02-07,700
2003-02-10,700
2003-02-11,700
2003-02-12,700
2003-02-13,700
2003-02-14,700
2003-02-17,700
2003-02-18,700
2003-02-19,700
2003-02-20,700
2003-02-21,700
2003-02-24,700
2003-02-25,700
2003-02-26,700
2003-02-27,700
2003-02-28,875
2003-03-03,875
2003-03-04,875
2003-03-05,875
2003-03-06,528
2003-03-07,528
2003-03-10,528
2003-03-11,528
2003-03-12,528
2003-03-13,528
2003-03-14,528
2003-03-17,528
2003-03-18,528
2003-03-19,528
2003-03-20,528
2003-03-21,528
2003-03-24,528
2003-03-25,528
2003-03-26,528
2003-03-27,528
2003-03-28,528
2003-03-31,528
2003-04-01,528
2003-04-02,429
2003-04-03,429
2003-04-04,429
2003-04-07,429
2003-04-08,429
2003-04-09,429
2003-04-10,429
2003-04-11,429
2003-04-14,429
2003-04-15,429
2003-04-16,429
2003-04-17,429
2003-04-18,429
2003-04-21,429
2003-04-22,429
2003-04-23,429
2003-04-24,429
2003-04-25,429
2003-04-28,429
2003-04-29,429
2003-04-30,429
2003-05-01,429
2003-05-02,429
2003-05-05,0
2003-05-06,0
2003-05-07,0
2003-05-08,0
2003-05-09,0
2003-05-12,0
2003-05-13,0
2003-05-14,0
2003-05-15,0
2003-05-16,0
2003-05-19,0
2003-05-20,0
2003-05-21,0
2003-05-22,0
2003-05-23,0
2003-05-26,0
2003-05-27,0
2003-05-28,0
2003-05-29,0
2003-05-30,0
2003-06-02,0
2003-06-03,0
2003-06-04,0
2003-06-05,0
2003-06-06,0
2003-06-09,0
2003-06-10,0
2003-06-11,0
2003-06-12,0
2003-06-13,0
2003-06-16,0
2003-06-17,0
2003-06-18,0
2003-06-19,0
2003-06-20,0
2003-06-23,0
2003-06-24,0
2003-06-25,0
2003-06-26,0
2003-06-27,0
2003-06-30,0
2003-07-01,0
2003-07-02,0
2003-07-03,0
2003-07-04,0
2003-07-07,0
2003-07-08,0
2003-07-09,0
2003-07-10,0
2003-07-11,0
2003-07-14,0
2003-07-15,0
2003-07-16,0
2003-07-17,0
2003-07-18,0
2003-07-21,0
2003-07-22,0
2003-07-23,0
2003-07-24,0
2003-07-25,0
2003-07-28,0
2003-07-29,0
2003-07-30,0
2003-07-31,0
2003-08-01,0
2003-08-04,0
2003-08-05,0
2003-08-06,0
2003-08-07,0
2003-08-08,0
2003-08-11,0
2003-08-12,0
2003-08-13,0
2003-08-14,0
2003-08-15,0
2003-08-18,0
2003-08-19,0
2003-08-20,0
2003-08-21,0
2003-08-22,0
2003-08-25,0
2003-08-26,0
2003-08-27,0
2003-08-28,0
2003-08-29,0
2003-09-01,0
2003-09-02,0
2003-09-03,0
2003-09-04,0
2003-09-05,0
2003-09-08,0
2003-09-09,0
2003-09-10,0
2003-09-11,0
2003-09-12,0
2003-09-15,0
2003-09-16,0
2003-09-17,0
2003-09-18,0
2003-09-19,0
2003-09-22,0
2003-09-23,0
2003-09-24,0
2003-09-25,0
2003-09-26,0
2003-09-29,0
2003-09-30,0
2003-10-01,0
2003-10-02,0
2003-10-03,0
2003-10-06,0
2003-10-07,0
2003-10-08,0
2003-10-09,0
2003-10-10,0
2003-10-13,0
2003-10-14,0
2003-10-15,0
2003-10-16,0
2003-10-17,0
2003-10-20,0
2003-10-21,0
2003-10-22,0
2003-10-23,0
2003-10-24,0
2003-10-27,0
2003-10-28,0
2003-10-29,0
2003-10-30,0
2003-10-31,0
2003-11-03,0
2003-11-04,0
2003-11-05,0
2003-11-06,0
2003-11-07,0
2003-11-10,0
2003-11-11,0
2003-11-12,0
2003-11-13,0
2003-11-14,0
2003-11-17,0
2003-11-18,0
2003-11-19,0
2003-11-20,0
2003-11-21,0
2003-11-24,0
2003-11-25,0
2003-11-26,0
2003-11-27,0
2003-11-28,0
2003-12-01,0
2003-12-02,0
2003-12-03,0
2003-12-04,0
2003-12-05,0
2003-12-08,0
2003-12-09,0
2003-12-10,0
2003-12-11,0
2003-12-12,0
2003-12-15,0
2003-12-16,0
2003-12-17,0
2003-12-18,0
2003-12-19,0
2003-12-22,0
2003-12-23,0
2003-12-24,0
2003-12-25,0
2003-12-26,0
2003-12-29,0
2003-12-30,0
2003-12-31,0
2004-01-01,0
2004-01-02,0
2004-01-05,0
2004-01-06,0
2004-01-07,0
2004-01-08,0
2004-01-09,0
2004-01-12,0
2004-01-13,0
2004-01-14,0
2004-01-15,0
2004-01-16,0
2004-01-19,0
2004-01-20,0
2004-01-21,0
2004-01-22,0
2004-01-23,0
2004-01-26,0
2004-01-27,0
2004-01-28,0
2004-01-29,0
2004-01-30,0
2004-02-02,0
2004-02-03,0
2004-02-04,0
2004-02-05,0
2004-02-06,0
2004-02-09,0
2004-02-10,0
2004-02-11,0
2004-02-12,0
2004-02-13,0
2004-02-16,0
2004-02-17,0
2004-02-18,0
2004-02-19,0
2004-02-20,0
2004-02-23,0
2004-02-24,0
2004-02-25,0
2004-02-26,0
2004-02-27,0
2004-03-01,0
2004-03-02,0
2004-03-03,0
2004-03-04,0
2004-03-05,0
2004-03-08,0
2004-03-09,0
2004-03-10,0
2004-03-11,0
2004-03-12,0
2004-03-15,0
2004-03-16,0
2004-03-17,0
2004-03-18,0
2004-03-19,0
2004-03-22,0
2004-03-23,0
2004-03-24,0
2004-03-25,0
2004-03-26,0
2004-03-29,0
2004-03-30,0
2004-03-31,0
2004-04-01,0
2004-04-02,0
2004-04-05,0
2004-04-06,0
2004-04-07,0
2004-04-08,0
2004-04-09,0
2004-04-12,0
2004-04-13,0
2004-04-14,0
2004-04-15,0
2004-04-16,0
2004-04-19,0
2004-04-20,0
2004-04-21,0
2004-04-22,0
2004-04-23,0
2004-04-26,0
2004-04-27,0
2004-04-28,0
2004-04-29,0
2004-04-30,0
2004-05-03,0
2004-05-04,0
2004-05-05,0
2004-05-06,0
2004-05-07,0
2004-05-10,0
2004-05-11,0
2004-05-12,0
2004-05-13,0
2004-05-14,0
2004-05-17,0
2004-05-18,0
2004-05-19,0
2004-05-20,0
2004-05-21,0
2004-05-24,0
2004-05-25,0
2004-05-26,0
2004-05-27,0
2004-05-28,0
2004-05-31,0
2004-06-01,0
2004-06-02,0
2004-06-03,0
2004-06-04,0
2004-06-07,0
2004-06-08,0
2004-06-09,0
2004-06-10,0
2004-06-11,0
2004-06-14,0
2004-06-15,0
2004-06-16,0
2004-06-17,0
2004-06-18,0
2004-06-21,0
2004-06-22,0
2004-06-23,0
2004-06-24,0
2004-06-25,0
2004-06-28,0
2004-06-29,0
2004-06-30,0
2004-07-01,0
2004-07-02,0
2004-07-05,0
2004-07-06,0
2004-07-07,0
2004-07-08,0
2004-07-09,0
2004-07-12,0
2004-07-13,0
2004-07-14,0
2004-07-15,0
2004-07-16,0
2004-07-19,0
2004-07-20,0
2004-07-21,0
2004-07-22,0
2004-07-23,0
2004-07-26,0
2004-07-27,0
2004-07-28,0
2004-07-29,0
2004-07-30,0
2004-08-02,0
2004-08-03,0
2004-08-04,0
2004-08-05,0
2004-08-06,0
2004-08-09,0
2004-08-10,0
2004-08-11,0
2004-08-12,0
2004-08-13,0
2004-08-16,0
2004-08-17,0
2004-08-18,0
2004-08-19,0
2004-08-20,0
2004-08-23,0
2004-08-24,0
2004-08-25,0
2004-08-26,0
2004-08-27,0
2004-08-30,0
2004-08-31,0
2004-09-01,0
2004-09-02,0
2004-09-03,0
2004-09-06,0
2004-09-07,0
2004-09-08,0
2004-09-09,0
2004-09-10,0
2004-09-13,0
2004-09-14,0
2004-09-15,0
2004-09-16,0
2004-09-17,0
2004-09-20,0
2004-09-21,0
2004-09-22,0
2004-09-23,0
2004-09-24,0
2004-09-27,0
2004-09-28,0
2004-09-29,0
2004-09-30,0
2004-10-01,0
2004-10-04,0
2004-10-05,0
2004-10-06,0
2004-10-07,0
2004-10-08,0
2004-10-11,0
2004-10-12,0
2004-10-13,0
2004-10-14,0
2004-10-15,0
2004-10-18,0
2004-10-19,0
2004-10-20,0
2004-10-21,0
2004-10-22,0
2004-10-25,0
2004-10-26,0
2004-10-27,0
2004-10-28,0
2004-10-29,0
2004-11-01,0
2004-11-02,0
2004-11-03,0
2004-11-04,0
2004-11-05,0
2004-11-08,0
2004-11-09,0
2004-11-10,0
2004-11-11,0
2004-11-12,0
2004-11-15,0
2004-11-16,0
2004-11-17,0
2004-11-18,0
2004-11-19,0
2004-11-22,0
2004-11-23,0
2004-11-24,0
2004-11-25,0
2004-11-26,0
2004-11-29,0
2004-11-30,0
2004-12-01,0
2004-12-02,0
2004-12-03,0
2004-12-06,0
2004-12-07,0
2004-12-08,0
2004-12-09,0
2004-12-10,0
2004-12-13,0
2004-12-14,0
2004-12-15,0
2004-12-16,0
2004-12-17,0
2004-12-20,0
2004-12-21,0
2004-12-22,0
2004-12-23,0
2004-12-24,0
2004-12-27,0
2004-12-28,0
2004-12-29,0
2004-12-30,0
2004-12-31,0
2005-01-03,0
2005-01-04,0
2005-01-05,0
2005-01-06,0
2005-01-07,0
2005-01-10,0
2005-01-11,0
2005-01-12,0
2005-01-13,0
2005-01-14,0
2005-01-17,0
2005-01-18,0
2005-01-19,0
2005-01-20,0
2005-01-21,0
2005-01-24,0
2005-01-25,0
2005-01-26,0
2005-01-27,0
2005-01-28,0
2005-01-31,0
2005-02-01,0
2005-02-02,0
2005-02-03,0
2005-02-04,0
2005-02-07,0
2005-02-08,0
2005-02-09,0
2005-02-10,0
2005-02-11,0
2005-02-14,0
2005-02-15,0
2005-02-16,0
2005-02-17,0
2005-02-18,0
2005-02-21,0
2005-02-22,0
2005-02-23,0
2005-02-24,0
2005-02-25,0
2005-02-28,0
2005-03-01,0
2005-03-02,0
2005-03-03,0
2005-03-04,0
2005-03-07,0
2005-03-08,0
2005-03-09,0
2005-03-10,0
2005-03-11,0
2005-03-14,0
2005-03-15,0
2005-03-16,0
2005-03-17,0
2005-03-18,0
2005-03-21,0
2005-03-22,0
2005-03-23,0
2005-03-24,0
2005-03-25,0
2005-03-28,0
2005-03-29,0
2005-03-30,0
2005-03-31,0
2005-04-01,0
2005-04-04,0
2005-04-05,0
2005-04-06,0
2005-04-07,0
2005-04-08,0
2005-04-11,0
2005-04-12,0
2005-04-13,0
2005-04-14,0
2005-04-15,0
2005-04-18,0
2005-04-19,0
2005-04-20,0
2005-04-21,0
2005-04-22,0
2005-04-25,0
2005-04-26,0
2005-04-27,0
2005-04-28,0
2005-04-29,0
2005-05-02,0
2005-05-03,0
2005-05-04,0
2005-05-05,0
2005-05-06,0
2005-05-09,0
2005-05-10,0
2005-05-11,0
2005-05-12,0
2005-05-13,0
2005-05-16,0
2005-05-17,0
2005-05-18,0
2005-05-19,0
2005-05-20,0
2005-05-23,0
2005-05-24,0
2005-05-25,0
2005-05-26,0
2005-05-27,0
2005-05-30,0
2005-05-31,0
2005-06-01,0
2005-06-02,0
2005-06-03,0
2005-06-06,0
2005-06-07,0
2005-06-08,0
2005-06-09,0
2005-06-10,0
2005-06-13,0
2005-06-14,0
2005-06-15,0
2005-06-16,0
2005-06-17,0
2005-06-20,0
2005-06-21,0
2005-06-22,0
2005-06-23,0
2005-06-24,0
2005-06-27,0
2005-06-28,0
2005-06-29,0
2005-06-30,0
2005-07-01,0
2005-07-04,0
2005-07-05,0
2005-07-06,0
2005-07-07,0
2005-07-08,0
2005-07-11,0
2005-07-12,0
2005-07-13,0
2005-07-14,0
2005-07-15,0
2005-07-18,0
2005-07-19,0
2005-07-20,0
2005-07-21,0
2005-07-22,0
2005-07-25,0
2005-07-26,0
2005-07-27,0
2005-07-28,0
2005-07-29,0
2005-08-01,0
2005-08-02,0
2005-08-03,0
2005-08-04,0
2005-08-05,0
2005-08-08,0
2005-08-09,0
2005-08-10,0
2005-08-11,0
2005-08-12,0
2005-08-15,0
2005-08-16,0
2005-08-17,0
2005-08-18,0
2005-08-19,0
2005-08-22,0
2005-08-23,0
2005-08-24,0
2005-08-25,0
2005-08-26,0
2005-08-29,0
2005-08-30,0
2005-08-31,0
2005-09-01,0
2005-09-02,0
2005-09-05,0
2005-09-06,0
2005-09-07,0
2005-09-08,0
2005-09-09,0
2005-09-12,0
2005-09-13,0
2005-09-14,0
2005-09-15,0
2005-09-16,0
2005-09-19,0
2005-09-20,0
2005-09-21,0
2005-09-22,0
2005-09-23,0
2005-09-26,0
2005-09-27,0
2005-09-28,0
2005-09-29,0
2005-09-30,0
2005-10-03,0
2005-10-04,0
2005-10-05,0
2005-10-06,0
2005-10-07,0
2005-10-10,0
2005-10-11,0
2005-10-12,0
2005-10-13,0
2005-10-14,0
2005-10-17,0
2005-10-18,0
2005-10-19,0
2005-10-20,0
2005-10-21,0
2005-10-24,0
2005-10-25,0
2005-10-26,0
2005-10-27,0
2005-10-28,0
2005-10-31,0
2005-11-01,0
2005-11-02,0
2005-11-03,0
2005-11-04,0
2005-11-07,0
2005-11-08,0
2005-11-09,0
2005-11-10,0
2005-11-11,0
2005-11-14,0
2005-11-15,0
2005-11-16,0
2005-11-17,0
2005-11-18,0
2005-11-21,0
2005-11-22,0
2005-11-23,0
2005-11-24,0
2005-11-25,0
2005-11-28,0
2005-11-29,0
2005-11-30,0
2005-12-01,0
2005-12-02,0
2005-12-05,0
2005-12-06,0
2005-12-07,0
2005-12-08,0
2005-12-09,0
2005-12-12,0
2005-12-13,0
2005-12-14,0
2005-12-15,0
2005-12-16,0
2005-12-19,0
2005-12-20,0
2005-12-21,0
2005-12-22,0
2005-12-23,0
2005-12-26,0
2005-12-27,0
2005-12-28,0
2005-12-29,0
2005-12-30,0
2006-01-02,0
2006-01-03,0
2006-01-04,0
2006-01-05,0
2006-01-06,0
2006-01-09,0
2006-01-10,0
2006-01-11,0
2006-01-12,0
2006-01-13,0
2006-01-16,0
2006-01-17,0
2006-01-18,0
2006-01-19,0
2006-01-20,0
2006-01-23,0
2006-01-24,0
2006-01-25,0
2006-01-26,0
2006-01-27,0
2006-01-30,0
2006-01-31,0
2006-02-01,0
2006-02-02,0
2006-02-03,0
2006-02-06,0
2006-02-07,0
2006-02-08,0
2006-02-09,0
2006-02-10,0
2006-02-13,0
2006-02-14,0
2006-02-15,0
2006-02-16,0
2006-02-17,0
2006-02-20,0
2006-02-21,0
2006-02-22,0
2006-02-23,0
2006-02-24,0
2006-02-27,0
2006-02-28,0
2006-03-01,0
2006-03-02,0
2006-03-03,0
2006-03-06,0
2006-03-07,0
2006-03-08,0
2006-03-09,0
2006-03-10,0
2006-03-13,0
2006-03-14,0
2006-03-15,0
2006-03-16,0
2006-03-17,0
2006-03-20,0
2006-03-21,0
2006-03-22,0
2006-03-23,0
2006-03-24,0
2006-03-27,0
2006-03-28,0
2006-03-29,0
2006-03-30,0
2006-03-31,0
2006-04-03,0
2006-04-04,0
2006-04-05,0
2006-04-06,0
2006-04-07,0
2006-04-10,0
2006-04-11,0
2006-04-12,0
2006-04-13,0
2006-04-14,0
2006-04-17,0
2006-04-18,0
2006-04-19,0
2006-04-20,0
2006-04-21,0
2006-04-24,0
2006-04-25,0
2006-04-26,0
2006-04-27,0
2006-04-28,0
2006-05-01,0
2006-05-02,0
2006-05-03,0
2006-05-04,0
2006-05-05,0
2006-05-08,0
2006-05-09,0
2006-05-10,0
2006-05-11,0
2006-05-12,0
2006-05-15,0
2006-05-16,0
2006-05-17,0
2006-05-18,0
2006-05-19,0
2006-05-22,0
2006-05-23,0
2006-05-24,0
2006-05-25,0
2006-05-26,0
2006-05-29,0
2006-05-30,0
2006-05-31,0
2006-06-01,0
2006-06-02,0
2006-06-05,0
2006-06-06,0
2006-06-07,0
2006-06-08,0
2006-06-09,0
2006-06-12,0
2006-06-13,0
2006-06-14,0
2006-06-15,0
2006-06-16,0
2006-06-19,0
2006-06-20,0
2006-06-21,0
2006-06-22,0
2006-06-23,0
2006-06-26,0
2006-06-27,0
2006-06-28,0
2006-06-29,0
2006-06-30,0
2006-07-03,0
2006-07-04,0
2006-07-05,0
2006-07-06,0
2006-07-07,0
2006-07-10,0
2006-07-11,0
2006-07-12,0
2006-07-13,0
2006-07-14,0
2006-07-17,0
2006-07-18,0
2006-07-19,0
2006-07-20,0
2006-07-21,0
2006-07-24,0
2006-07-25,0
2006-07-26,0
2006-07-27,0
2006-07-28,0
2006-07-31,0
2006-08-01,0
2006-08-02,0
2006-08-03,0
2006-08-04,0
2006-08-07,0
2006-08-08,0
2006-08-09,0
2006-08-10,0
2006-08-11,0
2006-08-14,0
2006-08-15,0
2006-08-16,0
2006-08-17,0
2006-08-18,0
2006-08-21,0
2006-08-22,0
2006-08-23,0
2006-08-24,0
2006-08-25,0
2006-08-28,0
2006-08-29,0
2006-08-30,0
2006-08-31,0
2006-09-01,0
2006-09-04,0
2006-09-05,0
2006-09-06,0
2006-09-07,0
2006-09-08,0
2006-09-11,0
2006-09-12,0
2006-09-13,0
2006-09-14,0
2006-09-15,0
2006-09-18,0
2006-09-19,0
2006-09-20,0
2006-09-21,0
2006-09-22,0
2006-09-25,0
2006-09-26,0
2006-09-27,0
2006-09-28,0
2006-09-29,0
2006-10-02,0
2006-10-03,0
2006-10-04,0
2006-10-05,0
2006-10-06,0
2006-10-09,0
2006-10-10,0
2006-10-11,0
2006-10-12,0
2006-10-13,0
2006-10-16,0
2006-10-17,0
2006-10-18,0
2006-10-19,0
2006-10-20,0
2006-10-23,0
2006-10-24,0
2006-10-25,0
2006-10-26,0
2006-10-27,0
2006-10-30,0
2006-10-31,0
2006-11-01,0
2006-11-02,0
2006-11-03,0
2006-11-06,0
2006-11-07,0
2006-11-08,0
2006-11-09,0
2006-11-10,0
2006-11-13,0
2006-11-14,0
2006-11-15,0
2006-11-16,0
2006-11-17,0
2006-11-20,0
2006-11-21,0
2006-11-22,0
2006-11-23,0
2006-11-24,0
2006-11-27,0
2006-11-28,0
2006-11-29,0
2006-11-30,0
2006-12-01,0
2006-12-04,0
2006-12-05,0
2006-12-06,0
2006-12-07,0
2006-12-08,0
2006-12-11,0
2006-12-12,0
2006-12-13,0
2006-12-14,0
2006-12-15,0
2006-12-18,0
2006-12-19,0
2006-12-20,0
2006-12-21,0
2006-12-22,0
2006-12-25,0
2006-12-26,0
2006-12-27,0
2006-12-28,0
2006-12-29,0
2007-01-01,0
2007-01-02,0
2007-01-03,0
2007-01-04,0
2007-01-05,0
2007-01-08,0
2007-01-09,0
2007-01-10,0
2007-01-11,0
2007-01-12,0
2007-01-15,0
2007-01-16,0
2007-01-17,0
2007-01-18,0
2007-01-19,0
2007-01-22,0
2007-01-23,0
2007-01-24,0
2007-01-25,0
2007-01-26,0
2007-01-29,0
2007-01-30,0
2007-01-31,0
2007-02-01,0
2007-02-02,0
2007-02-05,0
2007-02-06,0
2007-02-07,0
2007-02-08,0
2007-02-09,0
2007-02-12,0
2007-02-13,0
2007-02-14,0
2007-02-15,0
2007-02-16,0
2007-02-19,0
2007-02-20,0
2007-02-21,0
2007-02-22,0
2007-02-23,0
2007-02-26,0
2007-02-27,0
2007-02-28,0
2007-03-01,0
2007-03-02,0
2007-03-05,0
2007-03-06,0
2007-03-07,0
2007-03-08,0
2007-03-09,0
2007-03-12,0
2007-03-13,0
2007-03-14,0
2007-03-15,0
2007-03-16,0
2007-03-19,0
2007-03-20,0
2007-03-21,0
2007-03-22,0
2007-03-23,0
2007-03-26,0
2007-03-27,0
2007-03-28,0
2007-03-29,0
2007-03-30,0
2007-04-02,0
2007-04-03,0
2007-04-04,0
2007-04-05,0
2007-04-06,0
2007-04-09,0
2007-04-10,0
2007-04-11,0
2007-04-12,0
2007-04-13,0
2007-04-16,0
2007-04-17,0
2007-04-18,0
2007-04-19,0
2007-04-20,0
2007-04-23,0
2007-04-24,0
2007-04-25,0
2007-04-26,0
2007-04-27,0
2007-04-30,0
2007-05-01,0
2007-05-02,0
2007-05-03,0
2007-05-04,0
2007-05-07,0
2007-05-08,0
2007-05-09,0
2007-05-10,0
2007-05-11,0
2007-05-14,0
2007-05-15,0
2007-05-16,0
2007-05-17,0
2007-05-18,0
2007-05-21,0
2007-05-22,0
2007-05-23,0
2007-05-24,0
2007-05-25,0
2007-05-28,0
2007-05-29,0
2007-05-30,0
2007-05-31,0
2007-06-01,0
2007-06-04,0
2007-06-05,0
2007-06-06,0
2007-06-07,0
2007-06-08,0
2007-06-11,0
2007-06-12,0
2007-06-13,0
2007-06-14,0
2007-06-15,0
2007-06-18,0
2007-06-19,0
2007-06-20,0
2007-06-21,0
2007-06-22,0
2007-06-25,0
2007-06-26,0
2007-06-27,0
2007-06-28,0
2007-06-29,0
2007-07-02,0
2007-07-03,0
2007-07-04,0
2007-07-05,0
2007-07-06,0
2007-07-09,0
2007-07-10,0
2007-07-11,0
2007-07-12,0
2007-07-13,0
2007-07-16,0
2007-07-17,0
2007-07-18,0
2007-07-19,0
2007-07-20,0
2007-07-23,0
2007-07-24,0
2007-07-25,0
2007-07-26,0
2007-07-27,0
2007-07-30,0
2007-07-31,0
2007-08-01,0
2007-08-02,0
2007-08-03,0
2007-08-06,0
2007-08-07,0
2007-08-08,0
2007-08-09,0
2007-08-10,0
2007-08-13,0
2007-08-14,0
2007-08-15,0
2007-08-16,0
2007-08-17,0
2007-08-20,0
2007-08-21,0
2007-08-22,0
2007-08-23,0
2007-08-24,0
2007-08-27,0
2007-08-28,0
2007-08-29,0
2007-08-30,0
2007-08-31,0
2007-09-03,0
2007-09-04,0
2007-09-05,0
2007-09-06,0
2007-09-07,0
2007-09-10,0
2007-09-11,0
2007-09-12,0
2007-09-13,0
2007-09-14,0
2007-09-17,0
2007-09-18,0
2007-09-19,0
2007-09-20,0
2007-09-21,0
2007-09-24,0
2007-09-25,0
2007-09-26,0
2007-09-27,0
2007-09-28,0
2007-10-01,0
2007-10-02,0
2007-10-03,0
2007-10-04,0
2007-10-05,0
2007-10-08,0
2007-10-09,0
2007-10-10,0
2007-10-11,0
2007-10-12,0
2007-10-15,0
2007-10-16,0
2007-10-17,0
2007-10-18,0
2007-10-19,0
2007-10-22,0
2007-10-23,0
2007-10-24,0
2007-10-25,0
2007-10-26,0
2007-10-29,0
2007-10-30,0
2007-10-31,0
2007-11-01,0
2007-11-02,0
2007-11-05,0
2007-11-06,0
2007-11-07,0
2007-11-08,0
2007-11-09,0
2007-11-12,0
2007-11-13,0
2007-11-14,0
2007-11-15,0
2007-11-16,0
2007-11-19,0
2007-11-20,0
2007-11-21,0
2007-11-22,0
2007-11-23,0
2007-11-26,0
2007-11-27,0
2007-11-28,0
2007-11-29,0
2007-11-30,0
2007-12-03,0
2007-12-04,0
2007-12-05,0
2007-12-06,0
2007-12-07,0
2007-12-10,0
2007-12-11,0
2007-12-12,0
2007-12-13,0
2007-12-14,0
2007-12-17,0
2007-12-18,0
2007-12-19,0
2007-12-20,0
2007-12-21,0
2007-12-24,0
2007-12-25,0
2007-12-26,0
2007-12-27,0
2007-12-28,0
2007-12-31,0
2008-01-01,0
2008-01-02,0
2008-01-03,0
2008-01-04,0
2008-01-07,0
2008-01-08,0
2008-01-09,0
2008-01-10,0
2008-01-11,0
2008-01-14,0
2008-01-15,0
2008-01-16,0
2008-01-17,0
2008-01-18,0
2008-01-21,0
2008-01-22,0
2008-01-23,0
2008-01-24,0
2008-01-25,0
2008-01-28,0
2008-01-29,0
2008-01-30,0
2008-01-31,0
2008-02-01,0
2008-02-04,0
2008-02-05,0
2008-02-06,0
2008-02-07,0
2008-02-08,0
2008-02-11,0
2008-02-12,0
2008-02-13,0
2008-02-14,0
2008-02-15,0
2008-02-18,0
2008-02-19,0
2008-02-20,0
2008-02-21,0
2008-02-22,0
2008-02-25,0
2008-02-26,0
2008-02-27,0
2008-02-28,0
2008-02-29,0
2008-03-03,0
2008-03-04,0
2008-03-05,0
2008-03-06,0
2008-03-07,0
2008-03-10,0
2008-03-11,0
2008-03-12,0
2008-03-13,0
2008-03-14,0
2008-03-17,0
2008-03-18,0
2008-03-19,0
2008-03-20,0
2008-03-21,0
2008-03-24,0
2008-03-25,0
2008-03-26,0
2008-03-27,0
2008-03-28,0
2008-03-31,0
2008-04-01,0
2008-04-02,0
2008-04-03,0
2008-04-04,0
2008-04-07,0
2008-04-08,0
2008-04-09,0
2008-04-10,0
2008-04-11,0
2008-04-14,0
2008-04-15,0
2008-04-16,0
2008-04-17,0
2008-04-18,0
2008-04-21,0
2008-04-22,0
2008-04-23,0
2008-04-24,0
2008-04-25,0
2008-04-28,0
2008-04-29,0
2008-04-30,0
2008-05-01,0
2008-05-02,0
2008-05-05,0
2008-05-06,0
2008-05-07,0
2008-05-08,0
2008-05-09,0
2008-05-12,0
2008-05-13,0
2008-05-14,0
2008-05-15,0
2008-05-16,0
2008-05-19,0
2008-05-20,0
2008-05-21,0
2008-05-22,0
2008-05-23,0
2008-05-26,0
2008-05-27,0
2008-05-28,0
2008-05-29,0
2008-05-30,0
2008-06-02,0
2008-06-03,0
2008-06-04,0
2008-06-05,0
2008-06-06,0
2008-06-09,0
2008-06-10,0
2008-06-11,0
2008-06-12,0
2008-06-13,0
2008-06-16,0
2008-06-17,0
2008-06-18,0
2008-06-19,0
2008-06-20,0
2008-06-23,0
2008-06-24,0
2008-06-25,0
2008-06-26,0
2008-06-27,0
2008-06-30,0
2008-07-01,0
2008-07-02,0
2008-07-03,0
2008-07-04,0
2008-07-07,0
2008-07-08,0
2008-07-09,0
2008-07-10,0
2008-07-11,0
2008-07-14,0
2008-07-15,0
2008-07-16,0
2008-07-17,0
2008-07-18,0
2008-07-21,0
2008-07-22,0
2008-07-23,0
2008-07-24,0
2008-07-25,0
2008-07-28,0
2008-07-29,0
2008-07-30,0
2008-07-31,0
2008-08-01,0
2008-08-04,0
2008-08-05,0
2008-08-06,0
2008-08-07,0
2008-08-08,0
2008-08-11,0
2008-08-12,0
2008-08-13,0
2008-08-14,0
2008-08-15,0
2008-08-18,0
2008-08-19,0
2008-08-20,0
2008-08-21,0
2008-08-22,0
2008-08-25,0
2008-08-26,0
2008-08-27,0
2008-08-28,0
2008-08-29,0
2008-09-01,0
2008-09-02,0
2008-09-03,0
2008-09-04,0
2008-09-05,0
2008-09-08,0
2008-09-09,0
2008-09-10,0
2008-09-11,0
2008-09-12,0
2008-09-15,0
2008-09-16,0
2008-09-17,0
2008-09-18,0
2008-09-19,0
2008-09-22,0
2008-09-23,500
2008-09-24,500
2008-09-25,500
2008-09-26,500
2008-09-29,500
2008-09-30,1000
2008-10-01,1000
2008-10-02,1000
2008-10-03,1000
2008-10-06,1000
2008-10-07,1000
2008-10-08,1000
2008-10-09,1700
2008-10-10,1700
2008-10-13,1700
2008-10-14,1700
2008-10-15,1700
2008-10-16,1700
2008-10-17,2700
2008-10-20,3700
2008-10-21,3700
2008-10-22,3700
2008-10-23,3200
2008-10-24,3200
2008-10-27,3200
2008-10-28,3200
2008-10-29,4450
2008-10-30,4450
2008-10-31,4450
2008-11-03,5310
2008-11-04,5310
2008-11-05,5310
2008-11-06,5310
2008-11-07,6663
2008-11-10,6663
2008-11-11,6663
2008-11-12,6663
2008-11-13,6663
2008-11-14,6663
2008-11-17,7965
2008-11-18,7965
2008-11-19,7965
2008-11-20,9120
2008-11-21,10190
2008-11-24,10190
2008-11-25,10190
2008-11-26,10190
2008-11-27,10190
2008-11-28,10190
2008-12-01,10190
2008-12-02,10190
2008-12-03,10190
2008-12-04,10190
2008-12-05,12147.5
2008-12-08,10794.5
2008-12-09,10794.5
2008-12-10,10794.5
2008-12-11,10794.5
2008-12-12,10794.5
2008-12-15,10794.5
2008-12-16,10794.5
2008-12-17,9492.5
2008-12-18,9492.5
2008-12-19,8337.5
2008-12-22,8337.5
2008-12-23,8337.5
2008-12-24,8337.5
2008-12-25,8337.5
2008-12-26,8337.5
2008-12-29,8337.5
2008-12-30,8337.5
2008-12-31,8337.5
2009-01-01,8337.5
2009-01-02,8007.5
2009-01-05,8007.5
2009-01-06,8007.5
2009-01-07,7957.5
2009-01-08,7957.5
2009-01-09,7957.5
2009-01-12,7957.5
2009-01-13,7957.5
2009-01-14,7957.5
2009-01-15,7457.5
2009-01-16,6776
2009-01-19,6776
2009-01-20,6776
2009-01-21,6776
2009-01-22,6776
2009-01-23,6776
2009-01-26,6776
2009-01-27,6776
2009-01-28,6776
2009-01-29,6776
2009-01-30,6776
2009-02-02,5961
2009-02-03,5961
2009-02-04,5961
2009-02-05,5961
2009-02-06,5961
2009-02-09,5961
2009-02-10,5961
2009-02-11,5961
2009-02-12,5961
2009-02-13,6961
2009-02-16,6961
2009-02-17,5685
2009-02-18,5685
2009-02-19,5685
2009-02-20,5685
2009-02-23,5685
2009-02-24,5685
2009-02-25,5685
2009-02-26,5685
2009-02-27,5685
2009-03-02,4855
2009-03-03,4855
2009-03-04,4855
2009-03-05,4855
2009-03-06,4855
2009-03-09,4855
2009-03-10,4855
2009-03-11,4855
2009-03-12,4855
2009-03-13,3855
2009-03-16,4855
2009-03-17,4855
2009-03-18,4855
2009-03-19,4855
2009-03-20,4855
2009-03-23,4855
2009-03-24,4855
2009-03-25,4855
2009-03-26,4855
2009-03-27,4855
2009-03-30,4855
2009-03-31,4855
2009-04-01,4025
2009-04-02,4025
2009-04-03,4025
2009-04-06,4025
2009-04-07,5279
2009-04-08,5279
2009-04-09,5279
2009-04-10,5279
2009-04-13,4279
2009-04-14,4279
2009-04-15,4279
2009-04-16,4279
2009-04-17,4279
2009-04-20,4029
2009-04-21,4029
2009-04-22,4029
2009-04-23,4029
2009-04-24,4029
2009-04-27,4029
2009-04-28,4029
2009-04-29,4029
2009-04-30,4029
2009-05-01,4029
2009-05-04,4029
2009-05-05,4029
2009-05-06,4834
2009-05-07,3580
2009-05-08,3580
2009-05-11,3580
2009-05-12,3580
2009-05-13,3580
2009-05-14,3580
2009-05-15,3580
2009-05-18,3580
2009-05-19,3580
2009-05-20,3580
2009-05-21,3580
2009-05-22,3580
2009-05-25,3580
2009-05-26,3580
2009-05-27,3580
2009-05-28,3580
2009-05-29,3580
2009-06-01,2405
2009-06-02,2405
2009-06-03,2405
2009-06-04,2405
2009-06-05,1600
2009-06-08,1600
2009-06-09,1600
2009-06-10,1600
2009-06-11,1600
2009-06-12,1600
2009-06-15,1600
2009-06-16,1600
2009-06-17,1600
2009-06-18,1600
2009-06-19,1600
2009-06-22,1600
2009-06-23,1600
2009-06-24,1600
2009-06-25,1600
2009-06-26,1600
2009-06-29,1600
2009-06-30,1600
2009-07-01,100
2009-07-02,100
2009-07-03,100
2009-07-06,100
2009-07-07,100
2009-07-08,100
2009-07-09,100
2009-07-10,100
2009-07-13,100
2009-07-14,100
2009-07-15,100
2009-07-16,100
2009-07-17,100
2009-07-20,100
2009-07-21,100
2009-07-22,100
2009-07-23,100
2009-07-24,100
2009-07-27,100
2009-07-28,100
2009-07-29,100
2009-07-30,100
2009-07-31,100
2009-08-03,0
2009-08-04,0
2009-08-05,0
2009-08-06,0
2009-08-07,0
2009-08-10,0
2009-08-11,0
2009-08-12,0
2009-08-13,0
2009-08-14,0
2009-08-17,0
2009-08-18,0
2009-08-19,0
2009-08-20,0
2009-08-21,0
2009-08-24,0
2009-08-25,0
2009-08-26,0
2009-08-27,0
2009-08-28,0
2009-08-31,0
2009-09-01,0
2009-09-02,0
2009-09-03,0
2009-09-04,0
2009-09-07,0
2009-09-08,0
2009-09-09,0
2009-09-10,0
2009-09-11,0
2009-09-14,0
2009-09-15,0
2009-09-16,0
2009-09-17,0
2009-09-18,0
2009-09-21,0
2009-09-22,0
2009-09-23,0
2009-09-24,0
2009-09-25,0
2009-09-28,0
2009-09-29,0
2009-09-30,0
2009-10-01,0
2009-10-02,0
2009-10-05,0
2009-10-06,0
2009-10-07,0
2009-10-08,0
2009-10-09,0
2009-10-12,0
2009-10-13,0
2009-10-14,0
2009-10-15,0
2009-10-16,0
2009-10-19,0
2009-10-20,0
2009-10-21,0
2009-10-22,0
2009-10-23,0
2009-10-26,0
2009-10-27,0
2009-10-28,0
2009-10-29,0
2009-10-30,0
2009-11-02,0
2009-11-03,0
2009-11-04,0
2009-11-05,0
2009-11-06,0
2009-11-09,0
2009-11-10,0
2009-11-11,0
2009-11-12,0
2009-11-13,0
2009-11-16,0
2009-11-17,0
2009-11-18,0
2009-11-19,0
2009-11-20,0
2009-11-23,0
2009-11-24,0
2009-11-25,0
2009-11-26,0
2009-11-27,0
2009-11-30,0
2009-12-01,0
2009-12-02,0
2009-12-03,0
2009-12-04,0
2009-12-07,0
2009-12-08,0
2009-12-09,0
2009-12-10,0
2009-12-11,0
2009-12-14,0
2009-12-15,0
2009-12-16,0
2009-12-17,0
2009-12-18,0
2009-12-21,0
2009-12-22,0
2009-12-23,0
2009-12-24,0
2009-12-25,0
2009-12-28,0
2009-12-29,0
2009-12-30,0
2009-12-31,0
2010-01-01,0
2010-01-04,0
2010-01-05,0
2010-01-06,0
2010-01-07,0
2010-01-08,0
2010-01-11,0
2010-01-12,0
2010-01-13,0
2010-01-14,0
2010-01-15,0
2010-01-18,0
2010-01-19,0
2010-01-20,0
2010-01-21,0
2010-01-22,0
2010-01-25,0
2010-01-26,0
2010-01-27,0
2010-01-28,0
2010-01-29,0
2010-02-01,0
2010-02-02,0
2010-02-03,0
2010-02-04,0
2010-02-05,0
2010-02-08,0
2010-02-09,0
2010-02-10,0
2010-02-11,0
2010-02-12,0
2010-02-15,0
2010-02-16,0
2010-02-17,0
2010-02-18,0
2010-02-19,0
2010-02-22,0
2010-02-23,0
2010-02-24,0
2010-02-25,0
2010-02-26,0
2010-03-01,0
2010-03-02,0
2010-03-03,0
2010-03-04,0
2010-03-05,0
2010-03-08,0
2010-03-09,0
2010-03-10,0
2010-03-11,0
2010-03-12,0
2010-03-15,0
2010-03-16,0
2010-03-17,0
2010-03-18,0
2010-03-19,0
2010-03-22,0
2010-03-23,0
2010-03-24,0
2010-03-25,0
2010-03-26,0
2010-03-29,0
2010-03-30,0
2010-03-31,0
2010-04-01,0
2010-04-02,0
2010-04-05,0
2010-04-06,0
2010-04-07,0
2010-04-08,0
2010-04-09,0
2010-04-12,0
2010-04-13,0
2010-04-14,0
2010-04-15,0
2010-04-16,0
2010-04-19,0
2010-04-20,0
2010-04-21,0
2010-04-22,0
2010-04-23,0
2010-04-26,0
2010-04-27,0
2010-04-28,0
2010-04-29,0
2010-04-30,0
2010-05-03,0
2010-05-04,0
2010-05-05,0
2010-05-06,0
2010-05-07,0
2010-05-10,0
2010-05-11,0
2010-05-12,0
2010-05-13,0
2010-05-14,0
2010-05-17,0
2010-05-18,0
2010-05-19,0
2010-05-20,0
2010-05-21,0
2010-05-24,0
2010-05-25,0
2010-05-26,0
2010-05-27,0
2010-05-28,0
2010-05-31,0
2010-06-01,0
2010-06-02,0
2010-06-03,0
2010-06-04,0
2010-06-07,0
2010-06-08,0
2010-06-09,0
2010-06-10,0
2010-06-11,0
2010-06-14,0
2010-06-15,0
2010-06-16,0
2010-06-17,0
2010-06-18,0
2010-06-21,0
2010-06-22,0
2010-06-23,0
2010-06-24,0
2010-06-25,0
2010-06-28,0
2010-06-29,0
2010-06-30,0
2010-07-01,0
2010-07-02,0
2010-07-05,0
2010-07-06,0
2010-07-07,0
2010-07-08,0
2010-07-09,0
2010-07-12,0
2010-07-13,0
2010-07-14,0
2010-07-15,0
2010-07-16,0
2010-07-19,0
2010-07-20,0
2010-07-21,0
2010-07-22,0
2010-07-23,0
2010-07-26,0
2010-07-27,0
2010-07-28,0
2010-07-29,0
2010-07-30,0
2010-08-02,0
2010-08-03,0
2010-08-04,0
2010-08-05,0
2010-08-06,0
2010-08-09,0
2010-08-10,0
2010-08-11,0
2010-08-12,0
2010-08-13,0
2010-08-16,0
2010-08-17,0
2010-08-18,0
2010-08-19,0
2010-08-20,0
2010-08-23,0
2010-08-24,0
2010-08-25,0
2010-08-26,0
2010-08-27,0
2010-08-30,0
2010-08-31,0
2010-09-01,0
2010-09-02,0
2010-09-03,0
2010-09-06,0
2010-09-07,0
2010-09-08,0
2010-09-09,0
2010-09-10,0
2010-09-13,0
2010-09-14,0
2010-09-15,0
2010-09-16,0
2010-09-17,0
2010-09-20,0
2010-09-21,0
2010-09-22,0
2010-09-23,0
2010-09-24,0
2010-09-27,0
2010-09-28,0
2010-09-29,0
2010-09-30,0
2010-10-01,0
2010-10-04,0
2010-10-05,0
2010-10-06,0
2010-10-07,0
2010-10-08,0
2010-10-11,0
2010-10-12,0
2010-10-13,0
2010-10-14,0
2010-10-15,0
2010-10-18,0
2010-10-19,0
2010-10-20,0
2010-10-21,0
2010-10-22,0
2010-10-25,0
2010-10-26,0
2010-10-27,0
2010-10-28,0
2010-10-29,0
2010-11-01,0
2010-11-02,0
2010-11-03,0
2010-11-04,0
2010-11-05,0
2010-11-08,0
2010-11-09,0
2010-11-10,0
2010-11-11,0
2010-11-12,0
2010-11-15,0
2010-11-16,0
2010-11-17,0
2010-11-18,0
2010-11-19,0
2010-11-22,0
2010-11-23,0
2010-11-24,0
2010-11-25,0
2010-11-26,0
2010-11-29,0
2010-11-30,0
2010-12-01,0
2010-12-02,0
2010-12-03,0
2010-12-06,0
2010-12-07,0
2010-12-08,0
2010-12-09,0
2010-12-10,0
2010-12-13,0
2010-12-14,0
2010-12-15,0
2010-12-16,0
2010-12-17,0
2010-12-20,0
2010-12-21,0
2010-12-22,0
2010-12-23,0
2010-12-24,0
2010-12-27,0
2010-12-28,0
2010-12-29,0
2010-12-30,0
2010-12-31,0
2011-01-03,0
2011-01-04,0
2011-01-05,0
2011-01-06,0
2011-01-07,0
2011-01-10,0
2011-01-11,0
2011-01-12,0
2011-01-13,0
2011-01-14,0
2011-01-17,0
2011-01-18,0
2011-01-19,0
2011-01-20,0
2011-01-21,0
2011-01-24,0
2011-01-25,0
2011-01-26,0
2011-01-27,0
2011-01-28,0
2011-01-31,0
2011-02-01,0
2011-02-02,0
2011-02-03,0
2011-02-04,0
2011-02-07,0
2011-02-08,0
2011-02-09,0
2011-02-10,0
2011-02-11,0
2011-02-14,0
2011-02-15,0
2011-02-16,0
2011-02-17,0
2011-02-18,0
2011-02-21,0
2011-02-22,0
2011-02-23,0
2011-02-24,0
2011-02-25,0
2011-02-28,0
2011-03-01,0
2011-03-02,0
2011-03-03,0
2011-03-04,0
2011-03-07,0
2011-03-08,0
2011-03-09,0
2011-03-10,0
2011-03-11,0
2011-03-14,0
2011-03-15,0
2011-03-16,0
2011-03-17,0
2011-03-18,0
2011-03-21,0
2011-03-22,0
2011-03-23,0
2011-03-24,0
2011-03-25,0
2011-03-28,0
2011-03-29,0
2011-03-30,0
2011-03-31,0
2011-04-01,0
2011-04-04,0
2011-04-05,0
2011-04-06,0
2011-04-07,0
2011-04-08,0
2011-04-11,0
2011-04-12,0
2011-04-13,0
2011-04-14,0
2011-04-15,0
2011-04-18,0
2011-04-19,0
2011-04-20,0
2011-04-21,0
2011-04-22,0
2011-04-25,0
2011-04-26,0
2011-04-27,0
2011-04-28,0
2011-04-29,0
2011-05-02,0
2011-05-03,0
2011-05-04,0
2011-05-05,0
2011-05-06,0
2011-05-09,0
2011-05-10,0
2011-05-11,0
2011-05-12,0
2011-05-13,0
2011-05-16,0
2011-05-17,0
2011-05-18,0
2011-05-19,0
2011-05-20,0
2011-05-23,0
2011-05-24,0
2011-05-25,0
2011-05-26,0
2011-05-27,0
2011-05-30,0
2011-05-31,0
2011-06-01,0
2011-06-02,0
2011-06-03,0
2011-06-06,0
2011-06-07,0
2011-06-08,0
2011-06-09,0
2011-06-10,0
2011-06-13,0
2011-06-14,0
2011-06-15,0
2011-06-16,0
2011-06-17,0
2011-06-20,0
2011-06-21,0
2011-06-22,0
2011-06-23,0
2011-06-24,0
2011-06-27,0
2011-06-28,0
2011-06-29,0
2011-06-30,0
2011-07-01,0
2011-07-04,0
2011-07-05,0
2011-07-06,0
2011-07-07,0
2011-07-08,0
2011-07-11,0
2011-07-12,0
2011-07-13,0
2011-07-14,0
2011-07-15,0
2011-07-18,0
2011-07-19,0
2011-07-20,0
2011-07-21,0
2011-07-22,0
2011-07-25,0
2011-07-26,0
2011-07-27,0
2011-07-28,0
2011-07-29,0
2011-08-01,0
2011-08-02,0
2011-08-03,0
2011-08-04,0
2011-08-05,0
2011-08-08,0
2011-08-09,0
2011-08-10,0
2011-08-11,0
2011-08-12,0
2011-08-15,0
2011-08-16,0
2011-08-17,0
2011-08-18,0
2011-08-19,0
2011-08-22,0
2011-08-23,0
2011-08-24,0
2011-08-25,0
2011-08-26,0
2011-08-29,0
2011-08-30,0
2011-08-31,0
2011-09-01,0
2011-09-02,0
2011-09-05,0
2011-09-06,0
2011-09-07,0
2011-09-08,0
2011-09-09,0
2011-09-12,0
2011-09-13,0
2011-09-14,0
2011-09-15,0
2011-09-16,0
2011-09-19,0
2011-09-20,0
2011-09-21,0
2011-09-22,0
2011-09-23,0
2011-09-26,0
2011-09-27,0
2011-09-28,0
2011-09-29,0
2011-09-30,0
2011-10-03,0
2011-10-04,0
2011-10-05,0
2011-10-06,0
2011-10-07,0
2011-10-10,0
2011-10-11,0
2011-10-12,0
2011-10-13,0
2011-10-14,0
2011-10-17,0
2011-10-18,0
2011-10-19,0
2011-10-20,0
2011-10-21,0
2011-10-24,0
2011-10-25,0
2011-10-26,0
2011-10-27,0
2011-10-28,0
2011-10-31,0
2011-11-01,0
2011-11-02,0
2011-11-03,0
2011-11-04,0
2011-11-07,0
2011-11-08,0
2011-11-09,0
2011-11-10,0
2011-11-11,0
2011-11-14,0
2011-11-15,0
2011-11-16,0
2011-11-17,0
2011-11-18,0
2011-11-21,0
2011-11-22,0
2011-11-23,0
2011-11-24,0
2011-11-25,0
2011-11-28,0
2011-11-29,0
2011-11-30,0
2011-12-01,0
2011-12-02,0
2011-12-05,0
2011-12-06,0
2011-12-07,0
2011-12-08,0
2011-12-09,0
2011-12-12,0
2011-12-13,0
2011-12-14,0
2011-12-15,0
2011-12-16,0
2011-12-19,0
2011-12-20,0
2011-12-21,0
2011-12-22,0
2011-12-23,0
2011-12-26,0
2011-12-27,0
2011-12-28,0
2011-12-29,0
2011-12-30,0
2012-01-02,0
2012-01-03,0
2012-01-04,0
2012-01-05,0
2012-01-06,0
2012-01-09,0
2012-01-10,0
2012-01-11,0
2012-01-12,0
2012-01-13,0
2012-01-16,0
2012-01-17,0
2012-01-18,0
2012-01-19,0
2012-01-20,0
2012-01-23,0
2012-01-24,0
2012-01-25,0
2012-01-26,0
2012-01-27,0
2012-01-30,0
2012-01-31,0
2012-02-01,0
2012-02-02,0
2012-02-03,0
2012-02-06,0
2012-02-07,0
2012-02-08,0
2012-02-09,0
2012-02-10,0
2012-02-13,0
2012-02-14,0
2012-02-15,0
2012-02-16,0
2012-02-17,0
2012-02-20,0
2012-02-21,0
2012-02-22,0
2012-02-23,0
2012-02-24,0
2012-02-27,0
2012-02-28,0
2012-02-29,0
2012-03-01,0
2012-03-02,0
2012-03-05,0
2012-03-06,0
2012-03-07,0
2012-03-08,0
2012-03-09,0
2012-03-12,0
2012-03-13,0
2012-03-14,0
2012-03-15,0
2012-03-16,0
2012-03-19,0
2012-03-20,0
2012-03-21,0
2012-03-22,0
2012-03-23,0
2012-03-26,0
2012-03-27,0
2012-03-28,0
2012-03-29,0
2012-03-30,0
2012-04-02,0
2012-04-03,0
2012-04-04,0
2012-04-05,0
2012-04-06,0
2012-04-09,0
2012-04-10,0
2012-04-11,0
2012-04-12,0
2012-04-13,0
2012-04-16,0
2012-04-17,0
2012-04-18,0
2012-04-19,0
2012-04-20,0
2012-04-23,0
2012-04-24,0
2012-04-25,0
2012-04-26,0
2012-04-27,0
2012-04-30,0
2012-05-01,0
2012-05-02,0
2012-05-03,0
2012-05-04,0
2012-05-07,0
2012-05-08,0
2012-05-09,0
2012-05-10,0
2012-05-11,0
2012-05-14,0
2012-05-15,0
2012-05-16,0
2012-05-17,0
2012-05-18,0
2012-05-21,0
2012-05-22,0
2012-05-23,0
2012-05-24,0
2012-05-25,0
2012-05-28,0
2012-05-29,0
2012-05-30,0
2012-05-31,0
2012-06-01,0
2012-06-04,0
2012-06-05,0
2012-06-06,0
2012-06-07,0
2012-06-08,0
2012-06-11,0
2012-06-12,0
2012-06-13,0
2012-06-14,0
2012-06-15,0
2012-06-18,0
2012-06-19,0
2012-06-20,0
2012-06-21,0
2012-06-22,0
2012-06-25,0
2012-06-26,0
2012-06-27,0
2012-06-28,0
2012-06-29,0
2012-07-02,0
2012-07-03,0
2012-07-04,0
2012-07-05,0
2012-07-06,0
2012-07-09,0
2012-07-10,0
2012-07-11,0
2012-07-12,0
2012-07-13,0
2012-07-16,0
2012-07-17,0
2012-07-18,0
2012-07-19,0
2012-07-20,0
2012-07-23,0
2012-07-24,0
2012-07-25,0
2012-07-26,0
2012-07-27,0
2012-07-30,0
2012-07-31,0
2012-08-01,0
2012-08-02,0
2012-08-03,0
2012-08-06,0
2012-08-07,0
2012-08-08,0
2012-08-09,0
2012-08-10,0
2012-08-13,0
2012-08-14,0
2012-08-15,0
2012-08-16,0
2012-08-17,0
2012-08-20,0
2012-08-21,0
2012-08-22,0
2012-08-23,0
2012-08-24,0
2012-08-27,0
2012-08-28,0
2012-08-29,0
2012-08-30,0
2012-08-31,0
2012-09-03,0
2012-09-04,0
2012-09-05,0
2012-09-06,0
2012-09-07,0
2012-09-10,0
2012-09-11,0
2012-09-12,0
2012-09-13,0
2012-09-14,0
2012-09-17,0
2012-09-18,0
2012-09-19,0
2012-09-20,0
2012-09-21,0
2012-09-24,0
2012-09-25,0
2012-09-26,0
2012-09-27,0
2012-09-28,0
2012-10-01,0
2012-10-02,0
2012-10-03,0
2012-10-04,0
2012-10-05,0
2012-10-08,0
2012-10-09,0
2012-10-10,0
2012-10-11,0
2012-10-12,0
2012-10-15,0
2012-10-16,0
2012-10-17,0
2012-10-18,0
2012-10-19,0
2012-10-22,0
2012-10-23,0
2012-10-24,0
2012-10-25,0
2012-10-26,0
2012-10-29,0
2012-10-30,0
2012-10-31,0
2012-11-01,0
2012-11-02,0
2012-11-05,0
2012-11-06,0
2012-11-07,0
2012-11-08,0
2012-11-09,0
2012-11-12,0
2012-11-13,0
2012-11-14,0
2012-11-15,0
2012-11-16,0
2012-11-19,0
2012-11-20,0
2012-11-21,0
2012-11-22,0
2012-11-23,0
2012-11-26,0
2012-11-27,0
2012-11-28,0
2012-11-29,0
2012-11-30,0
2012-12-03,0
2012-12-04,0
2012-12-05,61
2012-12-06,61
2012-12-07,61
2012-12-10,61
2012-12-11,61
2012-12-12,61
2012-12-13,61
2012-12-14,1066
2012-12-17,1066
2012-12-18,1066
2012-12-19,1356
2012-12-20,1416
2012-12-21,1677
2012-12-24,2354
2012-12-25,2354
2012-12-26,5346
2012-12-27,5346
2012-12-28,5456
2012-12-31,5466
2013-01-01,5466
2013-01-02,5476
2013-01-03,5476
2013-01-04,5415
2013-01-07,5415
2013-01-08,5415
2013-01-09,5415
2013-01-10,5415
2013-01-11,5415
2013-01-14,4510
2013-01-15,4510
2013-01-16,4510
2013-01-17,4510
2013-01-18,4470
2013-01-21,4470
2013-01-22,4420
2013-01-23,4420
2013-01-24,4420
2013-01-25,4420
2013-01-28,4420
2013-01-29,4420
2013-01-30,4420
2013-01-31,4420
2013-02-01,3147
2013-02-04,3147
2013-02-05,3147
2013-02-06,3147
2013-02-07,3147
2013-02-08,3147
2013-02-11,3147
2013-02-12,3147
2013-02-13,3147
2013-02-14,3047
2013-02-15,3047
2013-02-18,3047
2013-02-19,2797
2013-02-20,2797
2013-02-21,2797
2013-02-22,2797
2013-02-25,2797
2013-02-26,2797
2013-02-27,2797
2013-02-28,2797
2013-03-01,10
2013-03-04,10
2013-03-05,10
2013-03-06,10
2013-03-07,10
2013-03-08,10
2013-03-11,10
2013-03-12,10
2013-03-13,10
2013-03-14,10
2013-03-15,10
2013-03-18,10
2013-03-19,10
2013-03-20,0
2013-03-21,0
2013-03-22,0
2013-03-25,0
2013-03-26,0
2013-03-27,0
2013-03-28,0
2013-03-29,0
2013-04-01,0
2013-04-02,0
2013-04-03,0
2013-04-04,0
2013-04-05,0
2013-04-08,0
2013-04-09,0
2013-04-10,0
2013-04-11,0
2013-04-12,0
2013-04-15,0
2013-04-16,0
2013-04-17,0
2013-04-18,0
2013-04-19,0
2013-04-22,0
2013-04-23,0
2013-04-24,0
2013-04-25,0
2013-04-26,0
2013-04-29,0
2013-04-30,0
2013-05-01,0
2013-05-02,0
2013-05-03,0
2013-05-06,0
2013-05-07,0
2013-05-08,0
2013-05-09,0
2013-05-10,0
2013-05-13,0
2013-05-14,0
2013-05-15,0
2013-05-16,0
2013-05-17,0
2013-05-20,0
2013-05-21,0
2013-05-22,0
2013-05-23,0
2013-05-24,0
2013-05-27,0
2013-05-28,0
2013-05-29,0
2013-05-30,0
2013-05-31,0
2013-06-03,0
2013-06-04,0
2013-06-05,0
2013-06-06,0
2013-06-07,0
2013-06-10,0
2013-06-11,0
2013-06-12,0
2013-06-13,0
2013-06-14,0
2013-06-17,0
2013-06-18,0
2013-06-19,0
2013-06-20,0
2013-06-21,0
2013-06-24,1707
2013-06-25,1707
2013-06-26,1707
2013-06-27,1707
2013-06-28,1707
2013-07-01,1707
2013-07-02,1707
2013-07-03,1707
2013-07-04,1707
2013-07-05,1707
2013-07-08,1707
2013-07-09,1707
2013-07-10,1707
2013-07-11,1707
2013-07-12,1707
2013-07-15,1707
2013-07-16,1707
2013-07-17,1707
2013-07-18,1707
2013-07-19,1707
2013-07-22,1707
2013-07-23,1707
2013-07-24,1707
2013-07-25,1707
2013-07-26,1707
2013-07-29,1707
2013-07-30,1707
2013-07-31,1707
2013-08-01,1707
2013-08-02,1707
2013-08-05,1707
2013-08-06,1707
2013-08-07,1707
2013-08-08,1707
2013-08-09,1707
2013-08-12,1707
2013-08-13,1707
2013-08-14,1707
2013-08-15,1707
2013-08-16,1707
2013-08-19,1707
2013-08-20,1707
2013-08-21,1707
2013-08-22,3818
2013-08-23,3818
2013-08-26,4918
2013-08-27,5818
2013-08-28,5818
2013-08-29,5818
2013-08-30,5818
2013-09-02,5818
2013-09-03,4812
2013-09-04,4832
2013-09-05,4832
2013-09-06,4832
2013-09-09,4832
2013-09-10,5387
2013-09-11,5387
2013-09-12,5387
2013-09-13,5387
2013-09-16,5387
2013-09-17,6387
2013-09-18,6387
2013-09-19,6387
2013-09-20,6387
2013-09-23,6387
2013-09-24,7387
2013-09-25,7387
2013-09-26,7387
2013-09-27,7387
2013-09-30,7387
2013-10-01,8387
2013-10-02,8387
2013-10-03,8387
2013-10-04,8387
2013-10-07,8387
2013-10-08,9387
2013-10-09,9387
2013-10-10,9387
2013-10-11,9387
2013-10-14,9387
2013-10-15,9387
2013-10-16,10387
2013-10-17,10387
2013-10-18,10387
2013-10-21,10387
2013-10-22,11387
2013-10-23,11387
2013-10-24,11387
2013-10-25,11387
2013-10-28,11387
2013-10-29,12387
2013-10-30,12387
2013-10-31,12387
2013-11-01,12387
2013-11-04,12387
2013-11-05,13387
2013-11-06,13387
2013-11-07,13387
2013-11-08,13387
2013-11-11,13387
2013-11-12,13387
2013-11-13,13587
2013-11-14,13587
2013-11-15,13587
2013-11-18,13587
2013-11-19,13587
2013-11-20,13587
2013-11-21,13587
2013-11-22,13587
2013-11-25,13587
2013-11-26,13687
2013-11-27,13687
2013-11-28,13687
2013-11-29,13687
2013-12-02,13687
2013-12-03,14687
2013-12-04,14687
2013-12-05,14687
2013-12-06,14687
2013-12-09,14687
2013-12-10,15687
2013-12-11,15687
2013-12-12,15687
2013-12-13,15687
2013-12-16,15687
2013-12-17,16487
2013-12-18,16487
2013-12-19,16487
2013-12-20,16487
2013-12-23,16487
2013-12-24,16987
2013-12-25,16987
2013-12-26,16987
2013-12-27,16987
2013-12-30,16987
2013-12-31,16987
2014-01-01,16987
2014-01-02,15026
2014-01-03,14526
2014-01-06,14526
2014-01-07,14526
2014-01-08,14526
2014-01-09,14526
2014-01-10,14526
2014-01-13,14526
2014-01-14,14526
2014-01-15,14526
2014-01-16,14526
2014-01-17,14526
2014-01-20,14526
2014-01-21,14526
2014-01-22,14526
2014-01-23,14526
2014-01-24,14526
2014-01-27,14526
2014-01-28,14526
2014-01-29,14526
2014-01-30,14526
2014-01-31,14526
2014-02-03,14526
2014-02-04,14526
2014-02-05,14526
2014-02-06,14526
2014-02-07,14526
2014-02-10,14526
2014-02-11,14526
2014-02-12,14526
2014-02-13,14526
2014-02-14,14526
2014-02-17,14526
2014-02-18,14526
2014-02-19,14526
2014-02-20,14526
2014-02-21,14526
2014-02-24,14526
2014-02-25,14526
2014-02-26,14526
2014-02-27,14526
2014-02-28,14526
2014-03-03,14526
2014-03-04,14526
2014-03-05,14526
2014-03-06,13276
2014-03-07,13276
2014-03-10,13276
2014-03-11,13276
2014-03-12,13276
2014-03-13,13276
2014-03-14,13276
2014-03-17,13276
2014-03-18,13276
2014-03-19,13276
2014-03-20,13276
2014-03-21,13276
2014-03-24,13276
2014-03-25,13276
2014-03-26,13276
2014-03-27,13276
2014-03-28,13276
2014-03-31,13276
2014-04-01,12876
2014-04-02,11701
2014-04-03,11701
2014-04-04,11701
2014-04-07,11701
2014-04-08,11701
2014-04-09,11701
2014-04-10,11701
2014-04-11,11701
2014-04-14,11701
2014-04-15,11701
2014-04-16,11701
2014-04-17,11701
2014-04-18,11701
2014-04-21,11701
2014-04-22,11701
2014-04-23,11701
2014-04-24,11701
2014-04-25,11701
2014-04-28,11701
2014-04-29,11701
2014-04-30,11701
2014-05-01,11701
2014-05-02,11701
2014-05-05,10401
2014-05-06,10401
2014-05-07,10401
2014-05-08,10401
2014-05-09,10401
2014-05-12,10401
2014-05-13,10401
2014-05-14,10401
2014-05-15,10401
2014-05-16,10401
2014-05-19,10401
2014-05-20,10401
2014-05-21,10401
2014-05-22,10401
2014-05-23,10401
2014-05-26,10401
2014-05-27,10401
2014-05-28,10401
2014-05-29,10401
2014-05-30,10401
2014-06-02,8001
2014-06-03,7001
2014-06-04,7001
2014-06-05,7001
2014-06-06,7001
2014-06-09,7001
2014-06-10,7001
2014-06-11,7001
2014-06-12,7001
2014-06-13,7001
2014-06-16,7001
2014-06-17,7001
2014-06-18,7001
2014-06-19,7001
2014-06-20,7001
2014-06-23,7001
2014-06-24,7001
2014-06-25,7001
2014-06-26,7001
2014-06-27,7001
2014-06-30,7001
2014-07-01,7001
2014-07-02,2250
2014-07-03,2250
2014-07-04,2250
2014-07-07,2250
2014-07-08,2250
2014-07-09,2250
2014-07-10,2250
2014-07-11,2250
2014-07-14,2250
2014-07-15,2250
2014-07-16,2250
2014-07-17,2250
2014-07-18,2250
2014-07-21,2250
2014-07-22,2250
2014-07-23,2250
2014-07-24,2250
2014-07-25,2250
2014-07-28,2250
2014-07-29,2250
2014-07-30,2250
2014-07-31,2250
2014-08-01,2250
2014-08-04,200
2014-08-05,200
2014-08-06,200
2014-08-07,200
2014-08-08,200
2014-08-11,200
2014-08-12,200
2014-08-13,200
2014-08-14,200
2014-08-15,200
2014-08-18,200
2014-08-19,200
2014-08-20,200
2014-08-21,200
2014-08-22,200
2014-08-25,200
2014-08-26,200
2014-08-27,200
2014-08-28,200
2014-08-29,200
2014-09-01,200
2014-09-02,200
2014-09-03,200
2014-09-04,200
2014-09-05,200
2014-09-08,200
2014-09-09,200
2014-09-10,200
2014-09-11,200
2014-09-12,200
2014-09-15,200
2014-09-16,200
2014-09-17,200
2014-09-18,200
2014-09-19,200
2014-09-22,200
2014-09-23,200
2014-09-24,200
2014-09-25,200
2014-09-26,200
2014-09-29,200
2014-09-30,200
2014-10-01,200
2014-10-02,200
2014-10-03,200
2014-10-06,200
2014-10-07,200
2014-10-08,200
2014-10-09,200
2014-10-10,200
2014-10-13,200
2014-10-14,200
2014-10-15,200
2014-10-16,200
2014-10-17,200
2014-10-20,200
2014-10-21,200
2014-10-22,200
2014-10-23,200
2014-10-24,200
2014-10-27,200
2014-10-28,200
2014-10-29,200
2014-10-30,200
2014-10-31,200
2014-11-03,200
2014-11-04,200
2014-11-05,200
2014-11-06,200
2014-11-07,200
2014-11-10,200
2014-11-11,200
2014-11-12,200
2014-11-13,200
2014-11-14,200
2014-11-17,200
2014-11-18,200
2014-11-19,200
2014-11-20,200
2014-11-21,200
2014-11-24,200
2014-11-25,200
2014-11-26,200
2014-11-27,200
2014-11-28,200
2014-12-01,200
2014-12-02,200
2014-12-03,200
2014-12-04,200
2014-12-05,200
2014-12-08,200
2014-12-09,200
2014-12-10,200
2014-12-11,200
2014-12-12,200
2014-12-15,200
2014-12-16,1650
2014-12-17,2650
2014-12-18,3500
2014-12-19,4500
2014-12-22,6500
2014-12-23,8500
2014-12-24,10500
2014-12-25,10500
2014-12-26,10500
2014-12-29,10500
2014-12-30,10500
2014-12-31,10500
2015-01-01,10500
2015-01-02,10500
2015-01-05,10400
2015-01-06,10400
2015-01-07,10400
2015-01-08,10400
2015-01-09,10400
2015-01-12,10400
2015-01-13,10400
2015-01-14,10400
2015-01-15,10400
2015-01-16,10400
2015-01-19,10400
2015-01-20,10400
2015-01-21,10400
2015-01-22,10400
2015-01-23,10400
2015-01-26,10400
2015-01-27,10400
2015-01-28,10400
2015-01-29,10400
2015-01-30,10400
2015-02-02,10400
2015-02-03,9600
2015-02-04,9600
2015-02-05,9600
2015-02-06,9600
2015-02-09,9600
2015-02-10,9600
2015-02-11,9600
2015-02-12,9600
2015-02-13,9600
2015-02-16,9600
2015-02-17,9600
2015-02-18,9600
2015-02-19,9600
2015-02-20,9600
2015-02-23,9600
2015-02-24,9600
2015-02-25,9600
2015-02-26,9600
2015-02-27,9600
2015-03-02,9600
2015-03-03,8300
2015-03-04,8300
2015-03-05,8300
2015-03-06,8300
2015-03-09,8300
2015-03-10,8300
2015-03-11,8300
2015-03-12,8300
2015-03-13,8300
2015-03-16,8300
2015-03-17,8300
2015-03-18,8300
2015-03-19,8300
2015-03-20,8300
2015-03-23,8300
2015-03-24,8300
2015-03-25,8300
2015-03-26,8300
2015-03-27,8300
2015-03-30,8300
2015-03-31,8300
2015-04-01,8300
2015-04-02,8500
2015-04-03,8500
2015-04-06,8500
2015-04-07,8500
2015-04-08,8500
2015-04-09,8500
2015-04-10,8500
2015-04-13,8500
2015-04-14,8500
2015-04-15,8500
2015-04-16,8500
2015-04-17,8500
2015-04-20,8500
2015-04-21,8500
2015-04-22,8500
2015-04-23,8500
2015-04-24,8500
2015-04-27,8500
2015-04-28,8500
2015-04-29,8500
2015-04-30,8500
2015-05-01,8500
2015-05-04,8500
2015-05-05,5050
2015-05-06,5050
2015-05-07,5050
2015-05-08,5050
2015-05-11,5050
2015-05-12,5050
2015-05-13,5050
2015-05-14,5050
2015-05-15,5050
2015-05-18,5050
2015-05-19,5050
2015-05-20,5050
2015-05-21,5050
2015-05-22,5050
2015-05-25,5050
2015-05-26,5050
2015-05-27,5050
2015-05-28,5050
2015-05-29,5050
2015-06-01,5050
2015-06-02,3500
2015-06-03,3500
2015-06-04,3500
2015-06-05,3500
2015-06-08,3500
2015-06-09,3500
2015-06-10,3500
2015-06-11,3500
2015-06-12,3500
2015-06-15,3500
2015-06-16,3500
2015-06-17,3500
2015-06-18,3500
2015-06-19,3500
2015-06-22,3500
2015-06-23,3500
2015-06-24,3500
2015-06-25,3500
2015-06-26,3500
2015-06-29,3500
2015-06-30,3500
2015-07-01,3500
2015-07-02,2500
2015-07-03,2500
2015-07-06,2500
2015-07-07,2500
2015-07-08,2500
2015-07-09,2500
2015-07-10,2500
2015-07-13,2500
2015-07-14,2500
2015-07-15,2500
2015-07-16,2500
2015-07-17,2500
2015-07-20,2500
2015-07-21,2500
2015-07-22,2500
2015-07-23,2500
2015-07-24,2500
2015-07-27,2500
2015-07-28,2500
2015-07-29,2500
2015-07-30,2500
2015-07-31,2500
2015-08-03,2500
2015-08-04,2400
2015-08-05,2400
2015-08-06,2400
2015-08-07,2400
2015-08-10,2400
2015-08-11,2400
2015-08-12,2400
2015-08-13,2400
2015-08-14,2400
2015-08-17,2400
2015-08-18,2400
2015-08-19,2400
2015-08-20,2400
2015-08-21,2400
2015-08-24,2400
2015-08-25,2400
2015-08-26,2400
2015-08-27,2400
2015-08-28,2400
2015-08-31,2400
2015-09-01,2400
2015-09-02,2400
2015-09-03,2400
2015-09-04,2400
2015-09-07,2400
2015-09-08,2400
2015-09-09,2400
2015-09-10,2700
2015-09-11,2700
2015-09-14,4200
2015-09-15,4200
2015-09-16,4200
2015-09-17,4200
2015-09-18,4200
2015-09-21,4200
2015-09-22,4200
2015-09-23,6730
2015-09-24,6730
2015-09-25,8230
2015-09-28,8230
2015-09-29,9230
2015-09-30,9230
2015-10-01,9730
2015-10-02,9730
2015-10-05,9730
2015-10-06,9730
2015-10-07,9730
2015-10-08,9730
2015-10-09,9730
2015-10-12,9730
2015-10-13,9730
2015-10-14,9730
2015-10-15,9730
2015-10-16,9730
2015-10-19,9730
2015-10-20,9730
2015-10-21,9730
2015-10-22,9730
2015-10-23,9730
2015-10-26,9730
2015-10-27,9730
2015-10-28,9730
2015-10-29,9730
2015-10-30,9730
2015-11-02,9730
2015-11-03,9730
2015-11-04,9680
2015-11-05,9705
2015-11-06,9705
2015-11-09,10205
2015-11-10,10205
2015-11-11,10205
2015-11-12,10205
2015-11-13,10360
2015-11-16,10860
2015-11-17,10860
2015-11-18,10860
2015-11-19,10960
2015-11-20,10960
2015-11-23,11460
2015-11-24,11460
2015-11-25,11460
2015-11-26,11460
2015-11-27,11960
2015-11-30,11960
2015-12-01,11960
2015-12-02,9975
2015-12-03,9975
2015-12-04,9975
2015-12-07,10475
2015-12-08,10475
2015-12-09,10475
2015-12-10,10475
2015-12-11,10475
2015-12-14,10975
2015-12-15,10975
2015-12-16,10975
2015-12-17,11475
2015-12-18,11475
2015-12-21,11975
2015-12-22,11975
2015-12-23,11975
2015-12-24,12275
2015-12-25,12275
2015-12-28,12275
2015-12-29,12275
2015-12-30,12275
2015-12-31,12275
2016-01-01,12275
2016-01-04,12265
2016-01-05,12265
2016-01-06,12265
2016-01-07,12265
2016-01-08,12265
2016-01-11,12265
2016-01-12,12265
2016-01-13,12265
2016-01-14,12265
2016-01-15,12265
2016-01-18,12265
2016-01-19,12265
2016-01-20,12265
2016-01-21,12265
2016-01-22,12265
2016-01-25,12265
2016-01-26,12265
2016-01-27,12265
2016-01-28,12265
2016-01-29,12265
2016-02-01,12265
2016-02-02,12335
2016-02-03,12335
2016-02-04,12335
2016-02-05,12335
2016-02-08,12335
2016-02-09,12335
2016-02-10,12335
2016-02-11,12335
2016-02-12,12335
2016-02-15,12335
2016-02-16,12335
2016-02-17,12335
2016-02-18,12335
2016-02-19,12335
2016-02-22,12335
2016-02-23,12335
2016-02-24,12335
2016-02-25,12335
2016-02-26,12335
2016-02-29,12335
2016-03-01,12335
2016-03-02,12500
2016-03-03,12500
2016-03-04,12500
2016-03-07,12500
2016-03-08,12500
2016-03-09,12500
2016-03-10,12500
2016-03-11,14500
2016-03-14,14500
2016-03-15,14500
2016-03-16,14500
2016-03-17,14500
2016-03-18,14500
2016-03-21,14500
2016-03-22,14500
2016-03-23,14500
2016-03-24,14500
2016-03-25,14500
2016-03-28,14500
2016-03-29,17500
2016-03-30,17500
2016-03-31,17500
2016-04-01,17500
2016-04-04,14480
2016-04-05,14480
2016-04-06,14480
2016-04-07,14480
2016-04-08,14480
2016-04-11,14480
2016-04-12,14480
2016-04-13,14480
2016-04-14,14480
2016-04-15,14480
2016-04-18,14480
2016-04-19,14480
2016-04-20,14480
2016-04-21,14480
2016-04-22,14480
2016-04-25,14480
2016-04-26,14480
2016-04-27,14480
2016-04-28,14480
2016-04-29,14480
2016-05-02,14480
2016-05-03,11160
2016-05-04,11160
2016-05-05,11160
2016-05-06,11160
2016-05-09,11160
2016-05-10,11160
2016-05-11,11160
2016-05-12,11160
2016-05-13,11160
2016-05-16,11160
2016-05-17,11160
2016-05-18,11160
2016-05-19,11160
2016-05-20,11160
2016-05-23,11160
2016-05-24,11160
2016-05-25,11160
2016-05-26,11160
2016-05-27,11160
2016-05-30,11160
2016-05-31,11160
2016-06-01,11160
2016-06-02,10220
2016-06-03,10220
2016-06-06,10220
2016-06-07,10220
2016-06-08,10220
2016-06-09,10220
2016-06-10,10220
2016-06-13,10220
2016-06-14,10220
2016-06-15,10220
2016-06-16,10220
2016-06-17,10220
2016-06-20,10220
2016-06-21,10220
2016-06-22,10220
2016-06-23,10220
2016-06-24,10220
2016-06-27,12570
2016-06-28,12570
2016-06-29,12570
2016-06-30,12570
2016-07-01,12570
2016-07-04,12570
2016-07-05,8190
2016-07-06,8190
2016-07-07,8190
2016-07-08,8190
2016-07-11,8190
2016-07-12,8190
2016-07-13,8190
2016-07-14,8190
2016-07-15,8190
2016-07-18,8190
2016-07-19,8190
2016-07-20,8190
2016-07-21,8190
2016-07-22,8190
2016-07-25,8190
2016-07-26,8190
2016-07-27,8190
2016-07-28,8190
2016-07-29,8190
2016-08-01,8190
2016-08-02,7380
2016-08-03,7380
2016-08-04,7380
2016-08-05,7380
2016-08-08,7380
2016-08-09,7380
2016-08-10,7380
2016-08-11,7380
2016-08-12,7380
2016-08-15,7380
2016-08-16,7380
2016-08-17,7380
2016-08-18,7380
2016-08-19,7380
2016-08-22,7380
2016-08-23,7380
2016-08-24,7380
2016-08-25,7380
2016-08-26,7380
2016-08-29,7380
2016-08-30,7380
2016-08-31,7380
2016-09-01,7380
2016-09-02,7380
2016-09-05,7380
2016-09-06,7380
2016-09-07,7380
2016-09-08,7380
2016-09-09,7380
2016-09-12,7380
2016-09-13,7380
2016-09-14,7380
2016-09-15,7380
2016-09-16,7380
2016-09-19,7380
2016-09-20,7380
2016-09-21,7380
2016-09-22,7380
2016-09-23,7380
2016-09-26,7380
2016-09-27,7380
2016-09-28,7380
2016-09-29,7380
2016-09-30,7380
2016-10-03,7380
2016-10-04,7905
2016-10-05,7905
2016-10-06,7905
2016-10-07,7905
2016-10-10,7905
2016-10-11,7905
2016-10-12,7905
2016-10-13,7905
2016-10-14,7905
2016-10-17,7905
2016-10-18,7905
2016-10-19,7905
2016-10-20,7905
2016-10-21,7905
2016-10-24,7905
2016-10-25,7905
2016-10-26,7905
2016-10-27,7905
2016-10-28,7905
2016-10-31,7905
2016-11-01,7905
2016-11-02,7905
2016-11-03,7205
2016-11-04,7205
2016-11-07,7205
2016-11-08,7205
2016-11-09,7205
2016-11-10,7205
2016-11-11,7205
2016-11-14,7205
2016-11-15,7205
2016-11-16,7205
2016-11-17,7205
2016-11-18,7205
2016-11-21,7205
2016-11-22,7205
2016-11-23,7205
2016-11-24,7205
2016-11-25,7205
2016-11-28,7205
2016-11-29,7205
2016-11-30,7205
2016-12-01,7205
2016-12-02,7205
2016-12-05,7205
2016-12-06,7205
2016-12-07,7205
2016-12-08,7205
2016-12-09,7205
2016-12-12,7205
2016-12-13,7205
2016-12-14,7205
2016-12-15,7205
2016-12-16,7205
2016-12-19,7205
2016-12-20,7205
2016-12-21,7205
2016-12-22,7205
2016-12-23,7205
2016-12-26,7205
2016-12-27,7205
2016-12-28,7205
2016-12-29,7205
2016-12-30,7205
2017-01-02,7205
2017-01-03,7200
2017-01-04,7200
2017-01-05,7200
2017-01-06,7200
2017-01-09,7200
2017-01-10,7200
2017-01-11,7200
2017-01-12,7200
2017-01-13,7200
2017-01-16,7200
2017-01-17,7200
2017-01-18,7200
2017-01-19,7200
2017-01-20,7200
2017-01-23,7200
2017-01-24,7200
2017-01-25,7200
2017-01-26,7200
2017-01-27,7200
2017-01-30,7200
2017-01-31,7200
2017-02-01,7200
2017-02-02,6350
2017-02-03,6350
2017-02-06,6350
2017-02-07,6350
2017-02-08,6350
2017-02-09,6350
2017-02-10,6350
2017-02-13,6350
2017-02-14,6350
2017-02-15,6350
2017-02-16,6350
2017-02-17,6350
2017-02-20,6350
2017-02-21,6350
2017-02-22,6350
2017-02-23,6350
2017-02-24,6350
2017-02-27,6350
2017-02-28,6350
2017-03-01,6350
2017-03-02,5200
2017-03-03,5200
2017-03-06,5200
2017-03-07,5200
2017-03-08,5200
2017-03-09,5200
2017-03-10,5200
2017-03-13,5200
2017-03-14,5200
2017-03-15,5200
2017-03-16,5200
2017-03-17,5200
2017-03-20,5200
2017-03-21,5200
2017-03-22,5200
2017-03-23,5200
2017-03-24,5200
2017-03-27,5200
2017-03-28,5200
2017-03-29,5200
2017-03-30,5200
2017-03-31,5200
2017-04-03,5200
2017-04-04,1350
2017-04-05,1350
2017-04-06,1350
2017-04-07,1350
2017-04-10,1350
2017-04-11,1350
2017-04-12,1350
2017-04-13,1350
2017-04-14,1350
2017-04-17,1350
2017-04-18,1350
2017-04-19,1350
2017-04-20,1350
2017-04-21,1350
2017-04-24,1350
2017-04-25,1350
2017-04-26,1350
2017-04-27,1350
2017-04-28,1350
2017-05-01,1350
2017-05-02,1350
2017-05-03,1200
2017-05-04,1200
2017-05-05,1200
2017-05-08,1200
2017-05-09,1200
2017-05-10,1200
2017-05-11,1200
2017-05-12,1200
2017-05-15,1200
2017-05-16,1200
2017-05-17,1200
2017-05-18,1200
2017-05-19,1200
2017-05-22,1200
2017-05-23,1200
2017-05-24,1200
2017-05-25,1200
2017-05-26,1200
2017-05-29,1200
2017-05-30,1200
2017-05-31,1200
2017-06-01,1200
2017-06-02,1200
2017-06-05,1200
2017-06-06,1200
2017-06-07,1200
2017-06-08,1200
2017-06-09,1200
2017-06-12,1200
2017-06-13,1200
2017-06-14,1200
2017-06-15,1200
2017-06-16,1200
2017-06-19,1200
2017-06-20,1200
2017-06-21,1200
2017-06-22,1200
2017-06-23,1200
2017-06-26,1200
2017-06-27,1200
2017-06-28,1200
2017-06-29,1200
2017-06-30,1200
2017-07-03,1200
2017-07-04,1200
2017-07-05,0
2017-07-06,0
2017-07-07,0
2017-07-10,0
2017-07-11,0
2017-07-12,0
2017-07-13,0
2017-07-14,0
2017-07-17,0
2017-07-18,0
2017-07-19,0
2017-07-20,0
2017-07-21,0
2017-07-24,0
2017-07-25,0
2017-07-26,0
2017-07-27,0
2017-07-28,0
2017-07-31,0
2017-08-01,0
2017-08-02,0
2017-08-03,0
2017-08-04,0
2017-08-07,0
2017-08-08,0
2017-08-09,0
2017-08-10,0
2017-08-11,0
2017-08-14,0
2017-08-15,0
2017-08-16,0
2017-08-17,0
2017-08-18,0
2017-08-21,0
2017-08-22,0
2017-08-23,0
2017-08-24,0
2017-08-25,0
2017-08-28,0
2017-08-29,0
2017-08-30,0
2017-08-31,0
2017-09-01,0
2017-09-04,0
2017-09-05,0
2017-09-06,0
2017-09-07,0
2017-09-08,0
2017-09-11,0
2017-09-12,0
2017-09-13,0
2017-09-14,0
2017-09-15,0
2017-09-18,0
2017-09-19,0
2017-09-20,0
2017-09-21,0
2017-09-22,0
2017-09-25,0
2017-09-26,0
2017-09-27,0
2017-09-28,0
2017-09-29,0
2017-10-02,0
2017-10-03,0
2017-10-04,0
2017-10-05,0
2017-10-06,0
2017-10-09,0
2017-10-10,0
2017-10-11,0
2017-10-12,0
2017-10-13,0
2017-10-16,0
2017-10-17,0
2017-10-18,0
2017-10-19,0
2017-10-20,0
2017-10-23,0
2017-10-24,0
2017-10-25,0
2017-10-26,0
2017-10-27,0
2017-10-30,0
2017-10-31,0
2017-11-01,0
2017-11-02,0
2017-11-03,0
2017-11-06,0
2017-11-07,0
2017-11-08,0
2017-11-09,0
2017-11-10,0
2017-11-13,0
2017-11-14,0
2017-11-15,0
2017-11-16,0
2017-11-17,0
2017-11-20,0
2017-11-21,0
2017-11-22,0
2017-11-23,0
2017-11-24,0
2017-11-27,0
2017-11-28,0
2017-11-29,0
2017-11-30,0
2017-12-01,0
2017-12-04,0
2017-12-05,0
2017-12-06,0
2017-12-07,2000
2017-12-08,2000
2017-12-11,2000
2017-12-12,2000
2017-12-13,2000
2017-12-14,4000
2017-12-15,4000
2017-12-18,4000
2017-12-19,4000
2017-12-20,4000
2017-12-21,6000
2017-12-22,6000
2017-12-25,6000
2017-12-26,6000
2017-12-27,6000
2017-12-28,8000
2017-12-29,8000
2018-01-01,8000
2018-01-02,8000
2018-01-03,8000
2018-01-04,8000
2018-01-05,8000
2018-01-08,8000
2018-01-09,8000
2018-01-10,8000
2018-01-11,8000
2018-01-12,8000
2018-01-15,8000
2018-01-16,8000
2018-01-17,8000
2018-01-18,8000
2018-01-19,8000
2018-01-22,8000
2018-01-23,8000
2018-01-24,8000
2018-01-25,8000
2018-01-26,8000
2018-01-29,8000
2018-01-30,8000
2018-01-31,8000
2018-02-01,8000
2018-02-02,5000
2018-02-05,5000
2018-02-06,5000
2018-02-07,5000
2018-02-08,5000
2018-02-09,5000
2018-02-12,5000
2018-02-13,5000
2018-02-14,5000
2018-02-15,5000
2018-02-16,5000
2018-02-19,5000
2018-02-20,5000
2018-02-21,5000
2018-02-22,5000
2018-02-23,5000
2018-02-26,5000
2018-02-27,5000
2018-02-28,5000
2018-03-01,5000
2018-03-02,3500
2018-03-05,3500
2018-03-06,3500
2018-03-07,3500
2018-03-08,3500
2018-03-09,3500
2018-03-12,3500
2018-03-13,3500
2018-03-14,3500
2018-03-15,3500
2018-03-16,3500
2018-03-19,3500
2018-03-20,3500
2018-03-21,3500
2018-03-22,3500
2018-03-23,3500
2018-03-26,3500
2018-03-27,3500
2018-03-28,3500
2018-03-29,3500
2018-03-30,3500
2018-04-02,3500
2018-04-03,2000
2018-04-04,2000
2018-04-05,2000
2018-04-06,2000
2018-04-09,2000
2018-04-10,2000
2018-04-11,2000
2018-04-12,2000
2018-04-13,2000
2018-04-16,2000
2018-04-17,2000
2018-04-18,2000
2018-04-19,2000
2018-04-20,2000
2018-04-23,2000
2018-04-24,2000
2018-04-25,2000
2018-04-26,2000
2018-04-27,2000
2018-04-30,2000
2018-05-01,2000
2018-05-02,2000
2018-05-03,0
2018-05-04,0
2018-05-07,0
2018-05-08,0
2018-05-09,0
2018-05-10,0
2018-05-11,0
2018-05-14,0
2018-05-15,0
2018-05-16,0
2018-05-17,0
2018-05-18,0
2018-05-21,0
2018-05-22,0
2018-05-23,0
2018-05-24,0
2018-05-25,0
2018-05-28,0
2018-05-29,0
2018-05-30,0
2018-05-31,0
2018-06-01,0
2018-06-04,0
2018-06-05,0
2018-06-06,0
2018-06-07,0
2018-06-08,0
2018-06-11,0
2018-06-12,0
2018-06-13,0
2018-06-14,0
2018-06-15,0
2018-06-18,0
2018-06-19,0
2018-06-20,0
2018-06-21,0
2018-06-22,0
2018-06-25,0
2018-06-26,0
2018-06-27,500
2018-06-28,500
2018-06-29,2925
2018-07-02,2925
2018-07-03,2925
2018-07-04,2925
2018-07-05,2925
2018-07-06,2925
2018-07-09,2925
2018-07-10,2925
2018-07-11,2925
2018-07-12,2925
2018-07-13,2925
2018-07-16,2925
2018-07-17,2925
2018-07-18,2925
2018-07-19,2925
2018-07-20,2925
2018-07-23,2925
2018-07-24,2925
2018-07-25,2925
2018-07-26,2925
2018-07-27,2925
2018-07-30,2925
2018-07-31,2925
2018-08-01,2925
2018-08-02,2150
2018-08-03,2150
2018-08-06,2150
2018-08-07,2150
2018-08-08,2150
2018-08-09,2150
2018-08-10,2150
2018-08-13,2150
2018-08-14,2150
2018-08-15,2150
2018-08-16,2150
2018-08-17,2150
2018-08-20,2150
2018-08-21,2150
2018-08-22,2150
2018-08-23,2150
2018-08-24,2150
2018-08-27,2150
2018-08-28,2150
2018-08-29,2150
2018-08-30,2150
2018-08-31,2150
2018-09-03,2150
2018-09-04,2150
2018-09-05,2150
2018-09-06,2150
2018-09-07,2150
2018-09-10,2150
2018-09-11,2150
2018-09-12,2150
2018-09-13,2150
2018-09-14,2150
2018-09-17,2150
2018-09-18,2150
2018-09-19,2150
2018-09-20,2150
2018-09-21,2150
2018-09-24,2150
2018-09-25,2150
2018-09-26,2150
2018-09-27,2150
2018-09-28,2150
2018-10-01,2150
2018-10-02,2150
2018-10-03,2150
2018-10-04,2150
2018-10-05,2150
2018-10-08,2150
2018-10-09,2150
2018-10-10,2150
2018-10-11,2150
2018-10-12,2150
2018-10-15,2150
2018-10-16,2150
2018-10-17,2150
2018-10-18,2150
2018-10-19,2150
2018-10-22,2150
2018-10-23,2150
2018-10-24,2150
2018-10-25,2150
2018-10-26,2150
2018-10-29,2150
2018-10-30,2150
2018-10-31,2150
2018-11-01,2150
2018-11-02,2150
2018-11-05,1250
2018-11-06,1250
2018-11-07,1250
2018-11-08,1250
2018-11-09,1250
2018-11-12,1250
2018-11-13,1250
2018-11-14,1250
2018-11-15,1250
2018-11-16,1250
2018-11-19,1250
2018-11-20,1250
2018-11-21,1250
2018-11-22,1250
2018-11-23,1250
2018-11-26,1250
2018-11-27,1250
2018-11-28,1250
2018-11-29,3250
2018-11-30,4250
2018-12-03,4250
2018-12-04,4250
2018-12-05,4250
2018-12-06,5250
2018-12-07,5250
2018-12-10,5250
2018-12-11,5250
2018-12-12,5250
2018-12-13,6250
2018-12-14,6250
2018-12-17,6250
2018-12-18,6250
2018-12-19,7250
2018-12-20,7250
2018-12-21,7250
2018-12-24,8250
2018-12-25,8250
2018-12-26,9250
2018-12-27,9250
2018-12-28,11250
2018-12-31,12250
2019-01-01,12250
2019-01-02,12250
2019-01-03,12250
2019-01-04,12250
2019-01-07,12250
2019-01-08,12250
2019-01-09,12250
2019-01-10,12250
2019-01-11,12250
2019-01-14,12250
2019-01-15,12250
2019-01-16,12250
2019-01-17,12250
2019-01-18,12250
2019-01-21,12250
2019-01-22,12250
2019-01-23,12250
2019-01-24,12250
2019-01-25,12250
2019-01-28,12250
2019-01-29,12250
2019-01-30,12250
2019-01-31,12250
2019-02-01,12250
2019-02-04,10975
2019-02-05,10975
2019-02-06,10975
2019-02-07,10975
2019-02-08,10975
2019-02-11,10975
2019-02-12,10975
2019-02-13,10975
2019-02-14,10975
2019-02-15,10975
2019-02-18,10975
2019-02-19,10975
2019-02-20,10975
2019-02-21,10975
2019-02-22,10975
2019-02-25,10975
2019-02-26,10975
2019-02-27,10975
2019-02-28,10975
2019-03-01,10975
2019-03-04,10975
2019-03-05,10975
2019-03-06,7925
2019-03-07,7925
2019-03-08,7925
2019-03-11,7925
2019-03-12,7925
2019-03-13,7925
2019-03-14,7925
2019-03-15,7925
2019-03-18,7925
2019-03-19,7925
2019-03-20,7925
2019-03-21,7925
2019-03-22,7925
2019-03-25,7925
2019-03-26,7925
2019-03-27,7925
2019-03-28,7925
2019-03-29,7925
2019-04-01,8925
2019-04-02,8925
2019-04-03,8925
2019-04-04,8925
2019-04-05,8925
2019-04-08,8925
2019-04-09,8925
2019-04-10,8925
2019-04-11,8925
2019-04-12,8925
2019-04-15,8925
2019-04-16,8925
2019-04-17,8925
2019-04-18,8925
2019-04-19,8925
2019-04-22,8925
2019-04-23,8925
2019-04-24,8925
2019-04-25,8925
2019-04-26,8925
2019-04-29,8925
2019-04-30,8925
2019-05-01,8925
2019-05-02,8925
2019-05-03,8925
2019-05-06,8925
2019-05-07,8925
2019-05-08,8925
2019-05-09,8925
2019-05-10,8925
2019-05-13,8925
2019-05-14,8925
2019-05-15,8925
2019-05-16,8925
2019-05-17,8925
2019-05-20,8925
2019-05-21,8925
2019-05-22,8925
2019-05-23,8925
2019-05-24,8925
2019-05-27,8925
2019-05-28,8925
2019-05-29,8925
2019-05-30,8925
2019-05-31,8925
2019-06-03,8925
2019-06-04,9025
2019-06-05,9025
2019-06-06,9025
2019-06-07,9025
2019-06-10,9025
2019-06-11,9025
2019-06-12,9025
2019-06-13,9025
2019-06-14,9025
2019-06-17,9025
2019-06-18,9025
2019-06-19,9025
2019-06-20,9025
2019-06-21,9025
2019-06-24,9025
2019-06-25,9025
2019-06-26,9025
2019-06-27,10025
2019-06-28,11025
2019-07-01,11025
2019-07-02,11650
2019-07-03,11650
2019-07-04,11650
2019-07-05,11650
2019-07-08,11650
2019-07-09,11650
2019-07-10,11650
2019-07-11,11650
2019-07-12,11650
2019-07-15,11650
2019-07-16,11650
2019-07-17,11650
2019-07-18,11650
2019-07-19,11650
2019-07-22,11650
2019-07-23,11650
2019-07-24,11650
2019-07-25,11650
2019-07-26,11650
2019-07-29,11650
2019-07-30,12650
2019-07-31,12650
2019-08-01,12650
2019-08-02,12150
2019-08-05,12150
2019-08-06,12150
2019-08-07,12150
2019-08-08,12150
2019-08-09,12150
2019-08-12,12150
2019-08-13,12150
2019-08-14,12150
2019-08-15,12150
2019-08-16,12150
2019-08-19,12150
2019-08-20,12150
2019-08-21,12150
2019-08-22,12150
2019-08-23,12150
2019-08-26,12150
2019-08-27,12150
2019-08-28,12150
2019-08-29,12150
2019-08-30,12150
2019-09-02,12150
2019-09-03,12150
2019-09-04,9825
2019-09-05,9825
2019-09-06,9825
2019-09-09,9825
2019-09-10,9825
2019-09-11,9825
2019-09-12,9825
2019-09-13,9825
2019-09-16,9825
2019-09-17,9825
2019-09-18,9825
2019-09-19,9825
2019-09-20,9825
2019-09-23,9825
2019-09-24,9825
2019-09-25,9825
2019-09-26,9825
2019-09-27,9825
2019-09-30,9825
2019-10-01,9825
2019-10-02,9850
2019-10-03,9850
2019-10-04,9850
2019-10-07,9850
2019-10-08,9850
2019-10-09,9850
2019-10-10,9850
2019-10-11,9850
2019-10-14,9850
2019-10-15,9850
2019-10-16,9850
2019-10-17,9850
2019-10-18,9850
2019-10-21,9850
2019-10-22,9850
2019-10-23,9850
2019-10-24,9850
2019-10-25,9850
2019-10-28,9850
2019-10-29,9850
2019-10-30,9850
2019-10-31,9850
2019-11-01,9850
2019-11-04,8250
2019-11-05,8250
2019-11-06,8250
2019-11-07,8250
2019-11-08,8250
2019-11-11,8250
2019-11-12,8250
2019-11-13,8250
2019-11-14,8250
2019-11-15,8250
2019-11-18,8250
2019-11-19,8250
2019-11-20,8250
2019-11-21,8250
2019-11-22,8250
2019-11-25,8250
2019-11-26,8250
2019-11-27,8250
2019-11-28,8250
2019-11-29,8250
2019-12-02,8250
2019-12-03,7500
2019-12-04,7500
2019-12-05,7500
2019-12-06,7500
2019-12-09,7500
2019-12-10,7500
2019-12-11,7500
2019-12-12,7500
2019-12-13,7500
2019-12-16,7500
2019-12-17,7500
2019-12-18,7500
2019-12-19,8750
2019-12-20,10000
2019-12-23,10000
2019-12-24,10000
2019-12-25,10000
2019-12-26,10000
2019-12-27,10000
2019-12-30,10000
2019-12-31,10000
2020-01-01,10000
2020-01-02,10000
2020-01-03,9976
2020-01-06,9976
2020-01-07,9976
2020-01-08,9976
2020-01-09,9976
2020-01-10,9976
2020-01-13,9976
2020-01-14,9976
2020-01-15,9976
2020-01-16,9976
2020-01-17,9976
2020-01-20,9976
2020-01-21,9976
2020-01-22,9976
2020-01-23,9976
2020-01-24,9976
2020-01-27,9976
2020-01-28,9976
2020-01-29,9976
2020-01-30,9976
2020-01-31,9976
2020-02-03,9976
2020-02-04,9626
2020-02-05,9626
2020-02-06,9626
2020-02-07,9626
2020-02-10,9626
2020-02-11,9626
2020-02-12,9626
2020-02-13,9626
2020-02-14,9626
2020-02-17,9626
2020-02-18,9626
2020-02-19,9626
2020-02-20,9626
2020-02-21,9626
2020-02-24,9626
2020-02-25,9626
2020-02-26,9626
2020-02-27,9626
2020-02-28,9626
2020-03-02,9626
2020-03-03,9276
2020-03-04,9276
2020-03-05,9276
2020-03-06,9276
2020-03-09,9276
2020-03-10,9276
2020-03-11,9276
2020-03-12,9276
2020-03-13,9276
2020-03-16,9276
2020-03-17,11276
2020-03-18,11276
2020-03-19,13276
2020-03-20,15276
2020-03-23,17276
2020-03-24,17276
2020-03-25,17276
2020-03-26,17276
2020-03-27,17276
2020-03-30,17276
2020-03-31,17276
2020-04-01,17276
2020-04-02,17300
2020-04-03,17300
2020-04-06,17300
2020-04-07,17300
2020-04-08,17300
2020-04-09,17300
2020-04-10,17300
2020-04-13,17300
2020-04-14,17300
2020-04-15,17300
2020-04-16,17300
2020-04-17,17300
2020-04-20,17300
2020-04-21,17300
2020-04-22,17300
2020-04-23,17300
2020-04-24,17300
2020-04-27,17300
2020-04-28,17300
2020-04-29,17300
2020-04-30,17300
2020-05-01,17300
2020-05-04,17300
2020-05-05,13500
2020-05-06,13500
2020-05-07,13500
2020-05-08,13500
2020-05-11,13500
2020-05-12,13500
2020-05-13,13500
2020-05-14,13500
2020-05-15,13500
2020-05-18,13500
2020-05-19,13500
2020-05-20,13500
2020-05-21,13500
2020-05-22,13500
2020-05-25,13500
2020-05-26,13500
2020-05-27,13500
2020-05-28,13500
2020-05-29,13500
2020-06-01,13500
2020-06-02,11750
2020-06-03,11750
2020-06-04,11750
2020-06-05,11750
2020-06-08,11750
2020-06-09,11750
2020-06-10,11750
2020-06-11,11750
2020-06-12,11750
2020-06-15,11750
2020-06-16,11750
2020-06-17,11750
2020-06-18,11750
2020-06-19,11750
2020-06-22,11750
2020-06-23,11750
2020-06-24,11750
2020-06-25,11750
2020-06-26,11750
2020-06-29,11750
2020-06-30,11750
2020-07-01,11750
2020-07-02,9200
2020-07-03,9200
2020-07-06,9200
2020-07-07,9200
2020-07-08,9200
2020-07-09,9200
2020-07-10,9200
2020-07-13,9200
2020-07-14,9200
2020-07-15,9200
2020-07-16,9200
2020-07-17,9200
2020-07-20,9200
2020-07-21,9200
2020-07-22,9200
2020-07-23,9200
2020-07-24,9200
2020-07-27,9200
2020-07-28,9200
2020-07-29,9200
2020-07-30,9200
2020-07-31,9200
2020-08-03,9200
2020-08-04,7200
2020-08-05,7200
2020-08-06,7200
2020-08-07,7200
2020-08-10,7200
2020-08-11,7200
2020-08-12,7200
2020-08-13,7200
2020-08-14,7200
2020-08-17,7200
2020-08-18,7200
2020-08-19,7200
2020-08-20,7200
2020-08-21,7200
2020-08-24,7200
2020-08-25,7200
2020-08-26,7200
2020-08-27,7200
2020-08-28,7200
2020-08-31,7200
2020-09-01,7200
2020-09-02,4800
2020-09-03,4800
2020-09-04,4800
2020-09-07,4800
2020-09-08,4800
2020-09-09,4800
2020-09-10,4800
2020-09-11,4800
2020-09-14,4800
2020-09-15,4800
2020-09-16,4800
2020-09-17,4800
2020-09-18,4800
2020-09-21,4800
2020-09-22,4800
2020-09-23,4800
2020-09-24,4800
2020-09-25,4800
2020-09-28,4800
2020-09-29,4800
2020-09-30,4800
2020-10-01,4800
2020-10-02,4800
2020-10-05,4800
2020-10-06,4800
2020-10-07,4800
2020-10-08,4800
2020-10-09,4800
2020-10-12,4800
2020-10-13,4800
2020-10-14,4800
2020-10-15,4800
2020-10-16,4800
2020-10-19,4800
2020-10-20,4800
2020-10-21,4800
2020-10-22,4800
2020-10-23,4800
2020-10-26,4800
2020-10-27,4800
2020-10-28,4800
2020-10-29,4800
2020-10-30,4800
2020-11-02,4800
2020-11-03,4800
2020-11-04,4400
2020-11-05,4400
2020-11-06,4400
2020-11-09,4400
2020-11-10,4400
2020-11-11,4400
2020-11-12,4400
2020-11-13,4400
2020-11-16,4400
2020-11-17,4400
2020-11-18,4400
2020-11-19,4400
2020-11-20,4400
2020-11-23,4400
2020-11-24,4400
2020-11-25,4400
2020-11-26,4400
2020-11-27,4400
2020-11-30,4400
2020-12-01,4400
2020-12-02,4400
2020-12-03,4400
2020-12-04,4400
2020-12-07,4400
2020-12-08,4400
2020-12-09,4400
2020-12-10,4400
2020-12-11,4400
2020-12-14,4400
2020-12-15,4400
2020-12-16,4400
2020-12-17,4400
2020-12-18,4400
2020-12-21,4400
2020-12-22,6400
2020-12-23,6400
2020-12-24,6400
2020-12-25,6400
2020-12-28,6400
2020-12-29,6400
2020-12-30,6400
2020-12-31,6400
2021-01-01,6400
2021-01-04,6400
2021-01-05,6400
2021-01-06,6400
2021-01-07,6400
2021-01-08,6400
2021-01-11,6400
2021-01-12,6400
2021-01-13,6400
2021-01-14,6400
2021-01-15,6400
2021-01-18,6400
2021-01-19,6400
2021-01-20,6400
2021-01-21,6400
2021-01-22,6400
2021-01-25,6400
2021-01-26,6400
2021-01-27,6400
2021-01-28,6400
2021-01-29,6400
2021-02-01,6400
2021-02-02,3810
2021-02-03,3810
2021-02-04,3810
2021-02-05,3810
2021-02-08,3810
2021-02-09,3810
2021-02-10,3810
2021-02-11,3810
2021-02-12,3810
2021-02-15,3810
2021-02-16,3810
2021-02-17,3810
2021-02-18,3810
2021-02-19,3810
2021-02-22,3810
2021-02-23,3810
2021-02-24,3810
2021-02-25,3810
2021-02-26,3810
2021-03-01,3810
2021-03-02,2150
2021-03-03,2150
2021-03-04,2150
2021-03-05,2150
2021-03-08,2150
2021-03-09,2150
2021-03-10,2150
2021-03-11,2150
2021-03-12,2150
2021-03-15,2150
2021-03-16,2150
2021-03-17,2150
2021-03-18,2150
2021-03-19,2150
2021-03-22,2150
2021-03-23,2150
2021-03-24,2150
2021-03-25,2150
2021-03-26,2150
2021-03-29,5150
2021-03-30,5150
2021-03-31,5150
2021-04-01,5150
2021-04-02,5150
2021-04-05,4750
2021-04-06,4750
2021-04-07,4750
2021-04-08,4750
2021-04-09,4750
2021-04-12,4750
2021-04-13,4750
2021-04-14,4750
2021-04-15,4750
2021-04-16,4750
2021-04-19,4750
2021-04-20,4750
2021-04-21,4750
2021-04-22,4750
2021-04-23,4750
2021-04-26,3550
2021-04-27,3550
2021-04-28,3550
2021-04-29,3550
2021-04-30,3550
2021-05-03,3550
2021-05-04,2800
2021-05-05,2800
2021-05-06,2800
2021-05-07,2800
2021-05-10,2800
2021-05-11,2800
2021-05-12,2800
2021-05-13,2800
2021-05-14,2800
2021-05-17,2800
2021-05-18,2800
2021-05-19,2800
2021-05-20,2800
2021-05-21,2800
2021-05-24,2800
2021-05-25,2800
2021-05-26,2800
2021-05-27,2800
2021-05-28,2800
2021-05-31,2800
2021-06-01,2800
2021-06-02,1930
2021-06-03,1930
2021-06-04,1930
2021-06-07,1930
2021-06-08,1930
2021-06-09,1930
2021-06-10,1930
2021-06-11,1930
2021-06-14,1930
2021-06-15,1930
2021-06-16,1930
2021-06-17,1930
2021-06-18,1930
2021-06-21,1930
2021-06-22,1930
2021-06-23,1930
2021-06-24,1930
2021-06-25,1930
2021-06-28,1930
2021-06-29,1930
2021-06-30,1930
2021-07-01,1930
2021-07-02,930
2021-07-05,930
2021-07-06,930
2021-07-07,930
2021-07-08,930
2021-07-09,930
2021-07-12,930
2021-07-13,930
2021-07-14,930
2021-07-15,930
2021-07-16,930
2021-07-19,930
2021-07-20,930
2021-07-21,930
2021-07-22,930
2021-07-23,930
2021-07-26,930
2021-07-27,930
2021-07-28,930
2021-07-29,930
2021-07-30,930
2021-08-02,930
2021-08-03,930
2021-08-04,930
2021-08-05,930
2021-08-06,930
2021-08-09,930
2021-08-10,930
2021-08-11,930
2021-08-12,930
2021-08-13,930
2021-08-16,930
2021-08-17,930
2021-08-18,930
2021-08-19,930
2021-08-20,930
2021-08-23,930
2021-08-24,930
2021-08-25,930
2021-08-26,930
2021-08-27,930
2021-08-30,930
2021-08-31,930
2021-09-01,930
2021-09-02,0
2021-09-03,0
2021-09-06,0
2021-09-07,0
2021-09-08,0
2021-09-09,0
2021-09-10,0
2021-09-13,0
2021-09-14,0
2021-09-15,0
2021-09-16,0
2021-09-17,0
2021-09-20,0
2021-09-21,0
2021-09-22,0
2021-09-23,0
2021-09-24,0
2021-09-27,0
2021-09-28,0
2021-09-29,0
2021-09-30,0
2021-10-01,0
2021-10-04,0
2021-10-05,0
2021-10-06,0
2021-10-07,0
2021-10-08,0
2021-10-11,0
2021-10-12,0
2021-10-13,0
2021-10-14,0
2021-10-15,0
2021-10-18,0
2021-10-19,0
2021-10-20,0
2021-10-21,0
2021-10-22,0
2021-10-25,0
2021-10-26,0
2021-10-27,0
2021-10-28,0
2021-10-29,0
2021-11-01,0
2021-11-02,0
2021-11-03,0
2021-11-04,0
2021-11-05,0
2021-11-08,0
2021-11-09,0
2021-11-10,0
2021-11-11,0
2021-11-12,0
2021-11-15,0
2021-11-16,0
2021-11-17,0
2021-11-18,0
2021-11-19,0
2021-11-22,0
2021-11-23,0
2021-11-24,0
2021-11-25,0
2021-11-26,0
2021-11-29,0
2021-11-30,0
2021-12-01,0
2021-12-02,0
2021-12-03,1000
2021-12-06,1000
2021-12-07,1000
2021-12-08,1000
2021-12-09,1000
2021-12-10,1000
2021-12-13,1000
2021-12-14,1000
2021-12-15,1000
2021-12-16,1500
2021-12-17,1500
2021-12-20,1500
2021-12-21,1500
2021-12-22,1500
2021-12-23,1500
2021-12-24,1500
2021-12-27,1500
2021-12-28,1500
2021-12-29,1500
2021-12-30,1500
2021-12-31,1500
2022-01-03,1500
2022-01-04,1500
2022-01-05,1500
2022-01-06,1500
2022-01-07,1500
2022-01-10,1500
2022-01-11,1500
2022-01-12,1500
2022-01-13,1500
2022-01-14,1500
2022-01-17,1500
2022-01-18,1500
2022-01-19,1500
2022-01-20,1500
2022-01-21,1500
2022-01-24,1500
2022-01-25,1500
2022-01-26,1500
2022-01-27,1500
2022-01-28,1500
2022-01-31,1500
2022-02-01,1500
2022-02-02,500
2022-02-03,500
2022-02-04,500
2022-02-07,500
2022-02-08,500
2022-02-09,500
2022-02-10,500
2022-02-11,500
2022-02-14,500
2022-02-15,500
2022-02-16,500
2022-02-17,500
2022-02-18,500
2022-02-21,500
2022-02-22,500
2022-02-23,500
2022-02-24,500
2022-02-25,500
2022-02-28,500
2022-03-01,500
2022-03-02,500
2022-03-03,500
2022-03-04,500
2022-03-07,500
2022-03-08,500
2022-03-09,500
2022-03-10,500
2022-03-11,500
2022-03-14,500
2022-03-15,500
2022-03-16,500
2022-03-17,500
2022-03-18,500
2022-03-21,500
2022-03-22,500
2022-03-23,500
2022-03-24,500
2022-03-25,500
2022-03-28,500
2022-03-29,500
2022-03-30,500
2022-03-31,500
2022-04-01,500
2022-04-04,0
2022-04-05,0
2022-04-06,0
2022-04-07,0
2022-04-08,0
2022-04-11,0
2022-04-12,0
2022-04-13,0
2022-04-14,0
2022-04-15,0
2022-04-18,0
2022-04-19,0
2022-04-20,0
2022-04-21,0
2022-04-22,0
2022-04-25,0
2022-04-26,0
2022-04-27,0
2022-04-28,0
2022-04-29,0
2022-05-02,0
2022-05-03,0
2022-05-04,0
2022-05-05,0
2022-05-06,0
2022-05-09,0
2022-05-10,0
2022-05-11,0
2022-05-12,0
2022-05-13,0
2022-05-16,0
2022-05-17,0
2022-05-18,0
2022-05-19,0
2022-05-20,0
2022-05-23,0
2022-05-24,0
2022-05-25,0
2022-05-26,0
2022-05-27,0
2022-05-30,0
2022-05-31,0
2022-06-01,0
2022-06-02,0
2022-06-03,0
2022-06-06,0
2022-06-07,0
2022-06-08,0
2022-06-09,0
2022-06-10,0
2022-06-13,0
2022-06-14,0
2022-06-15,0
2022-06-16,0
2022-06-17,0
2022-06-20,0
2022-06-21,0
2022-06-22,0
2022-06-23,0
2022-06-24,0
2022-06-27,0
2022-06-28,0
2022-06-29,0
2022-06-30,0
2022-07-01,0
2022-07-04,0
2022-07-05,0
2022-07-06,0
2022-07-07,0
2022-07-08,0
2022-07-11,0
2022-07-12,0
2022-07-13,0
2022-07-14,0
2022-07-15,0
2022-07-18,0
2022-07-19,0
2022-07-20,0
2022-07-21,0
2022-07-22,0
2022-07-25,0
2022-07-26,0
2022-07-27,0
2022-07-28,0
2022-07-29,0
2022-08-01,0
2022-08-02,0
2022-08-03,0
2022-08-04,0
2022-08-05,0
2022-08-08,0
2022-08-09,0
2022-08-10,0
2022-08-11,0
2022-08-12,0
2022-08-15,0
2022-08-16,0
2022-08-17,0
2022-08-18,0
2022-08-19,0
2022-08-22,0
2022-08-23,0
2022-08-24,0
2022-08-25,0
2022-08-26,0
2022-08-29,0
2022-08-30,0
2022-08-31,0
2022-09-01,0
2022-09-02,0
2022-09-05,0
2022-09-06,0
2022-09-07,0
2022-09-08,0
2022-09-09,0
2022-09-12,0
2022-09-13,0
2022-09-14,0
2022-09-15,0
2022-09-16,0
2022-09-19,0
2022-09-20,0
2022-09-21,0
2022-09-22,0
2022-09-23,0
2022-09-26,0
2022-09-27,2000
2022-09-28,2000
2022-09-29,3000
2022-09-30,3000
2022-10-03,3000
2022-10-04,3000
2022-10-05,3000
2022-10-06,3000
2022-10-07,3000
2022-10-10,3000
2022-10-11,3000
2022-10-12,3000
2022-10-13,3000
2022-10-14,3000
2022-10-17,3000
2022-10-18,3000
2022-10-19,3000
2022-10-20,3000
2022-10-21,4000
2022-10-24,4000
2022-10-25,4000
2022-10-26,4000
2022-10-27,4000
2022-10-28,4000
2022-10-31,4000
2022-11-01,4000
2022-11-02,4000
2022-11-03,4000
2022-11-04,4000
2022-11-07,4000
2022-11-08,4000
2022-11-09,4000
2022-11-10,4000
2022-11-11,4000
2022-11-14,4000
2022-11-15,4000
2022-11-16,4000
2022-11-17,4000
2022-11-18,4000
2022-11-21,4000
2022-11-22,4000
2022-11-23,4000
2022-11-24,4000
2022-11-25,4000
2022-11-28,4000
2022-11-29,4000
2022-11-30,4000
2022-12-01,4000
2022-12-02,4000
2022-12-05,6000
2022-12-06,6000
2022-12-07,6000
2022-12-08,6000
2022-12-09,6000
2022-12-12,9000
2022-12-13,9000
2022-12-14,9000
2022-12-15,9000
2022-12-16,9000
2022-12-19,9000
2022-12-20,9000
2022-12-21,9000
2022-12-22,9000
2022-12-23,9000
2022-12-26,9000
2022-12-27,11000
2022-12-28,11000
2022-12-29,13000
2022-12-30,13000
2023-01-02,13000
2023-01-03,13000
2023-01-04,13000
2023-01-05,13000
2023-01-06,13000
2023-01-09,13000
2023-01-10,13000
2023-01-11,13000
2023-01-12,13000
2023-01-13,13000
2023-01-16,13000
2023-01-17,12500
2023-01-18,12500
2023-01-19,12500
2023-01-20,12500
2023-01-23,12500
2023-01-24,12500
2023-01-25,12500
2023-01-26,12500
2023-01-27,12500
2023-01-30,12500
2023-01-31,12500
2023-02-01,12500
2023-02-02,10000
2023-02-03,10000
2023-02-06,10000
2023-02-07,10000
2023-02-08,10000
2023-02-09,10000
2023-02-10,10000
2023-02-13,10000
2023-02-14,10000
2023-02-15,10000
2023-02-16,10000
2023-02-17,10000
2023-02-20,10000
2023-02-21,10000
2023-02-22,10000
2023-02-23,10000
2023-02-24,10000
2023-02-27,10000
2023-02-28,10000
2023-03-01,10000
2023-03-02,4500
2023-03-03,4500
2023-03-06,4500
2023-03-07,4500
2023-03-08,4500
2023-03-09,4500
2023-03-10,4500
2023-03-13,4500
2023-03-14,4500
2023-03-15,4500
2023-03-16,4500
2023-03-17,4500
2023-03-20,4500
2023-03-21,4500
2023-03-22,4500
2023-03-23,4500
2023-03-24,4500
2023-03-27,4500
2023-03-28,4500
2023-03-29,4500
2023-03-30,4500
2023-03-31,4500
2023-04-03,4500
2023-04-04,2000
2023-04-05,2000
2023-04-06,2000
2023-04-07,2000
2023-04-10,2000
2023-04-11,2000
2023-04-12,2000
2023-04-13,2000
2023-04-14,2000
2023-04-17,2000
2023-04-18,2000
2023-04-19,2000
2023-04-20,2000
2023-04-21,2000
2023-04-24,2000
2023-04-25,2000
2023-04-26,2000
2023-04-27,2000
2023-04-28,2000
2023-05-01,2000
2023-05-02,2000
2023-05-03,1000
2023-05-04,1000
2023-05-05,1000
2023-05-08,1000
2023-05-09,1000
2023-05-10,1000
2023-05-11,1000
2023-05-12,1000
2023-05-15,1000
2023-05-16,1000
2023-05-17,1000
2023-05-18,1000
2023-05-19,1000
2023-05-22,1000
2023-05-23,1000
2023-05-24,1000
2023-05-25,1000
2023-05-26,1000
2023-05-29,1000
2023-05-30,1000
2023-05-31,1000
2023-06-01,1000
2023-06-02,0
2023-06-05,0
2023-06-06,0
2023-06-07,0
2023-06-08,0
2023-06-09,0
2023-06-12,0
2023-06-13,0
2023-06-14,0
2023-06-15,0
2023-06-16,0
2023-06-19,0
2023-06-20,0
2023-06-21,0
2023-06-22,0
2023-06-23,0
2023-06-26,0
2023-06-27,0
2023-06-28,0
2023-06-29,0
2023-06-30,0
2023-07-03,0
2023-07-04,0
2023-07-05,0
2023-07-06,0
2023-07-07,0
2023-07-10,0
2023-07-11,0
2023-07-12,0
2023-07-13,0
2023-07-14,0
2023-07-17,0
2023-07-18,0
2023-07-19,0
2023-07-20,0
2023-07-21,0
2023-07-24,0
2023-07-25,0
2023-07-26,0
2023-07-27,0
2023-07-28,0
2023-07-31,0
2023-08-01,0
2023-08-02,0
2023-08-03,0
2023-08-04,0
2023-08-07,0
2023-08-08,0
2023-08-09,0
2023-08-10,0
2023-08-11,0
2023-08-14,0
2023-08-15,0
2023-08-16,0
2023-08-17,0
2023-08-18,0
2023-08-21,0
2023-08-22,0
2023-08-23,0
2023-08-24,0
2023-08-25,0
2023-08-28,0
2023-08-29,0
2023-08-30,0
2023-08-31,0
2023-09-01,0
2023-09-04,0
2023-09-05,0
2023-09-06,0
2023-09-07,0
2023-09-08,0
2023-09-11,0
2023-09-12,0
2023-09-13,0
2023-09-14,0
2023-09-15,0
2023-09-18,0
2023-09-19,0
2023-09-20,0
2023-09-21,0
2023-09-22,0
2023-09-25,0
2023-09-26,0
2023-09-27,0
2023-09-28,0
2023-09-29,0
2023-10-02,0
2023-10-03,0
2023-10-04,0
2023-10-05,0
2023-10-06,0
2023-10-09,0
2023-10-10,0
2023-10-11,0
2023-10-12,0
2023-10-13,0
2023-10-16,0
2023-10-17,0
2023-10-18,0
2023-10-19,0
2023-10-20,0
2023-10-23,0
2023-10-24,0
2023-10-25,0
2023-10-26,0
2023-10-27,0
2023-10-30,0
2023-10-31,0
2023-11-01,0
2023-11-02,0
2023-11-03,0
2023-11-06,0
2023-11-07,0
2023-11-08,0
2023-11-09,0
2023-11-10,0
2023-11-13,0
2023-11-14,0
2023-11-15,0
2023-11-16,0
2023-11-17,0
2023-11-20,0
2023-11-21,0
2023-11-22,0
2023-11-23,0
2023-11-24,0
2023-11-27,0
2023-11-28,0
2023-11-29,0
2023-11-30,0
2023-12-01,0
2023-12-04,0
2023-12-05,0
2023-12-06,0
2023-12-07,0
2023-12-08,0
2023-12-11,0
2023-12-12,0
2023-12-13,0
2023-12-14,0
2023-12-15,0
2023-12-18,0
2023-12-19,0
2023-12-20,0
2023-12-21,0
2023-12-22,0
2023-12-25,0
2023-12-26,0
2023-12-27,0
2023-12-28,0
2023-12-29,0
2024-01-01,0
2024-01-02,0
2024-01-03,0
2024-01-04,0
2024-01-05,0
2024-01-08,0
2024-01-09,0
2024-01-10,0
2024-01-11,0
2024-01-12,0
2024-01-15,0
2024-01-16,0
2024-01-17,0
2024-01-18,0
2024-01-19,0
2024-01-22,0
2024-01-23,0
2024-01-24,0
2024-01-25,0
2024-01-26,0
2024-01-29,0
2024-01-30,0
2024-01-31,0
2024-02-01,0
2024-02-02,0
2024-02-05,0
2024-02-06,0
2024-02-07,0
2024-02-08,0
2024-02-09,0
2024-02-12,0
2024-02-13,0
2024-02-14,0
2024-02-15,0
2024-02-16,0
2024-02-19,0
2024-02-20,0
2024-02-21,0
2024-02-22,0
2024-02-23,0
2024-02-26,0
2024-02-27,0
2024-02-28,0
2024-02-29,0
2024-03-01,0
2024-03-04,0
2024-03-05,0
2024-03-06,0
2024-03-07,0
2024-03-08,0
2024-03-11,0
2024-03-12,0
2024-03-13,0
2024-03-14,0
2024-03-15,0
2024-03-18,0
2024-03-19,0
2024-03-20,0
2024-03-21,0
2024-03-22,0
2024-03-25,0
2024-03-26,0
2024-03-27,0
2024-03-28,0
2024-03-29,0
2024-04-01,0
2024-04-02,0
2024-04-03,0
2024-04-04,0
2024-04-05,0
2024-04-08,0
2024-04-09,0
2024-04-10,0
2024-04-11,0
2024-04-12,0
2024-04-15,0
2024-04-16,0
2024-04-17,0
2024-04-18,0
2024-04-19,0
2024-04-22,0
2024-04-23,0
2024-04-24,0
2024-04-25,0
2024-04-26,0
2024-04-29,0
2024-04-30,0
2024-05-01,0
2024-05-02,0
2024-05-03,0
2024-05-06,0
2024-05-07,0
2024-05-08,0
2024-05-09,0
2024-05-10,0
2024-05-13,0
2024-05-14,0
2024-05-15,0
2024-05-16,0
2024-05-17,0
2024-05-20,0
2024-05-21,0
2024-05-22,0
2024-05-23,0
2024-05-24,0
2024-05-27,0
2024-05-28,0
2024-05-29,0
2024-05-30,0
2024-05-31,0
2024-06-03,0
2024-06-04,0
2024-06-05,0
2024-06-06,0
2024-06-07,0
2024-06-10,0
2024-06-11,0
2024-06-12,0
2024-06-13,0
2024-06-14,0
2024-06-17,0
2024-06-18,0
2024-06-19,0
2024-06-20,0
2024-06-21,0
2024-06-24,0
2024-06-25,0
2024-06-26,0
2024-06-27,0
2024-06-28,0
2024-07-01,0
2024-07-02,0
2024-07-03,0
2024-07-04,0
2024-07-05,0
2024-07-08,0
2024-07-09,0
2024-07-10,0
2024-07-11,0
2024-07-12,0
2024-07-15,0
2024-07-16,0
2024-07-17,0
2024-07-18,0
2024-07-19,0
2024-07-22,0
2024-07-23,0
2024-07-24,0
2024-07-25,0
2024-07-26,0
2024-07-29,0
2024-07-30,0
2024-07-31,0
2024-08-01,0
2024-08-02,0
2024-08-05,0
2024-08-06,0
2024-08-07,0
2024-08-08,0
2024-08-09,0
2024-08-12,0
2024-08-13,0
2024-08-14,0
2024-08-15,0
2024-08-16,0
2024-08-19,0
2024-08-20,0
2024-08-21,0
2024-08-22,0
2024-08-23,0
2024-08-26,0
2024-08-27,0
2024-08-28,0
2024-08-29,0
2024-08-30,0
2024-09-02,0
2024-09-03,0
2024-09-04,0
2024-09-05,0
2024-09-06,0
2024-09-09,0
2024-09-10,0
2024-09-11,0
2024-09-12,0
2024-09-13,0
2024-09-16,0
2024-09-17,0
2024-09-18,0
2024-09-19,0
2024-09-20,0
2024-09-23,0
2024-09-24,0
2024-09-25,0
2024-09-26,0
2024-09-27,0
2024-09-30,0
2024-10-01,0
2024-10-02,0
2024-10-03,0
2024-10-04,0
2024-10-07,0
2024-10-08,0
2024-10-09,0
2024-10-10,0
2024-10-11,0
2024-10-14,0
2024-10-15,0
2024-10-16,0
2024-10-17,0
2024-10-18,0
2024-10-21,0
2024-10-22,0
2024-10-23,0
2024-10-24,0
2024-10-25,0
2024-10-28,0
2024-10-29,0
2024-10-30,0
2024-10-31,0
2024-11-01,0
2024-11-04,0
2024-11-05,0
2024-11-06,0
2024-11-07,0
2024-11-08,0
2024-11-11,0
2024-11-12,0
2024-11-13,0
2024-11-14,0
2024-11-15,0
2024-11-18,4000
2024-11-19,4000
2024-11-20,4000
2024-11-21,4000
2024-11-22,4000
2024-11-25,4000
2024-11-26,4000
2024-11-27,4000
2024-11-28,4000
2024-11-29,4000
2024-12-02,4000
2024-12-03,4000
2024-12-04,4000
2024-12-05,4000
2024-12-06,4000
2024-12-09,4000
2024-12-10,4000
2024-12-11,4000
2024-12-12,4000
2024-12-13,4000
2024-12-16,8000
2024-12-17,8000
2024-12-18,11000
2024-12-19,11000
2024-12-20,11000
2024-12-23,11000
2024-12-24,15000
2024-12-25,15000
2024-12-26,15000
2024-12-27,15000
2024-12-30,15000
2024-12-31,15000
2025-01-01,15000
2025-01-02,15000
2025-01-03,15000
2025-01-06,15000
2025-01-07,15000
2025-01-08,15000
2025-01-09,15000
2025-01-10,15000
2025-01-13,15000
2025-01-14,15000
2025-01-15,15000
2025-01-16,15000
2025-01-17,15000
2025-01-20,15000
2025-01-21,15000
2025-01-22,17000
2025-01-23,17000
2025-01-24,17000
2025-01-27,17000
2025-01-28,17000
2025-01-29,17000
2025-01-30,17000
2025-01-31,17000
2025-02-03,17000
2025-02-04,17000
2025-02-05,17000
2025-02-06,17000
2025-02-07,17000
2025-02-10,17000
2025-02-11,17000
2025-02-12,17000
2025-02-13,17000
2025-02-14,17000
2025-02-17,17000
2025-02-18,17000
2025-02-19,17000
2025-02-20,17000
2025-02-21,17000
2025-02-24,17000
2025-02-25,17000
2025-02-26,17000
2025-02-27,17000
2025-02-28,17000
2025-03-03,17000
2025-03-04,17000
2025-03-05,17000
2025-03-06,17000
2025-03-07,17000
2025-03-10,17000
2025-03-11,17000
2025-03-12,17000
2025-03-13,17000
2025-03-14,17000
2025-03-17,17000
2025-03-18,17000
2025-03-19,17000
2025-03-20,17000
2025-03-21,17000
2025-03-24,17000
2025-03-25,17000
2025-03-26,17000
2025-03-27,17000
2025-03-28,17000
2025-03-31,17000
2025-04-01,17000
2025-04-02,17000
2025-04-03,17000
2025-04-04,17000
2025-04-07,17000
2025-04-08,17000
2025-04-09,17000
2025-04-10,17000
2025-04-11,17000
2025-04-14,17000
2025-04-15,17000
2025-04-16,17000
2025-04-17,17000
2025-04-18,17000
2025-04-21,17000
2025-04-22,17000
2025-04-23,17000
2025-04-24,17000
2025-04-25,17000
2025-04-28,17000
2025-04-29,17000
2025-04-30,17000
2025-05-01,17000
2025-05-02,17000
2025-05-05,17000
2025-05-06,17000
2025-05-07,17000
2025-05-08,17000
2025-05-09,17000
2025-05-12,17000
2025-05-13,17000
2025-05-14,17000
2025-05-15,17000
2025-05-16,17000
2025-05-19,17000
2025-05-20,17000
2025-05-21,17000
2025-05-22,17000
2025-05-23,17000
2025-05-26,17000
2025-05-27,17000
2025-05-28,17000
2025-05-29,17000
2025-05-30,17000
2025-06-02,17000
2025-06-03,17000
2025-06-04,17000
2025-06-05,17000
2025-06-06,17000
2025-06-09,17000
2025-06-10,17000
2025-06-11,17000
2025-06-12,17000
2025-06-13,17000
2025-06-16,17000
2025-06-17,17000
2025-06-18,17000
2025-06-19,17000
2025-06-20,17000
2025-06-23,17000
2025-06-24,17000
2025-06-25,17000
2025-06-26,17000
2025-06-27,17000
2025-06-30,17000
2025-07-01,17000
2025-07-02,14900
2025-07-03,14900
2025-07-04,14900
2025-07-07,14900
2025-07-08,14900
2025-07-09,14900
2025-07-10,14900
2025-07-11,14900
2025-07-14,14900
2025-07-15,14900
2025-07-16,14900
2025-07-17,14900
2025-07-18,14900
2025-07-21,14900
2025-07-22,14900
2025-07-23,14900
2025-07-24,14900
2025-07-25,14900
2025-07-28,14900
2025-07-29,14900
2025-07-30,14900
2025-07-31,14900
2025-08-01,14900
2025-08-04,14000
2025-08-05,14000
2025-08-06,14000
2025-08-07,14000
2025-08-08,14000
2025-08-11,14000
2025-08-12,14000
2025-08-13,14000
2025-08-14,14000
2025-08-15,14000
2025-08-18,14000
2025-08-19,14000
2025-08-20,14000
2025-08-21,14000
2025-08-22,14000
2025-08-25,14000
2025-08-26,14000
2025-08-27,14000
2025-08-28,14000
2025-08-29,14000
2025-09-01,14000
2025-09-02,14000
2025-09-03,11250
2025-09-04,11250
2025-09-05,11250
2025-09-08,11250
2025-09-09,11250
2025-09-10,11250
2025-09-11,11250
2025-09-12,11250
2025-09-15,11250
2025-09-16,11250
2025-09-17,11250
2025-09-18,11250
2025-09-19,11250
2025-09-22,11250
2025-09-23,11250
2025-09-24,11250
2025-09-25,11250
2025-09-26,11250
2025-09-29,11250
2025-09-30,11250
2025-10-01,11250
2025-10-02,11250
2025-10-03,11250
2025-10-06,11250
2025-10-07,11250
2025-10-08,11250
2025-10-09,11250
2025-10-10,11250
2025-10-13,11250
2025-10-14,11250
2025-10-15,11250
2025-10-16,11250
2025-10-17,11250
2025-10-20,11250
2025-10-21,11250
2025-10-22,11250
2025-10-23,11250
2025-10-24,11250
2025-10-27,11250
2025-10-28,11250
2025-10-29,11250
2025-10-30,11250
2025-10-31,11250
2025-11-03,11250
2025-11-04,10250
2025-11-05,10250
2025-11-06,10250
2025-11-07,10250
2025-11-10,10250
2025-11-11,10250
2025-11-12,10250
2025-11-13,10250
2025-11-14,10250
2025-11-17,10250
2025-11-18,10250
2025-11-19,10250
2025-11-20,10250
2025-11-21,10250
2025-11-24,10250
2025-11-25,10250
2025-11-26,10250
2025-11-27,10250
2025-11-28,10250
2025-12-01,10250
2025-12-02,10250
2025-12-03,10250
2025-12-04,10250
2025-12-05,10250
2025-12-08,10250
2025-12-09,10250
2025-12-10,10250
2025-12-11,10250
2025-12-12,10250
2025-12-15,10250
2025-12-16,10250
2025-12-17,10250
2025-12-18,10250
2025-12-19,10250
2025-12-22,10250
2025-12-23,12250
2025-12-24,12250
2025-12-25,12250
2025-12-26,12750
2025-12-29,12750
2025-12-30,14750
2025-12-31,14750
2026-01-01,14750
2026-01-02,14750
2026-01-05,14750
2026-01-06,14750
2026-01-07,14750
2026-01-08,14750
2026-01-09,14750
2026-01-12,14750
2026-01-13,14750
2026-01-14,14750
2026-01-15,14750
2026-01-16,14750
2026-01-19,14750
2026-01-20,14750
2026-01-21,14750
2026-01-22,14750
2026-01-23,14750
2026-01-26,14750
2026-01-27,14750
2026-01-28,14750
2026-01-29,14750
2026-01-30,14750
2026-02-02,14750
2026-02-03,11750
2026-02-04,11750
2026-02-05,11750
2026-02-06,11750
2026-02-09,11750
2026-02-10,11750
2026-02-11,11750
2026-02-12,11750
2026-02-13,11750
2026-02-16,11750
2026-02-17,11750
2026-02-18,11750
2026-02-19,11750
2026-02-20,11750
2026-02-23,11750
2026-02-24,11750
2026-02-25,11750
2026-02-26,11750
2026-02-27,11750
2026-03-02,11750
2026-03-03,9750
2026-03-04,9750
2026-03-05,9750
2026-03-06,9750
2026-03-09,9750
2026-03-10,9750
2026-03-11,9750
2026-03-12,9750
2026-03-13,9750
2026-03-16,9750
2026-03-17,9750
2026-03-18,9750
2026-03-19,9750
2026-03-20,9750
2026-03-23,9750
2026-03-24,9750
2026-03-25,9750
2026-03-26,10750
2026-03-27,10750
2026-03-30,11750
2026-03-31,11750
2026-04-01,11750
2026-04-02,9800
2026-04-03,9800
2026-04-06,9800
2026-04-07,9800
2026-04-08,9800
2026-04-09,9800
2026-04-10,9800
2026-04-13,9800
2026-04-14,9800
2026-04-15,9800
2026-04-16,9800
2026-04-17,9800
2026-04-20,9800
2026-04-21,9800
2026-04-22,9800
2026-04-23,9800
2026-04-24,9800
2026-04-27,9800
2026-04-28,9800
2026-04-29,9800
2026-04-30,9800
2026-05-01,9800
2026-05-04,9800
2026-05-05,6100
2026-05-06,6100
2026-05-07,6100
2026-05-08,6100
2026-05-11,6100
2026-05-12,6100
2026-05-13,6100
2026-05-14,6100
2026-05-15,6100
2026-05-18,6100
2026-05-19,6100
2026-05-20,6100
2026-05-21,6100
2026-05-22,6100
2026-05-25,6100
2026-05-26,6100
2026-05-27,6100
2026-05-28,6100
2026-05-29,6100
2026-06-01,6100
2026-06-02,4050
2026-06-03,4050
2026-06-04,4050
2026-06-05,4050
2026-06-08,4050
2026-06-09,4050
2026-06-10,4050
2026-06-11,4050
2026-06-12,4050
2026-06-15,4050
2026-06-16,4050
2026-06-17,4050
2026-06-18,4050
2026-06-19,4050
2026-06-22,4050
2026-06-23,4050
2026-06-24,4050
2026-06-25,4050
2026-06-26,4050
2026-06-29,4050
2026-06-30,4050
2026-07-01,4050
2026-07-02,2000
2026-07-03,2000
2026-07-06,2000
2026-07-07,2000
2026-07-08,2000
2026-07-09,2000
2026-07-10,2000
2026-07-13,2000
2026-07-14,2000
2026-07-15,2000
2026-07-16,2000
2026-07-17,2000
2026-07-20,2000
2026-07-21,2000
2026-07-22,2000
2026-07-23,2000
2026-07-24,2000
2026-07-27,2000
2026-07-28,2000
2026-07-29,2000
2026-07-30,2000
2026-07-31,2000
2026-08-03,2000
2026-08-04,2000
2026-08-05,2000
2026-08-06,2000
2026-08-07,2000
2026-08-10,2000
2026-08-11,2000
2026-08-12,2000
2026-08-13,2000
2026-08-14,2000
2026-08-17,2000
2026-08-18,2000
2026-08-19,2000
2026-08-20,2000
2026-08-21,2000
2026-08-24,2000
2026-08-25,2000
2026-08-26,2000
2026-08-27,2000
2026-08-28,2000
2026-08-31,2000
2026-09-01,2000
2026-09-02,2000
2026-09-03,2000
2026-09-04,2000
2026-09-08,2000
2026-09-09,2000
2026-09-10,2000
2026-09-11,2000
2026-09-14,2000
2026-09-15,2000
2026-09-16,2000
2026-09-17,2000
2026-09-18,2000
2026-09-21,2000
2026-09-22,3000
2026-09-23,3000
2026-09-24,3000
2026-09-25,3000
2026-09-28,4000
2026-09-29,4000
2026-09-30,4000
2026-10-01,4000
2026-10-02,4000
2026-10-05,4000
2026-10-06,4000
2026-10-07,4000
2026-10-08,4000
2026-10-09,4000
