fecha,valor
2002-07-08,1785
2002-07-09,1785
2002-07-10,1785
2002-07-11,4248
2002-07-12,4248
2002-07-15,4248
2002-07-16,4248
2002-07-17,4248
2002-07-18,4861
2002-07-19,4861
2002-07-22,4861
2002-07-23,4861
2002-07-24,4861
2002-07-25,7468.5
2002-07-26,7768.5
2002-07-29,7768.5
2002-07-30,7768.5
2002-07-31,7768.5
2002-08-01,7768.5
2002-08-02,7768.5
2002-08-05,7768.5
2002-08-06,7768.5
2002-08-07,8513.5
2002-08-08,8513.5
2002-08-09,8513.5
2002-08-12,8513.5
2002-08-13,8513.5
2002-08-14,8513.5
2002-08-15,10090
2002-08-16,10090
2002-08-19,10090
2002-08-20,10090
2002-08-21,10090
2002-08-22,10090
2002-08-23,10090
2002-08-26,10090
2002-08-27,10090
2002-08-28,10090
2002-08-29,10090
2002-08-30,10090
2002-09-02,10288.8
2002-09-03,10288.8
2002-09-04,10288.8
2002-09-05,10288.8
2002-09-06,10288.8
2002-09-09,10288.8
2002-09-10,10288.8
2002-09-11,11587.8
2002-09-12,11587.8
2002-09-13,11587.8
2002-09-16,11587.8
2002-09-17,11587.8
2002-09-18,11587.8
2002-09-19,11587.8
2002-09-20,11437.8
2002-09-23,11437.8
2002-09-24,11437.8
2002-09-25,11274.8
2002-09-26,11274.8
2002-09-27,11274.8
2002-09-30,11274.8
2002-10-01,11063.2
2002-10-02,11063.2
2002-10-03,11063.2
2002-10-04,11063.2
2002-10-07,11063.2
2002-10-08,11063.2
2002-10-09,11063.2
2002-10-10,11063.2
2002-10-11,11073.2
2002-10-14,11073.2
2002-10-15,11073.2
2002-10-16,11073.2
2002-10-17,13683.2
2002-10-18,13683.2
2002-10-21,13683.2
2002-10-22,13683.2
2002-10-23,13608.2
2002-10-24,13608.2
2002-10-25,13608.2
2002-10-28,13608.2
2002-10-29,13608.2
2002-10-30,13608.2
2002-10-31,13608.2
2002-11-01,13761.8
2002-11-04,13761.8
2002-11-05,13761.8
2002-11-06,13761.8
2002-11-07,13761.8
2002-11-08,13761.8
2002-11-11,13761.8
2002-11-12,13761.8
2002-11-13,13761.8
2002-11-14,15036
2002-11-15,15036
2002-11-18,15036
2002-11-19,15036
2002-11-20,17222.2
2002-11-21,17222.2
2002-11-22,17222.2
2002-11-25,17222.2
2002-11-26,17222.2
2002-11-27,17222.2
2002-11-28,17222.2
2002-11-29,17156.2
2002-12-02,16690.2
2002-12-03,16690.2
2002-12-04,16690.2
2002-12-05,16690.2
2002-12-06,16690.2
2002-12-09,16690.2
2002-12-10,16690.2
2002-12-11,16690.2
2002-12-12,18097.8
2002-12-13,18097.8
2002-12-16,18097.8
2002-12-17,18097.8
2002-12-18,19624.8
2002-12-19,19624.8
2002-12-20,19624.8
2002-12-23,19624.8
2002-12-24,19624.8
2002-12-25,19624.8
2002-12-26,19624.8
2002-12-27,19624.8
2002-12-30,19624.8
2002-12-31,19624.8
2003-01-01,19624.8
2003-01-02,19688.8
2003-01-03,19688.8
2003-01-06,19688.8
2003-01-07,19688.8
2003-01-08,19688.8
2003-01-09,19688.8
2003-01-10,19688.8
2003-01-13,19688.8
2003-01-14,19688.8
2003-01-15,19688.8
2003-01-16,21561.8
2003-01-17,21561.8
2003-01-20,21561.8
2003-01-21,21561.8
2003-01-22,21483.8
2003-01-23,21483.8
2003-01-24,21483.8
2003-01-27,21483.8
2003-01-28,21483.8
2003-01-29,21483.8
2003-01-30,21483.8
2003-01-31,21483.8
2003-02-03,21682
2003-02-04,21682
2003-02-05,21682
2003-02-06,21682
2003-02-07,21682
2003-02-10,21682
2003-02-11,21682
2003-02-12,21682
2003-02-13,23675
2003-02-14,23675
2003-02-17,23675
2003-02-18,23675
2003-02-19,23675
2003-02-20,23675
2003-02-21,23675
2003-02-24,23675
2003-02-25,23675
2003-02-26,23675
2003-02-27,23675
2003-02-28,23675
2003-03-03,23675
2003-03-04,23675
2003-03-05,23798.5
2003-03-06,23798.5
2003-03-07,23798.5
2003-03-10,23798.5
2003-03-11,23798.5
2003-03-12,23798.5
2003-03-13,25749.5
2003-03-14,25749.5
2003-03-17,25749.5
2003-03-18,25749.5
2003-03-19,25749.5
2003-03-20,25749.5
2003-03-21,25749.5
2003-03-24,25749.5
2003-03-25,25749.5
2003-03-26,25749.5
2003-03-27,25749.5
2003-03-28,25749.5
2003-03-31,25749.5
2003-04-01,26294.5
2003-04-02,26294.5
2003-04-03,26294.5
2003-04-04,26294.5
2003-04-07,26294.5
2003-04-08,26294.5
2003-04-09,26294.5
2003-04-10,26294.5
2003-04-11,26294.5
2003-04-14,26294.5
2003-04-15,26294.5
2003-04-16,26294.5
2003-04-17,25821.5
2003-04-18,25821.5
2003-04-21,25821.5
2003-04-22,25821.5
2003-04-23,27044.3
2003-04-24,27044.3
2003-04-25,27044.3
2003-04-28,27044.3
2003-04-29,27044.3
2003-04-30,27044.3
2003-05-01,27044.3
2003-05-02,26994.3
2003-05-05,26994.3
2003-05-06,26994.3
2003-05-07,28318.5
2003-05-08,28318.5
2003-05-09,28318.5
2003-05-12,28318.5
2003-05-13,28318.5
2003-05-14,28318.5
2003-05-15,30239
2003-05-16,30239
2003-05-19,30239
2003-05-20,30239
2003-05-21,30239
2003-05-22,30239
2003-05-23,30239
2003-05-26,30239
2003-05-27,30239
2003-05-28,30239
2003-05-29,30239
2003-05-30,30239
2003-06-02,30258
2003-06-03,30258
2003-06-04,30258
2003-06-05,30258
2003-06-06,30258
2003-06-09,30258
2003-06-10,30258
2003-06-11,30258
2003-06-12,31667.8
2003-06-13,31667.8
2003-06-16,31667.8
2003-06-17,31667.8
2003-06-18,32565.8
2003-06-19,32565.8
2003-06-20,32565.8
2003-06-23,32565.8
2003-06-24,32565.8
2003-06-25,32565.8
2003-06-26,32565.8
2003-06-27,32565.8
2003-06-30,32565.8
2003-07-01,32182.7
2003-07-02,32182.7
2003-07-03,32182.7
2003-07-04,32182.7
2003-07-07,32182.7
2003-07-08,32182.7
2003-07-09,32182.7
2003-07-10,32182.7
2003-07-11,32182.7
2003-07-14,32182.7
2003-07-15,32182.7
2003-07-16,31016.4
2003-07-17,29395.4
2003-07-18,29395.4
2003-07-21,29395.4
2003-07-22,29395.4
2003-07-23,29395.4
2003-07-24,29395.4
2003-07-25,29395.4
2003-07-28,29395.4
2003-07-29,29395.4
2003-07-30,29395.4
2003-07-31,29395.4
2003-08-01,29282.9
2003-08-04,29282.9
2003-08-05,29282.9
2003-08-06,29282.9
2003-08-07,29282.9
2003-08-08,29282.9
2003-08-11,29282.9
2003-08-12,29282.9
2003-08-13,29282.9
2003-08-14,29507.9
2003-08-15,29507.9
2003-08-18,29507.9
2003-08-19,29507.9
2003-08-20,29507.9
2003-08-21,29507.9
2003-08-22,29507.9
2003-08-25,29507.9
2003-08-26,29507.9
2003-08-27,29507.9
2003-08-28,29507.9
2003-08-29,29507.9
2003-09-01,29116.2
2003-09-02,29116.2
2003-09-03,29116.2
2003-09-04,29116.2
2003-09-05,29116.2
2003-09-08,29116.2
2003-09-09,29116.2
2003-09-10,29116.2
2003-09-11,29116.2
2003-09-12,29116.2
2003-09-15,29116.2
2003-09-16,29116.2
2003-09-17,29856.2
2003-09-18,29856.2
2003-09-19,29856.2
2003-09-22,29856.2
2003-09-23,29856.2
2003-09-24,29856.2
2003-09-25,29856.2
2003-09-26,29856.2
2003-09-29,29856.2
2003-09-30,29856.2
2003-10-01,28024
2003-10-02,28024
2003-10-03,28024
2003-10-06,28024
2003-10-07,28024
2003-10-08,28024
2003-10-09,28024
2003-10-10,28024
2003-10-13,28024
2003-10-14,28024
2003-10-15,26711.8
2003-10-16,26711.8
2003-10-17,26711.8
2003-10-20,26711.8
2003-10-21,26711.8
2003-10-22,26711.8
2003-10-23,26711.8
2003-10-24,26711.8
2003-10-27,26711.8
2003-10-28,26711.8
2003-10-29,26711.8
2003-10-30,26711.8
2003-10-31,26711.8
2003-11-03,25156.5
2003-11-04,25156.5
2003-11-05,25156.5
2003-11-06,25156.5
2003-11-07,25156.5
2003-11-10,25156.5
2003-11-11,25156.5
2003-11-12,25156.5
2003-11-13,25156.5
2003-11-14,25156.5
2003-11-17,25156.5
2003-11-18,25156.5
2003-11-19,25156.5
2003-11-20,25156.5
2003-11-21,25156.5
2003-11-24,25156.5
2003-11-25,25156.5
2003-11-26,25156.5
2003-11-27,25156.5
2003-11-28,25156.5
2003-12-01,23068.5
2003-12-02,23068.5
2003-12-03,23068.5
2003-12-04,23068.5
2003-12-05,23068.5
2003-12-08,23068.5
2003-12-09,23068.5
2003-12-10,23068.5
2003-12-11,23068.5
2003-12-12,23068.5
2003-12-15,23068.5
2003-12-16,23068.5
2003-12-17,23068.5
2003-12-18,22928.5
2003-12-19,22928.5
2003-12-22,22928.5
2003-12-23,22928.5
2003-12-24,22928.5
2003-12-25,22928.5
2003-12-26,22928.5
2003-12-29,22928.5
2003-12-30,22928.5
2003-12-31,22928.5
2004-01-01,22928.5
2004-01-02,20215
2004-01-05,20215
2004-01-06,20215
2004-01-07,20215
2004-01-08,20215
2004-01-09,20215
2004-01-12,20215
2004-01-13,20215
2004-01-14,20215
2004-01-15,20215
2004-01-16,20215
2004-01-19,20215
2004-01-20,20215
2004-01-21,19280
2004-01-22,19280
2004-01-23,19280
2004-01-26,19280
2004-01-27,19280
2004-01-28,19280
2004-01-29,19280
2004-01-30,19280
2004-02-02,16447.7
2004-02-03,16447.7
2004-02-04,16447.7
2004-02-05,16447.7
2004-02-06,16447.7
2004-02-09,16447.7
2004-02-10,16447.7
2004-02-11,16447.7
2004-02-12,16447.7
2004-02-13,16447.7
2004-02-16,16447.7
2004-02-17,16447.7
2004-02-18,16447.7
2004-02-19,16447.7
2004-02-20,16447.7
2004-02-23,16447.7
2004-02-24,16447.7
2004-02-25,16447.7
2004-02-26,16447.7
2004-02-27,16447.7
2004-03-01,16186.7
2004-03-02,16186.7
2004-03-03,16186.7
2004-03-04,16186.7
2004-03-05,16186.7
2004-03-08,16186.7
2004-03-09,16186.7
2004-03-10,16186.7
2004-03-11,16186.7
2004-03-12,16186.7
2004-03-15,16186.7
2004-03-16,16186.7
2004-03-17,16186.7
2004-03-18,16186.7
2004-03-19,16186.7
2004-03-22,16186.7
2004-03-23,16186.7
2004-03-24,16186.7
2004-03-25,16186.7
2004-03-26,16186.7
2004-03-29,16186.7
2004-03-30,16186.7
2004-03-31,16186.7
2004-04-01,13554.7
2004-04-02,13554.7
2004-04-05,13554.7
2004-04-06,13554.7
2004-04-07,13554.7
2004-04-08,13554.7
2004-04-09,13554.7
2004-04-12,13554.7
2004-04-13,13554.7
2004-04-14,13554.7
2004-04-15,13554.7
2004-04-16,13554.7
2004-04-19,13554.7
2004-04-20,13554.7
2004-04-21,13554.7
2004-04-22,13554.7
2004-04-23,13554.7
2004-04-26,13554.7
2004-04-27,13554.7
2004-04-28,13554.7
2004-04-29,13554.7
2004-04-30,13554.7
2004-05-03,13554.7
2004-05-04,13554.7
2004-05-05,13554.7
2004-05-06,13554.7
2004-05-07,13554.7
2004-05-10,13554.7
2004-05-11,13554.7
2004-05-12,13554.7
2004-05-13,13554.7
2004-05-14,13554.7
2004-05-17,13554.7
2004-05-18,13554.7
2004-05-19,13554.7
2004-05-20,13554.7
2004-05-21,13554.7
2004-05-24,13554.7
2004-05-25,13554.7
2004-05-26,13554.7
2004-05-27,13554.7
2004-05-28,13554.7
2004-05-31,13554.7
2004-06-01,13554.7
2004-06-02,13554.7
2004-06-03,13554.7
2004-06-04,13554.7
2004-06-07,13554.7
2004-06-08,13554.7
2004-06-09,13554.7
2004-06-10,13554.7
2004-06-11,13554.7
2004-06-14,13554.7
2004-06-15,13554.7
2004-06-16,13554.7
2004-06-17,13894.7
2004-06-18,13894.7
2004-06-21,13894.7
2004-06-22,13894.7
2004-06-23,13894.7
2004-06-24,13894.7
2004-06-25,13894.7
2004-06-28,13894.7
2004-06-29,13894.7
2004-06-30,13894.7
2004-07-01,11696.5
2004-07-02,11696.5
2004-07-05,11696.5
2004-07-06,11696.5
2004-07-07,11524
2004-07-08,11524
2004-07-09,11524
2004-07-12,11524
2004-07-13,11524
2004-07-14,11524
2004-07-15,11524
2004-07-16,11524
2004-07-19,11524
2004-07-20,11524
2004-07-21,11524
2004-07-22,11524
2004-07-23,11524
2004-07-26,11524
2004-07-27,11524
2004-07-28,11524
2004-07-29,11524
2004-07-30,11524
2004-08-02,11524
2004-08-03,11524
2004-08-04,11524
2004-08-05,11524
2004-08-06,11524
2004-08-09,11524
2004-08-10,11524
2004-08-11,11524
2004-08-12,11814
2004-08-13,11814
2004-08-16,11814
2004-08-17,11814
2004-08-18,11814
2004-08-19,11814
2004-08-20,11814
2004-08-23,11814
2004-08-24,11814
2004-08-25,11814
2004-08-26,11814
2004-08-27,11814
2004-08-30,11814
2004-08-31,11814
2004-09-01,11814
2004-09-02,11814
2004-09-03,11814
2004-09-06,11814
2004-09-07,11814
2004-09-08,11814
2004-09-09,11814
2004-09-10,11814
2004-09-13,11814
2004-09-14,11814
2004-09-15,11814
2004-09-16,11814
2004-09-17,11814
2004-09-20,11814
2004-09-21,11814
2004-09-22,11814
2004-09-23,11814
2004-09-24,11814
2004-09-27,11814
2004-09-28,11814
2004-09-29,11814
2004-09-30,11814
2004-10-01,11272.8
2004-10-04,11272.8
2004-10-05,11272.8
2004-10-06,11272.8
2004-10-07,11272.8
2004-10-08,11272.8
2004-10-11,11272.8
2004-10-12,11272.8
2004-10-13,10872.8
2004-10-14,10872.8
2004-10-15,10872.8
2004-10-18,10872.8
2004-10-19,10872.8
2004-10-20,10872.8
2004-10-21,10872.8
2004-10-22,10872.8
2004-10-25,10872.8
2004-10-26,10872.8
2004-10-27,10872.8
2004-10-28,10872.8
2004-10-29,10872.8
2004-11-01,10872.8
2004-11-02,10872.8
2004-11-03,10872.8
2004-11-04,10872.8
2004-11-05,10872.8
2004-11-08,10872.8
2004-11-09,10872.8
2004-11-10,10872.8
2004-11-11,10872.8
2004-11-12,10872.8
2004-11-15,10872.8
2004-11-16,10872.8
2004-11-17,10872.8
2004-11-18,10872.8
2004-11-19,10872.8
2004-11-22,10872.8
2004-11-23,10872.8
2004-11-24,10872.8
2004-11-25,10872.8
2004-11-26,10872.8
2004-11-29,10872.8
2004-11-30,10872.8
2004-12-01,10862.8
2004-12-02,10862.8
2004-12-03,10862.8
2004-12-06,10862.8
2004-12-07,10862.8
2004-12-08,10862.8
2004-12-09,10862.8
2004-12-10,10862.8
2004-12-13,10862.8
2004-12-14,10862.8
2004-12-15,9690.25
2004-12-16,9690.25
2004-12-17,9690.25
2004-12-20,9690.25
2004-12-21,9690.25
2004-12-22,9690.25
2004-12-23,9690.25
2004-12-24,9690.25
2004-12-27,9690.25
2004-12-28,9690.25
2004-12-29,9690.25
2004-12-30,9690.25
2004-12-31,9690.25
2005-01-03,7990.25
2005-01-04,7990.25
2005-01-05,7990.25
2005-01-06,7990.25
2005-01-07,7990.25
2005-01-10,7990.25
2005-01-11,7990.25
2005-01-12,6940.25
2005-01-13,6940.25
2005-01-14,6940.25
2005-01-17,6940.25
2005-01-18,6940.25
2005-01-19,6940.25
2005-01-20,6722.75
2005-01-21,6722.75
2005-01-24,6722.75
2005-01-25,6722.75
2005-01-26,6722.75
2005-01-27,6722.75
2005-01-28,6722.75
2005-01-31,6722.75
2005-02-01,6722.75
2005-02-02,6722.75
2005-02-03,6722.75
2005-02-04,6322.75
2005-02-07,6322.75
2005-02-08,6322.75
2005-02-09,6322.75
2005-02-10,6322.75
2005-02-11,6322.75
2005-02-14,5322.75
2005-02-15,5322.75
2005-02-16,5322.75
2005-02-17,5322.75
2005-02-18,3322.75
2005-02-21,3322.75
2005-02-22,3322.75
2005-02-23,3322.75
2005-02-24,3322.75
2005-02-25,1322.75
2005-02-28,1322.75
2005-03-01,1312.75
2005-03-02,1312.75
2005-03-03,1312.75
2005-03-04,-687.25
2005-03-07,-687.25
2005-03-08,-687.25
2005-03-09,-687.25
2005-03-10,-687.25
2005-03-11,-2207.25
2005-03-14,-2207.25
2005-03-15,-2207.25
2005-03-16,-457.25
2005-03-17,-457.25
2005-03-18,-457.25
2005-03-21,-457.25
2005-03-22,-457.25
2005-03-23,-457.25
2005-03-24,-457.25
2005-03-25,-457.25
2005-03-28,-457.25
2005-03-29,-457.25
2005-03-30,-457.25
2005-03-31,-457.25
2005-04-01,-507.25
2005-04-04,-507.25
2005-04-05,-507.25
2005-04-06,-507.25
2005-04-07,-507.25
2005-04-08,-507.25
2005-04-11,-507.25
2005-04-12,-507.25
2005-04-13,-507.25
2005-04-14,-507.25
2005-04-15,-507.25
2005-04-18,-507.25
2005-04-19,-507.25
2005-04-20,-507.25
2005-04-21,-507.25
2005-04-22,-507.25
2005-04-25,-507.25
2005-04-26,-507.25
2005-04-27,-507.25
2005-04-28,-507.25
2005-04-29,-507.25
2005-05-02,-627.25
2005-05-03,-627.25
2005-05-04,-627.25
2005-05-05,-627.25
2005-05-06,-627.25
2005-05-09,-627.25
2005-05-10,-627.25
2005-05-11,-627.25
2005-05-12,-627.25
2005-05-13,-627.25
2005-05-16,-627.25
2005-05-17,-627.25
2005-05-18,-627.25
2005-05-19,-627.25
2005-05-20,-627.25
2005-05-23,-627.25
2005-05-24,-627.25
2005-05-25,-627.25
2005-05-26,-627.25
2005-05-27,-627.25
2005-05-30,-627.25
2005-05-31,-627.25
2005-06-01,-627.25
2005-06-02,-627.25
2005-06-03,-627.25
2005-06-06,-627.25
2005-06-07,-627.25
2005-06-08,-627.25
2005-06-09,-627.25
2005-06-10,-627.25
2005-06-13,-627.25
2005-06-14,-627.25
2005-06-15,-627.25
2005-06-16,-627.25
2005-06-17,-627.25
2005-06-20,-627.25
2005-06-21,-627.25
2005-06-22,-627.25
2005-06-23,-627.25
2005-06-24,-627.25
2005-06-27,-627.25
2005-06-28,-627.25
2005-06-29,-627.25
2005-06-30,-627.25
2005-07-01,-526
2005-07-04,-526
2005-07-05,-526
2005-07-06,-526
2005-07-07,-526
2005-07-08,-526
2005-07-11,-526
2005-07-12,-526
2005-07-13,-641
2005-07-14,-641
2005-07-15,-641
2005-07-18,-641
2005-07-19,-641
2005-07-20,-641
2005-07-21,-641
2005-07-22,-641
2005-07-25,-641
2005-07-26,-641
2005-07-27,-641
2005-07-28,-641
2005-07-29,-641
2005-08-01,-641
2005-08-02,-641
2005-08-03,-641
2005-08-04,-641
2005-08-05,-641
2005-08-08,-641
2005-08-09,-641
2005-08-10,-641
2005-08-11,-641
2005-08-12,-641
2005-08-15,-641
2005-08-16,-641
2005-08-17,-641
2005-08-18,-641
2005-08-19,-641
2005-08-22,-641
2005-08-23,-641
2005-08-24,-641
2005-08-25,-641
2005-08-26,-641
2005-08-29,-641
2005-08-30,-641
2005-08-31,-641
2005-09-01,-641
2005-09-02,-641
2005-09-05,-641
2005-09-06,-641
2005-09-07,-641
2005-09-08,-641
2005-09-09,-641
2005-09-12,-641
2005-09-13,-641
2005-09-14,-641
2005-09-15,-641
2005-09-16,-641
2005-09-19,-641
2005-09-20,-641
2005-09-21,-641
2005-09-22,-641
2005-09-23,-641
2005-09-26,-641
2005-09-27,-641
2005-09-28,-641
2005-09-29,-641
2005-09-30,-641
2005-10-03,-766
2005-10-04,-766
2005-10-05,-766
2005-10-06,-766
2005-10-07,-766
2005-10-10,-766
2005-10-11,-766
2005-10-12,-766
2005-10-13,434
2005-10-14,434
2005-10-17,434
2005-10-18,434
2005-10-19,434
2005-10-20,434
2005-10-21,434
2005-10-24,434
2005-10-25,434
2005-10-26,434
2005-10-27,434
2005-10-28,434
2005-10-31,434
2005-11-01,434
2005-11-02,434
2005-11-03,434
2005-11-04,434
2005-11-07,434
2005-11-08,434
2005-11-09,434
2005-11-10,434
2005-11-11,434
2005-11-14,434
2005-11-15,434
2005-11-16,434
2005-11-17,2134
2005-11-18,2134
2005-11-21,2134
2005-11-22,1714
2005-11-23,1714
2005-11-24,1189
2005-11-25,1189
2005-11-28,1189
2005-11-29,1189
2005-11-30,664
2005-12-01,144
2005-12-02,-451
2005-12-05,-931
2005-12-06,-931
2005-12-07,-1496
2005-12-08,-2121
2005-12-09,-2736
2005-12-12,-3281
2005-12-13,-3711
2005-12-14,-4091
2005-12-15,-4716
2005-12-16,-5341
2005-12-19,-5926
2005-12-20,-6451
2005-12-21,-6931
2005-12-22,-7346
2005-12-23,-7761
2005-12-26,-8181
2005-12-27,-8471
2005-12-28,-8851
2005-12-29,-9246
2005-12-30,-9246
2006-01-02,-9651
2006-01-03,-10046
2006-01-04,-10481
2006-01-05,-10851
2006-01-06,-11281
2006-01-09,-11701
2006-01-10,-12141
2006-01-11,-12581
2006-01-12,-13021
2006-01-13,-13461
2006-01-16,-13891
2006-01-17,-14321
2006-01-18,-14756
2006-01-19,-15196
2006-01-20,-15622.5
2006-01-23,-16047.5
2006-01-24,-16260
2006-01-25,-16260
2006-01-26,-16472.5
2006-01-27,-16685
2006-01-30,-16882.5
2006-01-31,-17030
2006-02-01,-17257.5
2006-02-02,-17485
2006-02-03,-17712.5
2006-02-06,-17940
2006-02-07,-18167.5
2006-02-08,-18395
2006-02-09,-18622.5
2006-02-10,-18850
2006-02-13,-19055
2006-02-14,-19280
2006-02-15,-19505
2006-02-16,-19732.5
2006-02-17,-19960
2006-02-20,-20187.5
2006-02-21,-20415
2006-02-22,-20642.5
2006-02-23,-20847.5
2006-02-24,-21075
2006-02-27,-21075
2006-02-28,-21075
2006-03-01,-21295
2006-03-02,-21522.5
2006-03-03,-21522.5
2006-03-06,-21750
2006-03-07,-21977.5
2006-03-08,-22200
2006-03-09,-22365
2006-03-10,-22365
2006-03-13,-22365
2006-03-14,-22365
2006-03-15,-21440
2006-03-16,-21440
2006-03-17,-21440
2006-03-20,-21440
2006-03-21,-21440
2006-03-22,-21440
2006-03-23,-21440
2006-03-24,-21440
2006-03-27,-21440
2006-03-28,-21440
2006-03-29,-21440
2006-03-30,-21440
2006-03-31,-21440
2006-04-03,-21486
2006-04-04,-21486
2006-04-05,-21486
2006-04-06,-21486
2006-04-07,-21486
2006-04-10,-21486
2006-04-11,-21486
2006-04-12,-21486
2006-04-13,-21486
2006-04-14,-21486
2006-04-17,-21486
2006-04-18,-21486
2006-04-19,-21486
2006-04-20,-21486
2006-04-21,-21486
2006-04-24,-21486
2006-04-25,-21486
2006-04-26,-21486
2006-04-27,-21486
2006-04-28,-21486
2006-05-01,-21486
2006-05-02,-21208.5
2006-05-03,-21208.5
2006-05-04,-21208.5
2006-05-05,-21208.5
2006-05-08,-21208.5
2006-05-09,-21208.5
2006-05-10,-21208.5
2006-05-11,-21208.5
2006-05-12,-21208.5
2006-05-15,-21208.5
2006-05-16,-21208.5
2006-05-17,-21208.5
2006-05-18,-21208.5
2006-05-19,-21208.5
2006-05-22,-21208.5
2006-05-23,-21208.5
2006-05-24,-21208.5
2006-05-25,-21208.5
2006-05-26,-21208.5
2006-05-29,-21208.5
2006-05-30,-21208.5
2006-05-31,-21208.5
2006-06-01,-20873.5
2006-06-02,-20473.5
2006-06-05,-20473.5
2006-06-06,-20473.5
2006-06-07,-20473.5
2006-06-08,-20473.5
2006-06-09,-20473.5
2006-06-12,-20473.5
2006-06-13,-20473.5
2006-06-14,-20473.5
2006-06-15,-20473.5
2006-06-16,-20473.5
2006-06-19,-20473.5
2006-06-20,-20473.5
2006-06-21,-20473.5
2006-06-22,-20473.5
2006-06-23,-20473.5
2006-06-26,-20473.5
2006-06-27,-20473.5
2006-06-28,-20473.5
2006-06-29,-20473.5
2006-06-30,-20473.5
2006-07-03,-20151
2006-07-04,-20151
2006-07-05,-20151
2006-07-06,-20151
2006-07-07,-20151
2006-07-10,-20151
2006-07-11,-20151
2006-07-12,-20151
2006-07-13,-20151
2006-07-14,-20151
2006-07-17,-20151
2006-07-18,-20151
2006-07-19,-20151
2006-07-20,-20151
2006-07-21,-20151
2006-07-24,-20151
2006-07-25,-20151
2006-07-26,-20151
2006-07-27,-20151
2006-07-28,-20151
2006-07-31,-20151
2006-08-01,-20186
2006-08-02,-20186
2006-08-03,-20186
2006-08-04,-20186
2006-08-07,-20186
2006-08-08,-20186
2006-08-09,-20186
2006-08-10,-20186
2006-08-11,-20186
2006-08-14,-20186
2006-08-15,-20186
2006-08-16,-20186
2006-08-17,-20186
2006-08-18,-20186
2006-08-21,-20186
2006-08-22,-20186
2006-08-23,-20186
2006-08-24,-20186
2006-08-25,-20186
2006-08-28,-20186
2006-08-29,-20186
2006-08-30,-20186
2006-08-31,-20186
2006-09-01,-20176
2006-09-04,-20176
2006-09-05,-20176
2006-09-06,-20176
2006-09-07,-20176
2006-09-08,-20176
2006-09-11,-20176
2006-09-12,-20176
2006-09-13,-20176
2006-09-14,-20176
2006-09-15,-20176
2006-09-18,-20176
2006-09-19,-20176
2006-09-20,-18721
2006-09-21,-18721
2006-09-22,-18721
2006-09-25,-18721
2006-09-26,-18721
2006-09-27,-18721
2006-09-28,-18721
2006-09-29,-18721
2006-10-02,-17998.5
2006-10-03,-17998.5
2006-10-04,-17998.5
2006-10-05,-17998.5
2006-10-06,-17998.5
2006-10-09,-17998.5
2006-10-10,-17998.5
2006-10-11,-17998.5
2006-10-12,-17998.5
2006-10-13,-15953.5
2006-10-16,-15953.5
2006-10-17,-15953.5
2006-10-18,-15953.5
2006-10-19,-15953.5
2006-10-20,-15953.5
2006-10-23,-15953.5
2006-10-24,-15953.5
2006-10-25,-15953.5
2006-10-26,-15953.5
2006-10-27,-15953.5
2006-10-30,-15953.5
2006-10-31,-15953.5
2006-11-01,-15838.5
2006-11-02,-15838.5
2006-11-03,-15838.5
2006-11-06,-15838.5
2006-11-07,-15838.5
2006-11-08,-15838.5
2006-11-09,-15838.5
2006-11-10,-15838.5
2006-11-13,-15838.5
2006-11-14,-15838.5
2006-11-15,-15838.5
2006-11-16,-14363.5
2006-11-17,-14363.5
2006-11-20,-14363.5
2006-11-21,-14363.5
2006-11-22,-14363.5
2006-11-23,-14363.5
2006-11-24,-14363.5
2006-11-27,-14363.5
2006-11-28,-14363.5
2006-11-29,-14363.5
2006-11-30,-14363.5
2006-12-01,-14353.5
2006-12-04,-14353.5
2006-12-05,-14353.5
2006-12-06,-14353.5
2006-12-07,-14353.5
2006-12-08,-14353.5
2006-12-11,-14353.5
2006-12-12,-14353.5
2006-12-13,-14353.5
2006-12-14,-14353.5
2006-12-15,-14353.5
2006-12-18,-14353.5
2006-12-19,-14353.5
2006-12-20,-14353.5
2006-12-21,-14353.5
2006-12-22,-14353.5
2006-12-25,-14353.5
2006-12-26,-14353.5
2006-12-27,-14353.5
2006-12-28,-14353.5
2006-12-29,-14353.5
2007-01-01,-14353.5
2007-01-02,-14386
2007-01-03,-14386
2007-01-04,-14386
2007-01-05,-14386
2007-01-08,-14386
2007-01-09,-14386
2007-01-10,-14386
2007-01-11,-14386
2007-01-12,-14386
2007-01-15,-14386
2007-01-16,-14386
2007-01-17,-12879
2007-01-18,-12879
2007-01-19,-12879
2007-01-22,-12879
2007-01-23,-12879
2007-01-24,-12879
2007-01-25,-12879
2007-01-26,-12879
2007-01-29,-12879
2007-01-30,-12879
2007-01-31,-12879
2007-02-01,-12854
2007-02-02,-12854
2007-02-05,-12854
2007-02-06,-12854
2007-02-07,-12854
2007-02-08,-12854
2007-02-09,-12854
2007-02-12,-12854
2007-02-13,-12854
2007-02-14,-12854
2007-02-15,-12854
2007-02-16,-12854
2007-02-19,-12854
2007-02-20,-12854
2007-02-21,-12854
2007-02-22,-12854
2007-02-23,-12854
2007-02-26,-12854
2007-02-27,-12854
2007-02-28,-12854
2007-03-01,-12899
2007-03-02,-12899
2007-03-05,-12899
2007-03-06,-12899
2007-03-07,-12899
2007-03-08,-12899
2007-03-09,-12899
2007-03-12,-12899
2007-03-13,-12899
2007-03-14,-12899
2007-03-15,-12899
2007-03-16,-12899
2007-03-19,-12899
2007-03-20,-12899
2007-03-21,-12899
2007-03-22,-12899
2007-03-23,-12899
2007-03-26,-12899
2007-03-27,-12899
2007-03-28,-12899
2007-03-29,-12899
2007-03-30,-12899
2007-04-02,-12959
2007-04-03,-12959
2007-04-04,-12959
2007-04-05,-12959
2007-04-06,-12959
2007-04-09,-12959
2007-04-10,-12959
2007-04-11,-12959
2007-04-12,-12959
2007-04-13,-12959
2007-04-16,-12959
2007-04-17,-12959
2007-04-18,-12959
2007-04-19,-12959
2007-04-20,-12959
2007-04-23,-12959
2007-04-24,-13604
2007-04-25,-14031.5
2007-04-26,-14031.5
2007-04-27,-14454
2007-04-30,-15089
2007-05-01,-15089
2007-05-02,-15784
2007-05-03,-15784
2007-05-04,-16419
2007-05-07,-19571.5
2007-05-08,-19571.5
2007-05-09,-19571.5
2007-05-10,-20419
2007-05-11,-20419
2007-05-14,-20419
2007-05-15,-20419
2007-05-16,-20419
2007-05-17,-20419
2007-05-18,-21481.5
2007-05-21,-21481.5
2007-05-22,-21481.5
2007-05-23,-21481.5
2007-05-24,-21481.5
2007-05-25,-21481.5
2007-05-28,-21481.5
2007-05-29,-21481.5
2007-05-30,-21481.5
2007-05-31,-21481.5
2007-06-01,-21581.5
2007-06-04,-21581.5
2007-06-05,-23169
2007-06-06,-23169
2007-06-07,-23169
2007-06-08,-23169
2007-06-11,-23169
2007-06-12,-23169
2007-06-13,-23169
2007-06-14,-23169
2007-06-15,-23169
2007-06-18,-23169
2007-06-19,-23169
2007-06-20,-23169
2007-06-21,-23169
2007-06-22,-23169
2007-06-25,-23169
2007-06-26,-23169
2007-06-27,-23169
2007-06-28,-23169
2007-06-29,-23169
2007-07-02,-23260
2007-07-03,-23260
2007-07-04,-23260
2007-07-05,-23260
2007-07-06,-23260
2007-07-09,-23260
2007-07-10,-23260
2007-07-11,-23260
2007-07-12,-23260
2007-07-13,-23260
2007-07-16,-23260
2007-07-17,-23260
2007-07-18,-23260
2007-07-19,-23260
2007-07-20,-23260
2007-07-23,-23260
2007-07-24,-23260
2007-07-25,-23260
2007-07-26,-23260
2007-07-27,-23260
2007-07-30,-23260
2007-07-31,-23260
2007-08-01,-23260
2007-08-02,-23260
2007-08-03,-23260
2007-08-06,-23260
2007-08-07,-23260
2007-08-08,-23260
2007-08-09,-23260
2007-08-10,-23260
2007-08-13,-23260
2007-08-14,-23260
2007-08-15,-23260
2007-08-16,-23260
2007-08-17,-23260
2007-08-20,-23260
2007-08-21,-23260
2007-08-22,-23260
2007-08-23,-23260
2007-08-24,-23260
2007-08-27,-23260
2007-08-28,-23260
2007-08-29,-23260
2007-08-30,-23260
2007-08-31,-23260
2007-09-03,-22620
2007-09-04,-22620
2007-09-05,-22620
2007-09-06,-22620
2007-09-07,-22620
2007-09-10,-22620
2007-09-11,-22620
2007-09-12,-22620
2007-09-13,-22620
2007-09-14,-22620
2007-09-17,-22620
2007-09-18,-22620
2007-09-19,-22620
2007-09-20,-22620
2007-09-21,-22620
2007-09-24,-22620
2007-09-25,-22620
2007-09-26,-22620
2007-09-27,-22620
2007-09-28,-22620
2007-10-01,-22760
2007-10-02,-22760
2007-10-03,-22760
2007-10-04,-22760
2007-10-05,-22760
2007-10-08,-22760
2007-10-09,-22760
2007-10-10,-22760
2007-10-11,-22760
2007-10-12,-22760
2007-10-15,-22760
2007-10-16,-22760
2007-10-17,-22760
2007-10-18,-22760
2007-10-19,-22760
2007-10-22,-22760
2007-10-23,-22760
2007-10-24,-22760
2007-10-25,-22760
2007-10-26,-22760
2007-10-29,-22760
2007-10-30,-22760
2007-10-31,-22760
2007-11-01,-22897.5
2007-11-02,-22897.5
2007-11-05,-22897.5
2007-11-06,-22897.5
2007-11-07,-22897.5
2007-11-08,-22897.5
2007-11-09,-22897.5
2007-11-12,-22897.5
2007-11-13,-22897.5
2007-11-14,-22897.5
2007-11-15,-22897.5
2007-11-16,-22897.5
2007-11-19,-22897.5
2007-11-20,-22897.5
2007-11-21,-22897.5
2007-11-22,-22897.5
2007-11-23,-22897.5
2007-11-26,-22897.5
2007-11-27,-22897.5
2007-11-28,-22897.5
2007-11-29,-22897.5
2007-11-30,-22897.5
2007-12-03,-22985
2007-12-04,-22985
2007-12-05,-22985
2007-12-06,-22985
2007-12-07,-22985
2007-12-10,-22985
2007-12-11,-22985
2007-12-12,-22985
2007-12-13,-22985
2007-12-14,-22985
2007-12-17,-22985
2007-12-18,-22985
2007-12-19,-22985
2007-12-20,-22985
2007-12-21,-22985
2007-12-24,-22985
2007-12-25,-22985
2007-12-26,-22985
2007-12-27,-22985
2007-12-28,-22985
2007-12-31,-22985
2008-01-01,-22985
2008-01-02,-23057.5
2008-01-03,-23057.5
2008-01-04,-23057.5
2008-01-07,-23057.5
2008-01-08,-23057.5
2008-01-09,-23057.5
2008-01-10,-23057.5
2008-01-11,-23057.5
2008-01-14,-23057.5
2008-01-15,-23057.5
2008-01-16,-23057.5
2008-01-17,-23057.5
2008-01-18,-23057.5
2008-01-21,-23057.5
2008-01-22,-23057.5
2008-01-23,-23057.5
2008-01-24,-23057.5
2008-01-25,-23057.5
2008-01-28,-23057.5
2008-01-29,-23057.5
2008-01-30,-23057.5
2008-01-31,-23057.5
2008-02-01,-23027.5
2008-02-04,-23027.5
2008-02-05,-23027.5
2008-02-06,-23027.5
2008-02-07,-23027.5
2008-02-08,-23027.5
2008-02-11,-23027.5
2008-02-12,-23027.5
2008-02-13,-23027.5
2008-02-14,-23027.5
2008-02-15,-23027.5
2008-02-18,-23027.5
2008-02-19,-23027.5
2008-02-20,-23027.5
2008-02-21,-23027.5
2008-02-22,-23027.5
2008-02-25,-23027.5
2008-02-26,-23027.5
2008-02-27,-23027.5
2008-02-28,-23027.5
2008-02-29,-23027.5
2008-03-03,-23102.5
2008-03-04,-23102.5
2008-03-05,-23102.5
2008-03-06,-23102.5
2008-03-07,-23102.5
2008-03-10,-23102.5
2008-03-11,-23102.5
2008-03-12,-23102.5
2008-03-13,-23102.5
2008-03-14,-23102.5
2008-03-17,-23102.5
2008-03-18,-23102.5
2008-03-19,-23102.5
2008-03-20,-23102.5
2008-03-21,-23102.5
2008-03-24,-23102.5
2008-03-25,-23102.5
2008-03-26,-23102.5
2008-03-27,-23102.5
2008-03-28,-23102.5
2008-03-31,-23102.5
2008-04-01,-23225
2008-04-02,-23225
2008-04-03,-23225
2008-04-04,-23225
2008-04-07,-23225
2008-04-08,-23225
2008-04-09,-23225
2008-04-10,-23225
2008-04-11,-23225
2008-04-14,-23225
2008-04-15,-23225
2008-04-16,-23225
2008-04-17,-23225
2008-04-18,-23225
2008-04-21,-23225
2008-04-22,-23225
2008-04-23,-23225
2008-04-24,-23225
2008-04-25,-23225
2008-04-28,-23225
2008-04-29,-23225
2008-04-30,-23225
2008-05-01,-23225
2008-05-02,-23280
2008-05-05,-23280
2008-05-06,-23280
2008-05-07,-23280
2008-05-08,-23280
2008-05-09,-23280
2008-05-12,-23280
2008-05-13,-23280
2008-05-14,-23280
2008-05-15,-23280
2008-05-16,-23280
2008-05-19,-23280
2008-05-20,-23280
2008-05-21,-23280
2008-05-22,-23280
2008-05-23,-23280
2008-05-26,-23280
2008-05-27,-23280
2008-05-28,-23280
2008-05-29,-23280
2008-05-30,-23280
2008-06-02,-23380
2008-06-03,-23380
2008-06-04,-23380
2008-06-05,-23380
2008-06-06,-23380
2008-06-09,-23380
2008-06-10,-23380
2008-06-11,-23380
2008-06-12,-23380
2008-06-13,-23380
2008-06-16,-23380
2008-06-17,-23380
2008-06-18,-23380
2008-06-19,-23380
2008-06-20,-23380
2008-06-23,-23380
2008-06-24,-23380
2008-06-25,-23380
2008-06-26,-23380
2008-06-27,-23380
2008-06-30,-23380
2008-07-01,-22558
2008-07-02,-22558
2008-07-03,-22558
2008-07-04,-22558
2008-07-07,-22558
2008-07-08,-22558
2008-07-09,-22558
2008-07-10,-22558
2008-07-11,-22558
2008-07-14,-22558
2008-07-15,-22558
2008-07-16,-22648
2008-07-17,-22648
2008-07-18,-22648
2008-07-21,-22648
2008-07-22,-22648
2008-07-23,-22648
2008-07-24,-22648
2008-07-25,-22648
2008-07-28,-22648
2008-07-29,-22648
2008-07-30,-22648
2008-07-31,-22648
2008-08-01,-22548
2008-08-04,-22548
2008-08-05,-22548
2008-08-06,-22548
2008-08-07,-22548
2008-08-08,-22548
2008-08-11,-22548
2008-08-12,-22548
2008-08-13,-22548
2008-08-14,-22548
2008-08-15,-22548
2008-08-18,-22548
2008-08-19,-22548
2008-08-20,-22548
2008-08-21,-22548
2008-08-22,-22548
2008-08-25,-22548
2008-08-26,-22548
2008-08-27,-22548
2008-08-28,-22548
2008-08-29,-22548
2008-09-01,-22340
2008-09-02,-22340
2008-09-03,-22340
2008-09-04,-22340
2008-09-05,-22340
2008-09-08,-22340
2008-09-09,-22340
2008-09-10,-22340
2008-09-11,-22340
2008-09-12,-22340
2008-09-15,-22417.5
2008-09-16,-22417.5
2008-09-17,-22417.5
2008-09-18,-22417.5
2008-09-19,-22417.5
2008-09-22,-22417.5
2008-09-23,-22417.5
2008-09-24,-22417.5
2008-09-25,-22417.5
2008-09-26,-22417.5
2008-09-29,-22417.5
2008-09-30,-22417.5
2008-10-01,-20945
2008-10-02,-20945
2008-10-03,-20945
2008-10-06,-20945
2008-10-07,-20945
2008-10-08,-18100
2008-10-09,-16750
2008-10-10,-15817.5
2008-10-13,-15220.5
2008-10-14,-14715
2008-10-15,-13455
2008-10-16,-12119.5
2008-10-17,-10264.5
2008-10-20,-8864.5
2008-10-21,-8064.5
2008-10-22,-7564.5
2008-10-23,-7048
2008-10-24,-4748
2008-10-27,-2230
2008-10-28,-1392.5
2008-10-29,-887.5
2008-10-30,217.5
2008-10-31,1204.75
2008-11-03,1717.25
2008-11-04,2567.25
2008-11-05,3179.75
2008-11-06,3663.25
2008-11-07,4095.25
2008-11-10,5095.25
2008-11-11,5309.75
2008-11-12,5454.75
2008-11-13,6454.75
2008-11-14,6954.75
2008-11-17,7654.75
2008-11-18,8154.75
2008-11-19,8513.75
2008-11-20,8513.75
2008-11-21,8740.25
2008-11-24,9115.25
2008-11-25,9615.25
2008-11-26,9901.25
2008-11-27,10160.8
2008-11-28,10160.8
2008-12-01,10068.2
2008-12-02,10068.2
2008-12-03,10068.2
2008-12-04,10068.2
2008-12-05,10384.2
2008-12-08,11745.2
2008-12-09,11745.2
2008-12-10,11745.2
2008-12-11,11745.2
2008-12-12,11745.2
2008-12-15,11745.2
2008-12-16,11745.2
2008-12-17,11745.2
2008-12-18,11745.2
2008-12-19,11745.2
2008-12-22,11745.2
2008-12-23,11745.2
2008-12-24,11745.2
2008-12-25,11745.2
2008-12-26,11745.2
2008-12-29,11745.2
2008-12-30,11745.2
2008-12-31,11745.2
2009-01-01,11745.2
2009-01-02,11838.5
2009-01-05,11838.5
2009-01-06,11838.5
2009-01-07,11838.5
2009-01-08,11838.5
2009-01-09,11838.5
2009-01-12,11838.5
2009-01-13,11838.5
2009-01-14,11838.5
2009-01-15,11838.5
2009-01-16,11838.5
2009-01-19,11838.5
2009-01-20,11838.5
2009-01-21,11838.5
2009-01-22,11838.5
2009-01-23,11838.5
2009-01-26,11838.5
2009-01-27,11838.5
2009-01-28,11838.5
2009-01-29,11838.5
2009-01-30,11838.5
2009-02-02,11260
2009-02-03,11260
2009-02-04,11260
2009-02-05,11260
2009-02-06,11260
2009-02-09,11260
2009-02-10,11260
2009-02-11,11260
2009-02-12,11260
2009-02-13,11260
2009-02-16,11260
2009-02-17,11260
2009-02-18,11260
2009-02-19,11260
2009-02-20,11260
2009-02-23,11260
2009-02-24,11260
2009-02-25,11260
2009-02-26,11260
2009-02-27,11260
2009-03-02,11005
2009-03-03,11005
2009-03-04,11005
2009-03-05,11005
2009-03-06,11005
2009-03-09,11005
2009-03-10,11005
2009-03-11,11005
2009-03-12,11005
2009-03-13,11005
2009-03-16,11005
2009-03-17,11005
2009-03-18,11005
2009-03-19,11005
2009-03-20,11005
2009-03-23,11005
2009-03-24,11005
2009-03-25,11005
2009-03-26,11005
2009-03-27,11005
2009-03-30,11005
2009-03-31,11005
2009-04-01,7420.5
2009-04-02,7420.5
2009-04-03,7420.5
2009-04-06,7420.5
2009-04-07,7420.5
2009-04-08,7420.5
2009-04-09,7420.5
2009-04-10,7420.5
2009-04-13,7420.5
2009-04-14,7420.5
2009-04-15,7420.5
2009-04-16,7420.5
2009-04-17,7420.5
2009-04-20,7420.5
2009-04-21,7420.5
2009-04-22,7420.5
2009-04-23,7420.5
2009-04-24,7420.5
2009-04-27,7420.5
2009-04-28,7420.5
2009-04-29,7420.5
2009-04-30,7420.5
2009-05-01,7420.5
2009-05-04,3695.5
2009-05-05,3695.5
2009-05-06,315.5
2009-05-07,315.5
2009-05-08,315.5
2009-05-11,315.5
2009-05-12,315.5
2009-05-13,315.5
2009-05-14,315.5
2009-05-15,315.5
2009-05-18,315.5
2009-05-19,315.5
2009-05-20,315.5
2009-05-21,315.5
2009-05-22,315.5
2009-05-25,315.5
2009-05-26,315.5
2009-05-27,315.5
2009-05-28,315.5
2009-05-29,315.5
2009-06-01,315.5
2009-06-02,315.5
2009-06-03,315.5
2009-06-04,315.5
2009-06-05,315.5
2009-06-08,315.5
2009-06-09,315.5
2009-06-10,315.5
2009-06-11,315.5
2009-06-12,315.5
2009-06-15,315.5
2009-06-16,315.5
2009-06-17,315.5
2009-06-18,315.5
2009-06-19,315.5
2009-06-22,315.5
2009-06-23,315.5
2009-06-24,315.5
2009-06-25,315.5
2009-06-26,315.5
2009-06-29,315.5
2009-06-30,315.5
2009-07-01,0
2009-07-02,0
2009-07-03,0
2009-07-06,0
2009-07-07,0
2009-07-08,0
2009-07-09,0
2009-07-10,0
2009-07-13,0
2009-07-14,0
2009-07-15,0
2009-07-16,0
2009-07-17,0
2009-07-20,0
2009-07-21,0
2009-07-22,0
2009-07-23,0
2009-07-24,0
2009-07-27,0
2009-07-28,0
2009-07-29,0
2009-07-30,0
2009-07-31,0
2009-08-03,0
2009-08-04,0
2009-08-05,0
2009-08-06,0
2009-08-07,0
2009-08-10,0
2009-08-11,0
2009-08-12,0
2009-08-13,0
2009-08-14,0
2009-08-17,0
2009-08-18,0
2009-08-19,0
2009-08-20,0
2009-08-21,0
2009-08-24,0
2009-08-25,0
2009-08-26,0
2009-08-27,0
2009-08-28,0
2009-08-31,0
2009-09-01,0
2009-09-02,0
2009-09-03,0
2009-09-04,0
2009-09-07,0
2009-09-08,0
2009-09-09,0
2009-09-10,0
2009-09-11,0
2009-09-14,0
2009-09-15,0
2009-09-16,0
2009-09-17,0
2009-09-18,0
2009-09-21,0
2009-09-22,0
2009-09-23,0
2009-09-24,0
2009-09-25,0
2009-09-28,0
2009-09-29,0
2009-09-30,0
2009-10-01,0
2009-10-02,0
2009-10-05,0
2009-10-06,0
2009-10-07,0
2009-10-08,0
2009-10-09,0
2009-10-12,0
2009-10-13,0
2009-10-14,0
2009-10-15,0
2009-10-16,0
2009-10-19,0
2009-10-20,0
2009-10-21,0
2009-10-22,0
2009-10-23,0
2009-10-26,0
2009-10-27,0
2009-10-28,0
2009-10-29,0
2009-10-30,0
2009-11-02,0
2009-11-03,0
2009-11-04,0
2009-11-05,0
2009-11-06,0
2009-11-09,0
2009-11-10,0
2009-11-11,0
2009-11-12,0
2009-11-13,0
2009-11-16,0
2009-11-17,0
2009-11-18,0
2009-11-19,0
2009-11-20,0
2009-11-23,0
2009-11-24,0
2009-11-25,0
2009-11-26,0
2009-11-27,0
2009-11-30,0
2009-12-01,0
2009-12-02,0
2009-12-03,0
2009-12-04,0
2009-12-07,0
2009-12-08,0
2009-12-09,0
2009-12-10,0
2009-12-11,0
2009-12-14,0
2009-12-15,0
2009-12-16,0
2009-12-17,0
2009-12-18,0
2009-12-21,0
2009-12-22,0
2009-12-23,0
2009-12-24,0
2009-12-25,0
2009-12-28,0
2009-12-29,0
2009-12-30,0
2009-12-31,0
2010-01-01,0
2010-01-04,0
2010-01-05,0
2010-01-06,0
2010-01-07,0
2010-01-08,0
2010-01-11,0
2010-01-12,0
2010-01-13,0
2010-01-14,0
2010-01-15,0
2010-01-18,0
2010-01-19,0
2010-01-20,0
2010-01-21,0
2010-01-22,0
2010-01-25,0
2010-01-26,0
2010-01-27,0
2010-01-28,0
2010-01-29,0
2010-02-01,0
2010-02-02,0
2010-02-03,0
2010-02-04,0
2010-02-05,0
2010-02-08,0
2010-02-09,0
2010-02-10,0
2010-02-11,0
2010-02-12,0
2010-02-15,0
2010-02-16,0
2010-02-17,0
2010-02-18,0
2010-02-19,0
2010-02-22,0
2010-02-23,0
2010-02-24,0
2010-02-25,0
2010-02-26,0
2010-03-01,0
2010-03-02,0
2010-03-03,0
2010-03-04,0
2010-03-05,0
2010-03-08,0
2010-03-09,0
2010-03-10,0
2010-03-11,0
2010-03-12,0
2010-03-15,0
2010-03-16,0
2010-03-17,0
2010-03-18,0
2010-03-19,0
2010-03-22,0
2010-03-23,0
2010-03-24,0
2010-03-25,0
2010-03-26,0
2010-03-29,0
2010-03-30,0
2010-03-31,0
2010-04-01,0
2010-04-02,0
2010-04-05,0
2010-04-06,0
2010-04-07,0
2010-04-08,0
2010-04-09,0
2010-04-12,0
2010-04-13,0
2010-04-14,0
2010-04-15,0
2010-04-16,0
2010-04-19,0
2010-04-20,0
2010-04-21,0
2010-04-22,0
2010-04-23,0
2010-04-26,0
2010-04-27,0
2010-04-28,0
2010-04-29,0
2010-04-30,0
2010-05-03,0
2010-05-04,0
2010-05-05,0
2010-05-06,0
2010-05-07,0
2010-05-10,0
2010-05-11,0
2010-05-12,0
2010-05-13,0
2010-05-14,0
2010-05-17,0
2010-05-18,0
2010-05-19,0
2010-05-20,0
2010-05-21,0
2010-05-24,0
2010-05-25,0
2010-05-26,0
2010-05-27,0
2010-05-28,0
2010-05-31,0
2010-06-01,0
2010-06-02,0
2010-06-03,0
2010-06-04,0
2010-06-07,0
2010-06-08,0
2010-06-09,0
2010-06-10,0
2010-06-11,0
2010-06-14,0
2010-06-15,0
2010-06-16,0
2010-06-17,0
2010-06-18,0
2010-06-21,0
2010-06-22,0
2010-06-23,0
2010-06-24,0
2010-06-25,0
2010-06-28,0
2010-06-29,0
2010-06-30,0
2010-07-01,0
2010-07-02,0
2010-07-05,0
2010-07-06,0
2010-07-07,0
2010-07-08,0
2010-07-09,0
2010-07-12,0
2010-07-13,0
2010-07-14,0
2010-07-15,0
2010-07-16,0
2010-07-19,0
2010-07-20,0
2010-07-21,0
2010-07-22,0
2010-07-23,0
2010-07-26,0
2010-07-27,0
2010-07-28,0
2010-07-29,0
2010-07-30,0
2010-08-02,0
2010-08-03,0
2010-08-04,0
2010-08-05,0
2010-08-06,0
2010-08-09,0
2010-08-10,0
2010-08-11,0
2010-08-12,0
2010-08-13,0
2010-08-16,0
2010-08-17,0
2010-08-18,0
2010-08-19,0
2010-08-20,0
2010-08-23,0
2010-08-24,0
2010-08-25,0
2010-08-26,0
2010-08-27,0
2010-08-30,0
2010-08-31,0
2010-09-01,0
2010-09-02,0
2010-09-03,0
2010-09-06,0
2010-09-07,0
2010-09-08,0
2010-09-09,0
2010-09-10,0
2010-09-13,0
2010-09-14,0
2010-09-15,0
2010-09-16,0
2010-09-17,0
2010-09-20,0
2010-09-21,0
2010-09-22,0
2010-09-23,0
2010-09-24,0
2010-09-27,0
2010-09-28,0
2010-09-29,0
2010-09-30,0
2010-10-01,0
2010-10-04,0
2010-10-05,0
2010-10-06,0
2010-10-07,0
2010-10-08,0
2010-10-11,0
2010-10-12,0
2010-10-13,0
2010-10-14,0
2010-10-15,0
2010-10-18,0
2010-10-19,0
2010-10-20,0
2010-10-21,0
2010-10-22,0
2010-10-25,0
2010-10-26,0
2010-10-27,0
2010-10-28,0
2010-10-29,0
2010-11-01,0
2010-11-02,0
2010-11-03,0
2010-11-04,0
2010-11-05,0
2010-11-08,0
2010-11-09,0
2010-11-10,0
2010-11-11,0
2010-11-12,0
2010-11-15,0
2010-11-16,0
2010-11-17,0
2010-11-18,0
2010-11-19,0
2010-11-22,0
2010-11-23,0
2010-11-24,0
2010-11-25,0
2010-11-26,0
2010-11-29,0
2010-11-30,0
2010-12-01,0
2010-12-02,0
2010-12-03,0
2010-12-06,0
2010-12-07,0
2010-12-08,0
2010-12-09,0
2010-12-10,0
2010-12-13,0
2010-12-14,0
2010-12-15,0
2010-12-16,0
2010-12-17,0
2010-12-20,0
2010-12-21,0
2010-12-22,0
2010-12-23,0
2010-12-24,0
2010-12-27,0
2010-12-28,0
2010-12-29,0
2010-12-30,0
2010-12-31,0
2011-01-17,-1000
2011-01-18,-1000
2011-01-19,-1000
2011-01-20,-1000
2011-01-21,-1000
2011-01-24,-2000
2011-01-25,-2000
2011-01-26,-3000
2011-01-27,-3000
2011-01-28,-3510
2011-01-31,-3510
2011-02-01,-3510
2011-02-02,-3510
2011-02-03,-3510
2011-02-04,-3510
2011-02-07,-4224
2011-02-08,-4224
2011-02-09,-4224
2011-02-10,-4224
2011-02-11,-5088
2011-02-14,-5088
2011-02-15,-5088
2011-02-16,-5088
2011-02-17,-5088
2011-02-18,-5088
2011-02-21,-6588
2011-02-22,-6588
2011-02-23,-7450
2011-02-24,-7450
2011-02-25,-7450
2011-02-28,-8380
2011-03-01,-9645
2011-03-02,-9645
2011-03-03,-9645
2011-03-04,-9645
2011-03-07,-9645
2011-03-08,-9645
2011-03-09,-9645
2011-03-10,-9645
2011-03-11,-9645
2011-03-14,-9645
2011-03-15,-9645
2011-03-16,-9645
2011-03-17,-9645
2011-03-18,-9645
2011-03-21,-9645
2011-03-22,-9645
2011-03-23,-9645
2011-03-24,-9645
2011-03-25,-9645
2011-03-28,-9645
2011-03-29,-9645
2011-03-30,-9645
2011-03-31,-9937.5
2011-04-01,-10274.5
2011-04-04,-11474.5
2011-04-05,-11474.5
2011-04-06,-11474.5
2011-04-07,-11474.5
2011-04-08,-11474.5
2011-04-11,-11474.5
2011-04-12,-11474.5
2011-04-13,-11474.5
2011-04-14,-11474.5
2011-04-15,-11474.5
2011-04-18,-11474.5
2011-04-19,-11474.5
2011-04-20,-11474.5
2011-04-21,-11474.5
2011-04-22,-11474.5
2011-04-25,-11474.5
2011-04-26,-11474.5
2011-04-27,-11474.5
2011-04-28,-11474.5
2011-04-29,-11474.5
2011-05-02,-11389.5
2011-05-03,-11389.5
2011-05-04,-11389.5
2011-05-05,-11389.5
2011-05-06,-11389.5
2011-05-09,-11389.5
2011-05-10,-11389.5
2011-05-11,-11389.5
2011-05-12,-11389.5
2011-05-13,-11389.5
2011-05-16,-11389.5
2011-05-17,-11389.5
2011-05-18,-11389.5
2011-05-19,-11389.5
2011-05-20,-11389.5
2011-05-23,-11389.5
2011-05-24,-11389.5
2011-05-25,-11389.5
2011-05-26,-11389.5
2011-05-27,-11389.5
2011-05-30,-11389.5
2011-05-31,-11389.5
2011-06-01,-9734.5
2011-06-02,-9734.5
2011-06-03,-9734.5
2011-06-06,-9734.5
2011-06-07,-9734.5
2011-06-08,-9734.5
2011-06-09,-9734.5
2011-06-10,-9734.5
2011-06-13,-9734.5
2011-06-14,-9734.5
2011-06-15,-9734.5
2011-06-16,-9734.5
2011-06-17,-9734.5
2011-06-20,-9734.5
2011-06-21,-9734.5
2011-06-22,-9734.5
2011-06-23,-9734.5
2011-06-24,-9734.5
2011-06-27,-9734.5
2011-06-28,-9734.5
2011-06-29,-9734.5
2011-06-30,-9734.5
2011-07-01,-9289.5
2011-07-04,-9289.5
2011-07-05,-9289.5
2011-07-06,-9289.5
2011-07-07,-9289.5
2011-07-08,-9289.5
2011-07-11,-9782
2011-07-12,-9782
2011-07-13,-9782
2011-07-14,-10354.5
2011-07-15,-10354.5
2011-07-18,-10354.5
2011-07-19,-10354.5
2011-07-20,-10354.5
2011-07-21,-10354.5
2011-07-22,-10354.5
2011-07-25,-10354.5
2011-07-26,-10354.5
2011-07-27,-10354.5
2011-07-28,-10354.5
2011-07-29,-10354.5
2011-08-01,-9564.5
2011-08-02,-9564.5
2011-08-03,-9564.5
2011-08-04,-9564.5
2011-08-05,-9564.5
2011-08-08,-9564.5
2011-08-09,-9564.5
2011-08-10,-9564.5
2011-08-11,-9564.5
2011-08-12,-9564.5
2011-08-15,-9564.5
2011-08-16,-9564.5
2011-08-17,-9564.5
2011-08-18,-9564.5
2011-08-19,-9564.5
2011-08-22,-9564.5
2011-08-23,-9564.5
2011-08-24,-9564.5
2011-08-25,-9564.5
2011-08-26,-9564.5
2011-08-29,-9564.5
2011-08-30,-9564.5
2011-08-31,-9564.5
2011-09-01,-8344.5
2011-09-02,-8344.5
2011-09-05,-8344.5
2011-09-06,-8344.5
2011-09-07,-8344.5
2011-09-08,-8344.5
2011-09-09,-8344.5
2011-09-12,-8344.5
2011-09-13,-8344.5
2011-09-14,-8344.5
2011-09-15,-8344.5
2011-09-16,-8344.5
2011-09-19,-8344.5
2011-09-20,-8344.5
2011-09-21,-8344.5
2011-09-22,-8344.5
2011-09-23,-5590.75
2011-09-26,-5590.75
2011-09-27,-5590.75
2011-09-28,-5590.75
2011-09-29,-5590.75
2011-09-30,-5590.75
2011-10-03,-4280
2011-10-04,-2572.5
2011-10-05,-915
2011-10-06,-915
2011-10-07,-915
2011-10-10,-915
2011-10-11,-915
2011-10-12,-915
2011-10-13,-915
2011-10-14,-915
2011-10-17,-915
2011-10-18,-915
2011-10-19,-915
2011-10-20,-915
2011-10-21,-915
2011-10-24,-915
2011-10-25,-915
2011-10-26,-915
2011-10-27,-915
2011-10-28,-915
2011-10-31,-915
2011-11-01,-1616.25
2011-11-02,-1616.25
2011-11-03,-1616.25
2011-11-04,-1616.25
2011-11-07,-1616.25
2011-11-08,-1616.25
2011-11-09,-1616.25
2011-11-10,-1616.25
2011-11-11,-1616.25
2011-11-14,-1616.25
2011-11-15,-1616.25
2011-11-16,-1616.25
2011-11-17,-1616.25
2011-11-18,-1616.25
2011-11-21,-1616.25
2011-11-22,-1616.25
2011-11-23,-1616.25
2011-11-24,-1616.25
2011-11-25,-1616.25
2011-11-28,-1616.25
2011-11-29,-1616.25
2011-11-30,-1616.25
2011-12-01,-1616.25
2011-12-02,-1616.25
2011-12-05,-1616.25
2011-12-06,-1616.25
2011-12-07,-1616.25
2011-12-08,-1616.25
2011-12-09,-1616.25
2011-12-12,-1616.25
2011-12-13,-1616.25
2011-12-14,-1616.25
2011-12-15,-1616.25
2011-12-16,-1616.25
2011-12-19,-1616.25
2011-12-20,-1616.25
2011-12-21,-1616.25
2011-12-22,-1616.25
2011-12-23,-1616.25
2011-12-26,-1616.25
2011-12-27,-1616.25
2011-12-28,-1616.25
2011-12-29,-1616.25
2011-12-30,-1616.25
2012-01-02,-1420
2012-01-03,-1420
2012-01-04,-1420
2012-01-05,-1420
2012-01-06,-1420
2012-01-09,-1420
2012-01-10,-1420
2012-01-11,-1420
2012-01-12,-1420
2012-01-13,-1420
2012-01-16,-1420
2012-01-17,-1420
2012-01-18,-1420
2012-01-19,-1420
2012-01-20,-1420
2012-01-23,-1420
2012-01-24,-1420
2012-01-25,-1420
2012-01-26,-1420
2012-01-27,-1420
2012-01-30,-1420
2012-01-31,-1420
2012-02-01,-1420
2012-02-02,-1420
2012-02-03,-1420
2012-02-06,-1420
2012-02-07,-1420
2012-02-08,-1420
2012-02-09,-1420
2012-02-10,-1420
2012-02-13,-1420
2012-02-14,-1420
2012-02-15,-1420
2012-02-16,-1420
2012-02-17,-1420
2012-02-20,-1420
2012-02-21,-1420
2012-02-22,-1420
2012-02-23,-1420
2012-02-24,-1595
2012-02-27,-1595
2012-02-28,-1595
2012-02-29,-1595
2012-03-01,-3120
2012-03-02,-3120
2012-03-05,-3120
2012-03-06,-3120
2012-03-07,-3120
2012-03-08,-3120
2012-03-09,-3120
2012-03-12,-3120
2012-03-13,-3120
2012-03-14,-3120
2012-03-15,-3120
2012-03-16,-3120
2012-03-19,-3120
2012-03-20,-3120
2012-03-21,-3120
2012-03-22,-3120
2012-03-23,-3120
2012-03-26,-3120
2012-03-27,-3120
2012-03-28,-3120
2012-03-29,-3120
2012-03-30,-3120
2012-04-02,-3120
2012-04-03,-3120
2012-04-04,-3120
2012-04-05,-3120
2012-04-06,-3120
2012-04-09,-3120
2012-04-10,-3120
2012-04-11,-3120
2012-04-12,-3120
2012-04-13,-3120
2012-04-16,-3120
2012-04-17,-3120
2012-04-18,-3120
2012-04-19,-3120
2012-04-20,-3120
2012-04-23,-3120
2012-04-24,-3120
2012-04-25,-3120
2012-04-26,-3120
2012-04-27,-3120
2012-04-30,-3120
2012-05-01,-3120
2012-05-02,-3120
2012-05-03,-3120
2012-05-04,-3120
2012-05-07,-3120
2012-05-08,-3120
2012-05-09,-3120
2012-05-10,-3120
2012-05-11,-3120
2012-05-14,-3120
2012-05-15,-3120
2012-05-16,-3120
2012-05-17,-3120
2012-05-18,-3120
2012-05-21,-2470
2012-05-22,-2470
2012-05-23,-275
2012-05-24,1045
2012-05-25,1610
2012-05-28,2310
2012-05-29,2310
2012-05-30,2310
2012-05-31,2310
2012-06-01,2310
2012-06-04,2310
2012-06-05,2310
2012-06-06,3325
2012-06-07,3325
2012-06-08,3325
2012-06-11,4345
2012-06-12,4745
2012-06-13,4745
2012-06-14,4745
2012-06-15,4745
2012-06-18,4745
2012-06-19,4745
2012-06-20,4745
2012-06-21,4745
2012-06-22,4745
2012-06-25,4745
2012-06-26,4745
2012-06-27,4745
2012-06-28,4745
2012-06-29,4745
2012-07-02,10820
2012-07-03,10820
2012-07-04,10820
2012-07-05,10820
2012-07-06,10820
2012-07-09,10820
2012-07-10,10820
2012-07-11,10820
2012-07-12,10820
2012-07-13,10820
2012-07-16,10820
2012-07-17,10820
2012-07-18,10820
2012-07-19,10820
2012-07-20,10820
2012-07-23,10820
2012-07-24,10820
2012-07-25,10820
2012-07-26,10820
2012-07-27,10820
2012-07-30,10820
2012-07-31,10820
2012-08-01,6250
2012-08-02,6250
2012-08-03,6250
2012-08-06,6250
2012-08-07,6250
2012-08-08,6250
2012-08-09,6250
2012-08-10,6250
2012-08-13,6250
2012-08-14,6250
2012-08-15,6250
2012-08-16,6250
2012-08-17,6250
2012-08-20,6250
2012-08-21,6250
2012-08-22,5900
2012-08-23,5900
2012-08-24,5900
2012-08-27,5900
2012-08-28,5900
2012-08-29,5900
2012-08-30,5900
2012-08-31,5900
2012-09-03,1800
2012-09-04,1800
2012-09-05,1800
2012-09-06,1800
2012-09-07,1800
2012-09-10,1800
2012-09-11,1800
2012-09-12,1800
2012-09-13,425
2012-09-14,425
2012-09-17,-1730
2012-09-18,-3905
2012-09-19,-3905
2012-09-20,-3905
2012-09-21,-3905
2012-09-24,-3905
2012-09-25,-3905
2012-09-26,-3905
2012-09-27,-3905
2012-09-28,-3905
2012-10-01,-3650
2012-10-02,-3650
2012-10-03,-3650
2012-10-04,-3650
2012-10-05,-3650
2012-10-08,-4940
2012-10-09,-4940
2012-10-10,-4940
2012-10-11,-4940
2012-10-12,-4940
2012-10-15,-4940
2012-10-16,-4940
2012-10-17,-4940
2012-10-18,-4940
2012-10-19,-4940
2012-10-22,-4940
2012-10-23,-4940
2012-10-24,-4940
2012-10-25,-4940
2012-10-26,-4940
2012-10-29,-4940
2012-10-30,-4940
2012-10-31,-4940
2012-11-01,-5015
2012-11-02,-5015
2012-11-05,-5015
2012-11-06,-5015
2012-11-07,-5015
2012-11-08,-5015
2012-11-09,-5015
2012-11-12,-5015
2012-11-13,-5015
2012-11-14,-5015
2012-11-15,-5015
2012-11-16,-5015
2012-11-19,-5015
2012-11-20,-5015
2012-11-21,-5015
2012-11-22,-5015
2012-11-23,-5015
2012-11-26,-3390
2012-11-27,-3390
2012-11-28,-3390
2012-11-29,-3390
2012-11-30,-3390
2012-12-03,-1875
2012-12-04,215
2012-12-05,215
2012-12-06,215
2012-12-07,215
2012-12-10,215
2012-12-11,215
2012-12-12,215
2012-12-13,215
2012-12-14,215
2012-12-17,215
2012-12-18,215
2012-12-19,215
2012-12-20,215
2012-12-21,215
2012-12-24,215
2012-12-25,215
2012-12-26,215
2012-12-27,2065
2012-12-28,2065
2012-12-31,2065
2013-01-01,2065
2013-01-02,1850
2013-01-03,1850
2013-01-04,1850
2013-01-07,1850
2013-01-08,1850
2013-01-09,1850
2013-01-10,1850
2013-01-11,1850
2013-01-14,1850
2013-01-15,1850
2013-01-16,1850
2013-01-17,1850
2013-01-18,1850
2013-01-21,1850
2013-01-22,1850
2013-01-23,1850
2013-01-24,1850
2013-01-25,1850
2013-01-28,1850
2013-01-29,1850
2013-01-30,1850
2013-01-31,1850
2013-02-01,1850
2013-02-04,1850
2013-02-05,1850
2013-02-06,1850
2013-02-07,1850
2013-02-08,1850
2013-02-11,1850
2013-02-12,1850
2013-02-13,1350
2013-02-14,1350
2013-02-15,1350
2013-02-18,0
2013-02-19,0
2013-02-20,0
2013-02-21,0
2013-02-22,0
2013-02-25,0
2013-02-26,0
2013-02-27,0
2013-02-28,0
2013-03-12,-1000
2013-03-13,-1000
2013-03-14,-1000
2013-03-15,-1000
2013-03-18,-1000
2013-03-19,-1000
2013-03-20,-1000
2013-03-21,-1000
2013-03-22,-1000
2013-03-25,-1000
2013-03-26,-1000
2013-03-27,-1000
2013-03-28,0
2013-03-29,0
2013-04-01,0
2013-04-02,0
2013-04-03,0
2013-04-04,0
2013-04-05,0
2013-04-08,0
2013-04-09,0
2013-04-10,0
2013-04-11,0
2013-04-12,0
2013-04-15,0
2013-04-16,0
2013-04-17,0
2013-04-18,0
2013-04-19,0
2013-04-22,0
2013-04-23,0
2013-04-24,0
2013-04-25,0
2013-04-26,0
2013-04-29,0
2013-04-30,0
2013-05-01,0
2013-06-03,880
2013-06-04,880
2013-06-05,880
2013-06-06,2255
2013-06-07,2255
2013-06-10,2255
2013-06-11,4380
2013-06-12,6630
2013-06-13,6630
2013-06-14,6630
2013-06-17,6630
2013-06-18,8585
2013-06-19,13095
2013-06-20,13095
2013-06-21,16095
2013-06-24,17960
2013-06-25,17960
2013-06-26,17960
2013-06-27,17960
2013-06-28,17960
2013-07-01,21905
2013-07-02,21905
2013-07-03,21905
2013-07-04,21905
2013-07-05,23175
2013-07-08,25120
2013-07-09,25120
2013-07-10,25120
2013-07-11,26605
2013-07-12,26605
2013-07-15,26605
2013-07-16,26605
2013-07-17,26605
2013-07-18,26605
2013-07-19,26605
2013-07-22,26605
2013-07-23,26605
2013-07-24,26605
2013-07-25,26605
2013-07-26,26605
2013-07-29,26605
2013-07-30,26605
2013-07-31,26605
2013-08-01,29155
2013-08-02,29155
2013-08-05,30910
2013-08-06,30910
2013-08-07,30910
2013-08-08,30910
2013-08-09,31545
2013-08-12,32545
2013-08-13,32545
2013-08-14,32545
2013-08-15,32545
2013-08-16,34545
2013-08-19,35625
2013-08-20,38252.5
2013-08-21,39252.5
2013-08-22,41032.5
2013-08-23,41032.5
2013-08-26,41032.5
2013-08-27,41532.5
2013-08-28,42032.5
2013-08-29,42532.5
2013-08-30,43032.5
2013-09-02,44492.5
2013-09-03,45992.5
2013-09-04,46492.5
2013-09-05,46992.5
2013-09-06,47492.5
2013-09-09,47492.5
2013-09-10,47992.5
2013-09-11,48492.5
2013-09-12,48992.5
2013-09-13,49492.5
2013-09-16,49492.5
2013-09-17,49992.5
2013-09-18,50492.5
2013-09-19,50992.5
2013-09-20,51492.5
2013-09-23,51492.5
2013-09-24,51992.5
2013-09-25,52492.5
2013-09-26,52975
2013-09-27,53475
2013-09-30,53475
2013-10-01,53975
2013-10-02,54475
2013-10-03,54975
2013-10-04,55475
2013-10-07,55475
2013-10-08,55975
2013-10-09,56475
2013-10-10,56975
2013-10-11,57475
2013-10-14,57475
2013-10-15,57975
2013-10-16,58475
2013-10-17,58975
2013-10-18,59475
2013-10-21,59475
2013-10-22,59975
2013-10-23,60475
2013-10-24,60975
2013-10-25,61475
2013-10-28,61475
2013-10-29,61975
2013-10-30,62475
2013-10-31,62975
2013-11-01,60605
2013-11-04,60605
2013-11-05,61105
2013-11-06,61605
2013-11-07,62105
2013-11-08,62605
2013-11-11,62605
2013-11-12,63105
2013-11-13,63605
2013-11-14,64105
2013-11-15,64105
2013-11-18,64605
2013-11-19,65105
2013-11-20,65105
2013-11-21,65105
2013-11-22,66105
2013-11-25,66105
2013-11-26,66605
2013-11-27,67105
2013-11-28,67605
2013-11-29,68105
2013-12-02,68105
2013-12-03,68605
2013-12-04,69105
2013-12-05,69605
2013-12-06,70105
2013-12-09,70105
2013-12-10,70605
2013-12-11,71105
2013-12-12,71605
2013-12-13,72105
2013-12-16,72105
2013-12-17,72605
2013-12-18,73105
2013-12-19,73605
2013-12-20,74105
2013-12-23,74105
2013-12-24,74105
2013-12-25,74105
2013-12-26,74605
2013-12-27,75105
2013-12-30,75105
2013-12-31,75105
2014-01-01,75105
2014-01-02,75605
2014-01-03,75805
2014-01-06,76005
2014-01-07,76205
2014-01-08,76405
2014-01-09,76605
2014-01-10,76805
2014-01-13,77005
2014-01-14,77205
2014-01-15,77405
2014-01-16,77605
2014-01-17,77805
2014-01-20,78005
2014-01-21,78205
2014-01-22,78405
2014-01-23,78605
2014-01-24,78805
2014-01-27,79005
2014-01-28,79205
2014-01-29,79405
2014-01-30,79605
2014-01-31,79805
2014-02-03,80005
2014-02-04,80205
2014-02-05,80405
2014-02-06,80605
2014-02-07,80805
2014-02-10,81005
2014-02-11,81205
2014-02-12,81405
2014-02-13,81605
2014-02-14,81805
2014-02-17,82005
2014-02-18,82205
2014-02-19,82405
2014-02-20,82605
2014-02-21,82805
2014-02-24,83005
2014-02-25,83205
2014-02-26,83405
2014-02-27,83605
2014-02-28,83805
2014-03-03,83805
2014-03-04,83805
2014-03-05,84005
2014-03-06,84005
2014-03-07,84205
2014-03-10,84405
2014-03-11,84605
2014-03-12,84805
2014-03-13,85005
2014-03-14,85205
2014-03-17,85405
2014-03-18,85605
2014-03-19,85805
2014-03-20,86005
2014-03-21,86205
2014-03-24,86405
2014-03-25,86605
2014-03-26,86805
2014-03-27,87005
2014-03-28,87205
2014-03-31,87405
2014-04-01,84957.5
2014-04-02,85157.5
2014-04-03,85357.5
2014-04-04,85557.5
2014-04-07,85757.5
2014-04-08,85957.5
2014-04-09,86157.5
2014-04-10,86357.5
2014-04-11,86557.5
2014-04-14,86757.5
2014-04-15,86957.5
2014-04-16,87157.5
2014-04-17,87357.5
2014-04-18,87357.5
2014-04-21,87357.5
2014-04-22,87557.5
2014-04-23,87757.5
2014-04-24,87957.5
2014-04-25,88157.5
2014-04-28,88357.5
2014-04-29,88557.5
2014-04-30,88757.5
2014-05-01,88757.5
2014-05-02,86725
2014-05-05,86925
2014-05-06,87125
2014-05-07,87325
2014-05-08,87525
2014-05-09,87725
2014-05-12,87925
2014-05-13,88125
2014-05-14,88325
2014-05-15,88525
2014-05-16,88725
2014-05-19,88925
2014-05-20,89125
2014-05-21,89325
2014-05-22,89525
2014-05-23,89725
2014-05-26,89925
2014-05-27,90125
2014-05-28,90325
2014-05-29,90525
2014-05-30,90725
2014-06-02,86272.5
2014-06-03,86472.5
2014-06-04,86672.5
2014-06-05,86872.5
2014-06-06,87072.5
2014-06-09,87272.5
2014-06-10,87472.5
2014-06-11,87672.5
2014-06-12,87672.5
2014-06-13,87872.5
2014-06-16,88072.5
2014-06-17,88272.5
2014-06-18,88472.5
2014-06-19,88472.5
2014-06-20,88672.5
2014-06-23,88872.5
2014-06-24,89072.5
2014-06-25,89272.5
2014-06-26,89472.5
2014-06-27,89672.5
2014-06-30,89872.5
2014-07-01,88762.5
2014-07-02,88962.5
2014-07-03,89162.5
2014-07-04,89362.5
2014-07-07,89362.5
2014-07-08,89562.5
2014-07-09,89562.5
2014-07-10,89762.5
2014-07-11,89962.5
2014-07-14,90162.5
2014-07-15,90362.5
2014-07-16,90562.5
2014-07-17,90762.5
2014-07-18,90962.5
2014-07-21,91162.5
2014-07-22,91362.5
2014-07-23,91562.5
2014-07-24,91762.5
2014-07-25,91962.5
2014-07-28,92162.5
2014-07-29,92362.5
2014-07-30,92562.5
2014-07-31,92762.5
2014-08-01,90156
2014-08-04,90356
2014-08-05,90556
2014-08-06,90756
2014-08-07,90956
2014-08-08,91156
2014-08-11,91356
2014-08-12,91556
2014-08-13,91756
2014-08-14,91956
2014-08-15,92156
2014-08-18,92356
2014-08-19,92556
2014-08-20,92756
2014-08-21,92956
2014-08-22,93156
2014-08-25,93356
2014-08-26,93556
2014-08-27,93756
2014-08-28,93956
2014-08-29,94156
2014-09-01,93286
2014-09-02,93486
2014-09-03,93686
2014-09-04,93886
2014-09-05,94086
2014-09-08,94286
2014-09-09,94486
2014-09-10,94686
2014-09-11,94886
2014-09-12,95086
2014-09-15,95286
2014-09-16,95486
2014-09-17,95686
2014-09-18,95886
2014-09-19,96086
2014-09-22,96286
2014-09-23,96486
2014-09-24,96686
2014-09-25,96886
2014-09-26,97086
2014-09-29,97286
2014-09-30,97486
2014-10-01,97609
2014-10-02,97809
2014-10-03,98009
2014-10-06,98209
2014-10-07,98409
2014-10-08,98609
2014-10-09,98809
2014-10-10,99009
2014-10-13,99209
2014-10-14,99409
2014-10-15,99609
2014-10-16,99809
2014-10-17,100009
2014-10-20,100209
2014-10-21,100409
2014-10-22,100609
2014-10-23,100809
2014-10-24,101009
2014-10-27,101209
2014-10-28,101409
2014-10-29,101609
2014-10-30,101809
2014-10-31,102009
2014-11-03,102169
2014-11-04,102369
2014-11-05,102569
2014-11-06,102769
2014-11-07,102969
2014-11-10,103169
2014-11-11,103369
2014-11-12,103569
2014-11-13,103769
2014-11-14,103969
2014-11-17,104169
2014-11-18,104369
2014-11-19,104569
2014-11-20,104569
2014-11-21,104769
2014-11-24,104969
2014-11-25,105169
2014-11-26,105369
2014-11-27,105569
2014-11-28,105769
2014-12-01,105788
2014-12-02,105988
2014-12-03,106188
2014-12-04,106388
2014-12-05,106588
2014-12-08,106788
2014-12-09,106988
2014-12-10,107188
2014-12-11,107388
2014-12-12,107588
2014-12-15,107788
2014-12-16,107988
2014-12-17,108188
2014-12-18,108388
2014-12-19,108588
2014-12-22,108788
2014-12-23,108988
2014-12-24,108988
2014-12-25,108988
2014-12-26,109188
2014-12-29,109388
2014-12-30,109588
2014-12-31,109588
2015-01-01,109588
2015-01-02,109461
2015-01-05,109561
2015-01-06,109661
2015-01-07,109761
2015-01-08,109861
2015-01-09,109961
2015-01-12,110061
2015-01-13,110161
2015-01-14,110261
2015-01-15,110361
2015-01-16,110461
2015-01-19,110561
2015-01-20,110661
2015-01-21,110761
2015-01-22,110861
2015-01-23,110961
2015-01-26,111061
2015-01-27,111161
2015-01-28,111261
2015-01-29,111361
2015-01-30,111461
2015-02-02,111156
2015-02-03,111256
2015-02-04,111356
2015-02-05,111456
2015-02-06,111556
2015-02-09,111656
2015-02-10,111756
2015-02-11,111856
2015-02-12,111956
2015-02-13,112056
2015-02-16,112056
2015-02-17,112056
2015-02-18,112156
2015-02-19,112156
2015-02-20,112256
2015-02-23,112356
2015-02-24,112456
2015-02-25,112556
2015-02-26,112656
2015-02-27,112756
2015-03-02,112818
2015-03-03,112918
2015-03-04,113018
2015-03-05,113118
2015-03-06,113218
2015-03-09,113318
2015-03-10,113418
2015-03-11,113518
2015-03-12,113618
2015-03-13,113718
2015-03-16,113818
2015-03-17,113918
2015-03-18,114018
2015-03-19,114118
2015-03-20,114218
2015-03-23,114318
2015-03-24,114418
2015-03-25,114518
2015-03-26,114618
2015-03-27,114718
2015-03-30,114818
2015-03-31,114918
2015-04-01,112824
2015-04-02,112824
2015-04-03,112824
2015-04-06,112824
2015-04-07,112824
2015-04-08,112824
2015-04-09,112824
2015-04-10,112824
2015-04-13,112824
2015-04-14,112824
2015-04-15,112824
2015-04-16,112824
2015-04-17,112824
2015-04-20,112824
2015-04-21,112824
2015-04-22,112824
2015-04-23,112824
2015-04-24,112824
2015-04-27,112824
2015-04-28,112824
2015-04-29,112824
2015-04-30,112824
2015-05-01,112824
2015-05-04,112780
2015-05-05,112780
2015-05-06,112780
2015-05-07,112780
2015-05-08,112780
2015-05-11,112780
2015-05-12,112780
2015-05-13,112780
2015-05-14,112780
2015-05-15,112780
2015-05-18,112780
2015-05-19,112780
2015-05-20,112780
2015-05-21,112780
2015-05-22,112780
2015-05-25,112780
2015-05-26,112780
2015-05-27,112780
2015-05-28,112780
2015-05-29,112780
2015-06-01,110819
2015-06-02,110819
2015-06-03,110819
2015-06-04,110819
2015-06-05,110819
2015-06-08,110819
2015-06-09,110819
2015-06-10,110819
2015-06-11,110819
2015-06-12,110819
2015-06-15,110819
2015-06-16,110819
2015-06-17,110819
2015-06-18,110819
2015-06-19,110819
2015-06-22,110819
2015-06-23,110819
2015-06-24,110819
2015-06-25,110819
2015-06-26,110819
2015-06-29,110819
2015-06-30,110819
2015-07-01,108182
2015-07-02,108182
2015-07-03,108182
2015-07-06,108182
2015-07-07,108182
2015-07-08,108182
2015-07-09,108182
2015-07-10,108182
2015-07-13,108182
2015-07-14,108182
2015-07-15,108182
2015-07-16,108182
2015-07-17,108182
2015-07-20,108182
2015-07-21,108182
2015-07-22,108182
2015-07-23,108182
2015-07-24,108182
2015-07-27,108182
2015-07-28,108182
2015-07-29,108182
2015-07-30,108182
2015-07-31,108182
2015-08-03,103917
2015-08-04,103917
2015-08-05,103917
2015-08-06,103917
2015-08-07,103917
2015-08-10,103917
2015-08-11,103917
2015-08-12,103917
2015-08-13,103917
2015-08-14,103917
2015-08-17,103917
2015-08-18,103917
2015-08-19,103917
2015-08-20,103917
2015-08-21,103917
2015-08-24,103917
2015-08-25,103917
2015-08-26,103917
2015-08-27,103917
2015-08-28,103917
2015-08-31,103917
2015-09-01,103890
2015-09-02,103890
2015-09-03,103890
2015-09-04,103890
2015-09-07,103890
2015-09-08,103890
2015-09-09,103890
2015-09-10,103890
2015-09-11,103890
2015-09-14,103890
2015-09-15,103890
2015-09-16,103890
2015-09-17,103890
2015-09-18,103890
2015-09-21,103890
2015-09-22,103890
2015-09-23,103890
2015-09-24,104110
2015-09-25,105110
2015-09-28,107110
2015-09-29,107110
2015-09-30,108110
2015-10-01,108102
2015-10-02,108102
2015-10-05,108102
2015-10-06,108102
2015-10-07,108102
2015-10-08,108102
2015-10-09,108102
2015-10-12,108102
2015-10-13,108102
2015-10-14,108102
2015-10-15,108102
2015-10-16,108102
2015-10-19,108102
2015-10-20,108102
2015-10-21,108102
2015-10-22,108102
2015-10-23,108102
2015-10-26,108102
2015-10-27,108102
2015-10-28,108102
2015-10-29,108102
2015-10-30,108102
2015-11-02,108102
2015-11-03,108100
2015-11-04,108100
2015-11-05,108100
2015-11-06,108100
2015-11-09,108100
2015-11-10,108100
2015-11-11,108100
2015-11-12,108100
2015-11-13,108100
2015-11-16,108100
2015-11-17,108100
2015-11-18,108100
2015-11-19,108100
2015-11-20,108100
2015-11-23,108100
2015-11-24,108100
2015-11-25,108100
2015-11-26,108100
2015-11-27,108100
2015-11-30,108100
2015-12-01,108103
2015-12-02,108103
2015-12-03,108103
2015-12-04,108103
2015-12-07,108103
2015-12-08,108103
2015-12-09,108103
2015-12-10,108103
2015-12-11,108103
2015-12-14,108103
2015-12-15,108103
2015-12-16,108103
2015-12-17,108103
2015-12-18,108103
2015-12-21,108103
2015-12-22,108103
2015-12-23,108103
2015-12-24,108103
2015-12-25,108103
2015-12-28,108103
2015-12-29,108103
2015-12-30,108103
2015-12-31,108103
2016-01-01,108103
2016-01-04,108106
2016-01-05,108106
2016-01-06,108106
2016-01-07,108106
2016-01-08,108106
2016-01-11,108106
2016-01-12,108106
2016-01-13,108106
2016-01-14,108106
2016-01-15,108106
2016-01-18,108106
2016-01-19,108106
2016-01-20,108106
2016-01-21,108106
2016-01-22,108106
2016-01-25,108106
2016-01-26,108106
2016-01-27,108106
2016-01-28,108106
2016-01-29,108106
2016-02-01,108116
2016-02-02,108116
2016-02-03,108116
2016-02-04,108116
2016-02-05,108116
2016-02-08,108116
2016-02-09,108116
2016-02-10,108116
2016-02-11,108116
2016-02-12,108116
2016-02-15,108116
2016-02-16,108116
2016-02-17,108116
2016-02-18,108116
2016-02-19,108116
2016-02-22,108116
2016-02-23,108116
2016-02-24,108116
2016-02-25,108116
2016-02-26,108116
2016-02-29,108116
2016-03-01,108112
2016-03-02,108112
2016-03-03,108112
2016-03-04,108112
2016-03-07,108112
2016-03-08,108112
2016-03-09,108112
2016-03-10,108112
2016-03-11,108112
2016-03-14,108112
2016-03-15,108112
2016-03-16,108112
2016-03-17,108112
2016-03-18,108112
2016-03-21,108112
2016-03-22,108112
2016-03-23,107612
2016-03-24,106762
2016-03-25,106762
2016-03-28,106762
2016-03-29,106762
2016-03-30,105786
2016-03-31,105636
2016-04-01,102050
2016-04-04,102050
2016-04-05,101643
2016-04-06,101345
2016-04-07,101345
2016-04-08,100920
2016-04-11,100770
2016-04-12,100135
2016-04-13,97415
2016-04-14,88620
2016-04-15,82520
2016-04-18,76095
2016-04-19,72653
2016-04-20,72653
2016-04-21,72653
2016-04-22,71653
2016-04-25,70653
2016-04-26,70653
2016-04-27,70653
2016-04-28,70653
2016-04-29,70653
2016-05-02,70023.5
2016-05-03,67023.5
2016-05-04,66533.5
2016-05-05,66533.5
2016-05-06,66533.5
2016-05-09,66533.5
2016-05-10,66533.5
2016-05-11,66533.5
2016-05-12,64985
2016-05-13,63135
2016-05-16,63135
2016-05-17,63135
2016-05-18,63135
2016-05-19,62135
2016-05-20,62135
2016-05-23,62135
2016-05-24,62135
2016-05-25,62135
2016-05-26,62135
2016-05-27,62135
2016-05-30,62135
2016-05-31,62135
2016-06-01,62135.5
2016-06-02,62135.5
2016-06-03,62135.5
2016-06-06,62135.5
2016-06-07,62135.5
2016-06-08,62135.5
2016-06-09,62135.5
2016-06-10,62135.5
2016-06-13,62135.5
2016-06-14,62135.5
2016-06-15,62135.5
2016-06-16,62135.5
2016-06-17,62135.5
2016-06-20,62135.5
2016-06-21,62135.5
2016-06-22,62135.5
2016-06-23,62135.5
2016-06-24,62135.5
2016-06-27,62135.5
2016-06-28,62135.5
2016-06-29,62135.5
2016-06-30,62135.5
2016-07-01,62135.5
2016-07-04,61635.5
2016-07-05,61135.5
2016-07-06,60635.5
2016-07-07,60135.5
2016-07-08,59635.5
2016-07-11,59635.5
2016-07-12,59135.5
2016-07-13,58635.5
2016-07-14,58135.5
2016-07-15,57635.5
2016-07-18,57135.5
2016-07-19,56635.5
2016-07-20,56135.5
2016-07-21,55635.5
2016-07-22,55135.5
2016-07-25,54635.5
2016-07-26,54135.5
2016-07-27,53635.5
2016-07-28,53135.5
2016-07-29,52635.5
2016-08-01,52600
2016-08-02,52100
2016-08-03,51600
2016-08-04,51100
2016-08-05,50600
2016-08-08,50100
2016-08-09,49600
2016-08-10,49100
2016-08-11,48600
2016-08-12,47850
2016-08-15,47100
2016-08-16,46350
2016-08-17,45600
2016-08-18,44850
2016-08-19,44100
2016-08-22,43600
2016-08-23,43100
2016-08-24,42600
2016-08-25,42100
2016-08-26,41600
2016-08-29,41100
2016-08-30,40600
2016-08-31,40100
2016-09-01,40073
2016-09-02,39573
2016-09-05,39073
2016-09-06,38573
2016-09-07,38573
2016-09-08,38073
2016-09-09,37573
2016-09-12,37073
2016-09-13,36573
2016-09-14,36073
2016-09-15,35823
2016-09-16,35573
2016-09-19,35323
2016-09-20,35073
2016-09-21,34823
2016-09-22,34573
2016-09-23,34323
2016-09-26,34073
2016-09-27,33823
2016-09-28,33573
2016-09-29,33323
2016-09-30,33073
2016-10-03,33066.5
2016-10-04,32816.5
2016-10-05,32566.5
2016-10-06,32316.5
2016-10-07,32066.5
2016-10-10,31816.5
2016-10-11,31566.5
2016-10-12,31566.5
2016-10-13,31316.5
2016-10-14,31066.5
2016-10-17,30816.5
2016-10-18,30566.5
2016-10-19,30316.5
2016-10-20,30066.5
2016-10-21,29816.5
2016-10-24,29566.5
2016-10-25,29316.5
2016-10-26,29066.5
2016-10-27,28816.5
2016-10-28,28566.5
2016-10-31,28316.5
2016-11-01,25356
2016-11-02,25356
2016-11-03,25106
2016-11-04,24856
2016-11-07,24606
2016-11-08,24356
2016-11-09,24106
2016-11-10,24106
2016-11-11,24106
2016-11-14,25058.5
2016-11-15,25058.5
2016-11-16,25058.5
2016-11-17,25558.5
2016-11-18,26058.5
2016-11-21,26558.5
2016-11-22,26558.5
2016-11-23,26558.5
2016-11-24,26558.5
2016-11-25,26558.5
2016-11-28,26558.5
2016-11-29,26558.5
2016-11-30,26558.5
2016-12-01,26558.5
2016-12-02,26558.5
2016-12-05,26558.5
2016-12-06,26558.5
2016-12-07,26558.5
2016-12-08,26558.5
2016-12-09,26558.5
2016-12-12,26558.5
2016-12-13,26558.5
2016-12-14,26558.5
2016-12-15,26558.5
2016-12-16,26558.5
2016-12-19,26558.5
2016-12-20,26558.5
2016-12-21,26558.5
2016-12-22,26558.5
2016-12-23,26558.5
2016-12-26,26558.5
2016-12-27,26558.5
2016-12-28,26558.5
2016-12-29,26558.5
2016-12-30,26558.5
2017-01-02,26558.5
2017-01-03,26558.5
2017-01-04,26558.5
2017-01-05,26558.5
2017-01-06,26558.5
2017-01-09,26558.5
2017-01-10,26558.5
2017-01-11,26558.5
2017-01-12,26558.5
2017-01-13,26558.5
2017-01-16,26558.5
2017-01-17,26558.5
2017-01-18,26558.5
2017-01-19,26558.5
2017-01-20,26558.5
2017-01-23,26558.5
2017-01-24,26558.5
2017-01-25,26558.5
2017-01-26,26558.5
2017-01-27,26558.5
2017-01-30,26558.5
2017-01-31,26558.5
2017-02-01,26527.5
2017-02-02,26527.5
2017-02-03,26527.5
2017-02-06,26527.5
2017-02-07,26527.5
2017-02-08,26527.5
2017-02-09,26527.5
2017-02-10,26527.5
2017-02-13,26527.5
2017-02-14,26527.5
2017-02-15,26527.5
2017-02-16,26527.5
2017-02-17,26527.5
2017-02-20,26527.5
2017-02-21,26527.5
2017-02-22,26527.5
2017-02-23,26527.5
2017-02-24,26527.5
2017-02-27,26527.5
2017-02-28,26527.5
2017-03-01,21973.8
2017-03-02,21973.8
2017-03-03,21973.8
2017-03-06,21973.8
2017-03-07,21973.8
2017-03-08,21973.8
2017-03-09,21973.8
2017-03-10,21973.8
2017-03-13,21973.8
2017-03-14,21973.8
2017-03-15,21973.8
2017-03-16,21973.8
2017-03-17,21973.8
2017-03-20,21973.8
2017-03-21,21973.8
2017-03-22,21973.8
2017-03-23,21973.8
2017-03-24,21973.8
2017-03-27,21973.8
2017-03-28,21973.8
2017-03-29,21973.8
2017-03-30,21973.8
2017-03-31,21973.8
2017-04-03,17762.8
2017-04-04,17762.8
2017-04-05,17762.8
2017-04-06,17762.8
2017-04-07,17762.8
2017-04-10,17762.8
2017-04-11,17762.8
2017-04-12,17762.8
2017-04-13,17762.8
2017-04-14,17762.8
2017-04-17,17762.8
2017-04-18,17762.8
2017-04-19,17762.8
2017-04-20,17762.8
2017-04-21,17762.8
2017-04-24,17762.8
2017-04-25,17762.8
2017-04-26,17762.8
2017-04-27,17762.8
2017-04-28,17762.8
2017-05-01,17762.8
2017-05-02,17762.8
2017-05-03,17762.8
2017-05-04,17762.8
2017-05-05,17762.8
2017-05-08,17762.8
2017-05-09,17762.8
2017-05-10,17762.8
2017-05-11,17762.8
2017-05-12,17762.8
2017-05-15,17762.8
2017-05-16,17762.8
2017-05-17,17762.8
2017-05-18,17762.8
2017-05-19,21762.8
2017-05-22,23762.8
2017-05-23,25762.8
2017-05-24,27762.8
2017-05-25,27762.8
2017-05-26,27762.8
2017-05-29,27762.8
2017-05-30,27762.8
2017-05-31,27762.8
2017-06-01,27762.8
2017-06-02,27762.8
2017-06-05,27762.8
2017-06-06,27762.8
2017-06-07,27762.8
2017-06-08,27762.8
2017-06-09,27762.8
2017-06-12,27762.8
2017-06-13,27762.8
2017-06-14,27762.8
2017-06-15,27762.8
2017-06-16,27762.8
2017-06-19,27762.8
2017-06-20,27762.8
2017-06-21,27762.8
2017-06-22,27762.8
2017-06-23,27762.8
2017-06-26,27762.8
2017-06-27,27762.8
2017-06-28,27762.8
2017-06-29,27762.8
2017-06-30,27762.8
2017-07-03,27764.2
2017-07-04,27764.2
2017-07-05,27764.2
2017-07-06,27764.2
2017-07-07,27764.2
2017-07-10,27764.2
2017-07-11,27764.2
2017-07-12,27764.2
2017-07-13,27764.2
2017-07-14,27764.2
2017-07-17,27764.2
2017-07-18,27764.2
2017-07-19,27764.2
2017-07-20,27764.2
2017-07-21,27764.2
2017-07-24,27764.2
2017-07-25,27764.2
2017-07-26,27764.2
2017-07-27,27764.2
2017-07-28,27764.2
2017-07-31,27764.2
2017-08-01,27768.2
2017-08-02,27768.2
2017-08-03,27768.2
2017-08-04,27768.2
2017-08-07,27768.2
2017-08-08,27768.2
2017-08-09,27768.2
2017-08-10,27768.2
2017-08-11,27768.2
2017-08-14,27768.2
2017-08-15,27768.2
2017-08-16,27768.2
2017-08-17,27768.2
2017-08-18,27768.2
2017-08-21,27768.2
2017-08-22,27768.2
2017-08-23,27768.2
2017-08-24,27768.2
2017-08-25,27768.2
2017-08-28,27768.2
2017-08-29,27768.2
2017-08-30,27768.2
2017-08-31,27768.2
2017-09-01,27768.2
2017-09-04,27768.2
2017-09-05,27768.2
2017-09-06,27768.2
2017-09-07,27768.2
2017-09-08,27768.2
2017-09-11,27768.2
2017-09-12,27768.2
2017-09-13,27768.2
2017-09-14,27768.2
2017-09-15,27768.2
2017-09-18,27768.2
2017-09-19,27768.2
2017-09-20,27768.2
2017-09-21,27768.2
2017-09-22,27768.2
2017-09-25,27768.2
2017-09-26,27768.2
2017-09-27,27768.2
2017-09-28,27768.2
2017-09-29,27768.2
2017-10-02,23793.5
2017-10-03,23793.5
2017-10-04,23793.5
2017-10-05,23793.5
2017-10-06,23793.5
2017-10-09,23793.5
2017-10-10,23793.5
2017-10-11,23793.5
2017-10-12,23793.5
2017-10-13,23793.5
2017-10-16,23793.5
2017-10-17,23793.5
2017-10-18,23793.5
2017-10-19,23793.5
2017-10-20,23793.5
2017-10-23,23793.5
2017-10-24,23793.5
2017-10-25,23793.5
2017-10-26,23793.5
2017-10-27,23793.5
2017-10-30,23793.5
2017-10-31,23793.5
2017-11-01,23793.5
2017-11-02,23793.5
2017-11-03,23793.5
2017-11-06,23793.5
2017-11-07,23793.5
2017-11-08,23793.5
2017-11-09,23793.5
2017-11-10,23793.5
2017-11-13,23793.5
2017-11-14,23793.5
2017-11-15,23793.5
2017-11-16,23793.5
2017-11-17,23793.5
2017-11-20,23793.5
2017-11-21,23793.5
2017-11-22,23793.5
2017-11-23,23793.5
2017-11-24,23793.5
2017-11-27,23793.5
2017-11-28,23793.5
2017-11-29,23793.5
2017-11-30,23793.5
2017-12-01,23793.5
2017-12-04,23793.5
2017-12-05,23793.5
2017-12-06,23793.5
2017-12-07,23793.5
2017-12-08,23793.5
2017-12-11,23793.5
2017-12-12,23793.5
2017-12-13,23793.5
2017-12-14,23793.5
2017-12-15,23793.5
2017-12-18,23793.5
2017-12-19,23793.5
2017-12-20,23793.5
2017-12-21,23793.5
2017-12-22,23793.5
2017-12-25,23793.5
2017-12-26,23793.5
2017-12-27,23793.5
2017-12-28,23793.5
2017-12-29,23793.5
2018-01-01,23793.5
2018-01-02,23795.5
2018-01-03,23795.5
2018-01-04,23795.5
2018-01-05,23795.5
2018-01-08,23795.5
2018-01-09,23795.5
2018-01-10,23795.5
2018-01-11,23795.5
2018-01-12,23795.5
2018-01-15,23795.5
2018-01-16,23795.5
2018-01-17,23795.5
2018-01-18,23795.5
2018-01-19,23795.5
2018-01-22,23795.5
2018-01-23,23795.5
2018-01-24,23795.5
2018-01-25,23795.5
2018-01-26,23795.5
2018-01-29,23795.5
2018-01-30,23795.5
2018-01-31,23795.5
2018-02-01,23795.5
2018-02-02,23795.5
2018-02-05,23795.5
2018-02-06,23795.5
2018-02-07,23795.5
2018-02-08,23795.5
2018-02-09,23795.5
2018-02-12,23795.5
2018-02-13,23795.5
2018-02-14,23795.5
2018-02-15,23795.5
2018-02-16,23795.5
2018-02-19,23795.5
2018-02-20,23795.5
2018-02-21,23795.5
2018-02-22,23795.5
2018-02-23,23795.5
2018-02-26,23795.5
2018-02-27,23795.5
2018-02-28,23795.5
2018-03-01,23796.5
2018-03-02,23796.5
2018-03-05,23796.5
2018-03-06,23796.5
2018-03-07,23796.5
2018-03-08,23796.5
2018-03-09,23796.5
2018-03-12,23796.5
2018-03-13,23796.5
2018-03-14,23796.5
2018-03-15,23796.5
2018-03-16,23796.5
2018-03-19,23796.5
2018-03-20,23796.5
2018-03-21,23796.5
2018-03-22,23796.5
2018-03-23,23796.5
2018-03-26,23796.5
2018-03-27,23796.5
2018-03-28,23796.5
2018-03-29,23796.5
2018-03-30,23796.5
2018-04-02,23797.5
2018-04-03,23797.5
2018-04-04,23797.5
2018-04-05,23797.5
2018-04-06,23797.5
2018-04-09,23797.5
2018-04-10,23797.5
2018-04-11,23797.5
2018-04-12,23797.5
2018-04-13,23797.5
2018-04-16,23797.5
2018-04-17,23797.5
2018-04-18,23797.5
2018-04-19,23797.5
2018-04-20,23797.5
2018-04-23,23797.5
2018-04-24,23797.5
2018-04-25,23797.5
2018-04-26,23797.5
2018-04-27,23797.5
2018-04-30,23797.5
2018-05-01,23797.5
2018-05-02,23797.5
2018-05-03,23797.5
2018-05-04,23797.5
2018-05-07,23797.5
2018-05-08,23797.5
2018-05-09,23797.5
2018-05-10,23797.5
2018-05-11,23797.5
2018-05-14,23797.5
2018-05-15,24047.5
2018-05-16,24297.5
2018-05-17,24547.5
2018-05-18,24797.5
2018-05-21,25047.5
2018-05-22,25797.5
2018-05-23,26547.5
2018-05-24,27297.5
2018-05-25,28047.5
2018-05-28,28797.5
2018-05-29,29547.5
2018-05-30,30297.5
2018-05-31,30297.5
2018-06-01,31047.5
2018-06-04,31797.5
2018-06-05,32547.5
2018-06-06,34413.5
2018-06-07,35163.5
2018-06-08,37913.5
2018-06-11,41663.5
2018-06-12,44163.5
2018-06-13,47163.5
2018-06-14,51663.5
2018-06-15,56663.5
2018-06-18,62413.5
2018-06-19,63413.5
2018-06-20,63413.5
2018-06-21,64413.5
2018-06-22,66413.5
2018-06-25,67413.5
2018-06-26,67413.5
2018-06-27,67413.5
2018-06-28,67413.5
2018-06-29,67413.5
2018-07-02,67413.5
2018-07-03,67413.5
2018-07-04,67413.5
2018-07-05,67413.5
2018-07-06,67413.5
2018-07-09,67413.5
2018-07-10,67413.5
2018-07-11,67413.5
2018-07-12,67413.5
2018-07-13,67413.5
2018-07-16,67413.5
2018-07-17,67413.5
2018-07-18,67413.5
2018-07-19,67413.5
2018-07-20,67413.5
2018-07-23,67413.5
2018-07-24,67413.5
2018-07-25,67413.5
2018-07-26,67413.5
2018-07-27,67413.5
2018-07-30,67413.5
2018-07-31,67413.5
2018-08-01,67413.5
2018-08-02,67413.5
2018-08-03,67413.5
2018-08-06,67413.5
2018-08-07,67413.5
2018-08-08,67413.5
2018-08-09,67413.5
2018-08-10,67413.5
2018-08-13,67413.5
2018-08-14,67413.5
2018-08-15,67413.5
2018-08-16,67413.5
2018-08-17,67413.5
2018-08-20,67413.5
2018-08-21,67413.5
2018-08-22,67413.5
2018-08-23,67413.5
2018-08-24,67413.5
2018-08-27,67413.5
2018-08-28,67413.5
2018-08-29,67413.5
2018-08-30,67413.5
2018-08-31,68913.5
2018-09-03,68913.5
2018-09-04,68913.5
2018-09-05,68913.5
2018-09-06,68913.5
2018-09-07,68913.5
2018-09-10,68913.5
2018-09-11,68913.5
2018-09-12,68913.5
2018-09-13,68913.5
2018-09-14,68913.5
2018-09-17,68913.5
2018-09-18,68913.5
2018-09-19,68913.5
2018-09-20,68913.5
2018-09-21,68913.5
2018-09-24,68913.5
2018-09-25,68913.5
2018-09-26,68913.5
2018-09-27,68913.5
2018-09-28,68913.5
2018-10-01,68863.5
2018-10-02,68863.5
2018-10-03,68863.5
2018-10-04,68863.5
2018-10-05,68863.5
2018-10-08,68863.5
2018-10-09,68863.5
2018-10-10,68863.5
2018-10-11,68863.5
2018-10-12,68863.5
2018-10-15,68863.5
2018-10-16,68863.5
2018-10-17,68863.5
2018-10-18,68863.5
2018-10-19,68863.5
2018-10-22,68863.5
2018-10-23,68863.5
2018-10-24,68863.5
2018-10-25,68863.5
2018-10-26,68863.5
2018-10-29,68863.5
2018-10-30,68863.5
2018-10-31,68863.5
2018-11-01,68863.3
2018-11-02,68863.3
2018-11-05,68863.3
2018-11-06,68863.3
2018-11-07,68863.3
2018-11-08,68863.3
2018-11-09,68863.3
2018-11-12,68863.3
2018-11-13,68863.3
2018-11-14,68863.3
2018-11-15,68863.3
2018-11-16,68863.3
2018-11-19,68863.3
2018-11-20,68863.3
2018-11-21,68863.3
2018-11-22,68863.3
2018-11-23,68863.3
2018-11-26,68863.3
2018-11-27,68863.3
2018-11-28,68863.3
2018-11-29,68863.3
2018-11-30,68863.3
2018-12-03,68863.3
2018-12-04,68863.3
2018-12-05,68863.3
2018-12-06,68863.3
2018-12-07,68863.3
2018-12-10,68863.3
2018-12-11,68863.3
2018-12-12,68863.3
2018-12-13,68863.3
2018-12-14,68863.3
2018-12-17,68863.3
2018-12-18,68863.3
2018-12-19,68863.3
2018-12-20,68863.3
2018-12-21,68863.3
2018-12-24,68863.3
2018-12-25,68863.3
2018-12-26,68863.3
2018-12-27,68863.3
2018-12-28,68863.3
2018-12-31,68863.3
2019-01-01,68863.3
2019-01-02,68863.3
2019-01-03,68863.3
2019-01-04,68863.3
2019-01-07,68863.3
2019-01-08,68863.3
2019-01-09,68863.3
2019-01-10,68863.3
2019-01-11,68863.3
2019-01-14,68863.3
2019-01-15,68863.3
2019-01-16,68863.3
2019-01-17,68863.3
2019-01-18,68863.3
2019-01-21,68863.3
2019-01-22,68863.3
2019-01-23,68863.3
2019-01-24,68863.3
2019-01-25,68863.3
2019-01-28,68863.3
2019-01-29,68863.3
2019-01-30,68863.3
2019-01-31,68863.3
2019-02-01,68863.3
2019-02-04,68863.3
2019-02-05,68863.3
2019-02-06,68863.3
2019-02-07,68863.3
2019-02-08,68863.3
2019-02-11,68863.3
2019-02-12,68863.3
2019-02-13,68863.3
2019-02-14,68863.3
2019-02-15,68863.3
2019-02-18,68863.3
2019-02-19,68863.3
2019-02-20,68863.3
2019-02-21,68863.3
2019-02-22,68863.3
2019-02-25,68863.3
2019-02-26,68863.3
2019-02-27,68863.3
2019-02-28,68863.3
2019-03-01,68863.2
2019-03-04,68863.2
2019-03-05,68863.2
2019-03-06,68863.2
2019-03-07,68863.2
2019-03-08,68863.2
2019-03-11,68863.2
2019-03-12,68863.2
2019-03-13,68863.2
2019-03-14,68863.2
2019-03-15,68863.2
2019-03-18,68863.2
2019-03-19,68863.2
2019-03-20,68863.2
2019-03-21,68863.2
2019-03-22,68863.2
2019-03-25,68863.2
2019-03-26,68863.2
2019-03-27,68863.2
2019-03-28,68863.2
2019-03-29,68863.2
2019-04-01,68863.2
2019-04-02,68863.2
2019-04-03,68863.2
2019-04-04,68863.2
2019-04-05,68863.2
2019-04-08,68863.2
2019-04-09,68863.2
2019-04-10,68863.2
2019-04-11,68863.2
2019-04-12,68863.2
2019-04-15,68863.2
2019-04-16,68863.2
2019-04-17,68863.2
2019-04-18,68863.2
2019-04-19,68863.2
2019-04-22,68863.2
2019-04-23,68863.2
2019-04-24,68863.2
2019-04-25,68863.2
2019-04-26,68863.2
2019-04-29,68863.2
2019-04-30,68863.2
2019-05-01,68863.2
2019-05-02,68863.2
2019-05-03,68863.2
2019-05-06,68863.2
2019-05-07,68863.2
2019-05-08,68863.2
2019-05-09,68863.2
2019-05-10,68863.2
2019-05-13,68863.2
2019-05-14,68863.2
2019-05-15,68863.2
2019-05-16,68863.2
2019-05-17,68863.2
2019-05-20,68863.2
2019-05-21,68863.2
2019-05-22,68863.2
2019-05-23,68863.2
2019-05-24,68863.2
2019-05-27,68863.2
2019-05-28,68863.2
2019-05-29,68863.2
2019-05-30,68863.2
2019-05-31,68863.2
2019-06-03,68863.2
2019-06-04,68863.2
2019-06-05,68863.2
2019-06-06,68863.2
2019-06-07,68863.2
2019-06-10,68863.2
2019-06-11,68863.2
2019-06-12,68863.2
2019-06-13,68863.2
2019-06-14,68863.2
2019-06-17,68863.2
2019-06-18,68863.2
2019-06-19,68863.2
2019-06-20,68863.2
2019-06-21,68863.2
2019-06-24,68863.2
2019-06-25,68863.2
2019-06-26,68863.2
2019-06-27,68863.2
2019-06-28,68863.2
2019-07-01,68863.2
2019-07-02,68863.2
2019-07-03,68863.2
2019-07-04,68863.2
2019-07-05,68863.2
2019-07-08,68863.2
2019-07-09,68863.2
2019-07-10,68863.2
2019-07-11,68863.2
2019-07-12,68863.2
2019-07-15,68863.2
2019-07-16,68863.2
2019-07-17,68863.2
2019-07-18,68863.2
2019-07-19,68863.2
2019-07-22,68863.2
2019-07-23,68863.2
2019-07-24,68863.2
2019-07-25,68863.2
2019-07-26,68863.2
2019-07-29,68863.2
2019-07-30,68863.2
2019-07-31,68863.2
2019-08-01,68863.2
2019-08-02,68863.2
2019-08-05,68863.2
2019-08-06,68863.2
2019-08-07,68863.2
2019-08-08,68863.2
2019-08-09,68863.2
2019-08-12,68863.2
2019-08-13,68863.2
2019-08-14,68863.2
2019-08-15,68863.2
2019-08-16,68863.2
2019-08-19,68863.2
2019-08-20,68863.2
2019-08-21,68863.2
2019-08-22,68663.2
2019-08-23,68113.2
2019-08-26,67563.2
2019-08-27,67013.2
2019-08-28,66463.2
2019-08-29,66438.2
2019-08-30,65893.8
2019-09-02,65893.8
2019-09-03,65443.8
2019-09-04,64863.8
2019-09-05,64283.8
2019-09-06,63703.8
2019-09-09,63123.8
2019-09-10,62543.8
2019-09-11,61963.8
2019-09-12,61383.8
2019-09-13,61083.8
2019-09-16,60503.8
2019-09-17,59923.8
2019-09-18,59343.8
2019-09-19,58763.8
2019-09-20,58183.8
2019-09-23,57603.8
2019-09-24,57023.8
2019-09-25,56443.8
2019-09-26,55863.8
2019-09-27,55283.8
2019-09-30,54883.8
2019-10-01,54883.8
2019-10-02,54358.8
2019-10-03,53833.8
2019-10-04,53433.8
2019-10-07,53433.8
2019-10-08,52908.8
2019-10-09,52383.8
2019-10-10,51858.8
2019-10-11,51333.8
2019-10-14,50808.8
2019-10-15,50708.8
2019-10-16,50608.8
2019-10-17,50083.8
2019-10-18,49558.8
2019-10-21,49033.8
2019-10-22,48758.8
2019-10-23,48758.8
2019-10-24,48308.8
2019-10-25,48183.8
2019-10-28,47658.8
2019-10-29,47133.8
2019-10-30,46608.8
2019-10-31,46458.8
2019-11-01,46458.8
2019-11-04,45958.8
2019-11-05,45703.8
2019-11-06,45528.8
2019-11-07,45528.8
2019-11-08,45228.8
2019-11-11,45053.8
2019-11-12,44453.8
2019-11-13,44453.8
2019-11-14,43853.8
2019-11-15,43853.8
2019-11-18,43803.8
2019-11-19,43603.8
2019-11-20,43603.8
2019-11-21,43603.8
2019-11-22,43403.8
2019-11-25,43253.8
2019-11-26,43253.8
2019-11-27,43078.8
2019-11-28,42928.8
2019-11-29,42928.8
2019-12-02,42928.8
2019-12-03,42448.8
2019-12-04,41948.8
2019-12-05,41448.8
2019-12-06,40948.8
2019-12-09,40448.8
2019-12-10,39948.8
2019-12-11,39448.8
2019-12-12,38948.8
2019-12-13,38448.8
2019-12-16,37948.8
2019-12-17,37448.8
2019-12-18,36948.8
2019-12-19,36448.8
2019-12-20,35948.8
2019-12-23,35483.8
2019-12-24,35483.8
2019-12-25,35483.8
2019-12-26,35483.8
2019-12-27,35483.8
2019-12-30,35483.8
2019-12-31,35483.8
2020-01-01,35483.8
2020-01-02,35483.8
2020-01-03,35483.8
2020-01-06,35483.8
2020-01-07,35483.8
2020-01-08,35483.8
2020-01-09,35483.8
2020-01-10,35483.8
2020-01-13,35483.8
2020-01-14,35483.8
2020-01-15,35483.8
2020-01-16,35483.8
2020-01-17,35483.8
2020-01-20,35483.8
2020-01-21,35483.8
2020-01-22,35483.8
2020-01-23,35483.8
2020-01-24,35483.8
2020-01-27,35483.8
2020-01-28,35483.8
2020-01-29,35483.8
2020-01-30,35483.8
2020-01-31,35483.8
2020-02-03,35472.2
2020-02-04,35472.2
2020-02-05,35472.2
2020-02-06,35472.2
2020-02-07,35472.2
2020-02-10,35472.2
2020-02-11,35472.2
2020-02-12,35472.2
2020-02-13,35472.2
2020-02-14,36472.2
2020-02-17,37472.2
2020-02-18,37472.2
2020-02-19,37472.2
2020-02-20,37472.2
2020-02-21,37472.2
2020-02-24,37472.2
2020-02-25,37472.2
2020-02-26,37472.2
2020-02-27,37972.2
2020-02-28,38972.2
2020-03-02,39972.2
2020-03-03,39972.2
2020-03-04,39972.2
2020-03-05,39972.2
2020-03-06,42972.2
2020-03-09,44972.2
2020-03-10,44972.2
2020-03-11,44972.2
2020-03-12,45972.2
2020-03-13,45972.2
2020-03-16,45972.2
2020-03-17,45972.2
2020-03-18,45972.2
2020-03-19,45972.2
2020-03-20,45972.2
2020-03-23,45972.2
2020-03-24,45972.2
2020-03-25,45972.2
2020-03-26,45972.2
2020-03-27,45972.2
2020-03-30,45972.2
2020-03-31,45972.2
2020-04-01,45972.2
2020-04-02,45972.2
2020-04-03,45972.2
2020-04-06,46472.2
2020-04-07,46472.2
2020-04-08,46637.2
2020-04-09,46933.8
2020-04-10,46933.8
2020-04-13,46933.8
2020-04-14,47433.8
2020-04-15,47433.8
2020-04-16,47433.8
2020-04-17,47933.8
2020-04-20,48433.8
2020-04-21,48433.8
2020-04-22,48433.8
2020-04-23,48763.8
2020-04-24,50263.8
2020-04-27,51263.8
2020-04-28,52763.8
2020-04-29,52763.8
2020-04-30,52763.8
2020-05-01,52763.8
2020-05-04,52763.8
2020-05-05,52763.8
2020-05-06,52763.8
2020-05-07,52763.8
2020-05-08,53763.8
2020-05-11,53763.8
2020-05-12,54263.8
2020-05-13,54718.8
2020-05-14,55598.8
2020-05-15,56488.8
2020-05-18,56488.8
2020-05-19,56488.8
2020-05-20,56988.8
2020-05-21,56988.8
2020-05-22,56988.8
2020-05-25,56988.8
2020-05-26,56988.8
2020-05-27,56988.8
2020-05-28,56988.8
2020-05-29,56988.8
2020-06-01,56988.8
2020-06-02,56988.8
2020-06-03,56988.8
2020-06-04,56988.8
2020-06-05,56988.8
2020-06-08,56988.8
2020-06-09,56988.8
2020-06-10,56988.8
2020-06-11,56988.8
2020-06-12,56988.8
2020-06-15,56988.8
2020-06-16,56988.8
2020-06-17,56988.8
2020-06-18,56988.8
2020-06-19,56988.8
2020-06-22,56988.8
2020-06-23,56988.8
2020-06-24,56988.8
2020-06-25,56988.8
2020-06-26,56988.8
2020-06-29,56988.8
2020-06-30,56988.8
2020-07-01,56988.2
2020-07-02,56988.2
2020-07-03,56988.2
2020-07-06,56988.2
2020-07-07,56988.2
2020-07-08,56988.2
2020-07-09,56988.2
2020-07-10,56988.2
2020-07-13,56988.2
2020-07-14,56988.2
2020-07-15,56988.2
2020-07-16,56988.2
2020-07-17,56988.2
2020-07-20,56988.2
2020-07-21,56988.2
2020-07-22,56988.2
2020-07-23,56988.2
2020-07-24,56988.2
2020-07-27,56988.2
2020-07-28,56988.2
2020-07-29,56988.2
2020-07-30,56988.2
2020-07-31,56988.2
2020-08-03,56988.2
2020-08-04,56988.2
2020-08-05,56988.2
2020-08-06,56988.2
2020-08-07,56988.2
2020-08-10,56988.2
2020-08-11,56988.2
2020-08-12,56988.2
2020-08-13,57988.2
2020-08-14,57988.2
2020-08-17,57988.2
2020-08-18,57988.2
2020-08-19,57988.2
2020-08-20,58488.2
2020-08-21,58488.2
2020-08-24,58488.2
2020-08-25,58488.2
2020-08-26,58488.2
2020-08-27,58488.2
2020-08-28,58488.2
2020-08-31,58488.2
2020-09-01,58488.2
2020-09-02,58488.2
2020-09-03,58488.2
2020-09-04,58488.2
2020-09-07,58488.2
2020-09-08,58488.2
2020-09-09,58488.2
2020-09-10,58488.2
2020-09-11,58488.2
2020-09-14,58488.2
2020-09-15,58488.2
2020-09-16,58488.2
2020-09-17,58488.2
2020-09-18,58488.2
2020-09-21,58488.2
2020-09-22,58488.2
2020-09-23,58488.2
2020-09-24,58488.2
2020-09-25,58488.2
2020-09-28,58488.2
2020-09-29,58488.2
2020-09-30,58488.2
2020-10-01,58488.2
2020-10-02,58488.2
2020-10-05,58488.2
2020-10-06,58488.2
2020-10-07,58488.2
2020-10-08,58488.2
2020-10-09,58488.2
2020-10-12,58488.2
2020-10-13,58488.2
2020-10-14,58488.2
2020-10-15,58488.2
2020-10-16,58488.2
2020-10-19,58488.2
2020-10-20,58488.2
2020-10-21,58488.2
2020-10-22,58488.2
2020-10-23,58488.2
2020-10-26,58488.2
2020-10-27,58488.2
2020-10-28,58488.2
2020-10-29,58488.2
2020-10-30,58488.2
2020-11-02,58488.2
2020-11-03,58488.2
2020-11-04,58488.2
2020-11-05,58488.2
2020-11-06,58488.2
2020-11-09,58488.2
2020-11-10,58488.2
2020-11-11,58488.2
2020-11-12,58488.2
2020-11-13,58488.2
2020-11-16,58488.2
2020-11-17,58488.2
2020-11-18,58488.2
2020-11-19,58488.2
2020-11-20,58488.2
2020-11-23,58488.2
2020-11-24,58488.2
2020-11-25,58488.2
2020-11-26,58488.2
2020-11-27,58488.2
2020-11-30,58488.2
2020-12-01,58488.2
2020-12-02,58488.2
2020-12-03,58488.2
2020-12-04,58488.2
2020-12-07,58488.2
2020-12-08,58488.2
2020-12-09,58488.2
2020-12-10,58488.2
2020-12-11,58488.2
2020-12-14,58488.2
2020-12-15,58488.2
2020-12-16,58488.2
2020-12-17,58488.2
2020-12-18,58488.2
2020-12-21,58488.2
2020-12-22,58488.2
2020-12-23,58488.2
2020-12-24,58488.2
2020-12-25,58488.2
2020-12-28,58488.2
2020-12-29,58488.2
2020-12-30,58488.2
2020-12-31,58488.2
2021-01-01,58488.2
2021-01-04,68090.8
2021-01-05,68090.8
2021-01-06,68090.8
2021-01-07,68590.8
2021-01-08,68590.8
2021-01-11,68590.8
2021-01-12,69090.8
2021-01-13,69090.8
2021-01-14,69090.8
2021-01-15,69090.8
2021-01-18,69090.8
2021-01-19,69090.8
2021-01-20,69090.8
2021-01-21,69090.8
2021-01-22,69090.8
2021-01-25,69090.8
2021-01-26,69090.8
2021-01-27,69090.8
2021-01-28,69090.8
2021-01-29,69090.8
2021-02-01,69090.8
2021-02-02,69090.8
2021-02-03,69090.8
2021-02-04,69090.8
2021-02-05,69090.8
2021-02-08,69090.8
2021-02-09,69090.8
2021-02-10,70090.8
2021-02-11,70090.8
2021-02-12,70090.8
2021-02-15,70090.8
2021-02-16,70090.8
2021-02-17,70090.8
2021-02-18,70090.8
2021-02-19,70090.8
2021-02-22,70090.8
2021-02-23,71090.8
2021-02-24,71090.8
2021-02-25,71090.8
2021-02-26,71090.8
2021-03-01,71090.9
2021-03-02,71090.9
2021-03-03,71090.9
2021-03-04,73090.9
2021-03-05,73090.9
2021-03-08,73090.9
2021-03-09,73090.9
2021-03-10,73090.9
2021-03-11,74090.9
2021-03-12,75090.9
2021-03-15,75840.9
2021-03-16,76340.9
2021-03-17,76340.9
2021-03-18,76340.9
2021-03-19,76340.9
2021-03-22,76340.9
2021-03-23,76340.9
2021-03-24,76340.9
2021-03-25,76340.9
2021-03-26,76340.9
2021-03-29,76340.9
2021-03-30,76340.9
2021-03-31,76340.9
2021-04-01,76340.9
2021-04-02,76340.9
2021-04-05,76340.9
2021-04-06,76340.9
2021-04-07,76340.9
2021-04-08,76340.9
2021-04-09,76340.9
2021-04-12,76340.9
2021-04-13,76340.9
2021-04-14,76340.9
2021-04-15,76340.9
2021-04-16,76340.9
2021-04-19,76340.9
2021-04-20,76340.9
2021-04-21,76340.9
2021-04-22,76340.9
2021-04-23,76340.9
2021-04-26,76340.9
2021-04-27,76340.9
2021-04-28,76340.9
2021-04-29,76340.9
2021-04-30,76340.9
2021-05-03,76340.9
2021-05-04,76340.9
2021-05-05,76340.9
2021-05-06,76340.9
2021-05-07,76340.9
2021-05-10,76340.9
2021-05-11,76340.9
2021-05-12,76340.9
2021-05-13,76340.9
2021-05-14,76340.9
2021-05-17,76340.9
2021-05-18,76340.9
2021-05-19,76340.9
2021-05-20,76340.9
2021-05-21,76340.9
2021-05-24,76340.9
2021-05-25,76340.9
2021-05-26,76340.9
2021-05-27,76340.9
2021-05-28,76340.9
2021-05-31,76340.9
2021-06-01,76338.4
2021-06-02,76338.4
2021-06-03,76338.4
2021-06-04,76338.4
2021-06-07,76338.4
2021-06-08,76338.4
2021-06-09,76338.4
2021-06-10,76338.4
2021-06-11,76338.4
2021-06-14,76338.4
2021-06-15,76338.4
2021-06-16,76338.4
2021-06-17,76338.4
2021-06-18,76338.4
2021-06-21,76338.4
2021-06-22,76338.4
2021-06-23,76338.4
2021-06-24,76338.4
2021-06-25,76338.4
2021-06-28,76338.4
2021-06-29,76338.4
2021-06-30,76338.4
2021-07-01,76338.2
2021-07-02,76338.2
2021-07-05,76338.2
2021-07-06,76338.2
2021-07-07,76338.2
2021-07-08,76338.2
2021-07-09,76338.2
2021-07-12,76338.2
2021-07-13,76838.2
2021-07-14,76838.2
2021-07-15,76838.2
2021-07-16,76838.2
2021-07-19,76838.2
2021-07-20,76838.2
2021-07-21,76838.2
2021-07-22,76838.2
2021-07-23,76838.2
2021-07-26,76838.2
2021-07-27,76838.2
2021-07-28,76838.2
2021-07-29,76838.2
2021-07-30,76838.2
2021-08-02,76837.4
2021-08-03,76837.4
2021-08-04,76837.4
2021-08-05,76837.4
2021-08-06,76837.4
2021-08-09,76837.4
2021-08-10,76837.4
2021-08-11,76837.4
2021-08-12,76837.4
2021-08-13,76837.4
2021-08-16,76837.4
2021-08-17,76837.4
2021-08-18,76837.4
2021-08-19,76837.4
2021-08-20,76837.4
2021-08-23,76837.4
2021-08-24,76837.4
2021-08-25,76837.4
2021-08-26,76837.4
2021-08-27,76837.4
2021-08-30,76837.4
2021-08-31,76837.4
2021-09-01,76837
2021-09-02,76837
2021-09-03,76837
2021-09-06,76837
2021-09-07,76837
2021-09-08,76837
2021-09-09,76837
2021-09-10,76837
2021-09-13,76837
2021-09-14,76837
2021-09-15,76837
2021-09-16,76837
2021-09-17,76837
2021-09-20,76837
2021-09-21,76837
2021-09-22,76837
2021-09-23,76837
2021-09-24,76837
2021-09-27,76837
2021-09-28,76837
2021-09-29,76837
2021-09-30,76837
2021-10-01,77337
2021-10-04,77337
2021-10-05,77337
2021-10-06,77337
2021-10-07,77337
2021-10-08,77337
2021-10-11,77337
2021-10-12,77337
2021-10-13,77337
2021-10-14,78337
2021-10-15,79337
2021-10-18,80337
2021-10-19,80837
2021-10-20,80837
2021-10-21,81337
2021-10-22,81337
2021-10-25,81337
2021-10-26,81337
2021-10-27,81337
2021-10-28,81337
2021-10-29,81337
2021-11-01,81336.8
2021-11-02,81336.8
2021-11-03,81336.8
2021-11-04,81336.8
2021-11-05,81336.8
2021-11-08,81336.8
2021-11-09,81336.8
2021-11-10,81336.8
2021-11-11,81336.8
2021-11-12,81336.8
2021-11-15,81336.8
2021-11-16,81336.8
2021-11-17,81336.8
2021-11-18,81336.8
2021-11-19,81336.8
2021-11-22,81336.8
2021-11-23,81336.8
2021-11-24,81336.8
2021-11-25,81336.8
2021-11-26,81336.8
2021-11-29,81336.8
2021-11-30,81336.8
2021-12-01,81336.7
2021-12-02,81336.7
2021-12-03,81336.7
2021-12-06,81336.7
2021-12-07,81336.7
2021-12-08,81336.7
2021-12-09,81336.7
2021-12-10,81336.7
2021-12-13,81336.7
2021-12-14,81336.7
2021-12-15,81336.7
2021-12-16,81336.7
2021-12-17,81336.7
2021-12-20,81336.7
2021-12-21,81336.7
2021-12-22,81336.7
2021-12-23,81336.7
2021-12-24,81336.7
2021-12-27,81336.7
2021-12-28,81336.7
2021-12-29,81336.7
2021-12-30,81336.7
2021-12-31,81336.7
2022-01-03,98836.7
2022-01-04,98836.7
2022-01-05,98836.7
2022-01-06,98836.7
2022-01-07,98836.7
2022-01-10,98836.7
2022-01-11,98836.7
2022-01-12,98836.7
2022-01-13,98836.7
2022-01-14,98836.7
2022-01-17,98836.7
2022-01-18,98836.7
2022-01-19,98836.7
2022-01-20,98836.7
2022-01-21,98836.7
2022-01-24,98836.7
2022-01-25,98836.7
2022-01-26,98836.7
2022-01-27,98836.7
2022-01-28,98836.7
2022-01-31,98836.7
2022-02-01,98836.7
2022-02-02,98836.7
2022-02-03,98836.7
2022-02-04,98836.7
2022-02-07,98836.7
2022-02-08,98836.7
2022-02-09,98836.7
2022-02-10,98836.7
2022-02-11,98836.7
2022-02-14,98836.7
2022-02-15,98836.7
2022-02-16,98836.7
2022-02-17,98836.7
2022-02-18,98836.7
2022-02-21,98836.7
2022-02-22,98836.7
2022-02-23,98836.7
2022-02-24,98836.7
2022-02-25,98836.7
2022-02-28,98836.7
2022-03-01,98836.7
2022-03-02,98836.7
2022-03-03,98836.7
2022-03-04,98836.7
2022-03-07,98836.7
2022-03-08,98836.7
2022-03-09,98836.7
2022-03-10,98836.7
2022-03-11,98836.7
2022-03-14,98836.7
2022-03-15,98836.7
2022-03-16,98836.7
2022-03-17,98836.7
2022-03-18,98836.7
2022-03-21,98836.7
2022-03-22,98836.7
2022-03-23,98836.7
2022-03-24,98836.7
2022-03-25,98836.7
2022-03-28,98836.7
2022-03-29,98836.7
2022-03-30,98836.7
2022-03-31,98836.7
2022-04-01,98836.5
2022-04-04,98836.5
2022-04-05,98836.5
2022-04-06,98836.5
2022-04-07,98836.5
2022-04-08,98836.5
2022-04-11,98836.5
2022-04-12,98836.5
2022-04-13,98836.5
2022-04-14,98836.5
2022-04-15,98836.5
2022-04-18,98836.5
2022-04-19,98836.5
2022-04-20,98836.5
2022-04-21,98836.5
2022-04-22,98836.5
2022-04-25,98836.5
2022-04-26,98836.5
2022-04-27,99336.5
2022-04-28,99336.5
2022-04-29,99336.5
2022-05-02,99336.5
2022-05-03,99336.5
2022-05-04,100336
2022-05-05,100336
2022-05-06,100336
2022-05-09,100336
2022-05-10,100336
2022-05-11,100336
2022-05-12,100336
2022-05-13,100336
2022-05-16,100336
2022-05-17,100336
2022-05-18,100336
2022-05-19,100336
2022-05-20,100336
2022-05-23,100336
2022-05-24,100336
2022-05-25,100336
2022-05-26,100336
2022-05-27,100336
2022-05-30,100336
2022-05-31,100336
2022-06-01,100336
2022-06-02,100336
2022-06-03,100336
2022-06-06,100336
2022-06-07,100336
2022-06-08,100336
2022-06-09,100336
2022-06-10,100336
2022-06-13,100336
2022-06-14,100336
2022-06-15,100336
2022-06-16,100336
2022-06-17,100336
2022-06-20,100336
2022-06-21,100336
2022-06-22,100336
2022-06-23,100336
2022-06-24,100336
2022-06-27,100336
2022-06-28,100336
2022-06-29,100336
2022-06-30,100336
2022-07-01,100336
2022-07-04,100336
2022-07-05,100336
2022-07-06,100336
2022-07-07,100336
2022-07-08,100336
2022-07-11,100336
2022-07-12,100336
2022-07-13,100336
2022-07-14,100336
2022-07-15,100336
2022-07-18,100336
2022-07-19,100336
2022-07-20,100336
2022-07-21,100336
2022-07-22,100336
2022-07-25,100336
2022-07-26,100336
2022-07-27,100336
2022-07-28,100336
2022-07-29,100336
2022-08-01,100336
2022-08-02,100336
2022-08-03,100336
2022-08-04,100336
2022-08-05,100336
2022-08-08,100336
2022-08-09,100336
2022-08-10,100336
2022-08-11,100336
2022-08-12,100336
2022-08-15,100336
2022-08-16,100336
2022-08-17,100336
2022-08-18,100336
2022-08-19,100336
2022-08-22,100336
2022-08-23,100336
2022-08-24,100336
2022-08-25,100336
2022-08-26,100336
2022-08-29,100336
2022-08-30,100336
2022-08-31,100336
2022-09-01,100336
2022-09-02,100336
2022-09-05,100336
2022-09-06,100336
2022-09-07,100336
2022-09-08,100336
2022-09-09,100336
2022-09-12,100336
2022-09-13,100336
2022-09-14,100336
2022-09-15,100336
2022-09-16,100336
2022-09-19,100336
2022-09-20,100336
2022-09-21,100336
2022-09-22,100336
2022-09-23,100336
2022-09-26,100336
2022-09-27,100336
2022-09-28,100336
2022-09-29,100336
2022-09-30,100336
2022-10-03,100336
2022-10-04,100336
2022-10-05,100336
2022-10-06,100336
2022-10-07,100336
2022-10-10,100336
2022-10-11,100336
2022-10-12,100336
2022-10-13,100336
2022-10-14,100336
2022-10-17,100336
2022-10-18,100336
2022-10-19,100336
2022-10-20,100336
2022-10-21,100336
2022-10-24,100336
2022-10-25,100336
2022-10-26,100336
2022-10-27,100336
2022-10-28,100336
2022-10-31,100336
2022-11-01,100336
2022-11-02,100336
2022-11-03,100336
2022-11-04,100336
2022-11-07,100336
2022-11-08,100336
2022-11-09,100336
2022-11-10,100336
2022-11-11,100336
2022-11-14,100336
2022-11-15,100336
2022-11-16,100336
2022-11-17,100336
2022-11-18,100336
2022-11-21,100336
2022-11-22,100336
2022-11-23,100336
2022-11-24,100336
2022-11-25,100336
2022-11-28,100336
2022-11-29,100336
2022-11-30,100336
2022-12-01,100336
2022-12-02,100336
2022-12-05,100336
2022-12-06,100336
2022-12-07,100336
2022-12-08,100336
2022-12-09,100336
2022-12-12,100336
2022-12-13,100336
2022-12-14,100336
2022-12-15,100336
2022-12-16,100336
2022-12-19,100336
2022-12-20,100336
2022-12-21,100336
2022-12-22,100336
2022-12-23,100336
2022-12-26,100336
2022-12-27,100336
2022-12-28,100336
2022-12-29,100336
2022-12-30,100336
2023-01-02,100336
2023-01-03,100336
2023-01-04,100336
2023-01-05,100336
2023-01-06,100336
2023-01-09,100336
2023-01-10,100336
2023-01-11,100336
2023-01-12,100336
2023-01-13,100336
2023-01-16,100336
2023-01-17,100336
2023-01-18,100336
2023-01-19,100336
2023-01-20,100336
2023-01-23,100336
2023-01-24,100336
2023-01-25,100336
2023-01-26,100336
2023-01-27,100336
2023-01-30,100336
2023-01-31,100336
2023-02-01,100336
2023-02-02,100336
2023-02-03,100336
2023-02-06,100336
2023-02-07,100336
2023-02-08,100336
2023-02-09,100336
2023-02-10,100336
2023-02-13,100336
2023-02-14,100336
2023-02-15,100336
2023-02-16,100336
2023-02-17,100336
2023-02-20,100336
2023-02-21,100336
2023-02-22,100336
2023-02-23,100336
2023-02-24,100336
2023-02-27,100336
2023-02-28,100336
2023-03-01,100336
2023-03-02,100336
2023-03-03,100336
2023-03-06,100336
2023-03-07,100336
2023-03-08,100336
2023-03-09,100336
2023-03-10,100336
2023-03-13,100336
2023-03-14,100336
2023-03-15,100336
2023-03-16,100336
2023-03-17,100336
2023-03-20,100336
2023-03-21,100336
2023-03-22,100336
2023-03-23,100336
2023-03-24,100336
2023-03-27,100336
2023-03-28,100336
2023-03-29,100336
2023-03-30,100336
2023-03-31,100336
2023-04-03,100336
2023-04-04,100336
2023-04-05,100336
2023-04-06,100336
2023-04-07,100336
2023-04-10,100336
2023-04-11,100336
2023-04-12,100336
2023-04-13,100336
2023-04-14,100336
2023-04-17,100336
2023-04-18,100336
2023-04-19,100336
2023-04-20,100336
2023-04-21,100336
2023-04-24,100336
2023-04-25,100336
2023-04-26,100336
2023-04-27,100336
2023-04-28,100336
2023-05-01,100336
2023-05-02,100336
2023-05-03,100336
2023-05-04,100336
2023-05-05,100336
2023-05-08,100336
2023-05-09,100336
2023-05-10,100336
2023-05-11,100336
2023-05-12,100336
2023-05-15,100336
2023-05-16,100336
2023-05-17,100336
2023-05-18,100336
2023-05-19,100336
2023-05-22,100336
2023-05-23,100336
2023-05-24,100336
2023-05-25,100336
2023-05-26,100336
2023-05-29,100336
2023-05-30,100336
2023-05-31,100336
2023-06-01,100336
2023-06-02,100336
2023-06-05,100336
2023-06-06,100336
2023-06-07,100336
2023-06-08,100336
2023-06-09,100336
2023-06-12,100336
2023-06-13,100336
2023-06-14,100336
2023-06-15,100336
2023-06-16,100336
2023-06-19,100336
2023-06-20,100336
2023-06-21,100336
2023-06-22,100336
2023-06-23,100336
2023-06-26,100336
2023-06-27,100336
2023-06-28,100336
2023-06-29,100336
2023-06-30,100336
2023-07-03,100336
2023-07-04,100336
2023-07-05,100336
2023-07-06,100336
2023-07-07,100336
2023-07-10,100336
2023-07-11,100336
2023-07-12,100336
2023-07-13,100336
2023-07-14,100336
2023-07-17,100336
2023-07-18,100336
2023-07-19,100336
2023-07-20,100336
2023-07-21,100336
2023-07-24,100336
2023-07-25,100336
2023-07-26,100336
2023-07-27,100336
2023-07-28,100336
2023-07-31,100336
2023-08-01,100336
2023-08-02,100336
2023-08-03,100336
2023-08-04,100336
2023-08-07,100336
2023-08-08,100336
2023-08-09,100336
2023-08-10,100336
2023-08-11,100336
2023-08-14,100336
2023-08-15,100336
2023-08-16,100336
2023-08-17,100336
2023-08-18,100336
2023-08-21,100336
2023-08-22,100336
2023-08-23,100336
2023-08-24,100336
2023-08-25,100336
2023-08-28,100336
2023-08-29,100336
2023-08-30,100336
2023-08-31,100336
2023-09-01,100336
2023-09-04,100336
2023-09-05,100336
2023-09-06,100336
2023-09-07,100336
2023-09-08,100336
2023-09-11,100336
2023-09-12,100336
2023-09-13,100336
2023-09-14,100336
2023-09-15,100336
2023-09-18,100336
2023-09-19,100336
2023-09-20,100336
2023-09-21,100336
2023-09-22,100336
2023-09-25,100336
2023-09-26,100336
2023-09-27,100336
2023-09-28,100336
2023-09-29,100336
2023-10-02,100336
2023-10-03,100336
2023-10-04,100336
2023-10-05,100336
2023-10-06,100336
2023-10-09,100336
2023-10-10,100336
2023-10-11,100336
2023-10-12,100336
2023-10-13,100336
2023-10-16,100336
2023-10-17,100336
2023-10-18,100336
2023-10-19,100336
2023-10-20,100336
2023-10-23,100336
2023-10-24,100336
2023-10-25,100336
2023-10-26,100336
2023-10-27,100336
2023-10-30,100336
2023-10-31,100336
2023-11-01,100336
2023-11-02,100336
2023-11-03,100336
2023-11-06,100336
2023-11-07,100336
2023-11-08,100336
2023-11-09,100336
2023-11-10,100336
2023-11-13,100336
2023-11-14,100336
2023-11-15,100336
2023-11-16,100336
2023-11-17,100336
2023-11-20,100336
2023-11-21,100336
2023-11-22,100336
2023-11-23,100336
2023-11-24,100336
2023-11-27,100336
2023-11-28,100336
2023-11-29,100336
2023-11-30,100336
2023-12-01,100336
2023-12-04,100336
2023-12-05,100336
2023-12-06,100336
2023-12-07,100336
2023-12-08,100336
2023-12-11,100336
2023-12-12,100336
2023-12-13,100336
2023-12-14,100336
2023-12-15,100336
2023-12-18,100336
2023-12-19,100336
2023-12-20,100336
2023-12-21,100336
2023-12-22,100336
2023-12-25,100336
2023-12-26,100336
2023-12-27,100336
2023-12-28,100336
2023-12-29,100336
2024-01-01,100336
2024-01-02,100336
2024-01-03,100336
2024-01-04,100336
2024-01-05,100336
2024-01-08,100336
2024-01-09,100336
2024-01-10,100336
2024-01-11,100336
2024-01-12,100336
2024-01-15,100336
2024-01-16,100336
2024-01-17,100336
2024-01-18,100336
2024-01-19,100336
2024-01-22,100336
2024-01-23,100336
2024-01-24,100336
2024-01-25,100336
2024-01-26,100336
2024-01-29,100336
2024-01-30,100336
2024-01-31,100336
2024-02-01,100336
2024-02-02,100336
2024-02-05,100336
2024-02-06,100336
2024-02-07,100336
2024-02-08,100336
2024-02-09,100336
2024-02-12,100336
2024-02-13,100336
2024-02-14,100336
2024-02-15,100336
2024-02-16,100336
2024-02-19,100336
2024-02-20,100336
2024-02-21,100336
2024-02-22,100336
2024-02-23,100336
2024-02-26,100336
2024-02-27,100336
2024-02-28,100336
2024-02-29,100336
2024-03-01,100336
2024-03-04,100336
2024-03-05,100336
2024-03-06,100336
2024-03-07,100336
2024-03-08,100336
2024-03-11,100336
2024-03-12,100336
2024-03-13,100336
2024-03-14,100336
2024-03-15,100336
2024-03-18,100336
2024-03-19,100336
2024-03-20,100336
2024-03-21,100336
2024-03-22,100336
2024-03-25,100336
2024-03-26,100336
2024-03-27,100336
2024-03-28,100336
2024-03-29,100336
2024-04-01,100336
2024-04-02,100336
2024-04-03,100336
2024-04-04,100336
2024-04-05,100336
2024-04-08,100336
2024-04-09,100336
2024-04-10,100336
2024-04-11,100336
2024-04-12,100336
2024-04-15,101336
2024-04-16,101336
2024-04-17,101336
2024-04-18,101336
2024-04-19,101336
2024-04-22,101336
2024-04-23,101336
2024-04-24,101336
2024-04-25,101336
2024-04-26,101336
2024-04-29,101336
2024-04-30,101336
2024-05-01,101336
2024-05-02,101336
2024-05-03,101336
2024-05-06,101336
2024-05-07,101336
2024-05-08,101336
2024-05-09,101336
2024-05-10,101336
2024-05-13,101336
2024-05-14,101336
2024-05-15,101336
2024-05-16,101336
2024-05-17,101336
2024-05-20,101336
2024-05-21,101336
2024-05-22,101336
2024-05-23,101336
2024-05-24,101336
2024-05-27,101336
2024-05-28,101336
2024-05-29,101336
2024-05-30,101336
2024-05-31,101336
2024-06-03,101336
2024-06-04,101336
2024-06-05,101336
2024-06-06,101336
2024-06-07,101336
2024-06-10,101336
2024-06-11,101336
2024-06-12,101336
2024-06-13,101336
2024-06-14,101336
2024-06-17,101336
2024-06-18,101336
2024-06-19,101336
2024-06-20,101336
2024-06-21,101336
2024-06-24,101336
2024-06-25,101336
2024-06-26,101336
2024-06-27,101336
2024-06-28,101336
2024-07-01,101336
2024-07-02,101336
2024-07-03,101336
2024-07-04,101336
2024-07-05,101336
2024-07-08,101336
2024-07-09,101336
2024-07-10,101336
2024-07-11,101336
2024-07-12,101336
2024-07-15,101336
2024-07-16,101336
2024-07-17,101336
2024-07-18,101336
2024-07-19,101336
2024-07-22,101336
2024-07-23,101336
2024-07-24,101336
2024-07-25,101336
2024-07-26,101336
2024-07-29,101336
2024-07-30,101336
2024-07-31,101336
2024-08-01,101336
2024-08-02,101336
2024-08-05,101336
2024-08-06,101336
2024-08-07,101336
2024-08-08,101336
2024-08-09,101336
2024-08-12,101336
2024-08-13,101336
2024-08-14,101336
2024-08-15,101336
2024-08-16,101336
2024-08-19,101336
2024-08-20,101336
2024-08-21,101336
2024-08-22,101336
2024-08-23,101336
2024-08-26,101336
2024-08-27,101336
2024-08-28,101336
2024-08-29,101336
2024-08-30,101336
2024-09-02,102101
2024-09-03,102836
2024-09-04,102836
2024-09-05,102836
2024-09-06,102836
2024-09-09,102836
2024-09-10,102836
2024-09-11,102836
2024-09-12,102836
2024-09-13,102836
2024-09-16,102836
2024-09-17,102836
2024-09-18,102836
2024-09-19,102836
2024-09-20,102836
2024-09-23,102836
2024-09-24,102836
2024-09-25,102836
2024-09-26,102836
2024-09-27,102836
2024-09-30,102836
2024-10-01,102836
2024-10-02,102836
2024-10-03,102836
2024-10-04,102836
2024-10-07,102836
2024-10-08,102836
2024-10-09,102836
2024-10-10,102836
2024-10-11,102836
2024-10-14,102836
2024-10-15,102836
2024-10-16,102836
2024-10-17,102836
2024-10-18,102836
2024-10-21,102836
2024-10-22,102836
2024-10-23,102836
2024-10-24,102836
2024-10-25,102836
2024-10-28,102836
2024-10-29,102836
2024-10-30,102836
2024-10-31,102836
2024-11-01,102836
2024-11-04,102836
2024-11-05,102836
2024-11-06,102836
2024-11-07,102836
2024-11-08,102836
2024-11-11,102836
2024-11-12,102836
2024-11-13,102836
2024-11-14,102836
2024-11-15,102836
2024-11-18,102836
2024-11-19,102836
2024-11-20,102836
2024-11-21,102836
2024-11-22,102836
2024-11-25,102836
2024-11-26,102836
2024-11-27,102836
2024-11-28,102836
2024-11-29,102836
2024-12-02,102836
2024-12-03,102836
2024-12-04,102836
2024-12-05,102836
2024-12-06,102836
2024-12-09,102836
2024-12-10,102836
2024-12-11,102836
2024-12-12,102836
2024-12-13,102836
2024-12-16,102836
2024-12-17,102836
2024-12-18,102836
2024-12-19,102836
2024-12-20,102836
2024-12-23,102836
2024-12-24,102836
2024-12-25,102836
2024-12-26,102836
2024-12-27,102836
2024-12-30,102836
2024-12-31,102836
2025-01-01,102836
2025-01-02,102836
2025-01-03,102836
2025-01-06,102836
2025-01-07,102836
2025-01-08,102836
2025-01-09,102836
2025-01-10,102836
2025-01-13,102836
2025-01-14,102836
2025-01-15,102836
2025-01-16,102836
2025-01-17,102836
2025-01-20,102836
2025-01-21,102836
2025-01-22,102836
2025-01-23,102836
2025-01-24,102836
2025-01-27,102836
2025-01-28,102836
2025-01-29,102836
2025-01-30,102836
2025-01-31,102836
2025-02-03,102836
2025-02-04,102836
2025-02-05,102836
2025-02-06,102836
2025-02-07,102836
2025-02-10,102836
2025-02-11,102836
2025-02-12,102836
2025-02-13,102836
2025-02-14,102836
2025-02-17,102836
2025-02-18,102836
2025-02-19,102836
2025-02-20,102836
2025-02-21,102836
2025-02-24,102836
2025-02-25,102836
2025-02-26,102836
2025-02-27,102836
2025-02-28,102836
2025-03-03,102836
2025-03-04,102836
2025-03-05,102836
2025-03-06,102836
2025-03-07,102836
2025-03-10,102836
2025-03-11,102836
2025-03-12,102836
2025-03-13,102836
2025-03-14,102836
2025-03-17,102836
2025-03-18,102836
2025-03-19,102836
2025-03-20,102836
2025-03-21,102836
2025-03-24,102836
2025-03-25,102836
2025-03-26,102836
2025-03-27,102836
2025-03-28,102836
2025-03-31,102836
2025-04-01,102836
2025-04-02,102836
2025-04-03,102836
2025-04-04,102836
2025-04-07,102836
2025-04-08,102836
2025-04-09,102836
2025-04-10,102836
2025-04-11,102836
2025-04-14,102836
2025-04-15,102836
2025-04-16,102836
2025-04-17,102836
2025-04-18,102836
2025-04-21,102836
2025-04-22,102836
2025-04-23,102836
2025-04-24,102836
2025-04-25,102836
2025-04-28,102836
2025-04-29,102836
2025-04-30,102836
2025-05-01,102836
2025-05-02,102836
2025-05-05,102836
2025-05-06,102836
2025-05-07,102836
2025-05-08,102836
2025-05-09,102836
2025-05-12,102836
2025-05-13,102836
2025-05-14,102836
2025-05-15,102836
2025-05-16,102836
2025-05-19,102836
2025-05-20,102836
2025-05-21,102836
2025-05-22,102836
2025-05-23,102836
2025-05-26,102836
2025-05-27,102836
2025-05-28,102836
2025-05-29,102836
2025-05-30,102836
2025-06-02,102836
2025-06-03,102836
2025-06-04,102836
2025-06-05,102836
2025-06-06,102836
2025-06-09,102836
2025-06-10,102836
2025-06-11,102836
2025-06-12,102836
2025-06-13,102836
2025-06-16,102836
2025-06-17,102836
2025-06-18,102836
2025-06-19,102836
2025-06-20,102836
2025-06-23,102836
2025-06-24,102836
2025-06-25,102836
2025-06-26,101836
2025-06-27,101836
2025-06-30,101836
2025-07-01,101835
2025-07-02,101835
2025-07-03,101835
2025-07-04,101835
2025-07-07,101835
2025-07-08,101835
2025-07-09,101835
2025-07-10,101835
2025-07-11,101835
2025-07-14,101835
2025-07-15,101835
2025-07-16,101835
2025-07-17,101835
2025-07-18,101835
2025-07-21,101835
2025-07-22,101835
2025-07-23,101835
2025-07-24,101835
2025-07-25,101835
2025-07-28,101835
2025-07-29,101835
2025-07-30,101835
2025-07-31,101835
2025-08-01,101831
2025-08-04,101831
2025-08-05,101831
2025-08-06,101831
2025-08-07,101831
2025-08-08,101831
2025-08-11,101831
2025-08-12,101831
2025-08-13,101831
2025-08-14,101831
2025-08-15,101831
2025-08-18,101831
2025-08-19,101831
2025-08-20,101831
2025-08-21,101831
2025-08-22,101831
2025-08-25,101831
2025-08-26,101831
2025-08-27,101831
2025-08-28,101831
2025-08-29,101831
2025-09-01,101812
2025-09-02,101812
2025-09-03,101812
2025-09-04,101812
2025-09-05,101812
2025-09-08,101812
2025-09-09,101812
2025-09-10,101812
2025-09-11,101812
2025-09-12,101812
2025-09-15,101812
2025-09-16,101812
2025-09-17,101812
2025-09-18,101812
2025-09-19,101812
2025-09-22,101812
2025-09-23,101812
2025-09-24,101812
2025-09-25,101812
2025-09-26,101812
2025-09-29,101812
2025-09-30,101812
2025-10-01,101235
2025-10-02,101235
2025-10-03,101235
2025-10-06,101235
2025-10-07,101235
2025-10-08,101235
2025-10-09,101235
2025-10-10,101235
2025-10-13,101235
2025-10-14,101235
2025-10-15,101235
2025-10-16,101235
2025-10-17,101235
2025-10-20,101235
2025-10-21,101235
2025-10-22,101235
2025-10-23,101235
2025-10-24,101235
2025-10-27,101235
2025-10-28,100235
2025-10-29,100235
2025-10-30,100235
2025-10-31,100235
2025-11-03,100194
2025-11-04,100194
2025-11-05,100194
2025-11-06,100194
2025-11-07,100194
2025-11-10,100194
2025-11-11,100194
2025-11-12,100194
2025-11-13,100194
2025-11-14,100194
2025-11-17,100194
2025-11-18,100194
2025-11-19,100194
2025-11-20,100194
2025-11-21,100194
2025-11-24,100194
2025-11-25,100194
2025-11-26,100194
2025-11-27,100194
2025-11-28,100194
2025-12-01,100150
2025-12-02,100150
2025-12-03,100150
2025-12-04,100150
2025-12-05,100150
2025-12-08,100150
2025-12-09,100150
2025-12-10,100150
2025-12-11,100150
2025-12-12,100150
2025-12-15,100150
2025-12-16,100150
2025-12-17,100150
2025-12-18,100150
2025-12-19,100150
2025-12-22,100150
2025-12-23,100150
2025-12-24,100150
2025-12-25,100150
2025-12-26,100150
2025-12-29,100150
2025-12-30,100150
2025-12-31,100150
2026-01-01,100150
2026-01-02,100150
2026-01-05,100150
2026-01-06,100150
2026-01-07,100150
2026-01-08,100150
2026-01-09,100150
2026-01-12,100150
2026-01-13,100150
2026-01-14,100150
2026-01-15,100150
2026-01-16,100150
2026-01-19,100150
2026-01-20,100150
2026-01-21,100150
2026-01-22,100150
2026-01-23,100150
2026-01-26,100150
2026-01-27,100150
2026-01-28,100150
2026-01-29,100150
2026-01-30,100150
2026-02-02,100000
2026-02-03,100000
2026-02-04,100000
2026-02-05,100000
2026-02-06,100000
2026-02-09,100000
2026-02-10,100000
2026-02-11,100000
2026-02-12,100000
2026-02-13,100000
2026-02-16,100000
2026-02-17,100000
2026-02-18,100000
2026-02-19,100000
2026-02-20,100000
2026-02-23,100000
2026-02-24,100000
2026-02-25,100000
2026-02-26,100000
2026-02-27,100000
2026-03-02,98750
2026-03-03,98750
2026-03-04,98750
2026-03-05,98750
2026-03-06,98750
2026-03-09,98750
2026-03-10,98750
2026-03-11,98750
2026-03-12,98750
2026-03-13,98750
2026-03-16,97750
2026-03-17,97750
2026-03-18,97750
2026-03-19,97750
2026-03-20,96750
2026-03-23,96750
2026-03-24,96750
2026-03-25,96750
2026-03-26,96750
2026-03-27,96750
2026-03-30,96750
2026-03-31,96750
2026-04-01,96750
2026-04-02,96750
2026-04-03,96750
2026-04-06,96750
2026-04-07,96750
2026-04-08,96750
2026-04-09,96750
2026-04-10,96750
2026-04-13,96750
2026-04-14,96750
2026-04-15,96750
2026-04-16,96750
2026-04-17,96750
2026-04-20,96750
2026-04-21,96750
2026-04-22,96750
2026-04-23,96750
2026-04-24,96750
2026-04-27,96750
2026-04-28,96750
2026-04-29,96750
2026-04-30,96750
2026-05-01,96750
2026-05-04,95750
2026-05-05,95750
2026-05-06,95750
2026-05-07,95250
2026-05-08,95250
2026-05-11,95250
2026-05-12,95250
2026-05-13,95250
2026-05-14,95250
2026-05-15,95250
2026-05-18,95250
2026-05-19,95250
2026-05-20,95250
2026-05-21,95250
2026-05-22,95250
2026-05-25,95250
2026-05-26,95250
2026-05-27,95250
2026-05-28,95250
2026-05-29,95250
2026-06-01,95250
2026-06-02,95250
2026-06-03,95250
2026-06-04,95250
2026-06-05,95250
2026-06-08,95250
2026-06-09,95250
2026-06-10,95250
2026-06-11,95250
2026-06-12,95250
2026-06-15,95250
2026-06-16,95250
2026-06-17,95250
2026-06-18,95250
2026-06-19,95250
2026-06-22,95250
2026-06-23,94250
2026-06-24,94250
2026-06-25,94250
2026-06-26,94250
2026-06-29,93250
2026-06-30,93250
2026-07-01,93250
2026-07-02,93250
2026-07-03,93250
2026-07-06,93250
2026-07-07,93250
2026-07-08,93250
2026-07-09,93250
2026-07-10,93250
2026-07-13,93250
2026-07-14,93250
2026-07-15,93250
2026-07-16,93250
2026-07-17,93250
2026-07-20,93250
2026-07-21,93250
2026-07-22,93250
2026-07-23,93250
2026-07-24,93250
2026-07-27,93250
2026-07-28,93250
2026-07-29,93250
2026-07-30,93250
2026-07-31,93250
2026-08-03,93250
2026-08-04,93250
2026-08-05,93250
2026-08-06,93250
2026-08-07,93250
2026-08-10,93250
2026-08-11,93250
2026-08-12,93250
2026-08-13,93250
2026-08-14,93250
2026-08-17,93250
2026-08-18,93250
2026-08-19,93250
2026-08-20,93250
2026-08-21,93250
2026-08-24,93250
2026-08-25,93250
2026-08-26,93250
2026-08-27,93250
2026-08-28,92250
2026-08-31,92250
2026-09-01,92250
2026-09-02,92250
2026-09-03,92250
2026-09-04,92250
2026-09-08,92250
2026-09-09,92250
2026-09-10,92250
2026-09-11,92250
2026-09-14,91250
2026-09-15,91250
2026-09-16,90250
2026-09-17,90250
2026-09-18,90250
2026-09-21,90250
2026-09-22,90250
2026-09-23,90250
2026-09-24,90250
2026-09-25,90250
2026-09-28,90250
2026-09-29,90250
2026-09-30,90250
2026-10-01,90250
2026-10-02,90250
2026-10-05,90250
2026-10-06,90250
2026-10-07,90250
2026-10-08,90250
2026-10-09,90250
