fecha,valor
1998-01-02,296
1998-01-05,296
1998-01-06,294
1998-01-07,311
1998-01-08,340
1998-01-09,348
1998-01-12,349
1998-01-13,320
1998-01-14,320
1998-01-15,319
1998-01-16,313
1998-01-19,313
1998-01-20,302
1998-01-21,309
1998-01-22,307
1998-01-23,294
1998-01-26,317
1998-01-27,313
1998-01-28,305
1998-01-29,324
1998-01-30,310
1998-02-02,303
1998-02-03,312
1998-02-04,310
1998-02-05,289
1998-02-06,280
1998-02-09,281
1998-02-10,281
1998-02-11,300
1998-02-12,304
1998-02-13,308
1998-02-16,308
1998-02-17,312
1998-02-18,304
1998-02-19,302
1998-02-20,294
1998-02-23,280
1998-02-24,277
1998-02-25,282
1998-02-26,279
1998-02-27,266
1998-03-02,261
1998-03-03,267
1998-03-04,266
1998-03-05,275
1998-03-06,270
1998-03-09,277
1998-03-10,275
1998-03-11,275
1998-03-12,271
1998-03-13,281
1998-03-16,277
1998-03-17,271
1998-03-18,270
1998-03-19,269
1998-03-20,264
1998-03-23,264
1998-03-24,266
1998-03-25,277
1998-03-26,273
1998-03-27,272
1998-03-30,269
1998-03-31,285
1998-04-01,290
1998-04-02,297
1998-04-03,306
1998-04-06,291
1998-04-07,287
1998-04-08,289
1998-04-09,290
1998-04-10,290
1998-04-13,280
1998-04-14,284
1998-04-15,291
1998-04-16,292
1998-04-17,293
1998-04-20,289
1998-04-21,285
1998-04-22,282
1998-04-23,285
1998-04-24,288
1998-04-27,295
1998-04-28,299
1998-04-29,298
1998-04-30,312
1998-05-01,293
1998-05-04,294
1998-05-05,291
1998-05-06,297
1998-05-07,303
1998-05-08,298
1998-05-11,296
1998-05-12,307
1998-05-13,315
1998-05-14,311
1998-05-15,312
1998-05-18,319
1998-05-19,321
1998-05-20,321
1998-05-21,320
1998-05-22,325
1998-05-25,325
1998-05-26,333
1998-05-27,343
1998-05-28,339
1998-05-29,341
1998-06-01,347
1998-06-02,347
1998-06-03,349
1998-06-04,346
1998-06-05,348
1998-06-08,348
1998-06-09,347
1998-06-10,356
1998-06-11,369
1998-06-12,382
1998-06-15,394
1998-06-16,391
1998-06-17,376
1998-06-18,390
1998-06-19,394
1998-06-22,379
1998-06-23,373
1998-06-24,365
1998-06-25,378
1998-06-26,382
1998-06-29,384
1998-06-30,390
1998-07-01,379
1998-07-02,381
1998-07-03,381
1998-07-06,391
1998-07-07,380
1998-07-08,380
1998-07-09,384
1998-07-10,384
1998-07-13,377
1998-07-14,373
1998-07-15,373
1998-07-16,366
1998-07-17,365
1998-07-20,359
1998-07-21,353
1998-07-22,362
1998-07-23,363
1998-07-24,359
1998-07-27,367
1998-07-28,365
1998-07-29,359
1998-07-30,363
1998-07-31,364
1998-08-03,368
1998-08-04,370
1998-08-05,371
1998-08-06,370
1998-08-07,374
1998-08-10,423
1998-08-11,468
1998-08-12,422
1998-08-13,421
1998-08-14,425
1998-08-17,435
1998-08-18,444
1998-08-19,440
1998-08-20,443
1998-08-21,579
1998-08-24,625
1998-08-25,593
1998-08-26,633
1998-08-27,712
1998-08-28,694
1998-08-31,711
1998-09-01,733
1998-09-02,793
1998-09-03,923
1998-09-04,939
1998-09-07,939
1998-09-08,871
1998-09-09,871
1998-09-10,1032
1998-09-11,1066
1998-09-14,1049
1998-09-15,992
1998-09-16,884
1998-09-17,949
1998-09-18,907
1998-09-21,1013
1998-09-22,945
1998-09-23,935
1998-09-24,896
1998-09-25,887
1998-09-28,874
1998-09-29,895
1998-09-30,950
1998-10-01,974
1998-10-02,992
1998-10-05,1006
1998-10-06,987
1998-10-07,962
1998-10-08,945
1998-10-09,904
1998-10-12,904
1998-10-13,907
1998-10-14,928
1998-10-15,928
1998-10-16,919
1998-10-19,905
1998-10-20,837
1998-10-21,834
1998-10-22,826
1998-10-23,799
1998-10-26,782
1998-10-27,769
1998-10-28,777
1998-10-29,791
1998-10-30,756
1998-11-02,741
1998-11-03,710
1998-11-04,607
1998-11-05,583
1998-11-06,554
1998-11-09,528
1998-11-10,563
1998-11-11,563
1998-11-12,568
1998-11-13,564
1998-11-16,557
1998-11-17,545
1998-11-18,564
1998-11-19,602
1998-11-20,588
1998-11-23,580
1998-11-24,595
1998-11-25,580
1998-11-26,580
1998-11-27,582
1998-11-30,606
1998-12-01,630
1998-12-02,673
1998-12-03,687
1998-12-04,689
1998-12-07,682
1998-12-08,720
1998-12-09,721
1998-12-10,721
1998-12-11,724
1998-12-14,764
1998-12-15,758
1998-12-16,718
1998-12-17,722
1998-12-18,649
1998-12-21,629
1998-12-22,620
1998-12-23,605
1998-12-24,604
1998-12-25,604
1998-12-28,615
1998-12-29,619
1998-12-30,625
1998-12-31,626
1999-01-01,626
1999-01-04,616
1999-01-05,576
1999-01-06,586
1999-01-07,590
1999-01-08,588
1999-01-11,600
1999-01-12,612
1999-01-13,679
1999-01-14,710
1999-01-15,679
1999-01-18,679
1999-01-19,670
1999-01-20,642
1999-01-21,667
1999-01-22,682
1999-01-25,696
1999-01-26,683
1999-01-27,662
1999-01-28,643
1999-01-29,641
1999-02-01,642
1999-02-02,611
1999-02-03,615
1999-02-04,608
1999-02-05,617
1999-02-08,619
1999-02-09,645
1999-02-10,644
1999-02-11,636
1999-02-12,620
1999-02-15,620
1999-02-16,602
1999-02-17,607
1999-02-18,587
1999-02-19,582
1999-02-22,593
1999-02-23,590
1999-02-24,582
1999-02-25,586
1999-02-26,588
1999-03-01,603
1999-03-02,621
1999-03-03,626
1999-03-04,635
1999-03-05,626
1999-03-08,632
1999-03-09,642
1999-03-10,619
1999-03-11,583
1999-03-12,592
1999-03-15,573
1999-03-16,552
1999-03-17,553
1999-03-18,553
1999-03-19,521
1999-03-22,517
1999-03-23,508
1999-03-24,511
1999-03-25,507
1999-03-26,519
1999-03-29,515
1999-03-30,521
1999-03-31,506
1999-04-01,498
1999-04-02,498
1999-04-05,504
1999-04-06,502
1999-04-07,505
1999-04-08,494
1999-04-09,488
1999-04-12,482
1999-04-13,466
1999-04-14,453
1999-04-15,453
1999-04-16,446
1999-04-19,461
1999-04-20,471
1999-04-21,462
1999-04-22,462
1999-04-23,459
1999-04-26,461
1999-04-27,462
1999-04-28,462
1999-04-29,467
1999-04-30,458
1999-05-03,461
1999-05-04,458
1999-05-05,468
1999-05-06,475
1999-05-07,478
1999-05-10,482
1999-05-11,484
1999-05-12,487
1999-05-13,487
1999-05-14,495
1999-05-17,477
1999-05-18,500
1999-05-19,511
1999-05-20,528
1999-05-21,572
1999-05-24,596
1999-05-25,637
1999-05-26,632
1999-05-27,740
1999-05-28,668
1999-05-31,668
1999-06-01,658
1999-06-02,689
1999-06-03,679
1999-06-04,666
1999-06-07,630
1999-06-08,622
1999-06-09,643
1999-06-10,690
1999-06-11,673
1999-06-14,691
1999-06-15,677
1999-06-16,660
1999-06-17,654
1999-06-18,647
1999-06-21,642
1999-06-22,651
1999-06-23,674
1999-06-24,670
1999-06-25,714
1999-06-28,707
1999-06-29,660
1999-06-30,667
1999-07-01,664
1999-07-02,667
1999-07-05,667
1999-07-06,662
1999-07-07,662
1999-07-08,668
1999-07-09,670
1999-07-12,716
1999-07-13,732
1999-07-14,714
1999-07-15,687
1999-07-16,689
1999-07-19,686
1999-07-20,701
1999-07-21,705
1999-07-22,675
1999-07-23,677
1999-07-26,677
1999-07-27,678
1999-07-28,684
1999-07-29,678
1999-07-30,676
1999-08-02,669
1999-08-03,673
1999-08-04,682
1999-08-05,700
1999-08-06,674
1999-08-09,655
1999-08-10,656
1999-08-11,651
1999-08-12,673
1999-08-13,675
1999-08-16,673
1999-08-17,685
1999-08-18,682
1999-08-19,692
1999-08-20,712
1999-08-23,720
1999-08-24,743
1999-08-25,735
1999-08-26,729
1999-08-27,717
1999-08-30,701
1999-08-31,707
1999-09-01,718
1999-09-02,711
1999-09-03,701
1999-09-06,701
1999-09-07,703
1999-09-08,685
1999-09-09,670
1999-09-10,648
1999-09-13,636
1999-09-14,652
1999-09-15,638
1999-09-16,629
1999-09-17,633
1999-09-20,624
1999-09-21,627
1999-09-22,626
1999-09-23,632
1999-09-24,657
1999-09-27,619
1999-09-28,618
1999-09-29,602
1999-09-30,621
1999-10-01,623
1999-10-04,615
1999-10-05,608
1999-10-06,609
1999-10-07,596
1999-10-08,597
1999-10-11,597
1999-10-12,594
1999-10-13,598
1999-10-14,589
1999-10-15,610
1999-10-18,606
1999-10-19,598
1999-10-20,578
1999-10-21,567
1999-10-22,548
1999-10-25,533
1999-10-26,518
1999-10-27,515
1999-10-28,503
1999-10-29,505
1999-11-01,514
1999-11-02,522
1999-11-03,532
1999-11-04,537
1999-11-05,545
1999-11-08,522
1999-11-09,525
1999-11-10,531
1999-11-11,531
1999-11-12,533
1999-11-15,538
1999-11-16,540
1999-11-17,550
1999-11-18,554
1999-11-19,558
1999-11-22,554
1999-11-23,556
1999-11-24,547
1999-11-25,547
1999-11-26,545
1999-11-29,542
1999-11-30,535
1999-12-01,527
1999-12-02,529
1999-12-03,532
1999-12-06,525
1999-12-07,512
1999-12-08,496
1999-12-09,499
1999-12-10,493
1999-12-13,471
1999-12-14,461
1999-12-15,456
1999-12-16,450
1999-12-17,442
1999-12-20,433
1999-12-21,421
1999-12-22,421
1999-12-23,419
1999-12-24,419
1999-12-27,418
1999-12-28,415
1999-12-29,418
1999-12-30,420
1999-12-31,416
2000-01-03,398
2000-01-04,416
2000-01-05,417
2000-01-06,428
2000-01-07,433
2000-01-10,427
2000-01-11,438
2000-01-12,448
2000-01-13,461
2000-01-14,450
2000-01-17,450
2000-01-18,452
2000-01-19,446
2000-01-20,448
2000-01-21,440
2000-01-24,455
2000-01-25,452
2000-01-26,449
2000-01-27,451
2000-01-28,457
2000-01-31,466
2000-02-01,481
2000-02-02,468
2000-02-03,460
2000-02-04,456
2000-02-07,438
2000-02-08,432
2000-02-09,434
2000-02-10,435
2000-02-11,443
2000-02-14,456
2000-02-15,462
2000-02-16,462
2000-02-17,463
2000-02-18,469
2000-02-21,469
2000-02-22,500
2000-02-23,500
2000-02-24,509
2000-02-25,509
2000-02-28,502
2000-02-29,508
2000-03-01,514
2000-03-02,496
2000-03-03,502
2000-03-06,514
2000-03-07,516
2000-03-08,521
2000-03-09,498
2000-03-10,494
2000-03-13,509
2000-03-14,509
2000-03-15,522
2000-03-16,527
2000-03-17,541
2000-03-20,533
2000-03-21,540
2000-03-22,541
2000-03-23,543
2000-03-24,530
2000-03-27,524
2000-03-28,506
2000-03-29,501
2000-03-30,528
2000-03-31,549
2000-04-03,554
2000-04-04,579
2000-04-05,580
2000-04-06,623
2000-04-07,651
2000-04-10,675
2000-04-11,667
2000-04-12,642
2000-04-13,635
2000-04-14,663
2000-04-17,654
2000-04-18,662
2000-04-19,668
2000-04-20,670
2000-04-21,670
2000-04-24,671
2000-04-25,670
2000-04-26,672
2000-04-27,688
2000-04-28,716
2000-05-01,701
2000-05-02,704
2000-05-03,747
2000-05-04,829
2000-05-05,827
2000-05-08,832
2000-05-09,840
2000-05-10,853
2000-05-11,786
2000-05-12,780
2000-05-15,769
2000-05-16,782
2000-05-17,773
2000-05-18,761
2000-05-19,797
2000-05-22,816
2000-05-23,820
2000-05-24,832
2000-05-25,834
2000-05-26,839
2000-05-29,839
2000-05-30,751
2000-05-31,770
2000-06-01,764
2000-06-02,719
2000-06-05,722
2000-06-06,724
2000-06-07,715
2000-06-08,697
2000-06-09,689
2000-06-12,685
2000-06-13,691
2000-06-14,698
2000-06-15,713
2000-06-16,722
2000-06-19,713
2000-06-20,712
2000-06-21,709
2000-06-22,706
2000-06-23,702
2000-06-26,740
2000-06-27,766
2000-06-28,765
2000-06-29,749
2000-06-30,751
2000-07-03,749
2000-07-04,749
2000-07-05,734
2000-07-06,728
2000-07-07,732
2000-07-10,724
2000-07-11,721
2000-07-12,714
2000-07-13,705
2000-07-14,686
2000-07-17,681
2000-07-18,695
2000-07-19,694
2000-07-20,694
2000-07-21,691
2000-07-24,675
2000-07-25,666
2000-07-26,667
2000-07-27,679
2000-07-28,699
2000-07-31,691
2000-08-01,704
2000-08-02,705
2000-08-03,706
2000-08-04,711
2000-08-07,708
2000-08-08,678
2000-08-09,661
2000-08-10,686
2000-08-11,683
2000-08-14,678
2000-08-15,674
2000-08-16,676
2000-08-17,677
2000-08-18,684
2000-08-21,683
2000-08-22,683
2000-08-23,688
2000-08-24,687
2000-08-25,687
2000-08-28,683
2000-08-29,676
2000-08-30,678
2000-08-31,686
2000-09-01,690
2000-09-04,690
2000-09-05,700
2000-09-06,684
2000-09-07,691
2000-09-08,692
2000-09-11,691
2000-09-12,697
2000-09-13,705
2000-09-14,702
2000-09-15,702
2000-09-18,743
2000-09-19,742
2000-09-20,739
2000-09-21,739
2000-09-22,757
2000-09-25,751
2000-09-26,751
2000-09-27,744
2000-09-28,725
2000-09-29,722
2000-10-02,712
2000-10-03,699
2000-10-04,699
2000-10-05,704
2000-10-06,717
2000-10-09,717
2000-10-10,719
2000-10-11,728
2000-10-12,746
2000-10-13,745
2000-10-16,750
2000-10-17,779
2000-10-18,773
2000-10-19,766
2000-10-20,766
2000-10-23,773
2000-10-24,789
2000-10-25,815
2000-10-26,810
2000-10-27,813
2000-10-30,813
2000-10-31,768
2000-11-01,779
2000-11-02,771
2000-11-03,759
2000-11-06,759
2000-11-07,764
2000-11-08,767
2000-11-09,804
2000-11-10,805
2000-11-13,809
2000-11-14,807
2000-11-15,806
2000-11-16,805
2000-11-17,808
2000-11-20,801
2000-11-21,797
2000-11-22,810
2000-11-23,810
2000-11-24,807
2000-11-27,801
2000-11-28,800
2000-11-29,805
2000-11-30,818
2000-12-01,795
2000-12-04,808
2000-12-05,789
2000-12-06,784
2000-12-07,783
2000-12-08,769
2000-12-11,762
2000-12-12,750
2000-12-13,752
2000-12-14,754
2000-12-15,751
2000-12-18,752
2000-12-19,746
2000-12-20,753
2000-12-21,768
2000-12-22,769
2000-12-25,769
2000-12-26,774
2000-12-27,767
2000-12-28,751
2000-12-29,755
2001-01-01,755
2001-01-02,776
2001-01-03,742
2001-01-04,747
2001-01-05,756
2001-01-08,764
2001-01-09,760
2001-01-10,753
2001-01-11,738
2001-01-12,731
2001-01-15,731
2001-01-16,723
2001-01-17,718
2001-01-18,724
2001-01-19,696
2001-01-22,689
2001-01-23,699
2001-01-24,714
2001-01-25,718
2001-01-26,712
2001-01-29,701
2001-01-30,698
2001-01-31,697
2001-02-01,685
2001-02-02,697
2001-02-05,692
2001-02-06,672
2001-02-07,667
2001-02-08,644
2001-02-09,639
2001-02-12,630
2001-02-13,605
2001-02-14,600
2001-02-15,597
2001-02-16,612
2001-02-19,612
2001-02-20,638
2001-02-21,656
2001-02-22,644
2001-02-23,629
2001-02-26,630
2001-02-27,636
2001-02-28,646
2001-03-01,641
2001-03-02,632
2001-03-05,624
2001-03-06,619
2001-03-07,624
2001-03-08,626
2001-03-09,610
2001-03-12,613
2001-03-13,615
2001-03-14,625
2001-03-15,626
2001-03-16,638
2001-03-19,639
2001-03-20,639
2001-03-21,633
2001-03-22,646
2001-03-23,643
2001-03-26,642
2001-03-27,620
2001-03-28,619
2001-03-29,630
2001-03-30,645
2001-04-02,642
2001-04-03,640
2001-04-04,642
2001-04-05,632
2001-04-06,639
2001-04-09,635
2001-04-10,624
2001-04-11,618
2001-04-12,621
2001-04-13,621
2001-04-16,611
2001-04-17,621
2001-04-18,623
2001-04-19,615
2001-04-20,620
2001-04-23,638
2001-04-24,639
2001-04-25,634
2001-04-26,645
2001-04-27,620
2001-04-30,628
2001-05-01,638
2001-05-02,638
2001-05-03,642
2001-05-04,624
2001-05-07,620
2001-05-08,616
2001-05-09,622
2001-05-10,609
2001-05-11,594
2001-05-14,602
2001-05-15,601
2001-05-16,598
2001-05-17,570
2001-05-18,572
2001-05-21,575
2001-05-22,568
2001-05-23,569
2001-05-24,561
2001-05-25,563
2001-05-28,563
2001-05-29,566
2001-05-30,578
2001-05-31,596
2001-06-01,598
2001-06-04,590
2001-06-05,595
2001-06-06,596
2001-06-07,590
2001-06-08,580
2001-06-11,580
2001-06-12,582
2001-06-13,586
2001-06-14,589
2001-06-15,582
2001-06-18,581
2001-06-19,586
2001-06-20,575
2001-06-21,569
2001-06-22,572
2001-06-25,569
2001-06-26,559
2001-06-27,545
2001-06-28,536
2001-06-29,528
2001-07-02,535
2001-07-03,532
2001-07-04,532
2001-07-05,526
2001-07-06,535
2001-07-09,538
2001-07-10,546
2001-07-11,558
2001-07-12,576
2001-07-13,570
2001-07-16,576
2001-07-17,577
2001-07-18,591
2001-07-19,591
2001-07-20,578
2001-07-23,572
2001-07-24,572
2001-07-25,569
2001-07-26,564
2001-07-27,573
2001-07-30,568
2001-07-31,575
2001-08-01,574
2001-08-02,562
2001-08-03,555
2001-08-06,556
2001-08-07,549
2001-08-08,560
2001-08-09,548
2001-08-10,543
2001-08-13,548
2001-08-14,549
2001-08-15,538
2001-08-16,535
2001-08-17,541
2001-08-20,537
2001-08-21,543
2001-08-22,531
2001-08-23,518
2001-08-24,492
2001-08-27,486
2001-08-28,493
2001-08-29,500
2001-08-30,504
2001-08-31,517
2001-09-03,517
2001-09-04,507
2001-09-05,523
2001-09-06,543
2001-09-07,551
2001-09-10,561
2001-09-11,561
2001-09-12,561
2001-09-13,569
2001-09-14,608
2001-09-17,604
2001-09-18,599
2001-09-19,603
2001-09-20,607
2001-09-21,625
2001-09-24,609
2001-09-25,615
2001-09-26,615
2001-09-27,619
2001-09-28,615
2001-10-01,618
2001-10-02,623
2001-10-03,617
2001-10-04,620
2001-10-05,617
2001-10-08,617
2001-10-09,606
2001-10-10,600
2001-10-11,583
2001-10-12,591
2001-10-15,591
2001-10-16,593
2001-10-17,587
2001-10-18,591
2001-10-19,579
2001-10-22,581
2001-10-23,577
2001-10-24,583
2001-10-25,585
2001-10-26,586
2001-10-29,596
2001-10-30,606
2001-10-31,619
2001-11-01,621
2001-11-02,616
2001-11-05,610
2001-11-06,604
2001-11-07,600
2001-11-08,589
2001-11-09,586
2001-11-12,586
2001-11-13,577
2001-11-14,570
2001-11-15,539
2001-11-16,527
2001-11-19,545
2001-11-20,534
2001-11-21,517
2001-11-22,517
2001-11-23,513
2001-11-26,512
2001-11-27,516
2001-11-28,511
2001-11-29,532
2001-11-30,534
2001-12-03,543
2001-12-04,540
2001-12-05,520
2001-12-06,508
2001-12-07,493
2001-12-10,505
2001-12-11,503
2001-12-12,509
2001-12-13,497
2001-12-14,483
2001-12-17,487
2001-12-18,500
2001-12-19,513
2001-12-20,508
2001-12-21,504
2001-12-24,500
2001-12-25,500
2001-12-26,494
2001-12-27,494
2001-12-28,499
2001-12-31,508
2002-01-01,508
2002-01-02,500
2002-01-03,501
2002-01-04,498
2002-01-07,510
2002-01-08,510
2002-01-09,515
2002-01-10,548
2002-01-11,561
2002-01-14,579
2002-01-15,568
2002-01-16,578
2002-01-17,555
2002-01-18,557
2002-01-21,557
2002-01-22,553
2002-01-23,543
2002-01-24,537
2002-01-25,537
2002-01-28,534
2002-01-29,551
2002-01-30,559
2002-01-31,559
2002-02-01,563
2002-02-04,573
2002-02-05,570
2002-02-06,569
2002-02-07,561
2002-02-08,568
2002-02-11,568
2002-02-12,557
2002-02-13,556
2002-02-14,558
2002-02-15,571
2002-02-18,571
2002-02-19,569
2002-02-20,575
2002-02-21,602
2002-02-22,614
2002-02-25,626
2002-02-26,617
2002-02-27,627
2002-02-28,623
2002-03-01,606
2002-03-04,604
2002-03-05,591
2002-03-06,583
2002-03-07,551
2002-03-08,545
2002-03-11,537
2002-03-12,543
2002-03-13,546
2002-03-14,528
2002-03-15,519
2002-03-18,517
2002-03-19,522
2002-03-20,516
2002-03-21,521
2002-03-22,513
2002-03-25,509
2002-03-26,515
2002-03-27,519
2002-03-28,511
2002-03-29,511
2002-04-01,504
2002-04-02,519
2002-04-03,526
2002-04-04,528
2002-04-05,542
2002-04-08,552
2002-04-09,555
2002-04-10,545
2002-04-11,548
2002-04-12,544
2002-04-15,548
2002-04-16,545
2002-04-17,545
2002-04-18,548
2002-04-19,550
2002-04-22,549
2002-04-23,547
2002-04-24,556
2002-04-25,559
2002-04-26,561
2002-04-29,554
2002-04-30,550
2002-05-01,557
2002-05-02,550
2002-05-03,550
2002-05-06,548
2002-05-07,548
2002-05-08,540
2002-05-09,545
2002-05-10,551
2002-05-13,543
2002-05-14,532
2002-05-15,535
2002-05-16,543
2002-05-17,537
2002-05-20,542
2002-05-21,546
2002-05-22,552
2002-05-23,547
2002-05-24,543
2002-05-27,543
2002-05-28,534
2002-05-29,551
2002-05-30,553
2002-05-31,552
2002-06-03,548
2002-06-04,555
2002-06-05,555
2002-06-06,564
2002-06-07,560
2002-06-10,556
2002-06-11,559
2002-06-12,566
2002-06-13,566
2002-06-14,573
2002-06-17,566
2002-06-18,566
2002-06-19,581
2002-06-20,581
2002-06-21,594
2002-06-24,582
2002-06-25,588
2002-06-26,604
2002-06-27,588
2002-06-28,592
2002-07-01,592
2002-07-02,602
2002-07-03,601
2002-07-04,601
2002-07-05,589
2002-07-08,600
2002-07-09,610
2002-07-10,627
2002-07-11,627
2002-07-12,638
2002-07-15,636
2002-07-16,644
2002-07-17,680
2002-07-18,686
2002-07-19,680
2002-07-22,695
2002-07-23,778
2002-07-24,734
2002-07-25,756
2002-07-26,800
2002-07-29,810
2002-07-30,882
2002-07-31,903
2002-08-01,854
2002-08-02,872
2002-08-05,876
2002-08-06,870
2002-08-07,860
2002-08-08,834
2002-08-09,842
2002-08-12,897
2002-08-13,922
2002-08-14,924
2002-08-15,921
2002-08-16,897
2002-08-19,897
2002-08-20,873
2002-08-21,843
2002-08-22,840
2002-08-23,845
2002-08-26,863
2002-08-27,858
2002-08-28,869
2002-08-29,889
2002-08-30,889
2002-09-02,889
2002-09-03,909
2002-09-04,919
2002-09-05,927
2002-09-06,916
2002-09-09,914
2002-09-10,927
2002-09-11,911
2002-09-12,932
2002-09-13,941
2002-09-16,955
2002-09-17,982
2002-09-18,1016
2002-09-19,1059
2002-09-20,1058
2002-09-23,1072
2002-09-24,1076
2002-09-25,1059
2002-09-26,1037
2002-09-27,1043
2002-09-30,1066
2002-10-01,1004
2002-10-02,1010
2002-10-03,1009
2002-10-04,991
2002-10-07,999
2002-10-08,1011
2002-10-09,1023
2002-10-10,1015
2002-10-11,1000
2002-10-14,1000
2002-10-15,967
2002-10-16,975
2002-10-17,961
2002-10-18,935
2002-10-21,910
2002-10-22,893
2002-10-23,873
2002-10-24,870
2002-10-25,860
2002-10-28,857
2002-10-29,860
2002-10-30,846
2002-10-31,824
2002-11-01,805
2002-11-04,788
2002-11-05,791
2002-11-06,822
2002-11-07,806
2002-11-08,798
2002-11-11,798
2002-11-12,805
2002-11-13,809
2002-11-14,784
2002-11-15,749
2002-11-18,717
2002-11-19,704
2002-11-20,689
2002-11-21,690
2002-11-22,672
2002-11-25,674
2002-11-26,703
2002-11-27,689
2002-11-28,689
2002-11-29,684
2002-12-02,686
2002-12-03,689
2002-12-04,695
2002-12-05,696
2002-12-06,702
2002-12-09,683
2002-12-10,682
2002-12-11,686
2002-12-12,675
2002-12-13,662
2002-12-16,644
2002-12-17,626
2002-12-18,610
2002-12-19,627
2002-12-20,619
2002-12-23,613
2002-12-24,621
2002-12-25,621
2002-12-26,619
2002-12-27,626
2002-12-30,626
2002-12-31,633
2003-01-01,633
2003-01-02,607
2003-01-03,603
2003-01-06,581
2003-01-07,592
2003-01-08,613
2003-01-09,607
2003-01-10,598
2003-01-13,589
2003-01-14,590
2003-01-15,604
2003-01-16,598
2003-01-17,617
2003-01-20,617
2003-01-21,631
2003-01-22,654
2003-01-23,657
2003-01-24,677
2003-01-27,682
2003-01-28,673
2003-01-29,679
2003-01-30,675
2003-01-31,686
2003-02-03,681
2003-02-04,689
2003-02-05,677
2003-02-06,686
2003-02-07,690
2003-02-10,692
2003-02-11,683
2003-02-12,692
2003-02-13,706
2003-02-14,700
2003-02-17,700
2003-02-18,691
2003-02-19,690
2003-02-20,684
2003-02-21,667
2003-02-24,678
2003-02-25,671
2003-02-26,669
2003-02-27,668
2003-02-28,666
2003-03-03,666
2003-03-04,670
2003-03-05,663
2003-03-06,646
2003-03-07,649
2003-03-10,659
2003-03-11,665
2003-03-12,667
2003-03-13,645
2003-03-14,643
2003-03-17,640
2003-03-18,623
2003-03-19,616
2003-03-20,611
2003-03-21,594
2003-03-24,608
2003-03-25,595
2003-03-26,585
2003-03-27,591
2003-03-28,593
2003-03-31,595
2003-04-01,591
2003-04-02,575
2003-04-03,545
2003-04-04,532
2003-04-07,512
2003-04-08,544
2003-04-09,554
2003-04-10,560
2003-04-11,561
2003-04-14,547
2003-04-15,540
2003-04-16,539
2003-04-17,540
2003-04-18,540
2003-04-21,528
2003-04-22,521
2003-04-23,513
2003-04-24,508
2003-04-25,504
2003-04-28,485
2003-04-29,467
2003-04-30,465
2003-05-01,460
2003-05-02,440
2003-05-05,443
2003-05-06,471
2003-05-07,460
2003-05-08,450
2003-05-09,429
2003-05-12,414
2003-05-13,411
2003-05-14,437
2003-05-15,465
2003-05-16,486
2003-05-19,511
2003-05-20,548
2003-05-21,505
2003-05-22,486
2003-05-23,482
2003-05-26,482
2003-05-27,478
2003-05-28,481
2003-05-29,481
2003-05-30,479
2003-06-02,466
2003-06-03,474
2003-06-04,469
2003-06-05,455
2003-06-06,444
2003-06-09,450
2003-06-10,461
2003-06-11,470
2003-06-12,469
2003-06-13,465
2003-06-16,456
2003-06-17,441
2003-06-18,445
2003-06-19,452
2003-06-20,456
2003-06-23,465
2003-06-24,463
2003-06-25,454
2003-06-26,454
2003-06-27,458
2003-06-30,447
2003-07-01,457
2003-07-02,462
2003-07-03,464
2003-07-04,464
2003-07-07,482
2003-07-08,482
2003-07-09,484
2003-07-10,479
2003-07-11,494
2003-07-14,473
2003-07-15,472
2003-07-16,478
2003-07-17,471
2003-07-18,474
2003-07-21,455
2003-07-22,451
2003-07-23,448
2003-07-24,445
2003-07-25,437
2003-07-28,425
2003-07-29,431
2003-07-30,452
2003-07-31,450
2003-08-01,479
2003-08-04,501
2003-08-05,487
2003-08-06,513
2003-08-07,500
2003-08-08,488
2003-08-11,477
2003-08-12,474
2003-08-13,458
2003-08-14,459
2003-08-15,459
2003-08-18,458
2003-08-19,450
2003-08-20,428
2003-08-21,411
2003-08-22,409
2003-08-25,401
2003-08-26,405
2003-08-27,401
2003-08-28,420
2003-08-29,422
2003-09-01,422
2003-09-02,411
2003-09-03,416
2003-09-04,422
2003-09-05,431
2003-09-08,425
2003-09-09,426
2003-09-10,418
2003-09-11,410
2003-09-12,419
2003-09-15,421
2003-09-16,420
2003-09-17,426
2003-09-18,425
2003-09-19,417
2003-09-22,422
2003-09-23,430
2003-09-24,434
2003-09-25,441
2003-09-26,451
2003-09-29,456
2003-09-30,479
2003-10-01,485
2003-10-02,459
2003-10-03,435
2003-10-06,439
2003-10-07,433
2003-10-08,419
2003-10-09,415
2003-10-10,422
2003-10-13,422
2003-10-14,409
2003-10-15,407
2003-10-16,405
2003-10-17,428
2003-10-20,453
2003-10-21,444
2003-10-22,458
2003-10-23,444
2003-10-24,452
2003-10-27,487
2003-10-28,483
2003-10-29,471
2003-10-30,484
2003-10-31,493
2003-11-03,489
2003-11-04,478
2003-11-05,463
2003-11-06,462
2003-11-07,460
2003-11-10,456
2003-11-11,456
2003-11-12,451
2003-11-13,459
2003-11-14,471
2003-11-17,478
2003-11-18,476
2003-11-19,467
2003-11-20,475
2003-11-21,474
2003-11-24,470
2003-11-25,477
2003-11-26,476
2003-11-27,463
2003-11-28,463
2003-12-01,455
2003-12-02,451
2003-12-03,442
2003-12-04,435
2003-12-05,458
2003-12-08,436
2003-12-09,418
2003-12-10,426
2003-12-11,450
2003-12-12,456
2003-12-15,448
2003-12-16,451
2003-12-17,444
2003-12-18,440
2003-12-19,437
2003-12-22,433
2003-12-23,431
2003-12-24,429
2003-12-25,429
2003-12-26,436
2003-12-29,431
2003-12-30,426
2003-12-31,427
2004-01-01,427
2004-01-02,413
2004-01-05,399
2004-01-06,380
2004-01-07,363
2004-01-08,352
2004-01-09,369
2004-01-12,358
2004-01-13,383
2004-01-14,396
2004-01-15,391
2004-01-16,387
2004-01-19,387
2004-01-20,391
2004-01-21,385
2004-01-22,386
2004-01-23,383
2004-01-26,388
2004-01-27,387
2004-01-28,385
2004-01-29,423
2004-01-30,425
2004-02-02,435
2004-02-03,428
2004-02-04,426
2004-02-05,436
2004-02-06,441
2004-02-09,432
2004-02-10,443
2004-02-11,441
2004-02-12,433
2004-02-13,438
2004-02-16,438
2004-02-17,432
2004-02-18,430
2004-02-19,436
2004-02-20,442
2004-02-23,434
2004-02-24,429
2004-02-25,432
2004-02-26,424
2004-02-27,424
2004-03-01,413
2004-03-02,414
2004-03-03,411
2004-03-04,402
2004-03-05,411
2004-03-08,404
2004-03-09,412
2004-03-10,416
2004-03-11,417
2004-03-12,416
2004-03-15,407
2004-03-16,416
2004-03-17,403
2004-03-18,399
2004-03-19,387
2004-03-22,393
2004-03-23,399
2004-03-24,402
2004-03-25,399
2004-03-26,389
2004-03-29,386
2004-03-30,378
2004-03-31,379
2004-04-01,364
2004-04-02,358
2004-04-05,358
2004-04-06,358
2004-04-07,359
2004-04-08,358
2004-04-09,358
2004-04-12,355
2004-04-13,355
2004-04-14,365
2004-04-15,381
2004-04-16,383
2004-04-19,373
2004-04-20,389
2004-04-21,396
2004-04-22,390
2004-04-23,373
2004-04-26,374
2004-04-27,398
2004-04-28,419
2004-04-29,428
2004-04-30,443
2004-05-03,473
2004-05-04,466
2004-05-05,475
2004-05-06,525
2004-05-07,544
2004-05-10,599
2004-05-11,566
2004-05-12,567
2004-05-13,559
2004-05-14,520
2004-05-17,506
2004-05-18,501
2004-05-19,521
2004-05-20,550
2004-05-21,544
2004-05-24,546
2004-05-25,522
2004-05-26,546
2004-05-27,534
2004-05-28,521
2004-05-31,524
2004-06-01,524
2004-06-02,496
2004-06-03,503
2004-06-04,486
2004-06-07,466
2004-06-08,475
2004-06-09,486
2004-06-10,490
2004-06-11,491
2004-06-14,497
2004-06-15,498
2004-06-16,493
2004-06-17,482
2004-06-18,487
2004-06-21,482
2004-06-22,477
2004-06-23,469
2004-06-24,475
2004-06-25,478
2004-06-28,483
2004-06-29,482
2004-06-30,483
2004-07-01,491
2004-07-02,481
2004-07-05,481
2004-07-06,474
2004-07-07,472
2004-07-08,484
2004-07-09,478
2004-07-12,472
2004-07-13,466
2004-07-14,451
2004-07-15,445
2004-07-16,438
2004-07-19,431
2004-07-20,429
2004-07-21,442
2004-07-22,443
2004-07-23,439
2004-07-26,447
2004-07-27,449
2004-07-28,441
2004-07-29,432
2004-07-30,435
2004-08-02,445
2004-08-03,439
2004-08-04,435
2004-08-05,438
2004-08-06,448
2004-08-09,443
2004-08-10,428
2004-08-11,432
2004-08-12,436
2004-08-13,436
2004-08-16,434
2004-08-17,428
2004-08-18,427
2004-08-19,428
2004-08-20,411
2004-08-23,408
2004-08-24,393
2004-08-25,397
2004-08-26,407
2004-08-27,402
2004-08-30,399
2004-08-31,406
2004-09-01,409
2004-09-02,406
2004-09-03,398
2004-09-06,398
2004-09-07,394
2004-09-08,395
2004-09-09,383
2004-09-10,390
2004-09-13,402
2004-09-14,401
2004-09-15,394
2004-09-16,395
2004-09-17,388
2004-09-20,384
2004-09-21,393
2004-09-22,391
2004-09-23,394
2004-09-24,407
2004-09-27,412
2004-09-28,414
2004-09-29,404
2004-09-30,407
2004-10-01,405
2004-10-04,392
2004-10-05,391
2004-10-06,393
2004-10-07,396
2004-10-08,387
2004-10-11,387
2004-10-12,384
2004-10-13,393
2004-10-14,407
2004-10-15,398
2004-10-18,401
2004-10-19,408
2004-10-20,412
2004-10-21,406
2004-10-22,406
2004-10-25,415
2004-10-26,413
2004-10-27,402
2004-10-28,401
2004-10-29,401
2004-11-01,395
2004-11-02,389
2004-11-03,389
2004-11-04,381
2004-11-05,375
2004-11-08,375
2004-11-09,375
2004-11-10,371
2004-11-11,371
2004-11-12,367
2004-11-15,361
2004-11-16,357
2004-11-17,351
2004-11-18,350
2004-11-19,351
2004-11-22,348
2004-11-23,339
2004-11-24,336
2004-11-25,336
2004-11-26,331
2004-11-29,337
2004-11-30,340
2004-12-01,338
2004-12-02,346
2004-12-03,350
2004-12-06,357
2004-12-07,358
2004-12-08,370
2004-12-09,368
2004-12-10,367
2004-12-13,363
2004-12-14,361
2004-12-15,357
2004-12-16,348
2004-12-17,342
2004-12-20,338
2004-12-21,337
2004-12-22,336
2004-12-23,334
2004-12-24,334
2004-12-27,327
2004-12-28,331
2004-12-29,332
2004-12-30,334
2004-12-31,332
2005-01-03,334
2005-01-04,331
2005-01-05,342
2005-01-06,354
2005-01-07,357
2005-01-10,366
2005-01-11,364
2005-01-12,354
2005-01-13,361
2005-01-14,361
2005-01-17,361
2005-01-18,374
2005-01-19,373
2005-01-20,367
2005-01-21,364
2005-01-24,360
2005-01-25,355
2005-01-26,360
2005-01-27,365
2005-01-28,371
2005-01-31,364
2005-02-01,371
2005-02-02,374
2005-02-03,367
2005-02-04,364
2005-02-07,364
2005-02-08,359
2005-02-09,366
2005-02-10,361
2005-02-11,358
2005-02-14,357
2005-02-15,359
2005-02-16,355
2005-02-17,348
2005-02-18,347
2005-02-21,347
2005-02-22,356
2005-02-23,358
2005-02-24,348
2005-02-25,346
2005-02-28,343
2005-03-01,346
2005-03-02,341
2005-03-03,343
2005-03-04,340
2005-03-07,334
2005-03-08,328
2005-03-09,335
2005-03-10,334
2005-03-11,340
2005-03-14,356
2005-03-15,368
2005-03-16,375
2005-03-17,372
2005-03-18,368
2005-03-21,378
2005-03-22,379
2005-03-23,403
2005-03-24,436
2005-03-25,436
2005-03-28,448
2005-03-29,438
2005-03-30,407
2005-03-31,393
2005-04-01,398
2005-04-04,419
2005-04-05,412
2005-04-06,404
2005-04-07,400
2005-04-08,400
2005-04-11,402
2005-04-12,400
2005-04-13,398
2005-04-14,411
2005-04-15,434
2005-04-18,431
2005-04-19,425
2005-04-20,428
2005-04-21,405
2005-04-22,411
2005-04-25,411
2005-04-26,400
2005-04-27,402
2005-04-28,410
2005-04-29,406
2005-05-02,407
2005-05-03,392
2005-05-04,388
2005-05-05,389
2005-05-06,380
2005-05-09,368
2005-05-10,384
2005-05-11,383
2005-05-12,380
2005-05-13,381
2005-05-16,381
2005-05-17,389
2005-05-18,382
2005-05-19,373
2005-05-20,367
2005-05-23,364
2005-05-24,370
2005-05-25,366
2005-05-26,347
2005-05-27,347
2005-05-30,347
2005-05-31,353
2005-06-01,356
2005-06-02,354
2005-06-03,349
2005-06-06,358
2005-06-07,361
2005-06-08,353
2005-06-09,351
2005-06-10,343
2005-06-13,340
2005-06-14,335
2005-06-15,337
2005-06-16,333
2005-06-17,331
2005-06-20,327
2005-06-21,323
2005-06-22,332
2005-06-23,334
2005-06-24,334
2005-06-27,331
2005-06-28,326
2005-06-29,327
2005-06-30,331
2005-07-01,324
2005-07-04,324
2005-07-05,325
2005-07-06,329
2005-07-07,330
2005-07-08,319
2005-07-11,320
2005-07-12,314
2005-07-13,315
2005-07-14,318
2005-07-15,318
2005-07-18,320
2005-07-19,322
2005-07-20,322
2005-07-21,319
2005-07-22,327
2005-07-25,329
2005-07-26,330
2005-07-27,326
2005-07-28,321
2005-07-29,316
2005-08-01,314
2005-08-02,308
2005-08-03,308
2005-08-04,304
2005-08-05,298
2005-08-08,305
2005-08-09,302
2005-08-10,297
2005-08-11,300
2005-08-12,310
2005-08-15,302
2005-08-16,304
2005-08-17,301
2005-08-18,302
2005-08-19,306
2005-08-22,303
2005-08-23,303
2005-08-24,308
2005-08-25,309
2005-08-26,304
2005-08-29,303
2005-08-30,305
2005-08-31,307
2005-09-01,305
2005-09-02,302
2005-09-05,302
2005-09-06,295
2005-09-07,283
2005-09-08,277
2005-09-09,275
2005-09-12,271
2005-09-13,272
2005-09-14,266
2005-09-15,265
2005-09-16,258
2005-09-19,251
2005-09-20,251
2005-09-21,242
2005-09-22,249
2005-09-23,243
2005-09-26,237
2005-09-27,235
2005-09-28,238
2005-09-29,231
2005-09-30,240
2005-10-03,236
2005-10-04,245
2005-10-05,252
2005-10-06,289
2005-10-07,277
2005-10-10,277
2005-10-11,281
2005-10-12,303
2005-10-13,308
2005-10-14,311
2005-10-17,295
2005-10-18,293
2005-10-19,286
2005-10-20,278
2005-10-21,288
2005-10-24,283
2005-10-25,267
2005-10-26,263
2005-10-27,270
2005-10-28,267
2005-10-31,261
2005-11-01,259
2005-11-02,258
2005-11-03,258
2005-11-04,256
2005-11-07,253
2005-11-08,257
2005-11-09,253
2005-11-10,263
2005-11-11,263
2005-11-14,257
2005-11-15,257
2005-11-16,261
2005-11-17,261
2005-11-18,254
2005-11-21,252
2005-11-22,250
2005-11-23,245
2005-11-24,245
2005-11-25,244
2005-11-28,245
2005-11-29,243
2005-11-30,243
2005-12-01,237
2005-12-02,235
2005-12-05,238
2005-12-06,241
2005-12-07,241
2005-12-08,248
2005-12-09,243
2005-12-12,241
2005-12-13,238
2005-12-14,239
2005-12-15,239
2005-12-16,241
2005-12-19,241
2005-12-20,240
2005-12-21,235
2005-12-22,236
2005-12-23,241
2005-12-26,241
2005-12-27,242
2005-12-28,243
2005-12-29,241
2005-12-30,244
2006-01-02,244
2006-01-03,240
2006-01-04,238
2006-01-05,237
2006-01-06,227
2006-01-09,226
2006-01-10,221
2006-01-11,215
2006-01-12,217
2006-01-13,216
2006-01-16,216
2006-01-17,216
2006-01-18,212
2006-01-19,203
2006-01-20,202
2006-01-23,203
2006-01-24,200
2006-01-25,197
2006-01-26,196
2006-01-27,194
2006-01-30,194
2006-01-31,200
2006-02-01,195
2006-02-02,194
2006-02-03,194
2006-02-06,191
2006-02-07,190
2006-02-08,181
2006-02-09,183
2006-02-10,169
2006-02-13,167
2006-02-14,167
2006-02-15,168
2006-02-16,169
2006-02-17,172
2006-02-20,172
2006-02-21,169
2006-02-22,168
2006-02-23,160
2006-02-24,162
2006-02-27,153
2006-02-28,156
2006-03-01,150
2006-03-02,148
2006-03-03,146
2006-03-06,152
2006-03-07,168
2006-03-08,174
2006-03-09,174
2006-03-10,169
2006-03-13,169
2006-03-14,174
2006-03-15,168
2006-03-16,172
2006-03-17,171
2006-03-20,173
2006-03-21,174
2006-03-22,173
2006-03-23,173
2006-03-24,176
2006-03-27,173
2006-03-28,168
2006-03-29,167
2006-03-30,168
2006-03-31,174
2006-04-03,171
2006-04-04,169
2006-04-05,174
2006-04-06,177
2006-04-07,182
2006-04-10,190
2006-04-11,190
2006-04-12,189
2006-04-13,188
2006-04-14,188
2006-04-17,196
2006-04-18,181
2006-04-19,165
2006-04-20,161
2006-04-21,161
2006-04-24,160
2006-04-25,159
2006-04-26,159
2006-04-27,158
2006-04-28,157
2006-05-01,150
2006-05-02,152
2006-05-03,156
2006-05-04,162
2006-05-05,164
2006-05-08,165
2006-05-09,168
2006-05-10,167
2006-05-11,168
2006-05-12,174
2006-05-15,184
2006-05-16,186
2006-05-17,197
2006-05-18,206
2006-05-19,210
2006-05-22,230
2006-05-23,221
2006-05-24,234
2006-05-25,215
2006-05-26,207
2006-05-29,207
2006-05-30,208
2006-05-31,207
2006-06-01,202
2006-06-02,210
2006-06-05,204
2006-06-06,216
2006-06-07,212
2006-06-08,222
2006-06-09,222
2006-06-12,228
2006-06-13,247
2006-06-14,238
2006-06-15,224
2006-06-16,224
2006-06-19,220
2006-06-20,227
2006-06-21,234
2006-06-22,239
2006-06-23,247
2006-06-26,253
2006-06-27,265
2006-06-28,260
2006-06-29,256
2006-06-30,239
2006-07-03,233
2006-07-04,233
2006-07-05,233
2006-07-06,233
2006-07-07,234
2006-07-10,223
2006-07-11,225
2006-07-12,230
2006-07-13,251
2006-07-14,247
2006-07-17,244
2006-07-18,236
2006-07-19,230
2006-07-20,228
2006-07-21,224
2006-07-24,223
2006-07-25,222
2006-07-26,214
2006-07-27,211
2006-07-28,212
2006-07-31,208
2006-08-01,210
2006-08-02,202
2006-08-03,202
2006-08-04,199
2006-08-07,197
2006-08-08,191
2006-08-09,180
2006-08-10,185
2006-08-11,187
2006-08-14,183
2006-08-15,192
2006-08-16,187
2006-08-17,188
2006-08-18,190
2006-08-21,189
2006-08-22,192
2006-08-23,201
2006-08-24,204
2006-08-25,207
2006-08-28,208
2006-08-29,212
2006-08-30,209
2006-08-31,204
2006-09-01,204
2006-09-04,204
2006-09-05,196
2006-09-06,198
2006-09-07,198
2006-09-08,202
2006-09-11,202
2006-09-12,203
2006-09-13,203
2006-09-14,201
2006-09-15,200
2006-09-18,198
2006-09-19,205
2006-09-20,206
2006-09-21,221
2006-09-22,223
2006-09-25,225
2006-09-26,219
2006-09-27,213
2006-09-28,210
2006-09-29,202
2006-10-02,200
2006-10-03,205
2006-10-04,204
2006-10-05,197
2006-10-06,188
2006-10-09,188
2006-10-10,181
2006-10-11,177
2006-10-12,171
2006-10-13,170
2006-10-16,172
2006-10-17,175
2006-10-18,171
2006-10-19,171
2006-10-20,171
2006-10-23,169
2006-10-24,173
2006-10-25,176
2006-10-26,172
2006-10-27,177
2006-10-30,178
2006-10-31,197
2006-11-01,197
2006-11-02,192
2006-11-03,185
2006-11-06,181
2006-11-07,184
2006-11-08,185
2006-11-09,185
2006-11-10,190
2006-11-13,188
2006-11-14,186
2006-11-15,181
2006-11-16,178
2006-11-17,184
2006-11-20,185
2006-11-21,189
2006-11-22,190
2006-11-23,190
2006-11-24,192
2006-11-27,197
2006-11-28,201
2006-11-29,200
2006-11-30,208
2006-12-01,212
2006-12-04,207
2006-12-05,199
2006-12-06,194
2006-12-07,193
2006-12-08,186
2006-12-11,187
2006-12-12,190
2006-12-13,184
2006-12-14,182
2006-12-15,181
2006-12-18,178
2006-12-19,174
2006-12-20,171
2006-12-21,171
2006-12-22,168
2006-12-25,168
2006-12-26,171
2006-12-27,165
2006-12-28,161
2006-12-29,161
2007-01-01,161
2007-01-02,163
2007-01-03,166
2007-01-04,170
2007-01-05,171
2007-01-08,171
2007-01-09,176
2007-01-10,173
2007-01-11,168
2007-01-12,164
2007-01-15,164
2007-01-16,161
2007-01-17,157
2007-01-18,164
2007-01-19,160
2007-01-22,161
2007-01-23,160
2007-01-24,160
2007-01-25,161
2007-01-26,162
2007-01-29,165
2007-01-30,167
2007-01-31,165
2007-02-01,160
2007-02-02,157
2007-02-05,157
2007-02-06,159
2007-02-07,163
2007-02-08,162
2007-02-09,161
2007-02-12,160
2007-02-13,156
2007-02-14,159
2007-02-15,161
2007-02-16,163
2007-02-19,163
2007-02-20,165
2007-02-21,162
2007-02-22,158
2007-02-23,161
2007-02-26,167
2007-02-27,191
2007-02-28,180
2007-03-01,182
2007-03-02,188
2007-03-05,188
2007-03-06,180
2007-03-07,180
2007-03-08,178
2007-03-09,170
2007-03-12,174
2007-03-13,179
2007-03-14,176
2007-03-15,175
2007-03-16,174
2007-03-19,170
2007-03-20,172
2007-03-21,170
2007-03-22,159
2007-03-23,158
2007-03-26,158
2007-03-27,157
2007-03-28,160
2007-03-29,159
2007-03-30,157
2007-04-02,158
2007-04-03,155
2007-04-04,153
2007-04-05,152
2007-04-06,145
2007-04-09,145
2007-04-10,148
2007-04-11,147
2007-04-12,148
2007-04-13,145
2007-04-16,144
2007-04-17,145
2007-04-18,141
2007-04-19,132
2007-04-20,127
2007-04-23,131
2007-04-24,136
2007-04-25,133
2007-04-26,132
2007-04-27,134
2007-04-30,140
2007-05-01,137
2007-05-02,136
2007-05-03,138
2007-05-04,142
2007-05-07,143
2007-05-08,140
2007-05-09,137
2007-05-10,141
2007-05-11,140
2007-05-14,140
2007-05-15,138
2007-05-16,135
2007-05-17,129
2007-05-18,123
2007-05-21,123
2007-05-22,119
2007-05-23,118
2007-05-24,120
2007-05-25,118
2007-05-28,118
2007-05-29,118
2007-05-30,120
2007-05-31,117
2007-06-01,109
2007-06-04,110
2007-06-05,112
2007-06-06,114
2007-06-07,115
2007-06-08,118
2007-06-11,117
2007-06-12,104
2007-06-13,108
2007-06-14,107
2007-06-15,98
2007-06-18,95
2007-06-19,96
2007-06-20,96
2007-06-21,97
2007-06-22,103
2007-06-25,113
2007-06-26,119
2007-06-27,119
2007-06-28,107
2007-06-29,119
2007-07-02,120
2007-07-03,123
2007-07-04,123
2007-07-05,116
2007-07-06,109
2007-07-09,109
2007-07-10,124
2007-07-11,118
2007-07-12,116
2007-07-13,119
2007-07-16,125
2007-07-17,121
2007-07-18,131
2007-07-19,126
2007-07-20,135
2007-07-23,139
2007-07-24,149
2007-07-25,153
2007-07-26,190
2007-07-27,180
2007-07-30,180
2007-07-31,174
2007-08-01,177
2007-08-02,173
2007-08-03,178
2007-08-06,183
2007-08-07,174
2007-08-08,157
2007-08-09,171
2007-08-10,171
2007-08-13,168
2007-08-14,178
2007-08-15,186
2007-08-16,216
2007-08-17,191
2007-08-20,200
2007-08-21,202
2007-08-22,192
2007-08-23,193
2007-08-24,187
2007-08-27,187
2007-08-28,203
2007-08-29,199
2007-08-30,205
2007-08-31,197
2007-09-03,197
2007-09-04,193
2007-09-05,208
2007-09-06,204
2007-09-07,214
2007-09-10,223
2007-09-11,211
2007-09-12,204
2007-09-13,189
2007-09-14,185
2007-09-17,183
2007-09-18,167
2007-09-19,152
2007-09-20,149
2007-09-21,144
2007-09-24,151
2007-09-25,154
2007-09-26,157
2007-09-27,161
2007-09-28,166
2007-10-01,163
2007-10-02,164
2007-10-03,166
2007-10-04,168
2007-10-05,159
2007-10-08,159
2007-10-09,151
2007-10-10,153
2007-10-11,151
2007-10-12,149
2007-10-15,150
2007-10-16,152
2007-10-17,162
2007-10-18,160
2007-10-19,170
2007-10-22,171
2007-10-23,168
2007-10-24,175
2007-10-25,171
2007-10-26,167
2007-10-29,160
2007-10-30,157
2007-10-31,148
2007-11-01,161
2007-11-02,168
2007-11-05,166
2007-11-06,165
2007-11-07,176
2007-11-08,185
2007-11-09,188
2007-11-12,188
2007-11-13,187
2007-11-14,183
2007-11-15,194
2007-11-16,201
2007-11-19,209
2007-11-20,210
2007-11-21,219
2007-11-22,219
2007-11-23,218
2007-11-26,241
2007-11-27,228
2007-11-28,210
2007-11-29,215
2007-11-30,200
2007-12-03,208
2007-12-04,211
2007-12-05,205
2007-12-06,194
2007-12-07,185
2007-12-10,177
2007-12-11,190
2007-12-12,188
2007-12-13,177
2007-12-14,171
2007-12-17,180
2007-12-18,185
2007-12-19,192
2007-12-20,198
2007-12-21,187
2007-12-24,180
2007-12-25,180
2007-12-26,177
2007-12-27,177
2007-12-28,186
2007-12-31,195
2008-01-01,195
2008-01-02,208
2008-01-03,210
2008-01-04,220
2008-01-07,219
2008-01-08,220
2008-01-09,235
2008-01-10,221
2008-01-11,226
2008-01-14,229
2008-01-15,241
2008-01-16,238
2008-01-17,250
2008-01-18,259
2008-01-21,259
2008-01-22,280
2008-01-23,285
2008-01-24,251
2008-01-25,257
2008-01-28,259
2008-01-29,253
2008-01-30,239
2008-01-31,256
2008-02-01,257
2008-02-04,251
2008-02-05,263
2008-02-06,262
2008-02-07,247
2008-02-08,262
2008-02-11,262
2008-02-12,252
2008-02-13,246
2008-02-14,247
2008-02-15,255
2008-02-18,255
2008-02-19,252
2008-02-20,241
2008-02-21,251
2008-02-22,244
2008-02-25,229
2008-02-26,229
2008-02-27,232
2008-02-28,248
2008-02-29,258
2008-03-03,270
2008-03-04,260
2008-03-05,247
2008-03-06,252
2008-03-07,265
2008-03-10,273
2008-03-11,251
2008-03-12,259
2008-03-13,259
2008-03-14,269
2008-03-17,286
2008-03-18,271
2008-03-19,277
2008-03-20,277
2008-03-21,277
2008-03-24,257
2008-03-25,259
2008-03-26,262
2008-03-27,254
2008-03-28,255
2008-03-31,258
2008-04-01,244
2008-04-02,236
2008-04-03,229
2008-04-04,231
2008-04-07,222
2008-04-08,223
2008-04-09,232
2008-04-10,222
2008-04-11,228
2008-04-14,224
2008-04-15,219
2008-04-16,201
2008-04-17,200
2008-04-18,201
2008-04-21,204
2008-04-22,208
2008-04-23,209
2008-04-24,203
2008-04-25,202
2008-04-28,202
2008-04-29,205
2008-04-30,202
2008-05-01,189
2008-05-02,185
2008-05-05,183
2008-05-06,174
2008-05-07,183
2008-05-08,193
2008-05-09,199
2008-05-12,196
2008-05-13,185
2008-05-14,180
2008-05-15,179
2008-05-16,169
2008-05-19,172
2008-05-20,184
2008-05-21,180
2008-05-22,168
2008-05-23,178
2008-05-26,178
2008-05-27,172
2008-05-28,173
2008-05-29,163
2008-05-30,156
2008-06-02,161
2008-06-03,170
2008-06-04,166
2008-06-05,163
2008-06-06,173
2008-06-09,173
2008-06-10,167
2008-06-11,176
2008-06-12,170
2008-06-13,166
2008-06-16,170
2008-06-17,172
2008-06-18,183
2008-06-19,180
2008-06-20,181
2008-06-23,181
2008-06-24,189
2008-06-25,196
2008-06-26,216
2008-06-27,219
2008-06-30,221
2008-07-01,228
2008-07-02,228
2008-07-03,223
2008-07-04,223
2008-07-07,226
2008-07-08,228
2008-07-09,227
2008-07-10,231
2008-07-11,230
2008-07-14,236
2008-07-15,237
2008-07-16,228
2008-07-17,212
2008-07-18,209
2008-07-21,210
2008-07-22,203
2008-07-23,198
2008-07-24,208
2008-07-25,199
2008-07-28,207
2008-07-29,201
2008-07-30,202
2008-07-31,209
2008-08-01,212
2008-08-04,211
2008-08-05,208
2008-08-06,208
2008-08-07,216
2008-08-08,217
2008-08-11,216
2008-08-12,220
2008-08-13,217
2008-08-14,221
2008-08-15,225
2008-08-18,229
2008-08-19,228
2008-08-20,233
2008-08-21,228
2008-08-22,226
2008-08-25,233
2008-08-26,232
2008-08-27,231
2008-08-28,227
2008-08-29,223
2008-09-01,223
2008-09-02,230
2008-09-03,235
2008-09-04,242
2008-09-05,242
2008-09-08,235
2008-09-09,248
2008-09-10,250
2008-09-11,250
2008-09-12,248
2008-09-15,291
2008-09-16,326
2008-09-17,344
2008-09-18,317
2008-09-19,260
2008-09-22,254
2008-09-23,266
2008-09-24,276
2008-09-25,271
2008-09-26,291
2008-09-29,333
2008-09-30,318
2008-10-01,324
2008-10-02,350
2008-10-03,347
2008-10-06,421
2008-10-07,435
2008-10-08,479
2008-10-09,479
2008-10-10,564
2008-10-13,564
2008-10-14,478
2008-10-15,501
2008-10-16,540
2008-10-17,521
2008-10-20,530
2008-10-21,585
2008-10-22,699
2008-10-23,741
2008-10-24,709
2008-10-27,672
2008-10-28,640
2008-10-29,611
2008-10-30,569
2008-10-31,531
2008-11-03,514
2008-11-04,468
2008-11-05,493
2008-11-06,506
2008-11-07,504
2008-11-10,498
2008-11-11,498
2008-11-12,526
2008-11-13,548
2008-11-14,537
2008-11-17,539
2008-11-18,565
2008-11-19,601
2008-11-20,646
2008-11-21,646
2008-11-24,603
2008-11-25,577
2008-11-26,574
2008-11-27,574
2008-11-28,575
2008-12-01,610
2008-12-02,598
2008-12-03,595
2008-12-04,592
2008-12-05,583
2008-12-08,570
2008-12-09,563
2008-12-10,546
2008-12-11,539
2008-12-12,534
2008-12-15,540
2008-12-16,542
2008-12-17,512
2008-12-18,506
2008-12-19,503
2008-12-22,506
2008-12-23,499
2008-12-24,497
2008-12-25,497
2008-12-26,498
2008-12-29,506
2008-12-30,500
2008-12-31,498
2009-01-01,498
2009-01-02,474
2009-01-05,460
2009-01-06,470
2009-01-07,486
2009-01-08,502
2009-01-09,505
2009-01-12,515
2009-01-13,522
2009-01-14,532
2009-01-15,540
2009-01-16,521
2009-01-19,521
2009-01-20,532
2009-01-21,522
2009-01-22,517
2009-01-23,514
2009-01-26,504
2009-01-27,500
2009-01-28,480
2009-01-29,478
2009-01-30,472
2009-02-02,489
2009-02-03,476
2009-02-04,476
2009-02-05,479
2009-02-06,464
2009-02-09,457
2009-02-10,475
2009-02-11,489
2009-02-12,497
2009-02-13,477
2009-02-16,477
2009-02-17,500
2009-02-18,491
2009-02-19,471
2009-02-20,477
2009-02-23,488
2009-02-24,481
2009-02-25,468
2009-02-26,463
2009-02-27,460
2009-03-02,480
2009-03-03,482
2009-03-04,472
2009-03-05,499
2009-03-06,506
2009-03-09,498
2009-03-10,486
2009-03-11,496
2009-03-12,495
2009-03-13,487
2009-03-16,481
2009-03-17,474
2009-03-18,498
2009-03-19,479
2009-03-20,478
2009-03-23,475
2009-03-24,475
2009-03-25,466
2009-03-26,470
2009-03-27,468
2009-03-30,484
2009-03-31,486
2009-04-01,493
2009-04-02,475
2009-04-03,445
2009-04-06,442
2009-04-07,443
2009-04-08,437
2009-04-09,424
2009-04-10,424
2009-04-13,422
2009-04-14,435
2009-04-15,431
2009-04-16,413
2009-04-17,400
2009-04-20,423
2009-04-21,406
2009-04-22,398
2009-04-23,406
2009-04-24,390
2009-04-27,396
2009-04-28,379
2009-04-29,351
2009-04-30,353
2009-05-01,349
2009-05-04,341
2009-05-05,330
2009-05-06,322
2009-05-07,316
2009-05-08,316
2009-05-11,332
2009-05-12,334
2009-05-13,353
2009-05-14,348
2009-05-15,345
2009-05-18,329
2009-05-19,321
2009-05-20,318
2009-05-21,313
2009-05-22,307
2009-05-25,307
2009-05-26,300
2009-05-27,284
2009-05-28,296
2009-05-29,311
2009-06-01,284
2009-06-02,295
2009-06-03,309
2009-06-04,298
2009-06-05,286
2009-06-08,283
2009-06-09,276
2009-06-10,280
2009-06-11,278
2009-06-12,282
2009-06-15,291
2009-06-16,299
2009-06-17,308
2009-06-18,298
2009-06-19,306
2009-06-22,319
2009-06-23,320
2009-06-24,308
2009-06-25,312
2009-06-26,311
2009-06-29,302
2009-06-30,301
2009-07-01,291
2009-07-02,305
2009-07-03,305
2009-07-06,306
2009-07-07,317
2009-07-08,336
2009-07-09,320
2009-07-10,333
2009-07-13,332
2009-07-14,324
2009-07-15,309
2009-07-16,295
2009-07-17,285
2009-07-20,290
2009-07-21,302
2009-07-22,293
2009-07-23,267
2009-07-24,271
2009-07-27,264
2009-07-28,270
2009-07-29,273
2009-07-30,273
2009-07-31,284
2009-08-03,255
2009-08-04,243
2009-08-05,232
2009-08-06,240
2009-08-07,226
2009-08-10,240
2009-08-11,256
2009-08-12,262
2009-08-13,268
2009-08-14,272
2009-08-17,277
2009-08-18,266
2009-08-19,272
2009-08-20,275
2009-08-21,260
2009-08-24,265
2009-08-25,266
2009-08-26,273
2009-08-27,272
2009-08-28,276
2009-08-31,288
2009-09-01,287
2009-09-02,291
2009-09-03,276
2009-09-04,269
2009-09-07,269
2009-09-08,246
2009-09-09,252
2009-09-10,261
2009-09-11,257
2009-09-14,252
2009-09-15,243
2009-09-16,229
2009-09-17,237
2009-09-18,227
2009-09-21,232
2009-09-22,234
2009-09-23,238
2009-09-24,246
2009-09-25,250
2009-09-28,245
2009-09-29,243
2009-09-30,223
2009-10-01,235
2009-10-02,230
2009-10-05,220
2009-10-06,212
2009-10-07,217
2009-10-08,198
2009-10-09,176
2009-10-12,176
2009-10-13,201
2009-10-14,198
2009-10-15,201
2009-10-16,209
2009-10-19,217
2009-10-20,228
2009-10-21,227
2009-10-22,228
2009-10-23,225
2009-10-26,223
2009-10-27,252
2009-10-28,263
2009-10-29,231
2009-10-30,237
2009-11-02,230
2009-11-03,230
2009-11-04,221
2009-11-05,222
2009-11-06,220
2009-11-09,208
2009-11-10,200
2009-11-11,200
2009-11-12,206
2009-11-13,208
2009-11-16,212
2009-11-17,217
2009-11-18,215
2009-11-19,220
2009-11-20,216
2009-11-23,211
2009-11-24,206
2009-11-25,200
2009-11-26,200
2009-11-27,215
2009-11-30,223
2009-12-01,212
2009-12-02,211
2009-12-03,204
2009-12-04,197
2009-12-07,202
2009-12-08,211
2009-12-09,214
2009-12-10,210
2009-12-11,207
2009-12-14,205
2009-12-15,207
2009-12-16,216
2009-12-17,228
2009-12-18,215
2009-12-21,204
2009-12-22,211
2009-12-23,212
2009-12-24,208
2009-12-25,208
2009-12-28,201
2009-12-29,203
2009-12-30,203
2009-12-31,198
2010-01-01,198
2010-01-04,191
2010-01-05,190
2010-01-06,189
2010-01-07,194
2010-01-08,190
2010-01-11,186
2010-01-12,199
2010-01-13,196
2010-01-14,209
2010-01-15,209
2010-01-18,209
2010-01-19,211
2010-01-20,221
2010-01-21,230
2010-01-22,232
2010-01-25,224
2010-01-26,219
2010-01-27,233
2010-01-28,233
2010-01-29,241
2010-02-01,237
2010-02-02,243
2010-02-03,239
2010-02-04,260
2010-02-05,271
2010-02-08,266
2010-02-09,252
2010-02-10,238
2010-02-11,225
2010-02-12,229
2010-02-15,229
2010-02-16,228
2010-02-17,225
2010-02-18,219
2010-02-19,224
2010-02-22,222
2010-02-23,240
2010-02-24,224
2010-02-25,220
2010-02-26,211
2010-03-01,200
2010-03-02,202
2010-03-03,208
2010-03-04,205
2010-03-05,191
2010-03-08,187
2010-03-09,186
2010-03-10,186
2010-03-11,185
2010-03-12,188
2010-03-15,193
2010-03-16,195
2010-03-17,192
2010-03-18,192
2010-03-19,192
2010-03-22,195
2010-03-23,189
2010-03-24,181
2010-03-25,181
2010-03-26,179
2010-03-29,175
2010-03-30,172
2010-03-31,173
2010-04-01,173
2010-04-02,171
2010-04-05,158
2010-04-06,159
2010-04-07,171
2010-04-08,166
2010-04-09,167
2010-04-12,174
2010-04-13,173
2010-04-14,167
2010-04-15,162
2010-04-16,173
2010-04-19,173
2010-04-20,173
2010-04-21,179
2010-04-22,175
2010-04-23,170
2010-04-26,170
2010-04-27,188
2010-04-28,180
2010-04-29,187
2010-04-30,192
2010-05-03,186
2010-05-04,201
2010-05-05,220
2010-05-06,253
2010-05-07,247
2010-05-10,215
2010-05-11,211
2010-05-12,202
2010-05-13,204
2010-05-14,219
2010-05-17,218
2010-05-18,234
2010-05-19,243
2010-05-20,262
2010-05-21,262
2010-05-24,251
2010-05-25,260
2010-05-26,248
2010-05-27,234
2010-05-28,241
2010-05-31,241
2010-06-01,234
2010-06-02,225
2010-06-03,217
2010-06-04,238
2010-06-07,236
2010-06-08,242
2010-06-09,237
2010-06-10,220
2010-06-11,232
2010-06-14,222
2010-06-15,210
2010-06-16,210
2010-06-17,217
2010-06-18,212
2010-06-21,210
2010-06-22,216
2010-06-23,217
2010-06-24,217
2010-06-25,219
2010-06-28,217
2010-06-29,230
2010-06-30,229
2010-07-01,231
2010-07-02,228
2010-07-05,228
2010-07-06,228
2010-07-07,219
2010-07-08,216
2010-07-09,206
2010-07-12,205
2010-07-13,191
2010-07-14,191
2010-07-15,195
2010-07-16,200
2010-07-19,196
2010-07-20,197
2010-07-21,202
2010-07-22,192
2010-07-23,181
2010-07-26,170
2010-07-27,169
2010-07-28,175
2010-07-29,176
2010-07-30,183
2010-08-02,173
2010-08-03,175
2010-08-04,167
2010-08-05,170
2010-08-06,174
2010-08-09,154
2010-08-10,156
2010-08-11,151
2010-08-12,152
2010-08-13,163
2010-08-16,170
2010-08-17,150
2010-08-18,142
2010-08-19,150
2010-08-20,153
2010-08-23,154
2010-08-24,171
2010-08-25,173
2010-08-26,181
2010-08-27,178
2010-08-30,193
2010-08-31,197
2010-09-01,188
2010-09-02,176
2010-09-03,172
2010-09-06,172
2010-09-07,184
2010-09-08,190
2010-09-09,181
2010-09-10,171
2010-09-13,177
2010-09-14,177
2010-09-15,166
2010-09-16,162
2010-09-17,164
2010-09-20,174
2010-09-21,186
2010-09-22,181
2010-09-23,182
2010-09-24,174
2010-09-27,175
2010-09-28,178
2010-09-29,168
2010-09-30,169
2010-10-01,166
2010-10-04,169
2010-10-05,173
2010-10-06,177
2010-10-07,175
2010-10-08,171
2010-10-11,171
2010-10-12,158
2010-10-13,157
2010-10-14,151
2010-10-15,151
2010-10-18,161
2010-10-19,165
2010-10-20,162
2010-10-21,164
2010-10-22,151
2010-10-25,145
2010-10-26,144
2010-10-27,136
2010-10-28,136
2010-10-29,138
2010-11-01,132
2010-11-02,136
2010-11-03,135
2010-11-04,137
2010-11-05,135
2010-11-08,147
2010-11-09,143
2010-11-10,147
2010-11-11,147
2010-11-12,151
2010-11-15,145
2010-11-16,168
2010-11-17,158
2010-11-18,157
2010-11-19,159
2010-11-22,163
2010-11-23,168
2010-11-24,153
2010-11-25,153
2010-11-26,153
2010-11-29,169
2010-11-30,180
2010-12-01,166
2010-12-02,161
2010-12-03,156
2010-12-06,158
2010-12-07,148
2010-12-08,150
2010-12-09,148
2010-12-10,145
2010-12-13,154
2010-12-14,148
2010-12-15,155
2010-12-16,165
2010-12-17,180
2010-12-20,170
2010-12-21,172
2010-12-22,167
2010-12-23,165
2010-12-24,165
2010-12-27,163
2010-12-28,161
2010-12-29,166
2010-12-30,162
2010-12-31,172
2011-01-03,163
2011-01-04,141
2011-01-05,137
2011-01-06,141
2011-01-07,147
2011-01-10,152
2011-01-11,144
2011-01-12,138
2011-01-13,143
2011-01-14,142
2011-01-17,142
2011-01-18,140
2011-01-19,148
2011-01-20,147
2011-01-21,147
2011-01-24,142
2011-01-25,152
2011-01-26,142
2011-01-27,146
2011-01-28,157
2011-01-31,150
2011-02-01,141
2011-02-02,136
2011-02-03,140
2011-02-04,135
2011-02-07,140
2011-02-08,139
2011-02-09,147
2011-02-10,151
2011-02-11,154
2011-02-14,157
2011-02-15,161
2011-02-16,153
2011-02-17,151
2011-02-18,150
2011-02-21,150
2011-02-22,161
2011-02-23,162
2011-02-24,165
2011-02-25,166
2011-02-28,160
2011-03-01,159
2011-03-02,155
2011-03-03,144
2011-03-04,151
2011-03-07,150
2011-03-08,143
2011-03-09,147
2011-03-10,157
2011-03-11,149
2011-03-14,155
2011-03-15,158
2011-03-16,168
2011-03-17,164
2011-03-18,162
2011-03-21,160
2011-03-22,164
2011-03-23,160
2011-03-24,156
2011-03-25,152
2011-03-28,152
2011-03-29,156
2011-03-30,153
2011-03-31,153
2011-04-01,154
2011-04-04,156
2011-04-05,152
2011-04-06,147
2011-04-07,147
2011-04-08,146
2011-04-11,146
2011-04-12,154
2011-04-13,155
2011-04-14,153
2011-04-15,155
2011-04-18,159
2011-04-19,159
2011-04-20,150
2011-04-21,150
2011-04-22,150
2011-04-25,154
2011-04-26,153
2011-04-27,149
2011-04-28,146
2011-04-29,147
2011-05-02,142
2011-05-03,143
2011-05-04,146
2011-05-05,146
2011-05-06,145
2011-05-09,145
2011-05-10,142
2011-05-11,146
2011-05-12,145
2011-05-13,148
2011-05-16,152
2011-05-17,154
2011-05-18,150
2011-05-19,149
2011-05-20,146
2011-05-23,147
2011-05-24,148
2011-05-25,147
2011-05-26,154
2011-05-27,154
2011-05-30,154
2011-05-31,144
2011-06-01,142
2011-06-02,139
2011-06-03,142
2011-06-06,144
2011-06-07,145
2011-06-08,152
2011-06-09,150
2011-06-10,150
2011-06-13,151
2011-06-14,141
2011-06-15,149
2011-06-16,157
2011-06-17,151
2011-06-20,149
2011-06-21,147
2011-06-22,141
2011-06-23,149
2011-06-24,152
2011-06-27,144
2011-06-28,136
2011-06-29,130
2011-06-30,121
2011-07-01,119
2011-07-04,119
2011-07-05,132
2011-07-06,135
2011-07-07,132
2011-07-08,143
2011-07-11,156
2011-07-12,157
2011-07-13,157
2011-07-14,149
2011-07-15,152
2011-07-18,149
2011-07-19,151
2011-07-20,145
2011-07-21,139
2011-07-22,142
2011-07-25,138
2011-07-26,141
2011-07-27,135
2011-07-28,132
2011-07-29,132
2011-08-01,124
2011-08-02,127
2011-08-03,131
2011-08-04,147
2011-08-05,146
2011-08-08,177
2011-08-09,186
2011-08-10,196
2011-08-11,195
2011-08-12,191
2011-08-15,181
2011-08-16,186
2011-08-17,172
2011-08-18,183
2011-08-19,183
2011-08-22,180
2011-08-23,178
2011-08-24,171
2011-08-25,178
2011-08-26,183
2011-08-29,174
2011-08-30,175
2011-08-31,165
2011-09-01,175
2011-09-02,185
2011-09-05,185
2011-09-06,188
2011-09-07,187
2011-09-08,193
2011-09-09,205
2011-09-12,211
2011-09-13,206
2011-09-14,209
2011-09-15,202
2011-09-16,204
2011-09-19,221
2011-09-20,214
2011-09-21,224
2011-09-22,253
2011-09-23,250
2011-09-26,255
2011-09-27,240
2011-09-28,241
2011-09-29,238
2011-09-30,240
2011-10-03,254
2011-10-04,255
2011-10-05,248
2011-10-06,234
2011-10-07,229
2011-10-10,229
2011-10-11,206
2011-10-12,191
2011-10-13,198
2011-10-14,189
2011-10-17,196
2011-10-18,196
2011-10-19,198
2011-10-20,200
2011-10-21,196
2011-10-24,195
2011-10-25,203
2011-10-26,194
2011-10-27,170
2011-10-28,180
2011-10-31,188
2011-11-01,196
2011-11-02,194
2011-11-03,179
2011-11-04,181
2011-11-07,187
2011-11-08,181
2011-11-09,196
2011-11-10,187
2011-11-11,187
2011-11-14,189
2011-11-15,188
2011-11-16,190
2011-11-17,200
2011-11-18,197
2011-11-21,205
2011-11-22,209
2011-11-23,217
2011-11-24,217
2011-11-25,217
2011-11-28,210
2011-11-29,209
2011-11-30,199
2011-12-01,189
2011-12-02,191
2011-12-05,187
2011-12-06,180
2011-12-07,187
2011-12-08,190
2011-12-09,179
2011-12-12,183
2011-12-13,182
2011-12-14,189
2011-12-15,190
2011-12-16,197
2011-12-19,201
2011-12-20,191
2011-12-21,186
2011-12-22,187
2011-12-23,178
2011-12-26,178
2011-12-27,180
2011-12-28,190
2011-12-29,191
2011-12-30,191
2012-01-02,191
2012-01-03,184
2012-01-04,184
2012-01-05,187
2012-01-06,190
2012-01-09,191
2012-01-10,199
2012-01-11,209
2012-01-12,206
2012-01-13,213
2012-01-16,213
2012-01-17,211
2012-01-18,206
2012-01-19,197
2012-01-20,191
2012-01-23,190
2012-01-24,193
2012-01-25,191
2012-01-26,195
2012-01-27,196
2012-01-30,200
2012-01-31,200
2012-02-01,189
2012-02-02,191
2012-02-03,180
2012-02-06,184
2012-02-07,177
2012-02-08,177
2012-02-09,171
2012-02-10,178
2012-02-13,170
2012-02-14,174
2012-02-15,175
2012-02-16,172
2012-02-17,168
2012-02-20,168
2012-02-21,168
2012-02-22,168
2012-02-23,176
2012-02-24,176
2012-02-27,178
2012-02-28,176
2012-02-29,171
2012-03-01,164
2012-03-02,159
2012-03-05,164
2012-03-06,172
2012-03-07,164
2012-03-08,157
2012-03-09,155
2012-03-12,146
2012-03-13,143
2012-03-14,137
2012-03-15,142
2012-03-16,143
2012-03-19,138
2012-03-20,140
2012-03-21,139
2012-03-22,142
2012-03-23,144
2012-03-26,146
2012-03-27,148
2012-03-28,146
2012-03-29,150
2012-03-30,141
2012-04-02,143
2012-04-03,136
2012-04-04,142
2012-04-05,149
2012-04-06,149
2012-04-09,159
2012-04-10,159
2012-04-11,150
2012-04-12,143
2012-04-13,151
2012-04-16,149
2012-04-17,143
2012-04-18,145
2012-04-19,137
2012-04-20,141
2012-04-23,148
2012-04-24,147
2012-04-25,150
2012-04-26,152
2012-04-27,152
2012-04-30,152
2012-05-01,148
2012-05-02,147
2012-05-03,143
2012-05-04,145
2012-05-07,146
2012-05-08,150
2012-05-09,155
2012-05-10,154
2012-05-11,162
2012-05-14,170
2012-05-15,175
2012-05-16,177
2012-05-17,189
2012-05-18,190
2012-05-21,189
2012-05-22,188
2012-05-23,195
2012-05-24,193
2012-05-25,194
2012-05-28,194
2012-05-29,196
2012-05-30,202
2012-05-31,207
2012-06-01,211
2012-06-04,206
2012-06-05,191
2012-06-06,177
2012-06-07,180
2012-06-08,177
2012-06-11,182
2012-06-12,170
2012-06-13,165
2012-06-14,164
2012-06-15,155
2012-06-18,163
2012-06-19,163
2012-06-20,164
2012-06-21,167
2012-06-22,162
2012-06-25,169
2012-06-26,169
2012-06-27,167
2012-06-28,168
2012-06-29,158
2012-07-02,165
2012-07-03,158
2012-07-04,158
2012-07-05,157
2012-07-06,160
2012-07-09,158
2012-07-10,155
2012-07-11,151
2012-07-12,151
2012-07-13,147
2012-07-16,143
2012-07-17,139
2012-07-18,143
2012-07-19,140
2012-07-20,145
2012-07-23,151
2012-07-24,159
2012-07-25,160
2012-07-26,156
2012-07-27,143
2012-07-30,142
2012-07-31,140
2012-08-01,128
2012-08-02,136
2012-08-03,129
2012-08-06,129
2012-08-07,124
2012-08-08,122
2012-08-09,123
2012-08-10,126
2012-08-13,126
2012-08-14,125
2012-08-15,124
2012-08-16,127
2012-08-17,129
2012-08-20,129
2012-08-21,128
2012-08-22,128
2012-08-23,131
2012-08-24,131
2012-08-27,135
2012-08-28,132
2012-08-29,133
2012-08-30,130
2012-08-31,137
2012-09-03,137
2012-09-04,134
2012-09-05,133
2012-09-06,128
2012-09-07,128
2012-09-10,126
2012-09-11,125
2012-09-12,120
2012-09-13,122
2012-09-14,119
2012-09-17,119
2012-09-18,120
2012-09-19,122
2012-09-20,122
2012-09-21,122
2012-09-24,125
2012-09-25,131
2012-09-26,134
2012-09-27,131
2012-09-28,132
2012-10-01,129
2012-10-02,124
2012-10-03,119
2012-10-04,114
2012-10-05,106
2012-10-08,106
2012-10-09,108
2012-10-10,113
2012-10-11,112
2012-10-12,110
2012-10-15,107
2012-10-16,102
2012-10-17,98
2012-10-18,96
2012-10-19,103
2012-10-22,104
2012-10-23,106
2012-10-24,107
2012-10-25,106
2012-10-26,115
2012-10-29,119
2012-10-30,119
2012-10-31,122
2012-11-01,117
2012-11-02,117
2012-11-05,115
2012-11-06,109
2012-11-07,116
2012-11-08,120
2012-11-09,122
2012-11-12,122
2012-11-13,126
2012-11-14,129
2012-11-15,130
2012-11-16,129
2012-11-19,130
2012-11-20,127
2012-11-21,125
2012-11-22,125
2012-11-23,125
2012-11-26,126
2012-11-27,125
2012-11-28,122
2012-11-29,121
2012-11-30,124
2012-12-03,123
2012-12-04,122
2012-12-05,124
2012-12-06,125
2012-12-07,123
2012-12-10,122
2012-12-11,121
2012-12-12,118
2012-12-13,116
2012-12-14,116
2012-12-17,111
2012-12-18,108
2012-12-19,109
2012-12-20,109
2012-12-21,113
2012-12-24,111
2012-12-25,111
2012-12-26,112
2012-12-27,116
2012-12-28,117
2012-12-31,112
2013-01-01,112
2013-01-02,105
2013-01-03,102
2013-01-04,104
2013-01-07,108
2013-01-08,115
2013-01-09,117
2013-01-10,115
2013-01-11,118
2013-01-14,114
2013-01-15,113
2013-01-16,112
2013-01-17,107
2013-01-18,107
2013-01-21,107
2013-01-22,109
2013-01-23,113
2013-01-24,113
2013-01-25,109
2013-01-28,113
2013-01-29,117
2013-01-30,124
2013-01-31,132
2013-02-01,129
2013-02-04,133
2013-02-05,127
2013-02-06,129
2013-02-07,125
2013-02-08,122
2013-02-11,123
2013-02-12,123
2013-02-13,124
2013-02-14,127
2013-02-15,128
2013-02-18,128
2013-02-19,128
2013-02-20,134
2013-02-21,138
2013-02-22,140
2013-02-25,143
2013-02-26,143
2013-02-27,141
2013-02-28,141
2013-03-01,143
2013-03-04,140
2013-03-05,135
2013-03-06,129
2013-03-07,126
2013-03-08,128
2013-03-11,131
2013-03-12,132
2013-03-13,136
2013-03-14,136
2013-03-15,144
2013-03-18,147
2013-03-19,152
2013-03-20,150
2013-03-21,150
2013-03-22,153
2013-03-25,152
2013-03-26,150
2013-03-27,150
2013-03-28,147
2013-03-29,147
2013-04-01,148
2013-04-02,141
2013-04-03,138
2013-04-04,133
2013-04-05,133
2013-04-08,127
2013-04-09,126
2013-04-10,123
2013-04-11,124
2013-04-12,127
2013-04-15,130
2013-04-16,127
2013-04-17,127
2013-04-18,131
2013-04-19,132
2013-04-22,134
2013-04-23,133
2013-04-24,135
2013-04-25,135
2013-04-26,136
2013-04-29,132
2013-04-30,131
2013-05-01,126
2013-05-02,121
2013-05-03,121
2013-05-06,122
2013-05-07,121
2013-05-08,124
2013-05-09,121
2013-05-10,118
2013-05-13,124
2013-05-14,122
2013-05-15,128
2013-05-16,135
2013-05-17,132
2013-05-20,134
2013-05-21,139
2013-05-22,136
2013-05-23,145
2013-05-24,148
2013-05-27,148
2013-05-28,151
2013-05-29,168
2013-05-30,163
2013-05-31,167
2013-06-03,170
2013-06-04,165
2013-06-05,169
2013-06-06,173
2013-06-07,164
2013-06-10,170
2013-06-11,188
2013-06-12,174
2013-06-13,159
2013-06-14,164
2013-06-17,162
2013-06-18,170
2013-06-19,178
2013-06-20,193
2013-06-21,195
2013-06-24,208
2013-06-25,204
2013-06-26,202
2013-06-27,199
2013-06-28,193
2013-07-01,183
2013-07-02,178
2013-07-03,183
2013-07-04,183
2013-07-05,180
2013-07-08,189
2013-07-09,189
2013-07-10,182
2013-07-11,185
2013-07-12,177
2013-07-15,162
2013-07-16,157
2013-07-17,151
2013-07-18,144
2013-07-19,147
2013-07-22,148
2013-07-23,148
2013-07-24,155
2013-07-25,159
2013-07-26,168
2013-07-29,173
2013-07-30,177
2013-07-31,181
2013-08-01,181
2013-08-02,183
2013-08-05,178
2013-08-06,172
2013-08-07,176
2013-08-08,176
2013-08-09,176
2013-08-12,173
2013-08-13,169
2013-08-14,171
2013-08-15,176
2013-08-16,177
2013-08-19,185
2013-08-20,187
2013-08-21,192
2013-08-22,188
2013-08-23,189
2013-08-26,188
2013-08-27,195
2013-08-28,195
2013-08-29,200
2013-08-30,198
2013-09-02,198
2013-09-03,194
2013-09-04,196
2013-09-05,194
2013-09-06,189
2013-09-09,183
2013-09-10,193
2013-09-11,187
2013-09-12,188
2013-09-13,185
2013-09-16,175
2013-09-17,169
2013-09-18,155
2013-09-19,161
2013-09-20,166
2013-09-23,169
2013-09-24,176
2013-09-25,177
2013-09-26,183
2013-09-27,184
2013-09-30,187
2013-10-01,185
2013-10-02,187
2013-10-03,185
2013-10-04,180
2013-10-07,179
2013-10-08,176
2013-10-09,174
2013-10-10,170
2013-10-11,166
2013-10-14,166
2013-10-15,162
2013-10-16,166
2013-10-17,167
2013-10-18,161
2013-10-21,160
2013-10-22,164
2013-10-23,166
2013-10-24,169
2013-10-25,173
2013-10-28,173
2013-10-29,173
2013-10-30,168
2013-10-31,170
2013-11-01,171
2013-11-04,171
2013-11-05,174
2013-11-06,178
2013-11-07,184
2013-11-08,185
2013-11-11,185
2013-11-12,190
2013-11-13,190
2013-11-14,184
2013-11-15,180
2013-11-18,179
2013-11-19,179
2013-11-20,180
2013-11-21,183
2013-11-22,185
2013-11-25,188
2013-11-26,190
2013-11-27,190
2013-11-28,190
2013-11-29,190
2013-12-02,190
2013-12-03,193
2013-12-04,193
2013-12-05,193
2013-12-06,188
2013-12-09,189
2013-12-10,187
2013-12-11,184
2013-12-12,177
2013-12-13,174
2013-12-16,172
2013-12-17,178
2013-12-18,176
2013-12-19,174
2013-12-20,173
2013-12-23,170
2013-12-24,164
2013-12-25,164
2013-12-26,163
2013-12-27,164
2013-12-30,167
2013-12-31,163
2014-01-01,163
2014-01-02,169
2014-01-03,167
2014-01-06,170
2014-01-07,172
2014-01-08,171
2014-01-09,171
2014-01-10,177
2014-01-13,178
2014-01-14,174
2014-01-15,168
2014-01-16,172
2014-01-17,174
2014-01-20,174
2014-01-21,177
2014-01-22,184
2014-01-23,196
2014-01-24,202
2014-01-27,202
2014-01-28,201
2014-01-29,209
2014-01-30,209
2014-01-31,208
2014-02-03,214
2014-02-04,204
2014-02-05,197
2014-02-06,192
2014-02-07,188
2014-02-10,192
2014-02-11,190
2014-02-12,187
2014-02-13,184
2014-02-14,183
2014-02-17,183
2014-02-18,186
2014-02-19,183
2014-02-20,185
2014-02-21,186
2014-02-24,178
2014-02-25,181
2014-02-26,186
2014-02-27,182
2014-02-28,184
2014-03-03,191
2014-03-04,177
2014-03-05,172
2014-03-06,170
2014-03-07,170
2014-03-10,172
2014-03-11,175
2014-03-12,173
2014-03-13,182
2014-03-14,183
2014-03-17,181
2014-03-18,178
2014-03-19,177
2014-03-20,182
2014-03-21,181
2014-03-24,185
2014-03-25,179
2014-03-26,174
2014-03-27,171
2014-03-28,171
2014-03-31,168
2014-04-01,160
2014-04-02,161
2014-04-03,161
2014-04-04,161
2014-04-07,158
2014-04-08,160
2014-04-09,160
2014-04-10,160
2014-04-11,162
2014-04-14,164
2014-04-15,168
2014-04-16,167
2014-04-17,158
2014-04-18,158
2014-04-21,159
2014-04-22,161
2014-04-23,164
2014-04-24,165
2014-04-25,166
2014-04-28,164
2014-04-29,160
2014-04-30,157
2014-05-01,159
2014-05-02,159
2014-05-05,160
2014-05-06,156
2014-05-07,153
2014-05-08,147
2014-05-09,149
2014-05-12,149
2014-05-13,149
2014-05-14,150
2014-05-15,155
2014-05-16,156
2014-05-19,153
2014-05-20,162
2014-05-21,156
2014-05-22,157
2014-05-23,158
2014-05-26,158
2014-05-27,156
2014-05-28,154
2014-05-29,145
2014-05-30,147
2014-06-02,144
2014-06-03,144
2014-06-04,145
2014-06-05,142
2014-06-06,133
2014-06-09,133
2014-06-10,136
2014-06-11,146
2014-06-12,150
2014-06-13,146
2014-06-16,150
2014-06-17,149
2014-06-18,148
2014-06-19,149
2014-06-20,149
2014-06-23,147
2014-06-24,146
2014-06-25,143
2014-06-26,142
2014-06-27,143
2014-06-30,144
2014-07-01,141
2014-07-02,140
2014-07-03,141
2014-07-04,141
2014-07-07,142
2014-07-08,144
2014-07-09,148
2014-07-10,149
2014-07-11,151
2014-07-14,151
2014-07-15,152
2014-07-16,152
2014-07-17,155
2014-07-18,147
2014-07-21,147
2014-07-22,142
2014-07-23,137
2014-07-24,138
2014-07-25,145
2014-07-28,145
2014-07-29,151
2014-07-30,142
2014-07-31,145
2014-08-01,159
2014-08-04,157
2014-08-05,162
2014-08-06,161
2014-08-07,166
2014-08-08,166
2014-08-11,163
2014-08-12,159
2014-08-13,158
2014-08-14,152
2014-08-15,153
2014-08-18,152
2014-08-19,148
2014-08-20,145
2014-08-21,146
2014-08-22,147
2014-08-25,146
2014-08-26,147
2014-08-27,145
2014-08-28,147
2014-08-29,146
2014-09-01,146
2014-09-02,144
2014-09-03,143
2014-09-04,143
2014-09-05,141
2014-09-08,143
2014-09-09,151
2014-09-10,151
2014-09-11,150
2014-09-12,151
2014-09-15,155
2014-09-16,156
2014-09-17,150
2014-09-18,151
2014-09-19,150
2014-09-22,153
2014-09-23,154
2014-09-24,151
2014-09-25,159
2014-09-26,161
2014-09-29,170
2014-09-30,169
2014-10-01,176
2014-10-02,169
2014-10-03,168
2014-10-06,170
2014-10-07,176
2014-10-08,176
2014-10-09,173
2014-10-10,176
2014-10-13,176
2014-10-14,185
2014-10-15,184
2014-10-16,179
2014-10-17,173
2014-10-20,175
2014-10-21,176
2014-10-22,173
2014-10-23,168
2014-10-24,173
2014-10-27,176
2014-10-28,171
2014-10-29,168
2014-10-30,173
2014-10-31,172
2014-11-03,172
2014-11-04,174
2014-11-05,173
2014-11-06,169
2014-11-07,173
2014-11-10,170
2014-11-11,170
2014-11-12,169
2014-11-13,168
2014-11-14,172
2014-11-17,173
2014-11-18,175
2014-11-19,173
2014-11-20,176
2014-11-21,173
2014-11-24,173
2014-11-25,178
2014-11-26,175
2014-11-27,175
2014-11-28,175
2014-12-01,181
2014-12-02,175
2014-12-03,175
2014-12-04,178
2014-12-05,181
2014-12-08,194
2014-12-09,199
2014-12-10,212
2014-12-11,218
2014-12-12,230
2014-12-15,239
2014-12-16,253
2014-12-17,235
2014-12-18,207
2014-12-19,197
2014-12-22,194
2014-12-23,187
2014-12-24,188
2014-12-25,188
2014-12-26,187
2014-12-29,189
2014-12-30,191
2014-12-31,196
2015-01-01,196
2015-01-02,202
2015-01-05,221
2015-01-06,227
2015-01-07,221
2015-01-08,215
2015-01-09,220
2015-01-12,231
2015-01-13,235
2015-01-14,240
2015-01-15,245
2015-01-16,242
2015-01-19,242
2015-01-20,241
2015-01-21,242
2015-01-22,238
2015-01-23,230
2015-01-26,231
2015-01-27,231
2015-01-28,238
2015-01-29,232
2015-01-30,229
2015-02-02,219
2015-02-03,212
2015-02-04,218
2015-02-05,214
2015-02-06,212
2015-02-09,212
2015-02-10,218
2015-02-11,217
2015-02-12,214
2015-02-13,207
2015-02-16,207
2015-02-17,199
2015-02-18,206
2015-02-19,201
2015-02-20,197
2015-02-23,202
2015-02-24,204
2015-02-25,201
2015-02-26,196
2015-02-27,199
2015-03-02,194
2015-03-03,197
2015-03-04,201
2015-03-05,207
2015-03-06,209
2015-03-09,214
2015-03-10,226
2015-03-11,226
2015-03-12,220
2015-03-13,228
2015-03-16,235
2015-03-17,238
2015-03-18,238
2015-03-19,235
2015-03-20,232
2015-03-23,232
2015-03-24,231
2015-03-25,228
2015-03-26,223
2015-03-27,225
2015-03-30,220
2015-03-31,222
2015-04-01,225
2015-04-02,218
2015-04-03,221
2015-04-06,213
2015-04-07,217
2015-04-08,217
2015-04-09,214
2015-04-10,215
2015-04-13,215
2015-04-14,217
2015-04-15,217
2015-04-16,219
2015-04-17,225
2015-04-20,223
2015-04-21,217
2015-04-22,210
2015-04-23,212
2015-04-24,211
2015-04-27,212
2015-04-28,207
2015-04-29,208
2015-04-30,213
2015-05-01,212
2015-05-04,208
2015-05-05,208
2015-05-06,200
2015-05-07,209
2015-05-08,205
2015-05-11,200
2015-05-12,209
2015-05-13,206
2015-05-14,209
2015-05-15,212
2015-05-18,206
2015-05-19,209
2015-05-20,208
2015-05-21,207
2015-05-22,206
2015-05-25,206
2015-05-26,213
2015-05-27,216
2015-05-28,219
2015-05-29,220
2015-06-01,217
2015-06-02,213
2015-06-03,212
2015-06-04,223
2015-06-05,220
2015-06-08,225
2015-06-09,228
2015-06-10,229
2015-06-11,227
2015-06-12,227
2015-06-15,230
2015-06-16,235
2015-06-17,236
2015-06-18,223
2015-06-19,227
2015-06-22,223
2015-06-23,217
2015-06-24,221
2015-06-25,224
2015-06-26,222
2015-06-29,235
2015-06-30,233
2015-07-01,224
2015-07-02,223
2015-07-03,223
2015-07-06,235
2015-07-07,241
2015-07-08,247
2015-07-09,240
2015-07-10,232
2015-07-13,230
2015-07-14,231
2015-07-15,238
2015-07-16,236
2015-07-17,237
2015-07-20,238
2015-07-21,242
2015-07-22,247
2015-07-23,258
2015-07-24,260
2015-07-27,269
2015-07-28,265
2015-07-29,254
2015-07-30,246
2015-07-31,250
2015-08-03,259
2015-08-04,256
2015-08-05,249
2015-08-06,259
2015-08-07,265
2015-08-10,263
2015-08-11,276
2015-08-12,269
2015-08-13,265
2015-08-14,266
2015-08-17,270
2015-08-18,269
2015-08-19,281
2015-08-20,287
2015-08-21,296
2015-08-24,310
2015-08-25,299
2015-08-26,302
2015-08-27,289
2015-08-28,283
2015-08-31,277
2015-09-01,287
2015-09-02,286
2015-09-03,289
2015-09-04,291
2015-09-07,291
2015-09-08,284
2015-09-09,279
2015-09-10,281
2015-09-11,285
2015-09-14,284
2015-09-15,271
2015-09-16,265
2015-09-17,266
2015-09-18,268
2015-09-21,275
2015-09-22,294
2015-09-23,298
2015-09-24,312
2015-09-25,315
2015-09-28,328
2015-09-29,329
2015-09-30,318
2015-10-01,310
2015-10-02,310
2015-10-05,291
2015-10-06,289
2015-10-07,284
2015-10-08,272
2015-10-09,269
2015-10-12,269
2015-10-13,281
2015-10-14,282
2015-10-15,274
2015-10-16,268
2015-10-19,273
2015-10-20,278
2015-10-21,290
2015-10-22,290
2015-10-23,279
2015-10-26,278
2015-10-27,284
2015-10-28,279
2015-10-29,281
2015-10-30,283
2015-11-02,281
2015-11-03,270
2015-11-04,272
2015-11-05,270
2015-11-06,271
2015-11-09,277
2015-11-10,276
2015-11-11,276
2015-11-12,280
2015-11-13,289
2015-11-16,285
2015-11-17,286
2015-11-18,288
2015-11-19,286
2015-11-20,283
2015-11-23,282
2015-11-24,280
2015-11-25,283
2015-11-26,283
2015-11-27,284
2015-11-30,286
2015-12-01,290
2015-12-02,290
2015-12-03,289
2015-12-04,290
2015-12-07,304
2015-12-08,308
2015-12-09,308
2015-12-10,315
2015-12-11,339
2015-12-14,335
2015-12-15,322
2015-12-16,322
2015-12-17,318
2015-12-18,326
2015-12-21,326
2015-12-22,321
2015-12-23,317
2015-12-24,319
2015-12-25,319
2015-12-28,321
2015-12-29,308
2015-12-30,312
2015-12-31,317
2016-01-01,317
2016-01-04,322
2016-01-05,316
2016-01-06,329
2016-01-07,342
2016-01-08,352
2016-01-11,351
2016-01-12,362
2016-01-13,378
2016-01-14,374
2016-01-15,398
2016-01-18,398
2016-01-19,402
2016-01-20,418
2016-01-21,408
2016-01-22,377
2016-01-25,382
2016-01-26,374
2016-01-27,369
2016-01-28,369
2016-01-29,378
2016-02-01,382
2016-02-02,402
2016-02-03,396
2016-02-04,397
2016-02-05,397
2016-02-08,425
2016-02-09,427
2016-02-10,419
2016-02-11,433
2016-02-12,411
2016-02-15,411
2016-02-16,404
2016-02-17,382
2016-02-18,382
2016-02-19,378
2016-02-22,370
2016-02-23,375
2016-02-24,366
2016-02-25,366
2016-02-26,366
2016-02-29,368
2016-03-01,350
2016-03-02,348
2016-03-03,334
2016-03-04,327
2016-03-07,325
2016-03-08,331
2016-03-09,321
2016-03-10,316
2016-03-11,308
2016-03-14,312
2016-03-15,320
2016-03-16,307
2016-03-17,290
2016-03-18,282
2016-03-21,279
2016-03-22,279
2016-03-23,291
2016-03-24,299
2016-03-25,299
2016-03-28,299
2016-03-29,305
2016-03-30,297
2016-03-31,295
2016-04-01,292
2016-04-04,295
2016-04-05,307
2016-04-06,300
2016-04-07,316
2016-04-08,311
2016-04-11,304
2016-04-12,294
2016-04-13,286
2016-04-14,281
2016-04-15,287
2016-04-18,286
2016-04-19,273
2016-04-20,265
2016-04-21,267
2016-04-22,275
2016-04-25,277
2016-04-26,277
2016-04-27,276
2016-04-28,276
2016-04-29,278
2016-05-02,275
2016-05-03,285
2016-05-04,294
2016-05-05,296
2016-05-06,292
2016-05-09,295
2016-05-10,290
2016-05-11,286
2016-05-12,282
2016-05-13,289
2016-05-16,281
2016-05-17,280
2016-05-18,281
2016-05-19,299
2016-05-20,301
2016-05-23,304
2016-05-24,302
2016-05-25,296
2016-05-26,296
2016-05-27,293
2016-05-30,293
2016-05-31,297
2016-06-01,292
2016-06-02,286
2016-06-03,284
2016-06-06,278
2016-06-07,270
2016-06-08,266
2016-06-09,271
2016-06-10,282
2016-06-13,290
2016-06-14,300
2016-06-15,297
2016-06-16,301
2016-06-17,295
2016-06-20,281
2016-06-21,277
2016-06-22,273
2016-06-23,263
2016-06-24,280
2016-06-27,290
2016-06-28,281
2016-06-29,263
2016-06-30,257
2016-07-01,256
2016-07-04,256
2016-07-05,258
2016-07-06,258
2016-07-07,259
2016-07-08,255
2016-07-11,246
2016-07-12,240
2016-07-13,244
2016-07-14,241
2016-07-15,239
2016-07-18,241
2016-07-19,240
2016-07-20,233
2016-07-21,239
2016-07-22,239
2016-07-25,247
2016-07-26,254
2016-07-27,264
2016-07-28,267
2016-07-29,270
2016-08-01,267
2016-08-02,266
2016-08-03,262
2016-08-04,252
2016-08-05,241
2016-08-08,238
2016-08-09,242
2016-08-10,239
2016-08-11,231
2016-08-12,230
2016-08-15,224
2016-08-16,219
2016-08-17,221
2016-08-18,219
2016-08-19,219
2016-08-22,225
2016-08-23,223
2016-08-24,228
2016-08-25,230
2016-08-26,223
2016-08-29,227
2016-08-30,227
2016-08-31,232
2016-09-01,237
2016-09-02,232
2016-09-05,232
2016-09-06,228
2016-09-07,222
2016-09-08,217
2016-09-09,227
2016-09-12,227
2016-09-13,234
2016-09-14,243
2016-09-15,243
2016-09-16,253
2016-09-19,247
2016-09-20,242
2016-09-21,226
2016-09-22,222
2016-09-23,229
2016-09-26,236
2016-09-27,231
2016-09-28,219
2016-09-29,224
2016-09-30,221
2016-10-03,228
2016-10-04,234
2016-10-05,232
2016-10-06,232
2016-10-07,230
2016-10-10,230
2016-10-11,232
2016-10-12,231
2016-10-13,228
2016-10-14,227
2016-10-17,231
2016-10-18,231
2016-10-19,224
2016-10-20,223
2016-10-21,223
2016-10-24,223
2016-10-25,228
2016-10-26,228
2016-10-27,230
2016-10-28,231
2016-10-31,237
2016-11-01,248
2016-11-02,247
2016-11-03,242
2016-11-04,245
2016-11-07,231
2016-11-08,222
2016-11-09,225
2016-11-10,251
2016-11-11,251
2016-11-14,264
2016-11-15,248
2016-11-16,257
2016-11-17,260
2016-11-18,270
2016-11-21,267
2016-11-22,260
2016-11-23,261
2016-11-24,261
2016-11-25,264
2016-11-28,256
2016-11-29,257
2016-11-30,252
2016-12-01,255
2016-12-02,251
2016-12-05,242
2016-12-06,234
2016-12-07,233
2016-12-08,233
2016-12-09,231
2016-12-12,233
2016-12-13,229
2016-12-14,222
2016-12-15,222
2016-12-16,218
2016-12-19,219
2016-12-20,217
2016-12-21,218
2016-12-22,220
2016-12-23,221
2016-12-26,221
2016-12-27,218
2016-12-28,222
2016-12-29,224
2016-12-30,225
2017-01-02,225
2017-01-03,225
2017-01-04,219
2017-01-05,213
2017-01-06,210
2017-01-09,210
2017-01-10,214
2017-01-11,214
2017-01-12,209
2017-01-13,206
2017-01-16,206
2017-01-17,205
2017-01-18,206
2017-01-19,211
2017-01-20,210
2017-01-23,209
2017-01-24,210
2017-01-25,207
2017-01-26,212
2017-01-27,209
2017-01-30,211
2017-01-31,209
2017-02-01,203
2017-02-02,197
2017-02-03,190
2017-02-06,193
2017-02-07,197
2017-02-08,205
2017-02-09,200
2017-02-10,198
2017-02-13,195
2017-02-14,193
2017-02-15,198
2017-02-16,201
2017-02-17,202
2017-02-20,202
2017-02-21,199
2017-02-22,199
2017-02-23,199
2017-02-24,206
2017-02-27,204
2017-02-28,202
2017-03-01,195
2017-03-02,196
2017-03-03,194
2017-03-06,192
2017-03-07,194
2017-03-08,204
2017-03-09,208
2017-03-10,200
2017-03-13,201
2017-03-14,209
2017-03-15,205
2017-03-16,196
2017-03-17,192
2017-03-20,192
2017-03-21,195
2017-03-22,198
2017-03-23,194
2017-03-24,189
2017-03-27,186
2017-03-28,183
2017-03-29,184
2017-03-30,188
2017-03-31,192
2017-04-03,196
2017-04-04,195
2017-04-05,194
2017-04-06,196
2017-04-07,194
2017-04-10,197
2017-04-11,201
2017-04-12,201
2017-04-13,201
2017-04-14,201
2017-04-17,198
2017-04-18,203
2017-04-19,198
2017-04-20,198
2017-04-21,195
2017-04-24,192
2017-04-25,190
2017-04-26,194
2017-04-27,195
2017-04-28,195
2017-05-01,191
2017-05-02,191
2017-05-03,190
2017-05-04,194
2017-05-05,195
2017-05-08,194
2017-05-09,194
2017-05-10,191
2017-05-11,190
2017-05-12,193
2017-05-15,190
2017-05-16,189
2017-05-17,198
2017-05-18,201
2017-05-19,198
2017-05-22,196
2017-05-23,193
2017-05-24,193
2017-05-25,196
2017-05-26,198
2017-05-29,198
2017-05-30,199
2017-05-31,203
2017-06-01,201
2017-06-02,201
2017-06-05,195
2017-06-06,194
2017-06-07,188
2017-06-08,190
2017-06-09,187
2017-06-12,185
2017-06-13,183
2017-06-14,186
2017-06-15,191
2017-06-16,195
2017-06-19,197
2017-06-20,207
2017-06-21,209
2017-06-22,207
2017-06-23,202
2017-06-26,201
2017-06-27,200
2017-06-28,199
2017-06-29,202
2017-06-30,200
2017-07-03,197
2017-07-04,197
2017-07-05,202
2017-07-06,207
2017-07-07,206
2017-07-10,204
2017-07-11,201
2017-07-12,202
2017-07-13,203
2017-07-14,204
2017-07-17,204
2017-07-18,203
2017-07-19,201
2017-07-20,198
2017-07-21,198
2017-07-24,201
2017-07-25,197
2017-07-26,195
2017-07-27,193
2017-07-28,195
2017-07-31,194
2017-08-01,196
2017-08-02,197
2017-08-03,201
2017-08-04,200
2017-08-07,197
2017-08-08,195
2017-08-09,202
2017-08-10,210
2017-08-11,208
2017-08-14,203
2017-08-15,198
2017-08-16,199
2017-08-17,204
2017-08-18,203
2017-08-21,203
2017-08-22,202
2017-08-23,204
2017-08-24,199
2017-08-25,200
2017-08-28,200
2017-08-29,201
2017-08-30,199
2017-08-31,195
2017-09-01,191
2017-09-04,191
2017-09-05,194
2017-09-06,194
2017-09-07,193
2017-09-08,192
2017-09-11,188
2017-09-12,187
2017-09-13,184
2017-09-14,185
2017-09-15,186
2017-09-18,185
2017-09-19,186
2017-09-20,188
2017-09-21,191
2017-09-22,189
2017-09-25,193
2017-09-26,193
2017-09-27,191
2017-09-28,187
2017-09-29,185
2017-10-02,185
2017-10-03,183
2017-10-04,184
2017-10-05,184
2017-10-06,186
2017-10-09,186
2017-10-10,189
2017-10-11,190
2017-10-12,189
2017-10-13,190
2017-10-16,187
2017-10-17,185
2017-10-18,183
2017-10-19,184
2017-10-20,184
2017-10-23,183
2017-10-24,184
2017-10-25,185
2017-10-26,186
2017-10-27,184
2017-10-30,184
2017-10-31,183
2017-11-01,185
2017-11-02,184
2017-11-03,186
2017-11-06,187
2017-11-07,192
2017-11-08,190
2017-11-09,191
2017-11-10,188
2017-11-13,189
2017-11-14,190
2017-11-15,196
2017-11-16,188
2017-11-17,188
2017-11-20,188
2017-11-21,187
2017-11-22,186
2017-11-23,186
2017-11-24,183
2017-11-27,181
2017-11-28,177
2017-11-29,177
2017-11-30,176
2017-12-01,178
2017-12-04,175
2017-12-05,174
2017-12-06,177
2017-12-07,177
2017-12-08,175
2017-12-11,176
2017-12-12,177
2017-12-13,179
2017-12-14,177
2017-12-15,176
2017-12-18,171
2017-12-19,167
2017-12-20,165
2017-12-21,167
2017-12-22,169
2017-12-25,169
2017-12-26,170
2017-12-27,175
2017-12-28,172
2017-12-29,173
2018-01-01,173
2018-01-02,168
2018-01-03,166
2018-01-04,165
2018-01-05,163
2018-01-08,163
2018-01-09,161
2018-01-10,164
2018-01-11,164
2018-01-12,164
2018-01-15,164
2018-01-16,162
2018-01-17,157
2018-01-18,157
2018-01-19,156
2018-01-22,155
2018-01-23,155
2018-01-24,154
2018-01-25,155
2018-01-26,152
2018-01-29,154
2018-01-30,153
2018-01-31,153
2018-02-01,153
2018-02-02,158
2018-02-05,171
2018-02-06,167
2018-02-07,159
2018-02-08,177
2018-02-09,189
2018-02-12,182
2018-02-13,187
2018-02-14,184
2018-02-15,175
2018-02-16,167
2018-02-19,167
2018-02-20,173
2018-02-21,173
2018-02-22,176
2018-02-23,179
2018-02-26,174
2018-02-27,169
2018-02-28,178
2018-03-01,185
2018-03-02,180
2018-03-05,176
2018-03-06,176
2018-03-07,178
2018-03-08,179
2018-03-09,173
2018-03-12,174
2018-03-13,178
2018-03-14,179
2018-03-15,178
2018-03-16,177
2018-03-19,180
2018-03-20,180
2018-03-21,176
2018-03-22,181
2018-03-23,184
2018-03-26,180
2018-03-27,181
2018-03-28,181
2018-03-29,180
2018-03-30,180
2018-04-02,182
2018-04-03,174
2018-04-04,174
2018-04-05,169
2018-04-06,174
2018-04-09,174
2018-04-10,174
2018-04-11,172
2018-04-12,169
2018-04-13,171
2018-04-16,173
2018-04-17,175
2018-04-18,170
2018-04-19,170
2018-04-20,169
2018-04-23,170
2018-04-24,171
2018-04-25,171
2018-04-26,176
2018-04-27,179
2018-04-30,182
2018-05-01,182
2018-05-02,188
2018-05-03,198
2018-05-04,195
2018-05-07,191
2018-05-08,195
2018-05-09,191
2018-05-10,181
2018-05-11,177
2018-05-14,177
2018-05-15,180
2018-05-16,178
2018-05-17,186
2018-05-18,193
2018-05-21,194
2018-05-22,189
2018-05-23,189
2018-05-24,189
2018-05-25,192
2018-05-28,192
2018-05-29,205
2018-05-30,201
2018-05-31,205
2018-06-01,199
2018-06-04,192
2018-06-05,194
2018-06-06,193
2018-06-07,202
2018-06-08,204
2018-06-11,205
2018-06-12,204
2018-06-13,201
2018-06-14,202
2018-06-15,199
2018-06-18,202
2018-06-19,206
2018-06-20,201
2018-06-21,199
2018-06-22,195
2018-06-25,198
2018-06-26,198
2018-06-27,203
2018-06-28,200
2018-06-29,197
2018-07-02,196
2018-07-03,192
2018-07-04,192
2018-07-05,187
2018-07-06,182
2018-07-09,176
2018-07-10,174
2018-07-11,182
2018-07-12,183
2018-07-13,179
2018-07-16,180
2018-07-17,179
2018-07-18,178
2018-07-19,182
2018-07-20,180
2018-07-23,179
2018-07-24,181
2018-07-25,179
2018-07-26,173
2018-07-27,173
2018-07-30,173
2018-07-31,177
2018-08-01,180
2018-08-02,180
2018-08-03,178
2018-08-06,178
2018-08-07,178
2018-08-08,180
2018-08-09,185
2018-08-10,193
2018-08-13,194
2018-08-14,188
2018-08-15,190
2018-08-16,187
2018-08-17,183
2018-08-20,183
2018-08-21,182
2018-08-22,182
2018-08-23,181
2018-08-24,181
2018-08-27,179
2018-08-28,174
2018-08-29,175
2018-08-30,180
2018-08-31,184
2018-09-03,184
2018-09-04,184
2018-09-05,181
2018-09-06,183
2018-09-07,182
2018-09-10,185
2018-09-11,185
2018-09-12,183
2018-09-13,177
2018-09-14,174
2018-09-17,176
2018-09-18,175
2018-09-19,172
2018-09-20,173
2018-09-21,173
2018-09-24,172
2018-09-25,172
2018-09-26,173
2018-09-27,169
2018-09-28,168
2018-10-01,169
2018-10-02,169
2018-10-03,166
2018-10-04,168
2018-10-05,169
2018-10-08,169
2018-10-09,171
2018-10-10,172
2018-10-11,182
2018-10-12,180
2018-10-15,180
2018-10-16,178
2018-10-17,177
2018-10-18,183
2018-10-19,184
2018-10-22,186
2018-10-23,184
2018-10-24,187
2018-10-25,184
2018-10-26,191
2018-10-29,194
2018-10-30,190
2018-10-31,186
2018-11-01,186
2018-11-02,182
2018-11-05,183
2018-11-06,185
2018-11-07,182
2018-11-08,187
2018-11-09,190
2018-11-12,190
2018-11-13,199
2018-11-14,202
2018-11-15,205
2018-11-16,206
2018-11-19,212
2018-11-20,217
2018-11-21,214
2018-11-22,214
2018-11-23,214
2018-11-26,217
2018-11-27,220
2018-11-28,213
2018-11-29,211
2018-11-30,210
2018-12-03,207
2018-12-04,213
2018-12-05,213
2018-12-06,214
2018-12-07,209
2018-12-10,208
2018-12-11,202
2018-12-12,196
2018-12-13,197
2018-12-14,198
2018-12-17,201
2018-12-18,206
2018-12-19,214
2018-12-20,214
2018-12-21,219
2018-12-24,223
2018-12-25,223
2018-12-26,219
2018-12-27,221
2018-12-28,223
2018-12-31,228
2019-01-01,228
2019-01-02,228
2019-01-03,232
2019-01-04,213
2019-01-07,203
2019-01-08,201
2019-01-09,195
2019-01-10,195
2019-01-11,198
2019-01-14,197
2019-01-15,197
2019-01-16,197
2019-01-17,197
2019-01-18,193
2019-01-21,193
2019-01-22,197
2019-01-23,197
2019-01-24,197
2019-01-25,194
2019-01-28,196
2019-01-29,199
2019-01-30,195
2019-01-31,191
2019-02-01,186
2019-02-04,182
2019-02-05,182
2019-02-06,186
2019-02-07,193
2019-02-08,194
2019-02-11,198
2019-02-12,194
2019-02-13,191
2019-02-14,196
2019-02-15,196
2019-02-18,196
2019-02-19,195
2019-02-20,193
2019-02-21,192
2019-02-22,192
2019-02-25,191
2019-02-26,191
2019-02-27,186
2019-02-28,186
2019-03-01,185
2019-03-04,189
2019-03-05,189
2019-03-06,189
2019-03-07,193
2019-03-08,195
2019-03-11,190
2019-03-12,192
2019-03-13,191
2019-03-14,187
2019-03-15,188
2019-03-18,186
2019-03-19,184
2019-03-20,187
2019-03-21,183
2019-03-22,188
2019-03-25,191
2019-03-26,186
2019-03-27,187
2019-03-28,187
2019-03-29,184
2019-04-01,179
2019-04-02,185
2019-04-03,181
2019-04-04,179
2019-04-05,180
2019-04-08,179
2019-04-09,178
2019-04-10,180
2019-04-11,178
2019-04-12,176
2019-04-15,177
2019-04-16,175
2019-04-17,175
2019-04-18,177
2019-04-19,177
2019-04-22,175
2019-04-23,172
2019-04-24,174
2019-04-25,175
2019-04-26,173
2019-04-29,172
2019-04-30,176
2019-05-01,174
2019-05-02,175
2019-05-03,175
2019-05-06,177
2019-05-07,185
2019-05-08,183
2019-05-09,188
2019-05-10,187
2019-05-13,195
2019-05-14,189
2019-05-15,190
2019-05-16,189
2019-05-17,190
2019-05-20,191
2019-05-21,189
2019-05-22,192
2019-05-23,201
2019-05-24,197
2019-05-27,197
2019-05-28,201
2019-05-29,202
2019-05-30,205
2019-05-31,212
2019-06-03,214
2019-06-04,203
2019-06-05,198
2019-06-06,197
2019-06-07,197
2019-06-10,191
2019-06-11,187
2019-06-12,188
2019-06-13,193
2019-06-14,191
2019-06-17,193
2019-06-18,188
2019-06-19,187
2019-06-20,179
2019-06-21,174
2019-06-24,179
2019-06-25,185
2019-06-26,184
2019-06-27,183
2019-06-28,181
2019-07-01,174
2019-07-02,177
2019-07-03,178
2019-07-04,178
2019-07-05,174
2019-07-08,172
2019-07-09,172
2019-07-10,171
2019-07-11,169
2019-07-12,171
2019-07-15,171
2019-07-16,171
2019-07-17,176
2019-07-18,177
2019-07-19,175
2019-07-22,172
2019-07-23,168
2019-07-24,169
2019-07-25,168
2019-07-26,169
2019-07-29,168
2019-07-30,172
2019-07-31,175
2019-08-01,186
2019-08-02,188
2019-08-05,196
2019-08-06,195
2019-08-07,188
2019-08-08,182
2019-08-09,178
2019-08-12,190
2019-08-13,184
2019-08-14,189
2019-08-15,194
2019-08-16,192
2019-08-19,188
2019-08-20,191
2019-08-21,188
2019-08-22,183
2019-08-23,189
2019-08-26,188
2019-08-27,190
2019-08-28,185
2019-08-29,179
2019-08-30,179
2019-09-02,179
2019-09-03,179
2019-09-04,177
2019-09-05,171
2019-09-06,176
2019-09-09,174
2019-09-10,174
2019-09-11,172
2019-09-12,168
2019-09-13,170
2019-09-16,175
2019-09-17,176
2019-09-18,174
2019-09-19,172
2019-09-20,174
2019-09-23,173
2019-09-24,182
2019-09-25,180
2019-09-26,181
2019-09-27,184
2019-09-30,183
2019-10-01,186
2019-10-02,192
2019-10-03,194
2019-10-04,189
2019-10-07,183
2019-10-08,185
2019-10-09,183
2019-10-10,180
2019-10-11,174
2019-10-14,174
2019-10-15,174
2019-10-16,175
2019-10-17,177
2019-10-18,176
2019-10-21,172
2019-10-22,173
2019-10-23,174
2019-10-24,173
2019-10-25,169
2019-10-28,169
2019-10-29,173
2019-10-30,181
2019-10-31,182
2019-11-01,179
2019-11-04,176
2019-11-05,176
2019-11-06,179
2019-11-07,173
2019-11-08,171
2019-11-11,171
2019-11-12,174
2019-11-13,178
2019-11-14,181
2019-11-15,181
2019-11-18,185
2019-11-19,192
2019-11-20,193
2019-11-21,188
2019-11-22,183
2019-11-25,184
2019-11-26,189
2019-11-27,189
2019-11-28,189
2019-11-29,188
2019-12-02,188
2019-12-03,198
2019-12-04,189
2019-12-05,185
2019-12-06,178
2019-12-09,178
2019-12-10,176
2019-12-11,177
2019-12-12,167
2019-12-13,170
2019-12-16,162
2019-12-17,162
2019-12-18,159
2019-12-19,163
2019-12-20,163
2019-12-23,162
2019-12-24,164
2019-12-25,164
2019-12-26,165
2019-12-27,166
2019-12-30,166
2019-12-31,161
2020-01-01,161
2020-01-02,165
2020-01-03,171
2020-01-06,167
2020-01-07,167
2020-01-08,163
2020-01-09,167
2020-01-10,168
2020-01-13,167
2020-01-14,168
2020-01-15,169
2020-01-16,168
2020-01-17,165
2020-01-20,165
2020-01-21,170
2020-01-22,170
2020-01-23,174
2020-01-24,178
2020-01-27,183
2020-01-28,177
2020-01-29,178
2020-01-30,175
2020-01-31,176
2020-02-03,176
2020-02-04,173
2020-02-05,167
2020-02-06,168
2020-02-07,171
2020-02-10,173
2020-02-11,168
2020-02-12,165
2020-02-13,165
2020-02-14,165
2020-02-17,165
2020-02-18,166
2020-02-19,162
2020-02-20,165
2020-02-21,167
2020-02-24,172
2020-02-25,180
2020-02-26,182
2020-02-27,192
2020-02-28,212
2020-03-02,205
2020-03-03,200
2020-03-04,189
2020-03-05,201
2020-03-06,220
2020-03-09,284
2020-03-10,264
2020-03-11,293
2020-03-12,360
2020-03-13,336
2020-03-16,405
2020-03-17,382
2020-03-18,469
2020-03-19,493
2020-03-20,465
2020-03-23,488
2020-03-24,457
2020-03-25,380
2020-03-26,346
2020-03-27,390
2020-03-30,391
2020-03-31,376
2020-04-01,405
2020-04-02,409
2020-04-03,417
2020-04-06,400
2020-04-07,385
2020-04-08,380
2020-04-09,355
2020-04-10,355
2020-04-13,340
2020-04-14,331
2020-04-15,359
2020-04-16,374
2020-04-17,368
2020-04-20,378
2020-04-21,398
2020-04-22,405
2020-04-23,409
2020-04-24,420
2020-04-27,427
2020-04-28,430
2020-04-29,418
2020-04-30,392
2020-05-01,387
2020-05-04,384
2020-05-05,366
2020-05-06,366
2020-05-07,367
2020-05-08,351
2020-05-11,346
2020-05-12,347
2020-05-13,360
2020-05-14,368
2020-05-15,361
2020-05-18,338
2020-05-19,335
2020-05-20,321
2020-05-21,303
2020-05-22,298
2020-05-25,298
2020-05-26,286
2020-05-27,288
2020-05-28,284
2020-05-29,288
2020-06-01,287
2020-06-02,277
2020-06-03,266
2020-06-04,270
2020-06-05,266
2020-06-08,264
2020-06-09,268
2020-06-10,276
2020-06-11,301
2020-06-12,297
2020-06-15,297
2020-06-16,280
2020-06-17,293
2020-06-18,296
2020-06-19,293
2020-06-22,296
2020-06-23,295
2020-06-24,299
2020-06-25,299
2020-06-26,304
2020-06-29,304
2020-06-30,293
2020-07-01,285
2020-07-02,279
2020-07-03,279
2020-07-06,273
2020-07-07,280
2020-07-08,280
2020-07-09,291
2020-07-10,292
2020-07-13,289
2020-07-14,293
2020-07-15,284
2020-07-16,280
2020-07-17,272
2020-07-20,263
2020-07-21,253
2020-07-22,251
2020-07-23,259
2020-07-24,264
2020-07-27,260
2020-07-28,263
2020-07-29,257
2020-07-30,260
2020-07-31,253
2020-08-03,248
2020-08-04,249
2020-08-05,239
2020-08-06,231
2020-08-07,231
2020-08-10,228
2020-08-11,223
2020-08-12,225
2020-08-13,227
2020-08-14,235
2020-08-17,238
2020-08-18,241
2020-08-19,243
2020-08-20,249
2020-08-21,248
2020-08-24,245
2020-08-25,253
2020-08-26,255
2020-08-27,255
2020-08-28,249
2020-08-31,250
2020-09-01,243
2020-09-02,241
2020-09-03,249
2020-09-04,244
2020-09-07,244
2020-09-08,250
2020-09-09,246
2020-09-10,249
2020-09-11,251
2020-09-14,251
2020-09-15,245
2020-09-16,242
2020-09-17,246
2020-09-18,248
2020-09-21,258
2020-09-22,261
2020-09-23,273
2020-09-24,273
2020-09-25,269
2020-09-28,265
2020-09-29,269
2020-09-30,269
2020-10-01,264
2020-10-02,260
2020-10-05,251
2020-10-06,251
2020-10-07,245
2020-10-08,238
2020-10-09,234
2020-10-12,234
2020-10-13,235
2020-10-14,232
2020-10-15,230
2020-10-16,228
2020-10-19,228
2020-10-20,229
2020-10-21,234
2020-10-22,235
2020-10-23,240
2020-10-26,242
2020-10-27,242
2020-10-28,247
2020-10-29,246
2020-10-30,244
2020-11-02,245
2020-11-03,240
2020-11-04,230
2020-11-05,224
2020-11-06,221
2020-11-09,204
2020-11-10,203
2020-11-11,203
2020-11-12,206
2020-11-13,207
2020-11-16,207
2020-11-17,212
2020-11-18,212
2020-11-19,216
2020-11-20,215
2020-11-23,215
2020-11-24,218
2020-11-25,221
2020-11-26,221
2020-11-27,224
2020-11-30,228
2020-12-01,218
2020-12-02,215
2020-12-03,212
2020-12-04,209
2020-12-07,212
2020-12-08,216
2020-12-09,216
2020-12-10,216
2020-12-11,215
2020-12-14,214
2020-12-15,210
2020-12-16,208
2020-12-17,206
2020-12-18,205
2020-12-21,207
2020-12-22,208
2020-12-23,204
2020-12-24,207
2020-12-25,207
2020-12-28,207
2020-12-29,205
2020-12-30,206
2020-12-31,206
2021-01-01,206
2021-01-04,208
2021-01-05,209
2021-01-06,209
2021-01-07,210
2021-01-08,206
2021-01-11,210
2021-01-12,217
2021-01-13,219
2021-01-14,216
2021-01-15,220
2021-01-18,220
2021-01-19,221
2021-01-20,221
2021-01-21,220
2021-01-22,221
2021-01-25,223
2021-01-26,222
2021-01-27,225
2021-01-28,223
2021-01-29,219
2021-02-01,219
2021-02-02,215
2021-02-03,216
2021-02-04,215
2021-02-05,211
2021-02-08,211
2021-02-09,211
2021-02-10,212
2021-02-11,208
2021-02-12,207
2021-02-15,207
2021-02-16,208
2021-02-17,210
2021-02-18,210
2021-02-19,210
2021-02-22,216
2021-02-23,219
2021-02-24,216
2021-02-25,223
2021-02-26,232
2021-03-01,225
2021-03-02,226
2021-03-03,224
2021-03-04,223
2021-03-05,238
2021-03-08,250
2021-03-09,247
2021-03-10,234
2021-03-11,228
2021-03-12,222
2021-03-15,222
2021-03-16,215
2021-03-17,214
2021-03-18,213
2021-03-19,211
2021-03-22,214
2021-03-23,213
2021-03-24,213
2021-03-25,221
2021-03-26,223
2021-03-29,220
2021-03-30,224
2021-03-31,216
2021-04-01,211
2021-04-02,211
2021-04-05,208
2021-04-06,209
2021-04-07,213
2021-04-08,216
2021-04-09,213
2021-04-12,215
2021-04-13,219
2021-04-14,215
2021-04-15,215
2021-04-16,212
2021-04-19,216
2021-04-20,225
2021-04-21,224
2021-04-22,229
2021-04-23,228
2021-04-26,233
2021-04-27,237
2021-04-28,236
2021-04-29,232
2021-04-30,226
2021-05-03,237
2021-05-04,239
2021-05-05,242
2021-05-06,237
2021-05-07,225
2021-05-10,220
2021-05-11,223
2021-05-12,226
2021-05-13,227
2021-05-14,230
2021-05-17,231
2021-05-18,229
2021-05-19,230
2021-05-20,240
2021-05-21,241
2021-05-24,245
2021-05-25,254
2021-05-26,252
2021-05-27,250
2021-05-28,248
2021-05-31,248
2021-06-01,246
2021-06-02,245
2021-06-03,245
2021-06-04,243
2021-06-07,239
2021-06-08,238
2021-06-09,235
2021-06-10,235
2021-06-11,234
2021-06-14,237
2021-06-15,240
2021-06-16,240
2021-06-17,243
2021-06-18,252
2021-06-21,252
2021-06-22,253
2021-06-23,251
2021-06-24,250
2021-06-25,244
2021-06-28,244
2021-06-29,245
2021-06-30,247
2021-07-01,249
2021-07-02,256
2021-07-05,256
2021-07-06,259
2021-07-07,260
2021-07-08,262
2021-07-09,261
2021-07-12,264
2021-07-13,267
2021-07-14,268
2021-07-15,269
2021-07-16,263
2021-07-19,270
2021-07-20,268
2021-07-21,268
2021-07-22,273
2021-07-23,273
2021-07-26,276
2021-07-27,283
2021-07-28,283
2021-07-29,277
2021-07-30,276
2021-08-02,276
2021-08-03,276
2021-08-04,277
2021-08-05,276
2021-08-06,274
2021-08-09,275
2021-08-10,277
2021-08-11,279
2021-08-12,277
2021-08-13,279
2021-08-16,281
2021-08-17,280
2021-08-18,280
2021-08-19,285
2021-08-20,286
2021-08-23,286
2021-08-24,281
2021-08-25,273
2021-08-26,273
2021-08-27,271
2021-08-30,269
2021-08-31,272
2021-09-01,271
2021-09-02,271
2021-09-03,270
2021-09-06,270
2021-09-07,269
2021-09-08,272
2021-09-09,274
2021-09-10,273
2021-09-13,278
2021-09-14,281
2021-09-15,277
2021-09-16,279
2021-09-17,279
2021-09-20,291
2021-09-21,288
2021-09-22,290
2021-09-23,286
2021-09-24,289
2021-09-27,293
2021-09-28,298
2021-09-29,299
2021-09-30,301
2021-10-01,302
2021-10-04,301
2021-10-05,297
2021-10-06,298
2021-10-07,289
2021-10-08,286
2021-10-11,286
2021-10-12,289
2021-10-13,288
2021-10-14,288
2021-10-15,287
2021-10-18,291
2021-10-19,284
2021-10-20,284
2021-10-21,283
2021-10-22,287
2021-10-25,288
2021-10-26,288
2021-10-27,291
2021-10-28,294
2021-10-29,302
2021-11-01,303
2021-11-02,308
2021-11-03,306
2021-11-04,310
2021-11-05,313
2021-11-08,300
2021-11-09,307
2021-11-10,307
2021-11-11,307
2021-11-12,309
2021-11-15,307
2021-11-16,310
2021-11-17,312
2021-11-18,315
2021-11-19,316
2021-11-22,314
2021-11-23,322
2021-11-24,330
2021-11-25,330
2021-11-26,358
2021-11-29,357
2021-11-30,359
2021-12-01,346
2021-12-02,339
2021-12-03,341
2021-12-06,338
2021-12-07,332
2021-12-08,330
2021-12-09,329
2021-12-10,334
2021-12-13,342
2021-12-14,343
2021-12-15,347
2021-12-16,349
2021-12-17,353
2021-12-20,358
2021-12-21,357
2021-12-22,359
2021-12-23,354
2021-12-24,354
2021-12-27,356
2021-12-28,355
2021-12-29,349
2021-12-30,352
2021-12-31,353
2022-01-03,345
2022-01-04,345
2022-01-05,342
2022-01-06,348
2022-01-07,349
2022-01-10,353
2022-01-11,352
2022-01-12,349
2022-01-13,351
2022-01-14,349
2022-01-17,349
2022-01-18,352
2022-01-19,349
2022-01-20,348
2022-01-21,359
2022-01-24,364
2022-01-25,367
2022-01-26,362
2022-01-27,373
2022-01-28,377
2022-01-31,374
2022-02-01,371
2022-02-02,366
2022-02-03,363
2022-02-04,363
2022-02-07,367
2022-02-08,361
2022-02-09,353
2022-02-10,350
2022-02-11,365
2022-02-14,366
2022-02-15,360
2022-02-16,367
2022-02-17,374
2022-02-18,381
2022-02-21,381
2022-02-22,388
2022-02-23,395
2022-02-24,393
2022-02-25,380
2022-02-28,385
2022-03-01,391
2022-03-02,385
2022-03-03,391
2022-03-04,412
2022-03-07,414
2022-03-08,408
2022-03-09,387
2022-03-10,381
2022-03-11,380
2022-03-14,374
2022-03-15,363
2022-03-16,353
2022-03-17,336
2022-03-18,339
2022-03-21,346
2022-03-22,347
2022-03-23,360
2022-03-24,348
2022-03-25,338
2022-03-28,334
2022-03-29,329
2022-03-30,329
2022-03-31,338
2022-04-01,346
2022-04-04,323
2022-04-05,317
2022-04-06,317
2022-04-07,322
2022-04-08,328
2022-04-11,339
2022-04-12,345
2022-04-13,350
2022-04-14,345
2022-04-15,345
2022-04-18,347
2022-04-19,347
2022-04-20,346
2022-04-21,344
2022-04-22,354
2022-04-25,358
2022-04-26,361
2022-04-27,359
2022-04-28,366
2022-04-29,375
2022-05-02,387
2022-05-03,387
2022-05-04,383
2022-05-05,379
2022-05-06,381
2022-05-09,408
2022-05-10,396
2022-05-11,389
2022-05-12,393
2022-05-13,386
2022-05-16,390
2022-05-17,389
2022-05-18,407
2022-05-19,407
2022-05-20,407
2022-05-23,389
2022-05-24,383
2022-05-25,361
2022-05-26,358
2022-05-27,355
2022-05-30,355
2022-05-31,337
2022-06-01,334
2022-06-02,335
2022-06-03,335
2022-06-06,336
2022-06-07,346
2022-06-08,349
2022-06-09,379
2022-06-10,382
2022-06-13,396
2022-06-14,398
2022-06-15,380
2022-06-16,387
2022-06-17,387
2022-06-20,387
2022-06-21,397
2022-06-22,413
2022-06-23,419
2022-06-24,419
2022-06-27,422
2022-06-28,447
2022-06-29,458
2022-06-30,446
2022-07-01,441
2022-07-04,441
2022-07-05,445
2022-07-06,435
2022-07-07,430
2022-07-08,424
2022-07-11,437
2022-07-12,448
2022-07-13,461
2022-07-14,470
2022-07-15,474
2022-07-18,460
2022-07-19,447
2022-07-20,423
2022-07-21,437
2022-07-22,435
2022-07-25,425
2022-07-26,427
2022-07-27,418
2022-07-28,414
2022-07-29,403
2022-08-01,413
2022-08-02,409
2022-08-03,415
2022-08-04,404
2022-08-05,398
2022-08-08,397
2022-08-09,406
2022-08-10,386
2022-08-11,369
2022-08-12,377
2022-08-15,378
2022-08-16,385
2022-08-17,391
2022-08-18,394
2022-08-19,401
2022-08-22,412
2022-08-23,408
2022-08-24,400
2022-08-25,399
2022-08-26,403
2022-08-29,416
2022-08-30,421
2022-08-31,424
2022-09-01,425
2022-09-02,429
2022-09-05,429
2022-09-06,427
2022-09-07,424
2022-09-08,411
2022-09-09,400
2022-09-12,378
2022-09-13,391
2022-09-14,399
2022-09-15,397
2022-09-16,413
2022-09-19,414
2022-09-20,421
2022-09-21,417
2022-09-22,416
2022-09-23,432
2022-09-26,450
2022-09-27,460
2022-09-28,461
2022-09-29,470
2022-09-30,460
2022-10-03,451
2022-10-04,422
2022-10-05,436
2022-10-06,441
2022-10-07,459
2022-10-10,459
2022-10-11,479
2022-10-12,482
2022-10-13,480
2022-10-14,485
2022-10-17,485
2022-10-18,483
2022-10-19,501
2022-10-20,522
2022-10-21,514
2022-10-24,502
2022-10-25,477
2022-10-26,471
2022-10-27,445
2022-10-28,438
2022-10-31,456
2022-11-01,453
2022-11-02,463
2022-11-03,464
2022-11-04,451
2022-11-07,431
2022-11-08,429
2022-11-09,439
2022-11-10,420
2022-11-11,420
2022-11-14,398
2022-11-15,391
2022-11-16,394
2022-11-17,403
2022-11-18,403
2022-11-21,398
2022-11-22,396
2022-11-23,401
2022-11-24,401
2022-11-25,402
2022-11-28,404
2022-11-29,403
2022-11-30,404
2022-12-01,393
2022-12-02,383
2022-12-05,383
2022-12-06,398
2022-12-07,402
2022-12-08,390
2022-12-09,378
2022-12-12,379
2022-12-13,372
2022-12-14,380
2022-12-15,384
2022-12-16,391
2022-12-19,395
2022-12-20,396
2022-12-21,379
2022-12-22,376
2022-12-23,372
2022-12-26,372
2022-12-27,370
2022-12-28,367
2022-12-29,370
2022-12-30,369
2023-01-02,369
2023-01-03,368
2023-01-04,366
2023-01-05,376
2023-01-06,382
2023-01-09,382
2023-01-10,385
2023-01-11,380
2023-01-12,377
2023-01-13,370
2023-01-16,370
2023-01-17,368
2023-01-18,366
2023-01-19,366
2023-01-20,361
2023-01-23,358
2023-01-24,362
2023-01-25,362
2023-01-26,358
2023-01-27,366
2023-01-30,376
2023-01-31,376
2023-02-01,371
2023-02-02,360
2023-02-03,359
2023-02-06,361
2023-02-07,362
2023-02-08,368
2023-02-09,371
2023-02-10,379
2023-02-13,379
2023-02-14,379
2023-02-15,388
2023-02-16,389
2023-02-17,411
2023-02-20,411
2023-02-21,417
2023-02-22,416
2023-02-23,395
2023-02-24,391
2023-02-27,387
2023-02-28,393
2023-03-01,395
2023-03-02,399
2023-03-03,392
2023-03-06,385
2023-03-07,388
2023-03-08,393
2023-03-09,405
2023-03-10,417
2023-03-13,430
2023-03-14,422
2023-03-15,448
2023-03-16,435
2023-03-17,447
2023-03-20,442
2023-03-21,422
2023-03-22,426
2023-03-23,421
2023-03-24,419
2023-03-27,407
2023-03-28,408
2023-03-29,393
2023-03-30,391
2023-03-31,382
2023-04-03,375
2023-04-04,388
2023-04-05,397
2023-04-06,404
2023-04-07,397
2023-04-10,401
2023-04-11,403
2023-04-12,404
2023-04-13,399
2023-04-14,396
2023-04-17,396
2023-04-18,396
2023-04-19,398
2023-04-20,406
2023-04-21,401
2023-04-24,402
2023-04-25,401
2023-04-26,432
2023-04-27,425
2023-04-28,422
2023-05-01,414
2023-05-02,425
2023-05-03,425
2023-05-04,427
2023-05-05,425
2023-05-08,421
2023-05-09,420
2023-05-10,419
2023-05-11,416
2023-05-12,418
2023-05-15,421
2023-05-16,415
2023-05-17,411
2023-05-18,404
2023-05-19,403
2023-05-22,403
2023-05-23,406
2023-05-24,406
2023-05-25,401
2023-05-26,403
2023-05-29,403
2023-05-30,401
2023-05-31,406
2023-06-01,408
2023-06-02,392
2023-06-05,380
2023-06-06,368
2023-06-07,364
2023-06-08,368
2023-06-09,363
2023-06-12,361
2023-06-13,349
2023-06-14,348
2023-06-15,359
2023-06-16,356
2023-06-19,356
2023-06-20,362
2023-06-21,365
2023-06-22,361
2023-06-23,365
2023-06-26,367
2023-06-27,364
2023-06-28,373
2023-06-29,370
2023-06-30,366
2023-07-03,361
2023-07-04,361
2023-07-05,357
2023-07-06,363
2023-07-07,365
2023-07-10,368
2023-07-11,362
2023-07-12,358
2023-07-13,340
2023-07-14,332
2023-07-17,334
2023-07-18,328
2023-07-19,330
2023-07-20,328
2023-07-21,328
2023-07-24,325
2023-07-25,327
2023-07-26,326
2023-07-27,316
2023-07-28,318
2023-07-31,313
2023-08-01,313
2023-08-02,317
2023-08-03,318
2023-08-04,318
2023-08-07,318
2023-08-08,318
2023-08-09,310
2023-08-10,309
2023-08-11,313
2023-08-14,320
2023-08-15,322
2023-08-16,327
2023-08-17,331
2023-08-18,331
2023-08-21,332
2023-08-22,332
2023-08-23,335
2023-08-24,342
2023-08-25,340
2023-08-28,336
2023-08-29,324
2023-08-30,321
2023-08-31,320
2023-09-01,320
2023-09-04,323
2023-09-05,334
2023-09-06,337
2023-09-07,336
2023-09-08,340
2023-09-11,345
2023-09-12,341
2023-09-13,330
2023-09-14,329
2023-09-15,330
2023-09-18,323
2023-09-19,315
2023-09-20,318
2023-09-21,322
2023-09-22,319
2023-09-25,325
2023-09-26,330
2023-09-27,336
2023-09-28,335
2023-09-29,339
2023-10-02,351
2023-10-03,358
2023-10-04,362
2023-10-05,360
2023-10-06,360
2023-10-09,359
2023-10-10,355
2023-10-11,354
2023-10-12,350
2023-10-13,346
2023-10-16,343
2023-10-17,344
2023-10-18,342
2023-10-19,350
2023-10-20,343
2023-10-23,341
2023-10-24,338
2023-10-25,342
2023-10-26,343
2023-10-27,329
2023-10-30,323
2023-10-31,321
2023-11-01,303
2023-11-02,299
2023-11-03,312
2023-11-06,317
2023-11-07,319
2023-11-08,317
2023-11-09,314
2023-11-10,319
2023-11-13,311
2023-11-14,312
2023-11-15,323
2023-11-16,323
2023-11-17,321
2023-11-20,318
2023-11-21,315
2023-11-22,315
2023-11-23,309
2023-11-24,313
2023-11-27,309
2023-11-28,301
2023-11-29,304
2023-11-30,300
2023-12-01,296
2023-12-04,298
2023-12-05,300
2023-12-06,300
2023-12-07,299
2023-12-08,297
2023-12-11,301
2023-12-12,308
2023-12-13,294
2023-12-14,294
2023-12-15,295
2023-12-18,289
2023-12-19,286
2023-12-20,280
2023-12-21,278
2023-12-22,278
2023-12-25,278
2023-12-26,284
2023-12-27,275
2023-12-28,272
2023-12-29,272
2024-01-01,283
2024-01-02,301
2024-01-03,297
2024-01-04,294
2024-01-05,308
2024-01-08,312
2024-01-09,304
2024-01-10,301
2024-01-11,295
2024-01-12,295
2024-01-15,292
2024-01-16,299
2024-01-17,302
2024-01-18,310
2024-01-19,312
2024-01-22,318
2024-01-23,312
2024-01-24,310
2024-01-25,306
2024-01-26,300
2024-01-29,300
2024-01-30,301
2024-01-31,310
2024-02-01,322
2024-02-02,321
2024-02-05,324
2024-02-06,323
2024-02-07,319
2024-02-08,321
2024-02-09,322
2024-02-12,318
2024-02-13,313
2024-02-14,310
2024-02-15,302
2024-02-16,302
2024-02-19,302
2024-02-20,304
2024-02-21,303
2024-02-22,298
2024-02-23,297
2024-02-26,295
2024-02-27,297
2024-02-28,299
2024-02-29,299
2024-03-01,301
2024-03-04,302
2024-03-05,307
2024-03-06,305
2024-03-07,308
2024-03-08,307
2024-03-11,305
2024-03-12,301
2024-03-13,292
2024-03-14,291
2024-03-15,292
2024-03-18,293
2024-03-19,294
2024-03-20,288
2024-03-21,279
2024-03-22,287
2024-03-25,288
2024-03-26,292
2024-03-27,291
2024-03-28,292
2024-03-29,292
2024-04-01,290
2024-04-02,291
2024-04-03,285
2024-04-04,288
2024-04-05,281
2024-04-08,278
2024-04-09,277
2024-04-10,275
2024-04-11,277
2024-04-12,286
2024-04-15,296
2024-04-16,296
2024-04-17,300
2024-04-18,302
2024-04-19,305
2024-04-22,298
2024-04-23,295
2024-04-24,297
2024-04-25,300
2024-04-26,297
2024-04-29,294
2024-04-30,303
2024-05-01,304
2024-05-02,299
2024-05-03,294
2024-05-06,283
2024-05-07,287
2024-05-08,290
2024-05-09,289
2024-05-10,288
2024-05-13,290
2024-05-14,294
2024-05-15,291
2024-05-16,292
2024-05-17,294
2024-05-20,291
2024-05-21,295
2024-05-22,301
2024-05-23,306
2024-05-24,311
2024-05-27,311
2024-05-28,317
2024-05-29,307
2024-05-30,303
2024-05-31,302
2024-06-03,306
2024-06-04,310
2024-06-05,312
2024-06-06,312
2024-06-07,299
2024-06-10,300
2024-06-11,305
2024-06-12,303
2024-06-13,315
2024-06-14,324
2024-06-17,329
2024-06-18,321
2024-06-19,321
2024-06-20,323
2024-06-21,322
2024-06-24,319
2024-06-25,313
2024-06-26,311
2024-06-27,311
2024-06-28,305
2024-07-01,316
2024-07-02,315
2024-07-03,306
2024-07-04,306
2024-07-05,306
2024-07-08,302
2024-07-09,307
2024-07-10,304
2024-07-11,304
2024-07-12,302
2024-07-15,304
2024-07-16,302
2024-07-17,313
2024-07-18,313
2024-07-19,316
2024-07-22,311
2024-07-23,306
2024-07-24,309
2024-07-25,308
2024-07-26,308
2024-07-29,311
2024-07-30,313
2024-07-31,315
2024-08-01,327
2024-08-02,336
2024-08-05,339
2024-08-06,339
2024-08-07,331
2024-08-08,329
2024-08-09,326
2024-08-12,328
2024-08-13,324
2024-08-14,324
2024-08-15,321
2024-08-16,320
2024-08-19,316
2024-08-20,315
2024-08-21,313
2024-08-22,313
2024-08-23,315
2024-08-26,311
2024-08-27,312
2024-08-28,317
2024-08-29,318
2024-08-30,313
2024-09-02,313
2024-09-03,324
2024-09-04,324
2024-09-05,329
2024-09-06,333
2024-09-09,336
2024-09-10,336
2024-09-11,338
2024-09-12,334
2024-09-13,331
2024-09-16,328
2024-09-17,321
2024-09-18,317
2024-09-19,317
2024-09-20,313
2024-09-23,315
2024-09-24,314
2024-09-25,316
2024-09-26,319
2024-09-27,321
2024-09-30,317
2024-10-01,316
2024-10-02,312
2024-10-03,308
2024-10-04,302
2024-10-07,304
2024-10-08,307
2024-10-09,308
2024-10-10,311
2024-10-11,310
2024-10-14,309
2024-10-15,309
2024-10-16,306
2024-10-17,301
2024-10-18,303
2024-10-21,305
2024-10-22,313
2024-10-23,314
2024-10-24,318
2024-10-25,320
2024-10-28,318
2024-10-29,321
2024-10-30,326
2024-10-31,337
2024-11-01,334
2024-11-04,343
2024-11-05,346
2024-11-06,338
2024-11-07,317
2024-11-08,318
2024-11-11,318
2024-11-12,312
2024-11-13,311
2024-11-14,319
2024-11-15,328
2024-11-18,328
2024-11-19,322
2024-11-20,313
2024-11-21,312
2024-11-22,316
2024-11-25,323
2024-11-26,322
2024-11-27,321
2024-11-28,330
2024-11-29,332
2024-12-02,332
2024-12-03,326
2024-12-04,331
2024-12-05,329
2024-12-06,326
2024-12-09,323
2024-12-10,323
2024-12-11,316
2024-12-12,305
2024-12-13,309
2024-12-16,316
2024-12-17,319
2024-12-18,314
2024-12-19,329
2024-12-20,325
2024-12-23,322
2024-12-24,325
2024-12-25,325
2024-12-26,327
2024-12-27,323
2024-12-30,331
2024-12-31,330
2025-01-01,330
2025-01-02,332
2025-01-03,325
2025-01-06,323
2025-01-07,321
2025-01-08,329
2025-01-09,328
2025-01-10,327
2025-01-13,327
2025-01-14,324
2025-01-15,317
2025-01-16,314
2025-01-17,315
2025-01-20,315
2025-01-21,319
2025-01-22,313
2025-01-23,315
2025-01-24,313
2025-01-27,321
2025-01-28,323
2025-01-29,326
2025-01-30,320
2025-01-31,327
2025-02-03,326
2025-02-04,330
2025-02-05,331
2025-02-06,332
2025-02-07,328
2025-02-10,326
2025-02-11,326
2025-02-12,321
2025-02-13,322
2025-02-14,316
2025-02-17,316
2025-02-18,314
2025-02-19,316
2025-02-20,319
2025-02-21,326
2025-02-24,328
2025-02-25,332
2025-02-26,330
2025-02-27,332
2025-02-28,336
2025-03-03,338
2025-03-04,334
2025-03-05,325
2025-03-06,333
2025-03-07,330
2025-03-10,335
2025-03-11,335
2025-03-12,330
2025-03-13,336
2025-03-14,331
2025-03-17,334
2025-03-18,338
2025-03-19,333
2025-03-20,336
2025-03-21,339
2025-03-24,336
2025-03-25,336
2025-03-26,337
2025-03-27,341
2025-03-28,353
2025-03-31,356
2025-04-01,351
2025-04-02,347
2025-04-03,365
2025-04-04,385
2025-04-07,392
2025-04-08,394
2025-04-09,369
2025-04-10,384
2025-04-11,389
2025-04-14,386
2025-04-15,391
2025-04-16,404
2025-04-17,397
2025-04-18,397
2025-04-21,403
2025-04-22,397
2025-04-23,388
2025-04-24,388
2025-04-25,383
2025-04-28,393
2025-04-29,386
2025-04-30,388
2025-05-01,390
2025-05-02,385
2025-05-05,384
2025-05-06,382
2025-05-07,383
2025-05-08,374
2025-05-09,374
2025-05-12,347
2025-05-13,342
2025-05-14,345
2025-05-15,353
2025-05-16,349
2025-05-19,350
2025-05-20,346
2025-05-21,342
2025-05-22,345
2025-05-23,345
2025-05-26,345
2025-05-27,341
2025-05-28,339
2025-05-29,341
2025-05-30,344
2025-06-02,342
2025-06-03,334
2025-06-04,339
2025-06-05,344
2025-06-06,346
2025-06-09,351
2025-06-10,351
2025-06-11,352
2025-06-12,348
2025-06-13,347
2025-06-16,342
2025-06-17,347
2025-06-18,347
2025-06-19,347
2025-06-20,349
2025-06-23,351
2025-06-24,349
2025-06-25,350
2025-06-26,351
2025-06-27,352
2025-06-30,349
2025-07-01,344
2025-07-02,341
2025-07-03,321
2025-07-04,321
2025-07-07,322
2025-07-08,330
2025-07-09,325
2025-07-10,324
2025-07-11,323
2025-07-14,323
2025-07-15,318
2025-07-16,321
2025-07-17,322
2025-07-18,317
2025-07-21,316
2025-07-22,316
2025-07-23,308
2025-07-24,305
2025-07-25,307
2025-07-28,304
2025-07-29,309
2025-07-30,309
2025-07-31,306
2025-08-01,327
2025-08-04,316
2025-08-05,316
2025-08-06,314
2025-08-07,310
2025-08-08,308
2025-08-11,301
2025-08-12,292
2025-08-13,290
2025-08-14,288
2025-08-15,286
2025-08-18,286
2025-08-19,287
2025-08-20,290
2025-08-21,291
2025-08-22,289
2025-08-25,290
2025-08-26,294
2025-08-27,300
2025-08-28,280
2025-08-29,282
2025-09-01,282
2025-09-02,282
2025-09-03,281
2025-09-04,281
2025-09-05,266
2025-09-08,264
2025-09-09,255
2025-09-10,242
2025-09-11,241
2025-09-12,242
2025-09-15,247
2025-09-16,252
2025-09-17,254
2025-09-18,250
2025-09-19,248
2025-09-22,247
2025-09-23,246
2025-09-24,246
2025-09-25,251
2025-09-26,254
2025-09-29,263
2025-09-30,263
2025-10-01,264
2025-10-02,264
2025-10-03,258
2025-10-06,255
2025-10-07,257
2025-10-08,255
2025-10-09,260
2025-10-10,271
2025-10-13,271
2025-10-14,277
2025-10-15,273
2025-10-16,272
2025-10-17,268
2025-10-20,269
2025-10-21,266
2025-10-22,268
2025-10-23,254
2025-10-24,257
2025-10-27,257
2025-10-28,258
2025-10-29,251
2025-10-30,255
2025-10-31,251
2025-11-03,253
2025-11-04,257
2025-11-05,249
2025-11-06,252
2025-11-07,251
2025-11-10,243
2025-11-11,243
2025-11-12,238
2025-11-13,240
2025-11-14,244
2025-11-17,236
2025-11-18,240
2025-11-19,241
2025-11-20,253
2025-11-21,260
2025-11-24,269
2025-11-25,283
2025-11-26,283
2025-11-27,283
2025-11-28,277
2025-12-01,276
2025-12-02,270
2025-12-03,269
2025-12-04,270
2025-12-05,268
2025-12-08,274
2025-12-09,287
2025-12-10,286
2025-12-11,279
2025-12-12,276
2025-12-15,275
2025-12-16,280
2025-12-17,283
2025-12-18,283
2025-12-19,276
2025-12-22,263
2025-12-23,263
2025-12-24,267
2025-12-25,267
2025-12-26,266
2025-12-29,265
2025-12-30,277
2025-12-31,275
2026-01-01,275
2026-01-02,280
2026-01-05,282
2026-01-06,276
2026-01-07,279
2026-01-08,278
2026-01-09,278
2026-01-12,273
2026-01-13,274
2026-01-14,271
2026-01-15,261
2026-01-16,258
2026-01-19,258
2026-01-20,259
2026-01-21,260
2026-01-22,257
2026-01-23,258
2026-01-26,263
2026-01-27,266
2026-01-28,267
2026-01-29,263
2026-01-30,262
2026-02-02,262
2026-02-03,262
2026-02-04,251
2026-02-05,264
2026-02-06,259
2026-02-09,254
2026-02-10,256
2026-02-11,256
2026-02-12,259
2026-02-13,260
2026-02-16,260
2026-02-17,259
2026-02-18,259
2026-02-19,262
2026-02-20,262
2026-02-23,265
2026-02-24,261
2026-02-25,265
2026-02-26,280
2026-02-27,294
2026-03-02,293
2026-03-03,296
2026-03-04,287
2026-03-05,292
2026-03-06,303
2026-03-09,296
2026-03-10,278
2026-03-11,275
2026-03-12,278
2026-03-13,277
2026-03-16,274
2026-03-17,274
2026-03-18,271
2026-03-19,276
2026-03-20,273
2026-03-23,268
2026-03-24,272
2026-03-25,270
2026-03-26,272
2026-03-27,277
2026-03-30,283
2026-03-31,282
2026-04-01,277
2026-04-02,280
2026-04-03,278
2026-04-06,278
2026-04-07,283
2026-04-08,263
2026-04-09,258
2026-04-10,253
2026-04-13,250
2026-04-14,239
2026-04-15,226
2026-04-16,223
2026-04-17,221
2026-04-20,219
2026-04-21,223
2026-04-22,225
2026-04-23,221
2026-04-24,235
2026-04-27,231
2026-04-28,237
2026-04-29,233
2026-04-30,232
2026-05-01,230
2026-05-04,234
2026-05-05,226
2026-05-06,233
2026-05-07,243
2026-05-08,241
2026-05-11,240
2026-05-12,239
2026-05-13,243
2026-05-14,250
2026-05-15,248
2026-05-18,248
2026-05-19,248
2026-05-20,252
2026-05-21,250
2026-05-22,241
2026-05-25,241
2026-05-26,235
2026-05-27,234
2026-05-28,236
2026-05-29,240
2026-06-01,210
2026-06-02,208
2026-06-03,206
2026-06-04,201
2026-06-05,199
2026-06-08,197
2026-06-09,202
2026-06-10,200
2026-06-11,193
2026-06-12,189
2026-06-15,182
2026-06-16,182
2026-06-17,179
2026-06-18,181
2026-06-19,181
2026-06-22,181
2026-06-23,188
2026-06-24,189
2026-06-25,192
2026-06-26,197
2026-06-29,195
2026-06-30,190
2026-07-01,192
2026-07-02,191
2026-07-03,191
2026-07-06,190
2026-07-07,188
2026-07-08,189
2026-07-09,190
2026-07-10,188
2026-07-13,187
2026-07-14,187
2026-07-15,187
2026-07-16,186
2026-07-17,179
2026-07-20,185
2026-07-21,182
2026-07-22,182
2026-07-23,187
2026-07-24,188
2026-07-27,188
2026-07-28,191
2026-07-29,189
2026-07-30,190
2026-07-31,195
2026-08-03,188
2026-08-04,188
2026-08-05,189
2026-08-06,189
2026-08-07,188
2026-08-10,186
2026-08-11,188
2026-08-12,190
2026-08-13,191
2026-08-14,190
2026-08-17,188
2026-08-18,192
2026-08-19,191
2026-08-20,188
2026-08-21,188
2026-08-24,184
2026-08-25,189
2026-08-26,185
2026-08-27,185
2026-08-28,186
2026-08-31,189
2026-09-01,199
2026-09-02,200
2026-09-03,198
