fecha,valor
1998-01-01,421
1998-01-02,411
1998-01-05,433
1998-01-06,459
1998-01-07,459
1998-01-08,478
1998-01-09,503
1998-01-12,530
1998-01-13,513
1998-01-14,487
1998-01-15,497
1998-01-16,477
1998-01-19,477
1998-01-20,472
1998-01-21,494
1998-01-22,481
1998-01-23,481
1998-01-26,476
1998-01-27,465
1998-01-28,461
1998-01-29,450
1998-01-30,443
1998-02-02,429
1998-02-03,430
1998-02-04,423
1998-02-05,412
1998-02-06,411
1998-02-09,418
1998-02-10,418
1998-02-11,426
1998-02-12,433
1998-02-13,424
1998-02-16,424
1998-02-17,425
1998-02-18,429
1998-02-19,429
1998-02-20,429
1998-02-23,422
1998-02-24,430
1998-02-25,425
1998-02-26,422
1998-02-27,418
1998-03-02,419
1998-03-03,416
1998-03-04,419
1998-03-05,432
1998-03-06,436
1998-03-09,439
1998-03-10,432
1998-03-11,431
1998-03-12,427
1998-03-13,417
1998-03-16,405
1998-03-17,402
1998-03-18,393
1998-03-19,386
1998-03-20,381
1998-03-23,384
1998-03-24,393
1998-03-25,390
1998-03-26,388
1998-03-27,377
1998-03-30,384
1998-03-31,384
1998-04-01,390
1998-04-02,399
1998-04-03,415
1998-04-06,407
1998-04-07,405
1998-04-08,400
1998-04-09,393
1998-04-10,393
1998-04-13,390
1998-04-14,393
1998-04-15,396
1998-04-16,401
1998-04-17,403
1998-04-20,397
1998-04-21,395
1998-04-22,394
1998-04-23,390
1998-04-24,396
1998-04-27,397
1998-04-28,405
1998-04-29,400
1998-04-30,399
1998-05-01,391
1998-05-04,389
1998-05-05,389
1998-05-06,396
1998-05-07,403
1998-05-08,398
1998-05-11,400
1998-05-12,418
1998-05-13,426
1998-05-14,419
1998-05-15,418
1998-05-18,445
1998-05-19,453
1998-05-20,453
1998-05-21,447
1998-05-22,452
1998-05-25,452
1998-05-26,466
1998-05-27,464
1998-05-28,434
1998-05-29,445
1998-06-01,450
1998-06-02,430
1998-06-03,442
1998-06-04,436
1998-06-05,437
1998-06-08,463
1998-06-09,465
1998-06-10,474
1998-06-11,493
1998-06-12,507
1998-06-15,522
1998-06-16,520
1998-06-17,494
1998-06-18,519
1998-06-19,504
1998-06-22,504
1998-06-23,498
1998-06-24,499
1998-06-25,510
1998-06-26,546
1998-06-29,549
1998-06-30,543
1998-07-01,544
1998-07-02,556
1998-07-03,556
1998-07-06,607
1998-07-07,601
1998-07-08,598
1998-07-09,592
1998-07-10,578
1998-07-13,568
1998-07-14,545
1998-07-15,534
1998-07-16,528
1998-07-17,509
1998-07-20,503
1998-07-21,495
1998-07-22,477
1998-07-23,498
1998-07-24,501
1998-07-27,515
1998-07-28,515
1998-07-29,522
1998-07-30,509
1998-07-31,515
1998-08-03,519
1998-08-04,524
1998-08-05,537
1998-08-06,559
1998-08-07,604
1998-08-10,663
1998-08-11,645
1998-08-12,663
1998-08-13,612
1998-08-14,609
1998-08-17,645
1998-08-18,621
1998-08-19,668
1998-08-20,702
1998-08-21,789
1998-08-24,781
1998-08-25,754
1998-08-26,782
1998-08-27,899
1998-08-28,911
1998-08-31,941
1998-09-01,905
1998-09-02,926
1998-09-03,979
1998-09-04,938
1998-09-07,938
1998-09-08,932
1998-09-09,925
1998-09-10,1061
1998-09-11,1034
1998-09-14,1028
1998-09-15,964
1998-09-16,912
1998-09-17,1015
1998-09-18,970
1998-09-21,925
1998-09-22,905
1998-09-23,897
1998-09-24,882
1998-09-25,853
1998-09-28,864
1998-09-29,825
1998-09-30,911
1998-10-01,882
1998-10-02,840
1998-10-05,880
1998-10-06,840
1998-10-07,860
1998-10-08,862
1998-10-09,864
1998-10-12,864
1998-10-13,826
1998-10-14,863
1998-10-15,776
1998-10-16,797
1998-10-19,790
1998-10-20,777
1998-10-21,762
1998-10-22,725
1998-10-23,696
1998-10-26,702
1998-10-27,729
1998-10-28,749
1998-10-29,775
1998-10-30,755
1998-11-02,705
1998-11-03,701
1998-11-04,677
1998-11-05,677
1998-11-06,651
1998-11-09,637
1998-11-10,647
1998-11-11,647
1998-11-12,651
1998-11-13,638
1998-11-16,630
1998-11-17,632
1998-11-18,615
1998-11-19,616
1998-11-20,578
1998-11-23,563
1998-11-24,586
1998-11-25,602
1998-11-26,602
1998-11-27,590
1998-11-30,610
1998-12-01,645
1998-12-02,693
1998-12-03,667
1998-12-04,666
1998-12-07,661
1998-12-08,643
1998-12-09,660
1998-12-10,660
1998-12-11,665
1998-12-14,685
1998-12-15,680
1998-12-16,683
1998-12-17,683
1998-12-18,691
1998-12-21,676
1998-12-22,675
1998-12-23,628
1998-12-24,612
1998-12-25,612
1998-12-28,605
1998-12-29,614
1998-12-30,610
1998-12-31,612
1999-01-01,612
1999-01-04,597
1999-01-05,583
1999-01-06,597
1999-01-07,612
1999-01-08,645
1999-01-11,676
1999-01-12,686
1999-01-13,786
1999-01-14,800
1999-01-15,744
1999-01-18,744
1999-01-19,693
1999-01-20,681
1999-01-21,722
1999-01-22,738
1999-01-25,777
1999-01-26,758
1999-01-27,739
1999-01-28,746
1999-01-29,743
1999-02-01,730
1999-02-02,732
1999-02-03,725
1999-02-04,746
1999-02-05,736
1999-02-08,741
1999-02-09,738
1999-02-10,703
1999-02-11,697
1999-02-12,689
1999-02-15,689
1999-02-16,697
1999-02-17,702
1999-02-18,695
1999-02-19,692
1999-02-22,690
1999-02-23,696
1999-02-24,672
1999-02-25,672
1999-02-26,663
1999-03-01,631
1999-03-02,661
1999-03-03,665
1999-03-04,660
1999-03-05,649
1999-03-08,664
1999-03-09,662
1999-03-10,662
1999-03-11,608
1999-03-12,601
1999-03-15,568
1999-03-16,574
1999-03-17,574
1999-03-18,561
1999-03-19,575
1999-03-22,563
1999-03-23,561
1999-03-24,556
1999-03-25,550
1999-03-26,554
1999-03-29,550
1999-03-30,554
1999-03-31,562
1999-04-01,537
1999-04-02,537
1999-04-05,534
1999-04-06,535
1999-04-07,538
1999-04-08,534
1999-04-09,533
1999-04-12,511
1999-04-13,514
1999-04-14,514
1999-04-15,536
1999-04-16,524
1999-04-19,527
1999-04-20,533
1999-04-21,517
1999-04-22,522
1999-04-23,518
1999-04-26,516
1999-04-27,528
1999-04-28,516
1999-04-29,513
1999-04-30,479
1999-05-03,472
1999-05-04,484
1999-05-05,493
1999-05-06,498
1999-05-07,498
1999-05-10,503
1999-05-11,505
1999-05-12,526
1999-05-13,532
1999-05-14,537
1999-05-17,537
1999-05-18,543
1999-05-19,575
1999-05-20,597
1999-05-21,630
1999-05-24,639
1999-05-25,669
1999-05-26,619
1999-05-27,605
1999-05-28,603
1999-05-31,603
1999-06-01,591
1999-06-02,607
1999-06-03,612
1999-06-04,613
1999-06-07,617
1999-06-08,632
1999-06-09,649
1999-06-10,682
1999-06-11,666
1999-06-14,671
1999-06-15,664
1999-06-16,631
1999-06-17,600
1999-06-18,590
1999-06-21,578
1999-06-22,590
1999-06-23,599
1999-06-24,611
1999-06-25,616
1999-06-28,635
1999-06-29,612
1999-06-30,609
1999-07-01,606
1999-07-02,606
1999-07-05,606
1999-07-06,599
1999-07-07,582
1999-07-08,579
1999-07-09,572
1999-07-12,605
1999-07-13,622
1999-07-14,590
1999-07-15,571
1999-07-16,581
1999-07-19,585
1999-07-20,587
1999-07-21,600
1999-07-22,594
1999-07-23,592
1999-07-26,616
1999-07-27,619
1999-07-28,619
1999-07-29,615
1999-07-30,610
1999-08-02,633
1999-08-03,646
1999-08-04,663
1999-08-05,677
1999-08-06,666
1999-08-09,651
1999-08-10,671
1999-08-11,664
1999-08-12,653
1999-08-13,662
1999-08-16,660
1999-08-17,660
1999-08-18,674
1999-08-19,675
1999-08-20,695
1999-08-23,714
1999-08-24,720
1999-08-25,729
1999-08-26,719
1999-08-27,712
1999-08-30,709
1999-08-31,700
1999-09-01,705
1999-09-02,696
1999-09-03,680
1999-09-06,680
1999-09-07,651
1999-09-08,644
1999-09-09,634
1999-09-10,612
1999-09-13,611
1999-09-14,623
1999-09-15,632
1999-09-16,618
1999-09-17,623
1999-09-20,622
1999-09-21,632
1999-09-22,629
1999-09-23,641
1999-09-24,649
1999-09-27,638
1999-09-28,640
1999-09-29,630
1999-09-30,635
1999-10-01,633
1999-10-04,623
1999-10-05,615
1999-10-06,610
1999-10-07,595
1999-10-08,599
1999-10-11,599
1999-10-12,595
1999-10-13,604
1999-10-14,602
1999-10-15,627
1999-10-18,615
1999-10-19,613
1999-10-20,620
1999-10-21,603
1999-10-22,599
1999-10-25,598
1999-10-26,588
1999-10-27,592
1999-10-28,589
1999-10-29,613
1999-11-01,613
1999-11-02,596
1999-11-03,594
1999-11-04,557
1999-11-05,551
1999-11-08,534
1999-11-09,533
1999-11-10,535
1999-11-11,535
1999-11-12,542
1999-11-15,538
1999-11-16,544
1999-11-17,551
1999-11-18,545
1999-11-19,562
1999-11-22,543
1999-11-23,547
1999-11-24,537
1999-11-25,537
1999-11-26,533
1999-11-29,517
1999-11-30,526
1999-12-01,529
1999-12-02,526
1999-12-03,513
1999-12-06,514
1999-12-07,506
1999-12-08,501
1999-12-09,502
1999-12-10,493
1999-12-13,461
1999-12-14,461
1999-12-15,455
1999-12-16,460
1999-12-17,464
1999-12-20,454
1999-12-21,457
1999-12-22,459
1999-12-23,452
1999-12-24,452
1999-12-27,451
1999-12-28,450
1999-12-29,441
1999-12-30,446
1999-12-31,443
2000-01-03,425
2000-01-04,442
2000-01-05,429
2000-01-06,449
2000-01-07,440
2000-01-10,429
2000-01-11,439
2000-01-12,442
2000-01-13,443
2000-01-14,443
2000-01-17,443
2000-01-18,441
2000-01-19,447
2000-01-20,445
2000-01-21,449
2000-01-24,451
2000-01-25,454
2000-01-26,453
2000-01-27,455
2000-01-28,454
2000-01-31,482
2000-02-01,485
2000-02-02,483
2000-02-03,494
2000-02-04,464
2000-02-07,453
2000-02-08,457
2000-02-09,451
2000-02-10,443
2000-02-11,447
2000-02-14,458
2000-02-15,442
2000-02-16,424
2000-02-17,425
2000-02-18,435
2000-02-21,435
2000-02-22,446
2000-02-23,429
2000-02-24,443
2000-02-25,444
2000-02-28,435
2000-02-29,432
2000-03-01,440
2000-03-02,428
2000-03-03,429
2000-03-06,426
2000-03-07,420
2000-03-08,422
2000-03-09,420
2000-03-10,416
2000-03-13,423
2000-03-14,425
2000-03-15,436
2000-03-16,437
2000-03-17,435
2000-03-20,438
2000-03-21,441
2000-03-22,438
2000-03-23,450
2000-03-24,448
2000-03-27,451
2000-03-28,459
2000-03-29,475
2000-03-30,539
2000-03-31,518
2000-04-03,513
2000-04-04,531
2000-04-05,522
2000-04-06,520
2000-04-07,520
2000-04-10,540
2000-04-11,560
2000-04-12,535
2000-04-13,516
2000-04-14,528
2000-04-17,521
2000-04-18,511
2000-04-19,512
2000-04-20,507
2000-04-21,507
2000-04-24,521
2000-04-25,510
2000-04-26,518
2000-04-27,517
2000-04-28,512
2000-05-01,508
2000-05-02,527
2000-05-03,539
2000-05-04,549
2000-05-05,557
2000-05-08,558
2000-05-09,572
2000-05-10,582
2000-05-11,586
2000-05-12,591
2000-05-15,593
2000-05-16,595
2000-05-17,611
2000-05-18,588
2000-05-19,631
2000-05-22,638
2000-05-23,660
2000-05-24,623
2000-05-25,624
2000-05-26,628
2000-05-29,628
2000-05-30,646
2000-05-31,611
2000-06-01,571
2000-06-02,556
2000-06-05,563
2000-06-06,577
2000-06-07,551
2000-06-08,550
2000-06-09,553
2000-06-12,542
2000-06-13,543
2000-06-14,527
2000-06-15,546
2000-06-16,547
2000-06-19,536
2000-06-20,528
2000-06-21,518
2000-06-22,522
2000-06-23,520
2000-06-26,525
2000-06-27,528
2000-06-28,532
2000-06-29,538
2000-06-30,546
2000-07-03,539
2000-07-04,539
2000-07-05,541
2000-07-06,537
2000-07-07,542
2000-07-10,541
2000-07-11,541
2000-07-12,543
2000-07-13,544
2000-07-14,549
2000-07-17,545
2000-07-18,553
2000-07-19,566
2000-07-20,579
2000-07-21,579
2000-07-24,558
2000-07-25,538
2000-07-26,530
2000-07-27,534
2000-07-28,537
2000-07-31,522
2000-08-01,520
2000-08-02,501
2000-08-03,505
2000-08-04,525
2000-08-07,497
2000-08-08,501
2000-08-09,495
2000-08-10,507
2000-08-11,496
2000-08-14,493
2000-08-15,496
2000-08-16,489
2000-08-17,490
2000-08-18,501
2000-08-21,505
2000-08-22,503
2000-08-23,502
2000-08-24,494
2000-08-25,492
2000-08-28,487
2000-08-29,489
2000-08-30,495
2000-08-31,496
2000-09-01,500
2000-09-04,500
2000-09-05,499
2000-09-06,501
2000-09-07,524
2000-09-08,531
2000-09-11,533
2000-09-12,549
2000-09-13,546
2000-09-14,539
2000-09-15,566
2000-09-18,650
2000-09-19,691
2000-09-20,679
2000-09-21,636
2000-09-22,636
2000-09-25,647
2000-09-26,662
2000-09-27,671
2000-09-28,701
2000-09-29,664
2000-10-02,661
2000-10-03,650
2000-10-04,627
2000-10-05,624
2000-10-06,640
2000-10-09,640
2000-10-10,651
2000-10-11,649
2000-10-12,674
2000-10-13,683
2000-10-16,695
2000-10-17,729
2000-10-18,740
2000-10-19,733
2000-10-20,734
2000-10-23,852
2000-10-24,801
2000-10-25,805
2000-10-26,774
2000-10-27,764
2000-10-30,754
2000-10-31,759
2000-11-01,754
2000-11-02,720
2000-11-03,727
2000-11-06,718
2000-11-07,723
2000-11-08,739
2000-11-09,743
2000-11-10,750
2000-11-13,770
2000-11-14,772
2000-11-15,766
2000-11-16,756
2000-11-17,763
2000-11-20,752
2000-11-21,717
2000-11-22,715
2000-11-23,715
2000-11-24,713
2000-11-27,748
2000-11-28,784
2000-11-29,756
2000-11-30,772
2000-12-01,759
2000-12-04,765
2000-12-05,752
2000-12-06,726
2000-12-07,733
2000-12-08,722
2000-12-11,719
2000-12-12,737
2000-12-13,732
2000-12-14,735
2000-12-15,727
2000-12-18,723
2000-12-19,705
2000-12-20,692
2000-12-21,695
2000-12-22,697
2000-12-25,697
2000-12-26,699
2000-12-27,691
2000-12-28,682
2000-12-29,687
2001-01-01,687
2001-01-02,678
2001-01-03,650
2001-01-04,636
2001-01-05,650
2001-01-08,661
2001-01-09,663
2001-01-10,677
2001-01-11,641
2001-01-12,622
2001-01-15,622
2001-01-16,640
2001-01-17,636
2001-01-18,645
2001-01-19,643
2001-01-22,656
2001-01-23,683
2001-01-24,676
2001-01-25,680
2001-01-26,660
2001-01-29,685
2001-01-30,683
2001-01-31,674
2001-02-01,673
2001-02-02,675
2001-02-05,695
2001-02-06,680
2001-02-07,661
2001-02-08,662
2001-02-09,649
2001-02-12,656
2001-02-13,657
2001-02-14,649
2001-02-15,634
2001-02-16,615
2001-02-19,615
2001-02-20,633
2001-02-21,643
2001-02-22,640
2001-02-23,640
2001-02-26,654
2001-02-27,634
2001-02-28,637
2001-03-01,641
2001-03-02,628
2001-03-05,614
2001-03-06,592
2001-03-07,606
2001-03-08,622
2001-03-09,616
2001-03-12,620
2001-03-13,622
2001-03-14,637
2001-03-15,651
2001-03-16,647
2001-03-19,665
2001-03-20,638
2001-03-21,639
2001-03-22,673
2001-03-23,670
2001-03-26,640
2001-03-27,628
2001-03-28,635
2001-03-29,654
2001-03-30,650
2001-04-02,650
2001-04-03,683
2001-04-04,682
2001-04-05,675
2001-04-06,670
2001-04-09,702
2001-04-10,719
2001-04-11,745
2001-04-12,750
2001-04-13,750
2001-04-16,748
2001-04-17,742
2001-04-18,750
2001-04-19,777
2001-04-20,820
2001-04-23,901
2001-04-24,873
2001-04-25,857
2001-04-26,847
2001-04-27,818
2001-04-30,824
2001-05-01,826
2001-05-02,821
2001-05-03,805
2001-05-04,798
2001-05-07,806
2001-05-08,795
2001-05-09,792
2001-05-10,795
2001-05-11,788
2001-05-14,786
2001-05-15,786
2001-05-16,788
2001-05-17,770
2001-05-18,745
2001-05-21,705
2001-05-22,677
2001-05-23,670
2001-05-24,681
2001-05-25,686
2001-05-28,686
2001-05-29,746
2001-05-30,756
2001-05-31,774
2001-06-01,780
2001-06-04,665
2001-06-05,665
2001-06-06,681
2001-06-07,673
2001-06-08,654
2001-06-11,637
2001-06-12,645
2001-06-13,653
2001-06-14,671
2001-06-15,666
2001-06-18,676
2001-06-19,679
2001-06-20,665
2001-06-21,669
2001-06-22,651
2001-06-25,653
2001-06-26,650
2001-06-27,629
2001-06-28,624
2001-06-29,632
2001-07-02,630
2001-07-03,627
2001-07-04,627
2001-07-05,617
2001-07-06,628
2001-07-09,621
2001-07-10,649
2001-07-11,646
2001-07-12,671
2001-07-13,654
2001-07-16,656
2001-07-17,639
2001-07-18,661
2001-07-19,650
2001-07-20,635
2001-07-23,638
2001-07-24,639
2001-07-25,638
2001-07-26,638
2001-07-27,644
2001-07-30,659
2001-07-31,661
2001-08-01,641
2001-08-02,620
2001-08-03,618
2001-08-06,619
2001-08-07,615
2001-08-08,622
2001-08-09,624
2001-08-10,619
2001-08-13,621
2001-08-14,635
2001-08-15,634
2001-08-16,635
2001-08-17,660
2001-08-20,645
2001-08-21,662
2001-08-22,649
2001-08-23,622
2001-08-24,631
2001-08-27,616
2001-08-28,610
2001-08-29,592
2001-08-30,598
2001-08-31,601
2001-09-03,601
2001-09-04,566
2001-09-05,574
2001-09-06,595
2001-09-07,600
2001-09-10,608
2001-09-11,608
2001-09-12,608
2001-09-13,639
2001-09-14,673
2001-09-17,636
2001-09-18,643
2001-09-19,632
2001-09-20,665
2001-09-21,669
2001-09-24,667
2001-09-25,670
2001-09-26,684
2001-09-27,672
2001-09-28,669
2001-10-01,671
2001-10-02,696
2001-10-03,680
2001-10-04,692
2001-10-05,698
2001-10-08,698
2001-10-09,689
2001-10-10,685
2001-10-11,679
2001-10-12,676
2001-10-15,667
2001-10-16,652
2001-10-17,654
2001-10-18,653
2001-10-19,652
2001-10-22,643
2001-10-23,647
2001-10-24,647
2001-10-25,644
2001-10-26,649
2001-10-29,660
2001-10-30,653
2001-10-31,651
2001-11-01,667
2001-11-02,668
2001-11-05,648
2001-11-06,648
2001-11-07,623
2001-11-08,610
2001-11-09,614
2001-11-12,614
2001-11-13,565
2001-11-14,558
2001-11-15,562
2001-11-16,552
2001-11-19,565
2001-11-20,570
2001-11-21,564
2001-11-22,564
2001-11-23,564
2001-11-26,561
2001-11-27,563
2001-11-28,560
2001-11-29,578
2001-11-30,572
2001-12-03,558
2001-12-04,562
2001-12-05,538
2001-12-06,512
2001-12-07,502
2001-12-10,498
2001-12-11,490
2001-12-12,490
2001-12-13,488
2001-12-14,490
2001-12-17,501
2001-12-18,497
2001-12-19,511
2001-12-20,515
2001-12-21,525
2001-12-24,521
2001-12-25,521
2001-12-26,518
2001-12-27,511
2001-12-28,520
2001-12-31,521
2002-01-01,521
2002-01-02,490
2002-01-03,477
2002-01-04,478
2002-01-07,479
2002-01-08,481
2002-01-09,477
2002-01-10,490
2002-01-11,485
2002-01-14,483
2002-01-15,484
2002-01-16,485
2002-01-17,473
2002-01-18,476
2002-01-21,476
2002-01-22,473
2002-01-23,488
2002-01-24,478
2002-01-25,482
2002-01-28,479
2002-01-29,499
2002-01-30,485
2002-01-31,468
2002-02-01,466
2002-02-04,475
2002-02-05,493
2002-02-06,505
2002-02-07,482
2002-02-08,470
2002-02-11,470
2002-02-12,467
2002-02-13,469
2002-02-14,471
2002-02-15,475
2002-02-18,475
2002-02-19,471
2002-02-20,482
2002-02-21,493
2002-02-22,489
2002-02-25,484
2002-02-26,486
2002-02-27,482
2002-02-28,461
2002-03-01,451
2002-03-04,441
2002-03-05,433
2002-03-06,439
2002-03-07,427
2002-03-08,418
2002-03-11,416
2002-03-12,415
2002-03-13,402
2002-03-14,391
2002-03-15,395
2002-03-18,401
2002-03-19,403
2002-03-20,403
2002-03-21,407
2002-03-22,411
2002-03-25,413
2002-03-26,411
2002-03-27,411
2002-03-28,409
2002-03-29,409
2002-04-01,406
2002-04-02,404
2002-04-03,421
2002-04-04,418
2002-04-05,423
2002-04-08,423
2002-04-09,428
2002-04-10,427
2002-04-11,431
2002-04-12,429
2002-04-15,430
2002-04-16,429
2002-04-17,430
2002-04-18,433
2002-04-19,433
2002-04-22,432
2002-04-23,443
2002-04-24,454
2002-04-25,462
2002-04-26,463
2002-04-29,468
2002-04-30,479
2002-05-01,493
2002-05-02,496
2002-05-03,482
2002-05-06,487
2002-05-07,481
2002-05-08,492
2002-05-09,510
2002-05-10,511
2002-05-13,518
2002-05-14,527
2002-05-15,506
2002-05-16,522
2002-05-17,523
2002-05-20,521
2002-05-21,513
2002-05-22,509
2002-05-23,516
2002-05-24,493
2002-05-27,493
2002-05-28,506
2002-05-29,512
2002-05-30,512
2002-05-31,512
2002-06-03,510
2002-06-04,511
2002-06-05,507
2002-06-06,526
2002-06-07,529
2002-06-10,523
2002-06-11,518
2002-06-12,535
2002-06-13,529
2002-06-14,545
2002-06-17,537
2002-06-18,551
2002-06-19,565
2002-06-20,609
2002-06-21,661
2002-06-24,617
2002-06-25,629
2002-06-26,660
2002-06-27,643
2002-06-28,628
2002-07-01,630
2002-07-02,643
2002-07-03,655
2002-07-04,655
2002-07-05,647
2002-07-08,668
2002-07-09,683
2002-07-10,691
2002-07-11,718
2002-07-12,700
2002-07-15,703
2002-07-16,696
2002-07-17,704
2002-07-18,701
2002-07-19,701
2002-07-22,712
2002-07-23,755
2002-07-24,736
2002-07-25,780
2002-07-26,786
2002-07-29,820
2002-07-30,844
2002-07-31,865
2002-08-01,838
2002-08-02,838
2002-08-05,841
2002-08-06,826
2002-08-07,824
2002-08-08,794
2002-08-09,831
2002-08-12,854
2002-08-13,893
2002-08-14,865
2002-08-15,836
2002-08-16,814
2002-08-19,792
2002-08-20,787
2002-08-21,793
2002-08-22,798
2002-08-23,795
2002-08-26,788
2002-08-27,789
2002-08-28,791
2002-08-29,797
2002-08-30,774
2002-09-02,774
2002-09-03,802
2002-09-04,805
2002-09-05,805
2002-09-06,795
2002-09-09,777
2002-09-10,782
2002-09-11,774
2002-09-12,759
2002-09-13,763
2002-09-16,777
2002-09-17,789
2002-09-18,806
2002-09-19,809
2002-09-20,807
2002-09-23,833
2002-09-24,846
2002-09-25,825
2002-09-26,827
2002-09-27,857
2002-09-30,880
2002-10-01,858
2002-10-02,849
2002-10-03,855
2002-10-04,850
2002-10-07,859
2002-10-08,865
2002-10-09,877
2002-10-10,868
2002-10-11,846
2002-10-14,846
2002-10-15,826
2002-10-16,821
2002-10-17,802
2002-10-18,781
2002-10-21,776
2002-10-22,768
2002-10-23,767
2002-10-24,772
2002-10-25,784
2002-10-28,772
2002-10-29,791
2002-10-30,777
2002-10-31,742
2002-11-01,732
2002-11-04,726
2002-11-05,723
2002-11-06,737
2002-11-07,718
2002-11-08,713
2002-11-11,713
2002-11-12,716
2002-11-13,714
2002-11-14,693
2002-11-15,658
2002-11-18,637
2002-11-19,646
2002-11-20,612
2002-11-21,598
2002-11-22,605
2002-11-25,617
2002-11-26,650
2002-11-27,639
2002-11-28,639
2002-11-29,636
2002-12-02,629
2002-12-03,643
2002-12-04,661
2002-12-05,659
2002-12-06,657
2002-12-09,610
2002-12-10,631
2002-12-11,633
2002-12-12,612
2002-12-13,611
2002-12-16,605
2002-12-17,586
2002-12-18,586
2002-12-19,618
2002-12-20,610
2002-12-23,606
2002-12-24,612
2002-12-25,612
2002-12-26,610
2002-12-27,615
2002-12-30,610
2002-12-31,609
2003-01-01,609
2003-01-02,569
2003-01-03,566
2003-01-06,538
2003-01-07,533
2003-01-08,547
2003-01-09,535
2003-01-10,536
2003-01-13,527
2003-01-14,534
2003-01-15,553
2003-01-16,551
2003-01-17,567
2003-01-20,567
2003-01-21,571
2003-01-22,597
2003-01-23,595
2003-01-24,596
2003-01-27,613
2003-01-28,605
2003-01-29,616
2003-01-30,607
2003-01-31,608
2003-02-03,586
2003-02-04,588
2003-02-05,576
2003-02-06,585
2003-02-07,592
2003-02-10,573
2003-02-11,559
2003-02-12,569
2003-02-13,581
2003-02-14,574
2003-02-17,574
2003-02-18,565
2003-02-19,540
2003-02-20,539
2003-02-21,545
2003-02-24,546
2003-02-25,545
2003-02-26,548
2003-02-27,539
2003-02-28,545
2003-03-03,544
2003-03-04,547
2003-03-05,538
2003-03-06,531
2003-03-07,532
2003-03-10,542
2003-03-11,543
2003-03-12,545
2003-03-13,530
2003-03-14,531
2003-03-17,518
2003-03-18,507
2003-03-19,503
2003-03-20,494
2003-03-21,474
2003-03-24,478
2003-03-25,463
2003-03-26,468
2003-03-27,466
2003-03-28,472
2003-03-31,477
2003-04-01,460
2003-04-02,419
2003-04-03,408
2003-04-04,426
2003-04-07,410
2003-04-08,419
2003-04-09,437
2003-04-10,435
2003-04-11,433
2003-04-14,423
2003-04-15,417
2003-04-16,423
2003-04-17,425
2003-04-18,425
2003-04-21,417
2003-04-22,426
2003-04-23,427
2003-04-24,435
2003-04-25,454
2003-04-28,433
2003-04-29,428
2003-04-30,408
2003-05-01,402
2003-05-02,370
2003-05-05,372
2003-05-06,405
2003-05-07,394
2003-05-08,395
2003-05-09,397
2003-05-12,383
2003-05-13,383
2003-05-14,406
2003-05-15,417
2003-05-16,419
2003-05-19,429
2003-05-20,455
2003-05-21,435
2003-05-22,433
2003-05-23,420
2003-05-26,420
2003-05-27,418
2003-05-28,436
2003-05-29,432
2003-05-30,444
2003-06-02,439
2003-06-03,453
2003-06-04,452
2003-06-05,438
2003-06-06,431
2003-06-09,440
2003-06-10,456
2003-06-11,459
2003-06-12,448
2003-06-13,430
2003-06-16,426
2003-06-17,430
2003-06-18,441
2003-06-19,449
2003-06-20,463
2003-06-23,474
2003-06-24,483
2003-06-25,505
2003-06-26,519
2003-06-27,523
2003-06-30,491
2003-07-01,494
2003-07-02,504
2003-07-03,510
2003-07-04,510
2003-07-07,512
2003-07-08,512
2003-07-09,507
2003-07-10,509
2003-07-11,521
2003-07-14,515
2003-07-15,504
2003-07-16,506
2003-07-17,496
2003-07-18,486
2003-07-21,460
2003-07-22,450
2003-07-23,451
2003-07-24,455
2003-07-25,435
2003-07-28,432
2003-07-29,435
2003-07-30,449
2003-07-31,462
2003-08-01,466
2003-08-04,493
2003-08-05,483
2003-08-06,486
2003-08-07,469
2003-08-08,453
2003-08-11,444
2003-08-12,441
2003-08-13,429
2003-08-14,424
2003-08-15,425
2003-08-18,417
2003-08-19,408
2003-08-20,398
2003-08-21,389
2003-08-22,387
2003-08-25,377
2003-08-26,372
2003-08-27,358
2003-08-28,384
2003-08-29,383
2003-09-01,383
2003-09-02,370
2003-09-03,386
2003-09-04,380
2003-09-05,382
2003-09-08,375
2003-09-09,378
2003-09-10,361
2003-09-11,350
2003-09-12,351
2003-09-15,350
2003-09-16,348
2003-09-17,345
2003-09-18,340
2003-09-19,328
2003-09-22,337
2003-09-23,344
2003-09-24,334
2003-09-25,334
2003-09-26,335
2003-09-29,339
2003-09-30,355
2003-10-01,359
2003-10-02,356
2003-10-03,340
2003-10-06,338
2003-10-07,333
2003-10-08,329
2003-10-09,317
2003-10-10,314
2003-10-13,314
2003-10-14,309
2003-10-15,294
2003-10-16,277
2003-10-17,303
2003-10-20,307
2003-10-21,302
2003-10-22,313
2003-10-23,317
2003-10-24,328
2003-10-27,322
2003-10-28,318
2003-10-29,303
2003-10-30,301
2003-10-31,304
2003-11-03,295
2003-11-04,297
2003-11-05,292
2003-11-06,289
2003-11-07,287
2003-11-10,286
2003-11-11,286
2003-11-12,290
2003-11-13,299
2003-11-14,315
2003-11-17,322
2003-11-18,331
2003-11-19,330
2003-11-20,331
2003-11-21,325
2003-11-24,321
2003-11-25,328
2003-11-26,329
2003-11-27,319
2003-11-28,319
2003-12-01,317
2003-12-02,324
2003-12-03,312
2003-12-04,303
2003-12-05,318
2003-12-08,309
2003-12-09,298
2003-12-10,305
2003-12-11,321
2003-12-12,330
2003-12-15,326
2003-12-16,329
2003-12-17,330
2003-12-18,323
2003-12-19,323
2003-12-22,321
2003-12-23,316
2003-12-24,315
2003-12-25,315
2003-12-26,321
2003-12-29,315
2003-12-30,317
2003-12-31,325
2004-01-01,325
2004-01-02,314
2004-01-05,308
2004-01-06,298
2004-01-07,281
2004-01-08,276
2004-01-09,277
2004-01-12,273
2004-01-13,283
2004-01-14,293
2004-01-15,298
2004-01-16,297
2004-01-19,297
2004-01-20,300
2004-01-21,304
2004-01-22,307
2004-01-23,309
2004-01-26,309
2004-01-27,307
2004-01-28,312
2004-01-29,350
2004-01-30,357
2004-02-02,397
2004-02-03,379
2004-02-04,371
2004-02-05,377
2004-02-06,365
2004-02-09,359
2004-02-10,359
2004-02-11,361
2004-02-12,353
2004-02-13,353
2004-02-16,353
2004-02-17,343
2004-02-18,341
2004-02-19,349
2004-02-20,352
2004-02-23,354
2004-02-24,356
2004-02-25,361
2004-02-26,359
2004-02-27,371
2004-03-01,364
2004-03-02,365
2004-03-03,364
2004-03-04,358
2004-03-05,361
2004-03-08,347
2004-03-09,349
2004-03-10,348
2004-03-11,359
2004-03-12,364
2004-03-15,362
2004-03-16,367
2004-03-17,361
2004-03-18,356
2004-03-19,351
2004-03-22,354
2004-03-23,355
2004-03-24,355
2004-03-25,361
2004-03-26,353
2004-03-29,353
2004-03-30,349
2004-03-31,355
2004-04-01,354
2004-04-02,343
2004-04-05,344
2004-04-06,340
2004-04-07,339
2004-04-08,338
2004-04-09,338
2004-04-12,338
2004-04-13,337
2004-04-14,332
2004-04-15,346
2004-04-16,344
2004-04-19,340
2004-04-20,344
2004-04-21,346
2004-04-22,336
2004-04-23,332
2004-04-26,345
2004-04-27,375
2004-04-28,388
2004-04-29,402
2004-04-30,406
2004-05-03,431
2004-05-04,430
2004-05-05,434
2004-05-06,482
2004-05-07,492
2004-05-10,552
2004-05-11,511
2004-05-12,515
2004-05-13,510
2004-05-14,460
2004-05-17,451
2004-05-18,459
2004-05-19,465
2004-05-20,503
2004-05-21,508
2004-05-24,505
2004-05-25,490
2004-05-26,498
2004-05-27,492
2004-05-28,483
2004-05-31,495
2004-06-01,495
2004-06-02,486
2004-06-03,484
2004-06-04,468
2004-06-07,442
2004-06-08,416
2004-06-09,430
2004-06-10,438
2004-06-11,438
2004-06-14,458
2004-06-15,453
2004-06-16,449
2004-06-17,446
2004-06-18,450
2004-06-21,440
2004-06-22,438
2004-06-23,428
2004-06-24,431
2004-06-25,449
2004-06-28,452
2004-06-29,445
2004-06-30,450
2004-07-01,456
2004-07-02,450
2004-07-05,450
2004-07-06,447
2004-07-07,445
2004-07-08,456
2004-07-09,456
2004-07-12,452
2004-07-13,450
2004-07-14,439
2004-07-15,429
2004-07-16,416
2004-07-19,410
2004-07-20,411
2004-07-21,421
2004-07-22,428
2004-07-23,422
2004-07-26,431
2004-07-27,431
2004-07-28,428
2004-07-29,424
2004-07-30,424
2004-08-02,424
2004-08-03,415
2004-08-04,413
2004-08-05,411
2004-08-06,405
2004-08-09,391
2004-08-10,373
2004-08-11,386
2004-08-12,387
2004-08-13,386
2004-08-16,385
2004-08-17,385
2004-08-18,382
2004-08-19,383
2004-08-20,376
2004-08-23,373
2004-08-24,363
2004-08-25,362
2004-08-26,370
2004-08-27,368
2004-08-30,364
2004-08-31,372
2004-09-01,366
2004-09-02,362
2004-09-03,355
2004-09-06,355
2004-09-07,355
2004-09-08,359
2004-09-09,338
2004-09-10,340
2004-09-13,341
2004-09-14,341
2004-09-15,326
2004-09-16,326
2004-09-17,320
2004-09-20,317
2004-09-21,319
2004-09-22,319
2004-09-23,321
2004-09-24,334
2004-09-27,331
2004-09-28,332
2004-09-29,330
2004-09-30,340
2004-10-01,343
2004-10-04,337
2004-10-05,331
2004-10-06,348
2004-10-07,344
2004-10-08,337
2004-10-11,337
2004-10-12,334
2004-10-13,340
2004-10-14,351
2004-10-15,348
2004-10-18,356
2004-10-19,368
2004-10-20,372
2004-10-21,365
2004-10-22,371
2004-10-25,373
2004-10-26,366
2004-10-27,352
2004-10-28,344
2004-10-29,337
2004-11-01,329
2004-11-02,322
2004-11-03,324
2004-11-04,317
2004-11-05,313
2004-11-08,309
2004-11-09,310
2004-11-10,305
2004-11-11,305
2004-11-12,302
2004-11-15,295
2004-11-16,296
2004-11-17,298
2004-11-18,297
2004-11-19,297
2004-11-22,297
2004-11-23,292
2004-11-24,292
2004-11-25,292
2004-11-26,289
2004-11-29,293
2004-11-30,293
2004-12-01,282
2004-12-02,283
2004-12-03,294
2004-12-06,282
2004-12-07,281
2004-12-08,278
2004-12-09,275
2004-12-10,272
2004-12-13,258
2004-12-14,257
2004-12-15,255
2004-12-16,249
2004-12-17,248
2004-12-20,239
2004-12-21,242
2004-12-22,240
2004-12-23,241
2004-12-24,241
2004-12-27,234
2004-12-28,236
2004-12-29,236
2004-12-30,238
2004-12-31,239
2005-01-03,239
2005-01-04,248
2005-01-05,254
2005-01-06,262
2005-01-07,262
2005-01-10,279
2005-01-11,273
2005-01-12,273
2005-01-13,271
2005-01-14,275
2005-01-17,275
2005-01-18,281
2005-01-19,283
2005-01-20,275
2005-01-21,271
2005-01-24,265
2005-01-25,262
2005-01-26,258
2005-01-27,264
2005-01-28,267
2005-01-31,267
2005-02-01,274
2005-02-02,279
2005-02-03,274
2005-02-04,267
2005-02-07,258
2005-02-08,263
2005-02-09,267
2005-02-10,266
2005-02-11,267
2005-02-14,267
2005-02-15,267
2005-02-16,263
2005-02-17,260
2005-02-18,257
2005-02-21,257
2005-02-22,262
2005-02-23,256
2005-02-24,241
2005-02-25,241
2005-02-28,247
2005-03-01,250
2005-03-02,244
2005-03-03,240
2005-03-04,234
2005-03-07,234
2005-03-08,229
2005-03-09,232
2005-03-10,239
2005-03-11,244
2005-03-14,253
2005-03-15,266
2005-03-16,277
2005-03-17,265
2005-03-18,270
2005-03-21,272
2005-03-22,283
2005-03-23,292
2005-03-24,310
2005-03-25,310
2005-03-28,312
2005-03-29,301
2005-03-30,288
2005-03-31,277
2005-04-01,284
2005-04-04,290
2005-04-05,292
2005-04-06,284
2005-04-07,281
2005-04-08,282
2005-04-11,275
2005-04-12,276
2005-04-13,276
2005-04-14,295
2005-04-15,309
2005-04-18,306
2005-04-19,286
2005-04-20,291
2005-04-21,282
2005-04-22,279
2005-04-25,283
2005-04-26,270
2005-04-27,277
2005-04-28,285
2005-04-29,279
2005-05-02,281
2005-05-03,277
2005-05-04,269
2005-05-05,269
2005-05-06,262
2005-05-09,257
2005-05-10,261
2005-05-11,270
2005-05-12,268
2005-05-13,276
2005-05-16,278
2005-05-17,285
2005-05-18,280
2005-05-19,271
2005-05-20,268
2005-05-23,265
2005-05-24,266
2005-05-25,255
2005-05-26,250
2005-05-27,253
2005-05-30,253
2005-05-31,251
2005-06-01,255
2005-06-02,237
2005-06-03,237
2005-06-06,243
2005-06-07,242
2005-06-08,242
2005-06-09,243
2005-06-10,239
2005-06-13,234
2005-06-14,235
2005-06-15,236
2005-06-16,237
2005-06-17,239
2005-06-20,239
2005-06-21,242
2005-06-22,247
2005-06-23,249
2005-06-24,251
2005-06-27,253
2005-06-28,250
2005-06-29,249
2005-06-30,252
2005-07-01,249
2005-07-04,249
2005-07-05,248
2005-07-06,250
2005-07-07,253
2005-07-08,243
2005-07-11,239
2005-07-12,233
2005-07-13,232
2005-07-14,231
2005-07-15,228
2005-07-18,225
2005-07-19,230
2005-07-20,228
2005-07-21,225
2005-07-22,231
2005-07-25,227
2005-07-26,232
2005-07-27,223
2005-07-28,220
2005-07-29,218
2005-08-01,216
2005-08-02,212
2005-08-03,211
2005-08-04,205
2005-08-05,205
2005-08-08,204
2005-08-09,203
2005-08-10,197
2005-08-11,203
2005-08-12,208
2005-08-15,201
2005-08-16,203
2005-08-17,195
2005-08-18,200
2005-08-19,206
2005-08-22,203
2005-08-23,204
2005-08-24,205
2005-08-25,208
2005-08-26,207
2005-08-29,208
2005-08-30,211
2005-08-31,223
2005-09-01,222
2005-09-02,222
2005-09-05,222
2005-09-06,216
2005-09-07,210
2005-09-08,198
2005-09-09,198
2005-09-12,197
2005-09-13,200
2005-09-14,198
2005-09-15,196
2005-09-16,195
2005-09-19,193
2005-09-20,196
2005-09-21,193
2005-09-22,198
2005-09-23,193
2005-09-26,188
2005-09-27,188
2005-09-28,188
2005-09-29,184
2005-09-30,183
2005-10-03,178
2005-10-04,185
2005-10-05,193
2005-10-06,209
2005-10-07,206
2005-10-10,206
2005-10-11,212
2005-10-12,219
2005-10-13,229
2005-10-14,238
2005-10-17,232
2005-10-18,233
2005-10-19,232
2005-10-20,235
2005-10-21,236
2005-10-24,233
2005-10-25,223
2005-10-26,219
2005-10-27,223
2005-10-28,217
2005-10-31,213
2005-11-01,207
2005-11-02,205
2005-11-03,205
2005-11-04,204
2005-11-07,206
2005-11-08,204
2005-11-09,200
2005-11-10,207
2005-11-11,207
2005-11-14,204
2005-11-15,205
2005-11-16,206
2005-11-17,207
2005-11-18,204
2005-11-21,205
2005-11-22,203
2005-11-23,197
2005-11-24,197
2005-11-25,196
2005-11-28,201
2005-11-29,200
2005-11-30,199
2005-12-01,197
2005-12-02,190
2005-12-05,195
2005-12-06,200
2005-12-07,201
2005-12-08,205
2005-12-09,201
2005-12-12,212
2005-12-13,221
2005-12-14,228
2005-12-15,237
2005-12-16,241
2005-12-19,243
2005-12-20,245
2005-12-21,242
2005-12-22,244
2005-12-23,248
2005-12-26,248
2005-12-27,248
2005-12-28,253
2005-12-29,249
2005-12-30,257
2006-01-02,257
2006-01-03,260
2006-01-04,257
2006-01-05,253
2006-01-06,245
2006-01-09,246
2006-01-10,243
2006-01-11,238
2006-01-12,249
2006-01-13,263
2006-01-16,263
2006-01-17,259
2006-01-18,252
2006-01-19,238
2006-01-20,234
2006-01-23,233
2006-01-24,222
2006-01-25,220
2006-01-26,203
2006-01-27,201
2006-01-30,200
2006-01-31,203
2006-02-01,199
2006-02-02,194
2006-02-03,196
2006-02-06,191
2006-02-07,194
2006-02-08,190
2006-02-09,192
2006-02-10,181
2006-02-13,179
2006-02-14,179
2006-02-15,180
2006-02-16,180
2006-02-17,180
2006-02-20,180
2006-02-21,179
2006-02-22,180
2006-02-23,175
2006-02-24,174
2006-02-27,170
2006-02-28,185
2006-03-01,180
2006-03-02,185
2006-03-03,181
2006-03-06,188
2006-03-07,201
2006-03-08,202
2006-03-09,202
2006-03-10,196
2006-03-13,210
2006-03-14,220
2006-03-15,219
2006-03-16,227
2006-03-17,232
2006-03-20,254
2006-03-21,255
2006-03-22,254
2006-03-23,255
2006-03-24,253
2006-03-27,244
2006-03-28,224
2006-03-29,226
2006-03-30,228
2006-03-31,226
2006-04-03,230
2006-04-04,239
2006-04-05,250
2006-04-06,246
2006-04-07,233
2006-04-10,220
2006-04-11,223
2006-04-12,219
2006-04-13,216
2006-04-14,216
2006-04-17,214
2006-04-18,209
2006-04-19,204
2006-04-20,205
2006-04-21,209
2006-04-24,214
2006-04-25,211
2006-04-26,209
2006-04-27,201
2006-04-28,205
2006-05-01,200
2006-05-02,203
2006-05-03,202
2006-05-04,196
2006-05-05,196
2006-05-08,186
2006-05-09,185
2006-05-10,177
2006-05-11,184
2006-05-12,190
2006-05-15,197
2006-05-16,192
2006-05-17,195
2006-05-18,192
2006-05-19,198
2006-05-22,211
2006-05-23,205
2006-05-24,211
2006-05-25,197
2006-05-26,197
2006-05-29,197
2006-05-30,205
2006-05-31,209
2006-06-01,193
2006-06-02,200
2006-06-05,194
2006-06-06,203
2006-06-07,200
2006-06-08,209
2006-06-09,207
2006-06-12,210
2006-06-13,217
2006-06-14,210
2006-06-15,201
2006-06-16,204
2006-06-19,200
2006-06-20,201
2006-06-21,205
2006-06-22,210
2006-06-23,211
2006-06-26,214
2006-06-27,224
2006-06-28,220
2006-06-29,216
2006-06-30,202
2006-07-03,201
2006-07-04,201
2006-07-05,201
2006-07-06,201
2006-07-07,203
2006-07-10,200
2006-07-11,203
2006-07-12,202
2006-07-13,206
2006-07-14,206
2006-07-17,206
2006-07-18,199
2006-07-19,194
2006-07-20,186
2006-07-21,181
2006-07-24,181
2006-07-25,178
2006-07-26,177
2006-07-27,180
2006-07-28,184
2006-07-31,184
2006-08-01,180
2006-08-02,174
2006-08-03,179
2006-08-04,181
2006-08-07,178
2006-08-08,171
2006-08-09,166
2006-08-10,172
2006-08-11,167
2006-08-14,166
2006-08-15,169
2006-08-16,167
2006-08-17,166
2006-08-18,169
2006-08-21,167
2006-08-22,170
2006-08-23,175
2006-08-24,180
2006-08-25,182
2006-08-28,180
2006-08-29,181
2006-08-30,178
2006-08-31,170
2006-09-01,171
2006-09-04,171
2006-09-05,165
2006-09-06,166
2006-09-07,169
2006-09-08,169
2006-09-11,169
2006-09-12,171
2006-09-13,171
2006-09-14,168
2006-09-15,167
2006-09-18,167
2006-09-19,171
2006-09-20,170
2006-09-21,184
2006-09-22,184
2006-09-25,185
2006-09-26,179
2006-09-27,174
2006-09-28,168
2006-09-29,169
2006-10-02,166
2006-10-03,167
2006-10-04,166
2006-10-05,158
2006-10-06,154
2006-10-09,154
2006-10-10,148
2006-10-11,150
2006-10-12,146
2006-10-13,144
2006-10-16,143
2006-10-17,143
2006-10-18,139
2006-10-19,139
2006-10-20,140
2006-10-23,139
2006-10-24,141
2006-10-25,141
2006-10-26,142
2006-10-27,145
2006-10-30,146
2006-10-31,150
2006-11-01,154
2006-11-02,151
2006-11-03,145
2006-11-06,143
2006-11-07,143
2006-11-08,143
2006-11-09,142
2006-11-10,145
2006-11-13,144
2006-11-14,143
2006-11-15,140
2006-11-16,137
2006-11-17,141
2006-11-20,145
2006-11-21,146
2006-11-22,147
2006-11-23,147
2006-11-24,150
2006-11-27,152
2006-11-28,158
2006-11-29,155
2006-11-30,158
2006-12-01,157
2006-12-04,154
2006-12-05,146
2006-12-06,142
2006-12-07,139
2006-12-08,132
2006-12-11,133
2006-12-12,136
2006-12-13,129
2006-12-14,128
2006-12-15,127
2006-12-18,127
2006-12-19,126
2006-12-20,126
2006-12-21,124
2006-12-22,122
2006-12-25,122
2006-12-26,124
2006-12-27,120
2006-12-28,117
2006-12-29,118
2007-01-01,118
2007-01-02,121
2007-01-03,120
2007-01-04,123
2007-01-05,124
2007-01-08,122
2007-01-09,126
2007-01-10,126
2007-01-11,117
2007-01-12,115
2007-01-15,115
2007-01-16,117
2007-01-17,116
2007-01-18,120
2007-01-19,122
2007-01-22,126
2007-01-23,122
2007-01-24,129
2007-01-25,125
2007-01-26,127
2007-01-29,127
2007-01-30,128
2007-01-31,131
2007-02-01,127
2007-02-02,127
2007-02-05,129
2007-02-06,128
2007-02-07,129
2007-02-08,129
2007-02-09,126
2007-02-12,125
2007-02-13,124
2007-02-14,128
2007-02-15,123
2007-02-16,124
2007-02-19,124
2007-02-20,125
2007-02-21,125
2007-02-22,124
2007-02-23,120
2007-02-26,124
2007-02-27,144
2007-02-28,136
2007-03-01,136
2007-03-02,141
2007-03-05,143
2007-03-06,140
2007-03-07,142
2007-03-08,137
2007-03-09,131
2007-03-12,133
2007-03-13,139
2007-03-14,139
2007-03-15,134
2007-03-16,133
2007-03-19,131
2007-03-20,131
2007-03-21,130
2007-03-22,122
2007-03-23,122
2007-03-26,123
2007-03-27,122
2007-03-28,121
2007-03-29,121
2007-03-30,129
2007-04-02,129
2007-04-03,127
2007-04-04,128
2007-04-05,126
2007-04-06,118
2007-04-09,118
2007-04-10,120
2007-04-11,119
2007-04-12,121
2007-04-13,118
2007-04-16,121
2007-04-17,120
2007-04-18,118
2007-04-19,112
2007-04-20,110
2007-04-23,112
2007-04-24,115
2007-04-25,111
2007-04-26,109
2007-04-27,107
2007-04-30,114
2007-05-01,114
2007-05-02,113
2007-05-03,115
2007-05-04,118
2007-05-07,118
2007-05-08,118
2007-05-09,115
2007-05-10,119
2007-05-11,118
2007-05-14,117
2007-05-15,115
2007-05-16,113
2007-05-17,108
2007-05-18,104
2007-05-21,106
2007-05-22,101
2007-05-23,100
2007-05-24,103
2007-05-25,102
2007-05-28,102
2007-05-29,101
2007-05-30,102
2007-05-31,100
2007-06-01,97
2007-06-04,101
2007-06-05,101
2007-06-06,103
2007-06-07,105
2007-06-08,106
2007-06-11,103
2007-06-12,95
2007-06-13,102
2007-06-14,106
2007-06-15,96
2007-06-18,98
2007-06-19,103
2007-06-20,101
2007-06-21,101
2007-06-22,103
2007-06-25,113
2007-06-26,110
2007-06-27,113
2007-06-28,109
2007-06-29,117
2007-07-02,118
2007-07-03,117
2007-07-04,117
2007-07-05,109
2007-07-06,105
2007-07-09,107
2007-07-10,120
2007-07-11,115
2007-07-12,114
2007-07-13,116
2007-07-16,121
2007-07-17,119
2007-07-18,128
2007-07-19,122
2007-07-20,131
2007-07-23,133
2007-07-24,139
2007-07-25,149
2007-07-26,173
2007-07-27,167
2007-07-30,158
2007-07-31,158
2007-08-01,163
2007-08-02,160
2007-08-03,166
2007-08-06,164
2007-08-07,159
2007-08-08,144
2007-08-09,154
2007-08-10,155
2007-08-13,151
2007-08-14,162
2007-08-15,167
2007-08-16,192
2007-08-17,183
2007-08-20,185
2007-08-21,188
2007-08-22,185
2007-08-23,179
2007-08-24,174
2007-08-27,172
2007-08-28,177
2007-08-29,168
2007-08-30,171
2007-08-31,166
2007-09-03,166
2007-09-04,159
2007-09-05,170
2007-09-06,168
2007-09-07,176
2007-09-10,184
2007-09-11,178
2007-09-12,170
2007-09-13,163
2007-09-14,163
2007-09-17,163
2007-09-18,155
2007-09-19,146
2007-09-20,136
2007-09-21,137
2007-09-24,138
2007-09-25,135
2007-09-26,134
2007-09-27,136
2007-09-28,137
2007-10-01,138
2007-10-02,140
2007-10-03,138
2007-10-04,138
2007-10-05,134
2007-10-08,134
2007-10-09,126
2007-10-10,127
2007-10-11,124
2007-10-12,123
2007-10-15,122
2007-10-16,124
2007-10-17,136
2007-10-18,139
2007-10-19,151
2007-10-22,153
2007-10-23,153
2007-10-24,158
2007-10-25,151
2007-10-26,146
2007-10-29,146
2007-10-30,145
2007-10-31,137
2007-11-01,146
2007-11-02,153
2007-11-05,151
2007-11-06,151
2007-11-07,155
2007-11-08,163
2007-11-09,167
2007-11-12,167
2007-11-13,167
2007-11-14,164
2007-11-15,170
2007-11-16,177
2007-11-19,188
2007-11-20,185
2007-11-21,191
2007-11-22,191
2007-11-23,190
2007-11-26,206
2007-11-27,198
2007-11-28,191
2007-11-29,197
2007-11-30,188
2007-12-03,197
2007-12-04,198
2007-12-05,192
2007-12-06,183
2007-12-07,177
2007-12-10,167
2007-12-11,179
2007-12-12,176
2007-12-13,165
2007-12-14,160
2007-12-17,165
2007-12-18,171
2007-12-19,178
2007-12-20,183
2007-12-21,171
2007-12-24,165
2007-12-25,165
2007-12-26,162
2007-12-27,162
2007-12-28,170
2007-12-31,178
2008-01-01,178
2008-01-02,188
2008-01-03,187
2008-01-04,192
2008-01-07,188
2008-01-08,183
2008-01-09,189
2008-01-10,189
2008-01-11,190
2008-01-14,188
2008-01-15,191
2008-01-16,193
2008-01-17,202
2008-01-18,200
2008-01-21,200
2008-01-22,215
2008-01-23,223
2008-01-24,195
2008-01-25,199
2008-01-28,199
2008-01-29,196
2008-01-30,194
2008-01-31,205
2008-02-01,210
2008-02-04,203
2008-02-05,213
2008-02-06,210
2008-02-07,198
2008-02-08,212
2008-02-11,215
2008-02-12,213
2008-02-13,212
2008-02-14,205
2008-02-15,214
2008-02-18,214
2008-02-19,212
2008-02-20,210
2008-02-21,219
2008-02-22,212
2008-02-25,199
2008-02-26,200
2008-02-27,197
2008-02-28,204
2008-02-29,215
2008-03-03,216
2008-03-04,206
2008-03-05,199
2008-03-06,203
2008-03-07,216
2008-03-10,223
2008-03-11,208
2008-03-12,219
2008-03-13,218
2008-03-14,228
2008-03-17,244
2008-03-18,229
2008-03-19,239
2008-03-20,239
2008-03-21,239
2008-03-24,225
2008-03-25,224
2008-03-26,223
2008-03-27,217
2008-03-28,219
2008-03-31,223
2008-04-01,208
2008-04-02,203
2008-04-03,193
2008-04-04,197
2008-04-07,190
2008-04-08,188
2008-04-09,199
2008-04-10,196
2008-04-11,199
2008-04-14,197
2008-04-15,187
2008-04-16,170
2008-04-17,168
2008-04-18,168
2008-04-21,173
2008-04-22,172
2008-04-23,171
2008-04-24,163
2008-04-25,159
2008-04-28,161
2008-04-29,165
2008-04-30,168
2008-05-01,163
2008-05-02,156
2008-05-05,152
2008-05-06,148
2008-05-07,150
2008-05-08,152
2008-05-09,156
2008-05-12,158
2008-05-13,149
2008-05-14,148
2008-05-15,154
2008-05-16,151
2008-05-19,150
2008-05-20,159
2008-05-21,159
2008-05-22,154
2008-05-23,162
2008-05-26,162
2008-05-27,159
2008-05-28,157
2008-05-29,149
2008-05-30,150
2008-06-02,155
2008-06-03,164
2008-06-04,156
2008-06-05,149
2008-06-06,157
2008-06-09,155
2008-06-10,142
2008-06-11,151
2008-06-12,147
2008-06-13,146
2008-06-16,147
2008-06-17,147
2008-06-18,156
2008-06-19,154
2008-06-20,162
2008-06-23,158
2008-06-24,168
2008-06-25,169
2008-06-26,187
2008-06-27,197
2008-06-30,199
2008-07-01,202
2008-07-02,205
2008-07-03,204
2008-07-04,204
2008-07-07,205
2008-07-08,202
2008-07-09,207
2008-07-10,212
2008-07-11,206
2008-07-14,208
2008-07-15,213
2008-07-16,205
2008-07-17,194
2008-07-18,192
2008-07-21,189
2008-07-22,190
2008-07-23,184
2008-07-24,195
2008-07-25,186
2008-07-28,195
2008-07-29,189
2008-07-30,184
2008-07-31,180
2008-08-01,182
2008-08-04,181
2008-08-05,180
2008-08-06,177
2008-08-07,188
2008-08-08,190
2008-08-11,183
2008-08-12,189
2008-08-13,190
2008-08-14,194
2008-08-15,200
2008-08-18,203
2008-08-19,201
2008-08-20,206
2008-08-21,202
2008-08-22,200
2008-08-25,205
2008-08-26,209
2008-08-27,209
2008-08-28,208
2008-08-29,204
2008-09-01,204
2008-09-02,214
2008-09-03,220
2008-09-04,223
2008-09-05,225
2008-09-08,218
2008-09-09,231
2008-09-10,231
2008-09-11,237
2008-09-12,238
2008-09-15,269
2008-09-16,294
2008-09-17,312
2008-09-18,297
2008-09-19,254
2008-09-22,245
2008-09-23,262
2008-09-24,275
2008-09-25,270
2008-09-26,278
2008-09-29,310
2008-09-30,310
2008-10-01,318
2008-10-02,326
2008-10-03,329
2008-10-06,402
2008-10-07,409
2008-10-08,444
2008-10-09,458
2008-10-10,505
2008-10-13,505
2008-10-14,474
2008-10-15,483
2008-10-16,495
2008-10-17,499
2008-10-20,510
2008-10-21,536
2008-10-22,612
2008-10-23,653
2008-10-24,645
2008-10-27,638
2008-10-28,604
2008-10-29,602
2008-10-30,551
2008-10-31,513
2008-11-03,484
2008-11-04,428
2008-11-05,444
2008-11-06,449
2008-11-07,441
2008-11-10,436
2008-11-11,436
2008-11-12,455
2008-11-13,471
2008-11-14,474
2008-11-17,472
2008-11-18,484
2008-11-19,503
2008-11-20,542
2008-11-21,542
2008-11-24,519
2008-11-25,520
2008-11-26,529
2008-11-27,529
2008-11-28,530
2008-12-01,560
2008-12-02,557
2008-12-03,553
2008-12-04,554
2008-12-05,545
2008-12-08,524
2008-12-09,519
2008-12-10,515
2008-12-11,516
2008-12-12,515
2008-12-15,521
2008-12-16,525
2008-12-17,514
2008-12-18,519
2008-12-19,514
2008-12-22,515
2008-12-23,508
2008-12-24,506
2008-12-25,506
2008-12-26,507
2008-12-29,515
2008-12-30,510
2008-12-31,509
2009-01-01,509
2009-01-02,485
2009-01-05,468
2009-01-06,465
2009-01-07,464
2009-01-08,456
2009-01-09,454
2009-01-12,463
2009-01-13,470
2009-01-14,483
2009-01-15,487
2009-01-16,481
2009-01-19,481
2009-01-20,479
2009-01-21,463
2009-01-22,456
2009-01-23,458
2009-01-26,447
2009-01-27,456
2009-01-28,430
2009-01-29,420
2009-01-30,416
2009-02-02,431
2009-02-03,418
2009-02-04,421
2009-02-05,427
2009-02-06,419
2009-02-09,416
2009-02-10,430
2009-02-11,439
2009-02-12,446
2009-02-13,425
2009-02-16,425
2009-02-17,438
2009-02-18,425
2009-02-19,408
2009-02-20,410
2009-02-23,419
2009-02-24,417
2009-02-25,399
2009-02-26,391
2009-02-27,383
2009-03-02,394
2009-03-03,394
2009-03-04,383
2009-03-05,408
2009-03-06,412
2009-03-09,406
2009-03-10,399
2009-03-11,409
2009-03-12,413
2009-03-13,413
2009-03-16,400
2009-03-17,399
2009-03-18,430
2009-03-19,410
2009-03-20,408
2009-03-23,412
2009-03-24,418
2009-03-25,415
2009-03-26,413
2009-03-27,413
2009-03-30,422
2009-03-31,425
2009-04-01,431
2009-04-02,415
2009-04-03,393
2009-04-06,393
2009-04-07,395
2009-04-08,387
2009-04-09,374
2009-04-10,374
2009-04-13,359
2009-04-14,356
2009-04-15,361
2009-04-16,350
2009-04-17,339
2009-04-20,354
2009-04-21,346
2009-04-22,339
2009-04-23,343
2009-04-24,333
2009-04-27,342
2009-04-28,329
2009-04-29,308
2009-04-30,304
2009-05-01,300
2009-05-04,296
2009-05-05,290
2009-05-06,285
2009-05-07,283
2009-05-08,281
2009-05-11,300
2009-05-12,303
2009-05-13,317
2009-05-14,314
2009-05-15,319
2009-05-18,306
2009-05-19,300
2009-05-20,299
2009-05-21,293
2009-05-22,283
2009-05-25,283
2009-05-26,276
2009-05-27,257
2009-05-28,263
2009-05-29,278
2009-06-01,250
2009-06-02,262
2009-06-03,270
2009-06-04,252
2009-06-05,241
2009-06-08,236
2009-06-09,235
2009-06-10,231
2009-06-11,237
2009-06-12,240
2009-06-15,251
2009-06-16,258
2009-06-17,265
2009-06-18,253
2009-06-19,264
2009-06-22,276
2009-06-23,280
2009-06-24,271
2009-06-25,274
2009-06-26,276
2009-06-29,271
2009-06-30,272
2009-07-01,269
2009-07-02,282
2009-07-03,282
2009-07-06,287
2009-07-07,292
2009-07-08,313
2009-07-09,293
2009-07-10,305
2009-07-13,301
2009-07-14,292
2009-07-15,276
2009-07-16,281
2009-07-17,272
2009-07-20,277
2009-07-21,283
2009-07-22,270
2009-07-23,244
2009-07-24,248
2009-07-27,241
2009-07-28,243
2009-07-29,249
2009-07-30,245
2009-07-31,262
2009-08-03,229
2009-08-04,226
2009-08-05,214
2009-08-06,218
2009-08-07,209
2009-08-10,223
2009-08-11,237
2009-08-12,241
2009-08-13,245
2009-08-14,251
2009-08-17,260
2009-08-18,250
2009-08-19,257
2009-08-20,256
2009-08-21,241
2009-08-24,241
2009-08-25,245
2009-08-26,249
2009-08-27,243
2009-08-28,247
2009-08-31,258
2009-09-01,261
2009-09-02,265
2009-09-03,255
2009-09-04,248
2009-09-07,248
2009-09-08,229
2009-09-09,226
2009-09-10,235
2009-09-11,230
2009-09-14,220
2009-09-15,212
2009-09-16,200
2009-09-17,210
2009-09-18,204
2009-09-21,208
2009-09-22,212
2009-09-23,216
2009-09-24,220
2009-09-25,226
2009-09-28,224
2009-09-29,218
2009-09-30,205
2009-10-01,216
2009-10-02,214
2009-10-05,200
2009-10-06,191
2009-10-07,200
2009-10-08,175
2009-10-09,161
2009-10-12,161
2009-10-13,174
2009-10-14,170
2009-10-15,180
2009-10-16,189
2009-10-19,195
2009-10-20,207
2009-10-21,199
2009-10-22,193
2009-10-23,197
2009-10-26,198
2009-10-27,220
2009-10-28,233
2009-10-29,204
2009-10-30,213
2009-11-02,210
2009-11-03,209
2009-11-04,194
2009-11-05,194
2009-11-06,192
2009-11-09,183
2009-11-10,183
2009-11-11,183
2009-11-12,188
2009-11-13,187
2009-11-16,190
2009-11-17,194
2009-11-18,189
2009-11-19,193
2009-11-20,190
2009-11-23,184
2009-11-24,182
2009-11-25,181
2009-11-26,181
2009-11-27,191
2009-11-30,199
2009-12-01,188
2009-12-02,183
2009-12-03,177
2009-12-04,170
2009-12-07,177
2009-12-08,182
2009-12-09,185
2009-12-10,182
2009-12-11,183
2009-12-14,187
2009-12-15,186
2009-12-16,190
2009-12-17,197
2009-12-18,186
2009-12-21,175
2009-12-22,173
2009-12-23,176
2009-12-24,172
2009-12-25,172
2009-12-28,166
2009-12-29,168
2009-12-30,169
2009-12-31,165
2010-01-01,165
2010-01-04,165
2010-01-05,168
2010-01-06,160
2010-01-07,162
2010-01-08,164
2010-01-11,159
2010-01-12,169
2010-01-13,168
2010-01-14,175
2010-01-15,175
2010-01-18,175
2010-01-19,179
2010-01-20,185
2010-01-21,194
2010-01-22,196
2010-01-25,190
2010-01-26,187
2010-01-27,194
2010-01-28,202
2010-01-29,214
2010-02-01,210
2010-02-02,210
2010-02-03,212
2010-02-04,229
2010-02-05,240
2010-02-08,231
2010-02-09,218
2010-02-10,205
2010-02-11,192
2010-02-12,195
2010-02-15,195
2010-02-16,192
2010-02-17,187
2010-02-18,182
2010-02-19,180
2010-02-22,179
2010-02-23,194
2010-02-24,184
2010-02-25,185
2010-02-26,179
2010-03-01,166
2010-03-02,169
2010-03-03,178
2010-03-04,179
2010-03-05,165
2010-03-08,155
2010-03-09,158
2010-03-10,157
2010-03-11,157
2010-03-12,158
2010-03-15,158
2010-03-16,160
2010-03-17,162
2010-03-18,158
2010-03-19,158
2010-03-22,159
2010-03-23,157
2010-03-24,145
2010-03-25,141
2010-03-26,147
2010-03-29,148
2010-03-30,146
2010-03-31,149
2010-04-01,149
2010-04-02,145
2010-04-05,128
2010-04-06,132
2010-04-07,148
2010-04-08,146
2010-04-09,142
2010-04-12,147
2010-04-13,147
2010-04-14,136
2010-04-15,133
2010-04-16,140
2010-04-19,138
2010-04-20,136
2010-04-21,146
2010-04-22,143
2010-04-23,138
2010-04-26,140
2010-04-27,156
2010-04-28,150
2010-04-29,156
2010-04-30,168
2010-05-03,164
2010-05-04,181
2010-05-05,192
2010-05-06,219
2010-05-07,217
2010-05-10,194
2010-05-11,185
2010-05-12,175
2010-05-13,179
2010-05-14,197
2010-05-17,193
2010-05-18,204
2010-05-19,207
2010-05-20,221
2010-05-21,224
2010-05-24,218
2010-05-25,227
2010-05-26,219
2010-05-27,205
2010-05-28,208
2010-05-31,208
2010-06-01,208
2010-06-02,202
2010-06-03,192
2010-06-04,211
2010-06-07,213
2010-06-08,220
2010-06-09,212
2010-06-10,201
2010-06-11,212
2010-06-14,206
2010-06-15,200
2010-06-16,199
2010-06-17,204
2010-06-18,200
2010-06-21,196
2010-06-22,204
2010-06-23,210
2010-06-24,206
2010-06-25,207
2010-06-28,212
2010-06-29,220
2010-06-30,215
2010-07-01,219
2010-07-02,209
2010-07-05,209
2010-07-06,212
2010-07-07,198
2010-07-08,196
2010-07-09,192
2010-07-12,191
2010-07-13,184
2010-07-14,188
2010-07-15,187
2010-07-16,190
2010-07-19,184
2010-07-20,179
2010-07-21,186
2010-07-22,181
2010-07-23,174
2010-07-26,168
2010-07-27,160
2010-07-28,167
2010-07-29,164
2010-07-30,171
2010-08-02,158
2010-08-03,157
2010-08-04,149
2010-08-05,156
2010-08-06,158
2010-08-09,145
2010-08-10,147
2010-08-11,148
2010-08-12,146
2010-08-13,150
2010-08-16,160
2010-08-17,147
2010-08-18,142
2010-08-19,148
2010-08-20,149
2010-08-23,147
2010-08-24,162
2010-08-25,161
2010-08-26,171
2010-08-27,168
2010-08-30,185
2010-08-31,191
2010-09-01,172
2010-09-02,160
2010-09-03,154
2010-09-06,154
2010-09-07,169
2010-09-08,167
2010-09-09,159
2010-09-10,154
2010-09-13,159
2010-09-14,163
2010-09-15,153
2010-09-16,150
2010-09-17,162
2010-09-20,171
2010-09-21,178
2010-09-22,180
2010-09-23,184
2010-09-24,176
2010-09-27,180
2010-09-28,182
2010-09-29,172
2010-09-30,174
2010-10-01,171
2010-10-04,177
2010-10-05,178
2010-10-06,182
2010-10-07,173
2010-10-08,171
2010-10-11,171
2010-10-12,160
2010-10-13,154
2010-10-14,148
2010-10-15,145
2010-10-18,153
2010-10-19,163
2010-10-20,164
2010-10-21,158
2010-10-22,151
2010-10-25,145
2010-10-26,137
2010-10-27,130
2010-10-28,133
2010-10-29,136
2010-11-01,125
2010-11-02,132
2010-11-03,130
2010-11-04,137
2010-11-05,135
2010-11-08,150
2010-11-09,146
2010-11-10,155
2010-11-11,155
2010-11-12,156
2010-11-15,152
2010-11-16,163
2010-11-17,154
2010-11-18,152
2010-11-19,155
2010-11-22,161
2010-11-23,169
2010-11-24,153
2010-11-25,153
2010-11-26,153
2010-11-29,170
2010-11-30,180
2010-12-01,163
2010-12-02,160
2010-12-03,154
2010-12-06,156
2010-12-07,142
2010-12-08,148
2010-12-09,154
2010-12-10,149
2010-12-13,153
2010-12-14,142
2010-12-15,149
2010-12-16,164
2010-12-17,178
2010-12-20,165
2010-12-21,162
2010-12-22,161
2010-12-23,159
2010-12-24,159
2010-12-27,157
2010-12-28,152
2010-12-29,157
2010-12-30,154
2010-12-31,165
2011-01-03,161
2011-01-04,141
2011-01-05,135
2011-01-06,142
2011-01-07,147
2011-01-10,151
2011-01-11,144
2011-01-12,141
2011-01-13,143
2011-01-14,143
2011-01-17,143
2011-01-18,140
2011-01-19,148
2011-01-20,142
2011-01-21,144
2011-01-24,143
2011-01-25,152
2011-01-26,140
2011-01-27,148
2011-01-28,157
2011-01-31,152
2011-02-01,145
2011-02-02,140
2011-02-03,134
2011-02-04,129
2011-02-07,135
2011-02-08,127
2011-02-09,139
2011-02-10,136
2011-02-11,142
2011-02-14,150
2011-02-15,157
2011-02-16,150
2011-02-17,149
2011-02-18,147
2011-02-21,147
2011-02-22,157
2011-02-23,158
2011-02-24,162
2011-02-25,162
2011-02-28,156
2011-03-01,151
2011-03-02,143
2011-03-03,132
2011-03-04,141
2011-03-07,138
2011-03-08,133
2011-03-09,138
2011-03-10,150
2011-03-11,148
2011-03-14,152
2011-03-15,157
2011-03-16,167
2011-03-17,163
2011-03-18,163
2011-03-21,166
2011-03-22,172
2011-03-23,171
2011-03-24,169
2011-03-25,165
2011-03-28,168
2011-03-29,174
2011-03-30,172
2011-03-31,173
2011-04-01,173
2011-04-04,179
2011-04-05,176
2011-04-06,164
2011-04-07,157
2011-04-08,160
2011-04-11,162
2011-04-12,170
2011-04-13,184
2011-04-14,193
2011-04-15,202
2011-04-18,203
2011-04-19,206
2011-04-20,203
2011-04-21,204
2011-04-22,204
2011-04-25,210
2011-04-26,227
2011-04-27,231
2011-04-28,226
2011-04-29,217
2011-05-02,218
2011-05-03,216
2011-05-04,199
2011-05-05,200
2011-05-06,189
2011-05-09,188
2011-05-10,188
2011-05-11,194
2011-05-12,183
2011-05-13,178
2011-05-16,181
2011-05-17,183
2011-05-18,181
2011-05-19,179
2011-05-20,182
2011-05-23,175
2011-05-24,176
2011-05-25,174
2011-05-26,182
2011-05-27,182
2011-05-30,182
2011-05-31,189
2011-06-01,201
2011-06-02,189
2011-06-03,192
2011-06-06,214
2011-06-07,195
2011-06-08,199
2011-06-09,189
2011-06-10,191
2011-06-13,193
2011-06-14,182
2011-06-15,193
2011-06-16,198
2011-06-17,197
2011-06-20,196
2011-06-21,193
2011-06-22,192
2011-06-23,197
2011-06-24,200
2011-06-27,191
2011-06-28,184
2011-06-29,177
2011-06-30,169
2011-07-01,168
2011-07-04,168
2011-07-05,168
2011-07-06,173
2011-07-07,168
2011-07-08,180
2011-07-11,186
2011-07-12,189
2011-07-13,189
2011-07-14,182
2011-07-15,185
2011-07-18,176
2011-07-19,177
2011-07-20,169
2011-07-21,160
2011-07-22,163
2011-07-25,160
2011-07-26,160
2011-07-27,154
2011-07-28,154
2011-07-29,159
2011-08-01,151
2011-08-02,159
2011-08-03,162
2011-08-04,183
2011-08-05,181
2011-08-08,216
2011-08-09,225
2011-08-10,225
2011-08-11,214
2011-08-12,216
2011-08-15,204
2011-08-16,209
2011-08-17,208
2011-08-18,216
2011-08-19,218
2011-08-22,213
2011-08-23,210
2011-08-24,194
2011-08-25,200
2011-08-26,204
2011-08-29,194
2011-08-30,202
2011-08-31,186
2011-09-01,194
2011-09-02,207
2011-09-05,207
2011-09-06,213
2011-09-07,206
2011-09-08,209
2011-09-09,222
2011-09-12,227
2011-09-13,221
2011-09-14,224
2011-09-15,219
2011-09-16,221
2011-09-19,239
2011-09-20,236
2011-09-21,247
2011-09-22,283
2011-09-23,277
2011-09-26,280
2011-09-27,269
2011-09-28,270
2011-09-29,274
2011-09-30,279
2011-10-03,295
2011-10-04,295
2011-10-05,292
2011-10-06,271
2011-10-07,261
2011-10-10,261
2011-10-11,235
2011-10-12,217
2011-10-13,224
2011-10-14,212
2011-10-17,219
2011-10-18,218
2011-10-19,218
2011-10-20,219
2011-10-21,215
2011-10-24,212
2011-10-25,219
2011-10-26,208
2011-10-27,183
2011-10-28,192
2011-10-31,205
2011-11-01,210
2011-11-02,209
2011-11-03,192
2011-11-04,192
2011-11-07,199
2011-11-08,190
2011-11-09,208
2011-11-10,198
2011-11-11,198
2011-11-14,201
2011-11-15,199
2011-11-16,203
2011-11-17,210
2011-11-18,217
2011-11-21,228
2011-11-22,231
2011-11-23,242
2011-11-24,242
2011-11-25,242
2011-11-28,236
2011-11-29,238
2011-11-30,227
2011-12-01,217
2011-12-02,220
2011-12-05,219
2011-12-06,211
2011-12-07,218
2011-12-08,221
2011-12-09,210
2011-12-12,215
2011-12-13,215
2011-12-14,223
2011-12-15,221
2011-12-16,228
2011-12-19,232
2011-12-20,218
2011-12-21,212
2011-12-22,214
2011-12-23,205
2011-12-26,205
2011-12-27,207
2011-12-28,215
2011-12-29,217
2011-12-30,216
2012-01-02,216
2012-01-03,206
2012-01-04,205
2012-01-05,207
2012-01-06,211
2012-01-09,210
2012-01-10,211
2012-01-11,228
2012-01-12,227
2012-01-13,233
2012-01-16,233
2012-01-17,235
2012-01-18,230
2012-01-19,220
2012-01-20,214
2012-01-23,212
2012-01-24,221
2012-01-25,220
2012-01-26,223
2012-01-27,221
2012-01-30,223
2012-01-31,221
2012-02-01,214
2012-02-02,215
2012-02-03,203
2012-02-06,207
2012-02-07,199
2012-02-08,200
2012-02-09,195
2012-02-10,204
2012-02-13,196
2012-02-14,201
2012-02-15,201
2012-02-16,195
2012-02-17,192
2012-02-20,192
2012-02-21,188
2012-02-22,191
2012-02-23,195
2012-02-24,198
2012-02-27,203
2012-02-28,200
2012-02-29,195
2012-03-01,187
2012-03-02,187
2012-03-05,187
2012-03-06,193
2012-03-07,186
2012-03-08,180
2012-03-09,179
2012-03-12,174
2012-03-13,165
2012-03-14,152
2012-03-15,152
2012-03-16,150
2012-03-19,144
2012-03-20,145
2012-03-21,151
2012-03-22,154
2012-03-23,158
2012-03-26,157
2012-03-27,161
2012-03-28,160
2012-03-29,164
2012-03-30,157
2012-04-02,159
2012-04-03,148
2012-04-04,153
2012-04-05,160
2012-04-06,160
2012-04-09,173
2012-04-10,179
2012-04-11,171
2012-04-12,165
2012-04-13,168
2012-04-16,171
2012-04-17,163
2012-04-18,163
2012-04-19,162
2012-04-20,161
2012-04-23,167
2012-04-24,165
2012-04-25,162
2012-04-26,165
2012-04-27,166
2012-04-30,166
2012-05-01,160
2012-05-02,159
2012-05-03,154
2012-05-04,156
2012-05-07,155
2012-05-08,159
2012-05-09,161
2012-05-10,156
2012-05-11,164
2012-05-14,175
2012-05-15,180
2012-05-16,184
2012-05-17,195
2012-05-18,197
2012-05-21,196
2012-05-22,190
2012-05-23,201
2012-05-24,195
2012-05-25,197
2012-05-28,197
2012-05-29,197
2012-05-30,208
2012-05-31,216
2012-06-01,226
2012-06-04,217
2012-06-05,208
2012-06-06,193
2012-06-07,189
2012-06-08,190
2012-06-11,195
2012-06-12,188
2012-06-13,189
2012-06-14,184
2012-06-15,176
2012-06-18,182
2012-06-19,180
2012-06-20,180
2012-06-21,183
2012-06-22,176
2012-06-25,182
2012-06-26,180
2012-06-27,181
2012-06-28,184
2012-06-29,174
2012-07-02,182
2012-07-03,174
2012-07-04,174
2012-07-05,174
2012-07-06,179
2012-07-09,180
2012-07-10,176
2012-07-11,165
2012-07-12,162
2012-07-13,157
2012-07-16,156
2012-07-17,151
2012-07-18,153
2012-07-19,150
2012-07-20,155
2012-07-23,158
2012-07-24,165
2012-07-25,165
2012-07-26,162
2012-07-27,146
2012-07-30,148
2012-07-31,145
2012-08-01,136
2012-08-02,142
2012-08-03,130
2012-08-06,131
2012-08-07,124
2012-08-08,122
2012-08-09,125
2012-08-10,130
2012-08-13,131
2012-08-14,130
2012-08-15,126
2012-08-16,126
2012-08-17,132
2012-08-20,134
2012-08-21,131
2012-08-22,137
2012-08-23,139
2012-08-24,137
2012-08-27,140
2012-08-28,139
2012-08-29,136
2012-08-30,139
2012-08-31,145
2012-09-03,145
2012-09-04,143
2012-09-05,141
2012-09-06,132
2012-09-07,131
2012-09-10,128
2012-09-11,128
2012-09-12,119
2012-09-13,118
2012-09-14,109
2012-09-17,113
2012-09-18,115
2012-09-19,116
2012-09-20,114
2012-09-21,114
2012-09-24,117
2012-09-25,121
2012-09-26,126
2012-09-27,125
2012-09-28,125
2012-10-01,126
2012-10-02,124
2012-10-03,121
2012-10-04,113
2012-10-05,106
2012-10-08,106
2012-10-09,107
2012-10-10,111
2012-10-11,114
2012-10-12,112
2012-10-15,107
2012-10-16,101
2012-10-17,94
2012-10-18,91
2012-10-19,100
2012-10-22,98
2012-10-23,100
2012-10-24,99
2012-10-25,98
2012-10-26,111
2012-10-29,114
2012-10-30,114
2012-10-31,118
2012-11-01,114
2012-11-02,113
2012-11-05,115
2012-11-06,110
2012-11-07,121
2012-11-08,124
2012-11-09,126
2012-11-12,126
2012-11-13,128
2012-11-14,131
2012-11-15,133
2012-11-16,133
2012-11-19,130
2012-11-20,124
2012-11-21,122
2012-11-22,122
2012-11-23,122
2012-11-26,124
2012-11-27,123
2012-11-28,122
2012-11-29,120
2012-11-30,122
2012-12-03,123
2012-12-04,125
2012-12-05,124
2012-12-06,126
2012-12-07,122
2012-12-10,124
2012-12-11,121
2012-12-12,115
2012-12-13,116
2012-12-14,118
2012-12-17,112
2012-12-18,108
2012-12-19,109
2012-12-20,111
2012-12-21,115
2012-12-24,113
2012-12-25,113
2012-12-26,114
2012-12-27,118
2012-12-28,120
2012-12-31,114
2013-01-01,114
2013-01-02,105
2013-01-03,100
2013-01-04,100
2013-01-07,103
2013-01-08,108
2013-01-09,110
2013-01-10,109
2013-01-11,111
2013-01-14,111
2013-01-15,112
2013-01-16,111
2013-01-17,108
2013-01-18,110
2013-01-21,110
2013-01-22,111
2013-01-23,111
2013-01-24,110
2013-01-25,106
2013-01-28,109
2013-01-29,112
2013-01-30,121
2013-01-31,129
2013-02-01,126
2013-02-04,127
2013-02-05,121
2013-02-06,123
2013-02-07,124
2013-02-08,122
2013-02-11,124
2013-02-12,122
2013-02-13,119
2013-02-14,122
2013-02-15,124
2013-02-18,124
2013-02-19,121
2013-02-20,128
2013-02-21,131
2013-02-22,132
2013-02-25,138
2013-02-26,139
2013-02-27,136
2013-02-28,138
2013-03-01,141
2013-03-04,139
2013-03-05,132
2013-03-06,128
2013-03-07,125
2013-03-08,125
2013-03-11,127
2013-03-12,131
2013-03-13,135
2013-03-14,134
2013-03-15,144
2013-03-18,147
2013-03-19,152
2013-03-20,149
2013-03-21,150
2013-03-22,148
2013-03-25,147
2013-03-26,148
2013-03-27,150
2013-03-28,147
2013-03-29,147
2013-04-01,148
2013-04-02,142
2013-04-03,141
2013-04-04,133
2013-04-05,136
2013-04-08,132
2013-04-09,130
2013-04-10,126
2013-04-11,125
2013-04-12,128
2013-04-15,130
2013-04-16,128
2013-04-17,129
2013-04-18,131
2013-04-19,130
2013-04-22,130
2013-04-23,129
2013-04-24,131
2013-04-25,133
2013-04-26,137
2013-04-29,135
2013-04-30,132
2013-05-01,129
2013-05-02,125
2013-05-03,122
2013-05-06,122
2013-05-07,121
2013-05-08,121
2013-05-09,116
2013-05-10,112
2013-05-13,115
2013-05-14,112
2013-05-15,120
2013-05-16,131
2013-05-17,131
2013-05-20,135
2013-05-21,142
2013-05-22,134
2013-05-23,146
2013-05-24,149
2013-05-27,149
2013-05-28,156
2013-05-29,165
2013-05-30,164
2013-05-31,159
2013-06-03,161
2013-06-04,157
2013-06-05,162
2013-06-06,171
2013-06-07,162
2013-06-10,165
2013-06-11,181
2013-06-12,170
2013-06-13,162
2013-06-14,165
2013-06-17,161
2013-06-18,172
2013-06-19,182
2013-06-20,199
2013-06-21,191
2013-06-24,212
2013-06-25,211
2013-06-26,206
2013-06-27,205
2013-06-28,201
2013-07-01,192
2013-07-02,186
2013-07-03,191
2013-07-04,191
2013-07-05,185
2013-07-08,189
2013-07-09,189
2013-07-10,184
2013-07-11,188
2013-07-12,180
2013-07-15,175
2013-07-16,174
2013-07-17,166
2013-07-18,157
2013-07-19,160
2013-07-22,156
2013-07-23,153
2013-07-24,157
2013-07-25,163
2013-07-26,172
2013-07-29,175
2013-07-30,178
2013-07-31,180
2013-08-01,179
2013-08-02,179
2013-08-05,176
2013-08-06,179
2013-08-07,183
2013-08-08,183
2013-08-09,186
2013-08-12,183
2013-08-13,177
2013-08-14,181
2013-08-15,185
2013-08-16,188
2013-08-19,193
2013-08-20,197
2013-08-21,200
2013-08-22,196
2013-08-23,199
2013-08-26,199
2013-08-27,208
2013-08-28,206
2013-08-29,208
2013-08-30,207
2013-09-02,207
2013-09-03,204
2013-09-04,202
2013-09-05,196
2013-09-06,192
2013-09-09,188
2013-09-10,194
2013-09-11,190
2013-09-12,191
2013-09-13,191
2013-09-16,182
2013-09-17,178
2013-09-18,174
2013-09-19,162
2013-09-20,163
2013-09-23,163
2013-09-24,166
2013-09-25,169
2013-09-26,176
2013-09-27,179
2013-09-30,184
2013-10-01,180
2013-10-02,179
2013-10-03,180
2013-10-04,177
2013-10-07,175
2013-10-08,172
2013-10-09,169
2013-10-10,168
2013-10-11,166
2013-10-14,166
2013-10-15,161
2013-10-16,165
2013-10-17,171
2013-10-18,168
2013-10-21,169
2013-10-22,175
2013-10-23,174
2013-10-24,175
2013-10-25,179
2013-10-28,179
2013-10-29,178
2013-10-30,174
2013-10-31,176
2013-11-01,176
2013-11-04,175
2013-11-05,176
2013-11-06,177
2013-11-07,182
2013-11-08,182
2013-11-11,182
2013-11-12,189
2013-11-13,189
2013-11-14,182
2013-11-15,179
2013-11-18,179
2013-11-19,179
2013-11-20,178
2013-11-21,181
2013-11-22,183
2013-11-25,190
2013-11-26,194
2013-11-27,193
2013-11-28,193
2013-11-29,193
2013-12-02,193
2013-12-03,195
2013-12-04,193
2013-12-05,191
2013-12-06,188
2013-12-09,187
2013-12-10,189
2013-12-11,184
2013-12-12,177
2013-12-13,176
2013-12-16,173
2013-12-17,177
2013-12-18,171
2013-12-19,168
2013-12-20,173
2013-12-23,170
2013-12-24,163
2013-12-25,163
2013-12-26,162
2013-12-27,163
2013-12-30,166
2013-12-31,162
2014-01-01,162
2014-01-02,165
2014-01-03,164
2014-01-06,166
2014-01-07,168
2014-01-08,166
2014-01-09,164
2014-01-10,170
2014-01-13,172
2014-01-14,167
2014-01-15,163
2014-01-16,166
2014-01-17,168
2014-01-20,168
2014-01-21,169
2014-01-22,176
2014-01-23,190
2014-01-24,193
2014-01-27,193
2014-01-28,194
2014-01-29,201
2014-01-30,201
2014-01-31,202
2014-02-03,210
2014-02-04,200
2014-02-05,191
2014-02-06,188
2014-02-07,183
2014-02-10,182
2014-02-11,178
2014-02-12,174
2014-02-13,178
2014-02-14,177
2014-02-17,177
2014-02-18,178
2014-02-19,178
2014-02-20,178
2014-02-21,177
2014-02-24,173
2014-02-25,178
2014-02-26,182
2014-02-27,182
2014-02-28,181
2014-03-03,184
2014-03-04,173
2014-03-05,166
2014-03-06,164
2014-03-07,163
2014-03-10,162
2014-03-11,162
2014-03-12,163
2014-03-13,168
2014-03-14,168
2014-03-17,165
2014-03-18,166
2014-03-19,164
2014-03-20,168
2014-03-21,168
2014-03-24,173
2014-03-25,168
2014-03-26,168
2014-03-27,168
2014-03-28,166
2014-03-31,165
2014-04-01,155
2014-04-02,153
2014-04-03,156
2014-04-04,156
2014-04-07,156
2014-04-08,157
2014-04-09,155
2014-04-10,154
2014-04-11,156
2014-04-14,154
2014-04-15,157
2014-04-16,156
2014-04-17,148
2014-04-18,148
2014-04-21,148
2014-04-22,149
2014-04-23,156
2014-04-24,155
2014-04-25,157
2014-04-28,153
2014-04-29,150
2014-04-30,149
2014-05-01,152
2014-05-02,153
2014-05-05,152
2014-05-06,148
2014-05-07,146
2014-05-08,143
2014-05-09,143
2014-05-12,139
2014-05-13,140
2014-05-14,143
2014-05-15,151
2014-05-16,152
2014-05-19,149
2014-05-20,153
2014-05-21,151
2014-05-22,153
2014-05-23,153
2014-05-26,153
2014-05-27,155
2014-05-28,156
2014-05-29,152
2014-05-30,150
2014-06-02,147
2014-06-03,144
2014-06-04,142
2014-06-05,141
2014-06-06,134
2014-06-09,132
2014-06-10,134
2014-06-11,141
2014-06-12,148
2014-06-13,148
2014-06-16,151
2014-06-17,149
2014-06-18,150
2014-06-19,149
2014-06-20,150
2014-06-23,147
2014-06-24,151
2014-06-25,147
2014-06-26,148
2014-06-27,150
2014-06-30,151
2014-07-01,147
2014-07-02,144
2014-07-03,136
2014-07-04,136
2014-07-07,136
2014-07-08,144
2014-07-09,146
2014-07-10,147
2014-07-11,149
2014-07-14,148
2014-07-15,148
2014-07-16,148
2014-07-17,153
2014-07-18,147
2014-07-21,150
2014-07-22,147
2014-07-23,145
2014-07-24,144
2014-07-25,149
2014-07-28,148
2014-07-29,154
2014-07-30,149
2014-07-31,151
2014-08-01,159
2014-08-04,159
2014-08-05,164
2014-08-06,162
2014-08-07,168
2014-08-08,168
2014-08-11,167
2014-08-12,164
2014-08-13,160
2014-08-14,157
2014-08-15,161
2014-08-18,159
2014-08-19,154
2014-08-20,153
2014-08-21,151
2014-08-22,152
2014-08-25,151
2014-08-26,149
2014-08-27,148
2014-08-28,149
2014-08-29,148
2014-09-01,148
2014-09-02,146
2014-09-03,145
2014-09-04,145
2014-09-05,143
2014-09-08,142
2014-09-09,144
2014-09-10,147
2014-09-11,149
2014-09-12,150
2014-09-15,156
2014-09-16,156
2014-09-17,153
2014-09-18,146
2014-09-19,145
2014-09-22,148
2014-09-23,149
2014-09-24,147
2014-09-25,154
2014-09-26,155
2014-09-29,163
2014-09-30,162
2014-10-01,166
2014-10-02,166
2014-10-03,164
2014-10-06,165
2014-10-07,170
2014-10-08,170
2014-10-09,167
2014-10-10,172
2014-10-13,172
2014-10-14,180
2014-10-15,182
2014-10-16,179
2014-10-17,170
2014-10-20,172
2014-10-21,171
2014-10-22,169
2014-10-23,167
2014-10-24,170
2014-10-27,171
2014-10-28,169
2014-10-29,167
2014-10-30,168
2014-10-31,169
2014-11-03,167
2014-11-04,170
2014-11-05,167
2014-11-06,165
2014-11-07,169
2014-11-10,165
2014-11-11,165
2014-11-12,160
2014-11-13,162
2014-11-14,164
2014-11-17,164
2014-11-18,166
2014-11-19,163
2014-11-20,164
2014-11-21,164
2014-11-24,166
2014-11-25,165
2014-11-26,167
2014-11-27,167
2014-11-28,167
2014-12-01,169
2014-12-02,162
2014-12-03,161
2014-12-04,165
2014-12-05,166
2014-12-08,177
2014-12-09,183
2014-12-10,192
2014-12-11,192
2014-12-12,207
2014-12-15,215
2014-12-16,222
2014-12-17,200
2014-12-18,186
2014-12-19,184
2014-12-22,180
2014-12-23,170
2014-12-24,169
2014-12-25,169
2014-12-26,177
2014-12-29,177
2014-12-30,179
2014-12-31,182
2015-01-01,182
2015-01-02,188
2015-01-05,196
2015-01-06,201
2015-01-07,197
2015-01-08,192
2015-01-09,194
2015-01-12,202
2015-01-13,204
2015-01-14,206
2015-01-15,212
2015-01-16,209
2015-01-19,209
2015-01-20,208
2015-01-21,206
2015-01-22,200
2015-01-23,199
2015-01-26,198
2015-01-27,204
2015-01-28,210
2015-01-29,202
2015-01-30,208
2015-02-02,204
2015-02-03,195
2015-02-04,196
2015-02-05,195
2015-02-06,188
2015-02-09,187
2015-02-10,193
2015-02-11,192
2015-02-12,188
2015-02-13,183
2015-02-16,183
2015-02-17,173
2015-02-18,178
2015-02-19,171
2015-02-20,168
2015-02-23,174
2015-02-24,177
2015-02-25,173
2015-02-26,169
2015-02-27,170
2015-03-02,161
2015-03-03,159
2015-03-04,164
2015-03-05,168
2015-03-06,169
2015-03-09,174
2015-03-10,185
2015-03-11,186
2015-03-12,185
2015-03-13,192
2015-03-16,198
2015-03-17,205
2015-03-18,211
2015-03-19,202
2015-03-20,200
2015-03-23,193
2015-03-24,192
2015-03-25,187
2015-03-26,182
2015-03-27,185
2015-03-30,179
2015-03-31,181
2015-04-01,183
2015-04-02,177
2015-04-03,181
2015-04-06,171
2015-04-07,177
2015-04-08,176
2015-04-09,174
2015-04-10,176
2015-04-13,177
2015-04-14,179
2015-04-15,181
2015-04-16,186
2015-04-17,190
2015-04-20,184
2015-04-21,179
2015-04-22,172
2015-04-23,174
2015-04-24,173
2015-04-27,174
2015-04-28,170
2015-04-29,168
2015-04-30,171
2015-05-01,169
2015-05-04,167
2015-05-05,167
2015-05-06,162
2015-05-07,170
2015-05-08,165
2015-05-11,159
2015-05-12,164
2015-05-13,164
2015-05-14,164
2015-05-15,171
2015-05-18,162
2015-05-19,163
2015-05-20,160
2015-05-21,164
2015-05-22,164
2015-05-25,164
2015-05-26,170
2015-05-27,170
2015-05-28,171
2015-05-29,174
2015-06-01,169
2015-06-02,164
2015-06-03,162
2015-06-04,169
2015-06-05,166
2015-06-08,172
2015-06-09,173
2015-06-10,177
2015-06-11,179
2015-06-12,179
2015-06-15,185
2015-06-16,191
2015-06-17,191
2015-06-18,179
2015-06-19,185
2015-06-22,176
2015-06-23,172
2015-06-24,176
2015-06-25,178
2015-06-26,172
2015-06-29,186
2015-06-30,182
2015-07-01,173
2015-07-02,173
2015-07-03,173
2015-07-06,187
2015-07-07,189
2015-07-08,190
2015-07-09,183
2015-07-10,174
2015-07-13,175
2015-07-14,176
2015-07-15,185
2015-07-16,185
2015-07-17,185
2015-07-20,183
2015-07-21,186
2015-07-22,190
2015-07-23,197
2015-07-24,200
2015-07-27,206
2015-07-28,202
2015-07-29,194
2015-07-30,192
2015-07-31,196
2015-08-03,200
2015-08-04,199
2015-08-05,197
2015-08-06,203
2015-08-07,207
2015-08-10,205
2015-08-11,211
2015-08-12,210
2015-08-13,206
2015-08-14,209
2015-08-17,212
2015-08-18,215
2015-08-19,223
2015-08-20,229
2015-08-21,236
2015-08-24,247
2015-08-25,237
2015-08-26,238
2015-08-27,231
2015-08-28,227
2015-08-31,225
2015-09-01,232
2015-09-02,232
2015-09-03,234
2015-09-04,239
2015-09-07,239
2015-09-08,231
2015-09-09,227
2015-09-10,226
2015-09-11,232
2015-09-14,231
2015-09-15,218
2015-09-16,216
2015-09-17,220
2015-09-18,221
2015-09-21,218
2015-09-22,232
2015-09-23,231
2015-09-24,245
2015-09-25,245
2015-09-28,261
2015-09-29,266
2015-09-30,258
2015-10-01,256
2015-10-02,249
2015-10-05,231
2015-10-06,231
2015-10-07,229
2015-10-08,224
2015-10-09,222
2015-10-12,222
2015-10-13,229
2015-10-14,233
2015-10-15,226
2015-10-16,219
2015-10-19,222
2015-10-20,225
2015-10-21,225
2015-10-22,224
2015-10-23,216
2015-10-26,216
2015-10-27,221
2015-10-28,217
2015-10-29,213
2015-10-30,220
2015-11-02,214
2015-11-03,206
2015-11-04,208
2015-11-05,210
2015-11-06,209
2015-11-09,213
2015-11-10,218
2015-11-11,218
2015-11-12,222
2015-11-13,226
2015-11-16,224
2015-11-17,226
2015-11-18,224
2015-11-19,223
2015-11-20,221
2015-11-23,220
2015-11-24,221
2015-11-25,223
2015-11-26,223
2015-11-27,224
2015-11-30,224
2015-12-01,230
2015-12-02,228
2015-12-03,220
2015-12-04,221
2015-12-07,230
2015-12-08,232
2015-12-09,233
2015-12-10,233
2015-12-11,250
2015-12-14,242
2015-12-15,236
2015-12-16,237
2015-12-17,238
2015-12-18,246
2015-12-21,246
2015-12-22,243
2015-12-23,240
2015-12-24,242
2015-12-25,242
2015-12-28,244
2015-12-29,233
2015-12-30,237
2015-12-31,240
2016-01-01,240
2016-01-04,244
2016-01-05,236
2016-01-06,243
2016-01-07,247
2016-01-08,254
2016-01-11,257
2016-01-12,265
2016-01-13,274
2016-01-14,268
2016-01-15,281
2016-01-18,281
2016-01-19,284
2016-01-20,288
2016-01-21,283
2016-01-22,273
2016-01-25,276
2016-01-26,275
2016-01-27,270
2016-01-28,269
2016-01-29,273
2016-02-01,271
2016-02-02,285
2016-02-03,281
2016-02-04,281
2016-02-05,281
2016-02-08,298
2016-02-09,296
2016-02-10,299
2016-02-11,313
2016-02-12,296
2016-02-15,296
2016-02-16,289
2016-02-17,276
2016-02-18,281
2016-02-19,277
2016-02-22,275
2016-02-23,276
2016-02-24,270
2016-02-25,268
2016-02-26,261
2016-02-29,260
2016-03-01,244
2016-03-02,240
2016-03-03,238
2016-03-04,234
2016-03-07,234
2016-03-08,238
2016-03-09,227
2016-03-10,226
2016-03-11,218
2016-03-14,223
2016-03-15,226
2016-03-16,225
2016-03-17,218
2016-03-18,215
2016-03-21,213
2016-03-22,213
2016-03-23,224
2016-03-24,225
2016-03-25,225
2016-03-28,228
2016-03-29,232
2016-03-30,225
2016-03-31,226
2016-04-01,224
2016-04-04,227
2016-04-05,237
2016-04-06,232
2016-04-07,240
2016-04-08,237
2016-04-11,224
2016-04-12,214
2016-04-13,210
2016-04-14,204
2016-04-15,207
2016-04-18,204
2016-04-19,200
2016-04-20,191
2016-04-21,190
2016-04-22,194
2016-04-25,194
2016-04-26,193
2016-04-27,195
2016-04-28,196
2016-04-29,198
2016-05-02,196
2016-05-03,202
2016-05-04,205
2016-05-05,206
2016-05-06,202
2016-05-09,204
2016-05-10,205
2016-05-11,205
2016-05-12,204
2016-05-13,210
2016-05-16,204
2016-05-17,205
2016-05-18,201
2016-05-19,218
2016-05-20,215
2016-05-23,219
2016-05-24,216
2016-05-25,213
2016-05-26,214
2016-05-27,209
2016-05-30,209
2016-05-31,213
2016-06-01,211
2016-06-02,211
2016-06-03,212
2016-06-06,205
2016-06-07,203
2016-06-08,204
2016-06-09,207
2016-06-10,213
2016-06-13,216
2016-06-14,220
2016-06-15,216
2016-06-16,218
2016-06-17,212
2016-06-20,205
2016-06-21,202
2016-06-22,203
2016-06-23,198
2016-06-24,214
2016-06-27,225
2016-06-28,218
2016-06-29,205
2016-06-30,200
2016-07-01,193
2016-07-04,193
2016-07-05,199
2016-07-06,196
2016-07-07,195
2016-07-08,191
2016-07-11,184
2016-07-12,177
2016-07-13,181
2016-07-14,177
2016-07-15,172
2016-07-18,171
2016-07-19,176
2016-07-20,173
2016-07-21,176
2016-07-22,178
2016-07-25,180
2016-07-26,185
2016-07-27,188
2016-07-28,189
2016-07-29,194
2016-08-01,191
2016-08-02,187
2016-08-03,184
2016-08-04,185
2016-08-05,174
2016-08-08,175
2016-08-09,178
2016-08-10,178
2016-08-11,170
2016-08-12,173
2016-08-15,167
2016-08-16,163
2016-08-17,163
2016-08-18,163
2016-08-19,160
2016-08-22,164
2016-08-23,163
2016-08-24,161
2016-08-25,161
2016-08-26,156
2016-08-29,161
2016-08-30,162
2016-08-31,162
2016-09-01,165
2016-09-02,160
2016-09-05,160
2016-09-06,164
2016-09-07,158
2016-09-08,151
2016-09-09,159
2016-09-12,160
2016-09-13,156
2016-09-14,164
2016-09-15,169
2016-09-16,175
2016-09-19,173
2016-09-20,169
2016-09-21,160
2016-09-22,154
2016-09-23,157
2016-09-26,166
2016-09-27,168
2016-09-28,159
2016-09-29,158
2016-09-30,154
2016-10-03,152
2016-10-04,148
2016-10-05,146
2016-10-06,146
2016-10-07,145
2016-10-10,145
2016-10-11,146
2016-10-12,143
2016-10-13,145
2016-10-14,144
2016-10-17,146
2016-10-18,147
2016-10-19,145
2016-10-20,144
2016-10-21,146
2016-10-24,144
2016-10-25,148
2016-10-26,147
2016-10-27,147
2016-10-28,148
2016-10-31,155
2016-11-01,161
2016-11-02,165
2016-11-03,161
2016-11-04,165
2016-11-07,157
2016-11-08,153
2016-11-09,151
2016-11-10,163
2016-11-11,163
2016-11-14,182
2016-11-15,162
2016-11-16,171
2016-11-17,170
2016-11-18,168
2016-11-21,171
2016-11-22,173
2016-11-23,176
2016-11-24,176
2016-11-25,176
2016-11-28,177
2016-11-29,178
2016-11-30,173
2016-12-01,172
2016-12-02,174
2016-12-05,173
2016-12-06,169
2016-12-07,166
2016-12-08,163
2016-12-09,159
2016-12-12,164
2016-12-13,164
2016-12-14,161
2016-12-15,161
2016-12-16,159
2016-12-19,164
2016-12-20,161
2016-12-21,162
2016-12-22,163
2016-12-23,163
2016-12-26,163
2016-12-27,160
2016-12-28,165
2016-12-29,168
2016-12-30,170
2017-01-02,170
2017-01-03,171
2017-01-04,167
2017-01-05,164
2017-01-06,160
2017-01-09,163
2017-01-10,162
2017-01-11,161
2017-01-12,156
2017-01-13,151
2017-01-16,151
2017-01-17,152
2017-01-18,148
2017-01-19,151
2017-01-20,152
2017-01-23,157
2017-01-24,154
2017-01-25,151
2017-01-26,156
2017-01-27,155
2017-01-30,156
2017-01-31,159
2017-02-01,154
2017-02-02,152
2017-02-03,148
2017-02-06,152
2017-02-07,155
2017-02-08,157
2017-02-09,149
2017-02-10,148
2017-02-13,146
2017-02-14,147
2017-02-15,148
2017-02-16,154
2017-02-17,155
2017-02-20,155
2017-02-21,154
2017-02-22,154
2017-02-23,155
2017-02-24,158
2017-02-27,152
2017-02-28,152
2017-03-01,144
2017-03-02,143
2017-03-03,143
2017-03-06,141
2017-03-07,139
2017-03-08,141
2017-03-09,143
2017-03-10,141
2017-03-13,141
2017-03-14,143
2017-03-15,140
2017-03-16,135
2017-03-17,136
2017-03-20,138
2017-03-21,141
2017-03-22,144
2017-03-23,142
2017-03-24,141
2017-03-27,142
2017-03-28,139
2017-03-29,142
2017-03-30,140
2017-03-31,146
2017-04-03,149
2017-04-04,146
2017-04-05,147
2017-04-06,148
2017-04-07,146
2017-04-10,146
2017-04-11,152
2017-04-12,150
2017-04-13,154
2017-04-14,154
2017-04-17,153
2017-04-18,159
2017-04-19,155
2017-04-20,154
2017-04-21,153
2017-04-24,146
2017-04-25,143
2017-04-26,144
2017-04-27,145
2017-04-28,144
2017-05-01,141
2017-05-02,143
2017-05-03,140
2017-05-04,140
2017-05-05,141
2017-05-08,138
2017-05-09,138
2017-05-10,136
2017-05-11,135
2017-05-12,139
2017-05-15,139
2017-05-16,139
2017-05-17,147
2017-05-18,148
2017-05-19,147
2017-05-22,147
2017-05-23,141
2017-05-24,137
2017-05-25,141
2017-05-26,140
2017-05-29,140
2017-05-30,144
2017-05-31,145
2017-06-01,144
2017-06-02,144
2017-06-05,139
2017-06-06,139
2017-06-07,136
2017-06-08,137
2017-06-09,137
2017-06-12,137
2017-06-13,136
2017-06-14,142
2017-06-15,143
2017-06-16,145
2017-06-19,142
2017-06-20,148
2017-06-21,150
2017-06-22,151
2017-06-23,151
2017-06-26,150
2017-06-27,146
2017-06-28,146
2017-06-29,149
2017-06-30,145
2017-07-03,142
2017-07-04,142
2017-07-05,143
2017-07-06,145
2017-07-07,144
2017-07-10,143
2017-07-11,143
2017-07-12,144
2017-07-13,141
2017-07-14,142
2017-07-17,142
2017-07-18,142
2017-07-19,141
2017-07-20,141
2017-07-21,142
2017-07-24,141
2017-07-25,139
2017-07-26,138
2017-07-27,135
2017-07-28,138
2017-07-31,152
2017-08-01,152
2017-08-02,152
2017-08-03,153
2017-08-04,150
2017-08-07,151
2017-08-08,149
2017-08-09,154
2017-08-10,160
2017-08-11,161
2017-08-14,156
2017-08-15,153
2017-08-16,156
2017-08-17,160
2017-08-18,160
2017-08-21,161
2017-08-22,158
2017-08-23,161
2017-08-24,156
2017-08-25,155
2017-08-28,155
2017-08-29,155
2017-08-30,153
2017-08-31,153
2017-09-01,149
2017-09-04,149
2017-09-05,153
2017-09-06,151
2017-09-07,150
2017-09-08,150
2017-09-11,144
2017-09-12,143
2017-09-13,139
2017-09-14,140
2017-09-15,141
2017-09-18,139
2017-09-19,139
2017-09-20,139
2017-09-21,144
2017-09-22,143
2017-09-25,146
2017-09-26,145
2017-09-27,143
2017-09-28,142
2017-09-29,140
2017-10-02,140
2017-10-03,140
2017-10-04,140
2017-10-05,140
2017-10-06,140
2017-10-09,140
2017-10-10,142
2017-10-11,142
2017-10-12,143
2017-10-13,146
2017-10-16,143
2017-10-17,144
2017-10-18,140
2017-10-19,141
2017-10-20,138
2017-10-23,137
2017-10-24,135
2017-10-25,136
2017-10-26,135
2017-10-27,136
2017-10-30,138
2017-10-31,136
2017-11-01,137
2017-11-02,138
2017-11-03,140
2017-11-06,141
2017-11-07,142
2017-11-08,141
2017-11-09,141
2017-11-10,137
2017-11-13,137
2017-11-14,139
2017-11-15,144
2017-11-16,140
2017-11-17,140
2017-11-20,140
2017-11-21,140
2017-11-22,140
2017-11-23,140
2017-11-24,139
2017-11-27,137
2017-11-28,135
2017-11-29,134
2017-11-30,133
2017-12-01,137
2017-12-04,135
2017-12-05,138
2017-12-06,139
2017-12-07,137
2017-12-08,135
2017-12-11,136
2017-12-12,135
2017-12-13,137
2017-12-14,138
2017-12-15,144
2017-12-18,140
2017-12-19,135
2017-12-20,132
2017-12-21,135
2017-12-22,131
2017-12-25,131
2017-12-26,132
2017-12-27,136
2017-12-28,135
2017-12-29,136
2018-01-01,136
2018-01-02,132
2018-01-03,131
2018-01-04,129
2018-01-05,125
2018-01-08,123
2018-01-09,118
2018-01-10,121
2018-01-11,121
2018-01-12,121
2018-01-15,121
2018-01-16,121
2018-01-17,122
2018-01-18,119
2018-01-19,120
2018-01-22,118
2018-01-23,120
2018-01-24,120
2018-01-25,122
2018-01-26,119
2018-01-29,119
2018-01-30,120
2018-01-31,119
2018-02-01,119
2018-02-02,119
2018-02-05,131
2018-02-06,126
2018-02-07,119
2018-02-08,126
2018-02-09,138
2018-02-12,137
2018-02-13,142
2018-02-14,142
2018-02-15,136
2018-02-16,133
2018-02-19,133
2018-02-20,134
2018-02-21,133
2018-02-22,136
2018-02-23,137
2018-02-26,134
2018-02-27,131
2018-02-28,137
2018-03-01,146
2018-03-02,143
2018-03-05,139
2018-03-06,138
2018-03-07,139
2018-03-08,142
2018-03-09,139
2018-03-12,140
2018-03-13,143
2018-03-14,146
2018-03-15,147
2018-03-16,146
2018-03-19,150
2018-03-20,149
2018-03-21,147
2018-03-22,151
2018-03-23,156
2018-03-26,153
2018-03-27,154
2018-03-28,155
2018-03-29,156
2018-03-30,156
2018-04-02,155
2018-04-03,149
2018-04-04,147
2018-04-05,142
2018-04-06,146
2018-04-09,147
2018-04-10,147
2018-04-11,146
2018-04-12,143
2018-04-13,143
2018-04-16,143
2018-04-17,145
2018-04-18,141
2018-04-19,143
2018-04-20,141
2018-04-23,141
2018-04-24,141
2018-04-25,142
2018-04-26,146
2018-04-27,150
2018-04-30,152
2018-05-01,152
2018-05-02,158
2018-05-03,163
2018-05-04,158
2018-05-07,157
2018-05-08,161
2018-05-09,158
2018-05-10,151
2018-05-11,151
2018-05-14,150
2018-05-15,151
2018-05-16,149
2018-05-17,152
2018-05-18,160
2018-05-21,160
2018-05-22,155
2018-05-23,157
2018-05-24,157
2018-05-25,160
2018-05-28,160
2018-05-29,173
2018-05-30,166
2018-05-31,168
2018-06-01,162
2018-06-04,157
2018-06-05,159
2018-06-06,158
2018-06-07,163
2018-06-08,164
2018-06-11,163
2018-06-12,164
2018-06-13,161
2018-06-14,164
2018-06-15,163
2018-06-18,164
2018-06-19,168
2018-06-20,164
2018-06-21,164
2018-06-22,162
2018-06-25,164
2018-06-26,163
2018-06-27,169
2018-06-28,168
2018-06-29,166
2018-07-02,166
2018-07-03,166
2018-07-04,166
2018-07-05,164
2018-07-06,161
2018-07-09,153
2018-07-10,149
2018-07-11,154
2018-07-12,152
2018-07-13,151
2018-07-16,149
2018-07-17,148
2018-07-18,145
2018-07-19,150
2018-07-20,147
2018-07-23,146
2018-07-24,147
2018-07-25,145
2018-07-26,139
2018-07-27,140
2018-07-30,140
2018-07-31,143
2018-08-01,141
2018-08-02,143
2018-08-03,143
2018-08-06,145
2018-08-07,143
2018-08-08,147
2018-08-09,150
2018-08-10,158
2018-08-13,157
2018-08-14,153
2018-08-15,157
2018-08-16,154
2018-08-17,152
2018-08-20,154
2018-08-21,151
2018-08-22,152
2018-08-23,153
2018-08-24,152
2018-08-27,148
2018-08-28,143
2018-08-29,144
2018-08-30,146
2018-08-31,147
2018-09-03,147
2018-09-04,146
2018-09-05,145
2018-09-06,146
2018-09-07,143
2018-09-10,147
2018-09-11,145
2018-09-12,144
2018-09-13,141
2018-09-14,139
2018-09-17,139
2018-09-18,137
2018-09-19,136
2018-09-20,137
2018-09-21,134
2018-09-24,135
2018-09-25,134
2018-09-26,136
2018-09-27,134
2018-09-28,133
2018-10-01,132
2018-10-02,134
2018-10-03,126
2018-10-04,130
2018-10-05,129
2018-10-08,129
2018-10-09,135
2018-10-10,136
2018-10-11,147
2018-10-12,144
2018-10-15,142
2018-10-16,142
2018-10-17,139
2018-10-18,145
2018-10-19,147
2018-10-22,149
2018-10-23,150
2018-10-24,154
2018-10-25,152
2018-10-26,156
2018-10-29,157
2018-10-30,155
2018-10-31,152
2018-11-01,153
2018-11-02,146
2018-11-05,147
2018-11-06,147
2018-11-07,146
2018-11-08,146
2018-11-09,149
2018-11-12,149
2018-11-13,154
2018-11-14,156
2018-11-15,157
2018-11-16,160
2018-11-19,164
2018-11-20,167
2018-11-21,164
2018-11-22,164
2018-11-23,165
2018-11-26,163
2018-11-27,168
2018-11-28,163
2018-11-29,161
2018-11-30,162
2018-12-03,162
2018-12-04,170
2018-12-05,170
2018-12-06,172
2018-12-07,169
2018-12-10,168
2018-12-11,163
2018-12-12,157
2018-12-13,155
2018-12-14,155
2018-12-17,156
2018-12-18,159
2018-12-19,165
2018-12-20,162
2018-12-21,161
2018-12-24,166
2018-12-25,166
2018-12-26,161
2018-12-27,163
2018-12-28,164
2018-12-31,168
2019-01-01,168
2019-01-02,171
2019-01-03,177
2019-01-04,164
2019-01-07,157
2019-01-08,155
2019-01-09,150
2019-01-10,149
2019-01-11,151
2019-01-14,151
2019-01-15,151
2019-01-16,150
2019-01-17,151
2019-01-18,147
2019-01-21,147
2019-01-22,149
2019-01-23,147
2019-01-24,148
2019-01-25,143
2019-01-28,143
2019-01-29,146
2019-01-30,145
2019-01-31,145
2019-02-01,137
2019-02-04,134
2019-02-05,133
2019-02-06,136
2019-02-07,142
2019-02-08,145
2019-02-11,144
2019-02-12,142
2019-02-13,139
2019-02-14,142
2019-02-15,143
2019-02-18,143
2019-02-19,142
2019-02-20,142
2019-02-21,140
2019-02-22,141
2019-02-25,140
2019-02-26,140
2019-02-27,134
2019-02-28,131
2019-03-01,130
2019-03-04,133
2019-03-05,134
2019-03-06,134
2019-03-07,137
2019-03-08,140
2019-03-11,137
2019-03-12,139
2019-03-13,138
2019-03-14,135
2019-03-15,138
2019-03-18,135
2019-03-19,131
2019-03-20,137
2019-03-21,134
2019-03-22,139
2019-03-25,142
2019-03-26,138
2019-03-27,136
2019-03-28,132
2019-03-29,130
2019-04-01,126
2019-04-02,126
2019-04-03,123
2019-04-04,122
2019-04-05,122
2019-04-08,121
2019-04-09,122
2019-04-10,125
2019-04-11,123
2019-04-12,120
2019-04-15,121
2019-04-16,118
2019-04-17,119
2019-04-18,121
2019-04-19,121
2019-04-22,119
2019-04-23,120
2019-04-24,125
2019-04-25,125
2019-04-26,125
2019-04-29,122
2019-04-30,126
2019-05-01,126
2019-05-02,125
2019-05-03,125
2019-05-06,127
2019-05-07,131
2019-05-08,128
2019-05-09,133
2019-05-10,132
2019-05-13,138
2019-05-14,136
2019-05-15,140
2019-05-16,137
2019-05-17,139
2019-05-20,136
2019-05-21,133
2019-05-22,135
2019-05-23,143
2019-05-24,141
2019-05-27,141
2019-05-28,143
2019-05-29,141
2019-05-30,143
2019-05-31,148
2019-06-03,151
2019-06-04,141
2019-06-05,137
2019-06-06,134
2019-06-07,135
2019-06-10,128
2019-06-11,128
2019-06-12,127
2019-06-13,131
2019-06-14,128
2019-06-17,129
2019-06-18,126
2019-06-19,127
2019-06-20,124
2019-06-21,118
2019-06-24,122
2019-06-25,125
2019-06-26,123
2019-06-27,125
2019-06-28,124
2019-07-01,120
2019-07-02,122
2019-07-03,123
2019-07-04,123
2019-07-05,118
2019-07-08,117
2019-07-09,114
2019-07-10,112
2019-07-11,109
2019-07-12,110
2019-07-15,113
2019-07-16,112
2019-07-17,118
2019-07-18,120
2019-07-19,119
2019-07-22,118
2019-07-23,115
2019-07-24,116
2019-07-25,113
2019-07-26,113
2019-07-29,114
2019-07-30,115
2019-07-31,117
2019-08-01,128
2019-08-02,125
2019-08-05,131
2019-08-06,131
2019-08-07,127
2019-08-08,125
2019-08-09,122
2019-08-12,132
2019-08-13,127
2019-08-14,130
2019-08-15,135
2019-08-16,131
2019-08-19,125
2019-08-20,129
2019-08-21,125
2019-08-22,121
2019-08-23,127
2019-08-26,125
2019-08-27,129
2019-08-28,127
2019-08-29,122
2019-08-30,122
2019-09-02,122
2019-09-03,121
2019-09-04,120
2019-09-05,113
2019-09-06,116
2019-09-09,112
2019-09-10,109
2019-09-11,110
2019-09-12,104
2019-09-13,107
2019-09-16,112
2019-09-17,115
2019-09-18,112
2019-09-19,113
2019-09-20,115
2019-09-23,117
2019-09-24,124
2019-09-25,121
2019-09-26,124
2019-09-27,130
2019-09-30,131
2019-10-01,139
2019-10-02,143
2019-10-03,140
2019-10-04,134
2019-10-07,128
2019-10-08,130
2019-10-09,129
2019-10-10,125
2019-10-11,122
2019-10-14,122
2019-10-15,123
2019-10-16,125
2019-10-17,126
2019-10-18,125
2019-10-21,121
2019-10-22,123
2019-10-23,123
2019-10-24,123
2019-10-25,120
2019-10-28,118
2019-10-29,121
2019-10-30,128
2019-10-31,131
2019-11-01,128
2019-11-04,125
2019-11-05,124
2019-11-06,127
2019-11-07,123
2019-11-08,121
2019-11-11,121
2019-11-12,124
2019-11-13,126
2019-11-14,128
2019-11-15,125
2019-11-18,127
2019-11-19,131
2019-11-20,134
2019-11-21,131
2019-11-22,129
2019-11-25,129
2019-11-26,131
2019-11-27,126
2019-11-28,126
2019-11-29,126
2019-12-02,125
2019-12-03,136
2019-12-04,128
2019-12-05,127
2019-12-06,124
2019-12-09,123
2019-12-10,122
2019-12-11,125
2019-12-12,114
2019-12-13,118
2019-12-16,110
2019-12-17,109
2019-12-18,105
2019-12-19,108
2019-12-20,109
2019-12-23,108
2019-12-24,110
2019-12-25,110
2019-12-26,110
2019-12-27,112
2019-12-30,110
2019-12-31,107
2020-01-01,107
2020-01-02,110
2020-01-03,116
2020-01-06,113
2020-01-07,112
2020-01-08,107
2020-01-09,111
2020-01-10,112
2020-01-13,110
2020-01-14,112
2020-01-15,113
2020-01-16,110
2020-01-17,107
2020-01-20,107
2020-01-21,112
2020-01-22,112
2020-01-23,116
2020-01-24,119
2020-01-27,125
2020-01-28,121
2020-01-29,124
2020-01-30,121
2020-01-31,122
2020-02-03,124
2020-02-04,122
2020-02-05,117
2020-02-06,116
2020-02-07,120
2020-02-10,122
2020-02-11,118
2020-02-12,114
2020-02-13,114
2020-02-14,115
2020-02-17,115
2020-02-18,118
2020-02-19,115
2020-02-20,116
2020-02-21,118
2020-02-24,123
2020-02-25,130
2020-02-26,132
2020-02-27,139
2020-02-28,156
2020-03-02,154
2020-03-03,153
2020-03-04,142
2020-03-05,149
2020-03-06,168
2020-03-09,213
2020-03-10,185
2020-03-11,205
2020-03-12,231
2020-03-13,212
2020-03-16,268
2020-03-17,264
2020-03-18,332
2020-03-19,357
2020-03-20,352
2020-03-23,372
2020-03-24,346
2020-03-25,294
2020-03-26,257
2020-03-27,279
2020-03-30,278
2020-03-31,265
2020-04-01,285
2020-04-02,292
2020-04-03,297
2020-04-06,294
2020-04-07,282
2020-04-08,282
2020-04-09,274
2020-04-10,274
2020-04-13,262
2020-04-14,257
2020-04-15,276
2020-04-16,282
2020-04-17,271
2020-04-20,274
2020-04-21,282
2020-04-22,280
2020-04-23,283
2020-04-24,284
2020-04-27,278
2020-04-28,278
2020-04-29,271
2020-04-30,257
2020-05-01,252
2020-05-04,251
2020-05-05,243
2020-05-06,236
2020-05-07,241
2020-05-08,234
2020-05-11,229
2020-05-12,232
2020-05-13,241
2020-05-14,245
2020-05-15,237
2020-05-18,219
2020-05-19,215
2020-05-20,208
2020-05-21,197
2020-05-22,195
2020-05-25,195
2020-05-26,192
2020-05-27,194
2020-05-28,191
2020-05-29,191
2020-06-01,189
2020-06-02,183
2020-06-03,171
2020-06-04,171
2020-06-05,166
2020-06-08,164
2020-06-09,169
2020-06-10,177
2020-06-11,191
2020-06-12,191
2020-06-15,194
2020-06-16,182
2020-06-17,184
2020-06-18,186
2020-06-19,182
2020-06-22,181
2020-06-23,177
2020-06-24,178
2020-06-25,178
2020-06-26,183
2020-06-29,184
2020-06-30,182
2020-07-01,178
2020-07-02,176
2020-07-03,176
2020-07-06,173
2020-07-07,176
2020-07-08,174
2020-07-09,179
2020-07-10,177
2020-07-13,176
2020-07-14,179
2020-07-15,175
2020-07-16,176
2020-07-17,171
2020-07-20,169
2020-07-21,164
2020-07-22,161
2020-07-23,162
2020-07-24,164
2020-07-27,160
2020-07-28,163
2020-07-29,156
2020-07-30,155
2020-07-31,150
2020-08-03,147
2020-08-04,147
2020-08-05,139
2020-08-06,137
2020-08-07,140
2020-08-10,140
2020-08-11,140
2020-08-12,142
2020-08-13,139
2020-08-14,143
2020-08-17,146
2020-08-18,148
2020-08-19,147
2020-08-20,151
2020-08-21,152
2020-08-24,149
2020-08-25,149
2020-08-26,149
2020-08-27,150
2020-08-28,148
2020-08-31,151
2020-09-01,150
2020-09-02,150
2020-09-03,153
2020-09-04,146
2020-09-07,146
2020-09-08,150
2020-09-09,148
2020-09-10,151
2020-09-11,158
2020-09-14,158
2020-09-15,156
2020-09-16,155
2020-09-17,158
2020-09-18,158
2020-09-21,166
2020-09-22,173
2020-09-23,183
2020-09-24,181
2020-09-25,175
2020-09-28,171
2020-09-29,173
2020-09-30,173
2020-10-01,171
2020-10-02,167
2020-10-05,160
2020-10-06,162
2020-10-07,155
2020-10-08,149
2020-10-09,145
2020-10-12,145
2020-10-13,147
2020-10-14,145
2020-10-15,142
2020-10-16,141
2020-10-19,142
2020-10-20,142
2020-10-21,145
2020-10-22,146
2020-10-23,149
2020-10-26,151
2020-10-27,149
2020-10-28,152
2020-10-29,150
2020-10-30,149
2020-11-02,150
2020-11-03,146
2020-11-04,145
2020-11-05,143
2020-11-06,146
2020-11-09,137
2020-11-10,144
2020-11-11,144
2020-11-12,142
2020-11-13,142
2020-11-16,147
2020-11-17,144
2020-11-18,143
2020-11-19,144
2020-11-20,142
2020-11-23,149
2020-11-24,151
2020-11-25,154
2020-11-26,154
2020-11-27,159
2020-11-30,161
2020-12-01,152
2020-12-02,149
2020-12-03,151
2020-12-04,148
2020-12-07,152
2020-12-08,154
2020-12-09,151
2020-12-10,154
2020-12-11,155
2020-12-14,152
2020-12-15,144
2020-12-16,141
2020-12-17,137
2020-12-18,135
2020-12-21,137
2020-12-22,137
2020-12-23,134
2020-12-24,137
2020-12-25,137
2020-12-28,136
2020-12-29,135
2020-12-30,136
2020-12-31,132
2021-01-01,132
2021-01-04,131
2021-01-05,130
2021-01-06,128
2021-01-07,128
2021-01-08,125
2021-01-11,129
2021-01-12,138
2021-01-13,135
2021-01-14,131
2021-01-15,134
2021-01-18,134
2021-01-19,134
2021-01-20,134
2021-01-21,133
2021-01-22,131
2021-01-25,133
2021-01-26,132
2021-01-27,133
2021-01-28,131
2021-01-29,128
2021-02-01,131
2021-02-02,130
2021-02-03,132
2021-02-04,137
2021-02-05,135
2021-02-08,136
2021-02-09,135
2021-02-10,137
2021-02-11,134
2021-02-12,133
2021-02-15,133
2021-02-16,136
2021-02-17,136
2021-02-18,138
2021-02-19,137
2021-02-22,141
2021-02-23,145
2021-02-24,145
2021-02-25,147
2021-02-26,164
2021-03-01,159
2021-03-02,165
2021-03-03,166
2021-03-04,170
2021-03-05,178
2021-03-08,185
2021-03-09,184
2021-03-10,180
2021-03-11,173
2021-03-12,166
2021-03-15,166
2021-03-16,160
2021-03-17,159
2021-03-18,157
2021-03-19,156
2021-03-22,160
2021-03-23,161
2021-03-24,161
2021-03-25,162
2021-03-26,160
2021-03-29,156
2021-03-30,161
2021-03-31,152
2021-04-01,152
2021-04-02,152
2021-04-05,148
2021-04-06,148
2021-04-07,149
2021-04-08,151
2021-04-09,152
2021-04-12,159
2021-04-13,164
2021-04-14,160
2021-04-15,161
2021-04-16,157
2021-04-19,164
2021-04-20,175
2021-04-21,181
2021-04-22,188
2021-04-23,180
2021-04-26,185
2021-04-27,181
2021-04-28,177
2021-04-29,170
2021-04-30,165
2021-05-03,164
2021-05-04,167
2021-05-05,175
2021-05-06,174
2021-05-07,164
2021-05-10,159
2021-05-11,158
2021-05-12,157
2021-05-13,155
2021-05-14,154
2021-05-17,153
2021-05-18,152
2021-05-19,155
2021-05-20,159
2021-05-21,164
2021-05-24,172
2021-05-25,174
2021-05-26,171
2021-05-27,170
2021-05-28,169
2021-05-31,169
2021-06-01,167
2021-06-02,167
2021-06-03,165
2021-06-04,167
2021-06-07,180
2021-06-08,176
2021-06-09,172
2021-06-10,174
2021-06-11,170
2021-06-14,169
2021-06-15,169
2021-06-16,169
2021-06-17,170
2021-06-18,174
2021-06-21,174
2021-06-22,170
2021-06-23,168
2021-06-24,167
2021-06-25,163
2021-06-28,165
2021-06-29,164
2021-06-30,163
2021-07-01,163
2021-07-02,166
2021-07-05,166
2021-07-06,166
2021-07-07,167
2021-07-08,167
2021-07-09,163
2021-07-12,163
2021-07-13,160
2021-07-14,161
2021-07-15,165
2021-07-16,163
2021-07-19,171
2021-07-20,169
2021-07-21,169
2021-07-22,173
2021-07-23,172
2021-07-26,173
2021-07-27,179
2021-07-28,182
2021-07-29,187
2021-07-30,197
2021-08-02,193
2021-08-03,187
2021-08-04,186
2021-08-05,182
2021-08-06,179
2021-08-09,179
2021-08-10,183
2021-08-11,184
2021-08-12,183
2021-08-13,188
2021-08-16,189
2021-08-17,188
2021-08-18,187
2021-08-19,187
2021-08-20,185
2021-08-23,185
2021-08-24,179
2021-08-25,174
2021-08-26,178
2021-08-27,178
2021-08-30,177
2021-08-31,175
2021-09-01,175
2021-09-02,178
2021-09-03,175
2021-09-06,175
2021-09-07,171
2021-09-08,174
2021-09-09,175
2021-09-10,172
2021-09-13,174
2021-09-14,178
2021-09-15,174
2021-09-16,172
2021-09-17,169
2021-09-20,177
2021-09-21,175
2021-09-22,175
2021-09-23,169
2021-09-24,170
2021-09-27,172
2021-09-28,173
2021-09-29,175
2021-09-30,180
2021-10-01,186
2021-10-04,186
2021-10-05,183
2021-10-06,185
2021-10-07,173
2021-10-08,171
2021-10-11,171
2021-10-12,174
2021-10-13,173
2021-10-14,170
2021-10-15,170
2021-10-18,172
2021-10-19,165
2021-10-20,162
2021-10-21,161
2021-10-22,161
2021-10-25,159
2021-10-26,164
2021-10-27,166
2021-10-28,171
2021-10-29,181
2021-11-01,181
2021-11-02,183
2021-11-03,175
2021-11-04,179
2021-11-05,182
2021-11-08,173
2021-11-09,176
2021-11-10,172
2021-11-11,172
2021-11-12,173
2021-11-15,171
2021-11-16,171
2021-11-17,174
2021-11-18,174
2021-11-19,177
2021-11-22,174
2021-11-23,178
2021-11-24,184
2021-11-25,184
2021-11-26,203
2021-11-29,196
2021-11-30,194
2021-12-01,188
2021-12-02,185
2021-12-03,191
2021-12-06,184
2021-12-07,175
2021-12-08,170
2021-12-09,169
2021-12-10,169
2021-12-13,173
2021-12-14,171
2021-12-15,170
2021-12-16,173
2021-12-17,174
2021-12-20,175
2021-12-21,173
2021-12-22,176
2021-12-23,172
2021-12-24,172
2021-12-27,173
2021-12-28,171
2021-12-29,166
2021-12-30,169
2021-12-31,170
2022-01-03,162
2022-01-04,165
2022-01-05,167
2022-01-06,176
2022-01-07,177
2022-01-10,180
2022-01-11,181
2022-01-12,179
2022-01-13,180
2022-01-14,176
2022-01-17,176
2022-01-18,177
2022-01-19,177
2022-01-20,175
2022-01-21,180
2022-01-24,179
2022-01-25,177
2022-01-26,174
2022-01-27,182
2022-01-28,186
2022-01-31,186
2022-02-01,191
2022-02-02,190
2022-02-03,186
2022-02-04,186
2022-02-07,192
2022-02-08,192
2022-02-09,190
2022-02-10,188
2022-02-11,204
2022-02-14,200
2022-02-15,192
2022-02-16,194
2022-02-17,198
2022-02-18,203
2022-02-21,203
2022-02-22,207
2022-02-23,210
2022-02-24,211
2022-02-25,205
2022-02-28,213
2022-03-01,212
2022-03-02,207
2022-03-03,211
2022-03-04,224
2022-03-07,226
2022-03-08,225
2022-03-09,217
2022-03-10,214
2022-03-11,211
2022-03-14,206
2022-03-15,207
2022-03-16,207
2022-03-17,194
2022-03-18,193
2022-03-21,190
2022-03-22,190
2022-03-23,199
2022-03-24,192
2022-03-25,183
2022-03-28,184
2022-03-29,179
2022-03-30,175
2022-03-31,171
2022-04-01,172
2022-04-04,166
2022-04-05,165
2022-04-06,165
2022-04-07,180
2022-04-08,191
2022-04-11,197
2022-04-12,195
2022-04-13,189
2022-04-14,181
2022-04-15,181
2022-04-18,183
2022-04-19,185
2022-04-20,193
2022-04-21,198
2022-04-22,203
2022-04-25,207
2022-04-26,209
2022-04-27,207
2022-04-28,215
2022-04-29,218
2022-05-02,228
2022-05-03,223
2022-05-04,222
2022-05-05,214
2022-05-06,211
2022-05-09,227
2022-05-10,224
2022-05-11,224
2022-05-12,224
2022-05-13,216
2022-05-16,217
2022-05-17,213
2022-05-18,226
2022-05-19,224
2022-05-20,228
2022-05-23,220
2022-05-24,225
2022-05-25,216
2022-05-26,210
2022-05-27,200
2022-05-30,200
2022-05-31,194
2022-06-01,192
2022-06-02,195
2022-06-03,197
2022-06-06,196
2022-06-07,198
2022-06-08,197
2022-06-09,201
2022-06-10,201
2022-06-13,214
2022-06-14,211
2022-06-15,215
2022-06-16,223
2022-06-17,223
2022-06-20,223
2022-06-21,218
2022-06-22,226
2022-06-23,223
2022-06-24,220
2022-06-27,219
2022-06-28,233
2022-06-29,238
2022-06-30,235
2022-07-01,235
2022-07-04,235
2022-07-05,238
2022-07-06,228
2022-07-07,223
2022-07-08,222
2022-07-11,232
2022-07-12,240
2022-07-13,246
2022-07-14,250
2022-07-15,252
2022-07-18,245
2022-07-19,238
2022-07-20,234
2022-07-21,242
2022-07-22,242
2022-07-25,236
2022-07-26,233
2022-07-27,228
2022-07-28,226
2022-07-29,219
2022-08-01,223
2022-08-02,215
2022-08-03,222
2022-08-04,213
2022-08-05,209
2022-08-08,210
2022-08-09,215
2022-08-10,204
2022-08-11,195
2022-08-12,200
2022-08-15,201
2022-08-16,205
2022-08-17,209
2022-08-18,208
2022-08-19,211
2022-08-22,218
2022-08-23,214
2022-08-24,206
2022-08-25,209
2022-08-26,212
2022-08-29,217
2022-08-30,219
2022-08-31,218
2022-09-01,219
2022-09-02,223
2022-09-05,223
2022-09-06,221
2022-09-07,223
2022-09-08,215
2022-09-09,210
2022-09-12,202
2022-09-13,214
2022-09-14,225
2022-09-15,225
2022-09-16,231
2022-09-19,229
2022-09-20,230
2022-09-21,226
2022-09-22,220
2022-09-23,227
2022-09-26,234
2022-09-27,237
2022-09-28,246
2022-09-29,248
2022-09-30,246
2022-10-03,245
2022-10-04,229
2022-10-05,233
2022-10-06,233
2022-10-07,241
2022-10-10,241
2022-10-11,247
2022-10-12,254
2022-10-13,257
2022-10-14,256
2022-10-17,252
2022-10-18,249
2022-10-19,248
2022-10-20,250
2022-10-21,250
2022-10-24,238
2022-10-25,235
2022-10-26,232
2022-10-27,235
2022-10-28,224
2022-10-31,228
2022-11-01,221
2022-11-02,221
2022-11-03,221
2022-11-04,213
2022-11-07,201
2022-11-08,204
2022-11-09,211
2022-11-10,205
2022-11-11,205
2022-11-14,196
2022-11-15,195
2022-11-16,201
2022-11-17,202
2022-11-18,200
2022-11-21,197
2022-11-22,197
2022-11-23,201
2022-11-24,201
2022-11-25,202
2022-11-28,198
2022-11-29,190
2022-11-30,193
2022-12-01,196
2022-12-02,196
2022-12-05,191
2022-12-06,199
2022-12-07,201
2022-12-08,189
2022-12-09,180
2022-12-12,185
2022-12-13,185
2022-12-14,197
2022-12-15,203
2022-12-16,208
2022-12-19,208
2022-12-20,209
2022-12-21,200
2022-12-22,198
2022-12-23,193
2022-12-26,193
2022-12-27,191
2022-12-28,190
2022-12-29,195
2022-12-30,194
2023-01-02,194
2023-01-03,200
2023-01-04,208
2023-01-05,217
2023-01-06,215
2023-01-09,215
2023-01-10,214
2023-01-11,213
2023-01-12,205
2023-01-13,202
2023-01-16,202
2023-01-17,206
2023-01-18,207
2023-01-19,211
2023-01-20,208
2023-01-23,207
2023-01-24,210
2023-01-25,210
2023-01-26,202
2023-01-27,199
2023-01-30,204
2023-01-31,206
2023-02-01,207
2023-02-02,197
2023-02-03,193
2023-02-06,190
2023-02-07,191
2023-02-08,195
2023-02-09,193
2023-02-10,196
2023-02-13,196
2023-02-14,190
2023-02-15,191
2023-02-16,186
2023-02-17,192
2023-02-20,192
2023-02-21,188
2023-02-22,191
2023-02-23,189
2023-02-24,188
2023-02-27,190
2023-02-28,191
2023-03-01,191
2023-03-02,192
2023-03-03,191
2023-03-06,187
2023-03-07,190
2023-03-08,191
2023-03-09,197
2023-03-10,204
2023-03-13,209
2023-03-14,200
2023-03-15,214
2023-03-16,204
2023-03-17,214
2023-03-20,211
2023-03-21,205
2023-03-22,216
2023-03-23,216
2023-03-24,215
2023-03-27,206
2023-03-28,210
2023-03-29,207
2023-03-30,209
2023-03-31,209
2023-04-03,205
2023-04-04,210
2023-04-05,212
2023-04-06,211
2023-04-07,207
2023-04-10,205
2023-04-11,204
2023-04-12,204
2023-04-13,201
2023-04-14,198
2023-04-17,197
2023-04-18,198
2023-04-19,200
2023-04-20,203
2023-04-21,199
2023-04-24,200
2023-04-25,201
2023-04-26,197
2023-04-27,193
2023-04-28,193
2023-05-01,187
2023-05-02,199
2023-05-03,201
2023-05-04,201
2023-05-05,201
2023-05-08,198
2023-05-09,197
2023-05-10,199
2023-05-11,199
2023-05-12,198
2023-05-15,199
2023-05-16,198
2023-05-17,199
2023-05-18,195
2023-05-19,194
2023-05-22,195
2023-05-23,199
2023-05-24,198
2023-05-25,194
2023-05-26,196
2023-05-29,196
2023-05-30,197
2023-05-31,200
2023-06-01,195
2023-06-02,186
2023-06-05,192
2023-06-06,191
2023-06-07,187
2023-06-08,188
2023-06-09,186
2023-06-12,185
2023-06-13,178
2023-06-14,180
2023-06-15,182
2023-06-16,178
2023-06-19,178
2023-06-20,179
2023-06-21,178
2023-06-22,172
2023-06-23,175
2023-06-26,176
2023-06-27,174
2023-06-28,178
2023-06-29,174
2023-06-30,172
2023-07-03,168
2023-07-04,168
2023-07-05,163
2023-07-06,165
2023-07-07,167
2023-07-10,168
2023-07-11,166
2023-07-12,170
2023-07-13,170
2023-07-14,169
2023-07-17,169
2023-07-18,168
2023-07-19,173
2023-07-20,172
2023-07-21,173
2023-07-24,173
2023-07-25,175
2023-07-26,173
2023-07-27,165
2023-07-28,169
2023-07-31,163
2023-08-01,162
2023-08-02,163
2023-08-03,162
2023-08-04,168
2023-08-07,165
2023-08-08,165
2023-08-09,160
2023-08-10,159
2023-08-11,162
2023-08-14,167
2023-08-15,167
2023-08-16,172
2023-08-17,175
2023-08-18,173
2023-08-21,173
2023-08-22,174
2023-08-23,172
2023-08-24,172
2023-08-25,171
2023-08-28,169
2023-08-29,164
2023-08-30,164
2023-08-31,160
2023-09-01,160
2023-09-04,162
2023-09-05,167
2023-09-06,169
2023-09-07,169
2023-09-08,171
2023-09-11,175
2023-09-12,175
2023-09-13,172
2023-09-14,171
2023-09-15,174
2023-09-18,170
2023-09-19,166
2023-09-20,166
2023-09-21,169
2023-09-22,166
2023-09-25,168
2023-09-26,171
2023-09-27,176
2023-09-28,174
2023-09-29,174
2023-10-02,179
2023-10-03,182
2023-10-04,183
2023-10-05,179
2023-10-06,179
2023-10-09,179
2023-10-10,180
2023-10-11,176
2023-10-12,181
2023-10-13,178
2023-10-16,178
2023-10-17,179
2023-10-18,179
2023-10-19,185
2023-10-20,184
2023-10-23,183
2023-10-24,178
2023-10-25,183
2023-10-26,183
2023-10-27,181
2023-10-30,176
2023-10-31,183
2023-11-01,176
2023-11-02,174
2023-11-03,178
2023-11-06,183
2023-11-07,185
2023-11-08,180
2023-11-09,181
2023-11-10,183
2023-11-13,181
2023-11-14,175
2023-11-15,178
2023-11-16,177
2023-11-17,176
2023-11-20,173
2023-11-21,170
2023-11-22,170
2023-11-23,166
2023-11-24,171
2023-11-27,170
2023-11-28,164
2023-11-29,160
2023-11-30,161
2023-12-01,158
2023-12-04,162
2023-12-05,163
2023-12-06,162
2023-12-07,162
2023-12-08,163
2023-12-11,166
2023-12-12,172
2023-12-13,164
2023-12-14,164
2023-12-15,162
2023-12-18,160
2023-12-19,164
2023-12-20,161
2023-12-21,159
2023-12-22,159
2023-12-25,160
2023-12-26,167
2023-12-27,162
2023-12-28,160
2023-12-29,160
2024-01-01,166
2024-01-02,178
2024-01-03,175
2024-01-04,171
2024-01-05,176
2024-01-08,177
2024-01-09,171
2024-01-10,172
2024-01-11,169
2024-01-12,169
2024-01-15,165
2024-01-16,169
2024-01-17,170
2024-01-18,171
2024-01-19,177
2024-01-22,176
2024-01-23,174
2024-01-24,172
2024-01-25,169
2024-01-26,164
2024-01-29,164
2024-01-30,162
2024-01-31,167
2024-02-01,169
2024-02-02,167
2024-02-05,166
2024-02-06,168
2024-02-07,165
2024-02-08,167
2024-02-09,167
2024-02-12,164
2024-02-13,161
2024-02-14,162
2024-02-15,158
2024-02-16,157
2024-02-19,157
2024-02-20,157
2024-02-21,156
2024-02-22,157
2024-02-23,157
2024-02-26,155
2024-02-27,150
2024-02-28,153
2024-02-29,153
2024-03-01,156
2024-03-04,154
2024-03-05,156
2024-03-06,155
2024-03-07,160
2024-03-08,160
2024-03-11,157
2024-03-12,155
2024-03-13,151
2024-03-14,150
2024-03-15,151
2024-03-18,151
2024-03-19,153
2024-03-20,150
2024-03-21,146
2024-03-22,148
2024-03-25,148
2024-03-26,150
2024-03-27,151
2024-03-28,152
2024-03-29,152
2024-04-01,150
2024-04-02,153
2024-04-03,153
2024-04-04,154
2024-04-05,149
2024-04-08,150
2024-04-09,148
2024-04-10,146
2024-04-11,147
2024-04-12,150
2024-04-15,154
2024-04-16,157
2024-04-17,158
2024-04-18,157
2024-04-19,157
2024-04-22,156
2024-04-23,155
2024-04-24,156
2024-04-25,157
2024-04-26,158
2024-04-29,158
2024-04-30,160
2024-05-01,160
2024-05-02,158
2024-05-03,156
2024-05-06,154
2024-05-07,155
2024-05-08,149
2024-05-09,150
2024-05-10,151
2024-05-13,150
2024-05-14,155
2024-05-15,154
2024-05-16,153
2024-05-17,153
2024-05-20,151
2024-05-21,150
2024-05-22,158
2024-05-23,158
2024-05-24,161
2024-05-27,161
2024-05-28,169
2024-05-29,161
2024-05-30,158
2024-05-31,159
2024-06-03,160
2024-06-04,162
2024-06-05,161
2024-06-06,163
2024-06-07,160
2024-06-10,161
2024-06-11,165
2024-06-12,161
2024-06-13,163
2024-06-14,166
2024-06-17,162
2024-06-18,164
2024-06-19,164
2024-06-20,162
2024-06-21,160
2024-06-24,160
2024-06-25,158
2024-06-26,156
2024-06-27,156
2024-06-28,154
2024-07-01,157
2024-07-02,159
2024-07-03,160
2024-07-04,160
2024-07-05,160
2024-07-08,157
2024-07-09,159
2024-07-10,158
2024-07-11,153
2024-07-12,157
2024-07-15,157
2024-07-16,159
2024-07-17,162
2024-07-18,161
2024-07-19,158
2024-07-22,160
2024-07-23,157
2024-07-24,156
2024-07-25,157
2024-07-26,159
2024-07-29,159
2024-07-30,161
2024-07-31,164
2024-08-01,174
2024-08-02,185
2024-08-05,191
2024-08-06,181
2024-08-07,177
2024-08-08,175
2024-08-09,174
2024-08-12,175
2024-08-13,173
2024-08-14,169
2024-08-15,167
2024-08-16,166
2024-08-19,164
2024-08-20,165
2024-08-21,163
2024-08-22,163
2024-08-23,163
2024-08-26,160
2024-08-27,161
2024-08-28,162
2024-08-29,164
2024-08-30,157
2024-09-02,157
2024-09-03,166
2024-09-04,166
2024-09-05,170
2024-09-06,169
2024-09-09,171
2024-09-10,171
2024-09-11,173
2024-09-12,168
2024-09-13,168
2024-09-16,167
2024-09-17,164
2024-09-18,159
2024-09-19,158
2024-09-20,159
2024-09-23,159
2024-09-24,160
2024-09-25,155
2024-09-26,156
2024-09-27,156
2024-09-30,154
2024-10-01,154
2024-10-02,152
2024-10-03,150
2024-10-04,149
2024-10-07,151
2024-10-08,155
2024-10-09,153
2024-10-10,158
2024-10-11,156
2024-10-14,158
2024-10-15,158
2024-10-16,155
2024-10-17,152
2024-10-18,153
2024-10-21,152
2024-10-22,156
2024-10-23,157
2024-10-24,157
2024-10-25,154
2024-10-28,152
2024-10-29,154
2024-10-30,151
2024-10-31,156
2024-11-01,153
2024-11-04,157
2024-11-05,160
2024-11-06,155
2024-11-07,151
2024-11-08,153
2024-11-11,153
2024-11-12,151
2024-11-13,149
2024-11-14,148
2024-11-15,157
2024-11-18,162
2024-11-19,154
2024-11-20,156
2024-11-21,154
2024-11-22,155
2024-11-25,162
2024-11-26,159
2024-11-27,157
2024-11-28,157
2024-11-29,161
2024-12-02,161
2024-12-03,155
2024-12-04,158
2024-12-05,156
2024-12-06,153
2024-12-09,150
2024-12-10,150
2024-12-11,147
2024-12-12,147
2024-12-13,150
2024-12-16,157
2024-12-17,154
2024-12-18,153
2024-12-19,161
2024-12-20,157
2024-12-23,153
2024-12-24,154
2024-12-25,154
2024-12-26,157
2024-12-27,152
2024-12-30,160
2024-12-31,157
2025-01-01,157
2025-01-02,159
2025-01-03,155
2025-01-06,156
2025-01-07,154
2025-01-08,161
2025-01-09,157
2025-01-10,158
2025-01-13,157
2025-01-14,157
2025-01-15,157
2025-01-16,158
2025-01-17,155
2025-01-20,155
2025-01-21,154
2025-01-22,153
2025-01-23,155
2025-01-24,154
2025-01-27,158
2025-01-28,158
2025-01-29,159
2025-01-30,158
2025-01-31,159
2025-02-03,161
2025-02-04,161
2025-02-05,161
2025-02-06,157
2025-02-07,159
2025-02-10,158
2025-02-11,158
2025-02-12,157
2025-02-13,158
2025-02-14,154
2025-02-17,154
2025-02-18,151
2025-02-19,155
2025-02-20,156
2025-02-21,159
2025-02-24,160
2025-02-25,162
2025-02-26,160
2025-02-27,160
2025-02-28,164
2025-03-03,167
2025-03-04,160
2025-03-05,155
2025-03-06,161
2025-03-07,158
2025-03-10,162
2025-03-11,162
2025-03-12,161
2025-03-13,171
2025-03-14,167
2025-03-17,169
2025-03-18,168
2025-03-19,164
2025-03-20,162
2025-03-21,162
2025-03-24,158
2025-03-25,160
2025-03-26,159
2025-03-27,162
2025-03-28,168
2025-03-31,170
2025-04-01,168
2025-04-02,168
2025-04-03,178
2025-04-04,185
2025-04-07,186
2025-04-08,187
2025-04-09,180
2025-04-10,177
2025-04-11,183
2025-04-14,179
2025-04-15,180
2025-04-16,184
2025-04-17,179
2025-04-18,179
2025-04-21,180
2025-04-22,176
2025-04-23,169
2025-04-24,172
2025-04-25,171
2025-04-28,173
2025-04-29,176
2025-04-30,176
2025-05-01,172
2025-05-02,167
2025-05-05,169
2025-05-06,167
2025-05-07,169
2025-05-08,162
2025-05-09,163
2025-05-12,155
2025-05-13,154
2025-05-14,154
2025-05-15,155
2025-05-16,156
2025-05-19,153
2025-05-20,153
2025-05-21,150
2025-05-22,154
2025-05-23,154
2025-05-26,154
2025-05-27,152
2025-05-28,154
2025-05-29,153
2025-05-30,158
2025-06-02,157
2025-06-03,154
2025-06-04,160
2025-06-05,157
2025-06-06,151
2025-06-09,154
2025-06-10,153
2025-06-11,151
2025-06-12,154
2025-06-13,151
2025-06-16,146
2025-06-17,149
2025-06-18,153
2025-06-19,153
2025-06-20,154
2025-06-23,155
2025-06-24,156
2025-06-25,158
2025-06-26,160
2025-06-27,155
2025-06-30,154
2025-07-01,149
2025-07-02,149
2025-07-03,143
2025-07-04,143
2025-07-07,141
2025-07-08,145
2025-07-09,142
2025-07-10,142
2025-07-11,135
2025-07-14,138
2025-07-15,134
2025-07-16,140
2025-07-17,139
2025-07-18,139
2025-07-21,137
2025-07-22,142
2025-07-23,140
2025-07-24,138
2025-07-25,142
2025-07-28,139
2025-07-29,142
2025-07-30,142
2025-07-31,140
2025-08-01,147
2025-08-04,143
2025-08-05,144
2025-08-06,137
2025-08-07,138
2025-08-08,134
2025-08-11,133
2025-08-12,132
2025-08-13,131
2025-08-14,128
2025-08-15,126
2025-08-18,125
2025-08-19,126
2025-08-20,128
2025-08-21,130
2025-08-22,131
2025-08-25,129
2025-08-26,131
2025-08-27,136
2025-08-28,135
2025-08-29,131
2025-09-01,131
2025-09-02,133
2025-09-03,133
2025-09-04,133
2025-09-05,133
2025-09-08,132
2025-09-09,131
2025-09-10,128
2025-09-11,123
2025-09-12,122
2025-09-15,123
2025-09-16,123
2025-09-17,120
2025-09-18,117
2025-09-19,118
2025-09-22,118
2025-09-23,119
2025-09-24,117
2025-09-25,118
2025-09-26,118
2025-09-29,120
2025-09-30,119
2025-10-01,121
2025-10-02,122
2025-10-03,119
2025-10-06,117
2025-10-07,120
2025-10-08,119
2025-10-09,121
2025-10-10,131
2025-10-13,131
2025-10-14,131
2025-10-15,126
2025-10-16,129
2025-10-17,126
2025-10-20,124
2025-10-21,120
2025-10-22,123
2025-10-23,124
2025-10-24,122
2025-10-27,123
2025-10-28,124
2025-10-29,118
2025-10-30,122
2025-10-31,120
2025-11-03,124
2025-11-04,127
2025-11-05,125
2025-11-06,129
2025-11-07,129
2025-11-10,125
2025-11-11,125
2025-11-12,126
2025-11-13,124
2025-11-14,119
2025-11-17,124
2025-11-18,125
2025-11-19,120
2025-11-20,126
2025-11-21,127
2025-11-24,129
2025-11-25,130
2025-11-26,130
2025-11-27,130
2025-11-28,128
2025-12-01,124
2025-12-02,123
2025-12-03,123
2025-12-04,121
2025-12-05,121
2025-12-08,122
2025-12-09,124
2025-12-10,124
2025-12-11,124
2025-12-12,121
2025-12-15,120
2025-12-16,124
2025-12-17,121
2025-12-18,127
2025-12-19,129
2025-12-22,128
2025-12-23,132
2025-12-24,134
2025-12-25,134
2025-12-26,132
2025-12-29,136
2025-12-30,137
2025-12-31,135
2026-01-01,135
2026-01-02,133
2026-01-05,135
2026-01-06,136
2026-01-07,138
2026-01-08,136
2026-01-09,138
2026-01-12,135
2026-01-13,135
2026-01-14,138
2026-01-15,135
2026-01-16,130
2026-01-19,130
2026-01-20,129
2026-01-21,127
2026-01-22,127
2026-01-23,128
2026-01-26,127
2026-01-27,126
2026-01-28,127
2026-01-29,130
2026-01-30,129
2026-02-02,127
2026-02-03,130
2026-02-04,128
2026-02-05,130
2026-02-06,132
2026-02-09,132
2026-02-10,134
2026-02-11,132
2026-02-12,138
2026-02-13,138
2026-02-16,138
2026-02-17,137
2026-02-18,136
2026-02-19,138
2026-02-20,136
2026-02-23,139
2026-02-24,138
2026-02-25,135
2026-02-26,140
2026-02-27,143
2026-03-02,142
2026-03-03,145
2026-03-04,138
2026-03-05,138
2026-03-06,140
2026-03-09,143
2026-03-10,136
2026-03-11,131
2026-03-12,135
2026-03-13,138
2026-03-16,141
2026-03-17,138
2026-03-18,138
2026-03-19,142
2026-03-20,141
2026-03-23,140
2026-03-24,140
2026-03-25,139
2026-03-26,133
2026-03-27,140
2026-03-30,145
2026-03-31,139
2026-04-01,137
2026-04-02,138
2026-04-03,137
2026-04-06,138
2026-04-07,139
2026-04-08,129
2026-04-09,129
2026-04-10,125
2026-04-13,125
2026-04-14,123
2026-04-15,125
2026-04-16,126
2026-04-17,127
2026-04-20,127
2026-04-21,126
2026-04-22,124
2026-04-23,125
2026-04-24,127
2026-04-27,126
2026-04-28,130
2026-04-29,122
2026-04-30,120
2026-05-01,117
2026-05-04,117
2026-05-05,118
2026-05-06,118
2026-05-07,119
2026-05-08,120
2026-05-11,117
2026-05-12,114
2026-05-13,115
2026-05-14,110
2026-05-15,111
2026-05-18,115
2026-05-19,111
2026-05-20,118
2026-05-21,118
2026-05-22,116
2026-05-25,116
2026-05-26,116
2026-05-27,115
2026-05-28,112
2026-05-29,113
2026-06-01,113
2026-06-02,111
2026-06-03,109
2026-06-04,107
2026-06-05,110
2026-06-08,109
2026-06-09,109
2026-06-10,109
2026-06-11,111
2026-06-12,107
2026-06-15,104
2026-06-16,106
2026-06-17,104
2026-06-18,110
2026-06-19,110
2026-06-22,108
2026-06-23,110
2026-06-24,114
2026-06-25,114
2026-06-26,115
2026-06-29,118
2026-06-30,109
2026-07-01,110
2026-07-02,110
2026-07-03,110
2026-07-06,112
2026-07-07,107
2026-07-08,108
2026-07-09,108
2026-07-10,108
2026-07-13,103
2026-07-14,104
2026-07-15,105
2026-07-16,108
2026-07-17,108
2026-07-20,106
2026-07-21,104
2026-07-22,107
2026-07-23,108
2026-07-24,108
2026-07-27,110
2026-07-28,113
2026-07-29,105
2026-07-30,112
2026-07-31,113
2026-08-03,111
2026-08-04,111
2026-08-05,110
2026-08-06,104
2026-08-07,108
2026-08-10,104
2026-08-11,106
2026-08-12,106
2026-08-13,107
2026-08-14,105
2026-08-17,104
2026-08-18,112
2026-08-19,112
2026-08-20,111
2026-08-21,111
2026-08-24,113
2026-08-25,116
2026-08-26,113
2026-08-27,109
2026-08-28,106
2026-08-31,106
2026-09-01,107
2026-09-02,109
2026-09-03,107
