fecha,valor
1995-04-03,15.9
1995-04-04,15.38
1995-04-05,15.85
1995-04-06,17.37
1995-04-07,17.41
1995-04-10,17.75
1995-04-11,16.68
1995-04-12,16.39
1995-04-13,16.39
1995-04-14,16.39
1995-04-17,17.51
1995-04-18,16.01
1995-04-19,15.47
1995-04-20,15.53
1995-04-21,11.6
1995-04-24,13.17
1995-04-25,15.02
1995-04-26,16.37
1995-04-27,17.3
1995-04-28,18.54
1995-05-01,18.54
1995-05-02,17.44
1995-05-03,17.03
1995-05-04,18.85
1995-05-05,18.43
1995-05-08,16.53
1995-05-09,15.02
1995-05-10,16.74
1995-05-11,13.43
1995-05-12,12.87
1995-05-15,12.13
1995-05-16,12.37
1995-05-17,12.52
1995-05-18,12.06
1995-05-19,11.22
1995-05-22,12.14
1995-05-23,12.2
1995-05-24,12.34
1995-05-25,12.09
1995-05-26,11.92
1995-05-29,12.11
1995-05-30,12.08
1995-05-31,12.08
1995-06-01,11.95
1995-06-02,11.96
1995-06-05,11.8
1995-06-06,11.45
1995-06-07,10.46
1995-06-08,10.02
1995-06-09,10.03
1995-06-12,9.72
1995-06-13,9.83
1995-06-14,9.9
1995-06-15,9.46
1995-06-16,8.37
1995-06-19,8.88
1995-06-20,10.52
1995-06-21,10.15
1995-06-22,10.59
1995-06-23,11.83
1995-06-26,14.49
1995-06-27,15.07
1995-06-28,17.9
1995-06-29,17.9
1995-06-30,18.37
1995-07-03,17.06
1995-07-04,16.55
1995-07-05,16.71
1995-07-06,16.24
1995-07-07,12.52
1995-07-10,9.9
1995-07-11,7.44
1995-07-12,10.03
1995-07-13,7.17
1995-07-14,5.17
1995-07-17,10.49
1995-07-18,11.41
1995-07-19,11.83
1995-07-20,12.09
1995-07-21,12.16
1995-07-24,11.67
1995-07-25,12.51
1995-07-26,16.04
1995-07-27,16.98
1995-07-28,16.98
1995-07-31,19.56
1995-08-01,18.12
1995-08-02,17.88
1995-08-03,12.71
1995-08-04,11.46
1995-08-07,10.2
1995-08-08,9.58
1995-08-09,7.44
1995-08-10,6.41
1995-08-11,6.26
1995-08-14,5.63
1995-08-15,5.39
1995-08-16,8.45
1995-08-17,12.27
1995-08-18,18.36
1995-08-21,17.77
1995-08-22,17.5
1995-08-23,13.76
1995-08-24,11.89
1995-08-25,9.04
1995-08-28,8.51
1995-08-29,7.76
1995-08-30,7.76
1995-08-31,13.39
1995-09-01,11.88
1995-09-04,10.23
1995-09-05,9.13
1995-09-06,6.6
1995-09-07,6.37
1995-09-08,4.27
1995-09-11,10.12
1995-09-12,11.6
1995-09-13,8.5
1995-09-14,11.5
1995-09-15,8.13
1995-09-18,11.87
1995-09-19,15.11
1995-09-20,16.27
1995-09-21,15.46
1995-09-22,14.87
1995-09-25,14.49
1995-09-26,15.14
1995-09-27,14.72
1995-09-28,15.69
1995-09-29,17.34
1995-10-02,16.11
1995-10-03,16.13
1995-10-04,14.62
1995-10-05,14.6
1995-10-06,9.74
1995-10-09,8.68
1995-10-10,8.47
1995-10-11,15.67
1995-10-12,16.33
1995-10-13,10.91
1995-10-16,9.36
1995-10-17,11.61
1995-10-18,7.63
1995-10-19,7.71
1995-10-20,7.84
1995-10-23,10.19
1995-10-24,10.21
1995-10-25,10.72
1995-10-26,8.72
1995-10-27,8.32
1995-10-30,6.06
1995-10-31,14.05
1995-11-01,14.05
1995-11-02,11.16
1995-11-03,9.62
1995-11-06,8.72
1995-11-07,6.2
1995-11-08,7.04
1995-11-09,5.81
1995-11-10,6.06
1995-11-13,4.91
1995-11-14,4.42
1995-11-15,5.45
1995-11-16,5.55
1995-11-17,9.83
1995-11-20,13.83
1995-11-21,14.56
1995-11-22,15.01
1995-11-23,15.01
1995-11-24,15.19
1995-11-27,15.03
1995-11-28,15.18
1995-11-29,14.96
1995-11-30,15.97
1995-12-01,14.77
1995-12-04,12.5
1995-12-05,11.4
1995-12-06,10.44
1995-12-07,11.04
1995-12-08,11.04
1995-12-11,7.98
1995-12-12,9.57
1995-12-13,7.03
1995-12-14,6.64
1995-12-15,8.5
1995-12-18,8.48
1995-12-19,10.09
1995-12-20,13.12
1995-12-21,14.73
1995-12-22,15.68
1995-12-25,15.68
1995-12-26,16.33
1995-12-27,16.38
1995-12-28,16.55
1995-12-29,16.55
1996-01-01,16.55
1996-01-02,15.54
1996-01-03,14.44
1996-01-04,12.05
1996-01-05,8.73
1996-01-08,11.14
1996-01-09,9.71
1996-01-10,6.66
1996-01-11,5.92
1996-01-12,5.19
1996-01-15,14.22
1996-01-16,6.34
1996-01-17,11.32
1996-01-18,10.78
1996-01-19,10.78
1996-01-22,13.33
1996-01-23,13.81
1996-01-24,14.21
1996-01-25,13.97
1996-01-26,11.9
1996-01-29,11.28
1996-01-30,12.81
1996-01-31,13.51
1996-02-01,13.27
1996-02-02,13.33
1996-02-05,13.21
1996-02-06,13.07
1996-02-07,9.02
1996-02-08,5.65
1996-02-09,4.09
1996-02-12,3.23
1996-02-13,2.61
1996-02-14,2.61
1996-02-15,2.61
1996-02-16,10.93
1996-02-19,13.72
1996-02-20,13.96
1996-02-21,11.82
1996-02-22,11.32
1996-02-23,8.25
1996-02-26,5.99
1996-02-27,4.54
1996-02-28,4.38
1996-02-29,3.33
1996-03-01,10.01
1996-03-04,6.68
1996-03-05,3.16
1996-03-06,2.45
1996-03-07,2.49
1996-03-08,2.45
1996-03-11,2.21
1996-03-12,2.04
1996-03-13,1.81
1996-03-14,1.91
1996-03-15,5.24
1996-03-18,10.75
1996-03-19,11.95
1996-03-20,12.01
1996-03-21,11.67
1996-03-22,12.78
1996-03-25,12.31
1996-03-26,11.08
1996-03-27,9.79
1996-03-28,6.22
1996-03-29,5.88
1996-04-01,12.72
1996-04-02,13.71
1996-04-03,14.26
1996-04-04,14.26
1996-04-05,14.26
1996-04-08,13.2
1996-04-09,12.18
1996-04-10,7.29
1996-04-11,6.42
1996-04-12,6.46
1996-04-15,4.91
1996-04-16,4.94
1996-04-17,4.49
1996-04-18,4.77
1996-04-19,5.42
1996-04-22,10.95
1996-04-23,13.57
1996-04-24,14.77
1996-04-25,14.82
1996-04-26,14.36
1996-04-29,14.41
1996-04-30,15.46
1996-05-01,15.46
1996-05-02,15.08
1996-05-03,14.07
1996-05-06,14.53
1996-05-07,15.06
1996-05-08,14.09
1996-05-09,12.4
1996-05-10,7.98
1996-05-13,6.12
1996-05-14,6.87
1996-05-15,5.57
1996-05-16,7.67
1996-05-17,9.65
1996-05-20,12.92
1996-05-21,12.11
1996-05-22,12.85
1996-05-23,14.24
1996-05-24,13.75
1996-05-27,14.9
1996-05-28,14.6
1996-05-29,13.5
1996-05-30,13.64
1996-05-31,13.82
1996-06-03,13.66
1996-06-04,14.37
1996-06-05,14.46
1996-06-06,14.16
1996-06-07,11.84
1996-06-10,6.47
1996-06-11,2.94
1996-06-12,2.29
1996-06-13,2.31
1996-06-14,3.08
1996-06-17,12.48
1996-06-18,12.94
1996-06-19,13.86
1996-06-20,13.79
1996-06-21,13.17
1996-06-24,11.63
1996-06-25,12.78
1996-06-26,13.81
1996-06-27,15.13
1996-06-28,15.15
1996-07-01,15.77
1996-07-02,14.85
1996-07-03,14.99
1996-07-04,14.76
1996-07-05,14.39
1996-07-08,12.67
1996-07-09,7.78
1996-07-10,3.82
1996-07-11,2.34
1996-07-12,2.11
1996-07-15,1.76
1996-07-16,7.63
1996-07-17,12.42
1996-07-18,14.23
1996-07-19,15.24
1996-07-22,15.54
1996-07-23,15.25
1996-07-24,14.93
1996-07-25,15.09
1996-07-26,15.43
1996-07-29,15.43
1996-07-30,14.46
1996-07-31,14.78
1996-08-01,14.48
1996-08-02,14.26
1996-08-05,13.05
1996-08-06,7.2
1996-08-07,6.42
1996-08-08,6.29
1996-08-09,3.52
1996-08-12,1.91
1996-08-13,1.24
1996-08-14,1.24
1996-08-15,1.67
1996-08-16,12.48
1996-08-19,15.29
1996-08-20,14.89
1996-08-21,15.34
1996-08-22,15.59
1996-08-23,15.44
1996-08-26,15.37
1996-08-27,15.63
1996-08-28,15.81
1996-08-29,16.36
1996-08-30,16.36
1996-09-02,14.79
1996-09-03,15.3
1996-09-04,15.2
1996-09-05,13.83
1996-09-06,8.41
1996-09-09,4.96
1996-09-10,3.85
1996-09-11,2.77
1996-09-12,1.69
1996-09-13,1.31
1996-09-16,11.27
1996-09-17,14.98
1996-09-18,15.35
1996-09-19,14.18
1996-09-20,14.99
1996-09-23,15.41
1996-09-24,14.81
1996-09-25,7.44
1996-09-26,4.83
1996-09-27,12.92
1996-09-30,15.39
1996-10-01,14.69
1996-10-02,14.3
1996-10-03,10.63
1996-10-04,10.61
1996-10-07,12.72
1996-10-08,12.72
1996-10-09,14.49
1996-10-10,12.09
1996-10-11,13.94
1996-10-14,7.81
1996-10-15,4.06
1996-10-16,14.16
1996-10-17,15.53
1996-10-18,15.77
1996-10-21,15.79
1996-10-22,15.91
1996-10-23,16.2
1996-10-24,17.06
1996-10-25,18.3
1996-10-28,18.57
1996-10-29,18.85
1996-10-30,18.86
1996-10-31,18.86
1996-11-01,18.86
1996-11-04,18.86
1996-11-05,18.87
1996-11-06,18.54
1996-11-07,14.38
1996-11-08,11.78
1996-11-11,12.06
1996-11-12,5.01
1996-11-13,3.42
1996-11-14,2.39
1996-11-15,15.58
1996-11-18,15.95
1996-11-19,16.72
1996-11-20,16.74
1996-11-21,16.79
1996-11-22,16.8
1996-11-25,16.67
1996-11-26,16.7
1996-11-27,16.77
1996-11-28,16.44
1996-11-29,16.78
1996-12-02,16.85
1996-12-03,16.76
1996-12-04,16.68
1996-12-05,16.59
1996-12-06,16.6
1996-12-09,8.02
1996-12-10,1.56
1996-12-11,1.63
1996-12-12,1.39
1996-12-13,1.13
1996-12-16,15.62
1996-12-17,16.01
1996-12-18,17.2
1996-12-19,18.51
1996-12-20,18.95
1996-12-23,18.59
1996-12-24,18.78
1996-12-25,18.78
1996-12-26,18.91
1996-12-27,18.91
1996-12-30,18.88
1996-12-31,18.96
1997-01-01,18.96
1997-01-02,18.83
1997-01-03,17.4
1997-01-06,16.19
1997-01-07,9.32
1997-01-08,6.26
1997-01-09,5.73
1997-01-10,3.27
1997-01-13,1.23
1997-01-14,1.13
1997-01-15,1.14
1997-01-16,14.08
1997-01-17,16.5
1997-01-20,16.57
1997-01-21,16.84
1997-01-22,16.95
1997-01-23,16.9
1997-01-24,16.97
1997-01-27,16.96
1997-01-28,16.91
1997-01-29,16.92
1997-01-30,16.9
1997-01-31,16.88
1997-02-03,17.56
1997-02-04,17.84
1997-02-05,17.93
1997-02-06,17.97
1997-02-07,17.64
1997-02-10,17.98
1997-02-11,18.01
1997-02-12,18
1997-02-13,18.03
1997-02-14,18.05
1997-02-17,18.01
1997-02-18,18.03
1997-02-19,18.06
1997-02-20,18.04
1997-02-21,18.1
1997-02-24,18.13
1997-02-25,18.15
1997-02-26,17.23
1997-02-27,14.59
1997-02-28,14.13
1997-03-03,16.84
1997-03-04,17.9
1997-03-05,18.01
1997-03-06,18.03
1997-03-07,18.07
1997-03-10,18.17
1997-03-11,18.21
1997-03-12,18.12
1997-03-13,7.97
1997-03-14,4.22
1997-03-17,17.62
1997-03-18,17.95
1997-03-19,17.19
1997-03-20,12.77
1997-03-21,11.82
1997-03-24,16.82
1997-03-25,15.97
1997-03-26,14.58
1997-03-27,14.58
1997-03-28,14.58
1997-03-31,13.88
1997-04-01,14.65
1997-04-02,14.92
1997-04-03,15.97
1997-04-04,14.43
1997-04-07,14.33
1997-04-08,13.86
1997-04-09,14.62
1997-04-10,14.1
1997-04-11,13.07
1997-04-14,13.31
1997-04-15,16.18
1997-04-16,16.87
1997-04-17,16.98
1997-04-18,17.28
1997-04-21,17.28
1997-04-22,17.32
1997-04-23,17.16
1997-04-24,17.27
1997-04-25,17.33
1997-04-28,17.28
1997-04-29,17.31
1997-04-30,17.58
1997-05-01,17.58
1997-05-02,17.56
1997-05-05,17.56
1997-05-06,17.51
1997-05-07,17.63
1997-05-08,17.45
1997-05-09,17.35
1997-05-12,17.01
1997-05-13,16.54
1997-05-14,15.94
1997-05-15,14.03
1997-05-16,11.92
1997-05-19,9.63
1997-05-20,12.31
1997-05-21,12.58
1997-05-22,15.36
1997-05-23,15.98
1997-05-26,15.94
1997-05-27,14.97
1997-05-28,14.55
1997-05-29,9.92
1997-05-30,6
1997-06-02,15.15
1997-06-03,15.6
1997-06-04,14.27
1997-06-05,9.3
1997-06-06,5.44
1997-06-09,5.27
1997-06-10,4.29
1997-06-11,3.41
1997-06-12,2.31
1997-06-13,1.37
1997-06-16,1.07
1997-06-17,3.92
1997-06-18,3.42
1997-06-19,12.75
1997-06-20,15.53
1997-06-23,15.67
1997-06-24,15.77
1997-06-25,15.75
1997-06-26,14.1
1997-06-27,9.84
1997-06-30,7.38
1997-07-01,8.7433
1997-07-02,8.96233
1997-07-03,7.30777
1997-07-04,4.71137
1997-07-07,3.89567
1997-07-08,3.06574
1997-07-09,2.50551
1997-07-10,2.6259
1997-07-11,1.65346
1997-07-14,1.76463
1997-07-15,2.02194
1997-07-16,1.73501
1997-07-17,3.30671
1997-07-18,8.97517
1997-07-21,13.5969
1997-07-22,15.7716
1997-07-23,15.9128
1997-07-24,15.968
1997-07-25,16.1501
1997-07-28,16.1501
1997-07-29,16.1501
1997-07-30,16.0769
1997-07-31,16.3047
1997-08-01,16.2781
1997-08-04,16.2721
1997-08-05,15.993
1997-08-06,12.5559
1997-08-07,5.63975
1997-08-08,7.81149
1997-08-11,6.37519
1997-08-12,3.28493
1997-08-13,3.02191
1997-08-14,4.7464
1997-08-15,14.5859
1997-08-18,15.1223
1997-08-19,15.0133
1997-08-20,14.9682
1997-08-21,14.388
1997-08-22,15.0809
1997-08-25,14.5884
1997-08-26,15.0731
1997-08-27,14.9486
1997-08-28,15.2606
1997-08-29,15.8569
1997-09-01,15.8985
1997-09-02,14.6758
1997-09-03,10.7161
1997-09-04,11.3049
1997-09-05,12.6409
1997-09-08,10.5641
1997-09-09,6.75078
1997-09-10,7.5515
1997-09-11,9.72355
1997-09-12,9.93435
1997-09-15,10.5118
1997-09-16,5.23809
1997-09-17,10.2961
1997-09-18,12.775
1997-09-19,14.3569
1997-09-22,14.6315
1997-09-23,14.4448
1997-09-24,11.3324
1997-09-25,11.8506
1997-09-26,5.35893
1997-09-29,2.79708
1997-09-30,3.31227
1997-10-01,7.74132
1997-10-02,14.056
1997-10-03,14.2353
1997-10-06,10.5693
1997-10-07,5.98977
1997-10-08,5.98977
1997-10-09,7.79648
1997-10-10,10.2132
1997-10-13,4.71522
1997-10-14,2.94615
1997-10-15,3.57046
1997-10-16,6.24219
1997-10-17,8.77378
1997-10-20,10.3121
1997-10-21,12.2704
1997-10-22,12.6057
1997-10-23,13.0964
1997-10-24,12.046
1997-10-27,11.4067
1997-10-28,14.2232
1997-10-29,15.6174
1997-10-30,15.9622
1997-10-31,15.6498
1997-11-03,15.8037
1997-11-04,14.3599
1997-11-05,12.0547
1997-11-06,12.7719
1997-11-07,12.91
1997-11-10,13.722
1997-11-11,13.3106
1997-11-12,14.3698
1997-11-13,15.3984
1997-11-14,15.7368
1997-11-17,14.9879
1997-11-18,14.9325
1997-11-19,14.7598
1997-11-20,15.7722
1997-11-21,15.9615
1997-11-24,15.965
1997-11-25,15.9535
1997-11-26,16.0497
1997-11-27,16.0595
1997-11-28,16.0578
1997-12-01,15.9786
1997-12-02,16.0358
1997-12-03,15.8502
1997-12-04,14.652
1997-12-05,15.5932
1997-12-08,15.5932
1997-12-09,13.5607
1997-12-10,12.0121
1997-12-11,12.1227
1997-12-12,11.3498
1997-12-15,7.02512
1997-12-16,4.1955
1997-12-17,6.07415
1997-12-18,7.78516
1997-12-19,11.1521
1997-12-22,15.6462
1997-12-23,15.774
1997-12-24,15.9717
1997-12-25,15.9717
1997-12-26,15.9069
1997-12-29,15.4533
1997-12-30,14.7499
1997-12-31,12.2358
1998-01-01,12.2358
1998-01-02,8.96199
1998-01-05,7.05997
1998-01-06,3.68152
1998-01-07,6.15152
1998-01-08,7.53681
1998-01-09,9.71813
1998-01-12,7.14595
1998-01-13,5.11831
1998-01-14,4.58412
1998-01-15,4.18987
1998-01-16,6.03761
1998-01-19,15.1606
1998-01-20,15.5157
1998-01-21,15.7222
1998-01-22,15.892
1998-01-23,15.9452
1998-01-26,15.9843
1998-01-27,16.0177
1998-01-28,16.037
1998-01-29,16.0702
1998-01-30,16.0845
1998-02-02,16.031
1998-02-03,16.0144
1998-02-04,15.9937
1998-02-05,15.9912
1998-02-06,15.9862
1998-02-09,16.0334
1998-02-10,16.1799
1998-02-11,17.1461
1998-02-12,20.0111
1998-02-13,18.3423
1998-02-16,17.9892
1998-02-17,18.0056
1998-02-18,18.0208
1998-02-19,18.0374
1998-02-20,21.908
1998-02-23,22.7086
1998-02-24,29.0335
1998-02-25,33.2229
1998-02-26,30.7217
1998-02-27,31.2563
1998-03-02,31.1277
1998-03-03,25.5297
1998-03-04,21.8247
1998-03-05,14.0205
1998-03-06,16.3913
1998-03-09,17.0887
1998-03-10,14.6915
1998-03-11,11.854
1998-03-12,8.71288
1998-03-13,6.73711
1998-03-16,6.18659
1998-03-17,6.74271
1998-03-18,17.4089
1998-03-19,18.2961
1998-03-20,16.4522
1998-03-23,13.3615
1998-03-24,10.9348
1998-03-25,9.88818
1998-03-26,7.26307
1998-03-27,5.36148
1998-03-30,5.35004
1998-03-31,12.4557
1998-04-01,14.9001
1998-04-02,14.6153
1998-04-03,14.4535
1998-04-06,14.6833
1998-04-07,14.8863
1998-04-08,12.7414
1998-04-09,12.7414
1998-04-10,12.7414
1998-04-13,9.12658
1998-04-14,6.30003
1998-04-15,6.88694
1998-04-16,7.16455
1998-04-17,12.0451
1998-04-20,12.2285
1998-04-21,15.1343
1998-04-22,15.2998
1998-04-23,14.1908
1998-04-24,14.4437
1998-04-27,15.6976
1998-04-28,17.5319
1998-04-29,17.5899
1998-04-30,17.5575
1998-05-01,17.5575
1998-05-04,17.1551
1998-05-05,17.0286
1998-05-06,15.4625
1998-05-07,14.2855
1998-05-08,14.0062
1998-05-11,14.3748
1998-05-12,15.8238
1998-05-13,16.712
1998-05-14,16.8287
1998-05-15,17.0527
1998-05-18,16.3557
1998-05-19,15.9845
1998-05-20,15.2222
1998-05-21,13.424
1998-05-22,17.2339
1998-05-25,17.368
1998-05-26,17.1635
1998-05-27,16.7156
1998-05-28,15.2601
1998-05-29,13.8722
1998-06-01,14.3125
1998-06-02,16.6478
1998-06-03,17.2558
1998-06-04,18.3903
1998-06-05,18.6876
1998-06-08,18.733
1998-06-09,17.5843
1998-06-10,14.9466
1998-06-11,13.2034
1998-06-12,13.0475
1998-06-15,17.2809
1998-06-16,17.3219
1998-06-17,18.0412
1998-06-18,18.7676
1998-06-19,18.5458
1998-06-22,19.8754
1998-06-23,20.7981
1998-06-24,25.6479
1998-06-25,34.3338
1998-06-26,39.5619
1998-06-29,39.5619
1998-06-30,40.0241
1998-07-01,38.096
1998-07-02,39.1453
1998-07-03,18
1998-07-06,18
1998-07-07,18
1998-07-08,18.0906
1998-07-09,18.2275
1998-07-10,18.5548
1998-07-13,18.148
1998-07-14,17.4616
1998-07-15,23.0527
1998-07-16,23.2194
1998-07-17,26.3731
1998-07-20,28.2836
1998-07-21,28.2626
1998-07-22,25.6535
1998-07-23,26.6341
1998-07-24,29.0115
1998-07-27,29.8169
1998-07-28,29.8169
1998-07-29,29.8169
1998-07-30,27.9734
1998-07-31,22.9186
1998-08-03,23.7776
1998-08-04,25.3597
1998-08-05,20.6038
1998-08-06,18.6211
1998-08-07,25.9407
1998-08-10,21.5159
1998-08-11,23.1235
1998-08-12,18.9017
1998-08-13,18.0718
1998-08-14,17.956
1998-08-17,15.7034
1998-08-18,17.8614
1998-08-19,22.1224
1998-08-20,22.1966
1998-08-21,23.332
1998-08-24,24.6583
1998-08-25,22.5072
1998-08-26,19.5143
1998-08-27,18.5832
1998-08-28,21.1738
1998-08-31,27.6783
1998-09-01,33.1383
1998-09-02,38.2641
1998-09-03,39.902
1998-09-04,44.1263
1998-09-07,42.094
1998-09-08,26.9975
1998-09-09,22.9661
1998-09-10,29.3602
1998-09-11,35.5865
1998-09-14,31.2419
1998-09-15,23.6528
1998-09-16,23.7801
1998-09-17,29.7522
1998-09-18,41.6666
1998-09-21,54.5529
1998-09-22,59.1913
1998-09-23,61.0075
1998-09-24,62.2565
1998-09-25,39.9173
1998-09-28,21.1971
1998-09-29,27.0732
1998-09-30,37.0328
1998-10-01,45.2335
1998-10-02,53.9934
1998-10-05,56.1336
1998-10-06,53.1458
1998-10-07,26.9287
1998-10-08,26.9287
1998-10-09,21.1016
1998-10-12,16.7481
1998-10-13,11.5819
1998-10-14,11.0292
1998-10-15,9.06858
1998-10-16,11.1171
1998-10-19,9.84651
1998-10-20,9.06955
1998-10-21,7.49086
1998-10-22,11.5274
1998-10-23,21.6398
1998-10-26,21.6398
1998-10-27,18.3788
1998-10-28,8.75236
1998-10-29,5.21269
1998-10-30,4.87
1998-11-02,14.5141
1998-11-03,17.5839
1998-11-04,19.2757
1998-11-05,19.3419
1998-11-06,20.9808
1998-11-09,13.8319
1998-11-10,11.3066
1998-11-11,10.0564
1998-11-12,8.32447
1998-11-13,9.57627
1998-11-16,9.43379
1998-11-17,12.3898
1998-11-18,13.6562
1998-11-19,11.7239
1998-11-20,15.9635
1998-11-23,22.4437
1998-11-24,18.4246
1998-11-25,15.4595
1998-11-26,16.0432
1998-11-27,12.813
1998-11-30,10.8648
1998-12-01,12.5863
1998-12-02,12.3255
1998-12-03,12.2834
1998-12-04,12.4834
1998-12-07,10.6582
1998-12-08,10.6582
1998-12-09,9.69471
1998-12-10,6.83741
1998-12-11,4.75969
1998-12-14,3.78077
1998-12-15,6.03878
1998-12-16,2.65491
1998-12-17,8.38036
1998-12-18,16.5705
1998-12-21,19.2593
1998-12-22,20.7476
1998-12-23,21.2448
1998-12-24,20.205
1998-12-25,20.205
1998-12-28,19.3964
1998-12-29,17.5928
1998-12-30,15.4979
1998-12-31,12.547
1999-01-01,12.547
1999-01-04,12.4674
1999-01-05,10.7421
1999-01-06,10.0076
1999-01-07,8.21662
1999-01-08,7.63406
1999-01-11,8.1538
1999-01-12,8.31959
1999-01-13,13.0231
1999-01-14,15.4928
1999-01-15,16.5372
1999-01-18,12.903
1999-01-19,7.98853
1999-01-20,14.3802
1999-01-21,18.1998
1999-01-22,18.6669
1999-01-25,21.9527
1999-01-26,22.8272
1999-01-27,22.692
1999-01-28,19.3592
1999-01-29,20.307
1999-02-01,21.314
1999-02-02,18.6293
1999-02-03,18.4026
1999-02-04,18.0547
1999-02-05,17.3576
1999-02-08,18.0291
1999-02-09,18.6122
1999-02-10,18.729
1999-02-11,18.5558
1999-02-12,19.4839
1999-02-15,22.4449
1999-02-16,23.3868
1999-02-17,24.9233
1999-02-18,26.4082
1999-02-19,26.2366
1999-02-22,24.9521
1999-02-23,24.5645
1999-02-24,24.2096
1999-02-25,25.1141
1999-02-26,28.178
1999-03-01,28.9271
1999-03-02,33.3152
1999-03-03,57.9261
1999-03-04,56.2329
1999-03-05,43.4815
1999-03-08,31.1436
1999-03-09,22.2188
1999-03-10,19.6788
1999-03-11,13.8577
1999-03-12,8.81786
1999-03-15,6.54694
1999-03-16,6.22333
1999-03-17,6.2972
1999-03-18,7.07573
1999-03-19,22.7514
1999-03-22,28.2523
1999-03-23,27.482
1999-03-24,18.3381
1999-03-25,17.8062
1999-03-26,18.4716
1999-03-29,14.5593
1999-03-30,15.4171
1999-03-31,25.1472
1999-04-01,25.1472
1999-04-02,25.1472
1999-04-05,25.4593
1999-04-06,22.4989
1999-04-07,19.4076
1999-04-08,16.7771
1999-04-09,14.7506
1999-04-12,11.7963
1999-04-13,8.77514
1999-04-14,7.96153
1999-04-15,9.33811
1999-04-16,12.5747
1999-04-19,18.487
1999-04-20,15.8702
1999-04-21,15.1096
1999-04-22,17.5813
1999-04-23,16.5205
1999-04-26,20.5807
1999-04-27,19.6475
1999-04-28,12.5969
1999-04-29,9.04744
1999-04-30,9.94105
1999-05-03,11.043
1999-05-04,11.8351
1999-05-05,9.78933
1999-05-06,9.03125
1999-05-07,9.79548
1999-05-10,8.57031
1999-05-11,9.33445
1999-05-12,7.69435
1999-05-13,8.42745
1999-05-14,6.93852
1999-05-17,7.58173
1999-05-18,7.46538
1999-05-19,10.1316
1999-05-20,12.1534
1999-05-21,16.4628
1999-05-24,17.8028
1999-05-25,19.9627
1999-05-26,19.2558
1999-05-27,18.0616
1999-05-28,15.685
1999-05-31,8.6295
1999-06-01,7.44501
1999-06-02,8.4907
1999-06-03,8.45597
1999-06-04,9.18289
1999-06-07,8.4887
1999-06-08,7.29954
1999-06-09,7.78345
1999-06-10,8.57555
1999-06-11,8.94919
1999-06-14,9.18033
1999-06-15,12.749
1999-06-16,13.8407
1999-06-17,18.6861
1999-06-18,19.6
1999-06-21,20.37
1999-06-22,22.65
1999-06-23,17.55
1999-06-24,14.45
1999-06-25,13.56
1999-06-28,13.25
1999-06-29,13.25
1999-06-30,11.42
1999-07-01,11.4339
1999-07-02,11.549
1999-07-05,10.498
1999-07-06,10.3707
1999-07-07,11.2091
1999-07-08,10.2154
1999-07-09,10.0596
1999-07-12,10.609
1999-07-13,8.48065
1999-07-14,6.29164
1999-07-15,5.88653
1999-07-16,6.01582
1999-07-19,7.53107
1999-07-20,7.01637
1999-07-21,3.10653
1999-07-22,2.24421
1999-07-23,2.18826
1999-07-26,1.89812
1999-07-27,1.99671
1999-07-28,1.99671
1999-07-29,1.99671
1999-07-30,1.43368
1999-08-02,2.60304
1999-08-03,5.16261
1999-08-04,11.0935
1999-08-05,8.94209
1999-08-06,5.49203
1999-08-09,3.5666
1999-08-10,5.39856
1999-08-11,4.82639
1999-08-12,4.83509
1999-08-13,6.76041
1999-08-16,5.04808
1999-08-17,4.98833
1999-08-18,4.77581
1999-08-19,7.69265
1999-08-20,12.9686
1999-08-23,12.9388
1999-08-24,12.4313
1999-08-25,10.0385
1999-08-26,5.39633
1999-08-27,4.13579
1999-08-30,4.13579
1999-08-31,3.74
1999-09-01,6.65758
1999-09-02,11.3809
1999-09-03,13.7916
1999-09-06,12.0942
1999-09-07,9.89491
1999-09-08,10.6968
1999-09-09,11.823
1999-09-10,14.4129
1999-09-13,15.5618
1999-09-14,12.7571
1999-09-15,12.4797
1999-09-16,12.2178
1999-09-17,12.2831
1999-09-20,12.5764
1999-09-21,11.3267
1999-09-22,14.6001
1999-09-23,15.197
1999-09-24,18.8229
1999-09-27,20.8537
1999-09-28,15.8561
1999-09-29,16.6284
1999-09-30,22.5428
1999-10-01,24.3365
1999-10-04,22.5494
1999-10-05,21.3332
1999-10-06,18.1406
1999-10-07,17.6083
1999-10-08,17.6083
1999-10-11,17.977
1999-10-12,18.3219
1999-10-13,17.861
1999-10-14,17.4713
1999-10-15,20.5532
1999-10-18,18.1304
1999-10-19,17.6455
1999-10-20,20.3554
1999-10-21,19.9395
1999-10-22,18.0536
1999-10-25,16.0444
1999-10-26,19.8429
1999-10-27,17.0502
1999-10-28,16.7372
1999-10-29,16.3775
1999-11-01,16.3775
1999-11-02,15.5783
1999-11-03,16.5685
1999-11-04,18.9297
1999-11-05,20.0143
1999-11-08,20.1562
1999-11-09,19.2959
1999-11-10,16.5683
1999-11-11,17.4675
1999-11-12,20.4895
1999-11-15,20.0836
1999-11-16,20.9793
1999-11-17,22.3506
1999-11-18,22.1187
1999-11-19,20.1399
1999-11-22,18.1745
1999-11-23,13.6779
1999-11-24,14.2826
1999-11-25,13.2081
1999-11-26,13.1104
1999-11-29,11.084
1999-11-30,9.01123
1999-12-01,16.6011
1999-12-02,15.8805
1999-12-03,14.9224
1999-12-06,15.7601
1999-12-07,16.654
1999-12-08,16.654
1999-12-09,16.2887
1999-12-10,11.9755
1999-12-13,9.23315
1999-12-14,15.8304
1999-12-15,18.071
1999-12-16,20.3145
1999-12-17,17.7343
1999-12-20,14.904
1999-12-21,14.1888
1999-12-22,15.6821
1999-12-23,16.4876
1999-12-24,18.5763
1999-12-27,19.4553
1999-12-28,21.9131
1999-12-29,20.556
1999-12-30,21.5124
1999-12-31,23.9677
2000-01-03,17.023
2000-01-04,19.5386
2000-01-05,20.1916
2000-01-06,16.6247
2000-01-07,15.4748
2000-01-10,13.7212
2000-01-11,12.4537
2000-01-12,12.0963
2000-01-13,12.7856
2000-01-14,18.199
2000-01-17,18.2075
2000-01-18,18.0428
2000-01-19,17.3076
2000-01-20,16.4207
2000-01-21,16.2337
2000-01-24,17.4385
2000-01-25,16.5553
2000-01-26,15.8279
2000-01-27,15.2057
2000-01-28,14.61
2000-01-31,13.0193
2000-02-01,16.8779
2000-02-02,16.3645
2000-02-03,15.6891
2000-02-04,13.5183
2000-02-07,13.229
2000-02-08,13.1515
2000-02-09,15.1865
2000-02-10,15.6713
2000-02-11,13.8499
2000-02-14,11.984
2000-02-15,9.82979
2000-02-16,8.00296
2000-02-17,5.55924
2000-02-18,3.14486
2000-02-21,2.40459
2000-02-22,2.12527
2000-02-23,8.99932
2000-02-24,5.79963
2000-02-25,2.79462
2000-02-28,2.14682
2000-02-29,1.84119
2000-03-01,10.1382
2000-03-02,11.8106
2000-03-03,14.2683
2000-03-06,14.1586
2000-03-07,12.1359
2000-03-08,9.33311
2000-03-09,7.4014
2000-03-10,9.00353
2000-03-13,7.34433
2000-03-14,10.4821
2000-03-15,7.51882
2000-03-16,8.03641
2000-03-17,9.77106
2000-03-20,8.77861
2000-03-21,8.89487
2000-03-22,10.3784
2000-03-23,10.61
2000-03-24,13.8499
2000-03-27,16.7792
2000-03-28,15.5437
2000-03-29,12.0725
2000-03-30,7.74948
2000-03-31,7.89455
2000-04-03,13.8575
2000-04-04,14.2331
2000-04-05,14.0542
2000-04-06,14.6291
2000-04-07,17.1691
2000-04-10,17.4309
2000-04-11,16.3031
2000-04-12,17.6174
2000-04-13,17.2303
2000-04-14,17.6028
2000-04-17,16.8411
2000-04-18,16.7325
2000-04-19,16.7832
2000-04-20,16.7832
2000-04-21,16.7832
2000-04-24,14.8981
2000-04-25,7.40785
2000-04-26,4.77115
2000-04-27,12.4456
2000-04-28,10.1529
2000-05-01,10.1529
2000-05-02,15.7205
2000-05-03,15.5794
2000-05-04,16.382
2000-05-05,15.9606
2000-05-08,14.9668
2000-05-09,14.4197
2000-05-10,15.049
2000-05-11,15.7819
2000-05-12,15.9602
2000-05-15,15.8061
2000-05-16,14.9005
2000-05-17,15.153
2000-05-18,14.1636
2000-05-19,17.1952
2000-05-22,17.5363
2000-05-23,17.8632
2000-05-24,17.4148
2000-05-25,15.7003
2000-05-26,16.9449
2000-05-29,16.0114
2000-05-30,16.9
2000-05-31,18.8491
2000-06-01,17.0597
2000-06-02,16.9167
2000-06-05,15.1
2000-06-06,15.1811
2000-06-07,15.3437
2000-06-08,15.5613
2000-06-09,16.0922
2000-06-12,14.3098
2000-06-13,14.0321
2000-06-14,15.6495
2000-06-15,16.0162
2000-06-16,14.738
2000-06-19,15.3891
2000-06-20,14.7915
2000-06-21,14.0644
2000-06-22,13.1234
2000-06-23,10.3382
2000-06-26,10.5214
2000-06-27,11.6155
2000-06-28,8.27615
2000-06-29,8.27615
2000-06-30,11.7769
2000-07-03,13.8744
2000-07-04,12.7077
2000-07-05,12.1622
2000-07-06,12.9796
2000-07-07,12.6319
2000-07-10,11.5032
2000-07-11,10.2471
2000-07-12,10.5157
2000-07-13,10.4513
2000-07-14,11.4775
2000-07-17,11.3757
2000-07-18,11.9508
2000-07-19,12.405
2000-07-20,12.37
2000-07-21,11.3086
2000-07-24,11.3467
2000-07-25,10.8279
2000-07-26,10.8333
2000-07-27,10.1445
2000-07-28,10.1445
2000-07-31,8.45
2000-08-01,11.673
2000-08-02,11.7004
2000-08-03,12.4085
2000-08-04,12.2623
2000-08-07,11.1405
2000-08-08,8.41089
2000-08-09,7.3062
2000-08-10,5.9088
2000-08-11,6.36402
2000-08-14,9.33259
2000-08-15,9.97673
2000-08-16,9.56171
2000-08-17,9.70688
2000-08-18,8.645
2000-08-21,7.98651
2000-08-22,6.74351
2000-08-23,6.58628
2000-08-24,6.97419
2000-08-25,6.7888
2000-08-28,6.21669
2000-08-29,7.1594
2000-08-30,7.1594
2000-08-31,11.1913
2000-09-01,10.7703
2000-09-04,9.12411
2000-09-05,9.00382
2000-09-06,9.28078
2000-09-07,9.17945
2000-09-08,9.40131
2000-09-11,9.26462
2000-09-12,8.67753
2000-09-13,8.62104
2000-09-14,9.69812
2000-09-15,10.4042
2000-09-18,13.6788
2000-09-19,13.5633
2000-09-20,16.6948
2000-09-21,15.28
2000-09-22,18.3423
2000-09-25,15.6391
2000-09-26,12.805
2000-09-27,8.73421
2000-09-28,14.2809
2000-09-29,19.45
2000-10-02,18.5181
2000-10-03,17.9545
2000-10-04,18.6109
2000-10-05,18.4005
2000-10-06,16.4989
2000-10-09,16.5442
2000-10-10,16.2346
2000-10-11,15.8415
2000-10-12,15.9107
2000-10-13,16.4415
2000-10-16,15.587
2000-10-17,14.2558
2000-10-18,12.91
2000-10-19,10.0671
2000-10-20,10.2919
2000-10-23,14.4102
2000-10-24,14.1518
2000-10-25,13.9795
2000-10-26,12.7176
2000-10-27,11.9029
2000-10-30,13.7291
2000-10-31,13.2132
2000-11-01,13.2132
2000-11-02,14.9011
2000-11-03,14.747
2000-11-06,13.4649
2000-11-07,12.9871
2000-11-08,13.1653
2000-11-09,15.0136
2000-11-10,15.1475
2000-11-13,15.6289
2000-11-14,17.1015
2000-11-15,15.3265
2000-11-16,14.1692
2000-11-17,13.0336
2000-11-20,15.9808
2000-11-21,17.3806
2000-11-22,16.3637
2000-11-23,14.357
2000-11-24,11.5094
2000-11-27,12.1737
2000-11-28,12.3634
2000-11-29,11.42
2000-11-30,8.91
2000-12-01,13.8914
2000-12-04,12.9309
2000-12-05,12.6131
2000-12-06,13.1681
2000-12-07,13.4162
2000-12-08,13.4162
2000-12-11,11.7506
2000-12-12,10.5492
2000-12-13,11.0609
2000-12-14,11.5518
2000-12-15,11.0038
2000-12-18,11.6122
2000-12-19,11.5268
2000-12-20,11.5368
2000-12-21,11.2254
2000-12-22,10.3299
2000-12-25,10.3299
2000-12-26,9.37444
2000-12-27,10.647
2000-12-28,10.3647
2000-12-29,9.34241
2001-01-01,9.34241
2001-01-02,10.8976
2001-01-03,10.9771
2001-01-04,11.1716
2001-01-05,11.2521
2001-01-08,10.944
2001-01-09,10.9173
2001-01-10,10.9257
2001-01-11,10.8688
2001-01-12,11.219
2001-01-15,11.4731
2001-01-16,10.8415
2001-01-17,10.365
2001-01-18,10.0993
2001-01-19,10.6302
2001-01-22,11.1796
2001-01-23,10.9452
2001-01-24,11.0232
2001-01-25,10.6146
2001-01-26,10.8494
2001-01-29,10.2966
2001-01-30,10.3795
2001-01-31,9.99342
2001-02-01,10.5711
2001-02-02,10.8702
2001-02-05,11.1142
2001-02-06,10.9974
2001-02-07,10.7003
2001-02-08,10.7849
2001-02-09,10.866
2001-02-12,10.9731
2001-02-13,11.0389
2001-02-14,11.0133
2001-02-15,11.0359
2001-02-16,11.3282
2001-02-19,11.2443
2001-02-20,11.38
2001-02-21,11.5417
2001-02-22,11.4246
2001-02-23,10.9143
2001-02-26,9.59692
2001-02-27,10.0357
2001-02-28,11.5697
2001-03-01,11.3764
2001-03-02,11.6714
2001-03-05,11.5015
2001-03-06,10.7656
2001-03-07,10.2369
2001-03-08,10.048
2001-03-09,10.1546
2001-03-12,10.0341
2001-03-13,10.0131
2001-03-14,10.4239
2001-03-15,10.4206
2001-03-16,10.1813
2001-03-19,9.87736
2001-03-20,9.71777
2001-03-21,9.50785
2001-03-22,9.69415
2001-03-23,9.87656
2001-03-26,9.70011
2001-03-27,9.94357
2001-03-28,9.82246
2001-03-29,9.85599
2001-03-30,10.5699
2001-04-02,10.7975
2001-04-03,11.115
2001-04-04,11.2093
2001-04-05,11.2067
2001-04-06,11.1862
2001-04-09,12.4283
2001-04-10,12.505
2001-04-11,13.4464
2001-04-12,13.4464
2001-04-13,13.4464
2001-04-16,12.7678
2001-04-17,12.5903
2001-04-18,14.0963
2001-04-19,15.7229
2001-04-20,14.6162
2001-04-23,13.6967
2001-04-24,12.8057
2001-04-25,12.1931
2001-04-26,12.9569
2001-04-27,14.3364
2001-04-30,11.4384
2001-05-01,11.4384
2001-05-02,13.5354
2001-05-03,14.1736
2001-05-04,13.8353
2001-05-07,13.1695
2001-05-08,12.9104
2001-05-09,13.5982
2001-05-10,14.9539
2001-05-11,15.0145
2001-05-14,14.9034
2001-05-15,14.2531
2001-05-16,14.0166
2001-05-17,12.6526
2001-05-18,11.1948
2001-05-21,10.4998
2001-05-22,9.72007
2001-05-23,9.54264
2001-05-24,9.49962
2001-05-25,9.46819
2001-05-28,11.6018
2001-05-29,14.0043
2001-05-30,15.5936
2001-05-31,20.8549
2001-06-01,74.2526
2001-06-04,12.8799
2001-06-05,12.0113
2001-06-06,11.8933
2001-06-07,11.6064
2001-06-08,11.5014
2001-06-11,11.325
2001-06-12,11.1738
2001-06-13,10.3353
2001-06-14,10.0725
2001-06-15,9.7871
2001-06-18,9.74632
2001-06-19,9.55582
2001-06-20,8.94621
2001-06-21,9.25023
2001-06-22,10.1421
2001-06-25,9.56543
2001-06-26,9.80819
2001-06-27,9.76221
2001-06-28,11.6466
2001-06-29,11.6466
2001-07-02,11.3434
2001-07-03,10.949
2001-07-04,10.5137
2001-07-05,10.1688
2001-07-06,9.90601
2001-07-09,9.55398
2001-07-10,8.90678
2001-07-11,8.58633
2001-07-12,9.49214
2001-07-13,9.27221
2001-07-16,8.64653
2001-07-17,8.25633
2001-07-18,8.12852
2001-07-19,7.83322
2001-07-20,6.85407
2001-07-23,6.34674
2001-07-24,5.4186
2001-07-25,5.79157
2001-07-26,7.04464
2001-07-27,6.15757
2001-07-30,6.15757
2001-07-31,5.5132
2001-08-01,7.66355
2001-08-02,6.89665
2001-08-03,6.41537
2001-08-06,6
2001-08-07,5.9963
2001-08-08,6.00965
2001-08-09,6.29425
2001-08-10,6.02674
2001-08-13,6.19858
2001-08-14,5.47222
2001-08-15,4.94621
2001-08-16,5.11433
2001-08-17,5.44842
2001-08-20,5.50367
2001-08-21,5.56843
2001-08-22,5.4996
2001-08-23,5.59151
2001-08-24,5.48875
2001-08-27,5.50908
2001-08-28,5.41312
2001-08-29,5.07353
2001-08-30,5.07353
2001-08-31,5.47418
2001-09-03,5.7313
2001-09-04,5.43277
2001-09-05,5.4717
2001-09-06,5.48356
2001-09-07,5.24056
2001-09-10,5.36817
2001-09-11,6.20238
2001-09-12,6.14397
2001-09-13,6.25
2001-09-14,6.32826
2001-09-17,6.18274
2001-09-18,6.4
2001-09-19,6.17431
2001-09-20,5.64615
2001-09-21,4.84444
2001-09-24,5.60281
2001-09-25,6.5307
2001-09-26,6.481
2001-09-27,6.18887
2001-09-28,6.87688
2001-10-01,6.32161
2001-10-02,6.15942
2001-10-03,5.9776
2001-10-04,6.12405
2001-10-05,5.83824
2001-10-08,5.83824
2001-10-09,5.4718
2001-10-10,5.02257
2001-10-11,5.04407
2001-10-12,5.06993
2001-10-15,4.91552
2001-10-16,4.60622
2001-10-17,4.2851
2001-10-18,3.97863
2001-10-19,3.71094
2001-10-22,3.82921
2001-10-23,3.84761
2001-10-24,3.94376
2001-10-25,4
2001-10-26,3.95896
2001-10-29,3.9614
2001-10-30,3.8115
2001-10-31,4.02253
2001-11-01,4.02253
2001-11-02,4.02253
2001-11-05,4.00908
2001-11-06,4.24234
2001-11-07,4.26621
2001-11-08,4.25
2001-11-09,3.574
2001-11-12,3.45857
2001-11-13,3.34277
2001-11-14,3.32702
2001-11-15,3.37783
2001-11-16,3.39618
2001-11-19,3.36782
2001-11-20,3.47904
2001-11-21,3.36503
2001-11-22,3.27332
2001-11-23,3.08621
2001-11-26,3.0166
2001-11-27,3.04389
2001-11-28,3.0841
2001-11-29,3.21699
2001-11-30,3.4285
2001-12-03,3.25212
2001-12-04,3.05752
2001-12-05,3.18165
2001-12-06,2.94174
2001-12-07,3.11557
2001-12-10,3.03561
2001-12-11,2.82837
2001-12-12,2.82147
2001-12-13,2.9624
2001-12-14,3.10293
2001-12-17,3.05765
2001-12-18,2.9845
2001-12-19,2.9928
2001-12-20,3.25823
2001-12-21,3.37781
2001-12-24,3.22661
2001-12-25,3.22661
2001-12-26,3.23239
2001-12-27,3.20681
2001-12-28,3.22278
2001-12-31,3.24535
2002-01-01,3.24535
2002-01-02,3.10049
2002-01-03,3.02014
2002-01-04,3
2002-01-07,2.98
2002-01-08,2.94
2002-01-09,3.01
2002-01-10,3.03
2002-01-11,2.78
2002-01-14,2.55
2002-01-15,2.37
2002-01-16,2.4
2002-01-17,2.37
2002-01-18,2.47
2002-01-21,2.48
2002-01-22,2.57
2002-01-23,2.68
2002-01-24,2.57
2002-01-25,2.48
2002-01-28,2.44
2002-01-29,2.48
2002-01-30,2.76
2002-01-31,2.81
2002-02-01,2.73
2002-02-04,2.6
2002-02-05,2.83
2002-02-06,2.78
2002-02-07,2.71
2002-02-08,2.44
2002-02-11,2.27
2002-02-12,2.2
2002-02-13,2.13
2002-02-14,2.2
2002-02-15,2.28
2002-02-18,2.27
2002-02-19,2.32
2002-02-20,2.58
2002-02-21,2.73
2002-02-22,2.85
2002-02-25,2.87
2002-02-26,3.03
2002-02-27,3.16
2002-02-28,2.97
2002-03-01,2.53
2002-03-04,2.42
2002-03-05,2.41
2002-03-06,2.32
2002-03-07,2.48
2002-03-08,2.41
2002-03-11,2.36
2002-03-12,2.41
2002-03-13,2.31
2002-03-14,2.41
2002-03-15,2.44
2002-03-18,2.44
2002-03-19,2.41
2002-03-20,2.43
2002-03-21,2.51
2002-03-22,2.65
2002-03-25,2.6
2002-03-26,2.63
2002-03-27,2.73
2002-03-28,2.73
2002-03-29,2.73
2002-04-01,2.55
2002-04-02,2.59
2002-04-03,2.62
2002-04-04,2.73
2002-04-05,2.57
2002-04-08,2.56
2002-04-09,2.4
2002-04-10,2.46
2002-04-11,2.47
2002-04-12,2.47
2002-04-15,2.4
2002-04-16,2.43
2002-04-17,2.47
2002-04-18,2.54
2002-04-19,2.52
2002-04-22,2.4
2002-04-23,2.47
2002-04-24,2.53
2002-04-25,2.5
2002-04-26,2.5
2002-04-29,2.6
2002-04-30,2.62
2002-05-01,2.62
2002-05-02,2.57
2002-05-03,2.59
2002-05-06,2.51
2002-05-07,2.45
2002-05-08,2.35
2002-05-09,2.41
2002-05-10,2.43
2002-05-13,2.42
2002-05-14,2.39
2002-05-15,2.44
2002-05-16,2.51
2002-05-17,2.45
2002-05-20,2.5
2002-05-21,2.43
2002-05-22,2.48
2002-05-23,2.47
2002-05-24,2.46
2002-05-27,2.41
2002-05-28,2.4
2002-05-29,2.36
2002-05-30,2.42
2002-05-31,2.59
2002-06-03,2.46
2002-06-04,2.5
2002-06-05,2.61
2002-06-07,2.72
2002-06-10,2.61
2002-06-11,2.51
2002-06-12,2.52
2002-06-13,2.52
2002-06-14,2.55
2002-06-17,2.49
2002-06-18,2.52
2002-06-19,2.61
2002-06-20,2.72
2002-06-21,2.75
2002-06-24,2.7
2002-06-25,2.67
2002-06-26,2.71
2002-06-27,2.73
2002-06-28,2.88
2002-07-01,2.74
2002-07-02,2.78
2002-07-03,2.82
2002-07-04,2.81
2002-07-05,3.22
2002-07-08,3.18
2002-07-09,3.02
2002-07-10,2.97
2002-07-11,3.16
2002-07-12,3.18
2002-07-15,3.14
2002-07-16,3.03
2002-07-17,3.01
2002-07-18,2.9
2002-07-19,2.87
2002-07-22,2.82
2002-07-23,2.75
2002-07-24,2.75
2002-07-25,2.75
2002-07-26,2.79
2002-07-29,2.79
2002-07-30,2.79
2002-07-31,2.8
2002-08-01,2.97
2002-08-02,3.08
2002-08-05,3.01
2002-08-06,2.89
2002-08-07,2.77
2002-08-08,2.73
2002-08-09,2.75
2002-08-12,2.71
2002-08-13,2.7
2002-08-14,2.65
2002-08-15,2.58
2002-08-16,2.64
2002-08-19,2.7
2002-08-20,2.72
2002-08-21,2.76
2002-08-22,3.12
2002-08-23,3.21
2002-08-26,3.03
2002-08-27,3.17
2002-08-28,3.2
2002-08-29,3.25
2002-08-30,3.25
2002-09-02,3.28
2002-09-03,3.39
2002-09-04,3.82
2002-09-05,4.47
2002-09-06,4.27
2002-09-09,4.29
2002-09-10,4.25
2002-09-11,5.85
2002-09-12,6.71
2002-09-13,9.38
2002-09-16,12.88
2002-09-17,16.13
2002-09-18,5.6
2002-09-19,4.91
2002-09-20,5.41
2002-09-23,4.99
2002-09-24,3.59
2002-09-25,2.85
2002-09-26,3.25
2002-09-27,4.14
2002-09-30,7.58
2002-10-01,6.52
2002-10-02,6.22
2002-10-03,5.79
2002-10-04,6.38
2002-10-07,6.38
2002-10-08,6.38
2002-10-09,6.18
2002-10-10,5.21
2002-10-11,4.67
2002-10-14,4.54
2002-10-15,4.43
2002-10-16,4.23
2002-10-17,3.84
2002-10-18,3.76
2002-10-21,4.18
2002-10-22,4.2
2002-10-23,3.84
2002-10-24,3.89
2002-10-25,4.5
2002-10-28,3.94
2002-10-29,3.84
2002-10-30,4.18
2002-10-31,4.29
2002-11-01,4.29
2002-11-04,4.23
2002-11-05,4.25
2002-11-06,4.05
2002-11-07,4.05
2002-11-08,3.95
2002-11-11,3.95
2002-11-12,3.84
2002-11-13,3.74
2002-11-14,3.73
2002-11-15,3.76
2002-11-18,3.75
2002-11-19,3.7
2002-11-20,3.77
2002-11-21,3.77
2002-11-22,3.79
2002-11-25,3.68
2002-11-26,3.74
2002-11-27,3.83
2002-11-28,3.99
2002-11-29,4.23
2002-12-02,3.97
2002-12-03,4.17
2002-12-04,4.19
2002-12-05,3.95
2002-12-06,3.77
2002-12-09,3.68
2002-12-10,3.53
2002-12-11,3.55
2002-12-12,3.69
2002-12-13,3.78
2002-12-16,3.58
2002-12-17,3.61
2002-12-18,3.69
2002-12-19,3.6
2002-12-20,3.71
2002-12-23,3.78
2002-12-24,4.04
2002-12-25,4.04
2002-12-26,4.17
2002-12-27,3.71
2002-12-30,3.56
2002-12-31,3.56
2003-01-01,3.56
2003-01-02,3.5
2003-01-03,3.55
2003-01-06,3.55
2003-01-07,3.6
2003-01-08,3.86
2003-01-09,3.82
2003-01-10,3.66
2003-01-13,3.58
2003-01-14,3.61
2003-01-15,3.63
2003-01-16,3.68
2003-01-17,3.77
2003-01-20,3.74
2003-01-21,3.92
2003-01-22,3.9
2003-01-23,3.85
2003-01-24,3.85
2003-01-27,3.79
2003-01-28,3.72
2003-01-29,3.93
2003-01-30,3.86
2003-01-31,3.93
2003-02-03,3.82
2003-02-04,3.89
2003-02-05,3.86
2003-02-06,3.72
2003-02-07,3.73
2003-02-10,3.8
2003-02-11,3.89
2003-02-12,3.91
2003-02-13,3.81
2003-02-14,3.68
2003-02-17,3.59
2003-02-18,3.62
2003-02-19,3.61
2003-02-20,3.8
2003-02-21,3.88
2003-02-24,3.82
2003-02-25,3.89
2003-02-26,3.77
2003-02-27,3.74
2003-02-28,3.82
2003-03-03,3.91
2003-03-04,3.89
2003-03-05,3.89
2003-03-06,3.78
2003-03-07,3.71
2003-03-10,3.76
2003-03-11,3.82
2003-03-12,3.85
2003-03-13,3.83
2003-03-14,3.83
2003-03-17,3.84
2003-03-18,3.8
2003-03-19,3.72
2003-03-20,3.78
2003-03-21,3.87
2003-03-24,3.92
2003-03-25,3.84
2003-03-26,3.85
2003-03-27,3.82
2003-03-28,3.81
2003-03-31,3.94
2003-04-01,3.9
2003-04-02,3.91
2003-04-03,3.91
2003-04-04,3.93
2003-04-07,3.89
2003-04-08,3.81
2003-04-09,3.76
2003-04-10,3.79
2003-04-11,3.78
2003-04-14,3.83
2003-04-15,3.84
2003-04-16,3.82
2003-04-17,3.82
2003-04-18,3.82
2003-04-21,3.8
2003-04-22,3.8
2003-04-23,3.81
2003-04-24,3.82
2003-04-25,3.81
2003-04-28,3.81
2003-04-29,3.79
2003-04-30,3.85
2003-05-01,3.85
2003-05-02,3.91
2003-05-05,3.9
2003-05-06,3.83
2003-05-07,3.8
2003-05-08,3.78
2003-05-09,3.77
2003-05-12,3.75
2003-05-13,3.74
2003-05-14,3.72
2003-05-15,3.72
2003-05-16,3.74
2003-05-19,3.8
2003-05-20,3.7
2003-05-21,3.7
2003-05-22,3.75
2003-05-23,3.76
2003-05-26,3.75
2003-05-27,3.8
2003-05-28,3.95
2003-05-29,3.79
2003-05-30,3.73
2003-06-02,3.81
2003-06-03,3.8
2003-06-04,3.8
2003-06-05,3.8
2003-06-06,3.81
2003-06-09,3.81
2003-06-10,3.8
2003-06-11,3.81
2003-06-12,3.8
2003-06-13,3.8
2003-06-16,3.77
2003-06-17,3.71
2003-06-18,3.72
2003-06-19,3.7
2003-06-20,3.68
2003-06-23,3.75
2003-06-24,3.73
2003-06-25,3.74
2003-06-26,3.69
2003-06-27,3.71
2003-06-30,3.78
2003-07-01,3.75
2003-07-02,3.65
2003-07-03,3.57
2003-07-04,3.54
2003-07-07,3.53
2003-07-08,3.54
2003-07-09,3.55
2003-07-10,3.51
2003-07-11,3.41
2003-07-14,3.35
2003-07-15,3.33
2003-07-16,3.37
2003-07-17,3.4
2003-07-18,3.45
2003-07-21,3.4
2003-07-22,3.42
2003-07-23,3.55
2003-07-24,3.49
2003-07-25,3.49
2003-07-28,3.49
2003-07-29,3.49
2003-07-30,3.51
2003-07-31,3.57
2003-08-01,3.52
2003-08-04,3.46
2003-08-05,3.41
2003-08-06,3.38
2003-08-07,3.27
2003-08-08,2.9
2003-08-11,2.77
2003-08-12,2.8
2003-08-13,2.85
2003-08-14,2.85
2003-08-15,2.83
2003-08-18,2.85
2003-08-19,2.87
2003-08-20,2.92
2003-08-21,2.9
2003-08-22,2.87
2003-08-25,2.85
2003-08-26,2.88
2003-08-27,2.92
2003-08-28,2.99
2003-08-29,2.95
2003-09-01,2.9
2003-09-02,2.95
2003-09-03,2.92
2003-09-04,2.87
2003-09-05,2.74
2003-09-08,2.75
2003-09-09,2.81
2003-09-10,2.76
2003-09-11,2.75
2003-09-12,2.78
2003-09-15,2.78
2003-09-16,2.77
2003-09-17,2.71
2003-09-18,2.74
2003-09-19,2.76
2003-09-22,2.79
2003-09-23,2.8
2003-09-24,2.71
2003-09-25,2.76
2003-09-26,2.73
2003-09-29,2.74
2003-09-30,2.73
2003-10-01,2.83
2003-10-02,2.81
2003-10-03,2.76
2003-10-06,2.75
2003-10-07,2.73
2003-10-08,2.73
2003-10-09,2.76
2003-10-10,2.79
2003-10-13,2.77
2003-10-14,2.77
2003-10-15,2.66
2003-10-16,2.65
2003-10-17,2.57
2003-10-20,2.79
2003-10-21,2.79
2003-10-22,2.64
2003-10-23,2.59
2003-10-24,2.7
2003-10-27,2.79
2003-10-28,2.7
2003-10-29,2.57
2003-10-30,2.71
2003-10-31,2.71
2003-11-03,2.77
2003-11-04,2.81
2003-11-05,2.76
2003-11-06,2.75
2003-11-07,2.51
2003-11-10,2.55
2003-11-11,2.52
2003-11-12,2.43
2003-11-13,2.47
2003-11-14,2.54
2003-11-17,2.49
2003-11-18,2.48
2003-11-19,2.49
2003-11-20,2.48
2003-11-21,2.48
2003-11-24,2.47
2003-11-25,2.45
2003-11-26,2.45
2003-11-27,2.58
2003-11-28,2.6
2003-12-01,2.6
2003-12-02,2.52
2003-12-03,2.52
2003-12-04,2.52
2003-12-05,2.5
2003-12-08,2.5
2003-12-09,2.47
2003-12-10,2.52
2003-12-11,2.52
2003-12-12,2.56
2003-12-15,2.54
2003-12-16,2.5
2003-12-17,2.51
2003-12-18,2.51
2003-12-19,2.5
2003-12-22,2.5
2003-12-23,2.52
2003-12-24,2.51
2003-12-25,2.51
2003-12-26,2.5
2003-12-29,2.48
2003-12-30,2.33
2003-12-31,2.36
2004-01-01,2.36
2004-01-02,2.5
2004-01-05,2.46
2004-01-06,2.49
2004-01-07,2.46
2004-01-08,2.41
2004-01-09,2.29
2004-01-12,2.32
2004-01-13,2.51
2004-01-14,2.53
2004-01-15,2.56
2004-01-16,2.27
2004-01-19,2.24
2004-01-20,2.29
2004-01-21,2.35
2004-01-22,2.39
2004-01-23,2.37
2004-01-26,2.39
2004-01-27,2.46
2004-01-28,2.51
2004-01-29,2.6
2004-01-30,2.47
2004-02-02,2.57
2004-02-03,2.55
2004-02-04,2.55
2004-02-05,2.58
2004-02-06,2.59
2004-02-09,2.53
2004-02-10,2.5
2004-02-11,2.45
2004-02-12,2.5
2004-02-13,2.46
2004-02-16,2.54
2004-02-17,2.53
2004-02-18,2.47
2004-02-19,2.52
2004-02-20,2.53
2004-02-23,2.52
2004-02-24,2.47
2004-02-25,2.47
2004-02-26,2.54
2004-02-27,2.54
2004-03-01,2.55
2004-03-02,2.54
2004-03-03,2.53
2004-03-04,2.5
2004-03-05,2.47
2004-03-08,2.42
2004-03-09,2.44
2004-03-10,2.44
2004-03-11,2.45
2004-03-12,2.42
2004-03-15,2.41
2004-03-16,2.48
2004-03-17,2.44
2004-03-18,2.49
2004-03-19,2.49
2004-03-22,2.48
2004-03-23,2.44
2004-03-24,2.5
2004-03-25,2.5
2004-03-26,2.48
2004-03-29,2.47
2004-03-30,2.5
2004-03-31,2.5
2004-04-01,2.52
2004-04-02,2.57
2004-04-05,2.6
2004-04-06,2.54
2004-04-07,2.4
2004-04-08,2.4
2004-04-09,2.4
2004-04-12,2.41
2004-04-13,2.44
2004-04-14,2.53
2004-04-15,2.53
2004-04-16,2.41
2004-04-19,2.5
2004-04-20,2.5
2004-04-21,2.46
2004-04-22,2.55
2004-04-23,2.53
2004-04-26,2.53
2004-04-27,2.52
2004-04-28,2.5
2004-04-29,2.51
2004-04-30,2.46
2004-05-03,2.53
2004-05-04,2.53
2004-05-05,2.53
2004-05-06,2.5
2004-05-07,2.49
2004-05-10,2.44
2004-05-11,2.41
2004-05-12,2.45
2004-05-13,2.43
2004-05-14,2.41
2004-05-17,2.42
2004-05-18,2.4
2004-05-19,2.48
2004-05-20,2.52
2004-05-21,2.5
2004-05-24,2.43
2004-05-25,2.47
2004-05-26,2.57
2004-05-27,2.54
2004-05-28,2.52
2004-05-31,2.51
2004-06-01,2.6
2004-06-02,2.57
2004-06-03,2.57
2004-06-04,2.51
2004-06-07,2.5
2004-06-08,2.45
2004-06-09,2.46
2004-06-10,2.5
2004-06-11,2.5
2004-06-14,2.5
2004-06-15,2.24
2004-06-16,2.44
2004-06-17,2.45
2004-06-18,2.38
2004-06-21,2.44
2004-06-22,2.46
2004-06-23,2.45
2004-06-24,2.43
2004-06-25,2.48
2004-06-28,2.49
2004-06-29,2.49
2004-06-30,2.5
2004-07-01,2.55
2004-07-02,2.5
2004-07-05,2.47
2004-07-06,2.36
2004-07-07,2.38
2004-07-08,2.35
2004-07-09,2.29
2004-07-12,2.49
2004-07-13,2.53
2004-07-14,2.48
2004-07-15,2.5
2004-07-16,2.36
2004-07-19,2.35
2004-07-20,2.38
2004-07-21,2.4
2004-07-22,2.44
2004-07-23,2.47
2004-07-26,2.52
2004-07-27,2.5
2004-07-28,2.5
2004-07-29,2.5
2004-07-30,2.45
2004-08-02,2.56
2004-08-03,2.54
2004-08-04,2.53
2004-08-05,2.55
2004-08-06,2.69
2004-08-09,2.71
2004-08-10,2.65
2004-08-11,2.77
2004-08-12,2.82
2004-08-13,2.72
2004-08-16,2.75
2004-08-17,2.73
2004-08-18,2.76
2004-08-19,2.74
2004-08-20,2.77
2004-08-23,2.76
2004-08-24,2.68
2004-08-25,2.63
2004-08-26,2.57
2004-08-27,2.58
2004-08-30,2.58
2004-08-31,2.44
2004-09-01,2.7
2004-09-02,2.71
2004-09-03,2.75
2004-09-06,2.73
2004-09-07,2.73
2004-09-08,2.74
2004-09-09,2.71
2004-09-10,2.68
2004-09-13,2.71
2004-09-14,2.66
2004-09-15,2.74
2004-09-16,2.72
2004-09-17,2.66
2004-09-20,2.71
2004-09-21,2.73
2004-09-22,2.76
2004-09-23,2.77
2004-09-24,2.76
2004-09-27,2.76
2004-09-28,2.8
2004-09-29,2.75
2004-09-30,2.73
2004-10-01,2.8
2004-10-04,2.83
2004-10-05,2.79
2004-10-06,2.79
2004-10-07,2.75
2004-10-08,2.75
2004-10-11,2.77
2004-10-12,2.77
2004-10-13,2.9
2004-10-14,2.93
2004-10-15,2.99
2004-10-18,3
2004-10-19,2.96
2004-10-20,3
2004-10-21,3
2004-10-22,3
2004-10-25,3
2004-10-26,3.04
2004-10-27,3.07
2004-10-28,3.06
2004-10-29,3.1
2004-11-01,3.1
2004-11-02,3.2
2004-11-03,3.25
2004-11-04,3.08
2004-11-05,3.09
2004-11-08,3.08
2004-11-09,2.95
2004-11-10,2.91
2004-11-11,2.96
2004-11-12,2.99
2004-11-15,2.99
2004-11-16,3.05
2004-11-17,3.05
2004-11-18,3.05
2004-11-19,3.01
2004-11-22,2.94
2004-11-23,2.94
2004-11-24,2.99
2004-11-25,3.02
2004-11-26,3
2004-11-29,3
2004-11-30,3.02
2004-12-01,3.07
2004-12-02,3.06
2004-12-03,2.99
2004-12-06,2.97
2004-12-07,3.01
2004-12-08,3.01
2004-12-09,3.06
2004-12-10,3.01
2004-12-13,2.94
2004-12-14,2.9
2004-12-15,2.9
2004-12-16,3.07
2004-12-17,3.07
2004-12-20,3.03
2004-12-21,2.99
2004-12-22,3
2004-12-23,2.99
2004-12-24,2.99
2004-12-27,3.01
2004-12-28,3.01
2004-12-29,2.98
2004-12-30,3
2004-12-31,3.03
2005-01-03,3.05
2005-01-04,2.99
2005-01-05,2.94
2005-01-06,2.96
2005-01-07,2.93
2005-01-10,2.93
2005-01-11,2.94
2005-01-12,2.97
2005-01-13,3.04
2005-01-14,2.97
2005-01-17,3.03
2005-01-18,3.03
2005-01-19,3.01
2005-01-20,2.99
2005-01-21,2.98
2005-01-24,2.98
2005-01-25,2.94
2005-01-26,2.98
2005-01-27,2.96
2005-01-28,2.96
2005-01-31,2.95
2005-02-01,3.04
2005-02-02,3
2005-02-03,2.95
2005-02-04,2.87
2005-02-07,2.93
2005-02-08,2.83
2005-02-09,2.8
2005-02-10,2.81
2005-02-11,2.79
2005-02-14,2.84
2005-02-15,2.88
2005-02-16,3
2005-02-17,3
2005-02-18,2.98
2005-02-21,2.9
2005-02-22,2.87
2005-02-23,3.03
2005-02-24,3.03
2005-02-25,2.89
2005-02-28,2.87
2005-03-01,3.04
2005-03-02,3.02
2005-03-03,3.04
2005-03-04,2.99
2005-03-07,2.91
2005-03-08,2.81
2005-03-09,2.83
2005-03-10,2.87
2005-03-11,2.9
2005-03-14,2.89
2005-03-15,2.83
2005-03-16,2.92
2005-03-17,2.91
2005-03-18,2.81
2005-03-21,2.83
2005-03-22,2.81
2005-03-23,3.01
2005-03-24,3.01
2005-03-25,3.01
2005-03-28,3
2005-03-29,2.94
2005-03-30,2.91
2005-03-31,2.93
2005-04-01,3.04
2005-04-04,3.04
2005-04-05,3.03
2005-04-06,3.06
2005-04-07,3.03
2005-04-08,3.08
2005-04-11,3.05
2005-04-12,3.09
2005-04-13,3.06
2005-04-14,3.03
2005-04-15,3.06
2005-04-18,3.04
2005-04-19,3.01
2005-04-20,3.02
2005-04-21,2.99
2005-04-22,3.02
2005-04-25,3.04
2005-04-26,2.98
2005-04-27,2.99
2005-04-28,3.02
2005-04-29,3.01
2005-05-03,3.1
2005-05-04,3.07
2005-05-05,3.12
2005-05-06,3.07
2005-05-09,2.97
2005-05-10,2.95
2005-05-11,2.97
2005-05-12,2.95
2005-05-13,2.96
2005-05-16,2.89
2005-05-17,2.97
2005-05-18,3.01
2005-05-19,3.05
2005-05-20,3.07
2005-05-23,3.02
2005-05-24,3.02
2005-05-25,2.99
2005-05-26,3.01
2005-05-27,3
2005-05-30,3.01
2005-05-31,3
2005-06-01,3.07
2005-06-02,3.05
2005-06-03,3.01
2005-06-06,2.99
2005-06-07,2.97
2005-06-08,2.98
2005-06-09,2.99
2005-06-10,3
2005-06-13,2.99
2005-06-14,3
2005-06-15,2.98
2005-06-16,2.98
2005-06-17,2.94
2005-06-20,2.92
2005-06-21,2.74
2005-06-22,2.84
2005-06-23,2.99
2005-06-24,3
2005-06-27,3.02
2005-06-28,3
2005-06-29,3
2005-06-30,3
2005-07-01,3.08
2005-07-04,3.02
2005-07-05,3.03
2005-07-06,3.05
2005-07-07,2.98
2005-07-08,3.09
2005-07-11,3
2005-07-12,2.96
2005-07-13,2.95
2005-07-14,2.88
2005-07-15,2.89
2005-07-18,2.94
2005-07-19,3.01
2005-07-20,2.95
2005-07-21,3.02
2005-07-22,3.06
2005-07-25,3.06
2005-07-26,3.02
2005-07-27,2.96
2005-07-28,2.96
2005-07-29,2.96
2005-08-01,3.07
2005-08-02,3.04
2005-08-03,2.99
2005-08-04,2.97
2005-08-05,2.95
2005-08-08,2.92
2005-08-09,2.76
2005-08-10,2.89
2005-08-11,2.91
2005-08-12,2.84
2005-08-15,2.79
2005-08-16,2.91
2005-08-17,3.06
2005-08-18,3.04
2005-08-19,2.97
2005-08-22,2.96
2005-08-23,2.95
2005-08-24,2.94
2005-08-25,3.01
2005-08-26,3.02
2005-08-29,2.99
2005-08-30,2.99
2005-08-31,2.95
2005-09-01,3.04
2005-09-02,3
2005-09-05,2.87
2005-09-06,2.9
2005-09-07,2.91
2005-09-08,2.91
2005-09-09,2.95
2005-09-12,2.95
2005-09-13,2.97
2005-09-14,3
2005-09-15,3
2005-09-16,3.01
2005-09-19,2.99
2005-09-20,2.91
2005-09-21,2.97
2005-09-22,2.99
2005-09-23,3
2005-09-26,3
2005-09-27,2.98
2005-09-28,2.98
2005-09-29,2.99
2005-09-30,3.01
2005-10-03,3.1
2005-10-04,3.06
2005-10-05,3.07
2005-10-06,3.07
2005-10-07,3.05
2005-10-10,3.04
2005-10-11,2.95
2005-10-12,2.96
2005-10-13,3
2005-10-14,3.09
2005-10-17,3.09
2005-10-18,3.03
2005-10-19,3.05
2005-10-20,3.08
2005-10-21,3.03
2005-10-24,3.03
2005-10-25,2.99
2005-10-26,3.01
2005-10-27,3.1
2005-10-28,3.06
2005-10-31,3.02
2005-11-02,3.1
2005-11-03,3.05
2005-11-04,3.03
2005-11-07,3.01
2005-11-08,3
2005-11-09,2.99
2005-11-10,2.91
2005-11-11,2.95
2005-11-14,3
2005-11-15,3
2005-11-16,3.01
2005-11-17,3.03
2005-11-18,2.92
2005-11-21,3
2005-11-22,3
2005-11-23,2.96
2005-11-24,3.04
2005-11-25,3.04
2005-11-28,3.11
2005-11-29,3.12
2005-11-30,3.08
2005-12-01,3.06
2005-12-02,3.34
2005-12-05,3.3
2005-12-06,3.32
2005-12-07,3.34
2005-12-09,3.35
2005-12-12,3.43
2005-12-13,3.36
2005-12-14,3.39
2005-12-15,3.38
2005-12-16,3.44
2005-12-19,3.44
2005-12-20,3.34
2005-12-21,3.39
2005-12-22,3.37
2005-12-23,3.34
2005-12-26,3.3
2005-12-27,3.3
2005-12-28,3.27
2005-12-29,3.29
2005-12-30,3.3
2006-01-02,3.44
2006-01-03,3.56
2006-01-04,3.56
2006-01-05,3.55
2006-01-06,3.6
2006-01-09,3.59
2006-01-10,3.6
2006-01-11,3.6
2006-01-12,3.6
2006-01-13,3.62
2006-01-16,3.63
2006-01-17,3.57
2006-01-18,3.49
2006-01-19,3.5
2006-01-20,3.59
2006-01-23,3.61
2006-01-24,3.6
2006-01-25,3.6
2006-01-26,3.61
2006-01-27,3.7
2006-01-30,3.73
2006-01-31,3.56
2006-02-01,3.81
2006-02-02,3.75
2006-02-03,3.83
2006-02-06,3.84
2006-02-07,3.81
2006-02-08,3.83
2006-02-09,3.81
2006-02-10,3.81
2006-02-13,3.78
2006-02-14,3.74
2006-02-15,3.78
2006-02-16,3.81
2006-02-17,3.83
2006-02-20,3.81
2006-02-21,3.82
2006-02-22,3.81
2006-02-23,3.85
2006-02-24,3.85
2006-02-27,3.86
2006-02-28,3.9
2006-03-01,3.92
2006-03-02,3.98
2006-03-03,4.15
2006-03-06,4.13
2006-03-07,4.12
2006-03-08,4.1
2006-03-09,4.06
2006-03-10,4.04
2006-03-13,4.04
2006-03-14,4.06
2006-03-15,4
2006-03-16,3.99
2006-03-17,4
2006-03-20,4.02
2006-03-21,4.05
2006-03-22,4.06
2006-03-23,4.1
2006-03-24,4.07
2006-03-27,4.09
2006-03-28,4.06
2006-03-29,4.19
2006-03-30,4.38
2006-03-31,4.76
2006-04-03,4.74
2006-04-04,4.77
2006-04-05,4.78
2006-04-06,4.76
2006-04-07,4.53
2006-04-10,4.69
2006-04-11,4.51
2006-04-12,4.36
2006-04-17,4.37
2006-04-18,4.23
2006-04-19,4.05
2006-04-20,4.25
2006-04-21,4.27
2006-04-24,4.24
2006-04-25,4.23
2006-04-26,4.22
2006-04-27,4.25
2006-04-28,4.26
2006-05-02,4.36
2006-05-03,4.42
2006-05-04,4.25
2006-05-05,4.44
2006-05-08,4.47
2006-05-09,4.45
2006-05-10,4.43
2006-05-11,4.45
2006-05-12,4.45
2006-05-15,4.54
2006-05-16,4.51
2006-05-17,4.53
2006-05-18,4.54
2006-05-19,4.51
2006-05-22,4.56
2006-05-23,4.6
2006-05-24,4.56
2006-05-25,4.56
2006-05-26,4.55
2006-05-29,4.55
2006-05-30,4.56
2006-05-31,4.58
2006-06-01,4.73
2006-06-02,4.48
2006-06-05,4.47
2006-06-06,4.49
2006-06-07,4.5
2006-06-08,4.51
2006-06-09,4.5
2006-06-12,4.51
2006-06-13,4.51
2006-06-14,4.5
2006-06-15,4.5
2006-06-16,4.5
2006-06-19,4.54
2006-06-20,4.48
2006-06-21,4.51
2006-06-22,4.58
2006-06-23,4.58
2006-06-26,4.6
2006-06-27,4.6
2006-06-28,4.58
2006-06-30,4.56
2006-07-03,4.59
2006-07-04,4.54
2006-07-05,4.54
2006-07-06,4.5
2006-07-07,4.43
2006-07-10,4.45
2006-07-11,4.46
2006-07-12,4.45
2006-07-13,4.45
2006-07-14,4.42
2006-07-17,4.47
2006-07-18,4.49
2006-07-19,4.52
2006-07-20,4.53
2006-07-21,4.52
2006-07-24,4.62
2006-07-25,4.6
2006-07-26,4.59
2006-07-27,4.59
2006-07-31,4.6
2006-08-01,4.65
2006-08-02,4.63
2006-08-03,4.53
2006-08-04,4.49
2006-08-07,4.39
2006-08-08,4.42
2006-08-09,4.4
2006-08-10,4.42
2006-08-11,4.34
2006-08-14,4.32
2006-08-15,4.35
2006-08-16,4.33
2006-08-17,4.26
2006-08-18,4.42
2006-08-21,4.42
2006-08-22,4.53
2006-08-23,4.51
2006-08-24,4.48
2006-08-25,4.5
2006-08-28,4.46
2006-08-29,4.55
2006-08-31,4.51
2006-09-01,4.53
2006-09-04,4.48
2006-09-05,4.44
2006-09-06,4.44
2006-09-07,4.48
2006-09-08,4.43
2006-09-11,4.47
2006-09-12,4.49
2006-09-13,4.51
2006-09-14,4.53
2006-09-15,4.5
2006-09-18,4.5
2006-09-19,4.47
2006-09-20,4.5
2006-09-21,4.55
2006-09-22,4.49
2006-09-25,4.55
2006-09-26,4.51
2006-09-27,4.55
2006-09-28,4.55
2006-09-29,4.6
2006-10-02,4.6
2006-10-03,4.53
2006-10-04,4.48
2006-10-05,4.48
2006-10-06,4.47
2006-10-09,4.42
2006-10-10,4.44
2006-10-11,4.45
2006-10-12,4.43
2006-10-13,4.5
2006-10-16,4.5
2006-10-17,4.47
2006-10-18,4.48
2006-10-19,4.47
2006-10-20,4.51
2006-10-23,4.51
2006-10-24,4.5
2006-10-25,4.52
2006-10-26,4.5
2006-10-27,4.5
2006-10-30,4.5
2006-10-31,4.41
2006-11-01,4.41
2006-11-02,4.5
2006-11-03,4.5
2006-11-06,4.49
2006-11-07,4.47
2006-11-08,4.45
2006-11-09,4.43
2006-11-10,4.37
2006-11-13,4.43
2006-11-14,4.5
2006-11-15,4.49
2006-11-16,4.47
2006-11-17,4.4
2006-11-20,4.43
2006-11-21,4.44
2006-11-22,4.45
2006-11-23,4.48
2006-11-24,4.5
2006-11-27,4.5
2006-11-28,4.48
2006-11-29,4.49
2006-11-30,4.53
2006-12-01,4.54
2006-12-04,4.61
2006-12-05,4.48
2006-12-06,4.47
2006-12-07,4.47
2006-12-11,4.49
2006-12-12,4.52
2006-12-13,4.54
2006-12-14,4.55
2006-12-15,4.53
2006-12-18,4.44
2006-12-19,4.47
2006-12-20,4.45
2006-12-21,4.44
2006-12-22,4.5
2006-12-26,4.5
2006-12-27,4.51
2006-12-28,4.5
2006-12-29,4.51
2007-01-02,4.48
2007-01-03,4.5
2007-01-04,4.45
2007-01-05,4.4
2007-01-08,4.36
2007-01-09,4.35
2007-01-10,4.37
2007-01-11,4.36
2007-01-12,4.37
2007-01-15,4.42
2007-01-16,4.42
2007-01-17,4.5
2007-01-18,4.53
2007-01-19,4.47
2007-01-22,4.46
2007-01-23,4.51
2007-01-24,4.51
2007-01-25,4.5
2007-01-26,4.47
2007-01-29,4.49
2007-01-30,4.39
2007-01-31,4.43
2007-02-01,4.44
2007-02-02,4.46
2007-02-05,4.46
2007-02-06,4.47
2007-02-07,4.47
2007-02-08,4.48
2007-02-09,4.46
2007-02-12,4.45
2007-02-13,4.46
2007-02-14,4.49
2007-02-15,4.48
2007-02-16,4.5
2007-02-19,4.45
2007-02-20,4.45
2007-02-21,4.48
2007-02-22,4.5
2007-02-23,4.51
2007-02-26,4.5
2007-02-27,4.49
2007-02-28,4.5
2007-03-01,4.52
2007-03-02,4.52
2007-03-05,4.52
2007-03-06,4.53
2007-03-07,4.52
2007-03-08,4.52
2007-03-09,4.5
2007-03-12,4.5
2007-03-13,4.5
2007-03-14,4.48
2007-03-15,4.49
2007-03-16,4.49
2007-03-19,4.49
2007-03-20,4.49
2007-03-21,4.5
2007-03-22,4.49
2007-03-23,4.49
2007-03-26,4.5
2007-03-27,4.5
2007-03-28,4.49
2007-03-29,4.5
2007-03-30,4.51
2007-04-02,4.56
2007-04-03,4.57
2007-04-04,4.52
2007-04-09,4.52
2007-04-10,4.45
2007-04-11,4.52
2007-04-12,4.49
2007-04-13,4.5
2007-04-16,4.5
2007-04-17,4.49
2007-04-18,4.42
2007-04-19,4.45
2007-04-20,4.49
2007-04-23,4.49
2007-04-24,4.5
2007-04-26,4.51
2007-04-27,4.5
2007-04-30,4.49
2007-05-02,4.51
2007-05-03,4.51
2007-05-04,4.5
2007-05-07,4.49
2007-05-08,4.4
2007-05-09,4.45
2007-05-10,4.48
2007-05-11,4.44
2007-05-14,4.5
2007-05-15,4.52
2007-05-16,4.53
2007-05-17,4.5
2007-05-18,4.41
2007-05-21,4.34
2007-05-22,4.37
2007-05-23,4.45
2007-05-24,4.48
2007-05-25,4.45
2007-05-28,4.49
2007-05-29,4.61
2007-05-30,4.51
2007-05-31,4.51
2007-06-01,4.5
2007-06-04,4.45
2007-06-05,4.5
2007-06-06,4.5
2007-06-07,4.47
2007-06-08,4.5
2007-06-11,4.5
2007-06-12,4.5
2007-06-13,4.51
2007-06-14,4.5
2007-06-15,4.57
2007-06-18,4.56
2007-06-19,4.56
2007-06-20,4.52
2007-06-21,4.48
2007-06-22,4.49
2007-06-25,4.49
2007-06-26,4.51
2007-06-27,4.52
2007-06-28,4.5
2007-07-02,4.51
2007-07-03,4.51
2007-07-04,4.5
2007-07-05,4.51
2007-07-06,4.75
2007-07-09,4.75
2007-07-10,4.74
2007-07-11,4.73
2007-07-12,4.75
2007-07-13,4.73
2007-07-16,4.75
2007-07-17,4.75
2007-07-18,4.75
2007-07-19,4.75
2007-07-20,4.75
2007-07-23,4.73
2007-07-24,4.75
2007-07-25,4.75
2007-07-26,4.75
2007-07-27,4.75
2007-07-30,4.76
2007-07-31,4.75
2007-08-01,4.79
2007-08-02,4.87
2007-08-03,4.83
2007-08-06,4.75
2007-08-07,4.76
2007-08-08,4.72
2007-08-09,4.75
2007-08-10,4.7
2007-08-13,4.73
2007-08-14,4.75
2007-08-15,4.75
2007-08-16,4.75
2007-08-17,4.77
2007-08-20,4.75
2007-08-21,4.76
2007-08-22,4.76
2007-08-23,4.75
2007-08-24,4.75
2007-08-27,4.76
2007-08-28,4.79
2007-08-29,4.78
2007-08-31,4.78
2007-09-03,4.75
2007-09-04,4.75
2007-09-05,4.75
2007-09-06,4.77
2007-09-07,5
2007-09-10,5.02
2007-09-11,5
2007-09-12,5
2007-09-13,5
2007-09-14,5
2007-09-17,4.99
2007-09-18,5
2007-09-19,4.99
2007-09-20,4.99
2007-09-21,5
2007-09-24,4.99
2007-09-25,4.98
2007-09-26,5
2007-09-27,4.99
2007-09-28,4.98
2007-10-01,5.02
2007-10-02,5
2007-10-03,4.99
2007-10-04,4.91
2007-10-05,4.92
2007-10-09,4.88
2007-10-10,4.91
2007-10-11,4.9
2007-10-12,4.92
2007-10-15,5.03
2007-10-16,5.01
2007-10-17,5.01
2007-10-18,5.03
2007-10-19,5.01
2007-10-22,5.02
2007-10-23,5.01
2007-10-24,5.01
2007-10-25,5.03
2007-10-26,4.97
2007-10-29,4.99
2007-10-30,5
2007-10-31,4.98
2007-11-02,4.96
2007-11-05,4.9
2007-11-06,4.99
2007-11-07,5
2007-11-08,4.96
2007-11-09,4.97
2007-11-12,4.93
2007-11-13,4.95
2007-11-14,4.97
2007-11-15,4.99
2007-11-16,5
2007-11-19,5
2007-11-20,5
2007-11-21,5
2007-11-22,5
2007-11-23,4.99
2007-11-26,4.99
2007-11-27,5
2007-11-28,5
2007-11-29,5
2007-11-30,5
2007-12-03,5
2007-12-04,5
2007-12-05,5
2007-12-06,5
2007-12-07,4.92
2007-12-10,4.94
2007-12-11,4.99
2007-12-12,4.99
2007-12-13,5
2007-12-14,5
2007-12-17,5
2007-12-18,5
2007-12-19,5.01
2007-12-20,5.01
2007-12-21,4.97
2007-12-24,5
2007-12-26,4.99
2007-12-27,5
2007-12-28,5
2007-12-31,4.99
2008-01-02,5
2008-01-03,4.99
2008-01-04,4.99
2008-01-07,5
2008-01-08,5
2008-01-09,5
2008-01-10,4.91
2008-01-11,5.1
2008-01-14,5.01
2008-01-15,5.08
2008-01-16,5.04
2008-01-17,4.93
2008-01-18,3.33
2008-01-21,4.55
2008-01-22,4.71
2008-01-23,4.55
2008-01-24,1.05
2008-01-25,0.5
2008-01-28,4.25
2008-01-29,4.6
2008-01-30,4.5
2008-01-31,4.52
2008-02-01,4.41
2008-02-04,4.3
2008-02-05,4.3
2008-02-06,4.67
2008-02-07,5.03
2008-02-08,5.24
2008-02-11,5.24
2008-02-12,5.21
2008-02-13,5.29
2008-02-14,5.21
2008-02-15,5.19
2008-02-18,5.25
2008-02-25,5.25
2008-02-26,5.28
2008-02-27,5.25
2008-02-28,5.23
2008-02-29,5.24
2008-03-03,5.25
2008-03-04,5.25
2008-03-05,5.24
2008-03-06,5.25
2008-03-07,5.25
2008-03-10,5.22
2008-03-11,5.22
2008-03-12,4.5
2008-03-13,5.03
2008-03-14,5
2008-03-17,4.73
2008-03-18,5.21
2008-03-19,5.08
2008-03-20,5.08
2008-03-21,5.08
2008-03-24,5.21
2008-03-25,5.2
2008-03-26,5.2
2008-03-27,5.23
2008-03-28,5.25
2008-03-31,5.39
2008-04-01,5.22
2008-04-02,5.2
2008-04-03,5.2
2008-04-04,5.2
2008-04-07,5.2
2008-04-08,5.2
2008-04-09,5.2
2008-04-10,5.2
2008-04-11,5.2
2008-04-14,5.27
2008-04-15,5.34
2008-04-16,5.26
2008-04-17,5.27
2008-04-18,5.49
2008-04-21,5.36
2008-04-22,5.47
2008-04-23,5.5
2008-04-24,5.25
2008-04-28,5.48
2008-04-29,5.51
2008-04-30,5.51
2008-05-05,5.5
2008-05-06,5.48
2008-05-07,5.5
2008-05-08,5.5
2008-05-09,5.5
2008-05-12,5.5
2008-05-13,5.5
2008-05-14,5.5
2008-05-19,5.5
2008-05-20,5.25
2008-05-21,5.39
2008-05-22,5.54
2008-05-23,5.52
2008-05-26,5.51
2008-05-27,5.52
2008-05-28,5.5
2008-05-29,5.5
2008-05-30,5.5
2008-06-02,5.5
2008-06-03,5.49
2008-06-04,5.48
2008-06-05,5.48
2008-06-06,5.5
2008-06-09,5.5
2008-06-10,5.5
2008-06-11,5.5
2008-06-12,5.5
2008-06-13,5.75
2008-06-16,5.75
2008-06-17,5.76
2008-06-18,5.75
2008-06-19,5.76
2008-06-20,5.75
2008-06-23,5.75
2008-06-24,5.76
2008-06-25,5.75
2008-06-26,5.75
2008-06-27,5.76
2008-06-30,5.76
2008-07-01,5.95
2008-07-02,5.94
2008-07-03,5.82
2008-07-04,5.77
2008-07-07,5.76
2008-07-08,5.75
2008-07-09,5.75
2008-07-10,5.75
2008-07-11,5.83
2008-07-14,5.84
2008-07-15,6
2008-07-16,6
2008-07-17,6.01
2008-07-18,6
2008-07-21,6
2008-07-22,5.99
2008-07-23,6
2008-07-24,5.95
2008-07-25,5.99
2008-07-30,6
2008-07-31,5.98
2008-08-01,6
2008-08-04,5.99
2008-08-05,5.98
2008-08-06,6
2008-08-07,6.01
2008-08-08,6.25
2008-08-11,6.25
2008-08-12,6.24
2008-08-13,6.24
2008-08-14,6.25
2008-08-15,6.26
2008-08-18,6.25
2008-08-19,6.33
2008-08-20,6.35
2008-08-21,6.25
2008-08-22,6.24
2008-08-25,6.26
2008-08-26,6.25
2008-08-27,6.24
2008-08-28,6.14
2008-08-29,6.24
2008-09-01,6.26
2008-09-02,6.26
2008-09-03,6.25
2008-09-04,6.25
2008-09-05,6.24
2008-09-08,6.25
2008-09-09,6.25
2008-09-10,6.56
2008-09-11,6.24
2008-09-12,6.57
2008-09-15,6.5
2008-09-16,6.47
2008-09-17,6.49
2008-09-18,6.49
2008-09-19,6.51
2008-09-22,6.5
2008-09-23,6.5
2008-09-24,6.49
2008-09-25,6.5
2008-09-26,6.5
2008-09-29,6.51
2008-09-30,6.52
2008-10-01,6.53
2008-10-02,6.62
2008-10-03,6.66
2008-10-06,6.74
2008-10-07,6.6
2008-10-08,6.6
2008-10-09,6.69
2008-10-10,7.05
2008-10-13,7.06
2008-10-14,6.94
2008-10-15,6.6
2008-10-16,6.8
2008-10-17,6.52
2008-10-20,6.51
2008-10-21,6.5
2008-10-22,6.51
2008-10-23,6.53
2008-10-24,6.56
2008-10-27,6.53
2008-10-28,6.54
2008-10-29,6.51
2008-10-30,6.52
2008-10-31,6.63
2008-11-03,6.55
2008-11-04,6.59
2008-11-05,6.55
2008-11-06,6.55
2008-11-07,6.52
2008-11-10,6.5
2008-11-11,6.5
2008-11-12,6.52
2008-11-13,6.53
2008-11-14,6.54
2008-11-17,6.51
2008-11-18,6.52
2008-11-19,6.51
2008-11-24,6.56
2008-11-25,6.5
2008-11-26,6.51
2008-11-27,6.54
2008-11-28,6.61
2008-12-01,6.56
2008-12-02,6.53
2008-12-03,6.5
2008-12-04,6.5
2008-12-05,6.6
2008-12-09,6.5
2008-12-10,6.5
2008-12-11,6.51
2008-12-12,6.51
2008-12-15,6.51
2008-12-16,6.53
2008-12-17,6.5
2008-12-18,6.51
2008-12-19,6.52
2008-12-22,6.52
2008-12-23,6.55
2008-12-24,6.59
2008-12-29,6.52
2008-12-30,6.55
2008-12-31,6.54
2009-01-05,6.51
2009-01-06,6.5
2009-01-07,6.5
2009-01-08,6.5
2009-01-09,6.5
2009-01-12,6.5
2009-01-13,6.5
2009-01-14,6.52
2009-01-15,6.51
2009-01-16,6.5
2009-01-19,6.5
2009-01-20,6.53
2009-01-21,6.53
2009-01-22,6.53
2009-01-23,6.56
2009-01-26,6.57
2009-01-27,6.57
2009-01-28,6.61
2009-01-29,6.72
2009-01-30,7.18
2009-02-02,6.74
2009-02-03,7.07
2009-02-04,7.33
2009-02-05,7.07
2009-02-06,6.36
2009-02-09,6.49
2009-02-10,6.29
2009-02-11,6.26
2009-02-12,6.3
2009-02-13,6.3
2009-02-16,6.31
2009-02-17,6.31
2009-02-18,6.3
2009-02-19,6.31
2009-02-20,6.33
2009-02-23,6.3
2009-02-24,6.3
2009-02-25,6.31
2009-02-26,6.32
2009-02-27,6.36
2009-03-02,6.46
2009-03-03,6.38
2009-03-04,6.27
2009-03-05,6.25
2009-03-06,6.09
2009-03-09,6.1
2009-03-10,6.1
2009-03-11,6.13
2009-03-12,6.11
2009-03-13,6.11
2009-03-16,6.06
2009-03-17,6.06
2009-03-18,6.01
2009-03-19,6
2009-03-20,6.04
2009-03-23,6
2009-03-24,6.01
2009-03-25,6.01
2009-03-26,6.05
2009-03-27,6.05
2009-03-30,6.01
2009-03-31,6
2009-04-01,6.02
2009-04-02,6
2009-04-03,6.02
2009-04-06,6
2009-04-07,6
2009-04-08,6
2009-04-09,6
2009-04-10,6
2009-04-13,5.03
2009-04-14,5
2009-04-15,5.03
2009-04-16,5.01
2009-04-17,5.02
2009-04-20,5.04
2009-04-21,5.03
2009-04-22,5.01
2009-04-23,5.01
2009-04-24,5
2009-04-27,5.01
2009-04-28,5.01
2009-04-29,5
2009-04-30,5.01
2009-05-04,5
2009-05-05,5
2009-05-06,5
2009-05-07,5.01
2009-05-08,4
2009-05-11,4
2009-05-12,4
2009-05-13,4
2009-05-14,4
2009-05-15,4.01
2009-05-18,4
2009-05-19,4
2009-05-20,4
2009-05-21,4
2009-05-22,4
2009-05-25,4
2009-05-26,4
2009-05-27,3.99
2009-05-28,3.94
2009-05-29,3.89
2009-06-01,3.99
2009-06-02,3.99
2009-06-03,4
2009-06-04,3.99
2009-06-05,3
2009-06-08,3
2009-06-09,3
2009-06-10,3
2009-06-11,3
2009-06-12,3
2009-06-15,3
2009-06-16,3
2009-06-17,3
2009-06-18,3
2009-06-19,3
2009-06-22,3.01
2009-06-23,3
2009-06-24,3
2009-06-25,3
2009-06-26,3
2009-06-30,3.01
2009-07-01,3
2009-07-02,3
2009-07-03,3
2009-07-06,3
2009-07-07,3.01
2009-07-08,3
2009-07-09,3
2009-07-10,2
2009-07-13,2
2009-07-14,2
2009-07-15,1.94
2009-07-16,2
2009-07-17,2
2009-07-20,2
2009-07-21,2.01
2009-07-22,2
2009-07-23,2.01
2009-07-24,2
2009-07-30,2
2009-07-31,2.05
2009-08-03,2
2009-08-04,1.95
2009-08-05,1.85
2009-08-06,1.7
2009-08-07,1.22
2009-08-10,1.25
2009-08-11,1.24
2009-08-12,1.24
2009-08-13,1.23
2009-08-14,1.2
2009-08-17,1.21
2009-08-18,1.25
2009-08-19,1.25
2009-08-20,1.25
2009-08-21,1.25
2009-08-24,1.25
2009-08-25,1.25
2009-08-26,1.24
2009-08-27,1.19
2009-08-28,1.19
2009-09-01,1.25
2009-09-02,1.25
2009-09-03,1.25
2009-09-04,1.25
2009-09-07,1.25
2009-09-08,1.25
2009-09-09,1.07
2009-09-10,1.06
2009-09-11,1.14
2009-09-14,1.16
2009-09-15,1.19
2009-09-16,1.15
2009-09-17,1.16
2009-09-18,1.2
2009-09-21,1.22
2009-09-22,1.22
2009-09-23,1.17
2009-09-24,1.11
2009-09-25,1.03
2009-09-28,1.15
2009-09-29,1.15
2009-09-30,1.24
2009-10-01,1.22
2009-10-02,1.12
2009-10-05,1.15
2009-10-06,1.15
2009-10-07,1.15
2009-10-12,1.11
2009-10-13,1.13
2009-10-14,1.14
2009-10-15,1.12
2009-10-16,0.85
2009-10-19,1.13
2009-10-20,1.1
2009-10-21,1.11
2009-10-22,1.15
2009-10-23,1.24
2009-10-26,1.25
2009-10-27,1.2
2009-10-28,1.18
2009-10-29,1.23
2009-10-30,1.24
2009-11-02,1.24
2009-11-03,1.25
2009-11-04,1.04
2009-11-05,1.09
2009-11-06,1.13
2009-11-09,1.07
2009-11-10,1.2
2009-11-11,1.25
2009-11-12,1.26
2009-11-13,1.25
2009-11-16,1.25
2009-11-17,1.25
2009-11-18,1.23
2009-11-19,1.13
2009-11-20,1.22
2009-11-23,1.23
2009-11-24,1.23
2009-11-25,1.28
2009-11-26,1.28
2009-11-27,1.24
2009-11-30,1.24
2009-12-01,1.25
2009-12-02,1.25
2009-12-03,1.25
2009-12-04,1.25
2009-12-07,1.25
2009-12-09,1.25
2009-12-10,1.21
2009-12-11,1.22
2009-12-14,1.17
2009-12-15,1.22
2009-12-16,1.19
2009-12-17,1.23
2009-12-18,1.24
2009-12-21,1.25
2009-12-22,1.24
2009-12-23,1.25
2009-12-28,1.25
2009-12-29,1.25
2009-12-30,1.25
2010-01-04,1.24
2010-01-05,1.2
2010-01-06,1.2
2010-01-07,1.2
2010-01-08,1.12
2010-01-11,0.73
2010-01-12,0.76
2010-01-13,0.87
2010-01-14,0.84
2010-01-15,0.8
2010-01-18,1.01
2010-01-19,1.07
2010-01-20,0.95
2010-01-21,0.87
2010-01-22,1.04
2010-01-25,1
2010-01-26,1.05
2010-01-27,1.1
2010-01-28,1.19
2010-01-29,1.2
2010-02-01,1.23
2010-02-02,1.12
2010-02-03,1.11
2010-02-04,1.18
2010-02-05,1.23
2010-02-08,1.23
2010-02-09,1.2
2010-02-10,1.21
2010-02-11,1.22
2010-02-12,1.21
2010-02-15,1.21
2010-02-16,1.23
2010-02-17,1.23
2010-02-18,1.23
2010-02-19,1.23
2010-02-22,1.23
2010-02-23,1.21
2010-02-24,1.2
2010-02-25,1.2
2010-02-26,1.22
2010-03-01,1.23
2010-03-02,1.23
2010-03-03,1.24
2010-03-04,1.24
2010-03-05,1.25
2010-03-08,1.21
2010-03-09,1.2
2010-03-10,1.2
2010-03-11,1.2
2010-03-12,1.22
2010-03-15,1.22
2010-03-16,1.23
2010-03-17,1.23
2010-03-18,1.22
2010-03-19,1.22
2010-03-22,1.24
2010-03-23,1.24
2010-03-24,1.25
2010-03-25,1.25
2010-03-26,1.23
2010-03-29,1.25
2010-03-30,1.25
2010-03-31,1.25
2010-04-05,1.23
2010-04-06,1.23
2010-04-07,1.25
2010-04-08,1.23
2010-04-09,1.21
2010-04-12,1.2
2010-04-13,1.22
2010-04-14,1.23
2010-04-15,1.23
2010-04-16,1.23
2010-04-19,1.23
2010-04-20,1.22
2010-04-21,1.23
2010-04-22,1.21
2010-04-23,1.2
2010-04-26,1.22
2010-04-27,1.22
2010-04-28,1.2
2010-04-29,1.18
2010-04-30,1.19
2010-05-03,1.21
2010-05-04,1.2
2010-05-05,1.22
2010-05-06,1.23
2010-05-07,1.5
2010-05-10,1.5
2010-05-11,1.5
2010-05-12,1.5
2010-05-13,1.5
2010-05-14,1.5
2010-05-17,1.49
2010-05-18,1.5
2010-05-19,1.51
2010-05-20,1.5
2010-05-21,1.51
2010-05-24,1.5
2010-05-25,1.5
2010-05-26,1.5
2010-05-27,1.5
2010-05-28,1.5
2010-05-31,1.45
2010-06-01,1.51
2010-06-02,1.5
2010-06-03,1.5
2010-06-04,1.5
2010-06-07,1.5
2010-06-08,1.49
2010-06-09,1.49
2010-06-10,1.49
2010-06-11,1.67
2010-06-14,1.68
2010-06-15,1.7
2010-06-16,1.7
2010-06-17,1.7
2010-06-18,1.7
2010-06-21,1.71
2010-06-22,1.74
2010-06-23,1.73
2010-06-24,1.75
2010-06-25,1.75
2010-06-30,1.73
2010-07-01,1.75
2010-07-02,1.74
2010-07-05,1.75
2010-07-06,1.75
2010-07-07,1.75
2010-07-08,1.75
2010-07-09,1.98
2010-07-12,1.92
2010-07-13,1.95
2010-07-14,2
2010-07-15,2
2010-07-16,2
2010-07-19,2
2010-07-20,2
2010-07-21,2
2010-07-22,2
2010-07-23,2
2010-07-26,2
2010-07-27,2
2010-08-02,2
2010-08-03,2
2010-08-04,2
2010-08-05,2.04
2010-08-06,2.5
2010-08-09,2.47
2010-08-10,2.49
2010-08-11,2.44
2010-08-12,2.43
2010-08-13,2.42
2010-08-16,2.42
2010-08-17,2.39
2010-08-18,2.42
2010-08-19,2.4
2010-08-20,2.43
2010-08-23,2.44
2010-08-24,2.45
2010-08-26,2.45
2010-08-27,2.43
2010-08-31,2.45
2010-09-01,2.45
2010-09-02,2.45
2010-09-03,2.45
2010-09-06,2.45
2010-09-07,2.45
2010-09-08,2.44
2010-09-09,2.49
2010-09-10,2.9
2010-09-13,2.95
2010-09-14,2.91
2010-09-15,2.92
2010-09-16,2.95
2010-09-17,2.92
2010-09-20,2.97
2010-09-21,2.95
2010-09-22,2.95
2010-09-23,2.96
2010-09-24,2.95
2010-09-27,2.95
2010-09-28,2.95
2010-09-29,2.95
2010-09-30,2.91
2010-10-01,2.95
2010-10-04,2.95
2010-10-05,2.94
2010-10-06,2.95
2010-10-07,2.95
2010-10-12,2.5
2010-10-14,2.64
2010-10-15,2.86
2010-10-18,2.86
2010-10-19,3
2010-10-20,2.65
2010-10-21,2.99
2010-10-22,2.98
2010-10-26,2.98
2010-10-27,3
2010-10-28,2.98
2010-10-29,2.97
2010-11-02,2.95
2010-11-03,3
2010-11-04,3
2010-11-05,3
2010-11-08,2.99
2010-11-09,2.88
2010-11-10,2.84
2010-11-11,2.88
2010-11-12,3
2010-11-15,2.95
2010-11-16,2.95
2010-11-17,3
2010-11-18,3
2010-11-19,2.98
2010-11-22,3
2010-11-23,3
2010-11-24,2.98
2010-11-25,2.94
2010-11-26,2.97
2010-11-29,3
2010-11-30,3
2010-12-01,2.97
2010-12-02,2.94
2010-12-03,2.94
2010-12-07,2.98
2010-12-08,2.98
2010-12-09,2.97
2010-12-10,2.95
2010-12-13,2.95
2010-12-14,2.95
2010-12-15,2.95
2010-12-16,2.95
2010-12-17,2.99
2010-12-20,3
2010-12-21,3
2010-12-22,3
2010-12-23,3
2010-12-27,2.99
2010-12-28,3
2010-12-29,3
2010-12-30,3
2011-01-03,3
2011-01-04,3
2011-01-05,3
2011-01-06,3
2011-01-07,3.25
2011-01-10,3.25
2011-01-11,3.25
2011-01-12,3.25
2011-01-13,3.25
2011-01-14,3.25
2011-01-18,3.25
2011-01-19,3.25
2011-01-20,3.25
2011-01-21,3.25
2011-01-24,3.25
2011-01-25,3.25
2011-01-26,3.25
2011-01-27,3.25
2011-01-28,3.24
2011-01-31,3.25
2011-02-03,3.24
2011-02-04,3.25
2011-02-07,3.25
2011-02-08,3.25
2011-02-09,3.25
2011-02-10,3.25
2011-02-11,3.47
2011-02-14,3.5
2011-02-15,3.5
2011-02-16,3.5
2011-02-17,3.5
2011-02-18,3.5
2011-02-21,3.5
2011-02-22,3.5
2011-02-23,3.5
2011-02-24,3.5
2011-02-25,3.5
2011-02-28,3.5
2011-03-01,3.5
2011-03-02,3.49
2011-03-03,3.5
2011-03-04,3.5
2011-03-07,3.5
2011-03-08,3.5
2011-03-09,3.49
2011-03-10,3.49
2011-03-11,3.74
2011-03-14,3.74
2011-03-15,3.74
2011-03-16,3.74
2011-03-17,3.74
2011-03-18,3.75
2011-03-21,3.75
2011-03-22,3.75
2011-03-23,3.75
2011-03-24,3.75
2011-03-25,3.75
2011-03-28,3.75
2011-03-29,3.75
2011-03-30,3.74
2011-03-31,3.75
2011-04-01,3.75
2011-04-04,3.75
2011-04-05,3.75
2011-04-06,3.81
2011-04-07,3.99
2011-04-08,4
2011-04-11,4
2011-04-12,4
2011-04-13,4
2011-04-14,3.99
2011-04-15,4
2011-04-18,4
2011-04-19,4
2011-04-25,4
2011-04-26,3.99
2011-04-27,3.93
2011-04-28,3.94
2011-04-29,4
2011-05-02,4
2011-05-03,4
2011-05-04,4
2011-05-05,4
2011-05-06,4
2011-05-09,4
2011-05-10,4
2011-05-11,4.07
2011-05-12,4
2011-05-13,4.43
2011-05-16,4.46
2011-05-17,4.25
2011-05-18,4.25
2011-05-19,4.24
2011-05-20,4.25
2011-05-23,4.25
2011-05-24,4.25
2011-05-25,4.25
2011-05-26,4.25
2011-05-27,4.25
2011-05-30,4.25
2011-05-31,4.25
2011-06-01,4.25
2011-06-02,4.37
2011-06-03,4.34
2011-06-06,4.29
2011-06-07,4.26
2011-06-08,4.32
2011-06-09,4.3
2011-06-10,4.29
2011-06-16,4.32
2011-06-17,4.26
2011-06-20,4.22
2011-06-21,4.16
2011-06-22,4.2
2011-06-23,4.26
2011-06-24,4.25
2011-06-27,4.25
2011-06-28,4.25
2011-06-30,4.36
2011-07-01,4.36
2011-07-04,4.3
2011-07-05,4.25
2011-07-06,4.25
2011-07-07,4.25
2011-07-08,4.25
2011-07-11,4.25
2011-07-12,4.25
2011-07-13,4.25
2011-07-14,4.25
2011-07-15,4.25
2011-07-18,4.25
2011-07-19,4.25
2011-07-20,4.25
2011-07-21,4.25
2011-07-22,4.25
2011-07-25,4.25
2011-07-26,4.25
2011-07-27,4.25
2011-08-01,4.25
2011-08-02,4.26
2011-08-03,4.26
2011-08-04,4.25
2011-08-05,4.25
2011-08-08,4.25
2011-08-09,4.25
2011-08-11,4.25
2011-08-12,4.25
2011-08-15,4.25
2011-08-16,4.24
2011-08-17,4.21
2011-08-18,4.19
2011-08-19,4.19
2011-08-22,4.24
2011-08-23,4.2
2011-08-24,4.2
2011-08-25,4.2
2011-08-26,4.2
2011-08-31,4.19
2011-09-01,4.25
2011-09-02,4.25
2011-09-05,4.16
2011-09-06,4.19
2011-09-07,4.18
2011-09-08,4.2
2011-09-09,4.2
2011-09-12,4.2
2011-09-13,4.19
2011-09-14,4.25
2011-09-15,4.25
2011-09-16,4.34
2011-09-19,4.32
2011-09-20,4.29
2011-09-21,4.27
2011-09-22,4.3
2011-09-23,4.3
2011-09-26,4.3
2011-09-27,4.3
2011-09-28,4.29
2011-09-29,4.28
2011-09-30,4.3
2011-10-03,4.3
2011-10-04,4.25
2011-10-05,4.25
2011-10-06,4.27
2011-10-07,4.3
2011-10-10,4.3
2011-10-11,4.3
2011-10-12,4.29
2011-10-13,4.25
2011-10-14,4.25
2011-10-17,4.26
2011-10-18,4.3
2011-10-19,4.3
2011-10-20,4.27
2011-10-21,4.23
2011-10-24,4.21
2011-10-25,4.26
2011-10-26,4.26
2011-10-27,4.27
2011-10-28,4.27
2011-11-02,4.25
2011-11-03,4.27
2011-11-04,4.28
2011-11-07,4.28
2011-11-08,4.3
2011-11-09,4.28
2011-11-10,4.25
2011-11-11,4.24
2011-11-14,4.19
2011-11-15,4.25
2011-11-16,4.25
2011-11-17,4.25
2011-11-18,4.25
2011-11-21,4.25
2011-11-22,4.25
2011-11-23,4.25
2011-11-24,4.25
2011-11-25,4.25
2011-11-28,4.23
2011-11-29,4.24
2011-11-30,4.25
2011-12-01,4.25
2011-12-02,4.25
2011-12-05,4.26
2011-12-06,4.25
2011-12-07,4.25
2011-12-08,4.25
2011-12-09,4.25
2011-12-12,4.24
2011-12-13,4.19
2011-12-14,4.18
2011-12-15,4.19
2011-12-16,4.23
2011-12-19,4.25
2011-12-20,4.25
2011-12-21,4.25
2011-12-22,4.26
2011-12-26,4.25
2011-12-27,4.25
2011-12-28,4.25
2011-12-29,4.25
2012-01-02,4.25
2012-01-03,4.25
2012-01-04,4.25
2012-01-05,4.25
2012-01-06,4.25
2012-01-09,4.25
2012-01-10,4.25
2012-01-11,4.23
2012-01-12,4.21
2012-01-13,4.2
2012-01-16,4.19
2012-01-17,4.15
2012-01-18,4.21
2012-01-19,4.21
2012-01-20,4.21
2012-01-23,4.21
2012-01-24,4.22
2012-01-25,4.25
2012-01-26,4.22
2012-01-27,4.23
2012-01-30,4.23
2012-01-31,4.25
2012-02-01,4.22
2012-02-02,4.22
2012-02-03,4.22
2012-02-06,4.22
2012-02-07,4.22
2012-02-08,4.21
2012-02-09,4.22
2012-02-10,4.19
2012-02-13,4.2
2012-02-14,4.2
2012-02-15,4.21
2012-02-16,4.22
2012-02-17,4.25
2012-02-20,4.25
2012-02-21,4.25
2012-02-22,4.25
2012-02-23,4.25
2012-02-24,4.25
2012-02-27,4.25
2012-02-28,4.25
2012-02-29,4.25
2012-03-01,4.25
2012-03-02,4.25
2012-03-05,4.25
2012-03-06,4.25
2012-03-07,4.25
2012-03-08,4.25
2012-03-09,4.25
2012-03-12,4.25
2012-03-13,4.25
2012-03-14,4.25
2012-03-15,4.25
2012-03-16,4.25
2012-03-19,4.25
2012-03-20,4.25
2012-03-21,4.25
2012-03-22,4.25
2012-03-23,4.25
2012-03-26,4.25
2012-03-27,4.25
2012-03-28,4.25
2012-03-29,4.25
2012-03-30,4.25
2012-04-02,4.25
2012-04-03,4.25
2012-04-04,4.25
2012-04-05,4.25
2012-04-06,4.25
2012-04-09,4.22
2012-04-10,4.24
2012-04-11,4.24
2012-04-12,4.23
2012-04-13,4.23
2012-04-16,4.24
2012-04-17,4.25
2012-04-18,4.24
2012-04-19,4.24
2012-04-20,4.24
2012-04-23,4.2
2012-04-24,4.21
2012-04-25,4.21
2012-04-26,4.25
2012-04-27,4.24
2012-04-30,4.24
2012-05-02,4.25
2012-05-03,4.23
2012-05-04,4.23
2012-05-07,4.25
2012-05-08,4.25
2012-05-09,4.25
2012-05-10,4.25
2012-05-11,4.25
2012-05-14,4.25
2012-05-15,4.24
2012-05-16,4.23
2012-05-17,4.24
2012-05-18,4.25
2012-05-21,4.25
2012-05-22,4.25
2012-05-23,4.24
2012-05-24,4.25
2012-05-25,4.23
2012-05-28,4.24
2012-05-29,4.24
2012-05-30,4.25
2012-05-31,4.25
2012-06-01,4.25
2012-06-04,4.25
2012-06-05,4.23
2012-06-06,4.21
2012-06-07,4.21
2012-06-08,4.23
2012-06-11,4.19
2012-06-12,4.25
2012-06-13,4.22
2012-06-14,4.23
2012-06-15,4.24
2012-06-18,4.25
2012-06-19,4.24
2012-06-20,4.24
2012-06-21,4.21
2012-06-22,4.2
2012-06-25,4.25
2012-06-26,4.25
2012-06-27,4.25
2012-06-28,4.25
2012-06-29,4.25
2012-07-02,4.25
2012-07-03,4.25
2012-07-04,4.25
2012-07-05,4.27
2012-07-06,4.29
2012-07-09,4.25
2012-07-10,4.25
2012-07-11,4.25
2012-07-12,4.23
2012-07-13,4.21
2012-07-16,4.21
2012-07-17,4.23
2012-07-18,4.24
2012-07-19,4.25
2012-07-20,4.24
2012-07-23,4.24
2012-07-24,4.24
2012-07-25,4.25
2012-07-26,4.25
2012-07-27,4.25
2012-07-30,4.21
2012-07-31,4.25
2012-08-01,4.25
2012-08-02,4.25
2012-08-03,4.25
2012-08-06,4.25
2012-08-07,4.15
2012-08-08,4.19
2012-08-09,4.19
2012-08-10,4.2
2012-08-13,4.2
2012-08-14,4.19
2012-08-15,4.2
2012-08-16,4.2
2012-08-17,4.21
2012-08-20,4.18
2012-08-21,4.24
2012-08-22,4.23
2012-08-23,4.25
2012-08-24,4.25
2012-08-27,4.25
2012-08-28,4.24
2012-08-29,4.25
2012-08-30,4.25
2012-08-31,4.25
2012-09-03,4.24
2012-09-04,4.22
2012-09-05,4.22
2012-09-06,4.2
2012-09-07,4.21
2012-09-10,4.23
2012-09-11,4.22
2012-09-12,4.21
2012-09-13,4.21
2012-09-14,4.2
2012-09-17,4.23
2012-09-18,4.24
2012-09-19,4.25
2012-09-20,4.25
2012-09-21,4.25
2012-09-24,4.25
2012-09-25,4.25
2012-09-26,4.25
2012-09-27,4.25
2012-09-28,4.25
2012-10-01,4.25
2012-10-02,4.25
2012-10-03,4.25
2012-10-04,4.26
2012-10-05,4.25
2012-10-09,4.25
2012-10-10,4.25
2012-10-11,4.25
2012-10-12,4.22
2012-10-15,4.24
2012-10-16,4.24
2012-10-17,4.24
2012-10-18,4.24
2012-10-19,4.24
2012-10-22,4.24
2012-10-23,4.23
2012-10-24,4.25
2012-10-25,4.22
2012-10-26,4.21
2012-10-29,4.24
2012-10-30,4.21
2012-10-31,4.24
2012-11-01,4.24
2012-11-02,4.24
2012-11-05,4.25
2012-11-06,4.25
2012-11-07,4.24
2012-11-08,4.24
2012-11-09,4.25
2012-11-12,4.25
2012-11-13,4.25
2012-11-14,4.25
2012-11-15,4.24
2012-11-16,4.25
2012-11-19,4.25
2012-11-20,4.25
2012-11-21,4.25
2012-11-22,4.25
2012-11-23,4.25
2012-11-26,4.24
2012-11-27,4.25
2012-11-28,4.25
2012-11-29,4.25
2012-11-30,4.26
2012-12-03,4.25
2012-12-04,4.25
2012-12-05,4.24
2012-12-06,4.25
2012-12-07,4.25
2012-12-10,4.25
2012-12-11,4.25
2012-12-12,4.25
2012-12-13,4.25
2012-12-14,4.25
2012-12-17,4.24
2012-12-18,4.22
2012-12-19,4.21
2012-12-20,4.18
2012-12-21,4.25
2012-12-24,4.25
2012-12-25,4.25
2012-12-26,4.25
2012-12-27,4.25
2012-12-28,4.21
2012-12-31,4.21
2013-01-02,4.24
2013-01-03,4.15
2013-01-04,4.2
2013-01-07,4.18
2013-01-08,4.21
2013-01-09,4.22
2013-01-10,4.18
2013-01-11,4.03
2013-01-14,4.12
2013-01-15,4.1
2013-01-16,4.13
2013-01-17,4.16
2013-01-18,4.09
2013-01-21,3.69
2013-01-22,3.83
2013-01-23,4.14
2013-01-24,4.17
2013-01-25,4.19
2013-01-28,4.22
2013-01-29,4.21
2013-01-30,4.23
2013-01-31,4.22
2013-02-01,4.09
2013-02-04,4.12
2013-02-05,4.17
2013-02-06,4.18
2013-02-07,4.2
2013-02-08,4.2
2013-02-11,4.2
2013-02-12,4.19
2013-02-13,4.18
2013-02-14,4.2
2013-02-15,4.2
2013-02-18,4.14
2013-02-19,4.19
2013-02-20,4.2
2013-02-21,4.25
2013-02-22,4.25
2013-02-25,4.25
2013-02-26,4.26
2013-02-27,4.26
2013-02-28,4.25
2013-03-01,4.24
2013-03-04,4.24
2013-03-05,4.23
2013-03-06,4.24
2013-03-07,4.25
2013-03-08,4.25
2013-03-11,4.25
2013-03-12,4.24
2013-03-13,4.24
2013-03-14,4.24
2013-03-15,4.23
2013-03-18,4.24
2013-03-19,4.22
2013-03-20,4.24
2013-03-21,4.24
2013-03-22,4.25
2013-03-25,4.24
2013-03-26,4.25
2013-03-27,4.24
2013-04-01,4.24
2013-04-02,4.24
2013-04-03,4.23
2013-04-04,4.24
2013-04-05,4.24
2013-04-08,4.24
2013-04-09,4.24
2013-04-10,4.23
2013-04-11,4.2
2013-04-12,3.99
2013-04-15,4.04
2013-04-16,3.94
2013-04-17,3.96
2013-04-18,4.03
2013-04-19,4.21
2013-04-22,4.25
2013-04-23,4.25
2013-04-24,4.25
2013-04-25,4.25
2013-04-26,4.26
2013-04-29,4.24
2013-04-30,4.26
2013-05-01,4.26
2013-05-02,4.25
2013-05-03,4.25
2013-05-06,4.25
2013-05-07,4.25
2013-05-08,4.25
2013-05-09,4.25
2013-05-10,4.25
2013-05-13,4.25
2013-05-14,4.25
2013-05-15,4.24
2013-05-16,4.24
2013-05-17,4.25
2013-05-20,4.25
2013-05-21,4.24
2013-05-22,4.24
2013-05-23,4.26
2013-05-24,4.25
2013-05-27,4.27
2013-05-28,4.3
2013-05-29,4.27
2013-05-30,4.27
2013-05-31,4.28
2013-06-03,4.28
2013-06-04,4.27
2013-06-05,4.27
2013-06-06,4.25
2013-06-07,4.25
2013-06-10,4.25
2013-06-11,4.25
2013-06-12,4.25
2013-06-13,4.25
2013-06-14,4.25
2013-06-17,4.24
2013-06-18,4.25
2013-06-19,4.26
2013-06-20,4.26
2013-06-21,4.27
2013-06-24,4.26
2013-06-25,4.26
2013-06-26,4.26
2013-06-27,4.26
2013-06-28,4.26
2013-07-01,4.25
2013-07-02,4.3
2013-07-03,4.62
2013-07-04,4.75
2013-07-05,4.71
2013-07-08,4.33
2013-07-09,4.35
2013-07-10,4.25
2013-07-11,4.25
2013-07-12,4.25
2013-07-15,4.25
2013-07-16,4.25
2013-07-17,4.25
2013-07-18,4.25
2013-07-19,4.26
2013-07-22,4.26
2013-07-23,4.25
2013-07-24,4.26
2013-07-25,4.27
2013-07-26,4.25
2013-07-29,4.25
2013-07-30,4.25
2013-07-31,4.25
2013-08-01,4.25
2013-08-02,4.25
2013-08-05,4.25
2013-08-06,4.25
2013-08-07,4.25
2013-08-08,4.25
2013-08-09,4.25
2013-08-12,4.25
2013-08-13,4.25
2013-08-14,4.26
2013-08-15,4.25
2013-08-16,4.25
2013-08-19,4.25
2013-08-20,4.26
2013-08-21,4.62
2013-08-22,5.9
2013-08-23,4.96
2013-08-26,4.5
2013-08-27,4.36
2013-08-28,4.35
2013-08-29,4.55
2013-08-30,4.55
2013-09-02,4.34
2013-09-03,4.45
2013-09-04,4.6
2013-09-05,4.7
2013-09-06,4.51
2013-09-09,4.25
2013-09-10,4.28
2013-09-11,4.25
2013-09-12,4.25
2013-09-13,4.17
2013-09-16,4.23
2013-09-17,4.2
2013-09-18,4.24
2013-09-19,4.21
2013-09-20,4.21
2013-09-23,4.21
2013-09-24,4.25
2013-09-25,4.25
2013-09-26,4.25
2013-09-27,4.25
2013-09-30,4.25
2013-10-01,4.25
2013-10-02,4.25
2013-10-03,4.25
2013-10-04,4.25
2013-10-07,4.25
2013-10-08,4.25
2013-10-09,4.25
2013-10-10,4.25
2013-10-11,4.25
2013-10-14,4.25
2013-10-15,4.25
2013-10-16,4.25
2013-10-17,4.25
2013-10-18,4.25
2013-10-21,4.25
2013-10-22,4.23
2013-10-23,4.25
2013-10-24,4.25
2013-10-25,4.24
2013-10-28,4.25
2013-10-29,4.25
2013-10-30,4.25
2013-10-31,4.25
2013-11-01,4.25
2013-11-04,4.25
2013-11-05,4.25
2013-11-06,4.25
2013-11-07,4.25
2013-11-08,4
2013-11-11,4
2013-11-12,3.99
2013-11-13,4
2013-11-14,4
2013-11-15,4
2013-11-18,4
2013-11-19,4
2013-11-20,4.01
2013-11-21,4.02
2013-11-22,4.02
2013-11-25,4.09
2013-11-26,4.43
2013-11-27,4.48
2013-11-28,4.6
2013-11-29,4.6
2013-12-02,4.52
2013-12-03,4.87
2013-12-04,4.47
2013-12-05,4.5
2013-12-06,4.54
2013-12-09,4.5
2013-12-10,4.29
2013-12-11,4.14
2013-12-12,4.11
2013-12-13,4.12
2013-12-16,4.1
2013-12-18,4
2013-12-19,4.01
2013-12-20,4.05
2013-12-23,4
2013-12-24,4
2013-12-25,4
2013-12-26,4
2013-12-27,4
2013-12-30,4
2013-12-31,4
2014-01-01,4
2014-01-02,4.33
2014-01-03,4.2
2014-01-06,4
2014-01-07,4
2014-01-08,4
2014-01-09,4
2014-01-10,4
2014-01-13,3.99
2014-01-14,3.99
2014-01-15,4
2014-01-16,4.01
2014-01-17,4.04
2014-01-20,4.09
2014-01-21,4.12
2014-01-22,4.2
2014-01-23,4.07
2014-01-24,4.06
2014-01-27,4.08
2014-01-28,4.31
2014-01-29,4.5
2014-01-30,4.3
2014-01-31,4.47
2014-02-03,4.71
2014-02-04,4.68
2014-02-05,4.5
2014-02-06,4.3
2014-02-07,4.31
2014-02-10,4.4
2014-02-11,4.3
2014-02-12,4.25
2014-02-13,4.1
2014-02-14,4.09
2014-02-17,4.02
2014-02-18,4.04
2014-02-19,4.18
2014-02-20,4.19
2014-02-21,4.15
2014-02-24,4.08
2014-02-25,3.98
2014-02-26,3.98
2014-02-27,3.95
2014-02-28,4.06
2014-03-03,4.33
2014-03-04,4.25
2014-03-05,4
2014-03-06,4
2014-03-07,4
2014-03-10,4
2014-03-11,4
2014-03-12,4
2014-03-13,4
2014-03-14,4
2014-03-17,4
2014-03-18,4
2014-03-19,4
2014-03-20,4
2014-03-21,4.01
2014-03-24,4.05
2014-03-25,4.04
2014-03-26,4
2014-03-27,4
2014-03-28,4
2014-03-31,3.99
2014-04-01,4.01
2014-04-02,4
2014-04-03,4
2014-04-04,4.01
2014-04-07,4
2014-04-08,4
2014-04-09,4
2014-04-10,4.02
2014-04-11,4.06
2014-04-14,4.01
2014-04-15,4.06
2014-04-16,4.24
2014-04-17,4.24
2014-04-18,4.24
2014-04-21,4
2014-04-22,4.01
2014-04-24,4.01
2014-04-25,4.01
2014-04-28,4.01
2014-04-29,4.01
2014-04-30,4.04
2014-05-01,4.04
2014-05-02,4.2
2014-05-05,4.28
2014-05-06,4.15
2014-05-07,4.07
2014-05-08,4.1
2014-05-09,4.07
2014-05-12,4
2014-05-13,4
2014-05-14,4
2014-05-15,4
2014-05-16,3.88
2014-05-19,3.89
2014-05-20,3.87
2014-05-21,3.89
2014-05-22,3.88
2014-05-23,3.89
2014-05-26,3.84
2014-05-27,3.83
2014-05-28,3.83
2014-05-29,3.87
2014-05-30,4
2014-06-02,4
2014-06-03,4
2014-06-04,4
2014-06-05,4
2014-06-06,4
2014-06-09,4
2014-06-10,4
2014-06-11,3.95
2014-06-12,3.95
2014-06-13,3.96
2014-06-16,3.96
2014-06-17,3.99
2014-06-18,3.99
2014-06-19,3.97
2014-06-20,4.01
2014-06-23,4.02
2014-06-24,4.04
2014-06-25,4.06
2014-06-26,4.08
2014-06-27,4
2014-06-30,3.99
2014-07-01,4.09
2014-07-02,4.1
2014-07-03,4.13
2014-07-04,4.15
2014-07-07,4.09
2014-07-08,4.07
2014-07-09,4.05
2014-07-10,4.05
2014-07-11,3.76
2014-07-14,3.75
2014-07-15,3.76
2014-07-16,3.75
2014-07-17,3.75
2014-07-18,3.76
2014-07-21,3.76
2014-07-22,3.76
2014-07-23,3.77
2014-07-24,3.8
2014-07-25,3.79
2014-07-28,3.79
2014-07-29,3.79
2014-07-30,3.76
2014-07-31,3.71
2014-08-01,3.77
2014-08-04,3.77
2014-08-05,3.76
2014-08-06,3.77
2014-08-07,3.78
2014-08-08,3.78
2014-08-11,3.77
2014-08-12,3.75
2014-08-13,3.71
2014-08-14,3.74
2014-08-15,3.77
2014-08-18,3.75
2014-08-19,3.71
2014-08-20,3.75
2014-08-21,3.76
2014-08-22,3.75
2014-08-25,3.74
2014-08-26,3.74
2014-08-27,3.75
2014-08-28,3.75
2014-08-29,3.76
2014-09-01,3.8
2014-09-02,3.81
2014-09-03,3.77
2014-09-04,3.76
2014-09-05,3.77
2014-09-08,3.8
2014-09-09,3.8
2014-09-10,3.81
2014-09-11,3.82
2014-09-12,3.66
2014-09-15,3.52
2014-09-16,3.5
2014-09-17,3.53
2014-09-18,3.5
2014-09-19,3.5
2014-09-22,3.6
2014-09-23,3.61
2014-09-24,3.73
2014-09-25,3.7
2014-09-26,3.8
2014-09-29,4.02
2014-09-30,4
2014-10-01,4.14
2014-10-02,3.95
2014-10-03,3.62
2014-10-06,3.6
2014-10-07,3.6
2014-10-08,3.6
2014-10-09,3.59
2014-10-10,3.6
2014-10-13,3.59
2014-10-14,3.5
2014-10-15,3.5
2014-10-16,3.52
2014-10-17,3.52
2014-10-20,3.51
2014-10-21,3.5
2014-10-22,3.5
2014-10-23,3.5
2014-10-24,3.5
2014-10-27,3.5
2014-10-28,3.5
2014-10-29,3.5
2014-10-30,3.5
2014-11-03,3.76
2014-11-04,3.81
2014-11-05,3.8
2014-11-06,3.69
2014-11-07,3.51
2014-11-10,3.5
2014-11-11,3.5
2014-11-12,3.55
2014-11-13,3.57
2014-11-14,3.79
2014-11-17,4.22
2014-11-18,4.45
2014-11-19,3.76
2014-11-20,3.57
2014-11-21,3.62
2014-11-24,3.5
2014-11-25,3.5
2014-11-26,3.51
2014-11-27,3.59
2014-11-28,3.65
2014-12-01,3.69
2014-12-02,3.67
2014-12-03,3.88
2014-12-04,4.2
2014-12-05,4.7
2014-12-08,4.7
2014-12-09,3.96
2014-12-10,3.7
2014-12-11,3.73
2014-12-12,3.71
2014-12-15,3.74
2014-12-16,3.73
2014-12-18,3.61
2014-12-19,3.77
2014-12-22,3.75
2014-12-23,3.85
2014-12-24,3.85
2014-12-25,3.85
2014-12-26,3.53
2014-12-29,3.5
2014-12-30,3.5
2014-12-31,3.55
2015-01-01,3.55
2015-01-02,3.55
2015-01-05,3.5
2015-01-06,3.5
2015-01-07,3.5
2015-01-08,3.5
2015-01-09,3.5
2015-01-12,3.5
2015-01-13,3.5
2015-01-14,3.5
2015-01-15,3.5
2015-01-16,3.25
2015-01-19,3.23
2015-01-20,3.24
2015-01-21,3.25
2015-01-22,3.24
2015-01-23,3.2
2015-01-26,3.2
2015-01-27,3.25
2015-01-28,3.25
2015-01-29,3.25
2015-01-30,3.25
2015-02-02,3.25
2015-02-03,3.25
2015-02-04,3.25
2015-02-05,3.25
2015-02-06,3.25
2015-02-09,3.25
2015-02-10,3.25
2015-02-11,3.26
2015-02-12,3.25
2015-02-13,3.25
2015-02-16,3.33
2015-02-17,3.57
2015-02-18,3.79
2015-02-19,3.83
2015-02-20,3.81
2015-02-23,3.67
2015-02-24,3.28
2015-02-25,3.27
2015-02-26,3.26
2015-02-27,3.31
2015-03-03,3.35
2015-03-04,3.32
2015-03-05,3.26
2015-03-06,3.4
2015-03-09,3.3
2015-03-10,3.3
2015-03-11,3.35
2015-03-12,3.36
2015-03-13,3.35
2015-03-16,3.35
2015-03-17,3.4
2015-03-18,3.32
2015-03-19,3.33
2015-03-20,3.25
2015-03-23,3.25
2015-03-24,3.25
2015-03-25,3.25
2015-03-26,3.4
2015-03-27,3.41
2015-03-30,3.58
2015-03-31,3.7
2015-04-06,3.35
2015-04-07,3.38
2015-04-08,3.3
2015-04-09,3.25
2015-04-10,3.29
2015-04-13,3.27
2015-04-14,3.35
2015-04-15,3.33
2015-04-16,3.33
2015-04-17,3.4
2015-04-20,3.36
2015-04-21,3.36
2015-04-22,3.63
2015-04-23,3.93
2015-04-24,4
2015-04-27,4
2015-04-28,3.97
2015-04-29,3.29
2015-04-30,3.44
2015-05-04,4
2015-05-05,4.03
2015-05-06,4
2015-05-07,3.64
2015-05-08,3.65
2015-05-11,3.55
2015-05-12,3.5
2015-05-13,3.5
2015-05-14,3.5
2015-05-15,3.5
2015-05-18,3.28
2015-05-19,3.25
2015-05-20,3.23
2015-05-21,3.25
2015-05-22,3.25
2015-05-25,3.25
2015-05-26,3.25
2015-05-27,3.25
2015-06-01,3.51
2015-06-02,3.5
2015-06-03,3.5
2015-06-04,3.44
2015-06-05,3.33
2015-06-08,3.25
2015-06-09,3.25
2015-06-10,3.25
2015-06-11,3.25
2015-06-12,3.25
2015-06-15,3.25
2015-06-16,3.25
2015-06-17,3.25
2015-06-18,3.25
2015-06-19,3.25
2015-06-22,3.26
2015-06-23,3.6
2015-06-24,3.68
2015-06-25,3.75
2015-06-26,3.86
2015-06-30,3.8
2015-07-01,3.84
2015-07-02,3.5
2015-07-03,3.25
2015-07-06,3.25
2015-07-07,3.25
2015-07-08,3.25
2015-07-09,3.25
2015-07-10,3.25
2015-07-13,3.25
2015-07-14,3.19
2015-07-15,3.2
2015-07-16,3.25
2015-07-17,3.25
2015-07-20,3.25
2015-07-21,3.25
2015-07-22,3.25
2015-07-23,3.36
2015-07-24,3.82
2015-07-30,3.97
2015-07-31,3.65
2015-08-03,3.77
2015-08-04,3.26
2015-08-05,3.36
2015-08-06,3.73
2015-08-07,3.99
2015-08-10,4
2015-08-11,4
2015-08-12,3.8
2015-08-13,3.25
2015-08-14,3.25
2015-08-17,3.26
2015-08-18,3.31
2015-08-19,3.36
2015-08-20,3.99
2015-08-21,5.07
2015-08-24,3.92
2015-08-25,3.26
2015-08-26,3.26
2015-08-27,3.27
2015-08-28,3.29
2015-08-31,3.3
2015-09-01,3.83
2015-09-02,4.43
2015-09-03,4.75
2015-09-04,4.5
2015-09-07,3.25
2015-09-08,3.16
2015-09-09,3.15
2015-09-10,3.1
2015-09-11,3.5
2015-09-14,3.5
2015-09-15,3.43
2015-09-16,3.15
2015-09-17,3.3
2015-09-18,3.3
2015-09-21,3.5
2015-09-22,3.5
2015-09-23,3.5
2015-09-24,3.5
2015-09-25,3.5
2015-09-28,3.5
2015-09-29,3.5
2015-09-30,3.5
2015-10-01,3.5
2015-10-02,3.6
2015-10-05,3.65
2015-10-06,3.5
2015-10-07,3.4
2015-10-12,3.44
2015-10-13,3.5
2015-10-14,3.53
2015-10-15,3.5
2015-10-16,3.5
2015-10-19,3.5
2015-10-20,3.5
2015-10-21,3.52
2015-10-22,3.5
2015-10-23,3.58
2015-10-26,3.56
2015-10-27,3.6
2015-10-28,3.5
2015-10-29,3.5
2015-10-30,3.5
2015-11-02,3.5
2015-11-03,3.5
2015-11-04,3.5
2015-11-05,3.5
2015-11-06,3.5
2015-11-09,3.5
2015-11-10,3.5
2015-11-11,3.5
2015-11-12,3.5
2015-11-13,3.5
2015-11-16,3.5
2015-11-17,3.5
2015-11-18,3.5
2015-11-19,3.5
2015-11-20,3.5
2015-11-23,3.5
2015-11-24,3.5
2015-11-25,3.5
2015-11-26,3.5
2015-11-27,3.5
2015-11-30,3.5
2015-12-01,3.68
2015-12-02,3.85
2015-12-03,3.9
2015-12-04,3.84
2015-12-07,3.7
2015-12-09,3.6
2015-12-10,3.5
2015-12-11,3.71
2015-12-14,3.75
2015-12-15,3.75
2015-12-16,3.75
2015-12-17,3.75
2015-12-18,3.75
2015-12-21,3.75
2015-12-22,3.75
2015-12-23,3.75
2015-12-24,3.75
2015-12-28,3.85
2015-12-29,4
2015-12-30,4
2015-12-31,4.21
2016-01-04,4.1
2016-01-05,4.06
2016-01-06,3.76
2016-01-07,3.75
2016-01-08,3.75
2016-01-11,3.75
2016-01-12,3.75
2016-01-13,3.75
2016-01-14,3.75
2016-01-15,4
2016-01-18,4
2016-01-19,4
2016-01-20,4
2016-01-21,4
2016-01-22,4
2016-01-25,4
2016-01-26,4
2016-01-27,4
2016-01-28,4
2016-01-29,4
2016-02-01,4
2016-02-02,4
2016-02-03,4.01
2016-02-04,4
2016-02-05,4
2016-02-08,4
2016-02-09,4
2016-02-10,4
2016-02-11,4
2016-02-12,4.25
2016-02-15,4.25
2016-02-16,4.25
2016-02-17,4.31
2016-02-18,4.67
2016-02-19,5.2
2016-02-22,5.03
2016-02-23,5.23
2016-02-24,5.33
2016-02-25,5.11
2016-02-26,5.16
2016-02-29,5.09
2016-03-01,5.5
2016-03-02,5.5
2016-03-03,5.15
2016-03-04,4.26
2016-03-07,4.25
2016-03-08,4.26
2016-03-09,4.26
2016-03-10,4.29
2016-03-11,4.25
2016-03-14,4.25
2016-03-15,4.29
2016-03-16,4.32
2016-03-17,5
2016-03-18,5.27
2016-03-21,5.17
2016-03-22,5.41
2016-03-23,5.49
2016-03-28,5.5
2016-03-29,5.25
2016-03-30,4.95
2016-03-31,4.25
2016-04-01,5.12
2016-04-04,5.1
2016-04-05,4.9
2016-04-06,4.5
2016-04-07,4.5
2016-04-08,4.25
2016-04-11,4.25
2016-04-12,4.25
2016-04-13,4.25
2016-04-14,4.25
2016-04-15,4.25
2016-04-18,4.25
2016-04-19,4.25
2016-04-20,4.25
2016-04-21,4.25
2016-04-22,4.52
2016-04-25,4.62
2016-04-26,4.91
2016-04-27,4.96
2016-04-28,4.62
2016-04-29,4.5
2016-05-02,4.8
2016-05-03,4.8
2016-05-04,4.8
2016-05-05,4.8
2016-05-06,4.8
2016-05-09,4.4
2016-05-10,4.26
2016-05-11,4.26
2016-05-12,4.53
2016-05-13,4.65
2016-05-16,4.76
2016-05-17,4.5
2016-05-18,4.25
2016-05-19,4.25
2016-05-20,4.25
2016-05-23,4.25
2016-05-24,4.25
2016-05-25,4.26
2016-05-26,4.25
2016-05-27,4.25
2016-05-30,4.25
2016-05-31,4.46
2016-06-01,4.8
2016-06-02,4.88
2016-06-03,4.83
2016-06-06,4.8
2016-06-07,4.3
2016-06-08,4.25
2016-06-09,4.25
2016-06-10,4.25
2016-06-13,4.25
2016-06-14,4.25
2016-06-15,4.25
2016-06-16,4.25
2016-06-17,4.25
2016-06-20,4.25
2016-06-21,4.25
2016-06-22,4.25
2016-06-23,4.25
2016-06-24,4.25
2016-06-27,4.25
2016-06-28,4.25
2016-06-30,4.25
2016-07-01,4.64
2016-07-04,4.7
2016-07-05,4.61
2016-07-06,4.41
2016-07-07,4.25
2016-07-08,4.25
2016-07-11,4.25
2016-07-12,4.25
2016-07-13,4.25
2016-07-14,4.25
2016-07-15,4.25
2016-07-18,4.25
2016-07-19,4.25
2016-07-20,4.25
2016-07-21,4.25
2016-07-22,4.25
2016-07-25,4.25
2016-07-26,4.25
2016-07-27,4.26
2016-08-01,4.26
2016-08-02,4.26
2016-08-03,4.25
2016-08-04,4.25
2016-08-05,4.25
2016-08-08,4.25
2016-08-09,4.25
2016-08-10,4.25
2016-08-11,4.07
2016-08-12,4.02
2016-08-15,3.9
2016-08-16,3.98
2016-08-17,4.11
2016-08-18,4.2
2016-08-19,4.1
2016-08-22,4.1
2016-08-23,4.1
2016-08-24,4.26
2016-08-25,4.25
2016-08-26,4.25
2016-08-29,4.25
2016-08-31,4.25
2016-09-01,4.25
2016-09-02,4.25
2016-09-05,4.25
2016-09-06,4.25
2016-09-07,4.25
2016-09-08,4.24
2016-09-09,4.25
2016-09-12,4.25
2016-09-13,4.25
2016-09-14,4.25
2016-09-15,4.25
2016-09-16,4.25
2016-09-19,4.25
2016-09-20,4.25
2016-09-21,4.25
2016-09-22,4.25
2016-09-23,4.25
2016-09-26,4.26
2016-09-27,4.25
2016-09-28,4.25
2016-09-29,4.25
2016-09-30,4.25
2016-10-03,4.25
2016-10-04,4.25
2016-10-05,4.25
2016-10-06,4.25
2016-10-07,4.26
2016-10-10,4.25
2016-10-11,4.25
2016-10-12,4.25
2016-10-13,4.25
2016-10-14,4.25
2016-10-17,4.25
2016-10-18,4.25
2016-10-19,4.25
2016-10-20,4.25
2016-10-21,4.3
2016-10-24,4.26
2016-10-25,4.25
2016-10-26,4.25
2016-10-27,4.25
2016-10-28,4.25
2016-10-31,4.25
2016-11-02,4.25
2016-11-03,4.25
2016-11-04,4.35
2016-11-07,4.35
2016-11-08,4.35
2016-11-09,4.25
2016-11-10,4.26
2016-11-11,4.25
2016-11-14,4.25
2016-11-15,4.25
2016-11-16,2.25
2016-11-21,4.26
2016-11-22,4.25
2016-11-23,4.26
2016-11-24,4.35
2016-11-25,4.35
2016-11-28,4.35
2016-11-29,4.35
2016-11-30,4.35
2016-12-01,4.54
2016-12-02,4.58
2016-12-05,4.59
2016-12-06,4.25
2016-12-07,4.25
2016-12-09,4.25
2016-12-12,4.25
2016-12-13,4.25
2016-12-14,4.25
2016-12-15,4.25
2016-12-16,4.25
2016-12-19,4.26
2016-12-20,4.25
2016-12-21,4.25
2016-12-22,4.37
2016-12-23,4.62
2016-12-26,4.8
2016-12-27,4.84
2016-12-28,4.25
2016-12-29,4.25
2016-12-30,4.25
2017-01-02,4.25
2017-01-03,4.25
2017-01-04,4.25
2017-01-05,4.25
2017-01-06,4.26
2017-01-09,4.25
2017-01-10,4.25
2017-01-11,4.25
2017-01-12,4.25
2017-01-13,4.25
2017-01-16,4.25
2017-01-17,4.25
2017-01-18,4.25
2017-01-19,4.25
2017-01-20,4.25
2017-01-23,4.25
2017-01-24,4.25
2017-01-25,4.25
2017-01-26,4.25
2017-01-27,4.25
2017-01-30,4.25
2017-01-31,4.25
2017-02-01,4.25
2017-02-02,4.25
2017-02-03,4.25
2017-02-06,4.25
2017-02-07,4.25
2017-02-08,4.25
2017-02-09,4.25
2017-02-10,4.25
2017-02-13,4.25
2017-02-14,4.18
2017-02-15,4.22
2017-02-16,4.25
2017-02-17,4.25
2017-02-20,4.25
2017-02-21,4.25
2017-02-22,4.25
2017-02-23,4.25
2017-02-24,4.25
2017-02-27,4.25
2017-02-28,4.25
2017-03-01,4.25
2017-03-02,4.25
2017-03-03,4.25
2017-03-06,4.25
2017-03-07,4.25
2017-03-08,4.25
2017-03-09,4.25
2017-03-10,4.25
2017-03-13,4.19
2017-03-14,4.22
2017-03-15,4.25
2017-03-16,4.25
2017-03-17,4.25
2017-03-20,4.25
2017-03-21,4.25
2017-03-22,4.25
2017-03-23,4.25
2017-03-24,4.25
2017-03-27,4.25
2017-03-28,4.23
2017-03-29,4.25
2017-03-30,4.25
2017-03-31,4.25
2017-04-03,4.25
2017-04-04,4.25
2017-04-05,4.25
2017-04-06,4.25
2017-04-07,4.25
2017-04-10,4.32
2017-04-11,4.3
2017-04-12,4.35
2017-04-17,4.25
2017-04-18,4.25
2017-04-19,4.25
2017-04-20,4.25
2017-04-21,4.25
2017-04-24,4.25
2017-04-25,4.25
2017-04-26,4.25
2017-04-27,4.25
2017-04-28,4.25
2017-05-02,4.25
2017-05-03,4.26
2017-05-04,4.25
2017-05-05,4.25
2017-05-08,4.25
2017-05-09,4.25
2017-05-10,4.25
2017-05-11,4.25
2017-05-12,4
2017-05-15,4
2017-05-16,4
2017-05-17,4
2017-05-18,4
2017-05-19,4
2017-05-22,4
2017-05-23,4
2017-05-24,4
2017-05-25,4
2017-05-26,4
2017-05-29,4
2017-05-30,4
2017-05-31,4
2017-06-01,4
2017-06-02,4
2017-06-05,4
2017-06-06,4.01
2017-06-07,4
2017-06-08,4
2017-06-09,4
2017-06-12,4.01
2017-06-13,4
2017-06-14,3.82
2017-06-15,3.81
2017-06-16,4
2017-06-19,4.01
2017-06-20,4.02
2017-06-21,4
2017-06-22,4.01
2017-06-23,4.02
2017-06-26,4.02
2017-06-27,4.02
2017-06-28,4
2017-07-03,4
2017-07-04,4
2017-07-05,4
2017-07-06,4
2017-07-07,4
2017-07-10,4
2017-07-11,4
2017-07-12,4
2017-07-13,4
2017-07-14,3.75
2017-07-17,3.75
2017-07-18,3.75
2017-07-19,3.75
2017-07-20,3.75
2017-07-21,3.75
2017-07-24,3.75
2017-07-25,3.8
2017-07-26,3.79
2017-07-31,3.75
2017-08-01,3.75
2017-08-02,3.75
2017-08-03,3.75
2017-08-04,3.75
2017-08-07,3.75
2017-08-08,3.75
2017-08-09,3.75
2017-08-10,3.7
2017-08-11,3.72
2017-08-14,3.75
2017-08-15,3.75
2017-08-16,3.75
2017-08-17,3.75
2017-08-18,3.75
2017-08-21,3.75
2017-08-22,3.75
2017-08-23,3.75
2017-08-24,3.75
2017-08-25,3.75
2017-08-28,3.74
2017-08-29,3.46
2017-08-31,3.69
2017-09-01,3.75
2017-09-04,3.76
2017-09-05,3.76
2017-09-06,3.75
2017-09-07,3.75
2017-09-08,3.46
2017-09-11,3.7
2017-09-12,3.75
2017-09-13,3.7
2017-09-14,3.7
2017-09-15,3.6
2017-09-18,3.5
2017-09-19,3.5
2017-09-20,3.5
2017-09-21,3.5
2017-09-22,3.51
2017-09-25,3.5
2017-09-26,3.5
2017-09-27,3.5
2017-09-28,3.5
2017-09-29,3.5
2017-10-02,3.5
2017-10-03,3.5
2017-10-04,3.51
2017-10-05,3.51
2017-10-06,3.5
2017-10-09,3.5
2017-10-10,3.5
2017-10-11,3.5
2017-10-12,3.5
2017-10-13,3.5
2017-10-16,3.5
2017-10-17,3.5
2017-10-18,3.5
2017-10-19,3.5
2017-10-20,3.5
2017-10-23,3.51
2017-10-24,3.5
2017-10-25,3.5
2017-10-26,3.51
2017-10-27,3.5
2017-10-30,3.5
2017-10-31,3.5
2017-11-02,3.51
2017-11-03,3.51
2017-11-06,3.51
2017-11-07,3.51
2017-11-08,3.51
2017-11-09,3.5
2017-11-10,3.25
2017-11-13,3.25
2017-11-14,3.25
2017-11-15,3.25
2017-11-16,3.24
2017-11-17,3.21
2017-11-20,3.25
2017-11-21,3.22
2017-11-22,3.25
2017-11-23,3.25
2017-11-24,3.25
2017-11-27,3.25
2017-11-28,3.25
2017-11-29,3.25
2017-11-30,3.25
2017-12-01,3.25
2017-12-04,3.25
2017-12-05,3.25
2017-12-06,3.25
2017-12-07,3.25
2017-12-11,3.25
2017-12-12,3.25
2017-12-13,3.25
2017-12-14,3.21
2017-12-15,3.25
2017-12-18,3.25
2017-12-19,3.25
2017-12-20,3.25
2017-12-21,3.32
2017-12-22,3.32
2017-12-26,3.25
2017-12-27,3.25
2017-12-28,3.25
2017-12-29,3.25
2018-01-03,3.25
2018-01-04,3.25
2018-01-05,3.25
2018-01-08,3.25
2018-01-09,3.25
2018-01-10,3.15
2018-01-11,3
2018-01-12,3
2018-01-15,3
2018-01-16,3
2018-01-17,3
2018-01-18,3
2018-01-19,3
2018-01-22,3
2018-01-23,3
2018-01-24,3
2018-01-25,3
2018-01-26,3
2018-01-29,3
2018-01-30,3.01
2018-01-31,3.01
2018-02-01,3
2018-02-02,3
2018-02-05,3
2018-02-06,3.01
2018-02-07,3.01
2018-02-08,3.01
2018-02-09,3
2018-02-12,3.01
2018-02-13,3
2018-02-14,3
2018-02-15,3.01
2018-02-16,3.01
2018-02-19,3
2018-02-20,3
2018-02-21,3.01
2018-02-22,3.1
2018-02-23,3.02
2018-02-26,3.01
2018-02-27,3
2018-02-28,3
2018-03-01,3
2018-03-02,3
2018-03-05,3
2018-03-06,3
2018-03-07,3
2018-03-08,2.97
2018-03-09,2.75
2018-03-12,2.75
2018-03-13,2.75
2018-03-14,2.75
2018-03-15,2.56
2018-03-16,2.73
2018-03-19,2.75
2018-03-20,2.75
2018-03-21,2.75
2018-03-22,2.75
2018-03-23,2.75
2018-03-26,2.75
2018-03-27,2.75
2018-03-28,2.76
2018-04-02,2.76
2018-04-03,2.75
2018-04-04,2.75
2018-04-05,2.75
2018-04-06,2.75
2018-04-09,2.75
2018-04-10,2.75
2018-04-11,2.75
2018-04-12,2.75
2018-04-16,2.75
2018-04-17,2.75
2018-04-18,2.75
2018-04-19,2.75
2018-04-20,2.75
2018-04-23,2.75
2018-04-24,2.75
2018-04-25,2.75
2018-04-26,2.75
2018-04-27,2.75
2018-04-30,2.75
2018-05-02,2.75
2018-05-03,2.75
2018-05-04,2.75
2018-05-07,2.75
2018-05-08,2.75
2018-05-09,2.75
2018-05-10,2.75
2018-05-11,2.75
2018-05-14,2.75
2018-05-15,2.75
2018-05-16,2.75
2018-05-17,2.75
2018-05-18,2.75
2018-05-21,2.75
2018-05-22,2.75
2018-05-23,2.75
2018-05-24,2.76
2018-05-25,2.75
2018-05-28,2.75
2018-05-29,2.76
2018-05-30,2.79
2018-05-31,2.87
2018-06-01,2.9
2018-06-04,2.75
2018-06-05,2.75
2018-06-06,2.75
2018-06-07,2.75
2018-06-08,2.78
2018-06-11,2.75
2018-06-12,2.75
2018-06-13,2.75
2018-06-14,2.75
2018-06-15,2.78
2018-06-18,2.75
2018-06-19,2.75
2018-06-20,2.77
2018-06-21,2.76
2018-06-22,2.84
2018-06-25,2.8
2018-06-26,2.75
2018-06-27,2.75
2018-06-28,2.75
2018-07-02,2.75
2018-07-03,2.75
2018-07-04,2.75
2018-07-05,2.75
2018-07-06,2.75
2018-07-09,2.75
2018-07-10,2.75
2018-07-11,2.75
2018-07-12,2.74
2018-07-13,2.74
2018-07-16,2.68
2018-07-17,2.7
2018-07-18,2.75
2018-07-19,2.75
2018-07-20,2.75
2018-07-23,2.75
2018-07-24,2.75
2018-07-25,2.75
2018-07-26,2.75
2018-07-30,2.75
2018-07-31,2.75
2018-08-01,2.75
2018-08-02,2.75
2018-08-03,2.75
2018-08-06,2.75
2018-08-07,2.75
2018-08-08,2.75
2018-08-09,2.75
2018-08-10,2.75
2018-08-13,2.75
2018-08-14,2.75
2018-08-15,2.75
2018-08-16,2.75
2018-08-17,2.75
2018-08-20,2.76
2018-08-21,2.75
2018-08-22,2.75
2018-08-23,2.75
2018-08-24,2.75
2018-08-27,2.75
2018-08-28,2.75
2018-08-29,2.75
2018-09-03,2.75
2018-09-04,2.75
2018-09-05,2.75
2018-09-06,2.75
2018-09-07,2.74
2018-09-10,2.75
2018-09-11,2.75
2018-09-12,2.75
2018-09-13,2.75
2018-09-14,2.75
2018-09-17,2.75
2018-09-18,2.75
2018-09-19,2.75
2018-09-20,2.75
2018-09-21,2.75
2018-09-24,2.75
2018-09-25,2.75
2018-09-26,2.75
2018-09-27,2.75
2018-09-28,2.75
2018-10-01,2.75
2018-10-02,2.75
2018-10-03,2.75
2018-10-04,2.75
2018-10-05,2.75
2018-10-09,2.75
2018-10-10,2.75
2018-10-11,2.7
2018-10-12,2.81
2018-10-15,2.75
2018-10-16,2.71
2018-10-17,2.75
2018-10-18,2.75
2018-10-19,2.76
2018-10-22,2.76
2018-10-23,2.75
2018-10-24,2.78
2018-10-25,2.84
2018-10-26,2.84
2018-10-29,2.76
2018-10-30,2.75
2018-10-31,2.75
2018-11-05,2.76
2018-11-06,2.76
2018-11-07,2.77
2018-11-08,2.77
2018-11-09,2.76
2018-11-12,2.75
2018-11-13,2.76
2018-11-14,2.75
2018-11-15,2.76
2018-11-16,2.75
2018-11-19,2.76
2018-11-20,2.75
2018-11-21,2.75
2018-11-22,2.75
2018-11-23,2.75
2018-11-26,2.75
2018-11-27,2.75
2018-11-28,2.75
2018-11-29,2.75
2018-11-30,2.75
2018-12-03,2.75
2018-12-04,2.75
2018-12-05,2.75
2018-12-06,2.75
2018-12-07,2.75
2018-12-10,2.77
2018-12-11,2.76
2018-12-12,2.76
2018-12-13,2.75
2018-12-14,2.75
2018-12-17,2.75
2018-12-18,2.75
2018-12-19,2.75
2018-12-20,2.75
2018-12-21,2.79
2018-12-26,2.75
2018-12-27,2.75
2018-12-28,2.75
2018-12-31,2.75
2019-01-02,2.75
2019-01-03,2.75
2019-01-04,2.76
2019-01-07,2.75
2019-01-08,2.75
2019-01-09,2.75
2019-01-10,2.75
2019-01-11,2.75
2019-01-14,2.76
2019-01-15,2.75
2019-01-16,2.75
2019-01-17,2.75
2019-01-18,2.76
2019-01-21,2.76
2019-01-22,2.76
2019-01-23,2.76
2019-01-24,2.76
2019-01-25,2.75
2019-01-28,2.75
2019-01-29,2.75
2019-01-30,2.75
2019-01-31,2.75
2019-02-01,2.75
2019-02-04,2.75
2019-02-05,2.75
2019-02-06,2.75
2019-02-07,2.75
2019-02-08,2.75
2019-02-11,2.75
2019-02-12,2.74
2019-02-13,2.75
2019-02-14,2.75
2019-02-15,2.75
2019-02-18,2.75
2019-02-19,2.75
2019-02-20,2.75
2019-02-21,2.75
2019-02-22,2.75
2019-02-25,2.75
2019-02-26,2.75
2019-02-27,2.75
2019-02-28,2.75
2019-03-01,2.75
2019-03-04,2.75
2019-03-05,2.76
2019-03-06,2.75
2019-03-07,2.75
2019-03-08,2.75
2019-03-11,2.75
2019-03-12,2.75
2019-03-13,2.75
2019-03-14,2.75
2019-03-15,2.75
2019-03-18,2.75
2019-03-19,2.75
2019-03-20,2.75
2019-03-21,2.75
2019-03-22,2.75
2019-03-25,2.75
2019-03-26,2.75
2019-03-27,2.75
2019-03-28,2.75
2019-03-29,2.75
2019-04-01,2.75
2019-04-02,2.75
2019-04-03,2.75
2019-04-04,2.75
2019-04-05,2.75
2019-04-08,2.75
2019-04-09,2.75
2019-04-10,2.76
2019-04-11,2.75
2019-04-12,2.75
2019-04-15,2.75
2019-04-16,2.75
2019-04-17,2.75
2019-04-22,2.75
2019-04-23,2.75
2019-04-24,2.75
2019-04-25,2.75
2019-04-26,2.75
2019-04-29,2.75
2019-04-30,2.75
2019-05-02,2.75
2019-05-03,2.75
2019-05-06,2.75
2019-05-07,2.75
2019-05-08,2.75
2019-05-09,2.75
2019-05-10,2.75
2019-05-13,2.76
2019-05-14,2.75
2019-05-15,2.75
2019-05-16,2.75
2019-05-17,2.75
2019-05-20,2.75
2019-05-21,2.75
2019-05-22,2.75
2019-05-23,2.75
2019-05-24,2.75
2019-05-27,2.75
2019-05-28,2.75
2019-05-29,2.75
2019-05-30,2.75
2019-05-31,2.75
2019-06-03,2.75
2019-06-04,2.75
2019-06-05,2.75
2019-06-06,2.75
2019-06-07,2.75
2019-06-10,2.75
2019-06-11,2.75
2019-06-12,2.75
2019-06-13,2.75
2019-06-14,2.75
2019-06-17,2.75
2019-06-18,2.75
2019-06-19,2.75
2019-06-20,2.75
2019-06-21,2.75
2019-06-24,2.75
2019-06-25,2.75
2019-06-26,2.75
2019-06-27,2.75
2019-06-28,3.26
2019-07-01,2.75
2019-07-02,2.79
2019-07-03,2.77
2019-07-04,2.75
2019-07-05,2.75
2019-07-08,2.75
2019-07-09,2.75
2019-07-10,2.75
2019-07-11,2.76
2019-07-12,2.75
2019-07-15,2.75
2019-07-16,2.75
2019-07-17,2.76
2019-07-18,2.76
2019-07-19,2.75
2019-07-22,2.75
2019-07-23,2.75
2019-07-24,2.75
2019-07-25,2.75
2019-07-26,2.75
2019-07-31,2.75
2019-08-01,2.75
2019-08-02,2.75
2019-08-05,2.76
2019-08-06,2.75
2019-08-07,2.75
2019-08-08,2.75
2019-08-09,2.5
2019-08-12,2.5
2019-08-13,2.5
2019-08-14,2.5
2019-08-15,2.5
2019-08-16,2.5
2019-08-19,2.5
2019-08-20,2.5
2019-08-21,2.5
2019-08-22,2.5
2019-08-23,2.5
2019-08-26,2.5
2019-08-27,2.5
2019-08-28,2.5
2019-09-02,2.5
2019-09-03,2.5
2019-09-04,2.51
2019-09-05,2.5
2019-09-06,2.51
2019-09-09,2.5
2019-09-10,2.51
2019-09-11,2.51
2019-09-12,2.51
2019-09-13,2.5
2019-09-16,2.51
2019-09-17,2.5
2019-09-18,2.5
2019-09-19,2.51
2019-09-20,2.5
2019-09-23,2.5
2019-09-24,2.5
2019-09-25,2.5
2019-09-26,2.5
2019-09-27,2.5
2019-09-30,2.5
2019-10-01,2.5
2019-10-02,2.5
2019-10-03,2.5
2019-10-04,2.5
2019-10-07,2.5
2019-10-09,2.5
2019-10-10,2.5
2019-10-11,2.5
2019-10-14,2.5
2019-10-15,2.51
2019-10-16,2.5
2019-10-17,2.5
2019-10-18,2.51
2019-10-21,2.5
2019-10-22,2.5
2019-10-23,2.5
2019-10-24,2.58
2019-10-25,2.51
2019-10-28,2.5
2019-10-29,2.5
2019-10-30,2.5
2019-11-04,2.5
2019-11-05,2.5
2019-11-06,2.5
2019-11-07,2.5
2019-11-08,2.26
2019-11-11,2.25
2019-11-12,2.25
2019-11-13,2.25
2019-11-14,2.25
2019-11-15,2.25
2019-11-18,2.25
2019-11-19,2.25
2019-11-20,2.25
2019-11-21,2.25
2019-11-22,2.25
2019-11-25,2.25
2019-11-26,2.25
2019-11-27,2.26
2019-11-28,2.26
2019-11-29,2.25
2019-12-02,2.25
2019-12-03,2.26
2019-12-04,2.25
2019-12-05,2.25
2019-12-06,2.25
2019-12-09,2.25
2019-12-10,2.25
2019-12-11,2.25
2019-12-12,2.25
2019-12-13,2.25
2019-12-16,2.25
2019-12-17,2.24
2019-12-18,2.25
2019-12-19,2.25
2019-12-20,2.25
2019-12-23,2.25
2019-12-24,2.25
2019-12-26,2.25
2019-12-27,2.25
2019-12-30,2.25
2019-12-31,2.25
2020-01-02,2.25
2020-01-03,2.25
2020-01-06,2.25
2020-01-07,2.25
2020-01-08,2.25
2020-01-09,2.25
2020-01-10,2.25
2020-01-13,2.25
2020-01-14,2.25
2020-01-15,2.25
2020-01-16,2.25
2020-01-17,2.24
2020-01-20,2.24
2020-01-21,2.25
2020-01-22,2.25
2020-01-23,2.25
2020-01-24,2.25
2020-01-27,2.25
2020-01-28,2.25
2020-01-29,2.26
2020-01-30,2.25
2020-01-31,2.25
2020-02-03,2.25
2020-02-04,2.25
2020-02-05,2.25
2020-02-06,2.25
2020-02-07,2.25
2020-02-10,2.25
2020-02-11,2.25
2020-02-12,2.25
2020-02-13,2.25
2020-02-14,2.25
2020-02-17,2.19
2020-02-18,2.24
2020-02-19,2.2
2020-02-20,2.24
2020-02-21,2.25
2020-02-24,2.25
2020-02-25,2.25
2020-02-26,2.25
2020-02-27,2.25
2020-02-28,2.25
2020-03-02,2.25
2020-03-03,2.25
2020-03-04,2.25
2020-03-05,2.25
2020-03-06,2.25
2020-03-09,2.25
2020-03-10,2.25
2020-03-11,2.25
2020-03-12,2.25
2020-03-13,2.25
2020-03-16,2.25
2020-03-17,2.25
2020-03-18,2.25
2020-03-19,2.25
2020-03-20,1.25
2020-03-23,1.25
2020-03-24,1.25
2020-03-25,1.25
2020-03-26,1.25
2020-03-27,1.25
2020-03-30,1.25
2020-03-31,1.25
2020-04-01,1.25
2020-04-02,1.25
2020-04-03,1.25
2020-04-06,1.25
2020-04-07,1.17
2020-04-08,1.04
2020-04-13,0.2
2020-04-14,0.25
2020-04-15,0.25
2020-04-16,0.24
2020-04-17,0.21
2020-04-20,0.21
2020-04-21,0.23
2020-04-22,0.23
2020-04-23,0.25
2020-04-24,0.25
2020-04-27,0.25
2020-04-28,0.25
2020-04-29,0.25
2020-04-30,0.25
2020-05-04,0.36
2020-05-05,0.25
2020-05-06,0.24
2020-05-07,0.2
2020-05-08,0.26
2020-05-11,0.26
2020-05-12,0.25
2020-05-13,0.2
2020-05-14,0.21
2020-05-15,0.24
2020-05-18,0.2
2020-05-19,0.2
2020-05-20,0.21
2020-05-21,0.21
2020-05-22,0.25
2020-05-25,0.25
2020-05-26,0.25
2020-05-27,0.25
2020-05-28,0.25
2020-05-29,0.25
2020-06-01,0.25
2020-06-02,0.25
2020-06-03,0.25
2020-06-04,0.25
2020-06-05,0.24
2020-06-08,0.25
2020-06-09,0.25
2020-06-10,0.22
2020-06-11,0.19
2020-06-12,0.15
2020-06-15,0.19
2020-06-16,0.19
2020-06-17,0.19
2020-06-18,0.17
2020-06-19,0.14
2020-06-22,0.25
2020-06-23,0.19
2020-06-24,0.19
2020-06-25,0.16
2020-06-26,0.19
2020-06-30,0.2
2020-07-01,0.25
2020-07-02,0.25
2020-07-03,0.24
2020-07-06,0.24
2020-07-07,0.24
2020-07-08,0.24
2020-07-09,0.24
2020-07-10,0.2
2020-07-13,0.23
2020-07-14,0.22
2020-07-15,0.23
2020-07-16,0.22
2020-07-17,0.23
2020-07-20,0.24
2020-07-21,0.24
2020-07-22,0.24
2020-07-23,0.25
2020-07-24,0.25
2020-07-27,0.25
2020-07-29,0.25
2020-07-30,0.25
2020-07-31,0.25
2020-08-03,0.25
2020-08-04,0.25
2020-08-05,0.25
2020-08-06,0.25
2020-08-07,0.24
2020-08-10,0.25
2020-08-11,0.25
2020-08-12,0.16
2020-08-13,0.23
2020-08-14,0.23
2020-08-17,0.25
2020-08-18,0.25
2020-08-19,0.25
2020-08-20,0.25
2020-08-21,0.25
2020-08-24,0.25
2020-08-25,0.25
2020-08-26,0.25
2020-08-27,0.25
2020-08-28,0.25
2020-08-31,0.25
2020-09-01,0.25
2020-09-02,0.25
2020-09-03,0.25
2020-09-04,0.25
2020-09-07,0.25
2020-09-08,0.09
2020-09-09,0.22
2020-09-10,0.21
2020-09-11,0.25
2020-09-14,0.25
2020-09-15,0.25
2020-09-16,0.25
2020-09-17,0.25
2020-09-18,0.25
2020-09-21,0.25
2020-09-22,0.25
2020-09-23,0.25
2020-09-24,0.25
2020-09-25,0.25
2020-09-28,0.25
2020-09-29,0.25
2020-09-30,0.25
2020-10-01,0.25
2020-10-02,0.25
2020-10-05,0.25
2020-10-06,0.25
2020-10-07,0.25
2020-10-08,0.25
2020-10-09,0.25
2020-10-12,0.25
2020-10-13,0.25
2020-10-14,0.25
2020-10-15,0.25
2020-10-16,0.25
2020-10-19,0.25
2020-10-20,0.25
2020-10-21,0.25
2020-10-22,0.25
2020-10-23,0.25
2020-10-26,0.25
2020-10-27,0.25
2020-10-28,0.25
2020-10-29,0.25
2020-10-30,0.25
2020-11-02,0.25
2020-11-03,0.25
2020-11-04,0.25
2020-11-05,0.25
2020-11-06,0.25
2020-11-09,0.25
2020-11-10,0.25
2020-11-11,0.25
2020-11-12,0.25
2020-11-13,0.25
2020-11-16,0.25
2020-11-17,0.25
2020-11-18,0.25
2020-11-19,0.25
2020-11-20,0.25
2020-11-23,0.25
2020-11-24,0.25
2020-11-25,0.25
2020-11-26,0.25
2020-11-27,0.25
2020-11-30,0.25
2020-12-01,0.25
2020-12-02,0.25
2020-12-03,0.25
2020-12-04,0.25
2020-12-07,0.25
2020-12-09,0.25
2020-12-10,0.25
2020-12-11,0.25
2020-12-14,0.25
2020-12-15,0.25
2020-12-16,0.25
2020-12-17,0.25
2020-12-18,0.25
2020-12-21,0.25
2020-12-22,0.25
2020-12-23,0.25
2020-12-24,0.25
2020-12-28,0.25
2020-12-29,0.25
2020-12-30,0.25
2020-12-31,0.25
2021-01-04,0.25
2021-01-05,0.25
2021-01-06,0.25
2021-01-07,0.25
2021-01-08,0.25
2021-01-11,0.25
2021-01-12,0.25
2021-01-13,0.25
2021-01-14,0.25
2021-01-15,0.25
2021-01-18,0.25
2021-01-19,0.25
2021-01-20,0.25
2021-01-21,0.25
2021-01-22,0.25
2021-01-25,0.25
2021-01-26,0.25
2021-01-27,0.25
2021-01-28,0.25
2021-01-29,0.25
2021-02-01,0.25
2021-02-02,0.25
2021-02-03,0.25
2021-02-04,0.25
2021-02-05,0.25
2021-02-08,0.25
2021-02-09,0.25
2021-02-10,0.25
2021-02-11,0.25
2021-02-12,0.25
2021-02-15,0.25
2021-02-16,0.25
2021-02-17,0.25
2021-02-18,0.25
2021-02-19,0.25
2021-02-22,0.25
2021-02-23,0.25
2021-02-24,0.25
2021-02-25,0.25
2021-02-26,0.25
2021-03-01,0.25
2021-03-02,0.25
2021-03-03,0.25
2021-03-04,0.25
2021-03-05,0.25
2021-03-08,0.25
2021-03-09,0.25
2021-03-10,0.25
2021-03-11,0.25
2021-03-12,0.25
2021-03-15,0.25
2021-03-16,0.25
2021-03-17,0.25
2021-03-18,0.25
2021-03-19,0.25
2021-03-22,0.25
2021-03-23,0.25
2021-03-24,0.25
2021-03-25,0.25
2021-03-26,0.25
2021-03-29,0.25
2021-03-30,0.25
2021-03-31,0.25
2021-04-05,0.25
2021-04-06,0.25
2021-04-07,0.25
2021-04-08,0.25
2021-04-09,0.25
2021-04-12,0.25
2021-04-13,0.25
2021-04-14,0.25
2021-04-15,0.25
2021-04-16,0.25
2021-04-19,0.25
2021-04-20,0.25
2021-04-21,0.25
2021-04-22,0.25
2021-04-23,0.25
2021-04-26,0.25
2021-04-27,0.25
2021-04-28,0.25
2021-04-29,0.25
2021-04-30,0.25
2021-05-03,0.25
2021-05-04,0.25
2021-05-05,0.25
2021-05-06,0.25
2021-05-07,0.25
2021-05-10,0.25
2021-05-11,0.25
2021-05-12,0.25
2021-05-13,0.25
2021-05-14,0.25
2021-05-17,0.25
2021-05-18,0.25
2021-05-19,0.25
2021-05-20,0.25
2021-05-21,0.25
2021-05-24,0.25
2021-05-25,0.25
2021-05-26,0.25
2021-05-27,0.25
2021-05-28,0.25
2021-05-31,0.25
2021-06-01,0.25
2021-06-02,0.25
2021-06-03,0.25
2021-06-04,0.25
2021-06-07,0.25
2021-06-08,0.25
2021-06-09,0.25
2021-06-10,0.25
2021-06-11,0.25
2021-06-14,0.25
2021-06-15,0.25
2021-06-16,0.25
2021-06-17,0.25
2021-06-18,0.25
2021-06-21,0.25
2021-06-22,0.25
2021-06-23,0.25
2021-06-24,0.25
2021-06-25,0.25
2021-06-30,0.25
2021-07-01,0.25
2021-07-02,0.25
2021-07-05,0.25
2021-07-06,0.25
2021-07-07,0.25
2021-07-08,0.25
2021-07-09,0.25
2021-07-12,0.25
2021-07-13,0.25
2021-07-14,0.25
2021-07-15,0.25
2021-07-16,0.25
2021-07-19,0.25
2021-07-20,0.25
2021-07-21,0.25
2021-07-22,0.25
2021-07-23,0.25
2021-07-26,0.25
2021-07-27,0.25
2021-07-30,0.25
2021-08-02,0.25
2021-08-03,0.25
2021-08-04,0.25
2021-08-05,0.25
2021-08-06,0.25
2021-08-09,0.25
2021-08-10,0.25
2021-08-11,0.25
2021-08-12,0.25
2021-08-13,0.5
2021-08-16,0.5
2021-08-17,0.5
2021-08-18,0.5
2021-08-19,0.5
2021-08-20,0.5
2021-08-23,0.5
2021-08-24,0.5
2021-08-25,0.5
2021-08-26,0.5
2021-08-27,0.5
2021-08-31,0.5
2021-09-01,0.5
2021-09-02,0.5
2021-09-03,0.5
2021-09-06,0.5
2021-09-07,0.5
2021-09-08,0.5
2021-09-09,0.5
2021-09-10,1
2021-09-13,1
2021-09-14,1
2021-09-15,1
2021-09-16,1
2021-09-17,1
2021-09-20,1
2021-09-21,1
2021-09-22,1
2021-09-23,1
2021-09-24,1
2021-09-27,1
2021-09-28,1
2021-09-29,1
2021-09-30,1
2021-10-01,1
2021-10-04,1
2021-10-05,1
2021-10-06,1
2021-10-07,1
2021-10-11,1.5
2021-10-12,1.5
2021-10-13,1.5
2021-10-14,1.5
2021-10-15,1.5
2021-10-18,1.5
2021-10-19,1.5
2021-10-20,1.5
2021-10-21,1.5
2021-10-22,1.5
2021-10-25,1.5
2021-10-26,1.5
2021-10-27,1.5
2021-10-28,1.5
2021-10-29,1.5
2021-11-02,1.5
2021-11-03,1.5
2021-11-04,1.5
2021-11-05,1.5
2021-11-08,1.5
2021-11-09,1.5
2021-11-10,1.5
2021-11-11,1.5
2021-11-12,2
2021-11-15,2
2021-11-16,2
2021-11-17,2
2021-11-18,2
2021-11-19,2
2021-11-22,2
2021-11-23,2
2021-11-24,2
2021-11-25,2
2021-11-26,2
2021-11-29,2
2021-11-30,2
2021-12-01,2
2021-12-02,2
2021-12-03,2
2021-12-06,2
2021-12-07,2
2021-12-09,2
2021-12-10,2.5
2021-12-13,2.5
2021-12-14,2.5
2021-12-15,2.5
2021-12-16,2.5
2021-12-17,2.5
2021-12-20,2.5
2021-12-21,2.5
2021-12-22,2.5
2021-12-23,2.5
2021-12-24,2.5
2021-12-27,2.5
2021-12-28,2.5
2021-12-29,2.5
2021-12-30,2.5
2021-12-31,2.5
2022-01-03,2.5
2022-01-04,2.5
2022-01-05,2.5
2022-01-06,2.5
2022-01-07,3
2022-01-10,3
2022-01-11,3
2022-01-12,3
2022-01-13,3
2022-01-14,3
2022-01-17,3
2022-01-18,3
2022-01-19,3
2022-01-20,3
2022-01-21,3
2022-01-24,3
2022-01-25,3
2022-01-26,3
2022-01-27,3
2022-01-28,3
2022-01-31,3
2022-02-01,3.02
2022-02-02,3
2022-02-03,3
2022-02-04,3.01
2022-02-07,3
2022-02-08,3
2022-02-09,3
2022-02-10,3
2022-02-11,3.5
2022-02-14,3.5
2022-02-15,3.5
2022-02-16,3.5
2022-02-17,3.5
2022-02-18,3.5
2022-02-21,3.5
2022-02-22,3.5
2022-02-23,3.5
2022-02-24,3.5
2022-02-25,3.5
2022-02-28,3.52
2022-03-01,3.58
2022-03-02,3.58
2022-03-03,3.58
2022-03-04,3.73
2022-03-07,3.65
2022-03-08,3.61
2022-03-09,3.55
2022-03-10,3.7
2022-03-11,4
2022-03-14,4
2022-03-15,4
2022-03-16,4
2022-03-17,4
2022-03-18,4
2022-03-21,4
2022-03-22,4
2022-03-23,4
2022-03-24,4
2022-03-25,4
2022-03-28,4
2022-03-29,4.11
2022-03-30,4
2022-03-31,4
2022-04-01,4.14
2022-04-04,4.09
2022-04-05,4.19
2022-04-06,4.3
2022-04-07,4.28
2022-04-08,4.51
2022-04-11,4.5
2022-04-12,4.5
2022-04-13,4.5
2022-04-18,4.5
2022-04-19,4.5
2022-04-20,4.5
2022-04-21,4.59
2022-04-22,4.82
2022-04-25,4.62
2022-04-26,4.61
2022-04-27,4.5
2022-04-28,4.5
2022-04-29,4.5
2022-05-02,4.79
2022-05-03,4.8
2022-05-04,4.91
2022-05-05,4.99
2022-05-06,5
2022-05-09,4.5
2022-05-10,4.5
2022-05-11,4.5
2022-05-12,4.5
2022-05-13,5
2022-05-16,5
2022-05-17,5
2022-05-18,5
2022-05-19,5
2022-05-20,5.02
2022-05-23,5
2022-05-24,5
2022-05-25,5
2022-05-26,5
2022-05-27,4.97
2022-05-30,5.29
2022-05-31,5.35
2022-06-01,5.14
2022-06-02,5
2022-06-03,5
2022-06-06,5
2022-06-07,5
2022-06-08,5
2022-06-09,4.99
2022-06-10,4.59
2022-06-13,5.05
2022-06-14,5.5
2022-06-15,5.5
2022-06-16,5.5
2022-06-17,5.5
2022-06-20,5.5
2022-06-21,5.5
2022-06-22,5.5
2022-06-23,5.5
2022-06-24,5.5
2022-06-27,5.5
2022-06-28,5.5
2022-06-30,5.5
2022-07-01,5.5
2022-07-04,5.5
2022-07-05,5.5
2022-07-06,5.48
2022-07-07,5.47
2022-07-08,5.98
2022-07-11,6
2022-07-12,6
2022-07-13,6
2022-07-14,6
2022-07-15,6
2022-07-18,6.06
2022-07-19,6.01
2022-07-20,6
2022-07-21,6
2022-07-22,6
2022-07-25,6
2022-07-26,6
2022-07-27,6.06
2022-08-01,6.04
2022-08-02,6
2022-08-03,6
2022-08-04,6
2022-08-05,6.2
2022-08-08,6.46
2022-08-09,6.15
2022-08-10,6.01
2022-08-11,6
2022-08-12,6.5
2022-08-15,5.83
2022-08-16,6.25
2022-08-17,6.32
2022-08-18,6.18
2022-08-19,6.4
2022-08-22,6.48
2022-08-23,6.5
2022-08-24,6.48
2022-08-25,6.5
2022-08-26,6.5
2022-08-29,6.47
2022-08-31,6.5
2022-09-01,6.5
2022-09-02,6.5
2022-09-05,6.5
2022-09-06,6.5
2022-09-07,6.5
2022-09-08,6.5
2022-09-09,6.75
2022-09-12,6.71
2022-09-13,6.75
2022-09-14,6.75
2022-09-15,6.75
2022-09-16,6.75
2022-09-19,6.75
2022-09-20,6.74
2022-09-21,6.75
2022-09-22,6.65
2022-09-23,6.58
2022-09-26,6.75
2022-09-27,6.75
2022-09-28,6.75
2022-09-29,6.75
2022-09-30,6.81
2022-10-03,6.83
2022-10-04,6.75
2022-10-05,6.76
2022-10-06,6.9
2022-10-07,7.13
2022-10-10,7
2022-10-11,7
2022-10-12,7
2022-10-13,7
2022-10-14,7
2022-10-17,7
2022-10-18,7
2022-10-19,7
2022-10-20,7
2022-10-21,7
2022-10-24,7.01
2022-10-25,7
2022-10-26,7
2022-10-27,7
2022-10-28,7
2022-10-31,7
2022-11-02,7
2022-11-03,7
2022-11-04,7.05
2022-11-07,7
2022-11-08,7
2022-11-09,7
2022-11-10,7
2022-11-11,7.25
2022-11-14,7.28
2022-11-15,7.27
2022-11-16,7.25
2022-11-17,7.25
2022-11-18,7.26
2022-11-21,7.36
2022-11-22,7.28
2022-11-23,7.25
2022-11-24,7.27
2022-11-25,7.25
2022-11-28,7.25
2022-11-29,7.3
2022-11-30,7.45
2022-12-01,7.25
2022-12-02,7.25
2022-12-05,7.31
2022-12-06,7.33
2022-12-07,7.27
2022-12-12,7.54
2022-12-13,7.56
2022-12-14,7.5
2022-12-15,7.5
2022-12-16,7.5
2022-12-19,7.5
2022-12-20,7.5
2022-12-21,7.54
2022-12-22,7.51
2022-12-23,7.63
2022-12-26,7.5
2022-12-27,7.51
2022-12-28,7.5
2022-12-29,7.5
2022-12-30,7.5
2023-01-03,7.52
2023-01-04,7.61
2023-01-05,7.65
2023-01-06,7.53
2023-01-09,7.5
2023-01-10,7.5
2023-01-11,7.5
2023-01-12,7.5
2023-01-13,7.75
2023-01-16,7.75
2023-01-17,7.75
2023-01-18,7.75
2023-01-19,7.75
2023-01-20,7.75
2023-01-23,7.75
2023-01-24,7.75
2023-01-25,7.75
2023-01-26,7.75
2023-01-27,7.75
2023-01-30,7.75
2023-01-31,7.73
2023-02-01,7.77
2023-02-02,7.75
2023-02-03,7.83
2023-02-06,7.75
2023-02-07,7.75
2023-02-08,7.75
2023-02-09,7.75
2023-02-10,7.75
2023-02-13,7.75
2023-02-14,7.75
2023-02-15,7.75
2023-02-16,7.75
2023-02-17,7.75
2023-02-20,7.75
2023-02-21,7.75
2023-02-22,7.75
2023-02-23,7.86
2023-02-24,7.75
2023-02-27,7.75
2023-02-28,7.75
2023-03-01,7.75
2023-03-02,7.75
2023-03-03,7.75
2023-03-06,7.74
2023-03-07,7.75
2023-03-08,7.73
2023-03-09,7.75
2023-03-10,7.73
2023-03-13,7.75
2023-03-14,7.75
2023-03-15,7.75
2023-03-16,7.75
2023-03-17,7.75
2023-03-20,7.75
2023-03-21,7.75
2023-03-22,7.75
2023-03-23,7.75
2023-03-24,7.75
2023-03-27,7.75
2023-03-28,7.75
2023-03-29,7.75
2023-03-30,7.75
2023-03-31,7.75
2023-04-03,7.75
2023-04-04,7.75
2023-04-05,7.75
2023-04-10,7.75
2023-04-11,7.75
2023-04-12,7.74
2023-04-13,7.72
2023-04-14,7.75
2023-04-17,7.65
2023-04-18,7.75
2023-04-19,7.75
2023-04-20,7.75
2023-04-21,7.75
2023-04-24,7.76
2023-04-25,7.82
2023-04-26,7.77
2023-04-27,7.75
2023-04-28,7.75
2023-05-02,7.75
2023-05-03,7.75
2023-05-04,7.75
2023-05-05,7.75
2023-05-08,7.75
2023-05-09,7.75
2023-05-10,7.75
2023-05-11,7.75
2023-05-12,7.75
2023-05-15,7.75
2023-05-16,7.75
2023-05-17,7.75
2023-05-18,7.75
2023-05-19,7.75
2023-05-22,7.75
2023-05-23,7.75
2023-05-24,7.76
2023-05-25,7.77
2023-05-26,7.75
2023-05-29,7.75
2023-05-30,7.75
2023-05-31,7.75
2023-06-01,7.75
2023-06-02,7.73
2023-06-05,7.54
2023-06-06,7.75
2023-06-07,7.75
2023-06-08,7.75
2023-06-09,7.75
2023-06-12,7.74
2023-06-13,7.75
2023-06-14,7.75
2023-06-15,7.75
2023-06-16,7.67
2023-06-19,7.75
2023-06-20,7.72
2023-06-21,7.75
2023-06-22,7.92
2023-06-23,7.75
2023-06-26,7.75
2023-06-27,7.75
2023-06-28,7.75
2023-06-30,7.77
2023-07-03,7.81
2023-07-04,7.75
2023-07-05,7.75
2023-07-06,7.75
2023-07-07,7.75
2023-07-10,7.75
2023-07-11,7.75
2023-07-12,7.74
2023-07-13,7.75
2023-07-14,7.75
2023-07-17,7.75
2023-07-18,7.75
2023-07-19,7.75
2023-07-20,7.75
2023-07-21,7.75
2023-07-24,7.75
2023-07-25,7.76
2023-07-26,7.75
2023-07-27,7.75
2023-07-31,7.75
2023-08-01,7.75
2023-08-02,7.75
2023-08-03,7.75
2023-08-04,7.75
2023-08-07,7.75
2023-08-08,7.75
2023-08-09,7.75
2023-08-10,7.75
2023-08-11,7.75
2023-08-14,7.75
2023-08-15,7.75
2023-08-16,7.75
2023-08-17,7.75
2023-08-18,7.75
2023-08-21,7.75
2023-08-22,7.75
2023-08-23,7.75
2023-08-24,7.75
2023-08-25,7.75
2023-08-28,7.75
2023-08-29,7.75
2023-08-31,7.75
2023-09-01,7.75
2023-09-04,7.75
2023-09-05,7.75
2023-09-06,7.75
2023-09-07,7.75
2023-09-08,7.75
2023-09-11,7.75
2023-09-12,7.75
2023-09-13,7.75
2023-09-14,7.75
2023-09-15,7.5
2023-09-18,7.5
2023-09-19,7.5
2023-09-20,7.5
2023-09-21,7.5
2023-09-22,7.5
2023-09-25,7.5
2023-09-26,7.5
2023-09-27,7.5
2023-09-28,7.5
2023-09-29,7.5
2023-10-02,7.5
2023-10-03,7.5
2023-10-04,7.5
2023-10-05,7.5
2023-10-06,7.25
2023-10-09,7.25
2023-10-10,7.25
2023-10-11,7.25
2023-10-12,7.25
2023-10-13,7.26
2023-10-16,7.28
2023-10-17,7.25
2023-10-18,6.97
2023-10-19,7.25
2023-10-20,7.25
2023-10-23,7.25
2023-10-24,7.25
2023-10-25,7.25
2023-10-26,7.25
2023-10-27,7.25
2023-10-30,7.25
2023-10-31,7.25
2023-11-02,7.25
2023-11-03,7.25
2023-11-06,7.25
2023-11-07,7.25
2023-11-08,7.2
2023-11-09,7.25
2023-11-10,7
2023-11-13,7
2023-11-14,7.1
2023-11-15,7
2023-11-16,7
2023-11-17,7
2023-11-20,7
2023-11-21,7
2023-11-22,6.99
2023-11-23,7
2023-11-24,7
2023-11-27,7
2023-11-28,7
2023-11-29,7
2023-11-30,7
2023-12-01,7
2023-12-04,7
2023-12-05,7
2023-12-06,7
2023-12-07,7
2023-12-11,7
2023-12-12,7
2023-12-13,7
2023-12-14,7
2023-12-15,6.75
2023-12-18,6.75
2023-12-19,6.75
2023-12-20,6.75
2023-12-21,6.75
2023-12-22,6.75
2023-12-26,6.75
2023-12-27,6.75
2023-12-28,6.75
2023-12-29,6.75
2024-01-03,6.75
2024-01-04,6.75
2024-01-05,6.75
2024-01-08,6.75
2024-01-09,6.75
2024-01-10,6.75
2024-01-11,6.75
2024-01-12,6.5
2024-01-15,6.5
2024-01-16,6.5
2024-01-17,6.5
2024-01-18,6.5
2024-01-19,6.5
2024-01-22,6.5
2024-01-23,6.5
2024-01-24,6.5
2024-01-25,6.5
2024-01-26,6.5
2024-01-29,6.5
2024-01-30,6.5
2024-01-31,6.52
2024-02-01,6.5
2024-02-02,6.5
2024-02-05,6.5
2024-02-06,6.5
2024-02-07,6.5
2024-02-08,6.5
2024-02-09,6.25
2024-02-12,6.25
2024-02-13,6.25
2024-02-14,6.25
2024-02-15,6.25
2024-02-16,6.25
2024-02-19,6.25
2024-02-20,6.25
2024-02-21,6.25
2024-02-22,6.25
2024-02-23,6.25
2024-02-26,6.25
2024-02-27,6.25
2024-02-28,6.25
2024-02-29,6.25
2024-03-01,6.25
2024-03-04,6.25
2024-03-05,6.25
2024-03-06,6.25
2024-03-07,6.25
2024-03-08,6.25
2024-03-11,6.25
2024-03-12,6.25
2024-03-13,6.25
2024-03-14,6.25
2024-03-15,6.25
2024-03-18,6.07
2024-03-19,6.25
2024-03-20,6.25
2024-03-21,6.25
2024-03-22,6.25
2024-03-25,6.25
2024-03-26,6.25
2024-03-27,6.25
2024-04-01,6.25
2024-04-02,6.25
2024-04-03,6.25
2024-04-04,6.25
2024-04-05,6.25
2024-04-08,6.25
2024-04-09,6.25
2024-04-10,6.25
2024-04-11,6.25
2024-04-12,6
2024-04-15,6
2024-04-16,6
2024-04-17,6
2024-04-18,6
2024-04-19,6
2024-04-22,6
2024-04-23,6
2024-04-24,6
2024-04-25,6
2024-04-26,6
2024-04-29,6
2024-04-30,6
2024-05-02,6
2024-05-03,6
2024-05-06,6
2024-05-07,6
2024-05-08,6
2024-05-09,6
2024-05-10,5.75
2024-05-13,5.75
2024-05-14,5.75
2024-05-15,5.75
2024-05-16,5.75
2024-05-17,5.75
2024-05-20,5.75
2024-05-21,5.75
2024-05-22,5.75
2024-05-23,5.75
2024-05-24,5.75
2024-05-27,5.75
2024-05-28,5.75
2024-05-29,5.75
2024-05-30,5.75
2024-05-31,5.75
2024-06-03,5.75
2024-06-04,5.75
2024-06-05,5.75
2024-06-06,5.74
2024-06-10,5.75
2024-06-11,5.75
2024-06-12,5.75
2024-06-13,5.72
2024-06-14,5.75
2024-06-17,5.75
2024-06-18,5.75
2024-06-19,5.75
2024-06-20,5.75
2024-06-21,5.75
2024-06-24,5.75
2024-06-25,5.75
2024-06-26,5.75
2024-06-27,5.75
2024-06-28,5.75
2024-07-01,5.75
2024-07-02,5.75
2024-07-03,5.75
2024-07-04,5.75
2024-07-05,5.75
2024-07-08,5.75
2024-07-09,5.75
2024-07-10,5.75
2024-07-11,5.75
2024-07-12,5.75
2024-07-15,5.75
2024-07-16,5.75
2024-07-17,5.75
2024-07-18,5.7
2024-07-19,5.75
2024-07-22,5.74
2024-07-24,5.59
2024-07-25,5.75
2024-07-30,5.75
2024-07-31,5.75
2024-08-01,5.75
2024-08-02,5.75
2024-08-05,5.75
2024-08-07,5.75
2024-08-08,5.75
2024-08-09,5.5
2024-08-12,5.5
2024-08-13,5.5
2024-08-14,5.5
2024-08-15,5.5
2024-08-16,5.5
2024-08-19,5.5
2024-08-20,5.5
2024-08-21,5.5
2024-08-22,5.37
2024-08-23,5.5
2024-08-26,5.5
2024-08-27,5.5
2024-08-28,5.44
2024-08-29,5.5
2024-09-02,5.5
2024-09-03,5.5
2024-09-04,5.5
2024-09-05,5.5
2024-09-06,5.49
2024-09-09,5.48
2024-09-10,5.4
2024-09-11,5.5
2024-09-12,5.35
2024-09-13,5.25
2024-09-16,5.25
2024-09-17,5.25
2024-09-18,5.25
2024-09-19,5.25
2024-09-20,5.25
2024-09-23,5.25
2024-09-24,5.25
2024-09-25,5.25
2024-09-26,5.25
2024-09-27,5.25
2024-09-30,5.25
2024-10-01,5.25
2024-10-02,5.25
2024-10-03,5.25
2024-10-04,5.25
2024-10-07,5.25
2024-10-09,5.25
2024-10-10,5.25
2024-10-11,5.25
2024-10-14,5.25
2024-10-15,5.25
2024-10-16,5.25
2024-10-17,5.25
2024-10-18,5.25
2024-10-21,5.25
2024-10-22,5.25
2024-10-23,5.25
2024-10-24,5.25
2024-10-25,5.25
2024-10-28,5.2
2024-10-29,5.25
2024-10-30,5.25
2024-10-31,5.25
2024-11-04,5.25
2024-11-05,5.25
2024-11-06,5.25
2024-11-07,5.25
2024-11-08,5
2024-11-11,5
2024-11-12,5
2024-11-13,5
2024-11-14,5
2024-11-15,5
2024-11-18,5
2024-11-19,5
2024-11-20,5
2024-11-21,5
2024-11-22,5
2024-11-25,5
2024-11-26,5
2024-11-27,5
2024-11-28,5
2024-11-29,5
2024-12-02,5
2024-12-03,5
2024-12-04,5
2024-12-05,5
2024-12-06,5
2024-12-10,5
2024-12-11,5
2024-12-12,5
2024-12-13,5
2024-12-16,5
2024-12-17,5
2024-12-18,4.29
2024-12-19,5
2024-12-20,5
2024-12-23,5
2024-12-24,5
2024-12-26,5
2024-12-27,5
2024-12-30,4.94
2025-01-02,5
2025-01-03,5
2025-01-06,5
2025-01-07,5
2025-01-08,5
2025-01-09,5
2025-01-10,4.75
2025-01-13,4.75
2025-01-14,4.75
2025-01-15,4.75
2025-01-16,4.74
2025-01-17,4.74
2025-01-20,4.75
2025-01-21,4.75
2025-01-22,4.75
2025-01-23,4.75
2025-01-24,4.75
2025-01-27,4.75
2025-01-28,4.75
2025-01-29,4.75
2025-01-30,4.54
2025-01-31,4.75
2025-02-03,4.75
2025-02-04,4.75
2025-02-05,4.75
2025-02-06,4.75
2025-02-07,4.75
2025-02-10,4.75
2025-02-11,4.75
2025-02-12,4.75
2025-02-13,4.75
2025-02-14,4.75
2025-02-17,4.75
2025-02-18,4.75
2025-02-19,4.75
2025-02-20,4.75
2025-02-21,4.75
2025-02-24,4.75
2025-02-25,4.75
2025-02-26,4.75
2025-02-27,4.75
2025-02-28,4.82
2025-03-03,4.75
2025-03-04,4.75
2025-03-05,4.75
2025-03-06,4.75
2025-03-07,4.75
2025-03-10,4.75
2025-03-11,4.75
2025-03-12,4.75
2025-03-13,4.75
2025-03-14,4.75
2025-03-17,4.75
2025-03-18,4.75
2025-03-19,4.75
2025-03-20,4.75
2025-03-21,4.75
2025-03-24,4.75
2025-03-25,4.75
2025-03-26,4.75
2025-03-27,4.75
2025-03-28,4.75
2025-03-31,4.75
2025-04-01,4.75
2025-04-02,4.75
2025-04-03,4.75
2025-04-04,4.75
2025-04-07,4.75
2025-04-08,4.75
2025-04-09,4.8
2025-04-10,4.75
2025-04-11,4.75
2025-04-14,4.7
2025-04-15,4.75
2025-04-16,4.75
2025-04-21,4.75
2025-04-22,4.75
2025-04-23,4.75
2025-04-24,4.75
2025-04-25,4.75
2025-04-28,4.75
2025-04-29,4.75
2025-04-30,4.75
2025-05-02,4.75
2025-05-05,4.75
2025-05-06,4.76
2025-05-07,4.75
2025-05-08,4.75
2025-05-09,4.5
2025-05-12,4.5
2025-05-13,4.5
2025-05-14,4.5
2025-05-15,4.5
2025-05-16,4.5
2025-05-19,4.5
2025-05-20,4.5
2025-05-21,4.5
2025-05-22,4.5
2025-05-23,4.5
2025-05-26,4.5
2025-05-27,4.5
2025-05-28,4.5
2025-05-29,4.5
2025-05-30,4.5
2025-06-02,4.5
2025-06-03,4.5
2025-06-04,4.5
2025-06-05,4.5
2025-06-06,4.5
2025-06-09,4.5
2025-06-10,4.5
2025-06-11,4.5
2025-06-12,4.5
2025-06-13,4.5
2025-06-16,4.5
2025-06-17,4.5
2025-06-18,4.5
2025-06-19,4.5
2025-06-20,4.5
2025-06-23,4.5
2025-06-24,4.5
2025-06-25,4.5
2025-06-26,4.5
2025-06-27,4.5
2025-06-30,4.63
2025-07-01,4.5
2025-07-02,4.5
2025-07-03,4.5
2025-07-04,4.5
2025-07-07,4.5
2025-07-08,4.5
2025-07-09,4.5
2025-07-10,4.5
2025-07-11,4.5
2025-07-14,4.5
2025-07-15,4.5
2025-07-16,4.5
2025-07-17,4.5
2025-07-18,4.5
2025-07-21,4.5
2025-07-22,4.49
2025-07-24,4.5
2025-07-25,4.5
2025-07-30,4.5
2025-07-31,4.5
2025-08-01,4.5
2025-08-04,4.5
2025-08-05,4.5
2025-08-07,4.5
2025-08-08,4.5
2025-08-11,4.5
2025-08-12,4.5
2025-08-13,4.5
2025-08-14,4.5
2025-08-15,4.5
2025-08-18,4.5
2025-08-19,4.5
2025-08-20,4.5
2025-08-21,4.5
2025-08-22,4.5
2025-08-25,4.5
2025-08-26,4.5
2025-08-27,4.5
2025-08-28,4.5
2025-08-29,4.5
2025-09-01,4.5
2025-09-02,4.5
2025-09-03,4.5
2025-09-04,4.5
2025-09-05,4.5
2025-09-08,4.5
2025-09-09,4.5
2025-09-10,4.5
2025-09-11,4.5
2025-09-12,4.25
2025-09-15,4.29
2025-09-16,4.25
2025-09-17,4.25
2025-09-18,4.25
2025-09-19,4.25
2025-09-22,4.25
2025-09-23,4.25
2025-09-24,4.25
2025-09-25,4.25
2025-09-26,4.25
2025-09-29,4.25
2025-09-30,4.25
2025-10-01,4.25
2025-10-02,4.25
2025-10-03,4.25
2025-10-06,4.25
2025-10-07,4.25
2025-10-09,4.25
2025-10-10,4.25
2025-10-13,4.25
2025-10-14,4.25
2025-10-15,4.25
2025-10-16,4.25
2025-10-17,4.25
2025-10-20,4.25
2025-10-21,4.25
2025-10-22,4.25
2025-10-23,4.25
2025-10-24,4.25
2025-10-27,4.25
2025-10-28,4.25
2025-10-29,4.25
2025-10-30,4.25
2025-10-31,4.25
2025-11-03,4.25
2025-11-04,4.25
2025-11-05,4.25
2025-11-06,4.26
2025-11-07,4.25
2025-11-10,4.25
2025-11-11,4.25
2025-11-12,4.25
2025-11-13,4.25
2025-11-14,4.25
2025-11-17,4.25
2025-11-18,4.25
2025-11-19,4.25
2025-11-20,4.25
2025-11-21,4.25
2025-11-24,4.25
2025-11-25,4.25
2025-11-26,4.25
2025-11-27,4.25
2025-11-28,4.25
2025-12-01,4.25
2025-12-02,4.25
2025-12-03,4.25
2025-12-04,4.25
2025-12-05,4.25
2025-12-10,4.25
2025-12-11,4.25
2025-12-12,4.25
2025-12-15,4.25
2025-12-16,4.25
2025-12-17,4.25
2025-12-18,4.25
2025-12-19,4.21
2025-12-22,4.25
2025-12-23,4.25
2025-12-24,4.25
2025-12-29,4.25
2025-12-30,4.25
2025-12-31,3.85
2026-01-05,4.25
2026-01-06,4.25
2026-01-07,4.25
2026-01-08,4.25
2026-01-09,4.25
2026-01-12,4.25
2026-01-13,4.25
2026-01-14,4.25
2026-01-15,4.25
2026-01-16,4.25
2026-01-19,4.25
2026-01-20,4.25
2026-01-21,4.25
2026-01-22,4.25
2026-01-23,4.24
2026-01-26,4.16
2026-01-27,4.23
2026-01-28,4.24
2026-01-29,4.25
2026-01-30,4.25
2026-02-02,4.25
2026-02-03,4.25
2026-02-04,4.25
2026-02-05,4.25
2026-02-06,4.25
2026-02-09,4.25
2026-02-10,4.25
2026-02-11,4.25
2026-02-12,4.25
2026-02-13,4.25
2026-02-16,4.25
2026-02-17,4.25
2026-02-18,4.25
2026-02-19,4.25
2026-02-20,4.25
2026-02-23,4.2
2026-02-24,4.25
2026-02-25,4.25
2026-02-26,4.25
2026-02-27,4.25
2026-03-02,4.25
2026-03-03,4.25
2026-03-04,4.25
2026-03-05,4.25
2026-03-06,4.25
2026-03-09,4.26
2026-03-10,4.25
2026-03-11,4.25
2026-03-12,4.29
2026-03-13,4.25
2026-03-16,4.25
2026-03-17,4.25
2026-03-18,4.25
2026-03-19,4.25
2026-03-20,4.25
2026-03-23,4.25
2026-03-24,4.25
2026-03-25,4.21
2026-03-26,4.25
2026-03-27,4.17
2026-03-30,4.23
2026-03-31,4.23
2026-04-01,4.23
2026-04-06,4.25
2026-04-07,4.25
2026-04-08,4.25
2026-04-09,4.25
2026-04-10,4.25
2026-04-13,4.25
2026-04-14,4.25
2026-04-15,4.25
2026-04-16,4.25
2026-04-17,4.25
2026-04-20,4.25
2026-04-21,4.25
2026-04-22,4.25
2026-04-23,4.25
2026-04-24,4.25
2026-04-27,4.25
2026-04-28,4.25
2026-04-29,4.25
2026-04-30,4.27
2026-05-04,4.25
2026-05-05,4.25
2026-05-06,4.25
2026-05-07,4.25
2026-05-08,4.25
2026-05-11,4.25
2026-05-12,4.25
2026-05-13,4.25
2026-05-14,4.25
2026-05-15,4.25
2026-05-18,4.25
2026-05-19,4.25
2026-05-20,4.25
2026-05-21,4.25
2026-05-22,4.25
2026-05-25,4.25
2026-05-26,4.25
2026-05-27,4.25
2026-05-28,4.25
2026-05-29,4.25
2026-06-01,4.25
2026-06-02,4.25
2026-06-03,4.25
2026-06-04,4.25
2026-06-05,4.25
2026-06-08,4.25
2026-06-09,4.25
2026-06-10,4.25
2026-06-11,4.25
2026-06-12,4.25
2026-06-15,4.25
2026-06-16,4.25
2026-06-17,4.25
2026-06-18,4.25
2026-06-19,4.3
2026-06-22,4.25
2026-06-23,4.25
2026-06-24,4.25
2026-06-25,4.25
2026-06-26,4.25
2026-06-30,4.25
2026-07-01,4.25
2026-07-02,4.25
2026-07-03,4.25
2026-07-06,4.25
2026-07-07,4.25
2026-07-08,4.25
2026-07-09,4.25
2026-07-10,4.25
2026-07-13,4.25
2026-07-14,4.25
2026-07-15,4.25
2026-07-16,4.3
2026-07-17,4.25
2026-07-20,4.3
2026-07-21,4.25
2026-07-22,4.25
2026-07-24,4.25
2026-07-30,4.25
2026-07-31,4.25
2026-08-03,4.25
2026-08-04,4.25
2026-08-05,4.25
2026-08-07,4.25
2026-08-10,4.25
2026-08-11,4.3
2026-08-12,4.25
2026-08-13,4.25
2026-08-14,4.25
2026-08-17,4.25
2026-08-18,4.3
2026-08-19,4.25
2026-08-20,4.25
2026-08-21,4.3
2026-08-24,4.25
2026-08-25,4.25
2026-08-26,4.16
2026-08-27,4.23
2026-08-28,4.25
2026-08-31,4.25
2026-09-01,4.25
2026-09-02,4.25
2026-09-03,4.25
2026-09-04,4.25
2026-09-07,4.25
2026-09-08,4.25
2026-09-09,4.25
2026-09-10,4.3
2026-09-11,4.25
2026-09-14,4.25
2026-09-15,4.25
2026-09-16,4.25
2026-09-17,4.25
2026-09-18,4.25
2026-09-21,4.25
2026-09-22,4.25
2026-09-23,4.25
2026-09-24,4.25
2026-09-25,4.25
2026-09-28,4.25
2026-09-29,4.25
2026-09-30,4.25
2026-10-01,4.3
2026-10-02,4.3
2026-10-05,4.3
2026-10-06,4.3
2026-10-07,4.3
