fecha,valor
1997-01-02,2.618
1997-01-03,2.62
1997-01-06,2.629
1997-01-07,2.635
1997-01-08,2.635
1997-01-09,2.628
1997-01-10,2.623
1997-01-13,2.625
1997-01-14,2.625
1997-01-15,2.622
1997-01-16,2.621
1997-01-17,2.62
1997-01-20,2.622
1997-01-21,2.623
1997-01-22,2.627
1997-01-23,2.63
1997-01-24,2.631
1997-01-27,2.639
1997-01-28,2.638
1997-01-29,2.638
1997-01-30,2.643
1997-01-31,2.646
1997-02-03,2.653
1997-02-04,2.652
1997-02-05,2.648
1997-02-06,2.642
1997-02-07,2.639
1997-02-10,2.642
1997-02-11,2.64
1997-02-12,2.638
1997-02-13,2.636
1997-02-14,2.633
1997-02-17,2.628
1997-02-18,2.627
1997-02-19,2.627
1997-02-20,2.627
1997-02-21,2.634
1997-02-24,2.641
1997-02-25,2.644
1997-02-26,2.649
1997-02-27,2.649
1997-02-28,2.647
1997-03-03,2.644
1997-03-04,2.635
1997-03-05,2.628
1997-03-06,2.624
1997-03-07,2.624
1997-03-10,2.624
1997-03-11,2.623
1997-03-12,2.625
1997-03-13,2.63
1997-03-14,2.631
1997-03-17,2.627
1997-03-18,2.626
1997-03-19,2.638
1997-03-20,2.644
1997-03-21,2.643
1997-03-24,2.64
1997-03-25,2.648
1997-03-26,2.65
1997-03-31,2.653
1997-04-01,2.66
1997-04-02,2.657
1997-04-03,2.658
1997-04-04,2.666
1997-04-07,2.669
1997-04-08,2.67
1997-04-09,2.667
1997-04-10,2.664
1997-04-11,2.664
1997-04-14,2.663
1997-04-15,2.661
1997-04-16,2.66
1997-04-17,2.662
1997-04-18,2.664
1997-04-21,2.666
1997-04-22,2.664
1997-04-23,2.663
1997-04-24,2.663
1997-04-25,2.662
1997-04-28,2.668
1997-04-29,2.668
1997-04-30,2.667
1997-05-02,2.666
1997-05-05,2.669
1997-05-06,2.665
1997-05-07,2.664
1997-05-08,2.664
1997-05-09,2.668
1997-05-12,2.672
1997-05-13,2.67
1997-05-14,2.665
1997-05-15,2.662
1997-05-16,2.662
1997-05-19,2.661
1997-05-20,2.66
1997-05-21,2.665
1997-05-22,2.667
1997-05-23,2.666
1997-05-26,2.664
1997-05-27,2.664
1997-05-28,2.664
1997-05-29,2.667
1997-05-30,2.668
1997-06-02,2.666
1997-06-03,2.661
1997-06-04,2.66
1997-06-05,2.662
1997-06-06,2.66
1997-06-09,2.662
1997-06-10,2.661
1997-06-11,2.661
1997-06-12,2.66
1997-06-13,2.66
1997-06-16,2.659
1997-06-17,2.656
1997-06-18,2.655
1997-06-19,2.651
1997-06-20,2.65
1997-06-23,2.654
1997-06-24,2.653
1997-06-25,2.649
1997-06-26,2.647
1997-06-27,2.652
1997-06-30,2.655
1997-07-01,2.653
1997-07-02,2.653
1997-07-03,2.649
1997-07-04,2.652
1997-07-07,2.654
1997-07-08,2.654
1997-07-09,2.657
1997-07-10,2.656
1997-07-11,2.651
1997-07-14,2.649
1997-07-15,2.648
1997-07-16,2.65
1997-07-17,2.65
1997-07-18,2.652
1997-07-21,2.651
1997-07-22,2.65
1997-07-23,2.651
1997-07-24,2.654
1997-07-25,2.654
1997-07-30,2.658
1997-07-31,2.656
1997-08-01,2.653
1997-08-04,2.653
1997-08-05,2.656
1997-08-06,2.66
1997-08-07,2.665
1997-08-08,2.661
1997-08-11,2.656
1997-08-12,2.656
1997-08-13,2.654
1997-08-14,2.651
1997-08-15,2.647
1997-08-18,2.647
1997-08-19,2.652
1997-08-20,2.654
1997-08-21,2.653
1997-08-22,2.654
1997-08-25,2.655
1997-08-26,2.659
1997-08-27,2.657
1997-08-28,2.656
1997-08-29,2.656
1997-09-01,2.66
1997-09-02,2.657
1997-09-03,2.655
1997-09-04,2.652
1997-09-05,2.648
1997-09-08,2.648
1997-09-09,2.647
1997-09-10,2.645
1997-09-11,2.641
1997-09-12,2.634
1997-09-15,2.637
1997-09-16,2.641
1997-09-17,2.642
1997-09-18,2.639
1997-09-19,2.637
1997-09-22,2.64
1997-09-23,2.641
1997-09-24,2.645
1997-09-25,2.645
1997-09-26,2.646
1997-09-29,2.652
1997-09-30,2.651
1997-10-01,2.642
1997-10-02,2.638
1997-10-03,2.638
1997-10-06,2.641
1997-10-07,2.646
1997-10-09,2.651
1997-10-10,2.654
1997-10-13,2.656
1997-10-14,2.649
1997-10-15,2.647
1997-10-16,2.648
1997-10-17,2.649
1997-10-20,2.656
1997-10-21,2.661
1997-10-22,2.668
1997-10-23,2.671
1997-10-24,2.679
1997-10-27,2.706
1997-10-28,2.745
1997-10-29,2.704
1997-10-30,2.721
1997-10-31,2.719
1997-11-03,2.71
1997-11-04,2.709
1997-11-05,2.716
1997-11-06,2.716
1997-11-07,2.727
1997-11-10,2.73
1997-11-11,2.734
1997-11-12,2.74
1997-11-13,2.737
1997-11-14,2.732
1997-11-17,2.723
1997-11-18,2.718
1997-11-19,2.713
1997-11-20,2.711
1997-11-21,2.714
1997-11-24,2.722
1997-11-25,2.731
1997-11-26,2.725
1997-11-27,2.724
1997-11-28,2.724
1997-12-01,2.725
1997-12-02,2.719
1997-12-03,2.718
1997-12-04,2.717
1997-12-05,2.713
1997-12-09,2.716
1997-12-10,2.714
1997-12-11,2.715
1997-12-12,2.714
1997-12-15,2.712
1997-12-16,2.712
1997-12-17,2.71
1997-12-18,2.711
1997-12-19,2.716
1997-12-22,2.715
1997-12-23,2.721
1997-12-24,2.724
1997-12-26,2.723
1997-12-29,2.73
1997-12-30,2.732
1997-12-31,2.728
1998-01-02,2.726
1998-01-05,2.727
1998-01-06,2.731
1998-01-07,2.735
1998-01-08,2.743
1998-01-09,2.738
1998-01-12,2.752
1998-01-13,2.742
1998-01-14,2.743
1998-01-15,2.743
1998-01-16,2.741
1998-01-19,2.737
1998-01-20,2.742
1998-01-21,2.749
1998-01-22,2.753
1998-01-23,2.753
1998-01-26,2.766
1998-01-27,2.766
1998-01-28,2.764
1998-01-29,2.77
1998-01-30,2.777
1998-02-02,2.791
1998-02-03,2.788
1998-02-04,2.789
1998-02-05,2.801
1998-02-06,2.806
1998-02-09,2.809
1998-02-10,2.811
1998-02-11,2.798
1998-02-12,2.78
1998-02-13,2.786
1998-02-16,2.794
1998-02-17,2.791
1998-02-18,2.798
1998-02-19,2.809
1998-02-20,2.808
1998-02-23,2.821
1998-02-24,2.824
1998-02-25,2.815
1998-02-26,2.816
1998-02-27,2.814
1998-03-02,2.813
1998-03-03,2.815
1998-03-04,2.813
1998-03-05,2.811
1998-03-06,2.807
1998-03-09,2.8
1998-03-10,2.793
1998-03-11,2.794
1998-03-12,2.804
1998-03-13,2.807
1998-03-16,2.8
1998-03-17,2.797
1998-03-18,2.795
1998-03-19,2.792
1998-03-20,2.804
1998-03-23,2.814
1998-03-24,2.818
1998-03-25,2.817
1998-03-26,2.817
1998-03-27,2.817
1998-03-30,2.816
1998-03-31,2.807
1998-04-01,2.805
1998-04-02,2.816
1998-04-03,2.815
1998-04-06,2.814
1998-04-07,2.813
1998-04-08,2.812
1998-04-13,2.818
1998-04-14,2.823
1998-04-15,2.823
1998-04-16,2.825
1998-04-17,2.82
1998-04-20,2.82
1998-04-21,2.824
1998-04-22,2.827
1998-04-23,2.832
1998-04-24,2.83
1998-04-27,2.831
1998-04-28,2.826
1998-04-29,2.828
1998-04-30,2.827
1998-05-04,2.835
1998-05-05,2.837
1998-05-06,2.84
1998-05-07,2.842
1998-05-08,2.841
1998-05-11,2.844
1998-05-12,2.843
1998-05-13,2.842
1998-05-14,2.84
1998-05-15,2.84
1998-05-18,2.844
1998-05-19,2.845
1998-05-20,2.844
1998-05-21,2.843
1998-05-22,2.844
1998-05-25,2.847
1998-05-26,2.849
1998-05-27,2.859
1998-05-28,2.863
1998-05-29,2.866
1998-06-01,2.873
1998-06-02,2.87
1998-06-03,2.867
1998-06-04,2.882
1998-06-05,2.892
1998-06-08,2.898
1998-06-09,2.894
1998-06-10,2.896
1998-06-11,2.897
1998-06-12,2.908
1998-06-15,2.928
1998-06-16,2.923
1998-06-17,2.913
1998-06-18,2.911
1998-06-19,2.92
1998-06-22,2.936
1998-06-23,2.936
1998-06-24,2.955
1998-06-25,2.942
1998-06-26,2.928
1998-06-30,2.938
1998-07-01,2.93
1998-07-02,2.933
1998-07-03,2.924
1998-07-06,2.93
1998-07-07,2.929
1998-07-08,2.926
1998-07-09,2.922
1998-07-10,2.922
1998-07-13,2.916
1998-07-14,2.912
1998-07-15,2.908
1998-07-16,2.913
1998-07-17,2.905
1998-07-20,2.908
1998-07-21,2.907
1998-07-22,2.909
1998-07-23,2.922
1998-07-24,2.919
1998-07-27,2.923
1998-07-30,2.929
1998-07-31,2.931
1998-08-03,2.935
1998-08-04,2.939
1998-08-05,2.943
1998-08-06,2.952
1998-08-07,2.954
1998-08-10,2.951
1998-08-11,2.959
1998-08-12,2.96
1998-08-13,2.958
1998-08-14,2.948
1998-08-17,2.95
1998-08-18,2.946
1998-08-19,2.945
1998-08-20,2.955
1998-08-21,2.971
1998-08-24,2.969
1998-08-25,2.964
1998-08-26,2.98
1998-08-27,3.008
1998-08-28,3.016
1998-08-31,3.03
1998-09-01,3.05
1998-09-02,3.033
1998-09-03,3.054
1998-09-04,3.048
1998-09-07,3.054
1998-09-08,3.06
1998-09-09,3.05
1998-09-10,3.068
1998-09-11,3.07
1998-09-14,3.053
1998-09-15,3.029
1998-09-16,3.029
1998-09-17,3.046
1998-09-18,3.022
1998-09-21,3.03
1998-09-22,3.023
1998-09-23,3.029
1998-09-24,3.034
1998-09-25,3.037
1998-09-28,3.046
1998-09-29,3.049
1998-09-30,3.056
1998-10-01,3.06
1998-10-02,3.043
1998-10-05,3.038
1998-10-06,3.032
1998-10-07,3.041
1998-10-09,3.056
1998-10-12,3.06
1998-10-13,3.054
1998-10-14,3.052
1998-10-15,3.041
1998-10-16,3.046
1998-10-19,3.043
1998-10-20,3.04
1998-10-21,3.046
1998-10-22,3.047
1998-10-23,3.05
1998-10-27,3.057
1998-10-28,3.064
1998-10-29,3.077
1998-10-30,3.07
1998-11-02,3.08
1998-11-03,3.084
1998-11-04,3.078
1998-11-05,3.084
1998-11-06,3.08
1998-11-09,3.089
1998-11-10,3.094
1998-11-11,3.09
1998-11-12,3.093
1998-11-13,3.094
1998-11-16,3.094
1998-11-17,3.089
1998-11-18,3.088
1998-11-19,3.093
1998-11-20,3.093
1998-11-23,3.093
1998-11-24,3.104
1998-11-25,3.11
1998-11-26,3.12
1998-11-27,3.121
1998-11-30,3.126
1998-12-01,3.131
1998-12-02,3.14
1998-12-03,3.15
1998-12-04,3.146
1998-12-07,3.134
1998-12-09,3.131
1998-12-10,3.145
1998-12-11,3.145
1998-12-14,3.138
1998-12-15,3.133
1998-12-16,3.129
1998-12-17,3.129
1998-12-18,3.126
1998-12-21,3.13
1998-12-22,3.129
1998-12-23,3.127
1998-12-24,3.128
1998-12-28,3.141
1998-12-29,3.154
1998-12-30,3.157
1998-12-31,3.158
1999-01-04,3.164
1999-01-05,3.174
1999-01-06,3.182
1999-01-07,3.188
1999-01-08,3.194
1999-01-11,3.197
1999-01-12,3.202
1999-01-13,3.256
1999-01-14,3.302
1999-01-15,3.288
1999-01-18,3.245
1999-01-19,3.253
1999-01-20,3.25
1999-01-21,3.275
1999-01-22,3.281
1999-01-25,3.304
1999-01-26,3.328
1999-01-27,3.331
1999-01-28,3.345
1999-01-29,3.364
1999-02-01,3.375
1999-02-02,3.376
1999-02-03,3.401
1999-02-04,3.391
1999-02-05,3.389
1999-02-08,3.389
1999-02-09,3.389
1999-02-10,3.379
1999-02-11,3.392
1999-02-12,3.399
1999-02-15,3.39
1999-02-16,3.383
1999-02-17,3.385
1999-02-18,3.389
1999-02-19,3.396
1999-02-22,3.41
1999-02-23,3.426
1999-02-24,3.424
1999-02-25,3.452
1999-02-26,3.444
1999-03-01,3.387
1999-03-02,3.394
1999-03-03,3.397
1999-03-04,3.404
1999-03-05,3.409
1999-03-08,3.414
1999-03-09,3.406
1999-03-10,3.402
1999-03-11,3.3927
1999-03-12,3.3707
1999-03-15,3.3465
1999-03-16,3.3545
1999-03-17,3.3744
1999-03-18,3.3545
1999-03-19,3.3476
1999-03-22,3.3669
1999-03-23,3.3898
1999-03-24,3.3963
1999-03-25,3.3823
1999-03-26,3.3748
1999-03-29,3.3581
1999-03-30,3.344
1999-03-31,3.3304
1999-04-05,3.3437
1999-04-06,3.3528
1999-04-07,3.3712
1999-04-08,3.3664
1999-04-09,3.3566
1999-04-12,3.3641
1999-04-13,3.355
1999-04-14,3.344
1999-04-15,3.3463
1999-04-16,3.3473
1999-04-19,3.346
1999-04-20,3.3403
1999-04-21,3.3456
1999-04-22,3.3443
1999-04-23,3.3453
1999-04-26,3.3508
1999-04-27,3.343
1999-04-28,3.3357
1999-04-29,3.3491
1999-04-30,3.3374
1999-05-03,3.3339
1999-05-04,3.3266
1999-05-05,3.3314
1999-05-06,3.3363
1999-05-07,3.3398
1999-05-10,3.333
1999-05-11,3.3233
1999-05-12,3.3278
1999-05-13,3.3201
1999-05-14,3.3269
1999-05-17,3.328
1999-05-18,3.3215
1999-05-19,3.3229
1999-05-20,3.325
1999-05-21,3.3322
1999-05-24,3.3385
1999-05-25,3.3569
1999-05-26,3.3408
1999-05-27,3.3328
1999-05-28,3.3282
1999-05-31,3.3348
1999-06-01,3.3325
1999-06-02,3.338
1999-06-03,3.3333
1999-06-04,3.3381
1999-06-07,3.3381
1999-06-08,3.3443
1999-06-09,3.3483
1999-06-10,3.3513
1999-06-11,3.3484
1999-06-14,3.3418
1999-06-15,3.3349
1999-06-16,3.3343
1999-06-17,3.3324
1999-06-18,3.3337
1999-06-21,3.3378
1999-06-22,3.3354
1999-06-23,3.339
1999-06-24,3.3428
1999-06-25,3.3385
1999-06-28,3.3376
1999-06-30,3.3338
1999-07-01,3.3305
1999-07-02,3.3256
1999-07-05,3.3249
1999-07-06,3.322
1999-07-07,3.3233
1999-07-08,3.3204
1999-07-09,3.3215
1999-07-12,3.3248
1999-07-13,3.3304
1999-07-14,3.3206
1999-07-15,3.3138
1999-07-16,3.3123
1999-07-19,3.3115
1999-07-20,3.3138
1999-07-21,3.318
1999-07-22,3.3245
1999-07-23,3.3219
1999-07-26,3.3318
1999-07-27,3.3306
1999-07-30,3.3351
1999-08-02,3.3393
1999-08-03,3.3528
1999-08-04,3.3478
1999-08-05,3.3478
1999-08-06,3.3578
1999-08-09,3.3663
1999-08-10,3.3868
1999-08-11,3.3678
1999-08-12,3.3621
1999-08-13,3.3561
1999-08-16,3.3623
1999-08-17,3.3597
1999-08-18,3.3692
1999-08-19,3.3676
1999-08-20,3.3693
1999-08-23,3.3554
1999-08-24,3.3639
1999-08-25,3.3677
1999-08-26,3.3707
1999-08-27,3.3734
1999-08-31,3.386
1999-09-01,3.3894
1999-09-02,3.4029
1999-09-03,3.3969
1999-09-06,3.3959
1999-09-07,3.416
1999-09-08,3.4167
1999-09-09,3.4104
1999-09-10,3.4022
1999-09-13,3.3976
1999-09-14,3.4062
1999-09-15,3.4085
1999-09-16,3.4177
1999-09-17,3.4163
1999-09-20,3.4217
1999-09-21,3.4228
1999-09-22,3.4237
1999-09-23,3.4319
1999-09-24,3.4396
1999-09-27,3.4491
1999-09-28,3.4678
1999-09-29,3.4618
1999-09-30,3.4638
1999-10-01,3.469
1999-10-04,3.4723
1999-10-05,3.476
1999-10-06,3.4692
1999-10-07,3.4599
1999-10-11,3.4575
1999-10-12,3.4641
1999-10-13,3.4685
1999-10-14,3.4783
1999-10-15,3.4802
1999-10-18,3.4773
1999-10-19,3.4748
1999-10-20,3.4716
1999-10-21,3.4703
1999-10-22,3.4685
1999-10-25,3.4761
1999-10-26,3.4749
1999-10-27,3.4861
1999-10-28,3.4904
1999-10-29,3.4938
1999-11-02,3.489
1999-11-03,3.4884
1999-11-04,3.493
1999-11-05,3.4905
1999-11-08,3.4878
1999-11-09,3.4843
1999-11-10,3.4854
1999-11-11,3.4771
1999-11-12,3.4671
1999-11-15,3.4673
1999-11-16,3.4731
1999-11-17,3.4773
1999-11-18,3.4725
1999-11-19,3.4672
1999-11-22,3.4788
1999-11-23,3.4849
1999-11-24,3.4899
1999-11-25,3.4935
1999-11-26,3.4915
1999-11-29,3.4925
1999-11-30,3.4905
1999-12-01,3.4913
1999-12-02,3.4822
1999-12-03,3.4749
1999-12-06,3.4763
1999-12-07,3.4774
1999-12-09,3.4705
1999-12-10,3.4686
1999-12-13,3.4695
1999-12-14,3.4677
1999-12-15,3.4624
1999-12-16,3.4722
1999-12-17,3.4715
1999-12-20,3.4818
1999-12-21,3.4918
1999-12-22,3.4901
1999-12-23,3.4914
1999-12-24,3.4972
1999-12-27,3.5023
1999-12-28,3.5036
1999-12-29,3.5061
1999-12-30,3.5115
1999-12-31,3.5072
2000-01-03,3.5192
2000-01-04,3.5263
2000-01-05,3.5198
2000-01-06,3.5072
2000-01-07,3.513
2000-01-10,3.5095
2000-01-11,3.5077
2000-01-12,3.5099
2000-01-13,3.5046
2000-01-14,3.4937
2000-01-17,3.4864
2000-01-18,3.4904
2000-01-19,3.4988
2000-01-20,3.5048
2000-01-21,3.4991
2000-01-24,3.4955
2000-01-25,3.4904
2000-01-26,3.4938
2000-01-27,3.4778
2000-01-28,3.4788
2000-01-31,3.4915
2000-02-01,3.4715
2000-02-02,3.4741
2000-02-03,3.4729
2000-02-04,3.479
2000-02-07,3.4731
2000-02-08,3.4612
2000-02-09,3.4483
2000-02-10,3.4438
2000-02-11,3.4454
2000-02-14,3.436
2000-02-15,3.4297
2000-02-16,3.4416
2000-02-17,3.4346
2000-02-18,3.4456
2000-02-21,3.4629
2000-02-22,3.4655
2000-02-23,3.4583
2000-02-24,3.4692
2000-02-25,3.4696
2000-02-28,3.4619
2000-02-29,3.4445
2000-03-01,3.4121
2000-03-02,3.4099
2000-03-03,3.3941
2000-03-06,3.4117
2000-03-07,3.4093
2000-03-08,3.3989
2000-03-09,3.4043
2000-03-10,3.4207
2000-03-13,3.4243
2000-03-14,3.4163
2000-03-15,3.4245
2000-03-16,3.4375
2000-03-17,3.4341
2000-03-20,3.4498
2000-03-21,3.4559
2000-03-22,3.4713
2000-03-23,3.4925
2000-03-24,3.5094
2000-03-27,3.5095
2000-03-28,3.4748
2000-03-29,3.475
2000-03-30,3.4918
2000-03-31,3.4891
2000-04-03,3.4734
2000-04-04,3.4778
2000-04-05,3.4763
2000-04-06,3.4913
2000-04-07,3.5092
2000-04-10,3.4853
2000-04-11,3.4855
2000-04-12,3.4843
2000-04-13,3.4619
2000-04-14,3.4699
2000-04-17,3.4754
2000-04-18,3.4746
2000-04-19,3.4685
2000-04-24,3.4828
2000-04-25,3.4779
2000-04-26,3.4877
2000-04-27,3.4828
2000-04-28,3.4786
2000-05-02,3.4779
2000-05-03,3.4873
2000-05-04,3.489
2000-05-05,3.4929
2000-05-08,3.5039
2000-05-09,3.5068
2000-05-10,3.5145
2000-05-11,3.4996
2000-05-12,3.4987
2000-05-15,3.504
2000-05-16,3.5038
2000-05-17,3.5038
2000-05-18,3.5027
2000-05-19,3.5106
2000-05-22,3.5151
2000-05-23,3.519
2000-05-24,3.5109
2000-05-25,3.512
2000-05-26,3.5252
2000-05-29,3.5103
2000-05-30,3.5174
2000-05-31,3.5051
2000-06-01,3.4883
2000-06-02,3.49
2000-06-05,3.4883
2000-06-06,3.4877
2000-06-07,3.4868
2000-06-08,3.4843
2000-06-09,3.4805
2000-06-12,3.481
2000-06-13,3.4861
2000-06-14,3.4816
2000-06-15,3.4796
2000-06-16,3.4788
2000-06-19,3.4837
2000-06-20,3.4885
2000-06-21,3.4903
2000-06-22,3.4928
2000-06-23,3.4946
2000-06-26,3.4989
2000-06-27,3.4975
2000-06-28,3.4908
2000-06-30,3.4893
2000-07-03,3.4847
2000-07-04,3.4839
2000-07-05,3.4874
2000-07-06,3.4848
2000-07-07,3.483
2000-07-10,3.4808
2000-07-11,3.4791
2000-07-12,3.4807
2000-07-13,3.4837
2000-07-14,3.4787
2000-07-17,3.4784
2000-07-18,3.4793
2000-07-19,3.4827
2000-07-20,3.4808
2000-07-21,3.482
2000-07-24,3.481
2000-07-25,3.4784
2000-07-26,3.4749
2000-07-27,3.4743
2000-07-31,3.4728
2000-08-01,3.4738
2000-08-02,3.4813
2000-08-03,3.4802
2000-08-04,3.4844
2000-08-07,3.4855
2000-08-08,3.4795
2000-08-09,3.4813
2000-08-10,3.4813
2000-08-11,3.4866
2000-08-14,3.4855
2000-08-15,3.4763
2000-08-16,3.4754
2000-08-17,3.4701
2000-08-18,3.4708
2000-08-21,3.4774
2000-08-22,3.4757
2000-08-23,3.4765
2000-08-24,3.4782
2000-08-25,3.4768
2000-08-28,3.475
2000-08-29,3.475
2000-08-31,3.4728
2000-09-01,3.4713
2000-09-04,3.4722
2000-09-05,3.4746
2000-09-06,3.4724
2000-09-07,3.4723
2000-09-08,3.4753
2000-09-11,3.4725
2000-09-12,3.4713
2000-09-13,3.4726
2000-09-14,3.4711
2000-09-15,3.4743
2000-09-18,3.5009
2000-09-19,3.4991
2000-09-20,3.5137
2000-09-21,3.4905
2000-09-22,3.4903
2000-09-25,3.4872
2000-09-26,3.4908
2000-09-27,3.498
2000-09-28,3.5217
2000-09-29,3.5106
2000-10-02,3.4947
2000-10-03,3.495
2000-10-04,3.4993
2000-10-05,3.5043
2000-10-06,3.5029
2000-10-09,3.5
2000-10-10,3.5001
2000-10-11,3.5023
2000-10-12,3.4958
2000-10-13,3.4919
2000-10-16,3.4875
2000-10-17,3.4919
2000-10-18,3.497
2000-10-19,3.4911
2000-10-20,3.4939
2000-10-23,3.5038
2000-10-24,3.5105
2000-10-25,3.51
2000-10-26,3.5092
2000-10-27,3.515
2000-10-30,3.5214
2000-10-31,3.5128
2000-11-02,3.5051
2000-11-03,3.508
2000-11-06,3.5165
2000-11-07,3.5251
2000-11-08,3.5258
2000-11-09,3.538
2000-11-10,3.5288
2000-11-13,3.5356
2000-11-14,3.5363
2000-11-15,3.5273
2000-11-16,3.5338
2000-11-17,3.5368
2000-11-20,3.5501
2000-11-21,3.5442
2000-11-22,3.5389
2000-11-23,3.529
2000-11-24,3.5285
2000-11-27,3.5291
2000-11-28,3.534
2000-11-29,3.5315
2000-11-30,3.5294
2000-12-01,3.5275
2000-12-04,3.53
2000-12-05,3.5259
2000-12-06,3.5265
2000-12-07,3.5244
2000-12-11,3.5244
2000-12-12,3.5252
2000-12-13,3.5234
2000-12-14,3.5182
2000-12-15,3.5043
2000-12-18,3.5044
2000-12-19,3.503
2000-12-20,3.5043
2000-12-21,3.5144
2000-12-22,3.5119
2000-12-26,3.5187
2000-12-27,3.5339
2000-12-28,3.5349
2000-12-29,3.5263
2001-01-02,3.5204
2001-01-03,3.5226
2001-01-04,3.5188
2001-01-05,3.5178
2001-01-08,3.5165
2001-01-09,3.5179
2001-01-10,3.5186
2001-01-11,3.5164
2001-01-12,3.5201
2001-01-15,3.5211
2001-01-16,3.5206
2001-01-17,3.5184
2001-01-18,3.5199
2001-01-19,3.5209
2001-01-22,3.5238
2001-01-23,3.5276
2001-01-24,3.5312
2001-01-25,3.5278
2001-01-26,3.5328
2001-01-29,3.5383
2001-01-30,3.5357
2001-01-31,3.5331
2001-02-01,3.5303
2001-02-02,3.5293
2001-02-05,3.532
2001-02-06,3.5296
2001-02-07,3.5323
2001-02-08,3.5322
2001-02-09,3.5301
2001-02-12,3.5316
2001-02-13,3.5321
2001-02-14,3.531
2001-02-15,3.5293
2001-02-16,3.5257
2001-02-19,3.5248
2001-02-20,3.5262
2001-02-21,3.5281
2001-02-22,3.5307
2001-02-23,3.5315
2001-02-26,3.5264
2001-02-27,3.5257
2001-02-28,3.5228
2001-03-01,3.5203
2001-03-02,3.5197
2001-03-05,3.5175
2001-03-06,3.5161
2001-03-07,3.5156
2001-03-08,3.5175
2001-03-09,3.5183
2001-03-12,3.5179
2001-03-13,3.5177
2001-03-14,3.5186
2001-03-15,3.519
2001-03-16,3.5219
2001-03-19,3.522
2001-03-20,3.5221
2001-03-21,3.5234
2001-03-22,3.525
2001-03-23,3.5258
2001-03-26,3.5213
2001-03-27,3.521
2001-03-28,3.5217
2001-03-29,3.5221
2001-03-30,3.5245
2001-04-02,3.5244
2001-04-03,3.5253
2001-04-04,3.5249
2001-04-05,3.5273
2001-04-06,3.532
2001-04-09,3.5445
2001-04-10,3.5455
2001-04-11,3.5437
2001-04-16,3.5463
2001-04-17,3.5623
2001-04-18,3.575
2001-04-19,3.5803
2001-04-20,3.5827
2001-04-23,3.5883
2001-04-24,3.5923
2001-04-25,3.5952
2001-04-26,3.5929
2001-04-27,3.5923
2001-04-30,3.5845
2001-05-02,3.5893
2001-05-03,3.598
2001-05-04,3.599
2001-05-07,3.5943
2001-05-08,3.6057
2001-05-09,3.6111
2001-05-10,3.609
2001-05-11,3.6035
2001-05-14,3.6043
2001-05-15,3.6009
2001-05-16,3.601
2001-05-17,3.5996
2001-05-18,3.6015
2001-05-21,3.5958
2001-05-22,3.5876
2001-05-23,3.5888
2001-05-24,3.59
2001-05-25,3.5929
2001-05-28,3.6115
2001-05-29,3.6164
2001-05-30,3.6175
2001-05-31,3.6278
2001-06-01,3.6364
2001-06-04,3.5683
2001-06-05,3.5538
2001-06-06,3.5518
2001-06-07,3.5298
2001-06-08,3.5222
2001-06-11,3.519
2001-06-12,3.5216
2001-06-13,3.5141
2001-06-14,3.5104
2001-06-15,3.5147
2001-06-18,3.5268
2001-06-19,3.5232
2001-06-20,3.5203
2001-06-21,3.5189
2001-06-22,3.5199
2001-06-25,3.5215
2001-06-26,3.5229
2001-06-27,3.519
2001-06-28,3.5115
2001-07-02,3.5128
2001-07-03,3.5137
2001-07-04,3.5188
2001-07-05,3.5186
2001-07-06,3.5204
2001-07-09,3.5108
2001-07-10,3.5104
2001-07-11,3.5123
2001-07-12,3.5163
2001-07-13,3.5081
2001-07-16,3.508
2001-07-17,3.5025
2001-07-18,3.4961
2001-07-19,3.495
2001-07-20,3.4938
2001-07-23,3.4934
2001-07-24,3.4965
2001-07-25,3.4934
2001-07-26,3.488
2001-07-27,3.4866
2001-07-31,3.4878
2001-08-01,3.4962
2001-08-02,3.4988
2001-08-03,3.499
2001-08-06,3.5007
2001-08-07,3.5013
2001-08-08,3.4934
2001-08-09,3.4914
2001-08-10,3.492
2001-08-13,3.4909
2001-08-14,3.4924
2001-08-15,3.4918
2001-08-16,3.4905
2001-08-17,3.4913
2001-08-20,3.4957
2001-08-21,3.4969
2001-08-22,3.4897
2001-08-23,3.4895
2001-08-24,3.4899
2001-08-27,3.4898
2001-08-28,3.4861
2001-08-29,3.4832
2001-08-31,3.4815
2001-09-03,3.4788
2001-09-04,3.481
2001-09-05,3.4839
2001-09-06,3.4837
2001-09-07,3.4833
2001-09-10,3.482
2001-09-11,3.4954
2001-09-12,3.4929
2001-09-13,3.4946
2001-09-14,3.504
2001-09-17,3.5035
2001-09-18,3.5007
2001-09-19,3.5008
2001-09-20,3.5009
2001-09-21,3.5018
2001-09-24,3.4925
2001-09-25,3.4859
2001-09-26,3.4831
2001-09-27,3.4836
2001-09-28,3.482
2001-10-01,3.48
2001-10-02,3.4808
2001-10-03,3.4783
2001-10-04,3.4768
2001-10-05,3.4771
2001-10-09,3.476
2001-10-10,3.4726
2001-10-11,3.4684
2001-10-12,3.4628
2001-10-15,3.4535
2001-10-16,3.4471
2001-10-17,3.4532
2001-10-18,3.4497
2001-10-19,3.4505
2001-10-22,3.4501
2001-10-23,3.4529
2001-10-24,3.4522
2001-10-25,3.4535
2001-10-26,3.4521
2001-10-29,3.4498
2001-10-30,3.4458
2001-10-31,3.4412
2001-11-05,3.439
2001-11-06,3.4444
2001-11-07,3.4485
2001-11-08,3.4473
2001-11-09,3.4463
2001-11-12,3.4473
2001-11-13,3.4425
2001-11-14,3.4395
2001-11-15,3.4368
2001-11-16,3.4381
2001-11-19,3.4373
2001-11-20,3.4345
2001-11-21,3.4349
2001-11-22,3.4384
2001-11-23,3.4366
2001-11-26,3.4379
2001-11-27,3.4377
2001-11-28,3.4357
2001-11-29,3.4349
2001-11-30,3.4351
2001-12-03,3.4332
2001-12-04,3.4341
2001-12-05,3.4301
2001-12-06,3.4299
2001-12-07,3.4296
2001-12-10,3.4309
2001-12-11,3.4303
2001-12-12,3.4314
2001-12-13,3.4312
2001-12-14,3.4314
2001-12-17,3.4326
2001-12-18,3.436
2001-12-19,3.4398
2001-12-20,3.4446
2001-12-21,3.4422
2001-12-24,3.4415
2001-12-26,3.4432
2001-12-27,3.4405
2001-12-28,3.4415
2001-12-31,3.4441
2002-01-02,3.4413
2002-01-03,3.4411
2002-01-04,3.4438
2002-01-07,3.4438
2002-01-08,3.4484
2002-01-09,3.4594
2002-01-10,3.4861
2002-01-11,3.477
2002-01-14,3.4715
2002-01-15,3.4566
2002-01-16,3.46
2002-01-17,3.4573
2002-01-18,3.4594
2002-01-21,3.4615
2002-01-22,3.4634
2002-01-23,3.4614
2002-01-24,3.4617
2002-01-25,3.464
2002-01-28,3.4663
2002-01-29,3.4665
2002-01-30,3.4793
2002-01-31,3.4788
2002-02-01,3.4773
2002-02-04,3.4837
2002-02-05,3.486
2002-02-06,3.4871
2002-02-07,3.4846
2002-02-08,3.4874
2002-02-11,3.4853
2002-02-12,3.4752
2002-02-13,3.4752
2002-02-14,3.4748
2002-02-15,3.4691
2002-02-18,3.4694
2002-02-19,3.4717
2002-02-20,3.473
2002-02-21,3.4759
2002-02-22,3.4798
2002-02-25,3.4784
2002-02-26,3.4747
2002-02-27,3.4733
2002-02-28,3.4703
2002-03-01,3.4704
2002-03-04,3.4692
2002-03-05,3.463
2002-03-06,3.4594
2002-03-07,3.4583
2002-03-08,3.4535
2002-03-11,3.4556
2002-03-12,3.4533
2002-03-13,3.4517
2002-03-14,3.451
2002-03-15,3.4536
2002-03-18,3.4543
2002-03-19,3.456
2002-03-20,3.4564
2002-03-21,3.4562
2002-03-22,3.4547
2002-03-25,3.4527
2002-03-26,3.4507
2002-03-27,3.4456
2002-04-01,3.4442
2002-04-02,3.4521
2002-04-03,3.4499
2002-04-04,3.4469
2002-04-05,3.4449
2002-04-08,3.4447
2002-04-09,3.4427
2002-04-10,3.442
2002-04-11,3.4432
2002-04-12,3.4399
2002-04-15,3.4384
2002-04-16,3.4306
2002-04-17,3.4296
2002-04-18,3.4307
2002-04-19,3.4278
2002-04-22,3.4289
2002-04-23,3.432
2002-04-24,3.436
2002-04-25,3.4381
2002-04-26,3.4378
2002-04-29,3.437
2002-04-30,3.4344
2002-05-02,3.4339
2002-05-03,3.4361
2002-05-06,3.4344
2002-05-07,3.4326
2002-05-08,3.4335
2002-05-09,3.4404
2002-05-10,3.4474
2002-05-13,3.4524
2002-05-14,3.4487
2002-05-15,3.4473
2002-05-16,3.4517
2002-05-17,3.4571
2002-05-20,3.4589
2002-05-21,3.4642
2002-05-22,3.4697
2002-05-23,3.4694
2002-05-24,3.4527
2002-05-27,3.4549
2002-05-28,3.4687
2002-05-29,3.4697
2002-05-30,3.4613
2002-05-31,3.4611
2002-06-03,3.4664
2002-06-04,3.4727
2002-06-05,3.4699
2002-06-07,3.4709
2002-06-10,3.4683
2002-06-11,3.4667
2002-06-12,3.4705
2002-06-13,3.4657
2002-06-14,3.463
2002-06-17,3.4636
2002-06-18,3.4683
2002-06-19,3.4749
2002-06-20,3.491
2002-06-21,3.5113
2002-06-24,3.5102
2002-06-25,3.4989
2002-06-26,3.5102
2002-06-27,3.5069
2002-06-28,3.51
2002-07-01,3.5106
2002-07-02,3.5189
2002-07-03,3.5245
2002-07-04,3.5245
2002-07-05,3.5378
2002-07-08,3.5388
2002-07-09,3.5366
2002-07-10,3.5454
2002-07-11,3.5566
2002-07-12,3.5456
2002-07-15,3.5379
2002-07-16,3.5327
2002-07-17,3.5384
2002-07-18,3.5355
2002-07-19,3.5299
2002-07-22,3.518
2002-07-23,3.5265
2002-07-24,3.5376
2002-07-25,3.5439
2002-07-26,3.5357
2002-07-31,3.5545
2002-08-01,3.5573
2002-08-02,3.5435
2002-08-05,3.5449
2002-08-06,3.5574
2002-08-07,3.5533
2002-08-08,3.5349
2002-08-09,3.5501
2002-08-12,3.5679
2002-08-13,3.5736
2002-08-14,3.5703
2002-08-15,3.5655
2002-08-16,3.5623
2002-08-19,3.5602
2002-08-20,3.5703
2002-08-21,3.5758
2002-08-22,3.5935
2002-08-23,3.5946
2002-08-26,3.5959
2002-08-27,3.6035
2002-08-28,3.6149
2002-08-29,3.6145
2002-09-02,3.6126
2002-09-03,3.6339
2002-09-04,3.6425
2002-09-05,3.6525
2002-09-06,3.6377
2002-09-09,3.6187
2002-09-10,3.6095
2002-09-11,3.6074
2002-09-12,3.5896
2002-09-13,3.5664
2002-09-16,3.5903
2002-09-17,3.6006
2002-09-18,3.6004
2002-09-19,3.612
2002-09-20,3.6283
2002-09-23,3.6329
2002-09-24,3.634
2002-09-25,3.6375
2002-09-26,3.6384
2002-09-27,3.647
2002-09-30,3.6457
2002-10-01,3.6271
2002-10-02,3.6268
2002-10-03,3.635
2002-10-04,3.6198
2002-10-09,3.624
2002-10-10,3.6205
2002-10-11,3.616
2002-10-14,3.6164
2002-10-15,3.6274
2002-10-16,3.6306
2002-10-17,3.6248
2002-10-18,3.6156
2002-10-21,3.6197
2002-10-22,3.6194
2002-10-23,3.6087
2002-10-24,3.6002
2002-10-25,3.5892
2002-10-28,3.5893
2002-10-29,3.6007
2002-10-30,3.6064
2002-10-31,3.6016
2002-11-04,3.6002
2002-11-05,3.6048
2002-11-06,3.6157
2002-11-07,3.6144
2002-11-08,3.6088
2002-11-11,3.6012
2002-11-12,3.6002
2002-11-13,3.5989
2002-11-14,3.6007
2002-11-15,3.6018
2002-11-18,3.5916
2002-11-19,3.585
2002-11-20,3.585
2002-11-21,3.5779
2002-11-22,3.5763
2002-11-25,3.5747
2002-11-26,3.5529
2002-11-27,3.5451
2002-11-28,3.524
2002-11-29,3.5069
2002-12-02,3.5166
2002-12-03,3.5448
2002-12-04,3.5516
2002-12-05,3.5379
2002-12-06,3.5248
2002-12-09,3.5208
2002-12-10,3.5201
2002-12-11,3.5148
2002-12-12,3.5041
2002-12-13,3.5011
2002-12-16,3.4929
2002-12-17,3.4958
2002-12-18,3.4995
2002-12-19,3.51292
2002-12-20,3.5126
2002-12-23,3.50263
2002-12-24,3.4979
2002-12-26,3.5115
2002-12-27,3.5225
2002-12-30,3.5175
2002-12-31,3.5141
2003-01-02,3.5071
2003-01-03,3.5002
2003-01-06,3.5012
2003-01-07,3.4966
2003-01-08,3.4923
2003-01-09,3.4888
2003-01-10,3.4935
2003-01-13,3.4887
2003-01-14,3.4861
2003-01-15,3.4846
2003-01-16,3.48552
2003-01-17,3.488
2003-01-20,3.492
2003-01-21,3.4975
2003-01-22,3.5036
2003-01-23,3.49946
2003-01-24,3.4977
2003-01-27,3.4999
2003-01-28,3.4977
2003-01-29,3.4995
2003-01-30,3.4887
2003-01-31,3.4842
2003-02-03,3.4835
2003-02-04,3.4923
2003-02-05,3.494
2003-02-06,3.4896
2003-02-07,3.4907
2003-02-10,3.4886
2003-02-11,3.4835
2003-02-12,3.4845
2003-02-13,3.4892
2003-02-14,3.4845
2003-02-17,3.4806
2003-02-18,3.48
2003-02-19,3.4814
2003-02-20,3.481
2003-02-21,3.4804
2003-02-24,3.48
2003-02-25,3.4825
2003-02-26,3.4814
2003-02-27,3.4805
2003-02-28,3.4799
2003-03-03,3.477
2003-03-04,3.4751
2003-03-05,3.4754
2003-03-06,3.4786
2003-03-07,3.4812
2003-03-10,3.4835
2003-03-11,3.4803
2003-03-12,3.4799
2003-03-13,3.4786
2003-03-14,3.4769
2003-03-17,3.4797
2003-03-18,3.482
2003-03-19,3.4854
2003-03-20,3.4882
2003-03-21,3.4828
2003-03-24,3.4804
2003-03-25,3.4783
2003-03-26,3.4791
2003-03-27,3.4789
2003-03-28,3.4774
2003-03-31,3.4741
2003-04-01,3.4744
2003-04-02,3.4715
2003-04-03,3.4717
2003-04-04,3.4719
2003-04-07,3.4687
2003-04-08,3.46762
2003-04-09,3.4674
2003-04-10,3.4668
2003-04-11,3.46539
2003-04-14,3.4603
2003-04-15,3.4632
2003-04-16,3.4584
2003-04-21,3.457
2003-04-22,3.4584
2003-04-23,3.4612
2003-04-24,3.4616
2003-04-25,3.4644
2003-04-28,3.4648
2003-04-29,3.46
2003-04-30,3.4617
2003-05-02,3.4637
2003-05-05,3.4674
2003-05-06,3.4727
2003-05-07,3.4743
2003-05-08,3.4736
2003-05-09,3.4745
2003-05-12,3.4746
2003-05-13,3.4756
2003-05-14,3.4748
2003-05-15,3.475
2003-05-16,3.4756
2003-05-19,3.4858
2003-05-20,3.4884
2003-05-21,3.4892
2003-05-22,3.4909
2003-05-23,3.4918
2003-05-26,3.49
2003-05-27,3.4919
2003-05-28,3.5007
2003-05-29,3.4952
2003-05-30,3.4958
2003-06-02,3.4929
2003-06-03,3.4932
2003-06-04,3.4874
2003-06-05,3.4837
2003-06-06,3.4822
2003-06-09,3.4841
2003-06-10,3.4891
2003-06-11,3.4832
2003-06-12,3.4809
2003-06-13,3.4734
2003-06-16,3.4669
2003-06-17,3.4736
2003-06-18,3.4731
2003-06-19,3.4721
2003-06-20,3.4707
2003-06-23,3.4759
2003-06-24,3.4763
2003-06-25,3.479
2003-06-26,3.4772
2003-06-27,3.475
2003-06-30,3.4702
2003-07-01,3.469
2003-07-02,3.4698
2003-07-03,3.4679
2003-07-04,3.4705
2003-07-07,3.4705
2003-07-08,3.4745
2003-07-09,3.4718
2003-07-10,3.4732
2003-07-11,3.4728
2003-07-14,3.4709
2003-07-15,3.4704
2003-07-16,3.4707
2003-07-17,3.4694
2003-07-18,3.4702
2003-07-21,3.4723
2003-07-22,3.4711
2003-07-23,3.4717
2003-07-24,3.4729
2003-07-25,3.4736
2003-07-30,3.4715
2003-07-31,3.4728
2003-08-01,3.4732
2003-08-04,3.4744
2003-08-05,3.4764
2003-08-06,3.4813
2003-08-07,3.4815
2003-08-08,3.4855
2003-08-11,3.4822
2003-08-12,3.4842
2003-08-13,3.4852
2003-08-14,3.4816
2003-08-15,3.4793
2003-08-18,3.4813
2003-08-19,3.4814
2003-08-20,3.4812
2003-08-21,3.4815
2003-08-22,3.4818
2003-08-25,3.4808
2003-08-26,3.4803
2003-08-27,3.4792
2003-08-28,3.4805
2003-08-29,3.48031
2003-09-01,3.4812
2003-09-02,3.4813
2003-09-03,3.4846
2003-09-04,3.4852
2003-09-05,3.4835
2003-09-08,3.4829
2003-09-09,3.4815
2003-09-10,3.4795
2003-09-11,3.4784
2003-09-12,3.4792
2003-09-15,3.4786
2003-09-16,3.4784
2003-09-17,3.4777
2003-09-18,3.4777
2003-09-19,3.4783
2003-09-22,3.4791
2003-09-23,3.4834
2003-09-24,3.4827
2003-09-25,3.4838
2003-09-26,3.4822
2003-09-29,3.4832
2003-09-30,3.4831
2003-10-01,3.483
2003-10-02,3.4826
2003-10-03,3.4813
2003-10-06,3.4809
2003-10-07,3.4814
2003-10-09,3.4814
2003-10-10,3.4803
2003-10-13,3.4787
2003-10-14,3.4788
2003-10-15,3.4796
2003-10-16,3.4791
2003-10-17,3.4795
2003-10-20,3.4791
2003-10-21,3.479
2003-10-22,3.4774
2003-10-23,3.4762
2003-10-24,3.4752
2003-10-27,3.4759
2003-10-28,3.4764
2003-10-29,3.4743
2003-10-30,3.4718
2003-10-31,3.4722
2003-11-03,3.4735
2003-11-04,3.4741
2003-11-05,3.4747
2003-11-06,3.4782
2003-11-07,3.4796
2003-11-10,3.4801
2003-11-11,3.4795
2003-11-12,3.4773
2003-11-13,3.4769
2003-11-14,3.4749
2003-11-17,3.4761
2003-11-18,3.4768
2003-11-19,3.48
2003-11-20,3.4803
2003-11-21,3.4782
2003-11-24,3.4778
2003-11-25,3.4791
2003-11-26,3.4812
2003-11-27,3.4795
2003-11-28,3.4804
2003-12-01,3.4787
2003-12-02,3.4779
2003-12-03,3.4779
2003-12-04,3.4776
2003-12-05,3.4758
2003-12-09,3.4778
2003-12-10,3.4769
2003-12-11,3.4743
2003-12-12,3.474
2003-12-15,3.4742
2003-12-16,3.4711
2003-12-17,3.471
2003-12-18,3.4713
2003-12-19,3.4661
2003-12-22,3.462
2003-12-23,3.4642
2003-12-24,3.4642
2003-12-26,3.4663
2003-12-29,3.4691
2003-12-30,3.467
2003-12-31,3.4634
2004-01-02,3.4625
2004-01-05,3.4634
2004-01-06,3.4618
2004-01-07,3.4612
2004-01-08,3.4574
2004-01-09,3.4569
2004-01-12,3.4584
2004-01-13,3.4606
2004-01-14,3.4558
2004-01-15,3.4543
2004-01-16,3.4524
2004-01-19,3.458
2004-01-20,3.4602
2004-01-21,3.4635
2004-01-22,3.4716
2004-01-23,3.4746
2004-01-26,3.4729
2004-01-27,3.4854
2004-01-28,3.4852
2004-01-29,3.5038
2004-01-30,3.5016
2004-02-02,3.5053
2004-02-03,3.4969
2004-02-04,3.4926
2004-02-05,3.4933
2004-02-06,3.4922
2004-02-09,3.4898
2004-02-10,3.4853
2004-02-11,3.4869
2004-02-12,3.4895
2004-02-13,3.492
2004-02-16,3.4816
2004-02-17,3.4758
2004-02-18,3.4741
2004-02-19,3.473
2004-02-20,3.4754
2004-02-23,3.4762
2004-02-24,3.4737
2004-02-25,3.4741
2004-02-26,3.4741
2004-02-27,3.4732
2004-03-01,3.4718
2004-03-02,3.4726
2004-03-03,3.4749
2004-03-04,3.4748
2004-03-05,3.474
2004-03-08,3.4716
2004-03-09,3.4663
2004-03-10,3.4662
2004-03-11,3.467
2004-03-12,3.4621
2004-03-15,3.4616
2004-03-16,3.4647
2004-03-17,3.4664
2004-03-18,3.4659
2004-03-19,3.4631
2004-03-22,3.461
2004-03-23,3.4581
2004-03-24,3.4607
2004-03-25,3.4618
2004-03-26,3.4602
2004-04-05,3.4583
2004-04-06,3.4588
2004-04-07,3.4624
2004-04-12,3.4633
2004-04-13,3.4641
2004-04-14,3.4675
2004-04-15,3.4665
2004-04-16,3.4658
2004-04-19,3.4666
2004-04-20,3.4693
2004-04-21,3.4695
2004-04-22,3.4726
2004-04-23,3.4798
2004-04-26,3.4841
2004-04-27,3.4839
2004-04-28,3.4852
2004-04-29,3.4866
2004-04-30,3.4847
2004-05-03,3.4874
2004-05-04,3.4836
2004-05-05,3.482
2004-05-06,3.4865
2004-05-07,3.491
2004-05-10,3.4933
2004-05-11,3.4873
2004-05-12,3.4888
2004-05-13,3.4873
2004-05-14,3.4842
2004-05-17,3.4838
2004-05-18,3.4837
2004-05-19,3.4851
2004-05-20,3.4916
2004-05-21,3.4903
2004-05-24,3.4948
2004-05-25,3.4931
2004-05-26,3.4911
2004-05-27,3.4883
2004-05-28,3.4889
2004-05-31,3.4873
2004-06-01,3.4894
2004-06-02,3.4876
2004-06-03,3.4877
2004-06-04,3.4872
2004-06-07,3.4863
2004-06-08,3.4804
2004-06-09,3.4763
2004-06-10,3.4789
2004-06-11,3.4782
2004-06-14,3.4821
2004-06-15,3.4774
2004-06-16,3.4769
2004-06-17,3.4746
2004-06-18,3.473
2004-06-21,3.473
2004-06-22,3.4702
2004-06-23,3.4694
2004-06-24,3.4696
2004-06-25,3.4692
2004-06-28,3.4716
2004-06-30,3.4713
2004-07-01,3.4695
2004-07-02,3.4688
2004-07-05,3.4695
2004-07-06,3.4664
2004-07-07,3.4633
2004-07-08,3.4609
2004-07-09,3.4539
2004-07-12,3.4463
2004-07-13,3.4353
2004-07-14,3.4383
2004-07-15,3.4374
2004-07-16,3.4332
2004-07-19,3.424
2004-07-20,3.4213
2004-07-21,3.4261
2004-07-22,3.4232
2004-07-23,3.4198
2004-07-26,3.4257
2004-07-27,3.4273
2004-07-30,3.41921
2004-08-02,3.4118
2004-08-03,3.4087
2004-08-04,3.4214
2004-08-05,3.4161
2004-08-06,3.4121
2004-08-09,3.4081
2004-08-10,3.4104
2004-08-11,3.407
2004-08-12,3.4092
2004-08-13,3.4089
2004-08-16,3.4093
2004-08-17,3.4047
2004-08-18,3.3868
2004-08-19,3.38
2004-08-20,3.3818
2004-08-23,3.3811
2004-08-24,3.3826
2004-08-25,3.3785
2004-08-26,3.3668
2004-08-27,3.3634
2004-08-31,3.3585
2004-09-01,3.3697
2004-09-02,3.3714
2004-09-03,3.3844
2004-09-06,3.3809
2004-09-07,3.3736
2004-09-08,3.3662
2004-09-09,3.3673
2004-09-10,3.3684
2004-09-13,3.3596
2004-09-14,3.3515
2004-09-15,3.3498
2004-09-16,3.3485
2004-09-17,3.3517
2004-09-20,3.351
2004-09-21,3.3518
2004-09-22,3.3523
2004-09-23,3.3475
2004-09-24,3.3476
2004-09-27,3.3526
2004-09-28,3.3488
2004-09-29,3.3431
2004-09-30,3.3418
2004-10-01,3.3366
2004-10-04,3.3356
2004-10-05,3.3356
2004-10-06,3.3327
2004-10-07,3.3278
2004-10-11,3.3126
2004-10-12,3.3076
2004-10-13,3.3137
2004-10-14,3.3258
2004-10-15,3.3204
2004-10-18,3.3128
2004-10-19,3.3173
2004-10-20,3.3178
2004-10-21,3.3135
2004-10-22,3.3102
2004-10-25,3.3142
2004-10-26,3.3239
2004-10-27,3.3202
2004-10-28,3.32425
2004-10-29,3.3254
2004-11-02,3.3208
2004-11-03,3.3164
2004-11-04,3.3139
2004-11-05,3.3121
2004-11-08,3.3142
2004-11-09,3.3102
2004-11-10,3.3083
2004-11-11,3.3133
2004-11-12,3.3064
2004-11-15,3.3048
2004-11-16,3.3029
2004-11-17,3.3058
2004-11-18,3.3099
2004-11-19,3.3119
2004-11-22,3.3146
2004-11-23,3.3156
2004-11-24,3.3124
2004-11-25,3.3093
2004-11-26,3.3064
2004-11-29,3.3058
2004-11-30,3.3055
2004-12-01,3.3026
2004-12-02,3.3018
2004-12-03,3.2988
2004-12-06,3.2976
2004-12-07,3.2988
2004-12-09,3.3009
2004-12-10,3.2944
2004-12-13,3.2847
2004-12-14,3.2741
2004-12-15,3.2634
2004-12-16,3.2676
2004-12-17,3.2701
2004-12-20,3.2698
2004-12-21,3.2643
2004-12-22,3.2688
2004-12-23,3.2665
2004-12-27,3.2715
2004-12-28,3.2784
2004-12-29,3.2886
2004-12-30,3.2797
2004-12-31,3.2815
2005-01-03,3.289
2005-01-04,3.2779
2005-01-05,3.2748
2005-01-06,3.2755
2005-01-07,3.2758
2005-01-10,3.2744
2005-01-11,3.2738
2005-01-12,3.2672
2005-01-13,3.2642
2005-01-14,3.2632
2005-01-17,3.2595
2005-01-18,3.2655
2005-01-19,3.268
2005-01-20,3.268
2005-01-21,3.2669
2005-01-24,3.2692
2005-01-25,3.2673
2005-01-26,3.2632
2005-01-27,3.2603
2005-01-28,3.2589
2005-01-31,3.262
2005-02-01,3.2638
2005-02-02,3.2612
2005-02-03,3.2598
2005-02-04,3.276
2005-02-07,3.2637
2005-02-08,3.262
2005-02-09,3.2592
2005-02-10,3.2592
2005-02-11,3.2587
2005-02-14,3.2593
2005-02-15,3.26
2005-02-16,3.2592
2005-02-17,3.2587
2005-02-18,3.2612
2005-02-21,3.2591
2005-02-22,3.2571
2005-02-23,3.2576
2005-02-24,3.2569
2005-02-25,3.2574
2005-02-28,3.2569
2005-03-01,3.2583
2005-03-02,3.262
2005-03-03,3.2625
2005-03-04,3.2592
2005-03-07,3.2597
2005-03-08,3.2588
2005-03-09,3.2586
2005-03-10,3.2588
2005-03-11,3.2579
2005-03-14,3.256
2005-03-15,3.2574
2005-03-16,3.2605
2005-03-17,3.26
2005-03-18,3.2606
2005-03-21,3.2599
2005-03-22,3.2597
2005-03-23,3.2617
2005-03-28,3.2623
2005-03-29,3.262
2005-03-30,3.2609
2005-03-31,3.2608
2005-04-01,3.2606
2005-04-05,3.2594
2005-04-06,3.2588
2005-04-07,3.2591
2005-04-08,3.2599
2005-04-11,3.261
2005-04-12,3.2608
2005-04-13,3.2597
2005-04-14,3.2592
2005-04-15,3.2598
2005-04-18,3.2586
2005-04-19,3.2588
2005-04-20,3.2585
2005-04-21,3.2567
2005-04-22,3.2568
2005-04-25,3.2552
2005-04-26,3.2551
2005-04-27,3.2578
2005-04-28,3.2581
2005-04-29,3.2568
2005-05-03,3.256
2005-05-04,3.25708
2005-05-05,3.25875
2005-05-06,3.25692
2005-05-09,3.25575
2005-05-10,3.2554
2005-05-11,3.2553
2005-05-12,3.2552
2005-05-13,3.255
2005-05-16,3.2553
2005-05-17,3.2543
2005-05-18,3.2547
2005-05-19,3.255
2005-05-20,3.2549
2005-05-23,3.2553
2005-05-24,3.2554
2005-05-25,3.255
2005-05-26,3.2556
2005-05-27,3.255
2005-05-30,3.255
2005-05-31,3.2544
2005-06-01,3.2547
2005-06-02,3.2551
2005-06-03,3.255
2005-06-06,3.2557
2005-06-07,3.2547
2005-06-08,3.2543
2005-06-09,3.253
2005-06-10,3.2519
2005-06-13,3.2518
2005-06-14,3.2513
2005-06-15,3.2518
2005-06-16,3.2418
2005-06-17,3.2518
2005-06-20,3.2528
2005-06-21,3.2529
2005-06-22,3.253
2005-06-23,3.2548
2005-06-24,3.254
2005-06-27,3.2538
2005-06-28,3.2541
2005-06-30,3.2549
2005-07-01,3.2528
2005-07-04,3.2519
2005-07-05,3.2529
2005-07-06,3.2521
2005-07-07,3.2511
2005-07-08,3.2508
2005-07-11,3.2509
2005-07-12,3.2517
2005-07-13,3.2528
2005-07-14,3.2527
2005-07-15,3.2523
2005-07-18,3.2531
2005-07-19,3.253
2005-07-20,3.253
2005-07-21,3.253
2005-07-22,3.2531
2005-07-25,3.254
2005-07-26,3.255
2005-07-27,3.2541
2005-08-01,3.2537
2005-08-02,3.2543
2005-08-03,3.254
2005-08-04,3.254
2005-08-05,3.253
2005-08-08,3.253
2005-08-09,3.2529
2005-08-10,3.253
2005-08-11,3.2529
2005-08-12,3.2542
2005-08-15,3.254
2005-08-16,3.253
2005-08-17,3.2544
2005-08-18,3.2542
2005-08-19,3.2551
2005-08-22,3.2559
2005-08-23,3.2569
2005-08-24,3.2581
2005-08-25,3.2631
2005-08-26,3.271
2005-08-29,3.2886
2005-08-31,3.2851
2005-09-01,3.2794
2005-09-02,3.3056
2005-09-05,3.3211
2005-09-06,3.3189
2005-09-07,3.2848
2005-09-08,3.2973
2005-09-09,3.2902
2005-09-12,3.2849
2005-09-13,3.2913
2005-09-14,3.2893
2005-09-15,3.2953
2005-09-16,3.2981
2005-09-19,3.3044
2005-09-20,3.3027
2005-09-21,3.3054
2005-09-22,3.3209
2005-09-23,3.3193
2005-09-26,3.3198
2005-09-27,3.3221
2005-09-28,3.3351
2005-09-29,3.3512
2005-09-30,3.3458
2005-10-03,3.3528
2005-10-04,3.3505
2005-10-05,3.3622
2005-10-06,3.37233
2005-10-07,3.3843
2005-10-10,3.3614
2005-10-11,3.3783
2005-10-12,3.3959
2005-10-13,3.3921
2005-10-14,3.3914
2005-10-17,3.3817
2005-10-18,3.3894
2005-10-19,3.394
2005-10-20,3.3929
2005-10-21,3.3907
2005-10-24,3.3945
2005-10-25,3.3929
2005-10-26,3.3898
2005-10-27,3.3863
2005-10-28,3.3804
2005-10-31,3.3787
2005-11-02,3.3685
2005-11-03,3.36
2005-11-04,3.3577
2005-11-07,3.3586
2005-11-08,3.3585
2005-11-09,3.3636
2005-11-10,3.3614
2005-11-11,3.3573
2005-11-14,3.3637
2005-11-15,3.3644
2005-11-16,3.3615
2005-11-17,3.3678
2005-11-18,3.3828
2005-11-21,3.3871
2005-11-22,3.3918
2005-11-23,3.3903
2005-11-24,3.3975
2005-11-25,3.3979
2005-11-28,3.4126
2005-11-29,3.4153
2005-11-30,3.413
2005-12-01,3.4152
2005-12-02,3.4078
2005-12-05,3.4125
2005-12-06,3.4132
2005-12-07,3.4118
2005-12-09,3.4109
2005-12-12,3.437
2005-12-13,3.4407
2005-12-14,3.4405
2005-12-15,3.441
2005-12-16,3.4408
2005-12-19,3.4403
2005-12-20,3.4387
2005-12-21,3.4396
2005-12-22,3.4193
2005-12-23,3.4113
2005-12-26,3.4132
2005-12-27,3.4203
2005-12-28,3.4222
2005-12-29,3.4288
2005-12-30,3.42975
2006-01-02,3.42567
2006-01-03,3.43058
2006-01-04,3.4385
2006-01-05,3.43967
2006-01-06,3.442
2006-01-09,3.4445
2006-01-10,3.4445
2006-01-11,3.4449
2006-01-12,3.4458
2006-01-13,3.4522
2006-01-16,3.442
2006-01-17,3.42442
2006-01-18,3.38333
2006-01-19,3.35933
2006-01-20,3.35808
2006-01-23,3.35658
2006-01-24,3.33458
2006-01-25,3.34533
2006-01-26,3.32033
2006-01-27,3.31775
2006-01-30,3.30767
2006-01-31,3.31575
2006-02-01,3.30825
2006-02-02,3.31275
2006-02-03,3.29933
2006-02-06,3.29133
2006-02-07,3.28833
2006-02-08,3.28317
2006-02-09,3.28783
2006-02-10,3.29
2006-02-13,3.28767
2006-02-14,3.29042
2006-02-15,3.29008
2006-02-16,3.28533
2006-02-17,3.28467
2006-02-20,3.28325
2006-02-21,3.282
2006-02-22,3.28058
2006-02-23,3.282
2006-02-24,3.28283
2006-02-27,3.28542
2006-02-28,3.29358
2006-03-01,3.30767
2006-03-02,3.34075
2006-03-03,3.32758
2006-03-06,3.32975
2006-03-07,3.33458
2006-03-08,3.34175
2006-03-09,3.32917
2006-03-10,3.33192
2006-03-13,3.34775
2006-03-14,3.34025
2006-03-15,3.33533
2006-03-16,3.32442
2006-03-17,3.33
2006-03-20,3.35992
2006-03-21,3.34933
2006-03-22,3.34517
2006-03-23,3.36317
2006-03-24,3.37408
2006-03-27,3.35225
2006-03-28,3.34583
2006-03-29,3.33408
2006-03-30,3.35742
2006-03-31,3.36033
2006-04-03,3.36475
2006-04-04,3.3625
2006-04-05,3.37333
2006-04-06,3.3705
2006-04-07,3.36808
2006-04-10,3.31925
2006-04-11,3.35175
2006-04-12,3.32758
2006-04-17,3.31275
2006-04-18,3.31
2006-04-19,3.31292
2006-04-20,3.31817
2006-04-21,3.31358
2006-04-24,3.32092
2006-04-25,3.31792
2006-04-26,3.31808
2006-04-27,3.32325
2006-04-28,3.311
2006-05-02,3.3065
2006-05-03,3.30417
2006-05-04,3.29642
2006-05-05,3.29175
2006-05-08,3.28867
2006-05-09,3.27758
2006-05-10,3.28308
2006-05-11,3.28058
2006-05-12,3.27967
2006-05-15,3.27683
2006-05-16,3.2725
2006-05-17,3.26108
2006-05-18,3.261
2006-05-19,3.25917
2006-05-22,3.26783
2006-05-23,3.26208
2006-05-24,3.26925
2006-05-25,3.265
2006-05-26,3.27175
2006-05-29,3.29192
2006-05-30,3.29883
2006-05-31,3.29575
2006-06-01,3.27825
2006-06-02,3.27142
2006-06-05,3.2515
2006-06-06,3.25792
2006-06-07,3.26325
2006-06-08,3.26558
2006-06-09,3.2615
2006-06-12,3.2625
2006-06-13,3.26525
2006-06-14,3.26467
2006-06-15,3.26583
2006-06-16,3.26417
2006-06-19,3.26458
2006-06-20,3.2645
2006-06-21,3.2645
2006-06-22,3.26442
2006-06-23,3.27058
2006-06-26,3.26867
2006-06-27,3.26808
2006-06-28,3.26517
2006-06-30,3.2615
2006-07-03,3.26025
2006-07-04,3.258
2006-07-05,3.25783
2006-07-06,3.24958
2006-07-07,3.2415
2006-07-10,3.23933
2006-07-11,3.23983
2006-07-12,3.24033
2006-07-13,3.24083
2006-07-14,3.24042
2006-07-17,3.24017
2006-07-18,3.24042
2006-07-19,3.24175
2006-07-20,3.241
2006-07-21,3.2415
2006-07-24,3.24225
2006-07-25,3.24092
2006-07-26,3.24075
2006-07-27,3.24192
2006-07-31,3.24133
2006-08-01,3.242
2006-08-02,3.24292
2006-08-03,3.24267
2006-08-04,3.24042
2006-08-07,3.23767
2006-08-08,3.2285
2006-08-09,3.22875
2006-08-10,3.2295
2006-08-11,3.22883
2006-08-14,3.2285
2006-08-15,3.22725
2006-08-16,3.22617
2006-08-17,3.22642
2006-08-18,3.22758
2006-08-21,3.23092
2006-08-22,3.23342
2006-08-23,3.23433
2006-08-24,3.23667
2006-08-25,3.24008
2006-08-28,3.24517
2006-08-29,3.24983
2006-08-31,3.24067
2006-09-01,3.2425
2006-09-04,3.24483
2006-09-05,3.24375
2006-09-06,3.24525
2006-09-07,3.24575
2006-09-08,3.2455
2006-09-11,3.25067
2006-09-12,3.25208
2006-09-13,3.2545
2006-09-14,3.25508
2006-09-15,3.24667
2006-09-18,3.24683
2006-09-19,3.24567
2006-09-20,3.24592
2006-09-21,3.24917
2006-09-22,3.25042
2006-09-25,3.25108
2006-09-26,3.24975
2006-09-27,3.25133
2006-09-28,3.25367
2006-09-29,3.24925
2006-10-02,3.25
2006-10-03,3.24767
2006-10-04,3.25008
2006-10-05,3.2505
2006-10-06,3.24883
2006-10-09,3.24775
2006-10-10,3.24583
2006-10-11,3.24508
2006-10-12,3.24492
2006-10-13,3.246
2006-10-16,3.24542
2006-10-17,3.24463
2006-10-18,3.24458
2006-10-19,3.24117
2006-10-20,3.23208
2006-10-23,3.22258
2006-10-24,3.22308
2006-10-25,3.22642
2006-10-26,3.22808
2006-10-27,3.224
2006-10-30,3.2175
2006-10-31,3.21517
2006-11-02,3.2105
2006-11-03,3.21742
2006-11-06,3.21942
2006-11-07,3.21825
2006-11-08,3.2155
2006-11-09,3.21717
2006-11-10,3.21908
2006-11-13,3.21933
2006-11-14,3.22525
2006-11-15,3.23133
2006-11-16,3.22708
2006-11-17,3.2275
2006-11-20,3.2265
2006-11-21,3.22692
2006-11-22,3.22975
2006-11-23,3.22642
2006-11-24,3.226
2006-11-27,3.22633
2006-11-28,3.22575
2006-11-29,3.22342
2006-11-30,3.22275
2006-12-01,3.21767
2006-12-04,3.21542
2006-12-05,3.2125
2006-12-06,3.21375
2006-12-07,3.21175
2006-12-11,3.20925
2006-12-12,3.21158
2006-12-13,3.2115
2006-12-14,3.2085
2006-12-15,3.20383
2006-12-18,3.20358
2006-12-19,3.20425
2006-12-20,3.2005
2006-12-21,3.19842
2006-12-22,3.19767
2006-12-26,3.20008
2006-12-27,3.1975
2006-12-28,3.19692
2006-12-29,3.19592
2007-01-02,3.19358
2007-01-03,3.19175
2007-01-04,3.19292
2007-01-05,3.19192
2007-01-08,3.19208
2007-01-09,3.192
2007-01-10,3.19425
2007-01-11,3.19225
2007-01-12,3.19083
2007-01-15,3.19133
2007-01-16,3.18933
2007-01-17,3.18892
2007-01-18,3.18817
2007-01-19,3.18917
2007-01-22,3.18967
2007-01-23,3.19183
2007-01-24,3.19367
2007-01-25,3.1965
2007-01-26,3.19867
2007-01-29,3.201
2007-01-30,3.2005
2007-01-31,3.19817
2007-02-01,3.19633
2007-02-02,3.19517
2007-02-05,3.19483
2007-02-06,3.19367
2007-02-07,3.191
2007-02-08,3.19083
2007-02-09,3.192
2007-02-12,3.19317
2007-02-13,3.19167
2007-02-14,3.18983
2007-02-15,3.18883
2007-02-16,3.187
2007-02-19,3.18817
2007-02-20,3.1895
2007-02-21,3.18967
2007-02-22,3.1895
2007-02-23,3.18867
2007-02-26,3.18733
2007-02-27,3.18983
2007-02-28,3.19017
2007-03-01,3.19
2007-03-02,3.18833
2007-03-05,3.18833
2007-03-06,3.188
2007-03-07,3.187
2007-03-08,3.1865
2007-03-09,3.187
2007-03-12,3.18617
2007-03-13,3.186
2007-03-14,3.18517
2007-03-15,3.18533
2007-03-16,3.1865
2007-03-19,3.18683
2007-03-20,3.187
2007-03-21,3.187
2007-03-22,3.1865
2007-03-23,3.18483
2007-03-26,3.18267
2007-03-27,3.1825
2007-03-28,3.18367
2007-03-29,3.18433
2007-03-30,3.18333
2007-04-02,3.183
2007-04-03,3.18133
2007-04-04,3.18167
2007-04-09,3.18133
2007-04-10,3.182
2007-04-11,3.18183
2007-04-12,3.182
2007-04-13,3.18117
2007-04-16,3.18
2007-04-17,3.179
2007-04-18,3.1785
2007-04-19,3.179
2007-04-20,3.17867
2007-04-23,3.17867
2007-04-24,3.17717
2007-04-25,3.17617
2007-04-26,3.174
2007-04-27,3.17167
2007-04-30,3.1715
2007-05-02,3.1715
2007-05-03,3.17133
2007-05-04,3.16683
2007-05-07,3.16717
2007-05-08,3.16683
2007-05-09,3.166
2007-05-10,3.1675
2007-05-11,3.17017
2007-05-14,3.16867
2007-05-15,3.16617
2007-05-16,3.16483
2007-05-17,3.16267
2007-05-18,3.158
2007-05-21,3.16467
2007-05-22,3.16433
2007-05-23,3.16583
2007-05-24,3.17017
2007-05-25,3.17033
2007-05-28,3.173
2007-05-29,3.17383
2007-05-30,3.1765
2007-05-31,3.17483
2007-06-01,3.17283
2007-06-04,3.17117
2007-06-05,3.17017
2007-06-06,3.17067
2007-06-07,3.17417
2007-06-08,3.17567
2007-06-11,3.1715
2007-06-12,3.17267
2007-06-13,3.17167
2007-06-14,3.17167
2007-06-15,3.16883
2007-06-18,3.1685
2007-06-19,3.168
2007-06-20,3.16717
2007-06-21,3.16917
2007-06-22,3.17067
2007-06-25,3.172
2007-06-26,3.17217
2007-06-27,3.17117
2007-06-28,3.16867
2007-07-02,3.16767
2007-07-03,3.167
2007-07-04,3.16617
2007-07-05,3.1655
2007-07-06,3.1645
2007-07-09,3.16417
2007-07-10,3.16117
2007-07-11,3.15917
2007-07-12,3.15883
2007-07-13,3.15883
2007-07-16,3.1595
2007-07-17,3.15933
2007-07-18,3.15883
2007-07-19,3.1585
2007-07-20,3.15767
2007-07-23,3.15733
2007-07-24,3.15733
2007-07-25,3.159
2007-07-26,3.16533
2007-07-27,3.164
2007-07-30,3.16433
2007-07-31,3.161
2007-08-01,3.15917
2007-08-02,3.15817
2007-08-03,3.15867
2007-08-06,3.15767
2007-08-07,3.15467
2007-08-08,3.15117
2007-08-09,3.15267
2007-08-10,3.1535
2007-08-13,3.14883
2007-08-14,3.14633
2007-08-15,3.14533
2007-08-16,3.16833
2007-08-17,3.1585
2007-08-20,3.15683
2007-08-21,3.17
2007-08-22,3.16417
2007-08-23,3.16283
2007-08-24,3.16567
2007-08-27,3.16367
2007-08-28,3.16617
2007-08-29,3.16471
2007-08-31,3.162
2007-09-03,3.16229
2007-09-04,3.16314
2007-09-05,3.16457
2007-09-06,3.16543
2007-09-07,3.162
2007-09-10,3.16157
2007-09-11,3.15929
2007-09-12,3.15357
2007-09-13,3.14529
2007-09-14,3.14043
2007-09-17,3.13971
2007-09-18,3.13414
2007-09-19,3.12571
2007-09-20,3.12129
2007-09-21,3.11486
2007-09-24,3.11543
2007-09-25,3.11257
2007-09-26,3.10657
2007-09-27,3.09829
2007-09-28,3.088
2007-10-01,3.069
2007-10-02,3.04486
2007-10-03,3.02614
2007-10-04,3.02243
2007-10-05,3.02114
2007-10-09,3.01814
2007-10-10,3.01743
2007-10-11,3.013
2007-10-12,3.01586
2007-10-15,3.01657
2007-10-16,3.02043
2007-10-17,3.01871
2007-10-18,3.02214
2007-10-19,3.022
2007-10-22,3.02229
2007-10-23,3.01871
2007-10-24,3.02071
2007-10-25,3.01886
2007-10-26,3.016
2007-10-29,3.01329
2007-10-30,3.00329
2007-10-31,2.99957
2007-11-02,3
2007-11-05,3.00143
2007-11-06,3.00557
2007-11-07,3.00614
2007-11-08,3.00343
2007-11-09,2.99671
2007-11-12,2.99471
2007-11-13,2.99371
2007-11-14,2.99657
2007-11-15,2.99586
2007-11-16,2.99757
2007-11-19,3.00014
2007-11-20,2.99986
2007-11-21,3.004
2007-11-22,3.00371
2007-11-23,3.00786
2007-11-26,3.01643
2007-11-27,3.01286
2007-11-28,3.00229
2007-11-29,3.00029
2007-11-30,3
2007-12-03,2.999
2007-12-04,3.00143
2007-12-05,2.98929
2007-12-06,2.98343
2007-12-07,2.97614
2007-12-10,2.97486
2007-12-11,2.96957
2007-12-12,2.97129
2007-12-13,2.97586
2007-12-14,2.97771
2007-12-17,2.97729
2007-12-18,2.97814
2007-12-19,2.97657
2007-12-20,2.97614
2007-12-21,2.97857
2007-12-24,2.9804
2007-12-26,2.98129
2007-12-27,2.98886
2007-12-28,2.99529
2007-12-31,2.9986
2008-01-02,2.984
2008-01-03,2.97171
2008-01-07,2.96971
2008-01-08,2.96314
2008-01-09,2.96014
2008-01-10,2.96043
2008-01-11,2.94271
2008-01-14,2.92429
2008-01-15,2.93729
2008-01-16,2.944
2008-01-17,2.96143
2008-01-18,2.94857
2008-01-21,2.96986
2008-01-22,2.95571
2008-01-23,2.95229
2008-01-24,2.94043
2008-01-25,2.935
2008-01-28,2.93743
2008-01-29,2.93471
2008-01-30,2.93671
2008-01-31,2.93343
2008-02-01,2.93043
2008-02-04,2.929
2008-02-05,2.92629
2008-02-06,2.923
2008-02-07,2.91543
2008-02-08,2.91186
2008-02-11,2.91086
2008-02-12,2.90743
2008-02-13,2.90329
2008-02-14,2.90071
2008-02-15,2.90457
2008-02-18,2.90614
2008-02-19,2.90043
2008-02-20,2.901
2008-02-21,2.89929
2008-02-22,2.89829
2008-02-25,2.898
2008-02-26,2.89529
2008-02-27,2.89329
2008-02-28,2.89171
2008-02-29,2.88829
2008-03-03,2.88543
2008-03-04,2.87886
2008-03-05,2.873
2008-03-06,2.85686
2008-03-07,2.84443
2008-03-10,2.82971
2008-03-11,2.81114
2008-03-12,2.813
2008-03-13,2.81457
2008-03-14,2.81157
2008-03-17,2.81371
2008-03-18,2.80871
2008-03-19,2.79629
2008-03-24,2.79514
2008-03-25,2.78571
2008-03-26,2.77457
2008-03-27,2.75586
2008-03-28,2.74086
2008-03-31,2.74929
2008-04-01,2.73429
2008-04-02,2.72143
2008-04-03,2.69843
2008-04-04,2.69643
2008-04-07,2.696
2008-04-08,2.69529
2008-04-09,2.69843
2008-04-10,2.71443
2008-04-11,2.771
2008-04-14,2.73114
2008-04-15,2.71
2008-04-16,2.70343
2008-04-17,2.71429
2008-04-18,2.72829
2008-04-21,2.783
2008-04-22,2.83429
2008-04-23,2.79414
2008-04-24,2.78314
2008-04-25,2.815
2008-04-28,2.84271
2008-04-29,2.84743
2008-04-30,2.852
2008-05-02,2.79014
2008-05-05,2.78943
2008-05-06,2.79
2008-05-07,2.77114
2008-05-08,2.76214
2008-05-09,2.75829
2008-05-12,2.76314
2008-05-13,2.76814
2008-05-14,2.76257
2008-05-20,2.80714
2008-05-21,2.805
2008-05-22,2.83371
2008-05-23,2.85471
2008-05-26,2.85157
2008-05-27,2.86243
2008-05-28,2.86671
2008-05-29,2.86457
2008-05-30,2.84414
2008-06-02,2.847
2008-06-03,2.83343
2008-06-04,2.81886
2008-06-05,2.80329
2008-06-06,2.80671
2008-06-09,2.82729
2008-06-10,2.86429
2008-06-11,2.89186
2008-06-12,2.91214
2008-06-13,2.88857
2008-06-16,2.89114
2008-06-17,2.88529
2008-06-18,2.88814
2008-06-19,2.912
2008-06-20,2.92943
2008-06-23,2.94514
2008-06-24,2.96229
2008-06-25,2.96957
2008-06-26,2.96857
2008-06-27,2.96829
2008-06-30,2.96771
2008-07-01,2.964
2008-07-02,2.95829
2008-07-03,2.91614
2008-07-04,2.89229
2008-07-07,2.85929
2008-07-08,2.82529
2008-07-09,2.81557
2008-07-10,2.815
2008-07-11,2.82657
2008-07-14,2.825
2008-07-15,2.83786
2008-07-16,2.82843
2008-07-17,2.83043
2008-07-18,2.84729
2008-07-21,2.842
2008-07-22,2.84457
2008-07-23,2.83743
2008-07-24,2.83171
2008-07-25,2.82229
2008-07-30,2.824
2008-07-31,2.818
2008-08-01,2.809
2008-08-04,2.78186
2008-08-05,2.78429
2008-08-06,2.795
2008-08-07,2.80971
2008-08-08,2.85243
2008-08-11,2.89629
2008-08-12,2.91871
2008-08-13,2.942
2008-08-14,2.93057
2008-08-15,2.94729
2008-08-18,2.93243
2008-08-19,2.92714
2008-08-20,2.90957
2008-08-21,2.90157
2008-08-22,2.91686
2008-08-25,2.93386
2008-08-26,2.95029
2008-08-27,2.951
2008-08-28,2.95943
2008-08-29,2.95657
2008-09-01,2.95829
2008-09-02,2.96157
2008-09-03,2.96786
2008-09-04,2.96843
2008-09-05,2.97243
2008-09-08,2.973
2008-09-09,2.97486
2008-09-10,2.97329
2008-09-11,2.97457
2008-09-12,2.964
2008-09-15,2.97457
2008-09-16,2.97743
2008-09-17,2.976
2008-09-18,2.97486
2008-09-19,2.95143
2008-09-22,2.94486
2008-09-23,2.94743
2008-09-24,2.96086
2008-09-25,2.95914
2008-09-26,2.96986
2008-09-29,2.98371
2008-09-30,2.97771
2008-10-01,2.984
2008-10-02,3.00129
2008-10-03,3.00257
2008-10-06,3.073
2008-10-07,3.10857
2008-10-09,3.17314
2008-10-10,3.15629
2008-10-13,3.06657
2008-10-14,3.04157
2008-10-15,3.09029
2008-10-16,3.07271
2008-10-17,3.06643
2008-10-20,3.05586
2008-10-21,3.084
2008-10-22,3.12743
2008-10-23,3.10043
2008-10-24,3.115
2008-10-27,3.11443
2008-10-28,3.10686
2008-10-29,3.09657
2008-10-30,3.09086
2008-10-31,3.09129
2008-11-03,3.08086
2008-11-04,3.07786
2008-11-05,3.07586
2008-11-06,3.08657
2008-11-07,3.09029
2008-11-10,3.08757
2008-11-11,3.09271
2008-11-12,3.10243
2008-11-13,3.10957
2008-11-14,3.09771
2008-11-17,3.104
2008-11-18,3.10457
2008-11-19,3.10529
2008-11-24,3.09629
2008-11-25,3.09314
2008-11-26,3.09486
2008-11-27,3.09271
2008-11-28,3.09729
2008-12-01,3.10114
2008-12-02,3.112
2008-12-03,3.11886
2008-12-04,3.11657
2008-12-05,3.12086
2008-12-09,3.11829
2008-12-10,3.11543
2008-12-11,3.10829
2008-12-12,3.11271
2008-12-15,3.10557
2008-12-16,3.09086
2008-12-17,3.08043
2008-12-18,3.09486
2008-12-19,3.10743
2008-12-22,3.11357
2008-12-23,3.131
2008-12-24,3.14371
2008-12-29,3.13743
2008-12-30,3.14029
2008-12-31,3.14114
2009-01-05,3.14057
2009-01-06,3.13286
2009-01-07,3.14214
2009-01-08,3.14243
2009-01-09,3.13486
2009-01-12,3.14171
2009-01-13,3.15071
2009-01-14,3.15257
2009-01-15,3.15129
2009-01-16,3.14643
2009-01-19,3.15257
2009-01-20,3.15929
2009-01-21,3.15457
2009-01-22,3.15529
2009-01-23,3.16186
2009-01-26,3.15971
2009-01-27,3.16229
2009-01-28,3.16286
2009-01-29,3.16771
2009-01-30,3.17629
2009-02-02,3.19857
2009-02-03,3.21586
2009-02-04,3.24014
2009-02-05,3.24357
2009-02-06,3.22971
2009-02-09,3.22114
2009-02-10,3.23471
2009-02-11,3.24014
2009-02-12,3.23386
2009-02-13,3.23143
2009-02-16,3.23514
2009-02-17,3.24529
2009-02-18,3.24457
2009-02-19,3.24643
2009-02-20,3.25129
2009-02-23,3.24971
2009-02-24,3.25314
2009-02-25,3.24743
2009-02-26,3.24329
2009-02-27,3.25057
2009-03-02,3.25629
2009-03-03,3.25914
2009-03-04,3.25271
2009-03-05,3.25371
2009-03-06,3.23571
2009-03-09,3.22214
2009-03-10,3.196
2009-03-11,3.181
2009-03-12,3.18386
2009-03-13,3.175
2009-03-16,3.15129
2009-03-17,3.14814
2009-03-18,3.14686
2009-03-19,3.11186
2009-03-20,3.11214
2009-03-23,3.122
2009-03-24,3.13771
2009-03-25,3.136
2009-03-26,3.13214
2009-03-27,3.13857
2009-03-30,3.165
2009-03-31,3.16243
2009-04-01,3.14986
2009-04-02,3.12557
2009-04-03,3.12457
2009-04-06,3.116
2009-04-07,3.11857
2009-04-08,3.10943
2009-04-13,3.08871
2009-04-14,3.09414
2009-04-15,3.094
2009-04-16,3.07714
2009-04-17,3.08129
2009-04-20,3.096
2009-04-21,3.09029
2009-04-22,3.08571
2009-04-23,3.08129
2009-04-24,3.05686
2009-04-27,3.061
2009-04-28,3.04986
2009-04-29,3.02229
2009-04-30,2.99257
2009-05-04,2.97557
2009-05-05,2.974
2009-05-06,2.96357
2009-05-07,2.95914
2009-05-08,2.95629
2009-05-11,2.96957
2009-05-12,2.99214
2009-05-13,3.04357
2009-05-14,3.02543
2009-05-15,3.02114
2009-05-18,3.014
2009-05-19,3.00486
2009-05-20,2.98843
2009-05-21,3.00186
2009-05-22,3
2009-05-25,3.00557
2009-05-26,3.00457
2009-05-27,3.005
2009-05-28,3.00843
2009-05-29,2.99443
2009-06-01,2.96729
2009-06-02,2.96814
2009-06-03,2.97614
2009-06-04,2.97414
2009-06-05,2.969
2009-06-08,2.98214
2009-06-09,2.98157
2009-06-10,2.982
2009-06-11,2.97857
2009-06-12,2.97786
2009-06-15,2.98286
2009-06-16,2.988
2009-06-17,3.002
2009-06-18,2.99171
2009-06-19,2.98614
2009-06-22,3.02186
2009-06-23,3.02471
2009-06-24,3.02114
2009-06-25,3.02643
2009-06-26,3.01029
2009-06-30,3.01129
2009-07-01,3.00771
2009-07-02,3.01914
2009-07-03,3.01543
2009-07-06,3.02114
2009-07-07,3.018
2009-07-08,3.02771
2009-07-09,3.025
2009-07-10,3.02886
2009-07-13,3.02729
2009-07-14,3.02371
2009-07-15,3.01643
2009-07-16,3.01271
2009-07-17,3.01143
2009-07-20,3.01314
2009-07-21,3.01543
2009-07-22,3.00814
2009-07-23,3.00457
2009-07-24,2.99786
2009-07-30,2.98771
2009-07-31,2.98657
2009-08-03,2.97286
2009-08-04,2.96443
2009-08-05,2.954
2009-08-06,2.95043
2009-08-07,2.93657
2009-08-10,2.93514
2009-08-11,2.94557
2009-08-12,2.93086
2009-08-13,2.92929
2009-08-14,2.94643
2009-08-17,2.96457
2009-08-18,2.95086
2009-08-19,2.96386
2009-08-20,2.963
2009-08-21,2.95429
2009-08-24,2.96257
2009-08-25,2.96271
2009-08-26,2.95743
2009-08-27,2.95643
2009-08-28,2.939
2009-08-31,2.94914
2009-09-01,2.953
2009-09-02,2.94957
2009-09-03,2.94557
2009-09-04,2.93614
2009-09-07,2.93214
2009-09-08,2.92
2009-09-09,2.92243
2009-09-10,2.92729
2009-09-11,2.92457
2009-09-14,2.92329
2009-09-15,2.91786
2009-09-16,2.90186
2009-09-17,2.899
2009-09-18,2.89557
2009-09-21,2.90271
2009-09-22,2.88786
2009-09-23,2.87086
2009-09-24,2.878
2009-09-25,2.88186
2009-09-28,2.88286
2009-09-29,2.88971
2009-09-30,2.88657
2009-10-01,2.88986
2009-10-02,2.88586
2009-10-05,2.87314
2009-10-06,2.86471
2009-10-07,2.86743
2009-10-12,2.85914
2009-10-13,2.85686
2009-10-14,2.85629
2009-10-15,2.858
2009-10-16,2.85586
2009-10-19,2.85414
2009-10-20,2.86257
2009-10-21,2.85757
2009-10-22,2.862
2009-10-23,2.868
2009-10-26,2.87829
2009-10-27,2.89857
2009-10-28,2.90686
2009-10-29,2.897
2009-10-30,2.906
2009-11-02,2.90329
2009-11-03,2.91186
2009-11-04,2.90086
2009-11-05,2.89771
2009-11-06,2.89971
2009-11-09,2.88971
2009-11-10,2.88829
2009-11-11,2.877
2009-11-12,2.87814
2009-11-13,2.87671
2009-11-16,2.87114
2009-11-17,2.87
2009-11-18,2.86429
2009-11-19,2.87414
2009-11-20,2.88229
2009-11-23,2.876
2009-11-24,2.88386
2009-11-25,2.88229
2009-11-26,2.89643
2009-11-27,2.89286
2009-11-30,2.882
2009-12-01,2.876
2009-12-02,2.87971
2009-12-03,2.87586
2009-12-04,2.87186
2009-12-07,2.86871
2009-12-09,2.87529
2009-12-10,2.87271
2009-12-11,2.87529
2009-12-14,2.87429
2009-12-15,2.87486
2009-12-16,2.87243
2009-12-17,2.87943
2009-12-18,2.885
2009-12-21,2.88314
2009-12-22,2.882
2009-12-23,2.88414
2009-12-28,2.88386
2009-12-29,2.88671
2009-12-30,2.89043
2010-01-04,2.882
2010-01-05,2.87286
2010-01-06,2.86957
2010-01-07,2.867
2010-01-08,2.85529
2010-01-11,2.84914
2010-01-12,2.84914
2010-01-13,2.84686
2010-01-14,2.849
2010-01-15,2.85129
2010-01-18,2.85257
2010-01-19,2.854
2010-01-20,2.85529
2010-01-21,2.85086
2010-01-22,2.85271
2010-01-25,2.852
2010-01-26,2.85543
2010-01-27,2.86143
2010-01-28,2.85943
2010-01-29,2.85671
2010-02-01,2.85429
2010-02-02,2.84971
2010-02-03,2.85257
2010-02-04,2.85986
2010-02-05,2.86471
2010-02-08,2.87171
2010-02-09,2.86386
2010-02-10,2.85929
2010-02-11,2.85271
2010-02-12,2.85529
2010-02-15,2.85486
2010-02-16,2.84971
2010-02-17,2.84843
2010-02-18,2.85129
2010-02-19,2.85186
2010-02-22,2.85014
2010-02-23,2.85143
2010-02-24,2.84886
2010-02-25,2.85014
2010-02-26,2.84771
2010-03-01,2.84543
2010-03-02,2.84443
2010-03-03,2.84371
2010-03-04,2.84386
2010-03-05,2.84114
2010-03-08,2.84057
2010-03-09,2.84171
2010-03-10,2.83957
2010-03-11,2.839
2010-03-12,2.83786
2010-03-15,2.83957
2010-03-16,2.838
2010-03-17,2.837
2010-03-18,2.83871
2010-03-19,2.838
2010-03-22,2.83814
2010-03-23,2.837
2010-03-24,2.83714
2010-03-25,2.83757
2010-03-26,2.83943
2010-03-29,2.84043
2010-03-30,2.84
2010-03-31,2.84243
2010-04-05,2.83886
2010-04-06,2.83886
2010-04-07,2.83771
2010-04-08,2.83714
2010-04-09,2.83643
2010-04-12,2.836
2010-04-13,2.83614
2010-04-14,2.83514
2010-04-15,2.83586
2010-04-16,2.83671
2010-04-19,2.83743
2010-04-20,2.83829
2010-04-21,2.84071
2010-04-22,2.84671
2010-04-23,2.84329
2010-04-26,2.84471
2010-04-27,2.84743
2010-04-28,2.84686
2010-04-29,2.84543
2010-04-30,2.84757
2010-05-03,2.84543
2010-05-04,2.84871
2010-05-05,2.85014
2010-05-06,2.85243
2010-05-07,2.85414
2010-05-10,2.84543
2010-05-11,2.84529
2010-05-12,2.83943
2010-05-13,2.838
2010-05-14,2.841
2010-05-17,2.84243
2010-05-18,2.84071
2010-05-19,2.84614
2010-05-20,2.85214
2010-05-21,2.84414
2010-05-24,2.84614
2010-05-25,2.84957
2010-05-26,2.84657
2010-05-27,2.84814
2010-05-28,2.84729
2010-05-31,2.84429
2010-06-01,2.84543
2010-06-02,2.84557
2010-06-03,2.84614
2010-06-04,2.85043
2010-06-07,2.85129
2010-06-08,2.84843
2010-06-09,2.846
2010-06-10,2.84571
2010-06-11,2.84529
2010-06-14,2.84329
2010-06-15,2.83971
2010-06-16,2.839
2010-06-17,2.83586
2010-06-18,2.83143
2010-06-21,2.82686
2010-06-22,2.82743
2010-06-23,2.82857
2010-06-24,2.82829
2010-06-25,2.827
2010-06-30,2.82729
2010-07-01,2.82629
2010-07-02,2.82557
2010-07-05,2.824
2010-07-06,2.82414
2010-07-07,2.82429
2010-07-08,2.82371
2010-07-09,2.82471
2010-07-12,2.82343
2010-07-13,2.82043
2010-07-14,2.81586
2010-07-15,2.82129
2010-07-16,2.82457
2010-07-19,2.82343
2010-07-20,2.82486
2010-07-21,2.82671
2010-07-22,2.823
2010-07-23,2.82371
2010-07-26,2.824
2010-07-27,2.82329
2010-08-02,2.81814
2010-08-03,2.81171
2010-08-04,2.804
2010-08-05,2.80214
2010-08-06,2.80086
2010-08-09,2.80171
2010-08-10,2.80529
2010-08-11,2.80743
2010-08-12,2.80514
2010-08-13,2.80557
2010-08-16,2.80329
2010-08-17,2.80043
2010-08-18,2.79857
2010-08-19,2.80057
2010-08-20,2.80057
2010-08-23,2.79943
2010-08-24,2.79914
2010-08-25,2.79914
2010-08-26,2.796
2010-08-27,2.79929
2010-08-31,2.79757
2010-09-01,2.79514
2010-09-02,2.79643
2010-09-03,2.79514
2010-09-06,2.79343
2010-09-07,2.79586
2010-09-08,2.79443
2010-09-09,2.79343
2010-09-10,2.79043
2010-09-13,2.78843
2010-09-14,2.78829
2010-09-15,2.789
2010-09-16,2.789
2010-09-17,2.78986
2010-09-20,2.79314
2010-09-21,2.79286
2010-09-22,2.79086
2010-09-23,2.78929
2010-09-24,2.78786
2010-09-27,2.79029
2010-09-28,2.789
2010-09-29,2.78829
2010-09-30,2.78814
2010-10-01,2.78871
2010-10-04,2.79114
2010-10-05,2.78814
2010-10-06,2.79029
2010-10-07,2.78929
2010-10-11,2.78829
2010-10-12,2.78729
2010-10-13,2.78729
2010-10-14,2.78943
2010-10-15,2.79386
2010-10-18,2.79286
2010-10-19,2.79471
2010-10-20,2.79229
2010-10-21,2.793
2010-10-22,2.79529
2010-10-25,2.79357
2010-10-26,2.794
2010-10-27,2.79843
2010-10-28,2.79886
2010-10-29,2.79743
2010-11-02,2.79486
2010-11-03,2.79357
2010-11-04,2.79257
2010-11-05,2.79329
2010-11-08,2.796
2010-11-09,2.79786
2010-11-10,2.80057
2010-11-11,2.8
2010-11-12,2.80229
2010-11-15,2.80629
2010-11-16,2.80971
2010-11-17,2.81029
2010-11-18,2.806
2010-11-19,2.80686
2010-11-22,2.80971
2010-11-23,2.81271
2010-11-24,2.81
2010-11-25,2.81143
2010-11-26,2.81671
2010-11-29,2.82614
2010-11-30,2.834
2010-12-01,2.82771
2010-12-02,2.82771
2010-12-03,2.826
2010-12-06,2.82343
2010-12-07,2.81829
2010-12-09,2.82329
2010-12-10,2.82743
2010-12-13,2.82586
2010-12-14,2.82157
2010-12-15,2.81914
2010-12-16,2.81886
2010-12-17,2.81729
2010-12-20,2.80986
2010-12-21,2.80557
2010-12-22,2.80514
2010-12-23,2.79971
2010-12-27,2.80057
2010-12-28,2.80329
2010-12-29,2.809
2010-12-30,2.80743
2011-01-03,2.80329
2011-01-04,2.80157
2011-01-05,2.80329
2011-01-06,2.80471
2011-01-07,2.80471
2011-01-10,2.80557
2011-01-11,2.80071
2011-01-12,2.79257
2011-01-13,2.78729
2011-01-14,2.78914
2011-01-17,2.787
2011-01-18,2.78571
2011-01-19,2.779
2011-01-20,2.77557
2011-01-21,2.77429
2011-01-24,2.77329
2011-01-25,2.77514
2011-01-26,2.77286
2011-01-27,2.77171
2011-01-28,2.77514
2011-01-31,2.77286
2011-02-01,2.76786
2011-02-02,2.76686
2011-02-03,2.76843
2011-02-04,2.76786
2011-02-07,2.76786
2011-02-08,2.76814
2011-02-09,2.76843
2011-02-10,2.768
2011-02-11,2.76571
2011-02-14,2.76714
2011-02-15,2.77057
2011-02-16,2.76957
2011-02-17,2.76757
2011-02-18,2.76771
2011-02-21,2.77043
2011-02-22,2.77729
2011-02-23,2.79014
2011-02-24,2.78057
2011-02-25,2.77686
2011-02-28,2.77514
2011-03-01,2.77657
2011-03-02,2.77529
2011-03-03,2.77014
2011-03-04,2.77
2011-03-07,2.76986
2011-03-08,2.77114
2011-03-09,2.76971
2011-03-10,2.77057
2011-03-11,2.76929
2011-03-14,2.76914
2011-03-15,2.77014
2011-03-16,2.76943
2011-03-17,2.769
2011-03-18,2.76686
2011-03-21,2.78271
2011-03-22,2.78286
2011-03-23,2.77814
2011-03-24,2.779
2011-03-25,2.79043
2011-03-28,2.81243
2011-03-29,2.81457
2011-03-30,2.80857
2011-03-31,2.80414
2011-04-01,2.80771
2011-04-04,2.81186
2011-04-05,2.80929
2011-04-06,2.81
2011-04-07,2.80586
2011-04-08,2.79914
2011-04-11,2.80129
2011-04-12,2.80886
2011-04-13,2.81557
2011-04-14,2.824
2011-04-15,2.82371
2011-04-18,2.82314
2011-04-19,2.82329
2011-04-20,2.82143
2011-04-25,2.824
2011-04-26,2.82729
2011-04-27,2.83243
2011-04-28,2.82343
2011-04-29,2.82129
2011-05-03,2.83029
2011-05-04,2.82071
2011-05-05,2.81857
2011-05-06,2.80286
2011-05-09,2.79271
2011-05-10,2.79229
2011-05-11,2.794
2011-05-12,2.78229
2011-05-13,2.76571
2011-05-16,2.75943
2011-05-17,2.76129
2011-05-18,2.75343
2011-05-19,2.75571
2011-05-20,2.75729
2011-05-23,2.75757
2011-05-24,2.752
2011-05-25,2.74957
2011-05-26,2.74814
2011-05-27,2.75229
2011-05-30,2.77086
2011-05-31,2.77014
2011-06-01,2.78014
2011-06-02,2.76586
2011-06-03,2.765
2011-06-06,2.79271
2011-06-07,2.78814
2011-06-08,2.78143
2011-06-09,2.76486
2011-06-10,2.76443
2011-06-13,2.761
2011-06-14,2.762
2011-06-15,2.76243
2011-06-16,2.76257
2011-06-17,2.76086
2011-06-20,2.75986
2011-06-21,2.75557
2011-06-22,2.75629
2011-06-23,2.761
2011-06-24,2.75957
2011-06-27,2.759
2011-06-28,2.75614
2011-06-30,2.74957
2011-07-01,2.74829
2011-07-04,2.75086
2011-07-05,2.75
2011-07-06,2.74943
2011-07-07,2.74386
2011-07-08,2.74529
2011-07-11,2.74529
2011-07-12,2.74329
2011-07-13,2.74257
2011-07-14,2.742
2011-07-15,2.74286
2011-07-18,2.73786
2011-07-19,2.73743
2011-07-20,2.73843
2011-07-21,2.73614
2011-07-22,2.73757
2011-07-25,2.73757
2011-07-26,2.73686
2011-07-27,2.73886
2011-08-01,2.74371
2011-08-02,2.74386
2011-08-03,2.74271
2011-08-04,2.74257
2011-08-05,2.74229
2011-08-08,2.75471
2011-08-09,2.74829
2011-08-10,2.75271
2011-08-11,2.74586
2011-08-12,2.742
2011-08-15,2.74157
2011-08-16,2.74157
2011-08-17,2.73814
2011-08-18,2.74
2011-08-19,2.73543
2011-08-22,2.73229
2011-08-23,2.73286
2011-08-24,2.73257
2011-08-25,2.73229
2011-08-26,2.73143
2011-08-31,2.72771
2011-09-01,2.72786
2011-09-02,2.731
2011-09-05,2.73229
2011-09-06,2.73129
2011-09-07,2.726
2011-09-08,2.72543
2011-09-09,2.72757
2011-09-12,2.72971
2011-09-13,2.73414
2011-09-14,2.73214
2011-09-15,2.73114
2011-09-16,2.73186
2011-09-19,2.74014
2011-09-20,2.73986
2011-09-21,2.75043
2011-09-22,2.78329
2011-09-23,2.76786
2011-09-26,2.77029
2011-09-27,2.77029
2011-09-28,2.76729
2011-09-29,2.76986
2011-09-30,2.77343
2011-10-03,2.77443
2011-10-04,2.778
2011-10-05,2.77043
2011-10-06,2.75371
2011-10-07,2.74386
2011-10-10,2.73071
2011-10-11,2.73086
2011-10-12,2.72586
2011-10-13,2.74386
2011-10-14,2.72114
2011-10-17,2.723
2011-10-18,2.72329
2011-10-19,2.72257
2011-10-20,2.72629
2011-10-21,2.72129
2011-10-24,2.71871
2011-10-25,2.717
2011-10-26,2.71914
2011-10-27,2.709
2011-10-28,2.70714
2011-11-02,2.71129
2011-11-03,2.70871
2011-11-04,2.70757
2011-11-07,2.705
2011-11-08,2.70329
2011-11-09,2.70814
2011-11-10,2.70771
2011-11-11,2.70329
2011-11-14,2.70557
2011-11-15,2.70686
2011-11-16,2.70229
2011-11-17,2.70143
2011-11-18,2.70071
2011-11-21,2.70271
2011-11-22,2.70257
2011-11-23,2.70657
2011-11-24,2.70757
2011-11-25,2.71371
2011-11-28,2.709
2011-11-29,2.70714
2011-11-30,2.70071
2011-12-01,2.69971
2011-12-02,2.69886
2011-12-05,2.698
2011-12-06,2.69786
2011-12-07,2.69657
2011-12-09,2.69657
2011-12-12,2.70143
2011-12-13,2.69714
2011-12-14,2.69757
2011-12-15,2.69614
2011-12-16,2.69743
2011-12-19,2.69757
2011-12-20,2.69486
2011-12-21,2.69471
2011-12-22,2.69414
2011-12-26,2.69443
2011-12-27,2.69514
2011-12-28,2.69629
2011-12-29,2.69714
2012-01-02,2.698
2012-01-03,2.69557
2012-01-04,2.69629
2012-01-05,2.69471
2012-01-06,2.69343
2012-01-09,2.69314
2012-01-10,2.69214
2012-01-11,2.69329
2012-01-12,2.69214
2012-01-13,2.69443
2012-01-16,2.69429
2012-01-17,2.69214
2012-01-18,2.693
2012-01-19,2.69271
2012-01-20,2.69271
2012-01-23,2.69157
2012-01-24,2.69229
2012-01-25,2.69357
2012-01-26,2.69129
2012-01-27,2.69043
2012-01-30,2.69043
2012-01-31,2.69
2012-02-01,2.68914
2012-02-02,2.68957
2012-02-03,2.68971
2012-02-06,2.68857
2012-02-07,2.68829
2012-02-08,2.688
2012-02-09,2.68771
2012-02-10,2.68514
2012-02-15,2.685
2012-02-16,2.68357
2012-02-17,2.68186
2012-02-20,2.681
2012-02-21,2.68014
2012-02-22,2.68043
2012-02-23,2.68
2012-02-24,2.67929
2012-02-27,2.67871
2012-02-28,2.678
2012-02-29,2.67686
2012-03-01,2.675
2012-03-02,2.67586
2012-03-05,2.675
2012-03-06,2.67571
2012-03-07,2.67443
2012-03-08,2.67171
2012-03-09,2.66971
2012-03-12,2.66886
2012-03-13,2.66986
2012-03-14,2.67029
2012-03-15,2.67257
2012-03-16,2.671
2012-03-19,2.671
2012-03-20,2.67171
2012-03-21,2.67171
2012-03-22,2.67
2012-03-23,2.67
2012-03-26,2.67029
2012-03-27,2.67086
2012-03-28,2.66929
2012-03-29,2.66857
2012-03-30,2.66814
2012-04-02,2.66771
2012-04-03,2.66771
2012-04-04,2.66743
2012-04-09,2.66743
2012-04-10,2.66643
2012-04-11,2.66457
2012-04-12,2.66057
2012-04-13,2.65829
2012-04-16,2.657
2012-04-17,2.65629
2012-04-18,2.65514
2012-04-19,2.65429
2012-04-20,2.65243
2012-04-23,2.65271
2012-04-24,2.651
2012-04-25,2.64971
2012-04-26,2.64586
2012-04-27,2.63886
2012-05-02,2.63729
2012-05-03,2.64029
2012-05-04,2.64386
2012-05-07,2.63957
2012-05-08,2.64343
2012-05-09,2.64643
2012-05-10,2.64857
2012-05-11,2.65571
2012-05-14,2.666
2012-05-15,2.67
2012-05-16,2.66714
2012-05-17,2.67214
2012-05-18,2.66843
2012-05-21,2.67086
2012-05-22,2.67329
2012-05-23,2.69129
2012-05-24,2.695
2012-05-25,2.70029
2012-05-28,2.69843
2012-05-29,2.70014
2012-05-30,2.70529
2012-05-31,2.70986
2012-06-01,2.70857
2012-06-04,2.705
2012-06-05,2.701
2012-06-06,2.68329
2012-06-07,2.67543
2012-06-08,2.684
2012-06-11,2.68186
2012-06-12,2.685
2012-06-13,2.67886
2012-06-14,2.67186
2012-06-15,2.66286
2012-06-18,2.64729
2012-06-19,2.639
2012-06-20,2.64186
2012-06-21,2.65214
2012-06-22,2.653
2012-06-25,2.66186
2012-06-26,2.66414
2012-06-27,2.66386
2012-06-28,2.672
2012-07-02,2.65314
2012-07-03,2.64557
2012-07-04,2.64686
2012-07-05,2.65057
2012-07-06,2.65057
2012-07-09,2.64
2012-07-10,2.63443
2012-07-11,2.63329
2012-07-12,2.63486
2012-07-13,2.62629
2012-07-16,2.62386
2012-07-17,2.61929
2012-07-18,2.621
2012-07-19,2.62029
2012-07-20,2.63214
2012-07-23,2.64971
2012-07-24,2.63986
2012-07-25,2.63829
2012-07-26,2.63014
2012-07-30,2.625
2012-07-31,2.62886
2012-08-01,2.62514
2012-08-02,2.629
2012-08-03,2.62229
2012-08-06,2.61986
2012-08-07,2.62043
2012-08-08,2.618
2012-08-09,2.61686
2012-08-10,2.61857
2012-08-13,2.61714
2012-08-14,2.61614
2012-08-15,2.61514
2012-08-16,2.614
2012-08-17,2.613
2012-08-20,2.613
2012-08-21,2.61186
2012-08-22,2.61443
2012-08-23,2.61529
2012-08-24,2.61371
2012-08-27,2.612
2012-08-28,2.61167
2012-08-29,2.61029
2012-09-03,2.60829
2012-09-04,2.60871
2012-09-05,2.61171
2012-09-06,2.61043
2012-09-07,2.609
2012-09-10,2.60886
2012-09-11,2.60743
2012-09-12,2.60557
2012-09-13,2.60357
2012-09-14,2.59614
2012-09-17,2.60029
2012-09-18,2.60271
2012-09-19,2.60229
2012-09-20,2.60329
2012-09-21,2.60014
2012-09-24,2.59871
2012-09-25,2.59614
2012-09-26,2.59786
2012-09-27,2.59471
2012-09-28,2.59829
2012-10-03,2.59857
2012-10-04,2.59657
2012-10-05,2.59357
2012-10-09,2.58729
2012-10-10,2.586
2012-10-11,2.58614
2012-10-12,2.58714
2012-10-15,2.58457
2012-10-16,2.58229
2012-10-17,2.58143
2012-10-18,2.57914
2012-10-19,2.57986
2012-10-22,2.57843
2012-10-23,2.58129
2012-10-24,2.58214
2012-10-25,2.586
2012-10-26,2.60029
2012-10-29,2.60386
2012-10-30,2.59786
2012-10-31,2.59357
2012-11-05,2.60429
2012-11-06,2.60686
2012-11-07,2.60357
2012-11-08,2.60686
2012-11-09,2.61286
2012-11-12,2.61314
2012-11-13,2.61543
2012-11-14,2.60557
2012-11-15,2.60486
2012-11-16,2.60686
2012-11-19,2.59986
2012-11-20,2.59857
2012-11-21,2.59786
2012-11-22,2.59014
2012-11-23,2.58857
2012-11-26,2.58943
2012-11-27,2.58771
2012-11-28,2.589
2012-11-29,2.58229
2012-11-30,2.57914
2012-12-03,2.57829
2012-12-04,2.57986
2012-12-05,2.57925
2012-12-06,2.57843
2012-12-07,2.57486
2012-12-10,2.574
2012-12-11,2.57229
2012-12-12,2.57029
2012-12-13,2.56586
2012-12-14,2.564
2012-12-17,2.56157
2012-12-18,2.56243
2012-12-19,2.56286
2012-12-20,2.56257
2012-12-21,2.56329
2012-12-26,2.55671
2012-12-27,2.55
2012-12-28,2.55029
2013-01-02,2.54971
2013-01-03,2.551
2013-01-04,2.54643
2013-01-07,2.54671
2013-01-08,2.54771
2013-01-09,2.54971
2013-01-10,2.55071
2013-01-11,2.54914
2013-01-14,2.53986
2013-01-15,2.541
2013-01-16,2.54586
2013-01-17,2.547
2013-01-18,2.55329
2013-01-21,2.55186
2013-01-22,2.55457
2013-01-23,2.553
2013-01-24,2.555
2013-01-25,2.55714
2013-01-28,2.56029
2013-01-29,2.56271
2013-01-30,2.56086
2013-01-31,2.58086
2013-02-01,2.57243
2013-02-04,2.57886
2013-02-05,2.57614
2013-02-06,2.57814
2013-02-07,2.579
2013-02-08,2.57957
2013-02-12,2.57829
2013-02-13,2.57086
2013-02-14,2.56829
2013-02-15,2.57029
2013-02-18,2.57614
2013-02-19,2.58286
2013-02-20,2.58386
2013-02-21,2.58586
2013-02-22,2.584
2013-02-25,2.58229
2013-02-26,2.585
2013-02-27,2.58114
2013-02-28,2.588
2013-03-01,2.59486
2013-03-04,2.59829
2013-03-05,2.595
2013-03-06,2.59871
2013-03-07,2.604
2013-03-08,2.60086
2013-03-11,2.59786
2013-03-12,2.59286
2013-03-13,2.59386
2013-03-14,2.59371
2013-03-15,2.59271
2013-03-18,2.598
2013-03-19,2.59571
2013-03-20,2.59314
2013-03-21,2.59357
2013-03-22,2.59157
2013-03-25,2.58743
2013-03-26,2.58471
2013-03-27,2.59057
2013-04-01,2.59043
2013-04-02,2.58757
2013-04-03,2.58586
2013-04-04,2.58586
2013-04-05,2.58471
2013-04-08,2.57829
2013-04-09,2.577
2013-04-10,2.57729
2013-04-11,2.58143
2013-04-12,2.58657
2013-04-15,2.59257
2013-04-16,2.58886
2013-04-17,2.59229
2013-04-18,2.59186
2013-04-19,2.59314
2013-04-22,2.59757
2013-04-23,2.60671
2013-04-24,2.62443
2013-04-25,2.62314
2013-04-26,2.63086
2013-04-29,2.64786
2013-04-30,2.64457
2013-05-02,2.64929
2013-05-03,2.62786
2013-05-06,2.62114
2013-05-07,2.61286
2013-05-08,2.61643
2013-05-09,2.60943
2013-05-10,2.604
2013-05-13,2.60143
2013-05-14,2.60057
2013-05-15,2.616
2013-05-16,2.63171
2013-05-17,2.64629
2013-05-20,2.645
2013-05-21,2.64614
2013-05-22,2.65157
2013-05-23,2.67014
2013-05-24,2.678
2013-05-27,2.67614
2013-05-28,2.67814
2013-05-29,2.69014
2013-05-30,2.71786
2013-05-31,2.73543
2013-06-03,2.72786
2013-06-04,2.712
2013-06-05,2.71457
2013-06-06,2.73686
2013-06-07,2.72971
2013-06-10,2.751
2013-06-11,2.75886
2013-06-12,2.74429
2013-06-13,2.72757
2013-06-14,2.72471
2013-06-17,2.73486
2013-06-18,2.74971
2013-06-19,2.74257
2013-06-20,2.79
2013-06-21,2.78586
2013-06-24,2.78857
2013-06-25,2.783
2013-06-26,2.78186
2013-06-27,2.78171
2013-07-01,2.78171
2013-07-02,2.78714
2013-07-03,2.78686
2013-07-04,2.78343
2013-07-05,2.79329
2013-07-08,2.78314
2013-07-09,2.772
2013-07-10,2.78357
2013-07-11,2.77543
2013-07-12,2.77071
2013-07-15,2.76671
2013-07-16,2.76114
2013-07-17,2.75857
2013-07-18,2.76729
2013-07-19,2.77171
2013-07-22,2.77271
2013-07-23,2.77
2013-07-24,2.785
2013-07-25,2.78814
2013-07-26,2.78686
2013-07-31,2.79357
2013-08-01,2.796
2013-08-02,2.78943
2013-08-05,2.792
2013-08-06,2.79571
2013-08-07,2.80043
2013-08-08,2.79357
2013-08-09,2.79329
2013-08-12,2.79729
2013-08-13,2.79829
2013-08-14,2.79671
2013-08-15,2.79957
2013-08-16,2.79786
2013-08-19,2.80271
2013-08-20,2.81986
2013-08-21,2.82043
2013-08-22,2.81
2013-08-23,2.81314
2013-08-26,2.81314
2013-08-27,2.81414
2013-08-28,2.80957
2013-08-29,2.80771
2013-09-02,2.80829
2013-09-03,2.81029
2013-09-04,2.80786
2013-09-05,2.80986
2013-09-06,2.80529
2013-09-09,2.799
2013-09-10,2.79657
2013-09-11,2.78586
2013-09-12,2.77157
2013-09-13,2.77457
2013-09-16,2.76357
2013-09-17,2.771
2013-09-18,2.77157
2013-09-19,2.74557
2013-09-20,2.74357
2013-09-23,2.74686
2013-09-24,2.757
2013-09-25,2.76743
2013-09-26,2.76714
2013-09-27,2.77971
2013-09-30,2.78429
2013-10-01,2.784
2013-10-02,2.77986
2013-10-03,2.77857
2013-10-04,2.77929
2013-10-09,2.78714
2013-10-10,2.78229
2013-10-11,2.77243
2013-10-14,2.77171
2013-10-15,2.77029
2013-10-16,2.76229
2013-10-17,2.75629
2013-10-18,2.76529
2013-10-21,2.777
2013-10-22,2.76314
2013-10-23,2.765
2013-10-24,2.764
2013-10-25,2.75986
2013-10-28,2.76129
2013-10-29,2.75886
2013-10-30,2.75929
2013-10-31,2.77271
2013-11-04,2.77743
2013-11-05,2.79257
2013-11-06,2.78986
2013-11-07,2.79429
2013-11-08,2.80614
2013-11-11,2.80071
2013-11-12,2.79971
2013-11-13,2.79957
2013-11-14,2.79971
2013-11-15,2.80014
2013-11-18,2.80029
2013-11-19,2.80243
2013-11-20,2.80229
2013-11-21,2.80357
2013-11-22,2.80271
2013-11-25,2.80386
2013-11-26,2.80443
2013-11-27,2.802
2013-11-28,2.80271
2013-11-29,2.80157
2013-12-02,2.80229
2013-12-03,2.805
2013-12-04,2.80429
2013-12-05,2.80257
2013-12-06,2.799
2013-12-09,2.793
2013-12-10,2.79257
2013-12-11,2.793
2013-12-12,2.78586
2013-12-13,2.77057
2013-12-16,2.76471
2013-12-17,2.76557
2013-12-18,2.78329
2013-12-19,2.784
2013-12-20,2.771
2013-12-23,2.76757
2013-12-24,2.78486
2013-12-26,2.78671
2013-12-27,2.78714
2013-12-30,2.79786
2014-01-02,2.80543
2014-01-03,2.80771
2014-01-06,2.80871
2014-01-07,2.80157
2014-01-08,2.80457
2014-01-09,2.80229
2014-01-10,2.79786
2014-01-13,2.79957
2014-01-14,2.801
2014-01-15,2.80571
2014-01-16,2.81014
2014-01-17,2.807
2014-01-20,2.80986
2014-01-21,2.80957
2014-01-22,2.80771
2014-01-23,2.81029
2014-01-24,2.821
2014-01-27,2.82214
2014-01-28,2.82243
2014-01-29,2.82443
2014-01-30,2.81871
2014-01-31,2.82243
2014-02-03,2.824
2014-02-04,2.824
2014-02-05,2.82443
2014-02-06,2.82329
2014-02-07,2.82043
2014-02-10,2.81957
2014-02-11,2.81786
2014-02-12,2.816
2014-02-13,2.81786
2014-02-14,2.81286
2014-02-17,2.80414
2014-02-18,2.80786
2014-02-19,2.80871
2014-02-20,2.80929
2014-02-21,2.80714
2014-02-24,2.80686
2014-02-25,2.80743
2014-02-26,2.80986
2014-02-27,2.80343
2014-02-28,2.79943
2014-03-03,2.80429
2014-03-04,2.801
2014-03-05,2.79871
2014-03-06,2.79914
2014-03-07,2.803
2014-03-10,2.80471
2014-03-11,2.80214
2014-03-12,2.80629
2014-03-13,2.80614
2014-03-14,2.80414
2014-03-17,2.80771
2014-03-18,2.81029
2014-03-19,2.81471
2014-03-20,2.81386
2014-03-21,2.81043
2014-03-24,2.81057
2014-03-25,2.81214
2014-03-26,2.812
2014-03-27,2.81143
2014-03-28,2.81086
2014-03-31,2.80943
2014-04-01,2.807
2014-04-02,2.80829
2014-04-03,2.81214
2014-04-04,2.80914
2014-04-07,2.80414
2014-04-08,2.79071
2014-04-09,2.79586
2014-04-10,2.78586
2014-04-11,2.78471
2014-04-14,2.77529
2014-04-15,2.77571
2014-04-16,2.78071
2014-04-21,2.77714
2014-04-22,2.78343
2014-04-23,2.79129
2014-04-24,2.79129
2014-04-25,2.80371
2014-04-28,2.80757
2014-04-29,2.80843
2014-04-30,2.808
2014-05-02,2.80414
2014-05-05,2.80529
2014-05-06,2.80229
2014-05-07,2.80129
2014-05-08,2.78914
2014-05-09,2.78914
2014-05-12,2.78586
2014-05-13,2.78529
2014-05-14,2.78514
2014-05-15,2.78686
2014-05-16,2.78586
2014-05-19,2.78829
2014-05-20,2.79171
2014-05-21,2.78886
2014-05-22,2.78857
2014-05-23,2.787
2014-05-26,2.78871
2014-05-27,2.78629
2014-05-28,2.77457
2014-05-29,2.75957
2014-05-30,2.767
2014-06-02,2.77414
2014-06-03,2.77943
2014-06-04,2.78629
2014-06-05,2.78529
2014-06-06,2.78429
2014-06-09,2.78771
2014-06-10,2.79071
2014-06-11,2.798
2014-06-12,2.79629
2014-06-13,2.79357
2014-06-16,2.79614
2014-06-17,2.80329
2014-06-18,2.80243
2014-06-19,2.80014
2014-06-20,2.808
2014-06-23,2.804
2014-06-24,2.80414
2014-06-25,2.80429
2014-06-26,2.80586
2014-06-27,2.801
2014-06-30,2.79643
2014-07-01,2.79729
2014-07-02,2.79586
2014-07-03,2.784
2014-07-04,2.77686
2014-07-07,2.77386
2014-07-08,2.784
2014-07-09,2.78429
2014-07-10,2.78229
2014-07-11,2.78743
2014-07-14,2.78429
2014-07-15,2.784
2014-07-16,2.784
2014-07-17,2.79243
2014-07-18,2.791
2014-07-21,2.79329
2014-07-22,2.78771
2014-07-23,2.78814
2014-07-24,2.786
2014-07-25,2.78643
2014-07-30,2.79129
2014-07-31,2.79729
2014-08-01,2.79814
2014-08-04,2.80243
2014-08-05,2.81429
2014-08-06,2.81114
2014-08-07,2.81057
2014-08-08,2.80186
2014-08-11,2.791
2014-08-12,2.79014
2014-08-13,2.79486
2014-08-14,2.79371
2014-08-15,2.79914
2014-08-18,2.81829
2014-08-19,2.82029
2014-08-20,2.82757
2014-08-21,2.82371
2014-08-22,2.82871
2014-08-25,2.83443
2014-08-26,2.83414
2014-08-27,2.84157
2014-08-28,2.84771
2014-08-29,2.84429
2014-09-01,2.85114
2014-09-02,2.85386
2014-09-03,2.85114
2014-09-04,2.85486
2014-09-05,2.84971
2014-09-08,2.85243
2014-09-09,2.85929
2014-09-10,2.85543
2014-09-11,2.85671
2014-09-12,2.86129
2014-09-15,2.86157
2014-09-16,2.85871
2014-09-17,2.86029
2014-09-18,2.86343
2014-09-19,2.86514
2014-09-22,2.87143
2014-09-23,2.87471
2014-09-24,2.87729
2014-09-25,2.87957
2014-09-26,2.89871
2014-09-29,2.89514
2014-09-30,2.89229
2014-10-01,2.89143
2014-10-02,2.89829
2014-10-03,2.90643
2014-10-06,2.90257
2014-10-07,2.90443
2014-10-09,2.906
2014-10-10,2.90671
2014-10-13,2.90443
2014-10-14,2.90529
2014-10-15,2.90757
2014-10-16,2.90857
2014-10-17,2.90357
2014-10-20,2.90443
2014-10-21,2.90129
2014-10-22,2.906
2014-10-23,2.90743
2014-10-24,2.91014
2014-10-27,2.91557
2014-10-28,2.91643
2014-10-29,2.91486
2014-10-30,2.91814
2014-10-31,2.92386
2014-11-03,2.92457
2014-11-04,2.92871
2014-11-05,2.92971
2014-11-06,2.93114
2014-11-07,2.92886
2014-11-10,2.92943
2014-11-11,2.93143
2014-11-12,2.93514
2014-11-13,2.935
2014-11-14,2.93514
2014-11-17,2.93229
2014-11-18,2.92943
2014-11-19,2.929
2014-11-20,2.925
2014-11-21,2.91771
2014-11-24,2.91614
2014-11-25,2.91671
2014-11-26,2.91357
2014-11-27,2.91243
2014-11-28,2.91971
2014-12-01,2.92814
2014-12-02,2.94029
2014-12-03,2.94186
2014-12-04,2.94757
2014-12-05,2.95343
2014-12-09,2.96486
2014-12-10,2.96243
2014-12-11,2.97214
2014-12-12,2.96386
2014-12-15,2.96357
2014-12-16,2.97129
2014-12-17,2.96114
2014-12-18,2.94286
2014-12-19,2.94886
2014-12-22,2.97571
2014-12-23,2.97714
2014-12-24,2.97786
2014-12-26,2.97571
2014-12-29,2.98714
2014-12-30,2.99014
2014-12-31,2.983
2015-01-05,2.99086
2015-01-06,2.98429
2015-01-07,2.98786
2015-01-08,2.98943
2015-01-09,2.98571
2015-01-12,2.98971
2015-01-13,2.98529
2015-01-14,2.99486
2015-01-15,2.997
2015-01-16,3.01243
2015-01-19,3.01157
2015-01-20,3.01029
2015-01-21,3.01057
2015-01-22,3.00514
2015-01-23,3.01657
2015-01-26,3.021
2015-01-27,3.023
2015-01-28,3.02914
2015-01-29,3.04229
2015-01-30,3.059
2015-02-02,3.06043
2015-02-03,3.05829
2015-02-04,3.06286
2015-02-05,3.06157
2015-02-06,3.06786
2015-02-09,3.06743
2015-02-10,3.07514
2015-02-11,3.09243
2015-02-12,3.07957
2015-02-13,3.072
2015-02-16,3.08586
2015-02-17,3.08414
2015-02-18,3.08614
2015-02-19,3.08743
2015-02-20,3.08729
2015-02-23,3.09129
2015-02-24,3.094
2015-02-25,3.09629
2015-02-26,3.09314
2015-02-27,3.09486
2015-03-02,3.097
2015-03-03,3.092
2015-03-04,3.09429
2015-03-05,3.09671
2015-03-06,3.10086
2015-03-09,3.099
2015-03-10,3.09943
2015-03-11,3.10014
2015-03-12,3.09829
2015-03-13,3.10171
2015-03-16,3.09657
2015-03-17,3.098
2015-03-18,3.09929
2015-03-19,3.09686
2015-03-20,3.08971
2015-03-23,3.07786
2015-03-24,3.07329
2015-03-25,3.06786
2015-03-26,3.08157
2015-03-27,3.09143
2015-03-30,3.09643
2015-03-31,3.09886
2015-04-01,3.095
2015-04-06,3.09143
2015-04-07,3.09843
2015-04-08,3.103
2015-04-09,3.11457
2015-04-10,3.124
2015-04-13,3.12657
2015-04-14,3.12086
2015-04-15,3.12457
2015-04-16,3.12557
2015-04-17,3.12671
2015-04-20,3.12671
2015-04-21,3.13214
2015-04-22,3.13386
2015-04-23,3.133
2015-04-24,3.13486
2015-04-27,3.13486
2015-04-28,3.12743
2015-04-29,3.12157
2015-04-30,3.128
2015-05-04,3.14129
2015-05-05,3.15057
2015-05-06,3.14671
2015-05-07,3.15486
2015-05-08,3.14929
2015-05-11,3.15371
2015-05-12,3.15314
2015-05-13,3.152
2015-05-14,3.14971
2015-05-15,3.148
2015-05-18,3.152
2015-05-19,3.15457
2015-05-20,3.15729
2015-05-21,3.15014
2015-05-22,3.148
2015-05-25,3.152
2015-05-26,3.15443
2015-05-27,3.149
2015-05-28,3.15
2015-05-29,3.15771
2015-06-01,3.158
2015-06-02,3.15671
2015-06-03,3.155
2015-06-04,3.14771
2015-06-05,3.15386
2015-06-08,3.15443
2015-06-09,3.15343
2015-06-10,3.15414
2015-06-11,3.155
2015-06-12,3.15529
2015-06-15,3.15843
2015-06-16,3.16286
2015-06-17,3.16457
2015-06-18,3.16271
2015-06-19,3.16786
2015-06-22,3.17371
2015-06-23,3.18014
2015-06-24,3.17686
2015-06-25,3.16971
2015-06-26,3.17257
2015-06-30,3.179
2015-07-01,3.18157
2015-07-02,3.17286
2015-07-03,3.17414
2015-07-06,3.17886
2015-07-07,3.18257
2015-07-08,3.18643
2015-07-09,3.18129
2015-07-10,3.17871
2015-07-13,3.17943
2015-07-14,3.179
2015-07-15,3.182
2015-07-16,3.17914
2015-07-17,3.182
2015-07-20,3.18529
2015-07-21,3.18157
2015-07-22,3.186
2015-07-23,3.18957
2015-07-24,3.19029
2015-07-30,3.19357
2015-07-31,3.19214
2015-08-03,3.19286
2015-08-04,3.19386
2015-08-05,3.20057
2015-08-06,3.20486
2015-08-07,3.20257
2015-08-10,3.20157
2015-08-11,3.216
2015-08-12,3.22729
2015-08-13,3.23343
2015-08-14,3.24114
2015-08-17,3.24557
2015-08-18,3.24886
2015-08-19,3.25357
2015-08-20,3.26586
2015-08-21,3.27443
2015-08-24,3.28314
2015-08-25,3.283
2015-08-26,3.30814
2015-08-27,3.26983
2015-08-28,3.25071
2015-08-31,3.23743
2015-09-01,3.24914
2015-09-02,3.25443
2015-09-03,3.225
2015-09-04,3.219
2015-09-07,3.22929
2015-09-08,3.22671
2015-09-09,3.22329
2015-09-10,3.22271
2015-09-11,3.21057
2015-09-14,3.20957
2015-09-15,3.212
2015-09-16,3.206
2015-09-17,3.19543
2015-09-18,3.19257
2015-09-21,3.195
2015-09-22,3.21343
2015-09-23,3.225
2015-09-24,3.22586
2015-09-25,3.22029
2015-09-28,3.23429
2015-09-29,3.23914
2015-09-30,3.22443
2015-10-01,3.23043
2015-10-02,3.22771
2015-10-05,3.21814
2015-10-06,3.22086
2015-10-07,3.22186
2015-10-12,3.22886
2015-10-13,3.23629
2015-10-14,3.24143
2015-10-15,3.23614
2015-10-16,3.24186
2015-10-19,3.253
2015-10-20,3.25843
2015-10-21,3.26229
2015-10-22,3.25786
2015-10-23,3.26614
2015-10-26,3.27214
2015-10-27,3.27971
2015-10-28,3.27886
2015-10-29,3.28871
2015-10-30,3.28729
2015-11-02,3.28714
2015-11-03,3.28714
2015-11-04,3.28914
2015-11-05,3.30057
2015-11-06,3.31771
2015-11-09,3.31029
2015-11-10,3.314
2015-11-11,3.31657
2015-11-12,3.323
2015-11-13,3.335
2015-11-16,3.34443
2015-11-17,3.34629
2015-11-18,3.35729
2015-11-19,3.358
2015-11-20,3.35971
2015-11-23,3.37443
2015-11-24,3.37814
2015-11-25,3.38357
2015-11-26,3.37857
2015-11-27,3.37657
2015-11-30,3.37586
2015-12-01,3.37714
2015-12-02,3.37286
2015-12-03,3.369
2015-12-04,3.37271
2015-12-07,3.37557
2015-12-09,3.37514
2015-12-10,3.37571
2015-12-11,3.37886
2015-12-14,3.38057
2015-12-15,3.37486
2015-12-16,3.37243
2015-12-17,3.37643
2015-12-18,3.379
2015-12-21,3.38386
2015-12-22,3.39071
2015-12-23,3.39771
2015-12-24,3.39643
2015-12-28,3.40114
2015-12-29,3.40757
2015-12-30,3.41029
2015-12-31,3.412
2016-01-04,3.42971
2016-01-05,3.41657
2016-01-06,3.41786
2016-01-07,3.42343
2016-01-08,3.42857
2016-01-11,3.42714
2016-01-12,3.424
2016-01-13,3.42271
2016-01-14,3.42571
2016-01-15,3.43229
2016-01-18,3.43086
2016-01-19,3.43271
2016-01-20,3.44614
2016-01-21,3.447
2016-01-22,3.447
2016-01-25,3.45871
2016-01-26,3.46829
2016-01-27,3.465
2016-01-28,3.46671
2016-01-29,3.47057
2016-02-01,3.48357
2016-02-02,3.49343
2016-02-03,3.493
2016-02-04,3.47843
2016-02-05,3.482
2016-02-08,3.49271
2016-02-09,3.50171
2016-02-10,3.507
2016-02-11,3.51543
2016-02-12,3.509
2016-02-15,3.50414
2016-02-16,3.50886
2016-02-17,3.50586
2016-02-18,3.505
2016-02-19,3.514
2016-02-22,3.52
2016-02-23,3.52914
2016-02-24,3.53743
2016-02-25,3.53
2016-02-26,3.52314
2016-02-29,3.525
2016-03-01,3.52129
2016-03-02,3.51086
2016-03-03,3.46714
2016-03-04,3.44186
2016-03-07,3.46429
2016-03-08,3.46629
2016-03-09,3.44414
2016-03-10,3.44029
2016-03-11,3.38529
2016-03-14,3.362
2016-03-15,3.34857
2016-03-16,3.37671
2016-03-17,3.35171
2016-03-18,3.37757
2016-03-21,3.39543
2016-03-22,3.41543
2016-03-23,3.40129
2016-03-28,3.36143
2016-03-29,3.38529
2016-03-30,3.36143
2016-03-31,3.32843
2016-04-01,3.34857
2016-04-04,3.357
2016-04-05,3.36371
2016-04-06,3.38014
2016-04-07,3.40657
2016-04-08,3.40657
2016-04-11,3.29843
2016-04-12,3.26957
2016-04-13,3.26957
2016-04-14,3.28014
2016-04-15,3.28029
2016-04-18,3.276
2016-04-19,3.25014
2016-04-20,3.25157
2016-04-21,3.263
2016-04-22,3.27271
2016-04-25,3.28629
2016-04-26,3.28471
2016-04-27,3.29071
2016-04-28,3.28014
2016-04-29,3.27729
2016-05-02,3.29386
2016-05-03,3.33357
2016-05-04,3.33514
2016-05-05,3.31929
2016-05-06,3.31829
2016-05-09,3.34086
2016-05-10,3.33329
2016-05-11,3.33329
2016-05-12,3.32843
2016-05-13,3.338
2016-05-16,3.33057
2016-05-17,3.317
2016-05-18,3.32343
2016-05-19,3.34243
2016-05-20,3.33629
2016-05-23,3.34686
2016-05-24,3.34171
2016-05-25,3.34014
2016-05-26,3.34257
2016-05-27,3.357
2016-05-30,3.363
2016-05-31,3.37343
2016-06-01,3.38257
2016-06-02,3.37571
2016-06-03,3.34471
2016-06-06,3.31757
2016-06-07,3.30814
2016-06-08,3.293
2016-06-09,3.312
2016-06-10,3.326
2016-06-13,3.332
2016-06-14,3.33443
2016-06-15,3.321
2016-06-16,3.33657
2016-06-17,3.32086
2016-06-20,3.28914
2016-06-21,3.28786
2016-06-22,3.28343
2016-06-23,3.28357
2016-06-24,3.32229
2016-06-27,3.323
2016-06-28,3.304
2016-06-30,3.292
2016-07-01,3.28714
2016-07-04,3.28657
2016-07-05,3.28843
2016-07-06,3.28171
2016-07-07,3.28457
2016-07-08,3.279
2016-07-11,3.28071
2016-07-12,3.28129
2016-07-13,3.282
2016-07-14,3.27957
2016-07-15,3.27929
2016-07-18,3.28043
2016-07-19,3.29557
2016-07-20,3.31214
2016-07-21,3.32386
2016-07-22,3.32843
2016-07-25,3.34686
2016-07-26,3.36329
2016-07-27,3.358
2016-08-01,3.34886
2016-08-02,3.34614
2016-08-03,3.35471
2016-08-04,3.34014
2016-08-05,3.33686
2016-08-08,3.31943
2016-08-09,3.30443
2016-08-10,3.30829
2016-08-11,3.30857
2016-08-12,3.31614
2016-08-15,3.31129
2016-08-16,3.30929
2016-08-17,3.31871
2016-08-18,3.30614
2016-08-19,3.32171
2016-08-22,3.34314
2016-08-23,3.35857
2016-08-24,3.35571
2016-08-25,3.352
2016-08-26,3.34729
2016-08-29,3.375
2016-08-31,3.39557
2016-09-01,3.39857
2016-09-02,3.38886
2016-09-05,3.39786
2016-09-06,3.37586
2016-09-07,3.36229
2016-09-08,3.37114
2016-09-09,3.38971
2016-09-12,3.40357
2016-09-13,3.41386
2016-09-14,3.39857
2016-09-15,3.38771
2016-09-16,3.39714
2016-09-19,3.39243
2016-09-20,3.38886
2016-09-21,3.38043
2016-09-22,3.35357
2016-09-23,3.35686
2016-09-26,3.36371
2016-09-27,3.36943
2016-09-28,3.37629
2016-09-29,3.38814
2016-09-30,3.398
2016-10-03,3.39057
2016-10-04,3.39986
2016-10-05,3.40571
2016-10-06,3.41114
2016-10-07,3.40843
2016-10-10,3.39757
2016-10-11,3.40043
2016-10-12,3.40743
2016-10-13,3.40929
2016-10-14,3.40243
2016-10-17,3.39943
2016-10-18,3.38714
2016-10-19,3.38243
2016-10-20,3.38329
2016-10-21,3.36914
2016-10-24,3.35343
2016-10-25,3.35914
2016-10-26,3.36643
2016-10-27,3.373
2016-10-28,3.363
2016-10-31,3.36457
2016-11-02,3.38214
2016-11-03,3.37943
2016-11-04,3.38457
2016-11-07,3.37429
2016-11-08,3.361
2016-11-09,3.38086
2016-11-10,3.40486
2016-11-11,3.41257
2016-11-14,3.42429
2016-11-15,3.42543
2016-11-16,3.41643
2016-11-21,3.41671
2016-11-22,3.41957
2016-11-23,3.42743
2016-11-24,3.41957
2016-11-25,3.41729
2016-11-28,3.41671
2016-11-29,3.42243
2016-11-30,3.41271
2016-12-01,3.41786
2016-12-02,3.41471
2016-12-05,3.42043
2016-12-06,3.41686
2016-12-07,3.40829
2016-12-09,3.40314
2016-12-12,3.40429
2016-12-13,3.39957
2016-12-14,3.39443
2016-12-15,3.40686
2016-12-16,3.40343
2016-12-19,3.40729
2016-12-20,3.40357
2016-12-21,3.397
2016-12-22,3.39943
2016-12-23,3.386
2016-12-26,3.39371
2016-12-27,3.38329
2016-12-28,3.36457
2016-12-29,3.35657
2016-12-30,3.35729
2017-01-02,3.36343
2017-01-03,3.37857
2017-01-04,3.38929
2017-01-05,3.37143
2017-01-06,3.375
2017-01-09,3.38486
2017-01-10,3.39
2017-01-11,3.39071
2017-01-12,3.36543
2017-01-13,3.36586
2017-01-16,3.37071
2017-01-17,3.35229
2017-01-18,3.349
2017-01-19,3.33371
2017-01-20,3.30571
2017-01-23,3.28914
2017-01-24,3.28429
2017-01-25,3.282
2017-01-26,3.30329
2017-01-27,3.29229
2017-01-30,3.29029
2017-01-31,3.28343
2017-02-01,3.27086
2017-02-02,3.25871
2017-02-03,3.25071
2017-02-06,3.27857
2017-02-07,3.29443
2017-02-08,3.28929
2017-02-09,3.27443
2017-02-10,3.25971
2017-02-13,3.26529
2017-02-14,3.26229
2017-02-15,3.25471
2017-02-16,3.24857
2017-02-17,3.26329
2017-02-20,3.25429
2017-02-21,3.25114
2017-02-22,3.24357
2017-02-23,3.24186
2017-02-24,3.25271
2017-02-27,3.25329
2017-02-28,3.26214
2017-03-01,3.26457
2017-03-02,3.27386
2017-03-03,3.28457
2017-03-06,3.28986
2017-03-07,3.29329
2017-03-08,3.29514
2017-03-09,3.29729
2017-03-10,3.28371
2017-03-13,3.288
2017-03-14,3.28629
2017-03-15,3.26771
2017-03-16,3.25143
2017-03-17,3.24957
2017-03-20,3.25229
2017-03-21,3.245
2017-03-22,3.25243
2017-03-23,3.24614
2017-03-24,3.243
2017-03-27,3.24871
2017-03-28,3.24586
2017-03-29,3.24243
2017-03-30,3.24529
2017-03-31,3.24971
2017-04-03,3.24843
2017-04-04,3.25257
2017-04-05,3.24871
2017-04-06,3.24843
2017-04-07,3.24729
2017-04-10,3.247
2017-04-11,3.25143
2017-04-12,3.25429
2017-04-17,3.25129
2017-04-18,3.25271
2017-04-19,3.25057
2017-04-20,3.24429
2017-04-21,3.24343
2017-04-24,3.24257
2017-04-25,3.247
2017-04-26,3.25043
2017-04-27,3.24814
2017-04-28,3.24471
2017-05-02,3.24871
2017-05-03,3.25086
2017-05-04,3.27143
2017-05-05,3.27429
2017-05-08,3.28614
2017-05-09,3.29014
2017-05-10,3.28829
2017-05-11,3.28886
2017-05-12,3.27886
2017-05-15,3.26271
2017-05-16,3.26
2017-05-17,3.27271
2017-05-18,3.28471
2017-05-19,3.26871
2017-05-22,3.27329
2017-05-23,3.28314
2017-05-24,3.27686
2017-05-25,3.26571
2017-05-26,3.273
2017-05-29,3.283
2017-05-30,3.28643
2017-05-31,3.27343
2017-06-01,3.27157
2017-06-02,3.27243
2017-06-05,3.272
2017-06-06,3.26671
2017-06-07,3.26857
2017-06-08,3.27243
2017-06-09,3.26986
2017-06-12,3.27729
2017-06-13,3.27729
2017-06-14,3.27043
2017-06-15,3.27886
2017-06-16,3.276
2017-06-19,3.26943
2017-06-20,3.27486
2017-06-21,3.27143
2017-06-22,3.26771
2017-06-23,3.25657
2017-06-26,3.25314
2017-06-27,3.25643
2017-06-28,3.25229
2017-07-03,3.25414
2017-07-04,3.25743
2017-07-05,3.26171
2017-07-06,3.25686
2017-07-07,3.25086
2017-07-10,3.25571
2017-07-11,3.25529
2017-07-12,3.252
2017-07-13,3.25014
2017-07-14,3.24514
2017-07-17,3.25157
2017-07-18,3.24629
2017-07-19,3.24329
2017-07-20,3.24114
2017-07-21,3.24743
2017-07-24,3.24729
2017-07-25,3.24729
2017-07-26,3.24843
2017-07-31,3.24143
2017-08-01,3.23957
2017-08-02,3.24143
2017-08-03,3.23929
2017-08-04,3.24271
2017-08-07,3.24371
2017-08-08,3.24314
2017-08-09,3.24829
2017-08-10,3.24957
2017-08-11,3.24929
2017-08-14,3.24457
2017-08-15,3.24671
2017-08-16,3.24343
2017-08-17,3.24271
2017-08-18,3.24271
2017-08-21,3.23971
2017-08-22,3.23843
2017-08-23,3.23886
2017-08-24,3.23686
2017-08-25,3.23729
2017-08-28,3.23629
2017-08-29,3.24057
2017-08-31,3.24129
2017-09-01,3.23886
2017-09-04,3.239
2017-09-05,3.23671
2017-09-06,3.237
2017-09-07,3.23529
2017-09-08,3.234
2017-09-11,3.23214
2017-09-12,3.23386
2017-09-13,3.23957
2017-09-14,3.23957
2017-09-15,3.24814
2017-09-18,3.249
2017-09-19,3.24471
2017-09-20,3.24471
2017-09-21,3.24986
2017-09-22,3.24743
2017-09-25,3.25614
2017-09-26,3.26886
2017-09-27,3.27586
2017-09-28,3.26914
2017-09-29,3.26614
2017-10-02,3.271
2017-10-03,3.268
2017-10-04,3.25871
2017-10-05,3.25671
2017-10-06,3.26971
2017-10-09,3.27214
2017-10-10,3.26629
2017-10-11,3.262
2017-10-12,3.25614
2017-10-13,3.24971
2017-10-16,3.24643
2017-10-17,3.246
2017-10-18,3.24271
2017-10-19,3.23671
2017-10-20,3.23929
2017-10-23,3.23929
2017-10-24,3.24
2017-10-25,3.23471
2017-10-26,3.23857
2017-10-27,3.24771
2017-10-30,3.25071
2017-10-31,3.24929
2017-11-02,3.24357
2017-11-03,3.24529
2017-11-06,3.24014
2017-11-07,3.24157
2017-11-08,3.24286
2017-11-09,3.24543
2017-11-10,3.24357
2017-11-13,3.24271
2017-11-14,3.24243
2017-11-15,3.25114
2017-11-16,3.25086
2017-11-17,3.24443
2017-11-20,3.24414
2017-11-21,3.23557
2017-11-22,3.24014
2017-11-23,3.23786
2017-11-24,3.23786
2017-11-27,3.23714
2017-11-28,3.236
2017-11-29,3.23386
2017-11-30,3.234
2017-12-01,3.23414
2017-12-04,3.23471
2017-12-05,3.23614
2017-12-06,3.23686
2017-12-07,3.23671
2017-12-11,3.23571
2017-12-12,3.23457
2017-12-13,3.233
2017-12-14,3.24471
2017-12-15,3.26886
2017-12-18,3.29243
2017-12-19,3.27386
2017-12-20,3.27729
2017-12-21,3.27071
2017-12-22,3.24029
2017-12-26,3.23986
2017-12-27,3.24186
2017-12-28,3.24271
2017-12-29,3.24057
2018-01-03,3.22814
2018-01-04,3.20943
2018-01-05,3.21257
2018-01-08,3.21714
2018-01-09,3.21957
2018-01-10,3.22029
2018-01-11,3.21943
2018-01-12,3.21657
2018-01-15,3.21171
2018-01-16,3.21157
2018-01-17,3.21157
2018-01-18,3.21286
2018-01-19,3.21643
2018-01-22,3.21443
2018-01-23,3.21871
2018-01-24,3.21329
2018-01-25,3.21
2018-01-26,3.21457
2018-01-29,3.218
2018-01-30,3.21671
2018-01-31,3.216
2018-02-01,3.21257
2018-02-02,3.21814
2018-02-05,3.226
2018-02-06,3.25057
2018-02-07,3.24857
2018-02-08,3.25529
2018-02-09,3.27286
2018-02-12,3.26657
2018-02-13,3.271
2018-02-14,3.26957
2018-02-15,3.24757
2018-02-16,3.24486
2018-02-19,3.25029
2018-02-20,3.25314
2018-02-21,3.24886
2018-02-22,3.25071
2018-02-23,3.249
2018-02-26,3.25014
2018-02-27,3.25086
2018-02-28,3.26129
2018-03-01,3.26643
2018-03-02,3.25843
2018-03-05,3.25186
2018-03-06,3.25171
2018-03-07,3.25557
2018-03-08,3.25614
2018-03-09,3.26014
2018-03-12,3.259
2018-03-13,3.261
2018-03-14,3.26
2018-03-15,3.262
2018-03-16,3.269
2018-03-19,3.27371
2018-03-20,3.268
2018-03-21,3.26086
2018-03-22,3.24171
2018-03-23,3.23571
2018-03-26,3.21614
2018-03-27,3.22229
2018-03-28,3.22829
2018-04-02,3.22757
2018-04-03,3.227
2018-04-04,3.22714
2018-04-05,3.22743
2018-04-06,3.234
2018-04-09,3.23971
2018-04-10,3.23843
2018-04-11,3.23643
2018-04-12,3.22729
2018-04-16,3.22357
2018-04-17,3.22014
2018-04-18,3.21671
2018-04-19,3.22029
2018-04-20,3.22414
2018-04-23,3.23129
2018-04-24,3.23186
2018-04-25,3.24129
2018-04-26,3.23671
2018-04-27,3.23929
2018-04-30,3.25014
2018-05-02,3.269
2018-05-03,3.27614
2018-05-04,3.27243
2018-05-07,3.27843
2018-05-08,3.28871
2018-05-09,3.29314
2018-05-10,3.27314
2018-05-11,3.259
2018-05-14,3.25971
2018-05-15,3.27271
2018-05-16,3.26729
2018-05-17,3.27443
2018-05-18,3.28943
2018-05-21,3.28643
2018-05-22,3.27386
2018-05-23,3.27214
2018-05-24,3.26714
2018-05-25,3.27014
2018-05-28,3.27214
2018-05-29,3.28071
2018-05-30,3.27029
2018-05-31,3.27429
2018-06-01,3.27257
2018-06-04,3.27257
2018-06-05,3.272
2018-06-06,3.26114
2018-06-07,3.26257
2018-06-08,3.26343
2018-06-11,3.26643
2018-06-12,3.27086
2018-06-13,3.26714
2018-06-14,3.26986
2018-06-15,3.28214
2018-06-18,3.28114
2018-06-19,3.28471
2018-06-20,3.282
2018-06-21,3.27829
2018-06-22,3.269
2018-06-25,3.27429
2018-06-26,3.27086
2018-06-27,3.27214
2018-06-28,3.27371
2018-07-02,3.28843
2018-07-03,3.28686
2018-07-04,3.291
2018-07-05,3.29029
2018-07-06,3.28643
2018-07-09,3.28243
2018-07-10,3.27243
2018-07-11,3.28
2018-07-12,3.27414
2018-07-13,3.27171
2018-07-16,3.26957
2018-07-17,3.26971
2018-07-18,3.27371
2018-07-19,3.277
2018-07-20,3.27443
2018-07-23,3.28057
2018-07-24,3.27471
2018-07-25,3.27357
2018-07-26,3.27471
2018-07-30,3.27014
2018-07-31,3.27357
2018-08-01,3.27443
2018-08-02,3.27329
2018-08-03,3.26914
2018-08-06,3.27014
2018-08-07,3.26857
2018-08-08,3.26957
2018-08-09,3.27143
2018-08-10,3.27871
2018-08-13,3.28786
2018-08-14,3.29257
2018-08-15,3.321
2018-08-16,3.31086
2018-08-17,3.321
2018-08-20,3.31529
2018-08-21,3.298
2018-08-22,3.28614
2018-08-23,3.297
2018-08-24,3.29371
2018-08-27,3.28943
2018-08-28,3.29414
2018-08-29,3.298
2018-09-03,3.30557
2018-09-04,3.31643
2018-09-05,3.31843
2018-09-06,3.32014
2018-09-07,3.32557
2018-09-10,3.32957
2018-09-11,3.33671
2018-09-12,3.33114
2018-09-13,3.32157
2018-09-14,3.315
2018-09-17,3.315
2018-09-18,3.30614
2018-09-19,3.30314
2018-09-20,3.29886
2018-09-21,3.29371
2018-09-24,3.29957
2018-09-25,3.30729
2018-09-26,3.305
2018-09-27,3.302
2018-09-28,3.30071
2018-10-01,3.309
2018-10-02,3.31357
2018-10-03,3.31429
2018-10-04,3.33243
2018-10-05,3.32329
2018-10-09,3.33071
2018-10-10,3.33043
2018-10-11,3.32886
2018-10-12,3.33314
2018-10-15,3.33786
2018-10-16,3.33343
2018-10-17,3.33571
2018-10-18,3.33829
2018-10-19,3.33043
2018-10-22,3.33314
2018-10-23,3.33757
2018-10-24,3.34071
2018-10-25,3.342
2018-10-26,3.347
2018-10-29,3.35229
2018-10-30,3.36057
2018-10-31,3.368
2018-11-05,3.36271
2018-11-06,3.37114
2018-11-07,3.36443
2018-11-08,3.36914
2018-11-09,3.37186
2018-11-12,3.374
2018-11-13,3.378
2018-11-14,3.37943
2018-11-15,3.38529
2018-11-16,3.37657
2018-11-19,3.37743
2018-11-20,3.38271
2018-11-21,3.37771
2018-11-22,3.37286
2018-11-23,3.37843
2018-11-26,3.38029
2018-11-27,3.38229
2018-11-28,3.37829
2018-11-29,3.37857
2018-11-30,3.38329
2018-12-03,3.37686
2018-12-04,3.385
2018-12-05,3.37957
2018-12-06,3.38043
2018-12-07,3.36871
2018-12-10,3.37443
2018-12-11,3.36743
2018-12-12,3.35743
2018-12-13,3.36243
2018-12-14,3.35357
2018-12-17,3.34343
2018-12-18,3.34486
2018-12-19,3.35043
2018-12-20,3.34343
2018-12-21,3.35814
2018-12-26,3.36857
2018-12-27,3.37457
2018-12-28,3.36843
2018-12-31,3.37457
2019-01-02,3.37157
2019-01-03,3.37014
2019-01-04,3.35529
2019-01-07,3.34986
2019-01-08,3.34914
2019-01-09,3.33429
2019-01-10,3.343
2019-01-11,3.34257
2019-01-14,3.34514
2019-01-15,3.33843
2019-01-16,3.332
2019-01-17,3.33214
2019-01-18,3.31886
2019-01-21,3.32829
2019-01-22,3.33686
2019-01-23,3.338
2019-01-24,3.34786
2019-01-25,3.34271
2019-01-28,3.356
2019-01-29,3.35943
2019-01-30,3.35343
2019-01-31,3.33157
2019-02-01,3.329
2019-02-04,3.33114
2019-02-05,3.32857
2019-02-06,3.32643
2019-02-07,3.32429
2019-02-08,3.32329
2019-02-11,3.33057
2019-02-12,3.33214
2019-02-13,3.338
2019-02-14,3.34071
2019-02-15,3.32943
2019-02-18,3.32086
2019-02-19,3.31657
2019-02-20,3.31871
2019-02-21,3.32086
2019-02-22,3.30786
2019-02-25,3.30443
2019-02-26,3.30943
2019-02-27,3.30329
2019-02-28,3.30329
2019-03-01,3.30629
2019-03-04,3.31114
2019-03-05,3.31157
2019-03-06,3.30914
2019-03-07,3.31043
2019-03-08,3.31414
2019-03-11,3.3079
2019-03-12,3.30143
2019-03-13,3.29271
2019-03-14,3.29743
2019-03-15,3.29814
2019-03-18,3.29986
2019-03-19,3.30143
2019-03-20,3.29529
2019-03-21,3.29314
2019-03-22,3.303
2019-03-25,3.30371
2019-03-26,3.305
2019-03-27,3.31729
2019-03-28,3.31786
2019-03-29,3.32
2019-04-01,3.30886
2019-04-02,3.31157
2019-04-03,3.30014
2019-04-04,3.29757
2019-04-05,3.29743
2019-04-08,3.29114
2019-04-09,3.29286
2019-04-10,3.29514
2019-04-11,3.29929
2019-04-12,3.29514
2019-04-15,3.29857
2019-04-16,3.29586
2019-04-17,3.29571
2019-04-22,3.30514
2019-04-23,3.31143
2019-04-24,3.323
2019-04-25,3.33171
2019-04-26,3.31929
2019-04-29,3.31643
2019-04-30,3.30857
2019-05-02,3.31529
2019-05-03,3.30143
2019-05-06,3.312
2019-05-07,3.315
2019-05-08,3.31557
2019-05-09,3.32314
2019-05-10,3.31543
2019-05-13,3.33271
2019-05-14,3.32314
2019-05-15,3.32286
2019-05-16,3.31671
2019-05-17,3.317
2019-05-20,3.34143
2019-05-21,3.34543
2019-05-22,3.34557
2019-05-23,3.35086
2019-05-24,3.34486
2019-05-27,3.34814
2019-05-28,3.35543
2019-05-29,3.35757
2019-05-30,3.36357
2019-05-31,3.374
2019-06-03,3.37243
2019-06-04,3.34929
2019-06-05,3.35029
2019-06-06,3.33486
2019-06-07,3.33371
2019-06-10,3.33429
2019-06-11,3.32986
2019-06-12,3.332
2019-06-13,3.33143
2019-06-14,3.339
2019-06-17,3.34871
2019-06-18,3.33686
2019-06-19,3.33371
2019-06-20,3.31129
2019-06-21,3.30286
2019-06-24,3.30029
2019-06-25,3.29814
2019-06-26,3.29886
2019-06-27,3.29214
2019-06-28,3.28957
2019-07-01,3.29
2019-07-02,3.29143
2019-07-03,3.29571
2019-07-04,3.291
2019-07-05,3.29614
2019-07-08,3.289
2019-07-09,3.29186
2019-07-10,3.28686
2019-07-11,3.28486
2019-07-12,3.28357
2019-07-15,3.28586
2019-07-16,3.28743
2019-07-17,3.28643
2019-07-18,3.288
2019-07-19,3.28457
2019-07-22,3.28571
2019-07-23,3.29271
2019-07-24,3.294
2019-07-25,3.29914
2019-07-26,3.29943
2019-07-31,3.31086
2019-08-01,3.31971
2019-08-02,3.347
2019-08-05,3.38457
2019-08-06,3.38243
2019-08-07,3.385
2019-08-08,3.38129
2019-08-09,3.38186
2019-08-12,3.38914
2019-08-13,3.37886
2019-08-14,3.39429
2019-08-15,3.39329
2019-08-16,3.38429
2019-08-19,3.38571
2019-08-20,3.381
2019-08-21,3.378
2019-08-22,3.37914
2019-08-23,3.37543
2019-08-26,3.37943
2019-08-27,3.38886
2019-08-28,3.38971
2019-09-02,3.40457
2019-09-03,3.40571
2019-09-04,3.38929
2019-09-05,3.36443
2019-09-06,3.34329
2019-09-09,3.34586
2019-09-10,3.34671
2019-09-11,3.34457
2019-09-12,3.32957
2019-09-13,3.31771
2019-09-16,3.327
2019-09-17,3.34486
2019-09-18,3.345
2019-09-19,3.35443
2019-09-20,3.36129
2019-09-23,3.36357
2019-09-24,3.34571
2019-09-25,3.35186
2019-09-26,3.36586
2019-09-27,3.38729
2019-09-30,3.38314
2019-10-01,3.39229
2019-10-02,3.387
2019-10-03,3.37671
2019-10-04,3.37743
2019-10-07,3.388
2019-10-09,3.37643
2019-10-10,3.36186
2019-10-11,3.35757
2019-10-14,3.36686
2019-10-15,3.37157
2019-10-16,3.36943
2019-10-17,3.354
2019-10-18,3.346
2019-10-21,3.345
2019-10-22,3.34271
2019-10-23,3.34614
2019-10-24,3.349
2019-10-25,3.34614
2019-10-28,3.33214
2019-10-29,3.33714
2019-10-30,3.34829
2019-11-04,3.33471
2019-11-05,3.33729
2019-11-06,3.33986
2019-11-07,3.34571
2019-11-08,3.35529
2019-11-11,3.36386
2019-11-12,3.37657
2019-11-13,3.39343
2019-11-14,3.39129
2019-11-15,3.37029
2019-11-18,3.37086
2019-11-19,3.37871
2019-11-20,3.387
2019-11-21,3.37871
2019-11-22,3.38414
2019-11-25,3.38771
2019-11-26,3.384
2019-11-27,3.39271
2019-11-28,3.389
2019-11-29,3.40014
2019-12-02,3.40071
2019-12-03,3.38986
2019-12-04,3.383
2019-12-05,3.37729
2019-12-06,3.37829
2019-12-09,3.37914
2019-12-10,3.39129
2019-12-11,3.39271
2019-12-12,3.391
2019-12-13,3.36929
2019-12-16,3.35871
2019-12-17,3.34543
2019-12-18,3.33743
2019-12-19,3.33886
2019-12-20,3.32357
2019-12-23,3.31614
2019-12-24,3.31629
2019-12-26,3.32
2019-12-27,3.322
2019-12-30,3.317
2019-12-31,3.31457
2020-01-02,3.30314
2020-01-03,3.312
2020-01-06,3.324
2020-01-07,3.32657
2020-01-08,3.31914
2020-01-09,3.31986
2020-01-10,3.32457
2020-01-13,3.33786
2020-01-14,3.328
2020-01-15,3.32471
2020-01-16,3.324
2020-01-17,3.32271
2020-01-20,3.32171
2020-01-21,3.31857
2020-01-22,3.31486
2020-01-23,3.32114
2020-01-24,3.32257
2020-01-27,3.33771
2020-01-28,3.33443
2020-01-29,3.34671
2020-01-30,3.363
2020-01-31,3.37743
2020-02-03,3.37457
2020-02-04,3.36086
2020-02-05,3.36029
2020-02-06,3.37414
2020-02-07,3.38829
2020-02-10,3.39714
2020-02-11,3.389
2020-02-12,3.38186
2020-02-13,3.38457
2020-02-14,3.38243
2020-02-17,3.38271
2020-02-18,3.38529
2020-02-19,3.38386
2020-02-20,3.39157
2020-02-21,3.39271
2020-02-24,3.40457
2020-02-25,3.40671
2020-02-26,3.41271
2020-02-27,3.43114
2020-02-28,3.456
2020-03-02,3.445
2020-03-03,3.43
2020-03-04,3.42257
2020-03-05,3.44671
2020-03-06,3.47686
2020-03-09,3.50571
2020-03-10,3.498
2020-03-11,3.51129
2020-03-12,3.54771
2020-03-13,3.52957
2020-03-16,3.55643
2020-03-17,3.55143
2020-03-18,3.57317
2020-03-19,3.5635
2020-03-20,3.52883
2020-03-23,3.53967
2020-03-24,3.52167
2020-03-25,3.49383
2020-03-26,3.42617
2020-03-27,3.4255
2020-03-30,3.44133
2020-03-31,3.44017
2020-04-01,3.46733
2020-04-02,3.45567
2020-04-03,3.4585
2020-04-06,3.41283
2020-04-07,3.37283
2020-04-08,3.35733
2020-04-13,3.38183
2020-04-14,3.39533
2020-04-15,3.41933
2020-04-16,3.413
2020-04-17,3.4065
2020-04-20,3.40983
2020-04-21,3.396
2020-04-22,3.376
2020-04-23,3.36967
2020-04-24,3.38633
2020-04-27,3.4015
2020-04-28,3.38633
2020-04-29,3.37167
2020-04-30,3.38117
2020-05-04,3.39
2020-05-05,3.39217
2020-05-06,3.40917
2020-05-07,3.40617
2020-05-08,3.39817
2020-05-11,3.42133
2020-05-12,3.4265
2020-05-13,3.43983
2020-05-14,3.45467
2020-05-15,3.44417
2020-05-18,3.42133
2020-05-19,3.43017
2020-05-20,3.40533
2020-05-21,3.406
2020-05-22,3.42883
2020-05-25,3.4275
2020-05-26,3.42633
2020-05-27,3.453
2020-05-28,3.4415
2020-05-29,3.43233
2020-06-01,3.4195
2020-06-02,3.40133
2020-06-03,3.392
2020-06-04,3.428
2020-06-05,3.43117
2020-06-08,3.44167
2020-06-09,3.44817
2020-06-10,3.43517
2020-06-11,3.45767
2020-06-12,3.46367
2020-06-15,3.486
2020-06-16,3.47633
2020-06-17,3.49583
2020-06-18,3.51733
2020-06-19,3.51133
2020-06-22,3.4965
2020-06-23,3.51967
2020-06-24,3.5265
2020-06-25,3.50883
2020-06-26,3.52367
2020-06-30,3.54383
2020-07-01,3.53583
2020-07-02,3.51933
2020-07-03,3.53267
2020-07-06,3.54783
2020-07-07,3.546
2020-07-08,3.53333
2020-07-09,3.5185
2020-07-10,3.50667
2020-07-13,3.5
2020-07-14,3.50267
2020-07-15,3.49917
2020-07-16,3.50133
2020-07-17,3.51533
2020-07-20,3.51567
2020-07-21,3.49383
2020-07-22,3.50483
2020-07-23,3.5205
2020-07-24,3.53533
2020-07-27,3.52667
2020-07-29,3.50967
2020-07-30,3.51067
2020-07-31,3.53
2020-08-03,3.5445
2020-08-04,3.55167
2020-08-05,3.54817
2020-08-06,3.5475
2020-08-07,3.55183
2020-08-10,3.56067
2020-08-11,3.56267
2020-08-12,3.56833
2020-08-13,3.57283
2020-08-14,3.576
2020-08-17,3.58
2020-08-18,3.5735
2020-08-19,3.56267
2020-08-20,3.577
2020-08-21,3.58483
2020-08-24,3.58367
2020-08-25,3.592
2020-08-26,3.58367
2020-08-27,3.56817
2020-08-28,3.5395
2020-08-31,3.54583
2020-09-01,3.52633
2020-09-02,3.53333
2020-09-03,3.5425
2020-09-04,3.54883
2020-09-07,3.53817
2020-09-08,3.54567
2020-09-09,3.5355
2020-09-10,3.54217
2020-09-11,3.5725
2020-09-14,3.56933
2020-09-15,3.5495
2020-09-16,3.53933
2020-09-17,3.53433
2020-09-18,3.52583
2020-09-21,3.54817
2020-09-22,3.55467
2020-09-23,3.57133
2020-09-24,3.58333
2020-09-25,3.59483
2020-09-28,3.59117
2020-09-29,3.59567
2020-09-30,3.60017
2020-10-01,3.60467
2020-10-02,3.62
2020-10-05,3.60767
2020-10-06,3.58417
2020-10-07,3.57833
2020-10-08,3.57967
2020-10-09,3.57267
2020-10-12,3.59
2020-10-13,3.59533
2020-10-14,3.592
2020-10-15,3.58683
2020-10-16,3.58033
2020-10-19,3.5895
2020-10-20,3.5895
2020-10-21,3.59933
2020-10-22,3.60333
2020-10-23,3.60383
2020-10-26,3.60433
2020-10-27,3.6085
2020-10-28,3.61367
2020-10-29,3.6125
2020-10-30,3.614
2020-11-02,3.61567
2020-11-03,3.60517
2020-11-04,3.59883
2020-11-05,3.59333
2020-11-06,3.59917
2020-11-09,3.58533
2020-11-10,3.6275
2020-11-11,3.62367
2020-11-12,3.63767
2020-11-13,3.6475
2020-11-16,3.66667
2020-11-17,3.62583
2020-11-18,3.57783
2020-11-19,3.57617
2020-11-20,3.58733
2020-11-23,3.6005
2020-11-24,3.60783
2020-11-25,3.60883
2020-11-26,3.6065
2020-11-27,3.6055
2020-11-30,3.60783
2020-12-01,3.60567
2020-12-02,3.60633
2020-12-03,3.597
2020-12-04,3.59117
2020-12-07,3.60183
2020-12-09,3.6035
2020-12-10,3.60017
2020-12-11,3.59833
2020-12-14,3.58833
2020-12-15,3.59133
2020-12-16,3.58733
2020-12-17,3.58583
2020-12-18,3.597
2020-12-21,3.60783
2020-12-22,3.6155
2020-12-23,3.6125
2020-12-24,3.6127
2020-12-28,3.61617
2020-12-29,3.6195
2020-12-30,3.61983
2020-12-31,3.623
2021-01-04,3.62667
2021-01-05,3.63367
2021-01-06,3.62683
2021-01-07,3.623
2021-01-08,3.61383
2021-01-11,3.61733
2021-01-12,3.609
2021-01-13,3.614
2021-01-14,3.6135
2021-01-15,3.61267
2021-01-18,3.617
2021-01-19,3.61333
2021-01-20,3.61533
2021-01-21,3.622
2021-01-22,3.63417
2021-01-25,3.644
2021-01-26,3.64517
2021-01-27,3.653
2021-01-28,3.64667
2021-01-29,3.63933
2021-02-01,3.6395
2021-02-02,3.63883
2021-02-03,3.6385
2021-02-04,3.64567
2021-02-05,3.63933
2021-02-08,3.643
2021-02-09,3.64267
2021-02-10,3.63817
2021-02-11,3.63883
2021-02-12,3.6455
2021-02-15,3.645
2021-02-16,3.651
2021-02-17,3.655
2021-02-18,3.65067
2021-02-19,3.65367
2021-02-22,3.6555
2021-02-23,3.65367
2021-02-24,3.6505
2021-02-25,3.64883
2021-02-26,3.65083
2021-03-01,3.6545
2021-03-02,3.66517
2021-03-03,3.67633
2021-03-04,3.6775
2021-03-05,3.6955
2021-03-08,3.70467
2021-03-09,3.704
2021-03-10,3.69417
2021-03-11,3.693
2021-03-12,3.70567
2021-03-15,3.718
2021-03-16,3.70567
2021-03-17,3.709
2021-03-18,3.7075
2021-03-19,3.71533
2021-03-22,3.72267
2021-03-23,3.71983
2021-03-24,3.72433
2021-03-25,3.73367
2021-03-26,3.73633
2021-03-29,3.75117
2021-03-30,3.76617
2021-03-31,3.7555
2021-04-05,3.71417
2021-04-06,3.6485
2021-04-07,3.61383
2021-04-08,3.59667
2021-04-09,3.62783
2021-04-12,3.64467
2021-04-13,3.627
2021-04-14,3.63083
2021-04-15,3.62267
2021-04-16,3.633
2021-04-19,3.681
2021-04-20,3.6875
2021-04-21,3.70667
2021-04-22,3.7625
2021-04-23,3.77833
2021-04-26,3.831
2021-04-27,3.84233
2021-04-28,3.79667
2021-04-29,3.78767
2021-04-30,3.79017
2021-05-03,3.81383
2021-05-04,3.83533
2021-05-05,3.828
2021-05-06,3.81933
2021-05-07,3.80133
2021-05-10,3.762
2021-05-11,3.70283
2021-05-12,3.732
2021-05-13,3.68033
2021-05-14,3.67867
2021-05-17,3.717
2021-05-18,3.73467
2021-05-19,3.75017
2021-05-20,3.736
2021-05-21,3.75
2021-05-24,3.80133
2021-05-25,3.83267
2021-05-26,3.84767
2021-05-27,3.86933
2021-05-28,3.801
2021-05-31,3.8265
2021-06-01,3.845
2021-06-02,3.85833
2021-06-03,3.86067
2021-06-04,3.83567
2021-06-07,3.94
2021-06-08,3.94633
2021-06-09,3.89083
2021-06-10,3.887
2021-06-11,3.89883
2021-06-14,3.90033
2021-06-15,3.90467
2021-06-16,3.90533
2021-06-17,3.9185
2021-06-18,3.94433
2021-06-21,3.96
2021-06-22,3.97583
2021-06-23,3.97833
2021-06-24,3.983
2021-06-25,3.9785
2021-06-28,3.91267
2021-06-30,3.86333
2021-07-01,3.86317
2021-07-02,3.88783
2021-07-05,3.92017
2021-07-06,3.95233
2021-07-07,3.96033
2021-07-08,3.96617
2021-07-09,3.96
2021-07-12,3.96067
2021-07-13,3.9715
2021-07-14,3.96483
2021-07-15,3.95717
2021-07-16,3.90883
2021-07-19,3.94083
2021-07-20,3.9545
2021-07-21,3.95
2021-07-22,3.94117
2021-07-23,3.92433
2021-07-26,3.90983
2021-07-27,3.92233
2021-07-30,4.05383
2021-08-02,4.059
2021-08-03,4.06783
2021-08-04,4.07633
2021-08-05,4.07267
2021-08-06,4.09133
2021-08-09,4.10733
2021-08-10,4.06483
2021-08-11,4.08967
2021-08-12,4.09717
2021-08-13,4.07967
2021-08-16,4.0775
2021-08-17,4.08717
2021-08-18,4.095
2021-08-19,4.11167
2021-08-20,4.11317
2021-08-23,4.10867
2021-08-24,4.0925
2021-08-25,4.09717
2021-08-26,4.09
2021-08-27,4.07433
2021-08-31,4.086
2021-09-01,4.08117
2021-09-02,4.1
2021-09-03,4.09417
2021-09-06,4.103
2021-09-07,4.10133
2021-09-08,4.092
2021-09-09,4.1
2021-09-10,4.1
2021-09-13,4.105
2021-09-14,4.10433
2021-09-15,4.10733
2021-09-16,4.1125
2021-09-17,4.109
2021-09-20,4.119
2021-09-21,4.11267
2021-09-22,4.11033
2021-09-23,4.11233
2021-09-24,4.10933
2021-09-27,4.12483
2021-09-28,4.1265
2021-09-29,4.12817
2021-09-30,4.1375
2021-10-01,4.12867
2021-10-04,4.13017
2021-10-05,4.133
2021-10-06,4.13533
2021-10-07,4.08817
2021-10-11,4.07167
2021-10-12,4.0615
2021-10-13,3.99317
2021-10-14,3.93583
2021-10-15,3.92883
2021-10-18,3.94967
2021-10-19,3.9465
2021-10-20,3.9435
2021-10-21,3.95167
2021-10-22,3.96417
2021-10-25,3.971
2021-10-26,3.9935
2021-10-27,3.98667
2021-10-28,3.97833
2021-10-29,3.99233
2021-11-02,4.00867
2021-11-03,4.0125
2021-11-04,4.01067
2021-11-05,4.01483
2021-11-08,4.0135
2021-11-09,4.01567
2021-11-10,4.0245
2021-11-11,4.02217
2021-11-12,4.0225
2021-11-15,4.0045
2021-11-16,3.99933
2021-11-17,4.004
2021-11-18,4.01967
2021-11-19,4.02017
2021-11-22,4.01933
2021-11-23,4.00833
2021-11-24,4.022
2021-11-25,4.02917
2021-11-26,4.03967
2021-11-29,4.05417
2021-11-30,4.06567
2021-12-01,4.06867
2021-12-02,4.072
2021-12-03,4.0755
2021-12-06,4.084
2021-12-07,4.07783
2021-12-09,4.08167
2021-12-10,4.06817
2021-12-13,4.0605
2021-12-14,4.05583
2021-12-15,4.056
2021-12-16,4.04017
2021-12-17,4.03733
2021-12-20,4.047
2021-12-21,4.05417
2021-12-22,4.046
2021-12-23,4.01717
2021-12-24,4.0075
2021-12-27,3.98783
2021-12-28,3.95267
2021-12-29,3.97067
2021-12-30,3.98667
2021-12-31,3.9814
2022-01-03,3.98883
2022-01-04,3.964
2022-01-05,3.95633
2022-01-06,3.96967
2022-01-07,3.94817
2022-01-10,3.93017
2022-01-11,3.91933
2022-01-12,3.896
2022-01-13,3.89783
2022-01-14,3.87583
2022-01-17,3.85733
2022-01-18,3.85583
2022-01-19,3.86533
2022-01-20,3.84767
2022-01-21,3.82767
2022-01-24,3.84183
2022-01-25,3.84967
2022-01-26,3.84333
2022-01-27,3.839
2022-01-28,3.8475
2022-01-31,3.84317
2022-02-01,3.87767
2022-02-02,3.857
2022-02-03,3.86083
2022-02-04,3.86783
2022-02-07,3.84583
2022-02-08,3.84217
2022-02-09,3.82467
2022-02-10,3.76167
2022-02-11,3.7585
2022-02-14,3.7905
2022-02-15,3.8005
2022-02-16,3.76817
2022-02-17,3.73933
2022-02-18,3.7215
2022-02-21,3.75133
2022-02-22,3.74017
2022-02-23,3.7205
2022-02-24,3.79567
2022-02-25,3.7535
2022-02-28,3.76167
2022-03-01,3.79467
2022-03-02,3.76633
2022-03-03,3.73167
2022-03-04,3.75967
2022-03-07,3.7455
2022-03-08,3.73467
2022-03-09,3.7175
2022-03-10,3.72083
2022-03-11,3.694
2022-03-14,3.71533
2022-03-15,3.739
2022-03-16,3.72533
2022-03-17,3.73567
2022-03-18,3.7745
2022-03-21,3.789
2022-03-22,3.77583
2022-03-23,3.77133
2022-03-24,3.7485
2022-03-25,3.7305
2022-03-28,3.7325
2022-03-29,3.72067
2022-03-30,3.7235
2022-03-31,3.693
2022-04-01,3.65133
2022-04-04,3.6305
2022-04-05,3.69833
2022-04-06,3.71933
2022-04-07,3.71267
2022-04-08,3.71517
2022-04-11,3.7145
2022-04-12,3.7095
2022-04-13,3.73883
2022-04-18,3.736
2022-04-19,3.72883
2022-04-20,3.70767
2022-04-21,3.72983
2022-04-22,3.76533
2022-04-25,3.8115
2022-04-26,3.81817
2022-04-27,3.83167
2022-04-28,3.85167
2022-04-29,3.8345
2022-05-02,3.8435
2022-05-03,3.82117
2022-05-04,3.79783
2022-05-05,3.785
2022-05-06,3.8125
2022-05-09,3.82883
2022-05-10,3.80733
2022-05-11,3.78417
2022-05-12,3.7965
2022-05-13,3.78183
2022-05-16,3.78233
2022-05-17,3.7595
2022-05-18,3.771
2022-05-19,3.749
2022-05-20,3.72883
2022-05-23,3.71717
2022-05-24,3.711
2022-05-25,3.691
2022-05-26,3.66017
2022-05-27,3.6735
2022-05-30,3.68167
2022-05-31,3.70283
2022-06-01,3.7235
2022-06-02,3.70883
2022-06-03,3.70717
2022-06-06,3.72833
2022-06-07,3.7545
2022-06-08,3.75717
2022-06-09,3.75633
2022-06-10,3.77683
2022-06-13,3.7745
2022-06-14,3.75267
2022-06-15,3.728
2022-06-16,3.72183
2022-06-17,3.72
2022-06-20,3.7235
2022-06-21,3.72133
2022-06-22,3.731
2022-06-23,3.7455
2022-06-24,3.785
2022-06-27,3.78517
2022-06-28,3.78583
2022-06-30,3.82467
2022-07-01,3.852
2022-07-04,3.83217
2022-07-05,3.86
2022-07-06,3.8855
2022-07-07,3.88883
2022-07-08,3.90267
2022-07-11,3.95183
2022-07-12,3.976
2022-07-13,3.95733
2022-07-14,3.94833
2022-07-15,3.89517
2022-07-18,3.888
2022-07-19,3.87417
2022-07-20,3.88317
2022-07-21,3.91117
2022-07-22,3.91667
2022-07-25,3.91367
2022-07-26,3.92033
2022-07-27,3.92017
2022-08-01,3.88983
2022-08-02,3.92083
2022-08-03,3.91683
2022-08-04,3.89133
2022-08-05,3.90717
2022-08-08,3.913
2022-08-09,3.93017
2022-08-10,3.89733
2022-08-11,3.88417
2022-08-12,3.86117
2022-08-15,3.8525
2022-08-16,3.85867
2022-08-17,3.843
2022-08-18,3.84383
2022-08-19,3.85867
2022-08-22,3.8795
2022-08-23,3.8625
2022-08-24,3.86683
2022-08-25,3.85433
2022-08-26,3.84133
2022-08-29,3.83517
2022-08-31,3.845
2022-09-01,3.86533
2022-09-02,3.87217
2022-09-05,3.883
2022-09-06,3.89883
2022-09-07,3.89317
2022-09-08,3.87833
2022-09-09,3.88067
2022-09-12,3.85567
2022-09-13,3.86717
2022-09-14,3.87867
2022-09-15,3.88933
2022-09-16,3.88117
2022-09-19,3.86967
2022-09-20,3.8875
2022-09-21,3.9005
2022-09-22,3.905
2022-09-23,3.9115
2022-09-26,3.93917
2022-09-27,3.94983
2022-09-28,3.94983
2022-09-29,3.973
2022-09-30,3.98333
2022-10-03,3.9675
2022-10-04,3.95217
2022-10-05,3.9665
2022-10-06,3.98167
2022-10-07,3.9765
2022-10-10,3.96
2022-10-11,3.97133
2022-10-12,3.98317
2022-10-13,3.98467
2022-10-14,3.99033
2022-10-17,3.98033
2022-10-18,3.97667
2022-10-19,3.98583
2022-10-20,3.98017
2022-10-21,3.98483
2022-10-24,4.0015
2022-10-25,3.99717
2022-10-26,3.99033
2022-10-27,3.98017
2022-10-28,3.97533
2022-10-31,3.9905
2022-11-02,3.96775
2022-11-03,3.9725
2022-11-04,3.95767
2022-11-07,3.95133
2022-11-08,3.92733
2022-11-09,3.914
2022-11-10,3.86667
2022-11-11,3.85867
2022-11-14,3.85717
2022-11-15,3.83017
2022-11-16,3.838
2022-11-17,3.8415
2022-11-18,3.82983
2022-11-21,3.83917
2022-11-22,3.84983
2022-11-23,3.8515
2022-11-24,3.848
2022-11-25,3.86567
2022-11-28,3.8565
2022-11-29,3.846
2022-11-30,3.855
2022-12-01,3.83
2022-12-02,3.83567
2022-12-05,3.849
2022-12-06,3.84567
2022-12-07,3.84633
2022-12-12,3.83783
2022-12-13,3.8305
2022-12-14,3.83633
2022-12-15,3.84783
2022-12-16,3.848
2022-12-19,3.83583
2022-12-20,3.834
2022-12-21,3.818
2022-12-22,3.81467
2022-12-23,3.818
2022-12-26,3.82067
2022-12-27,3.82
2022-12-28,3.81133
2022-12-29,3.81217
2022-12-30,3.81167
2023-01-03,3.81733
2023-01-04,3.82567
2023-01-05,3.82683
2023-01-06,3.8025
2023-01-09,3.79533
2023-01-10,3.8035
2023-01-11,3.78033
2023-01-12,3.78367
2023-01-13,3.81083
2023-01-16,3.827
2023-01-17,3.842
2023-01-18,3.83583
2023-01-19,3.8625
2023-01-20,3.85683
2023-01-23,3.87517
2023-01-24,3.89017
2023-01-25,3.899
2023-01-26,3.86167
2023-01-27,3.82933
2023-01-30,3.857
2023-01-31,3.84783
2023-02-01,3.846
2023-02-02,3.83117
2023-02-03,3.84883
2023-02-06,3.85117
2023-02-07,3.846
2023-02-08,3.85833
2023-02-09,3.86533
2023-02-10,3.85467
2023-02-13,3.85217
2023-02-14,3.86067
2023-02-15,3.86317
2023-02-16,3.86467
2023-02-17,3.84517
2023-02-20,3.845
2023-02-21,3.83483
2023-02-22,3.82167
2023-02-23,3.803
2023-02-24,3.82117
2023-02-27,3.81217
2023-02-28,3.80467
2023-03-01,3.776
2023-03-02,3.78617
2023-03-03,3.78417
2023-03-06,3.7855
2023-03-07,3.78883
2023-03-08,3.79167
2023-03-09,3.78817
2023-03-10,3.78267
2023-03-13,3.80283
2023-03-14,3.78883
2023-03-15,3.80917
2023-03-16,3.79417
2023-03-17,3.79517
2023-03-20,3.77933
2023-03-21,3.77033
2023-03-22,3.77233
2023-03-23,3.767
2023-03-24,3.7732
2023-03-27,3.7685
2023-03-28,3.7655
2023-03-29,3.75633
2023-03-30,3.75933
2023-03-31,3.76283
2023-04-03,3.768
2023-04-04,3.77283
2023-04-05,3.772
2023-04-10,3.781
2023-04-11,3.7845
2023-04-12,3.776
2023-04-13,3.77567
2023-04-14,3.78183
2023-04-17,3.7835
2023-04-18,3.77833
2023-04-19,3.7785
2023-04-20,3.76483
2023-04-21,3.7635
2023-04-24,3.75817
2023-04-25,3.756
2023-04-26,3.74683
2023-04-27,3.731
2023-04-28,3.71433
2023-05-02,3.70983
2023-05-03,3.70783
2023-05-04,3.71933
2023-05-05,3.71317
2023-05-08,3.706
2023-05-09,3.69783
2023-05-10,3.6735
2023-05-11,3.67833
2023-05-12,3.656
2023-05-15,3.66333
2023-05-16,3.68533
2023-05-17,3.69567
2023-05-18,3.7025
2023-05-19,3.69067
2023-05-22,3.69217
2023-05-23,3.694
2023-05-24,3.68767
2023-05-25,3.695
2023-05-26,3.6725
2023-05-29,3.67433
2023-05-30,3.6745
2023-05-31,3.6795
2023-06-01,3.68367
2023-06-02,3.68667
2023-06-05,3.67867
2023-06-06,3.69033
2023-06-07,3.67033
2023-06-08,3.65733
2023-06-09,3.64583
2023-06-12,3.654
2023-06-13,3.64617
2023-06-14,3.65
2023-06-15,3.65117
2023-06-16,3.63567
2023-06-19,3.63583
2023-06-20,3.64533
2023-06-21,3.6425
2023-06-22,3.63733
2023-06-23,3.63333
2023-06-26,3.64133
2023-06-27,3.63767
2023-06-28,3.633
2023-06-30,3.62717
2023-07-03,3.627
2023-07-04,3.62883
2023-07-05,3.632
2023-07-06,3.647
2023-07-07,3.64083
2023-07-10,3.63967
2023-07-11,3.63183
2023-07-12,3.58817
2023-07-13,3.572
2023-07-14,3.56383
2023-07-17,3.56267
2023-07-18,3.5575
2023-07-19,3.57983
2023-07-20,3.58783
2023-07-21,3.58717
2023-07-24,3.58883
2023-07-25,3.603
2023-07-26,3.59933
2023-07-27,3.59683
2023-07-31,3.61117
2023-08-01,3.63833
2023-08-02,3.66233
2023-08-03,3.698
2023-08-04,3.69117
2023-08-07,3.69167
2023-08-08,3.709
2023-08-09,3.69367
2023-08-10,3.67433
2023-08-11,3.6845
2023-08-14,3.7045
2023-08-15,3.71867
2023-08-16,3.71533
2023-08-17,3.72467
2023-08-18,3.72
2023-08-21,3.72
2023-08-22,3.72783
2023-08-23,3.71083
2023-08-24,3.6987
2023-08-25,3.693
2023-08-28,3.696
2023-08-29,3.69367
2023-08-31,3.69467
2023-09-01,3.69167
2023-09-04,3.69183
2023-09-05,3.70517
2023-09-06,3.70583
2023-09-07,3.71217
2023-09-08,3.716
2023-09-11,3.70067
2023-09-12,3.707
2023-09-13,3.70367
2023-09-14,3.71083
2023-09-15,3.72283
2023-09-18,3.70917
2023-09-19,3.71333
2023-09-20,3.71717
2023-09-21,3.74233
2023-09-22,3.74883
2023-09-25,3.77383
2023-09-26,3.78483
2023-09-27,3.80033
2023-09-28,3.80483
2023-09-29,3.79283
2023-10-02,3.80033
2023-10-03,3.81333
2023-10-04,3.8145
2023-10-05,3.82283
2023-10-06,3.82933
2023-10-09,3.8375
2023-10-10,3.8255
2023-10-11,3.825
2023-10-12,3.843
2023-10-13,3.8505
2023-10-16,3.86
2023-10-17,3.85983
2023-10-18,3.86833
2023-10-19,3.87217
2023-10-20,3.874
2023-10-23,3.87217
2023-10-24,3.8655
2023-10-25,3.87167
2023-10-26,3.869
2023-10-27,3.8585
2023-10-30,3.84283
2023-10-31,3.83783
2023-11-02,3.79483
2023-11-03,3.735
2023-11-06,3.75917
2023-11-07,3.77567
2023-11-08,3.79683
2023-11-09,3.7965
2023-11-10,3.81167
2023-11-13,3.81217
2023-11-14,3.76933
2023-11-15,3.77333
2023-11-16,3.77
2023-11-17,3.77117
2023-11-20,3.7395
2023-11-21,3.7405
2023-11-22,3.742
2023-11-23,3.735
2023-11-24,3.73317
2023-11-27,3.723
2023-11-28,3.72933
2023-11-29,3.7335
2023-11-30,3.73833
2023-12-01,3.7345
2023-12-04,3.745
2023-12-05,3.75733
2023-12-06,3.75517
2023-12-07,3.75483
2023-12-11,3.773
2023-12-12,3.77633
2023-12-13,3.78667
2023-12-14,3.76333
2023-12-15,3.76383
2023-12-18,3.74833
2023-12-19,3.7135
2023-12-20,3.706
2023-12-21,3.70467
2023-12-22,3.68483
2023-12-26,3.68683
2023-12-27,3.69083
2023-12-28,3.7025
2023-12-29,3.70983
2024-01-03,3.734
2024-01-04,3.73683
2024-01-05,3.71883
2024-01-08,3.71217
2024-01-09,3.7065
2024-01-10,3.7025
2024-01-11,3.7005
2024-01-12,3.6945
2024-01-15,3.698
2024-01-16,3.71783
2024-01-17,3.74017
2024-01-18,3.74133
2024-01-19,3.74183
2024-01-22,3.741
2024-01-23,3.757
2024-01-24,3.76033
2024-01-25,3.76317
2024-01-26,3.786
2024-01-29,3.807
2024-01-30,3.81083
2024-01-31,3.80583
2024-02-01,3.80617
2024-02-02,3.833
2024-02-05,3.85683
2024-02-06,3.85717
2024-02-07,3.86583
2024-02-08,3.85367
2024-02-09,3.86633
2024-02-12,3.86333
2024-02-13,3.884
2024-02-14,3.874
2024-02-15,3.86233
2024-02-16,3.82967
2024-02-19,3.79933
2024-02-20,3.784
2024-02-21,3.79583
2024-02-22,3.8
2024-02-23,3.7955
2024-02-26,3.79817
2024-02-27,3.78883
2024-02-28,3.79417
2024-02-29,3.78117
2024-03-01,3.77017
2024-03-04,3.766
2024-03-05,3.76383
2024-03-06,3.731
2024-03-07,3.72033
2024-03-08,3.68967
2024-03-11,3.68783
2024-03-12,3.69183
2024-03-13,3.667
2024-03-14,3.67833
2024-03-15,3.68917
2024-03-18,3.69883
2024-03-19,3.70433
2024-03-20,3.69517
2024-03-21,3.69467
2024-03-22,3.694
2024-03-25,3.70533
2024-03-26,3.72383
2024-03-27,3.718
2024-04-01,3.72967
2024-04-02,3.70967
2024-04-03,3.68967
2024-04-04,3.678
2024-04-05,3.68667
2024-04-08,3.67683
2024-04-09,3.69217
2024-04-10,3.70983
2024-04-11,3.7055
2024-04-12,3.70283
2024-04-15,3.72583
2024-04-16,3.75617
2024-04-17,3.7445
2024-04-18,3.7375
2024-04-19,3.69967
2024-04-22,3.6945
2024-04-23,3.70167
2024-04-24,3.72483
2024-04-25,3.74767
2024-04-26,3.75267
2024-04-29,3.72983
2024-04-30,3.754
2024-05-02,3.74833
2024-05-03,3.71883
2024-05-06,3.7255
2024-05-07,3.72683
2024-05-08,3.72217
2024-05-09,3.70583
2024-05-10,3.70717
2024-05-13,3.72033
2024-05-14,3.7245
2024-05-15,3.71783
2024-05-16,3.72783
2024-05-17,3.74033
2024-05-20,3.73567
2024-05-21,3.73217
2024-05-22,3.7415
2024-05-23,3.74233
2024-05-24,3.73767
2024-05-27,3.74283
2024-05-28,3.74717
2024-05-29,3.75983
2024-05-30,3.75983
2024-05-31,3.73533
2024-06-03,3.73083
2024-06-04,3.7405
2024-06-05,3.74633
2024-06-06,3.753
2024-06-10,3.78
2024-06-11,3.78383
2024-06-12,3.77167
2024-06-13,3.77317
2024-06-14,3.774
2024-06-17,3.7925
2024-06-18,3.79017
2024-06-19,3.81817
2024-06-20,3.8095
2024-06-21,3.80233
2024-06-24,3.8025
2024-06-25,3.81383
2024-06-26,3.82283
2024-06-27,3.82383
2024-06-28,3.836
2024-07-01,3.84583
2024-07-02,3.8275
2024-07-03,3.79967
2024-07-04,3.79483
2024-07-05,3.79467
2024-07-08,3.79
2024-07-09,3.78383
2024-07-10,3.78033
2024-07-11,3.76683
2024-07-12,3.73233
2024-07-15,3.72817
2024-07-16,3.71633
2024-07-17,3.7215
2024-07-18,3.7365
2024-07-19,3.74517
2024-07-22,3.75517
2024-07-24,3.7755
2024-07-25,3.76083
2024-07-30,3.73483
2024-07-31,3.7195
2024-08-01,3.738
2024-08-02,3.74317
2024-08-05,3.74583
2024-08-07,3.73417
2024-08-08,3.7295
2024-08-09,3.73067
2024-08-12,3.74433
2024-08-13,3.74767
2024-08-14,3.73817
2024-08-15,3.73717
2024-08-16,3.7425
2024-08-19,3.73483
2024-08-20,3.7465
2024-08-21,3.74433
2024-08-22,3.759
2024-08-23,3.746
2024-08-26,3.752
2024-08-27,3.74333
2024-08-28,3.73933
2024-08-29,3.74767
2024-09-02,3.765
2024-09-03,3.78367
2024-09-04,3.79667
2024-09-05,3.79483
2024-09-06,3.79667
2024-09-09,3.81183
2024-09-10,3.8185
2024-09-11,3.788
2024-09-12,3.76883
2024-09-13,3.7695
2024-09-16,3.78367
2024-09-17,3.7735
2024-09-18,3.75883
2024-09-19,3.74783
2024-09-20,3.75183
2024-09-23,3.77017
2024-09-24,3.76417
2024-09-25,3.76233
2024-09-26,3.73083
2024-09-27,3.7155
2024-09-30,3.70817
2024-10-01,3.71817
2024-10-02,3.718
2024-10-03,3.72867
2024-10-04,3.73233
2024-10-07,3.74083
2024-10-09,3.75867
2024-10-10,3.7685
2024-10-11,3.756
2024-10-14,3.75817
2024-10-15,3.77
2024-10-16,3.77167
2024-10-17,3.76633
2024-10-18,3.754
2024-10-21,3.76533
2024-10-22,3.7555
2024-10-23,3.75417
2024-10-24,3.75367
2024-10-25,3.7605
2024-10-28,3.771
2024-10-29,3.77117
2024-10-30,3.7745
2024-10-31,3.76817
2024-11-04,3.76867
2024-11-05,3.77483
2024-11-06,3.78483
2024-11-07,3.75583
2024-11-08,3.7695
2024-11-11,3.77833
2024-11-12,3.7885
2024-11-13,3.80183
2024-11-14,3.80367
2024-11-15,3.8015
2024-11-18,3.79567
2024-11-19,3.7965
2024-11-20,3.796
2024-11-21,3.795
2024-11-22,3.79517
2024-11-25,3.77467
2024-11-26,3.768
2024-11-27,3.75733
2024-11-28,3.748
2024-11-29,3.74617
2024-12-02,3.76033
2024-12-03,3.74533
2024-12-04,3.73883
2024-12-05,3.73083
2024-12-06,3.72183
2024-12-10,3.712
2024-12-11,3.72083
2024-12-12,3.73583
2024-12-13,3.7355
2024-12-16,3.7345
2024-12-17,3.74117
2024-12-18,3.73517
2024-12-19,3.73733
2024-12-20,3.72417
2024-12-23,3.72783
2024-12-24,3.72967
2024-12-26,3.74117
2024-12-27,3.7465
2024-12-30,3.76667
2025-01-02,3.75417
2025-01-03,3.76017
2025-01-06,3.7625
2025-01-07,3.7695
2025-01-08,3.78117
2025-01-09,3.7675
2025-01-10,3.77
2025-01-13,3.78167
2025-01-14,3.7755
2025-01-15,3.76533
2025-01-16,3.76617
2025-01-17,3.74717
2025-01-20,3.73467
2025-01-21,3.732
2025-01-22,3.72117
2025-01-23,3.7145
2025-01-24,3.71417
2025-01-27,3.7375
2025-01-28,3.74067
2025-01-29,3.7235
2025-01-30,3.71783
2025-01-31,3.72367
2025-02-03,3.72083
2025-02-04,3.70633
2025-02-05,3.71767
2025-02-06,3.713
2025-02-07,3.71617
2025-02-10,3.71417
2025-02-11,3.71283
2025-02-12,3.713
2025-02-13,3.71683
2025-02-14,3.7035
2025-02-17,3.6945
2025-02-18,3.688
2025-02-19,3.68683
2025-02-20,3.68267
2025-02-21,3.67867
2025-02-24,3.686
2025-02-25,3.682
2025-02-26,3.675
2025-02-27,3.67183
2025-02-28,3.68133
2025-03-03,3.68583
2025-03-04,3.688
2025-03-05,3.65567
2025-03-06,3.64933
2025-03-07,3.65833
2025-03-10,3.66383
2025-03-11,3.66717
2025-03-12,3.66217
2025-03-13,3.66967
2025-03-14,3.65717
2025-03-17,3.64683
2025-03-18,3.63567
2025-03-19,3.62133
2025-03-20,3.6245
2025-03-21,3.63483
2025-03-24,3.64633
2025-03-25,3.63767
2025-03-26,3.64
2025-03-27,3.64533
2025-03-28,3.65267
2025-03-31,3.67083
2025-04-01,3.67217
2025-04-02,3.67667
2025-04-03,3.66333
2025-04-04,3.69333
2025-04-07,3.70683
2025-04-08,3.737
2025-04-09,3.74183
2025-04-10,3.7295
2025-04-11,3.72967
2025-04-14,3.7305
2025-04-15,3.74617
2025-04-16,3.733
2025-04-21,3.7075
2025-04-22,3.69483
2025-04-23,3.6955
2025-04-24,3.679
2025-04-25,3.67017
2025-04-28,3.66933
2025-04-29,3.66933
2025-04-30,3.67267
2025-05-02,3.65317
2025-05-05,3.65933
2025-05-06,3.65983
2025-05-07,3.65367
2025-05-08,3.63917
2025-05-09,3.6445
2025-05-12,3.6575
2025-05-13,3.65633
2025-05-14,3.67883
2025-05-15,3.68233
2025-05-16,3.69267
2025-05-19,3.68767
2025-05-20,3.69267
2025-05-21,3.68117
2025-05-22,3.66417
2025-05-23,3.6605
2025-05-26,3.65717
2025-05-27,3.64683
2025-05-28,3.6445
2025-05-29,3.63233
2025-05-30,3.62817
2025-06-02,3.6165
2025-06-03,3.625
2025-06-04,3.61583
2025-06-05,3.62583
2025-06-06,3.65117
2025-06-09,3.64433
2025-06-10,3.6355
2025-06-11,3.63017
2025-06-12,3.6165
2025-06-13,3.61667
2025-06-16,3.60733
2025-06-17,3.613
2025-06-18,3.595
2025-06-19,3.58867
2025-06-20,3.59867
2025-06-23,3.60067
2025-06-24,3.57683
2025-06-25,3.57283
2025-06-26,3.56233
2025-06-27,3.5505
2025-06-30,3.5415
2025-07-01,3.55433
2025-07-02,3.55533
2025-07-03,3.5425
2025-07-04,3.55117
2025-07-07,3.56233
2025-07-08,3.55767
2025-07-09,3.55033
2025-07-10,3.552
2025-07-11,3.55417
2025-07-14,3.5655
2025-07-15,3.56517
2025-07-16,3.55333
2025-07-17,3.5545
2025-07-18,3.565
2025-07-21,3.561
2025-07-22,3.55817
2025-07-24,3.5485
2025-07-25,3.545
2025-07-30,3.567
2025-07-31,3.58783
2025-08-01,3.58267
2025-08-04,3.56967
2025-08-05,3.55833
2025-08-07,3.544
2025-08-08,3.527
2025-08-11,3.53167
2025-08-12,3.5235
2025-08-13,3.53817
2025-08-14,3.56067
2025-08-15,3.56183
2025-08-18,3.55317
2025-08-19,3.53367
2025-08-20,3.53
2025-08-21,3.53617
2025-08-22,3.523
2025-08-25,3.52833
2025-08-26,3.538
2025-08-27,3.5535
2025-08-28,3.54417
2025-08-29,3.534
2025-09-01,3.53417
2025-09-02,3.5415
2025-09-03,3.53183
2025-09-04,3.5335
2025-09-05,3.52117
2025-09-08,3.51633
2025-09-09,3.505
2025-09-10,3.48633
2025-09-11,3.481
2025-09-12,3.49533
2025-09-15,3.493
2025-09-16,3.48417
2025-09-17,3.48317
2025-09-18,3.48683
2025-09-19,3.49357
2025-09-22,3.50479
2025-09-23,3.50121
2025-09-24,3.50764
2025-09-25,3.50714
2025-09-26,3.49693
2025-09-29,3.48236
2025-09-30,3.473
2025-10-01,3.4705
2025-10-02,3.48236
2025-10-03,3.468
2025-10-06,3.45886
2025-10-07,3.44957
2025-10-09,3.43464
2025-10-10,3.439
2025-10-13,3.42857
2025-10-14,3.42636
2025-10-15,3.4115
2025-10-16,3.39379
2025-10-17,3.38543
2025-10-20,3.3725
2025-10-21,3.38671
2025-10-22,3.40136
2025-10-23,3.39693
2025-10-24,3.38386
2025-10-27,3.38157
2025-10-28,3.392
2025-10-29,3.39021
2025-10-30,3.39407
2025-10-31,3.37586
2025-11-03,3.37493
2025-11-04,3.38707
2025-11-05,3.37643
2025-11-06,3.37536
2025-11-07,3.3765
2025-11-10,3.37236
2025-11-11,3.36086
2025-11-12,3.36943
2025-11-13,3.365
2025-11-14,3.3725
2025-11-17,3.36336
2025-11-18,3.36907
2025-11-19,3.37771
2025-11-20,3.38114
2025-11-21,3.38929
2025-11-24,3.38529
2025-11-25,3.37721
2025-11-26,3.36686
2025-11-27,3.36643
2025-11-28,3.3625
2025-12-01,3.37064
2025-12-02,3.37014
2025-12-03,3.3645
2025-12-04,3.35943
2025-12-05,3.36671
2025-12-10,3.37214
2025-12-11,3.36757
2025-12-12,3.36886
2025-12-15,3.3705
2025-12-16,3.37143
2025-12-17,3.36914
2025-12-18,3.36664
2025-12-19,3.36786
2025-12-22,3.36614
2025-12-23,3.367
2025-12-24,3.365
2025-12-29,3.367
2025-12-30,3.36436
2025-12-31,3.3636
2026-01-05,3.36486
2026-01-06,3.36057
2026-01-07,3.36257
2026-01-08,3.36371
2026-01-09,3.36171
2026-01-12,3.36057
2026-01-13,3.35857
2026-01-14,3.35971
2026-01-15,3.36171
2026-01-16,3.36071
2026-01-19,3.35771
2026-01-20,3.35857
2026-01-21,3.35514
2026-01-22,3.355
2026-01-23,3.35314
2026-01-26,3.35086
2026-01-27,3.348
2026-01-28,3.342
2026-01-29,3.34271
2026-01-30,3.35814
2026-02-02,3.36679
2026-02-03,3.36129
2026-02-04,3.36014
2026-02-05,3.36729
2026-02-06,3.35971
2026-02-09,3.35743
2026-02-10,3.35786
2026-02-11,3.35643
2026-02-12,3.35457
2026-02-13,3.353
2026-02-16,3.34886
2026-02-17,3.34643
2026-02-18,3.34914
2026-02-19,3.36364
2026-02-20,3.35914
2026-02-23,3.35836
2026-02-24,3.35914
2026-02-25,3.357
2026-02-26,3.35671
2026-02-27,3.35586
2026-03-02,3.36514
2026-03-03,3.41121
2026-03-04,3.4095
2026-03-05,3.43264
2026-03-06,3.483
2026-03-09,3.49179
2026-03-10,3.44221
2026-03-11,3.42514
2026-03-12,3.44736
2026-03-13,3.44729
2026-03-16,3.42593
2026-03-17,3.41229
2026-03-18,3.4365
2026-03-19,3.45514
2026-03-20,3.47729
2026-03-23,3.45586
2026-03-24,3.4595
2026-03-25,3.46236
2026-03-26,3.46843
2026-03-27,3.48993
2026-03-30,3.49071
2026-03-31,3.49014
2026-04-01,3.459
2026-04-06,3.42964
2026-04-07,3.4325
2026-04-08,3.38714
2026-04-09,3.38214
2026-04-10,3.388
2026-04-13,3.37093
2026-04-14,3.39186
2026-04-15,3.439
2026-04-16,3.436
2026-04-17,3.43721
2026-04-20,3.43593
2026-04-21,3.43807
2026-04-22,3.44214
2026-04-23,3.46193
2026-04-24,3.4775
2026-04-27,3.50771
2026-04-28,3.51957
2026-04-29,3.53
2026-04-30,3.518
2026-05-04,3.51736
2026-05-05,3.49257
2026-05-06,3.46757
2026-05-07,3.46029
2026-05-08,3.44479
2026-05-11,3.43257
2026-05-12,3.43279
2026-05-13,3.42371
2026-05-14,3.41743
2026-05-15,3.43429
2026-05-18,3.42929
2026-05-19,3.42707
2026-05-20,3.41086
2026-05-21,3.41507
2026-05-22,3.41957
2026-05-25,3.413
2026-05-26,3.41971
2026-05-27,3.41864
2026-05-28,3.41421
2026-05-29,3.4145
2026-06-01,3.41879
2026-06-02,3.41007
2026-06-03,3.41979
2026-06-04,3.41471
2026-06-05,3.45486
2026-06-08,3.48421
2026-06-09,3.365
2026-06-10,3.41236
2026-06-11,3.392
2026-06-12,3.38836
2026-06-15,3.38321
2026-06-16,3.37957
2026-06-17,3.38071
2026-06-18,3.38557
2026-06-19,3.38214
2026-06-22,3.3845
2026-06-23,3.40686
2026-06-24,3.42293
2026-06-25,3.41221
2026-06-26,3.41093
2026-06-30,3.41014
2026-07-01,3.41457
2026-07-02,3.40514
2026-07-03,3.39829
2026-07-06,3.406
2026-07-07,3.40614
2026-07-08,3.4105
2026-07-09,3.40243
2026-07-10,3.39364
2026-07-13,3.40271
2026-07-14,3.393
2026-07-15,3.38629
2026-07-16,3.39407
2026-07-17,3.40829
2026-07-20,3.40379
2026-07-21,3.39914
2026-07-22,3.40114
2026-07-24,3.40664
2026-07-30,3.393
2026-07-31,3.39843
2026-08-03,3.39586
2026-08-04,3.39014
2026-08-05,3.38914
2026-08-07,3.38079
2026-08-10,3.37693
2026-08-11,3.3665
2026-08-12,3.36229
2026-08-13,3.36486
2026-08-14,3.36457
2026-08-17,3.36286
2026-08-18,3.36057
2026-08-19,3.35729
2026-08-20,3.355
2026-08-21,3.34729
2026-08-24,3.34714
2026-08-25,3.34457
2026-08-26,3.34529
2026-08-27,3.34514
2026-08-28,3.35457
2026-08-31,3.36293
2026-09-01,3.36586
2026-09-02,3.35771
2026-09-03,3.36043
2026-09-04,3.36543
2026-09-07,3.36036
2026-09-08,3.35557
2026-09-09,3.35814
2026-09-10,3.37157
2026-09-11,3.36757
2026-09-14,3.38086
2026-09-15,3.376
2026-09-16,3.36671
2026-09-17,3.36371
2026-09-18,3.3585
2026-09-21,3.35514
2026-09-22,3.36064
2026-09-23,3.38779
2026-09-24,3.40557
2026-09-25,3.41993
2026-09-28,3.439
2026-09-29,3.44514
2026-09-30,3.432
2026-10-01,3.45386
2026-10-02,3.43814
2026-10-05,3.42714
2026-10-06,3.43471
2026-10-07,3.44979
