fecha,valor
1999-05-28,192
1999-05-31,192
1999-06-01,200
1999-06-02,197
1999-06-03,199
1999-06-04,197
1999-06-07,202
1999-06-08,185
1999-06-09,180
1999-06-10,194
1999-06-11,186
1999-06-14,186
1999-06-15,188
1999-06-16,185
1999-06-17,204
1999-06-18,192
1999-06-21,198
1999-06-22,193
1999-06-23,174
1999-06-24,170
1999-06-25,170
1999-06-28,175
1999-06-29,175
1999-06-30,189
1999-07-01,193
1999-07-02,184
1999-07-05,184
1999-07-06,183
1999-07-07,185
1999-07-08,197
1999-07-09,191
1999-07-12,195
1999-07-13,193
1999-07-14,190
1999-07-15,181
1999-07-16,186
1999-07-19,189
1999-07-20,190
1999-07-21,188
1999-07-22,176
1999-07-23,171
1999-07-26,176
1999-07-27,173
1999-07-28,182
1999-07-29,182
1999-07-30,178
1999-08-02,174
1999-08-03,173
1999-08-04,181
1999-08-05,188
1999-08-06,184
1999-08-09,189
1999-08-10,186
1999-08-11,194
1999-08-12,184
1999-08-13,195
1999-08-16,195
1999-08-17,196
1999-08-18,198
1999-08-19,189
1999-08-20,197
1999-08-23,196
1999-08-24,202
1999-08-25,206
1999-08-26,204
1999-08-27,194
1999-08-30,182
1999-08-31,187
1999-09-01,188
1999-09-02,183
1999-09-03,189
1999-09-06,189
1999-09-07,199
1999-09-08,201
1999-09-09,197
1999-09-10,204
1999-09-13,202
1999-09-14,182
1999-09-15,184
1999-09-16,186
1999-09-17,191
1999-09-20,187
1999-09-21,185
1999-09-22,187
1999-09-23,184
1999-09-24,176
1999-09-27,174
1999-09-28,172
1999-09-29,175
1999-09-30,174
1999-10-01,164
1999-10-04,177
1999-10-05,168
1999-10-06,167
1999-10-07,167
1999-10-08,169
1999-10-11,169
1999-10-12,164
1999-10-13,159
1999-10-14,155
1999-10-15,163
1999-10-18,160
1999-10-19,154
1999-10-20,154
1999-10-21,154
1999-10-22,151
1999-10-25,150
1999-10-26,148
1999-10-27,152
1999-10-28,151
1999-10-29,162
1999-11-01,158
1999-11-02,161
1999-11-03,163
1999-11-04,169
1999-11-05,157
1999-11-08,154
1999-11-09,157
1999-11-10,153
1999-11-11,153
1999-11-12,160
1999-11-15,159
1999-11-16,156
1999-11-17,158
1999-11-18,154
1999-11-19,154
1999-11-22,151
1999-11-23,155
1999-11-24,155
1999-11-25,155
1999-11-26,152
1999-11-29,144
1999-11-30,146
1999-12-01,143
1999-12-02,141
1999-12-03,147
1999-12-06,149
1999-12-07,154
1999-12-08,154
1999-12-09,156
1999-12-10,161
1999-12-13,147
1999-12-14,136
1999-12-15,132
1999-12-16,150
1999-12-17,150
1999-12-20,146
1999-12-21,144
1999-12-22,142
1999-12-23,142
1999-12-24,142
1999-12-27,141
1999-12-28,137
1999-12-29,141
1999-12-30,143
1999-12-31,139
2000-01-03,139
2000-01-04,147
2000-01-05,136
2000-01-06,141
2000-01-07,146
2000-01-10,141
2000-01-11,159
2000-01-12,157
2000-01-13,163
2000-01-14,158
2000-01-17,158
2000-01-18,151
2000-01-19,152
2000-01-20,148
2000-01-21,148
2000-01-24,156
2000-01-25,156
2000-01-26,153
2000-01-27,152
2000-01-28,149
2000-01-31,148
2000-02-01,153
2000-02-02,154
2000-02-03,167
2000-02-04,162
2000-02-07,152
2000-02-08,159
2000-02-09,153
2000-02-10,155
2000-02-11,160
2000-02-14,168
2000-02-15,166
2000-02-16,166
2000-02-17,164
2000-02-18,161
2000-02-21,161
2000-02-22,168
2000-02-23,160
2000-02-24,168
2000-02-25,168
2000-02-28,161
2000-02-29,162
2000-03-01,165
2000-03-02,163
2000-03-03,165
2000-03-06,162
2000-03-07,164
2000-03-08,165
2000-03-09,168
2000-03-10,165
2000-03-13,167
2000-03-14,173
2000-03-15,175
2000-03-16,178
2000-03-17,171
2000-03-20,172
2000-03-21,175
2000-03-22,177
2000-03-23,181
2000-03-24,171
2000-03-27,170
2000-03-28,173
2000-03-29,173
2000-03-30,183
2000-03-31,187
2000-04-03,191
2000-04-04,203
2000-04-05,201
2000-04-06,198
2000-04-07,204
2000-04-10,209
2000-04-11,205
2000-04-12,196
2000-04-13,201
2000-04-14,206
2000-04-17,196
2000-04-18,190
2000-04-19,196
2000-04-20,196
2000-04-21,196
2000-04-24,196
2000-04-25,182
2000-04-26,216
2000-04-27,204
2000-04-28,205
2000-05-01,201
2000-05-02,197
2000-05-03,189
2000-05-04,183
2000-05-05,177
2000-05-08,172
2000-05-09,176
2000-05-10,184
2000-05-11,188
2000-05-12,179
2000-05-15,183
2000-05-16,186
2000-05-17,182
2000-05-18,173
2000-05-19,178
2000-05-22,187
2000-05-23,184
2000-05-24,183
2000-05-25,191
2000-05-26,196
2000-05-29,196
2000-05-30,192
2000-05-31,201
2000-06-01,209
2000-06-02,215
2000-06-05,218
2000-06-06,217
2000-06-07,217
2000-06-08,218
2000-06-09,217
2000-06-12,221
2000-06-13,219
2000-06-14,225
2000-06-15,225
2000-06-16,232
2000-06-19,230
2000-06-20,229
2000-06-21,220
2000-06-22,219
2000-06-23,212
2000-06-26,220
2000-06-27,194
2000-06-28,220
2000-06-29,227
2000-06-30,229
2000-07-03,229
2000-07-04,229
2000-07-05,233
2000-07-06,227
2000-07-07,232
2000-07-10,229
2000-07-11,227
2000-07-12,224
2000-07-13,231
2000-07-14,222
2000-07-17,216
2000-07-18,217
2000-07-19,216
2000-07-20,231
2000-07-21,232
2000-07-24,228
2000-07-25,229
2000-07-26,229
2000-07-27,232
2000-07-28,229
2000-07-31,178
2000-08-01,233
2000-08-02,235
2000-08-03,237
2000-08-04,182
2000-08-07,178
2000-08-08,185
2000-08-09,184
2000-08-10,193
2000-08-11,189
2000-08-14,178
2000-08-15,175
2000-08-16,173
2000-08-17,174
2000-08-18,179
2000-08-21,179
2000-08-22,182
2000-08-23,186
2000-08-24,191
2000-08-25,190
2000-08-28,191
2000-08-29,188
2000-08-30,188
2000-08-31,195
2000-09-01,200
2000-09-04,200
2000-09-05,201
2000-09-06,198
2000-09-07,189
2000-09-08,192
2000-09-11,188
2000-09-12,187
2000-09-13,192
2000-09-14,187
2000-09-15,183
2000-09-18,180
2000-09-19,182
2000-09-20,179
2000-09-21,196
2000-09-22,197
2000-09-25,196
2000-09-26,198
2000-09-27,198
2000-09-28,198
2000-09-29,200
2000-10-02,198
2000-10-03,193
2000-10-04,194
2000-10-05,201
2000-10-06,199
2000-10-09,199
2000-10-10,202
2000-10-11,205
2000-10-12,213
2000-10-13,216
2000-10-16,213
2000-10-17,221
2000-10-18,222
2000-10-19,222
2000-10-20,223
2000-10-23,231
2000-10-24,227
2000-10-25,232
2000-10-26,231
2000-10-27,234
2000-10-30,232
2000-10-31,231
2000-11-01,233
2000-11-02,229
2000-11-03,223
2000-11-06,223
2000-11-07,222
2000-11-08,225
2000-11-09,223
2000-11-10,224
2000-11-13,227
2000-11-14,228
2000-11-15,231
2000-11-16,235
2000-11-17,233
2000-11-20,231
2000-11-21,232
2000-11-22,226
2000-11-23,226
2000-11-24,224
2000-11-27,228
2000-11-28,233
2000-11-29,234
2000-11-30,229
2000-12-01,230
2000-12-04,230
2000-12-05,239
2000-12-06,250
2000-12-07,227
2000-12-08,223
2000-12-11,222
2000-12-12,222
2000-12-13,224
2000-12-14,231
2000-12-15,234
2000-12-18,226
2000-12-19,224
2000-12-20,233
2000-12-21,231
2000-12-22,227
2000-12-25,227
2000-12-26,228
2000-12-27,220
2000-12-28,215
2000-12-29,220
2001-01-01,220
2001-01-02,222
2001-01-03,203
2001-01-04,214
2001-01-05,216
2001-01-08,213
2001-01-09,212
2001-01-10,212
2001-01-11,212
2001-01-12,211
2001-01-15,211
2001-01-16,211
2001-01-17,211
2001-01-18,212
2001-01-19,212
2001-01-22,211
2001-01-23,211
2001-01-24,212
2001-01-25,210
2001-01-26,208
2001-01-29,207
2001-01-30,207
2001-01-31,205
2001-02-01,193
2001-02-02,189
2001-02-05,190
2001-02-06,190
2001-02-07,199
2001-02-08,198
2001-02-09,181
2001-02-12,179
2001-02-13,186
2001-02-14,182
2001-02-15,184
2001-02-16,184
2001-02-19,184
2001-02-20,185
2001-02-21,185
2001-02-22,192
2001-02-23,193
2001-02-26,192
2001-02-27,190
2001-02-28,192
2001-03-01,189
2001-03-02,188
2001-03-05,191
2001-03-06,192
2001-03-07,187
2001-03-08,187
2001-03-09,185
2001-03-12,187
2001-03-13,188
2001-03-14,190
2001-03-15,192
2001-03-16,195
2001-03-19,189
2001-03-20,194
2001-03-21,194
2001-03-22,194
2001-03-23,191
2001-03-26,194
2001-03-27,194
2001-03-28,185
2001-03-29,179
2001-03-30,189
2001-04-02,178
2001-04-03,183
2001-04-04,180
2001-04-05,177
2001-04-06,179
2001-04-09,185
2001-04-10,176
2001-04-11,181
2001-04-12,172
2001-04-13,172
2001-04-16,167
2001-04-17,177
2001-04-18,179
2001-04-19,181
2001-04-20,177
2001-04-23,175
2001-04-24,180
2001-04-25,173
2001-04-26,187
2001-04-27,134
2001-04-30,181
2001-05-01,178
2001-05-02,178
2001-05-03,180
2001-05-04,171
2001-05-07,181
2001-05-08,179
2001-05-09,186
2001-05-10,176
2001-05-11,172
2001-05-14,181
2001-05-15,182
2001-05-16,182
2001-05-17,187
2001-05-18,182
2001-05-21,178
2001-05-22,178
2001-05-23,176
2001-05-24,166
2001-05-25,178
2001-05-28,178
2001-05-29,177
2001-05-30,179
2001-05-31,184
2001-06-01,184
2001-06-04,181
2001-06-05,180
2001-06-06,179
2001-06-07,174
2001-06-08,176
2001-06-11,177
2001-06-12,181
2001-06-13,178
2001-06-14,174
2001-06-15,172
2001-06-18,174
2001-06-19,190
2001-06-20,185
2001-06-21,185
2001-06-22,189
2001-06-25,179
2001-06-26,179
2001-06-27,169
2001-06-28,169
2001-06-29,169
2001-07-02,171
2001-07-03,173
2001-07-04,173
2001-07-05,169
2001-07-06,164
2001-07-09,169
2001-07-10,170
2001-07-11,182
2001-07-12,182
2001-07-13,187
2001-07-16,183
2001-07-17,180
2001-07-18,181
2001-07-19,180
2001-07-20,178
2001-07-23,174
2001-07-24,174
2001-07-25,174
2001-07-26,178
2001-07-27,181
2001-07-30,181
2001-07-31,184
2001-08-01,180
2001-08-02,180
2001-08-03,180
2001-08-06,180
2001-08-07,177
2001-08-08,197
2001-08-09,181
2001-08-10,186
2001-08-13,187
2001-08-14,187
2001-08-15,178
2001-08-16,180
2001-08-17,180
2001-08-20,180
2001-08-21,184
2001-08-22,183
2001-08-23,183
2001-08-24,184
2001-08-27,183
2001-08-28,184
2001-08-29,184
2001-08-30,184
2001-08-31,195
2001-09-03,195
2001-09-04,196
2001-09-05,197
2001-09-06,197
2001-09-07,198
2001-09-10,199
2001-09-11,199
2001-09-12,199
2001-09-13,201
2001-09-14,232
2001-09-17,214
2001-09-18,225
2001-09-19,236
2001-09-20,236
2001-09-21,233
2001-09-24,232
2001-09-25,233
2001-09-26,233
2001-09-27,232
2001-09-28,220
2001-10-01,222
2001-10-02,228
2001-10-03,230
2001-10-04,231
2001-10-05,238
2001-10-08,238
2001-10-09,236
2001-10-10,236
2001-10-11,241
2001-10-12,228
2001-10-15,229
2001-10-16,229
2001-10-17,226
2001-10-18,227
2001-10-19,226
2001-10-22,216
2001-10-23,215
2001-10-24,214
2001-10-25,216
2001-10-26,216
2001-10-29,217
2001-10-30,228
2001-10-31,244
2001-11-01,229
2001-11-02,235
2001-11-05,233
2001-11-06,231
2001-11-07,220
2001-11-08,220
2001-11-09,206
2001-11-12,206
2001-11-13,206
2001-11-14,203
2001-11-15,203
2001-11-16,196
2001-11-19,192
2001-11-20,187
2001-11-21,188
2001-11-22,188
2001-11-23,187
2001-11-26,186
2001-11-27,182
2001-11-28,177
2001-11-29,185
2001-11-30,192
2001-12-03,200
2001-12-04,195
2001-12-05,176
2001-12-06,160
2001-12-07,179
2001-12-10,178
2001-12-11,178
2001-12-12,178
2001-12-13,176
2001-12-14,179
2001-12-17,174
2001-12-18,170
2001-12-19,173
2001-12-20,173
2001-12-21,173
2001-12-24,174
2001-12-25,174
2001-12-26,173
2001-12-27,173
2001-12-28,169
2001-12-31,175
2002-01-01,175
2002-01-02,172
2002-01-03,170
2002-01-04,167
2002-01-07,167
2002-01-08,170
2002-01-09,171
2002-01-10,170
2002-01-11,178
2002-01-14,186
2002-01-15,185
2002-01-16,188
2002-01-17,184
2002-01-18,186
2002-01-21,186
2002-01-22,182
2002-01-23,182
2002-01-24,172
2002-01-25,166
2002-01-28,169
2002-01-29,170
2002-01-30,168
2002-01-31,169
2002-02-01,171
2002-02-04,170
2002-02-05,170
2002-02-06,174
2002-02-07,175
2002-02-08,171
2002-02-11,174
2002-02-12,175
2002-02-13,170
2002-02-14,166
2002-02-15,155
2002-02-18,155
2002-02-19,152
2002-02-20,164
2002-02-21,162
2002-02-22,162
2002-02-25,163
2002-02-26,177
2002-02-27,172
2002-02-28,173
2002-03-01,158
2002-03-04,157
2002-03-05,153
2002-03-06,151
2002-03-07,147
2002-03-08,143
2002-03-11,142
2002-03-12,137
2002-03-13,136
2002-03-14,134
2002-03-15,132
2002-03-18,132
2002-03-19,133
2002-03-20,130
2002-03-21,126
2002-03-22,123
2002-03-25,122
2002-03-26,123
2002-03-27,122
2002-03-28,120
2002-03-29,120
2002-04-01,118
2002-04-02,123
2002-04-03,123
2002-04-04,119
2002-04-05,120
2002-04-08,120
2002-04-09,120
2002-04-10,122
2002-04-11,122
2002-04-12,128
2002-04-15,129
2002-04-16,128
2002-04-17,128
2002-04-18,123
2002-04-19,120
2002-04-22,121
2002-04-23,121
2002-04-24,127
2002-04-25,131
2002-04-26,134
2002-04-29,137
2002-04-30,137
2002-05-01,134
2002-05-02,139
2002-05-03,145
2002-05-06,145
2002-05-07,142
2002-05-08,140
2002-05-09,143
2002-05-10,141
2002-05-13,139
2002-05-14,140
2002-05-15,140
2002-05-16,139
2002-05-17,136
2002-05-20,136
2002-05-21,134
2002-05-22,134
2002-05-23,138
2002-05-24,139
2002-05-27,139
2002-05-28,140
2002-05-29,140
2002-05-30,151
2002-05-31,143
2002-06-03,143
2002-06-04,144
2002-06-05,148
2002-06-06,151
2002-06-07,156
2002-06-10,156
2002-06-11,157
2002-06-12,153
2002-06-13,154
2002-06-14,155
2002-06-17,158
2002-06-18,159
2002-06-19,159
2002-06-20,173
2002-06-21,184
2002-06-24,204
2002-06-25,201
2002-06-26,202
2002-06-27,209
2002-06-28,209
2002-07-01,205
2002-07-02,206
2002-07-03,217
2002-07-04,217
2002-07-05,216
2002-07-08,215
2002-07-09,212
2002-07-10,202
2002-07-11,194
2002-07-12,188
2002-07-15,188
2002-07-16,194
2002-07-17,190
2002-07-18,184
2002-07-19,181
2002-07-22,181
2002-07-23,182
2002-07-24,192
2002-07-25,208
2002-07-26,220
2002-07-29,219
2002-07-30,226
2002-07-31,232
2002-08-01,234
2002-08-02,208
2002-08-05,209
2002-08-06,211
2002-08-07,219
2002-08-08,209
2002-08-09,209
2002-08-12,200
2002-08-13,213
2002-08-14,215
2002-08-15,224
2002-08-16,227
2002-08-19,212
2002-08-20,213
2002-08-21,209
2002-08-22,207
2002-08-23,208
2002-08-26,208
2002-08-27,209
2002-08-28,209
2002-08-29,209
2002-08-30,192
2002-09-02,192
2002-09-03,197
2002-09-04,185
2002-09-05,190
2002-09-06,190
2002-09-09,189
2002-09-10,193
2002-09-11,191
2002-09-12,192
2002-09-13,192
2002-09-16,192
2002-09-17,189
2002-09-18,189
2002-09-19,205
2002-09-20,211
2002-09-23,212
2002-09-24,211
2002-09-25,216
2002-09-26,215
2002-09-27,217
2002-09-30,218
2002-10-01,234
2002-10-02,233
2002-10-03,216
2002-10-04,216
2002-10-07,208
2002-10-08,207
2002-10-09,218
2002-10-10,239
2002-10-11,250
2002-10-14,250
2002-10-15,252
2002-10-16,252
2002-10-17,260
2002-10-18,238
2002-10-21,228
2002-10-22,228
2002-10-23,218
2002-10-24,217
2002-10-25,219
2002-10-28,219
2002-10-29,219
2002-10-30,218
2002-10-31,219
2002-11-01,219
2002-11-04,220
2002-11-05,209
2002-11-06,207
2002-11-07,206
2002-11-08,207
2002-11-11,207
2002-11-12,206
2002-11-13,211
2002-11-14,204
2002-11-15,203
2002-11-18,202
2002-11-19,190
2002-11-20,189
2002-11-21,188
2002-11-22,186
2002-11-25,180
2002-11-26,175
2002-11-27,180
2002-11-28,180
2002-11-29,178
2002-12-02,179
2002-12-03,166
2002-12-04,170
2002-12-05,168
2002-12-06,172
2002-12-09,172
2002-12-10,172
2002-12-11,172
2002-12-12,168
2002-12-13,169
2002-12-16,170
2002-12-17,171
2002-12-18,169
2002-12-19,166
2002-12-20,162
2002-12-23,160
2002-12-24,161
2002-12-25,161
2002-12-26,162
2002-12-27,160
2002-12-30,161
2002-12-31,176
2003-01-01,176
2003-01-02,161
2003-01-03,160
2003-01-06,166
2003-01-07,168
2003-01-08,165
2003-01-09,163
2003-01-10,163
2003-01-13,163
2003-01-14,164
2003-01-15,160
2003-01-16,161
2003-01-17,162
2003-01-20,162
2003-01-21,168
2003-01-22,168
2003-01-23,175
2003-01-24,173
2003-01-27,181
2003-01-28,183
2003-01-29,178
2003-01-30,172
2003-01-31,171
2003-02-03,166
2003-02-04,166
2003-02-05,167
2003-02-06,165
2003-02-07,164
2003-02-10,163
2003-02-11,159
2003-02-12,159
2003-02-13,159
2003-02-14,164
2003-02-17,164
2003-02-18,165
2003-02-19,166
2003-02-20,167
2003-02-21,166
2003-02-24,164
2003-02-25,164
2003-02-26,165
2003-02-27,168
2003-02-28,167
2003-03-03,168
2003-03-04,169
2003-03-05,171
2003-03-06,171
2003-03-07,171
2003-03-10,172
2003-03-11,176
2003-03-12,177
2003-03-13,172
2003-03-14,171
2003-03-17,168
2003-03-18,170
2003-03-19,170
2003-03-20,172
2003-03-21,165
2003-03-24,156
2003-03-25,155
2003-03-26,156
2003-03-27,155
2003-03-28,155
2003-03-31,156
2003-04-01,157
2003-04-02,150
2003-04-03,146
2003-04-04,146
2003-04-07,139
2003-04-08,138
2003-04-09,142
2003-04-10,149
2003-04-11,150
2003-04-14,146
2003-04-15,142
2003-04-16,142
2003-04-17,141
2003-04-18,141
2003-04-21,142
2003-04-22,140
2003-04-23,137
2003-04-24,133
2003-04-25,128
2003-04-28,132
2003-04-29,133
2003-04-30,135
2003-05-01,132
2003-05-02,132
2003-05-05,132
2003-05-06,129
2003-05-07,125
2003-05-08,121
2003-05-09,118
2003-05-12,118
2003-05-13,116
2003-05-14,117
2003-05-15,121
2003-05-16,127
2003-05-19,129
2003-05-20,133
2003-05-21,135
2003-05-22,132
2003-05-23,131
2003-05-26,131
2003-05-27,127
2003-05-28,126
2003-05-29,126
2003-05-30,129
2003-06-02,130
2003-06-03,129
2003-06-04,129
2003-06-05,128
2003-06-06,129
2003-06-09,129
2003-06-10,129
2003-06-11,128
2003-06-12,127
2003-06-13,126
2003-06-16,127
2003-06-17,127
2003-06-18,129
2003-06-19,132
2003-06-20,127
2003-06-23,132
2003-06-24,133
2003-06-25,133
2003-06-26,129
2003-06-27,129
2003-06-30,129
2003-07-01,129
2003-07-02,130
2003-07-03,129
2003-07-04,129
2003-07-07,130
2003-07-08,121
2003-07-09,119
2003-07-10,119
2003-07-11,118
2003-07-14,117
2003-07-15,122
2003-07-16,118
2003-07-17,117
2003-07-18,116
2003-07-21,120
2003-07-22,120
2003-07-23,120
2003-07-24,119
2003-07-25,119
2003-07-28,117
2003-07-29,117
2003-07-30,119
2003-07-31,117
2003-08-01,132
2003-08-04,134
2003-08-05,133
2003-08-06,134
2003-08-07,128
2003-08-08,122
2003-08-11,131
2003-08-12,123
2003-08-13,119
2003-08-14,119
2003-08-15,119
2003-08-18,119
2003-08-19,118
2003-08-20,117
2003-08-21,106
2003-08-22,109
2003-08-25,109
2003-08-26,110
2003-08-27,104
2003-08-28,105
2003-08-29,104
2003-09-01,104
2003-09-02,103
2003-09-03,103
2003-09-04,102
2003-09-05,104
2003-09-08,107
2003-09-09,108
2003-09-10,108
2003-09-11,107
2003-09-12,110
2003-09-15,111
2003-09-16,113
2003-09-17,112
2003-09-18,111
2003-09-19,110
2003-09-22,113
2003-09-23,114
2003-09-24,113
2003-09-25,107
2003-09-26,107
2003-09-29,106
2003-09-30,102
2003-10-01,103
2003-10-02,105
2003-10-03,105
2003-10-06,106
2003-10-07,106
2003-10-08,100
2003-10-09,100
2003-10-10,98
2003-10-13,98
2003-10-14,97
2003-10-15,97
2003-10-16,92
2003-10-17,89
2003-10-20,89
2003-10-21,90
2003-10-22,90
2003-10-23,96
2003-10-24,95
2003-10-27,94
2003-10-28,96
2003-10-29,96
2003-10-30,94
2003-10-31,91
2003-11-03,90
2003-11-04,91
2003-11-05,89
2003-11-06,90
2003-11-07,91
2003-11-10,91
2003-11-11,91
2003-11-12,84
2003-11-13,82
2003-11-14,83
2003-11-17,84
2003-11-18,84
2003-11-19,88
2003-11-20,85
2003-11-21,87
2003-11-24,86
2003-11-25,87
2003-11-26,90
2003-11-27,88
2003-11-28,88
2003-12-01,87
2003-12-02,87
2003-12-03,86
2003-12-04,82
2003-12-05,92
2003-12-08,85
2003-12-09,85
2003-12-10,83
2003-12-11,85
2003-12-12,85
2003-12-15,87
2003-12-16,88
2003-12-17,86
2003-12-18,86
2003-12-19,85
2003-12-22,85
2003-12-23,84
2003-12-24,84
2003-12-25,84
2003-12-26,85
2003-12-29,88
2003-12-30,88
2003-12-31,90
2004-01-01,90
2004-01-02,89
2004-01-05,88
2004-01-06,86
2004-01-07,85
2004-01-08,85
2004-01-09,83
2004-01-12,84
2004-01-13,86
2004-01-14,87
2004-01-15,85
2004-01-16,88
2004-01-19,88
2004-01-20,89
2004-01-21,90
2004-01-22,92
2004-01-23,91
2004-01-26,93
2004-01-27,91
2004-01-28,90
2004-01-29,92
2004-01-30,94
2004-02-02,97
2004-02-03,96
2004-02-04,97
2004-02-05,93
2004-02-06,96
2004-02-09,94
2004-02-10,95
2004-02-11,92
2004-02-12,90
2004-02-13,88
2004-02-16,88
2004-02-17,93
2004-02-18,92
2004-02-19,93
2004-02-20,92
2004-02-23,93
2004-02-24,92
2004-02-25,91
2004-02-26,90
2004-02-27,88
2004-03-01,89
2004-03-02,90
2004-03-03,90
2004-03-04,90
2004-03-05,92
2004-03-08,91
2004-03-09,91
2004-03-10,89
2004-03-11,88
2004-03-12,98
2004-03-15,98
2004-03-16,97
2004-03-17,97
2004-03-18,96
2004-03-19,96
2004-03-22,96
2004-03-23,93
2004-03-24,94
2004-03-25,92
2004-03-26,91
2004-03-29,90
2004-03-30,89
2004-03-31,91
2004-04-01,93
2004-04-02,91
2004-04-05,91
2004-04-06,91
2004-04-07,88
2004-04-08,88
2004-04-09,88
2004-04-12,88
2004-04-13,83
2004-04-14,81
2004-04-15,79
2004-04-16,81
2004-04-19,82
2004-04-20,81
2004-04-21,82
2004-04-22,83
2004-04-23,83
2004-04-26,83
2004-04-27,84
2004-04-28,84
2004-04-29,93
2004-04-30,92
2004-05-03,94
2004-05-04,100
2004-05-05,97
2004-05-06,113
2004-05-07,108
2004-05-10,111
2004-05-11,102
2004-05-12,100
2004-05-13,99
2004-05-14,96
2004-05-17,96
2004-05-18,95
2004-05-19,93
2004-05-20,93
2004-05-21,93
2004-05-24,91
2004-05-25,92
2004-05-26,92
2004-05-27,93
2004-05-28,92
2004-05-31,91
2004-06-01,91
2004-06-02,91
2004-06-03,90
2004-06-04,87
2004-06-07,87
2004-06-08,88
2004-06-09,86
2004-06-10,86
2004-06-11,86
2004-06-14,86
2004-06-15,87
2004-06-16,84
2004-06-17,83
2004-06-18,83
2004-06-21,83
2004-06-22,84
2004-06-23,85
2004-06-24,85
2004-06-25,85
2004-06-28,85
2004-06-29,86
2004-06-30,83
2004-07-01,85
2004-07-02,87
2004-07-05,87
2004-07-06,87
2004-07-07,86
2004-07-08,86
2004-07-09,85
2004-07-12,85
2004-07-13,85
2004-07-14,84
2004-07-15,85
2004-07-16,85
2004-07-19,85
2004-07-20,84
2004-07-21,84
2004-07-22,85
2004-07-23,84
2004-07-26,84
2004-07-27,86
2004-07-28,86
2004-07-29,82
2004-07-30,80
2004-08-02,80
2004-08-03,79
2004-08-04,77
2004-08-05,77
2004-08-06,80
2004-08-09,79
2004-08-10,79
2004-08-11,76
2004-08-12,75
2004-08-13,73
2004-08-16,72
2004-08-17,71
2004-08-18,68
2004-08-19,69
2004-08-20,68
2004-08-23,69
2004-08-24,70
2004-08-25,70
2004-08-26,71
2004-08-27,69
2004-08-30,70
2004-08-31,70
2004-09-01,70
2004-09-02,71
2004-09-03,71
2004-09-06,71
2004-09-07,71
2004-09-08,70
2004-09-09,70
2004-09-10,71
2004-09-13,72
2004-09-14,72
2004-09-15,72
2004-09-16,72
2004-09-17,72
2004-09-20,72
2004-09-21,72
2004-09-22,71
2004-09-23,71
2004-09-24,72
2004-09-27,75
2004-09-28,75
2004-09-29,77
2004-09-30,78
2004-10-01,78
2004-10-04,78
2004-10-05,77
2004-10-06,77
2004-10-07,77
2004-10-08,76
2004-10-11,76
2004-10-12,74
2004-10-13,74
2004-10-14,76
2004-10-15,77
2004-10-18,77
2004-10-19,77
2004-10-20,79
2004-10-21,78
2004-10-22,79
2004-10-25,79
2004-10-26,81
2004-10-27,81
2004-10-28,80
2004-10-29,81
2004-11-01,80
2004-11-02,81
2004-11-03,78
2004-11-04,77
2004-11-05,77
2004-11-08,74
2004-11-09,74
2004-11-10,71
2004-11-11,71
2004-11-12,72
2004-11-15,72
2004-11-16,70
2004-11-17,70
2004-11-18,69
2004-11-19,70
2004-11-22,70
2004-11-23,69
2004-11-24,68
2004-11-25,68
2004-11-26,68
2004-11-29,69
2004-11-30,73
2004-12-01,70
2004-12-02,69
2004-12-03,69
2004-12-06,69
2004-12-07,68
2004-12-08,68
2004-12-09,68
2004-12-10,69
2004-12-13,68
2004-12-14,68
2004-12-15,67
2004-12-16,68
2004-12-17,66
2004-12-20,67
2004-12-21,67
2004-12-22,67
2004-12-23,68
2004-12-24,68
2004-12-27,67
2004-12-28,69
2004-12-29,67
2004-12-30,64
2004-12-31,64
2005-01-03,61
2005-01-04,62
2005-01-05,63
2005-01-06,63
2005-01-07,62
2005-01-10,62
2005-01-11,62
2005-01-12,62
2005-01-13,63
2005-01-14,62
2005-01-17,62
2005-01-18,62
2005-01-19,63
2005-01-20,66
2005-01-21,69
2005-01-24,64
2005-01-25,63
2005-01-26,61
2005-01-27,61
2005-01-28,60
2005-01-31,60
2005-02-01,60
2005-02-02,62
2005-02-03,62
2005-02-04,61
2005-02-07,62
2005-02-08,60
2005-02-09,61
2005-02-10,61
2005-02-11,63
2005-02-14,59
2005-02-15,58
2005-02-16,58
2005-02-17,60
2005-02-18,61
2005-02-21,61
2005-02-22,62
2005-02-23,62
2005-02-24,61
2005-02-25,59
2005-02-28,59
2005-03-01,60
2005-03-02,60
2005-03-03,60
2005-03-04,60
2005-03-07,57
2005-03-08,57
2005-03-09,59
2005-03-10,58
2005-03-11,60
2005-03-14,61
2005-03-15,63
2005-03-16,68
2005-03-17,69
2005-03-18,70
2005-03-21,70
2005-03-22,70
2005-03-23,75
2005-03-24,75
2005-03-25,75
2005-03-28,75
2005-03-29,72
2005-03-30,71
2005-03-31,71
2005-04-01,70
2005-04-04,71
2005-04-05,71
2005-04-06,71
2005-04-07,70
2005-04-08,68
2005-04-11,69
2005-04-12,68
2005-04-13,68
2005-04-14,70
2005-04-15,70
2005-04-18,73
2005-04-19,73
2005-04-20,72
2005-04-21,71
2005-04-22,71
2005-04-25,70
2005-04-26,71
2005-04-27,71
2005-04-28,71
2005-04-29,72
2005-05-02,73
2005-05-03,72
2005-05-04,72
2005-05-05,72
2005-05-06,69
2005-05-09,67
2005-05-10,67
2005-05-11,69
2005-05-12,68
2005-05-13,70
2005-05-16,72
2005-05-17,74
2005-05-18,74
2005-05-19,72
2005-05-20,73
2005-05-23,71
2005-05-24,69
2005-05-25,70
2005-05-26,69
2005-05-27,69
2005-05-30,69
2005-05-31,68
2005-06-01,67
2005-06-02,66
2005-06-03,66
2005-06-06,64
2005-06-07,65
2005-06-08,67
2005-06-09,66
2005-06-10,66
2005-06-13,68
2005-06-14,68
2005-06-15,68
2005-06-16,69
2005-06-17,67
2005-06-20,67
2005-06-21,66
2005-06-22,64
2005-06-23,65
2005-06-24,66
2005-06-27,66
2005-06-28,64
2005-06-29,62
2005-06-30,60
2005-07-01,65
2005-07-04,65
2005-07-05,61
2005-07-06,62
2005-07-07,62
2005-07-08,61
2005-07-11,60
2005-07-12,60
2005-07-13,59
2005-07-14,59
2005-07-15,58
2005-07-18,58
2005-07-19,58
2005-07-20,58
2005-07-21,58
2005-07-22,57
2005-07-25,57
2005-07-26,57
2005-07-27,57
2005-07-28,57
2005-07-29,56
2005-08-01,57
2005-08-02,57
2005-08-03,57
2005-08-04,57
2005-08-05,56
2005-08-08,56
2005-08-09,55
2005-08-10,52
2005-08-11,55
2005-08-12,54
2005-08-15,54
2005-08-16,54
2005-08-17,54
2005-08-18,54
2005-08-19,55
2005-08-22,56
2005-08-23,55
2005-08-24,55
2005-08-25,53
2005-08-26,52
2005-08-29,52
2005-08-30,58
2005-08-31,55
2005-09-01,58
2005-09-02,58
2005-09-05,58
2005-09-06,57
2005-09-07,59
2005-09-08,56
2005-09-09,56
2005-09-12,56
2005-09-13,55
2005-09-14,55
2005-09-15,57
2005-09-16,53
2005-09-19,56
2005-09-20,56
2005-09-21,55
2005-09-22,56
2005-09-23,56
2005-09-26,57
2005-09-27,55
2005-09-28,55
2005-09-29,56
2005-09-30,55
2005-10-03,55
2005-10-04,56
2005-10-05,55
2005-10-06,58
2005-10-07,60
2005-10-10,60
2005-10-11,60
2005-10-12,60
2005-10-13,59
2005-10-14,62
2005-10-17,63
2005-10-18,63
2005-10-19,62
2005-10-20,61
2005-10-21,61
2005-10-24,61
2005-10-25,63
2005-10-26,62
2005-10-27,61
2005-10-28,61
2005-10-31,74
2005-11-01,73
2005-11-02,74
2005-11-03,74
2005-11-04,74
2005-11-07,74
2005-11-08,74
2005-11-09,75
2005-11-10,75
2005-11-11,75
2005-11-14,74
2005-11-15,74
2005-11-16,73
2005-11-17,75
2005-11-18,74
2005-11-21,74
2005-11-22,75
2005-11-23,76
2005-11-24,76
2005-11-25,74
2005-11-28,75
2005-11-29,74
2005-11-30,74
2005-12-01,75
2005-12-02,76
2005-12-05,76
2005-12-06,75
2005-12-07,75
2005-12-08,75
2005-12-09,76
2005-12-12,77
2005-12-13,75
2005-12-14,77
2005-12-15,76
2005-12-16,78
2005-12-19,77
2005-12-20,79
2005-12-21,79
2005-12-22,78
2005-12-23,79
2005-12-26,79
2005-12-27,77
2005-12-28,78
2005-12-29,78
2005-12-30,80
2006-01-02,80
2006-01-03,79
2006-01-04,77
2006-01-05,78
2006-01-06,77
2006-01-09,78
2006-01-10,78
2006-01-11,77
2006-01-12,78
2006-01-13,78
2006-01-16,78
2006-01-17,78
2006-01-18,78
2006-01-19,76
2006-01-20,76
2006-01-23,76
2006-01-24,74
2006-01-25,74
2006-01-26,73
2006-01-27,74
2006-01-30,73
2006-01-31,73
2006-02-01,74
2006-02-02,73
2006-02-03,71
2006-02-06,71
2006-02-07,71
2006-02-08,71
2006-02-09,72
2006-02-10,72
2006-02-13,72
2006-02-14,72
2006-02-15,71
2006-02-16,71
2006-02-17,71
2006-02-20,71
2006-02-21,71
2006-02-22,70
2006-02-23,69
2006-02-24,68
2006-02-27,67
2006-02-28,68
2006-03-01,67
2006-03-02,68
2006-03-03,68
2006-03-06,68
2006-03-07,70
2006-03-08,72
2006-03-09,72
2006-03-10,72
2006-03-13,72
2006-03-14,72
2006-03-15,72
2006-03-16,72
2006-03-17,72
2006-03-20,72
2006-03-21,72
2006-03-22,72
2006-03-23,71
2006-03-24,72
2006-03-27,72
2006-03-28,72
2006-03-29,72
2006-03-30,72
2006-03-31,73
2006-04-03,72
2006-04-04,72
2006-04-05,73
2006-04-06,76
2006-04-07,76
2006-04-10,77
2006-04-11,77
2006-04-12,77
2006-04-13,79
2006-04-14,79
2006-04-17,79
2006-04-18,79
2006-04-19,79
2006-04-20,78
2006-04-21,78
2006-04-24,78
2006-04-25,78
2006-04-26,78
2006-04-27,78
2006-04-28,78
2006-05-01,78
2006-05-02,78
2006-05-03,77
2006-05-04,77
2006-05-05,75
2006-05-08,75
2006-05-09,74
2006-05-10,73
2006-05-11,73
2006-05-12,74
2006-05-15,75
2006-05-16,73
2006-05-17,76
2006-05-18,77
2006-05-19,78
2006-05-22,80
2006-05-23,77
2006-05-24,78
2006-05-25,82
2006-05-26,83
2006-05-29,83
2006-05-30,82
2006-05-31,85
2006-06-01,85
2006-06-02,85
2006-06-05,82
2006-06-06,82
2006-06-07,82
2006-06-08,83
2006-06-09,83
2006-06-12,80
2006-06-13,84
2006-06-14,82
2006-06-15,82
2006-06-16,82
2006-06-19,81
2006-06-20,80
2006-06-21,81
2006-06-22,81
2006-06-23,81
2006-06-26,83
2006-06-27,83
2006-06-28,82
2006-06-29,84
2006-06-30,83
2006-07-03,83
2006-07-04,83
2006-07-05,83
2006-07-06,82
2006-07-07,83
2006-07-10,82
2006-07-11,83
2006-07-12,82
2006-07-13,82
2006-07-14,82
2006-07-17,82
2006-07-18,82
2006-07-19,83
2006-07-20,83
2006-07-21,83
2006-07-24,85
2006-07-25,84
2006-07-26,84
2006-07-27,87
2006-07-28,89
2006-07-31,88
2006-08-01,88
2006-08-02,87
2006-08-03,87
2006-08-04,88
2006-08-07,87
2006-08-08,88
2006-08-09,88
2006-08-10,88
2006-08-11,88
2006-08-14,87
2006-08-15,90
2006-08-16,87
2006-08-17,86
2006-08-18,86
2006-08-21,86
2006-08-22,86
2006-08-23,86
2006-08-24,86
2006-08-25,86
2006-08-28,85
2006-08-29,85
2006-08-30,85
2006-08-31,85
2006-09-01,84
2006-09-04,84
2006-09-05,84
2006-09-06,84
2006-09-07,84
2006-09-08,85
2006-09-11,85
2006-09-12,85
2006-09-13,85
2006-09-14,85
2006-09-15,84
2006-09-18,84
2006-09-19,84
2006-09-20,84
2006-09-21,84
2006-09-22,87
2006-09-25,84
2006-09-26,85
2006-09-27,85
2006-09-28,85
2006-09-29,85
2006-10-02,84
2006-10-03,84
2006-10-04,83
2006-10-05,82
2006-10-06,83
2006-10-09,83
2006-10-10,82
2006-10-11,82
2006-10-12,82
2006-10-13,82
2006-10-16,82
2006-10-17,82
2006-10-18,82
2006-10-19,82
2006-10-20,82
2006-10-23,82
2006-10-24,82
2006-10-25,80
2006-10-26,80
2006-10-27,81
2006-10-30,80
2006-10-31,81
2006-11-01,81
2006-11-02,79
2006-11-03,78
2006-11-06,78
2006-11-07,78
2006-11-08,78
2006-11-09,78
2006-11-10,79
2006-11-13,78
2006-11-14,78
2006-11-15,77
2006-11-16,77
2006-11-17,78
2006-11-20,77
2006-11-21,77
2006-11-22,78
2006-11-23,78
2006-11-24,77
2006-11-27,78
2006-11-28,78
2006-11-29,79
2006-11-30,90
2006-12-01,90
2006-12-04,89
2006-12-05,90
2006-12-06,89
2006-12-07,89
2006-12-08,89
2006-12-11,89
2006-12-12,89
2006-12-13,89
2006-12-14,88
2006-12-15,85
2006-12-18,85
2006-12-19,85
2006-12-20,85
2006-12-21,82
2006-12-22,83
2006-12-25,83
2006-12-26,84
2006-12-27,83
2006-12-28,83
2006-12-29,84
2007-01-01,84
2007-01-02,84
2007-01-03,83
2007-01-04,83
2007-01-05,82
2007-01-08,81
2007-01-09,82
2007-01-10,84
2007-01-11,84
2007-01-12,84
2007-01-15,84
2007-01-16,84
2007-01-17,83
2007-01-18,82
2007-01-19,80
2007-01-22,80
2007-01-23,79
2007-01-24,79
2007-01-25,78
2007-01-26,79
2007-01-29,79
2007-01-30,79
2007-01-31,78
2007-02-01,80
2007-02-02,80
2007-02-05,80
2007-02-06,80
2007-02-07,81
2007-02-08,80
2007-02-09,81
2007-02-12,81
2007-02-13,81
2007-02-14,81
2007-02-15,80
2007-02-16,79
2007-02-19,79
2007-02-20,78
2007-02-21,78
2007-02-22,78
2007-02-23,78
2007-02-26,79
2007-02-27,83
2007-02-28,84
2007-03-01,84
2007-03-02,84
2007-03-05,85
2007-03-06,85
2007-03-07,87
2007-03-08,87
2007-03-09,86
2007-03-12,87
2007-03-13,88
2007-03-14,88
2007-03-15,87
2007-03-16,86
2007-03-19,87
2007-03-20,87
2007-03-21,87
2007-03-22,87
2007-03-23,85
2007-03-26,86
2007-03-27,86
2007-03-28,86
2007-03-29,86
2007-03-30,85
2007-04-02,84
2007-04-03,84
2007-04-04,84
2007-04-05,86
2007-04-06,84
2007-04-09,84
2007-04-10,83
2007-04-11,83
2007-04-12,82
2007-04-13,82
2007-04-16,83
2007-04-17,82
2007-04-18,81
2007-04-19,81
2007-04-20,81
2007-04-23,80
2007-04-24,80
2007-04-25,81
2007-04-26,80
2007-04-27,80
2007-04-30,79
2007-05-01,80
2007-05-02,79
2007-05-03,79
2007-05-04,80
2007-05-07,80
2007-05-08,80
2007-05-09,80
2007-05-10,80
2007-05-11,81
2007-05-14,80
2007-05-15,80
2007-05-16,80
2007-05-17,80
2007-05-18,80
2007-05-21,79
2007-05-22,80
2007-05-23,79
2007-05-24,79
2007-05-25,79
2007-05-28,79
2007-05-29,80
2007-05-30,79
2007-05-31,80
2007-06-01,80
2007-06-04,80
2007-06-05,79
2007-06-06,80
2007-06-07,80
2007-06-08,80
2007-06-11,80
2007-06-12,80
2007-06-13,79
2007-06-14,82
2007-06-15,80
2007-06-18,79
2007-06-19,80
2007-06-20,80
2007-06-21,79
2007-06-22,80
2007-06-25,80
2007-06-26,81
2007-06-27,82
2007-06-28,82
2007-06-29,83
2007-07-02,83
2007-07-03,87
2007-07-04,87
2007-07-05,88
2007-07-06,83
2007-07-09,83
2007-07-10,83
2007-07-11,83
2007-07-12,84
2007-07-13,86
2007-07-16,84
2007-07-17,81
2007-07-18,84
2007-07-19,84
2007-07-20,85
2007-07-23,85
2007-07-24,85
2007-07-25,88
2007-07-26,115
2007-07-27,110
2007-07-30,115
2007-07-31,110
2007-08-01,110
2007-08-02,108
2007-08-03,104
2007-08-06,103
2007-08-07,105
2007-08-08,102
2007-08-09,96
2007-08-10,108
2007-08-13,108
2007-08-14,108
2007-08-15,111
2007-08-16,112
2007-08-17,109
2007-08-20,110
2007-08-21,110
2007-08-22,109
2007-08-23,109
2007-08-24,108
2007-08-27,107
2007-08-28,110
2007-08-29,114
2007-08-30,113
2007-08-31,107
2007-09-03,107
2007-09-04,113
2007-09-05,115
2007-09-06,115
2007-09-07,112
2007-09-10,126
2007-09-11,125
2007-09-12,123
2007-09-13,123
2007-09-14,124
2007-09-17,123
2007-09-18,121
2007-09-19,123
2007-09-20,123
2007-09-21,121
2007-09-24,122
2007-09-25,122
2007-09-26,123
2007-09-27,124
2007-09-28,124
2007-10-01,126
2007-10-02,125
2007-10-03,125
2007-10-04,126
2007-10-05,126
2007-10-08,126
2007-10-09,122
2007-10-10,123
2007-10-11,116
2007-10-12,117
2007-10-15,116
2007-10-16,114
2007-10-17,115
2007-10-18,112
2007-10-19,112
2007-10-22,112
2007-10-23,111
2007-10-24,113
2007-10-25,114
2007-10-26,113
2007-10-29,112
2007-10-30,113
2007-10-31,112
2007-11-01,110
2007-11-02,115
2007-11-05,115
2007-11-06,115
2007-11-07,116
2007-11-08,124
2007-11-09,123
2007-11-12,123
2007-11-13,130
2007-11-14,132
2007-11-15,129
2007-11-16,136
2007-11-19,135
2007-11-20,146
2007-11-21,152
2007-11-22,152
2007-11-23,151
2007-11-26,150
2007-11-27,152
2007-11-28,153
2007-11-29,147
2007-11-30,143
2007-12-03,146
2007-12-04,149
2007-12-05,151
2007-12-06,157
2007-12-07,161
2007-12-10,155
2007-12-11,152
2007-12-12,159
2007-12-13,154
2007-12-14,155
2007-12-17,152
2007-12-18,154
2007-12-19,155
2007-12-20,153
2007-12-21,154
2007-12-24,147
2007-12-25,147
2007-12-26,151
2007-12-27,152
2007-12-28,146
2007-12-31,151
2008-01-01,151
2008-01-02,151
2008-01-03,152
2008-01-04,155
2008-01-07,154
2008-01-08,154
2008-01-09,159
2008-01-10,161
2008-01-11,159
2008-01-14,160
2008-01-15,165
2008-01-16,167
2008-01-17,165
2008-01-18,166
2008-01-21,166
2008-01-22,174
2008-01-23,184
2008-01-24,176
2008-01-25,171
2008-01-28,170
2008-01-29,171
2008-01-30,172
2008-01-31,171
2008-02-01,171
2008-02-04,168
2008-02-05,170
2008-02-06,171
2008-02-07,169
2008-02-08,167
2008-02-11,165
2008-02-12,165
2008-02-13,165
2008-02-14,171
2008-02-15,169
2008-02-18,169
2008-02-19,177
2008-02-20,166
2008-02-21,171
2008-02-22,170
2008-02-25,169
2008-02-26,170
2008-02-27,171
2008-02-28,171
2008-02-29,166
2008-03-03,166
2008-03-04,161
2008-03-05,166
2008-03-06,164
2008-03-07,169
2008-03-10,168
2008-03-11,169
2008-03-12,168
2008-03-13,169
2008-03-14,166
2008-03-17,169
2008-03-18,173
2008-03-19,173
2008-03-20,169
2008-03-21,169
2008-03-24,173
2008-03-25,172
2008-03-26,173
2008-03-27,171
2008-03-28,170
2008-03-31,176
2008-04-01,176
2008-04-02,174
2008-04-03,175
2008-04-04,174
2008-04-07,174
2008-04-08,174
2008-04-09,175
2008-04-10,176
2008-04-11,175
2008-04-14,176
2008-04-15,175
2008-04-16,175
2008-04-17,173
2008-04-18,172
2008-04-21,171
2008-04-22,171
2008-04-23,170
2008-04-24,168
2008-04-25,166
2008-04-28,164
2008-04-29,164
2008-04-30,163
2008-05-01,162
2008-05-02,163
2008-05-05,159
2008-05-06,157
2008-05-07,160
2008-05-08,160
2008-05-09,161
2008-05-12,161
2008-05-13,161
2008-05-14,160
2008-05-15,160
2008-05-16,158
2008-05-19,158
2008-05-20,158
2008-05-21,159
2008-05-22,156
2008-05-23,155
2008-05-26,155
2008-05-27,157
2008-05-28,158
2008-05-29,156
2008-05-30,159
2008-06-02,160
2008-06-03,161
2008-06-04,166
2008-06-05,163
2008-06-06,164
2008-06-09,173
2008-06-10,161
2008-06-11,165
2008-06-12,170
2008-06-13,164
2008-06-16,163
2008-06-17,162
2008-06-18,165
2008-06-19,166
2008-06-20,165
2008-06-23,165
2008-06-24,165
2008-06-25,166
2008-06-26,170
2008-06-27,174
2008-06-30,177
2008-07-01,177
2008-07-02,177
2008-07-03,183
2008-07-04,183
2008-07-07,182
2008-07-08,182
2008-07-09,181
2008-07-10,185
2008-07-11,184
2008-07-14,184
2008-07-15,185
2008-07-16,187
2008-07-17,185
2008-07-18,183
2008-07-21,181
2008-07-22,181
2008-07-23,179
2008-07-24,180
2008-07-25,178
2008-07-28,175
2008-07-29,174
2008-07-30,176
2008-07-31,176
2008-08-01,176
2008-08-04,177
2008-08-05,178
2008-08-06,178
2008-08-07,177
2008-08-08,177
2008-08-11,173
2008-08-12,173
2008-08-13,175
2008-08-14,172
2008-08-15,169
2008-08-18,169
2008-08-19,169
2008-08-20,171
2008-08-21,169
2008-08-22,169
2008-08-25,168
2008-08-26,172
2008-08-27,172
2008-08-28,171
2008-08-29,169
2008-09-01,169
2008-09-02,169
2008-09-03,168
2008-09-04,167
2008-09-05,171
2008-09-08,164
2008-09-09,169
2008-09-10,175
2008-09-11,174
2008-09-12,180
2008-09-15,179
2008-09-16,208
2008-09-17,203
2008-09-18,211
2008-09-19,202
2008-09-22,187
2008-09-23,195
2008-09-24,200
2008-09-25,205
2008-09-26,205
2008-09-29,211
2008-09-30,223
2008-10-01,220
2008-10-02,217
2008-10-03,213
2008-10-06,233
2008-10-07,235
2008-10-08,260
2008-10-09,266
2008-10-10,291
2008-10-13,291
2008-10-14,258
2008-10-15,270
2008-10-16,319
2008-10-17,320
2008-10-20,319
2008-10-21,318
2008-10-22,365
2008-10-23,374
2008-10-24,383
2008-10-27,393
2008-10-28,389
2008-10-29,387
2008-10-30,367
2008-10-31,366
2008-11-03,356
2008-11-04,341
2008-11-05,353
2008-11-06,353
2008-11-07,359
2008-11-10,351
2008-11-11,351
2008-11-12,363
2008-11-13,370
2008-11-14,365
2008-11-17,361
2008-11-18,354
2008-11-19,349
2008-11-20,350
2008-11-21,347
2008-11-24,353
2008-11-25,342
2008-11-26,347
2008-11-27,347
2008-11-28,337
2008-12-01,345
2008-12-02,343
2008-12-03,346
2008-12-04,361
2008-12-05,360
2008-12-08,361
2008-12-09,361
2008-12-10,361
2008-12-11,359
2008-12-12,360
2008-12-15,360
2008-12-16,360
2008-12-17,358
2008-12-18,357
2008-12-19,356
2008-12-22,337
2008-12-23,336
2008-12-24,338
2008-12-25,338
2008-12-26,338
2008-12-29,338
2008-12-30,341
2008-12-31,343
2009-01-01,343
2009-01-02,339
2009-01-05,341
2009-01-06,342
2009-01-07,354
2009-01-08,361
2009-01-09,362
2009-01-12,362
2009-01-13,369
2009-01-14,399
2009-01-15,399
2009-01-16,400
2009-01-19,400
2009-01-20,401
2009-01-21,402
2009-01-22,403
2009-01-23,411
2009-01-26,410
2009-01-27,410
2009-01-28,409
2009-01-29,395
2009-01-30,392
2009-02-02,391
2009-02-03,389
2009-02-04,397
2009-02-05,396
2009-02-06,387
2009-02-09,378
2009-02-10,377
2009-02-11,372
2009-02-12,371
2009-02-13,361
2009-02-16,361
2009-02-17,365
2009-02-18,363
2009-02-19,357
2009-02-20,354
2009-02-23,363
2009-02-24,359
2009-02-25,358
2009-02-26,354
2009-02-27,348
2009-03-02,345
2009-03-03,351
2009-03-04,350
2009-03-05,350
2009-03-06,348
2009-03-09,348
2009-03-10,339
2009-03-11,333
2009-03-12,324
2009-03-13,323
2009-03-16,323
2009-03-17,316
2009-03-18,316
2009-03-19,311
2009-03-20,308
2009-03-23,310
2009-03-24,296
2009-03-25,288
2009-03-26,281
2009-03-27,282
2009-03-30,284
2009-03-31,286
2009-04-01,285
2009-04-02,286
2009-04-03,295
2009-04-06,302
2009-04-07,302
2009-04-08,306
2009-04-09,306
2009-04-10,306
2009-04-13,298
2009-04-14,307
2009-04-15,307
2009-04-16,307
2009-04-17,308
2009-04-20,307
2009-04-21,311
2009-04-22,312
2009-04-23,312
2009-04-24,309
2009-04-27,308
2009-04-28,307
2009-04-29,299
2009-04-30,298
2009-05-01,295
2009-05-04,296
2009-05-05,291
2009-05-06,271
2009-05-07,264
2009-05-08,264
2009-05-11,260
2009-05-12,260
2009-05-13,255
2009-05-14,255
2009-05-15,256
2009-05-18,256
2009-05-19,245
2009-05-20,236
2009-05-21,234
2009-05-22,224
2009-05-25,224
2009-05-26,210
2009-05-27,203
2009-05-28,204
2009-05-29,193
2009-06-01,195
2009-06-02,194
2009-06-03,181
2009-06-04,182
2009-06-05,180
2009-06-08,179
2009-06-09,173
2009-06-10,173
2009-06-11,168
2009-06-12,168
2009-06-15,165
2009-06-16,164
2009-06-17,166
2009-06-18,167
2009-06-19,166
2009-06-22,166
2009-06-23,168
2009-06-24,170
2009-06-25,166
2009-06-26,166
2009-06-29,166
2009-06-30,161
2009-07-01,163
2009-07-02,170
2009-07-03,170
2009-07-06,163
2009-07-07,163
2009-07-08,162
2009-07-09,163
2009-07-10,166
2009-07-13,166
2009-07-14,166
2009-07-15,167
2009-07-16,167
2009-07-17,167
2009-07-20,167
2009-07-21,167
2009-07-22,168
2009-07-23,153
2009-07-24,172
2009-07-27,167
2009-07-28,158
2009-07-29,151
2009-07-30,147
2009-07-31,147
2009-08-03,144
2009-08-04,140
2009-08-05,141
2009-08-06,134
2009-08-07,132
2009-08-10,132
2009-08-11,133
2009-08-12,133
2009-08-13,135
2009-08-14,134
2009-08-17,126
2009-08-18,126
2009-08-19,127
2009-08-20,128
2009-08-21,132
2009-08-24,133
2009-08-25,133
2009-08-26,132
2009-08-27,138
2009-08-28,147
2009-08-31,146
2009-09-01,145
2009-09-02,151
2009-09-03,158
2009-09-04,156
2009-09-07,156
2009-09-08,152
2009-09-09,150
2009-09-10,150
2009-09-11,149
2009-09-14,144
2009-09-15,142
2009-09-16,133
2009-09-17,133
2009-09-18,133
2009-09-21,137
2009-09-22,137
2009-09-23,137
2009-09-24,138
2009-09-25,135
2009-09-28,136
2009-09-29,139
2009-09-30,139
2009-10-01,140
2009-10-02,142
2009-10-05,143
2009-10-06,147
2009-10-07,146
2009-10-08,146
2009-10-09,132
2009-10-12,132
2009-10-13,145
2009-10-14,144
2009-10-15,140
2009-10-16,135
2009-10-19,135
2009-10-20,134
2009-10-21,134
2009-10-22,132
2009-10-23,133
2009-10-26,132
2009-10-27,132
2009-10-28,137
2009-10-29,140
2009-10-30,139
2009-11-02,139
2009-11-03,140
2009-11-04,139
2009-11-05,138
2009-11-06,137
2009-11-09,134
2009-11-10,130
2009-11-11,130
2009-11-12,132
2009-11-13,129
2009-11-16,129
2009-11-17,128
2009-11-18,124
2009-11-19,125
2009-11-20,124
2009-11-23,124
2009-11-24,123
2009-11-25,124
2009-11-26,124
2009-11-27,124
2009-11-30,129
2009-12-01,129
2009-12-02,129
2009-12-03,128
2009-12-04,128
2009-12-07,124
2009-12-08,124
2009-12-09,123
2009-12-10,113
2009-12-11,114
2009-12-14,112
2009-12-15,104
2009-12-16,104
2009-12-17,107
2009-12-18,107
2009-12-21,105
2009-12-22,104
2009-12-23,100
2009-12-24,97
2009-12-25,97
2009-12-28,96
2009-12-29,101
2009-12-30,98
2009-12-31,95
2010-01-01,95
2010-01-04,95
2010-01-05,94
2010-01-06,94
2010-01-07,95
2010-01-08,97
2010-01-11,98
2010-01-12,100
2010-01-13,99
2010-01-14,109
2010-01-15,115
2010-01-18,115
2010-01-19,112
2010-01-20,112
2010-01-21,112
2010-01-22,117
2010-01-25,121
2010-01-26,121
2010-01-27,120
2010-01-28,120
2010-01-29,119
2010-02-01,124
2010-02-02,123
2010-02-03,128
2010-02-04,129
2010-02-05,133
2010-02-08,133
2010-02-09,132
2010-02-10,124
2010-02-11,132
2010-02-12,133
2010-02-15,133
2010-02-16,133
2010-02-17,133
2010-02-18,132
2010-02-19,135
2010-02-22,136
2010-02-23,139
2010-02-24,138
2010-02-25,137
2010-02-26,137
2010-03-01,144
2010-03-02,142
2010-03-03,144
2010-03-04,144
2010-03-05,138
2010-03-08,137
2010-03-09,130
2010-03-10,130
2010-03-11,127
2010-03-12,128
2010-03-15,127
2010-03-16,127
2010-03-17,124
2010-03-18,123
2010-03-19,123
2010-03-22,123
2010-03-23,123
2010-03-24,122
2010-03-25,121
2010-03-26,119
2010-03-29,116
2010-03-30,117
2010-03-31,115
2010-04-01,116
2010-04-02,116
2010-04-05,110
2010-04-06,115
2010-04-07,109
2010-04-08,111
2010-04-09,111
2010-04-12,111
2010-04-13,107
2010-04-14,108
2010-04-15,108
2010-04-16,108
2010-04-19,109
2010-04-20,109
2010-04-21,108
2010-04-22,112
2010-04-23,112
2010-04-26,111
2010-04-27,115
2010-04-28,115
2010-04-29,115
2010-04-30,112
2010-05-03,113
2010-05-04,114
2010-05-05,124
2010-05-06,134
2010-05-07,137
2010-05-10,132
2010-05-11,132
2010-05-12,132
2010-05-13,126
2010-05-14,134
2010-05-17,133
2010-05-18,138
2010-05-19,139
2010-05-20,152
2010-05-21,150
2010-05-24,161
2010-05-25,166
2010-05-26,166
2010-05-27,159
2010-05-28,162
2010-05-31,162
2010-06-01,162
2010-06-02,161
2010-06-03,161
2010-06-04,161
2010-06-07,157
2010-06-08,170
2010-06-09,167
2010-06-10,167
2010-06-11,165
2010-06-14,166
2010-06-15,160
2010-06-16,152
2010-06-17,149
2010-06-18,146
2010-06-21,145
2010-06-22,144
2010-06-23,143
2010-06-24,142
2010-06-25,144
2010-06-28,142
2010-06-29,147
2010-06-30,146
2010-07-01,148
2010-07-02,145
2010-07-05,145
2010-07-06,148
2010-07-07,142
2010-07-08,140
2010-07-09,138
2010-07-12,138
2010-07-13,136
2010-07-14,135
2010-07-15,135
2010-07-16,136
2010-07-19,136
2010-07-20,135
2010-07-21,136
2010-07-22,136
2010-07-23,137
2010-07-26,136
2010-07-27,136
2010-07-28,135
2010-07-29,136
2010-07-30,133
2010-08-02,127
2010-08-03,140
2010-08-04,129
2010-08-05,136
2010-08-06,141
2010-08-09,132
2010-08-10,135
2010-08-11,140
2010-08-12,130
2010-08-13,135
2010-08-16,131
2010-08-17,131
2010-08-18,132
2010-08-19,131
2010-08-20,132
2010-08-23,132
2010-08-24,132
2010-08-25,131
2010-08-26,133
2010-08-27,117
2010-08-30,134
2010-08-31,138
2010-09-01,134
2010-09-02,134
2010-09-03,132
2010-09-06,132
2010-09-07,133
2010-09-08,132
2010-09-09,131
2010-09-10,130
2010-09-13,132
2010-09-14,132
2010-09-15,133
2010-09-16,131
2010-09-17,131
2010-09-20,132
2010-09-21,134
2010-09-22,135
2010-09-23,136
2010-09-24,135
2010-09-27,136
2010-09-28,138
2010-09-29,136
2010-09-30,136
2010-10-01,137
2010-10-04,138
2010-10-05,135
2010-10-06,136
2010-10-07,136
2010-10-08,139
2010-10-11,139
2010-10-12,134
2010-10-13,132
2010-10-14,133
2010-10-15,133
2010-10-18,133
2010-10-19,133
2010-10-20,132
2010-10-21,132
2010-10-22,131
2010-10-25,131
2010-10-26,130
2010-10-27,128
2010-10-28,130
2010-10-29,130
2010-11-01,127
2010-11-02,124
2010-11-03,126
2010-11-04,127
2010-11-05,123
2010-11-08,122
2010-11-09,121
2010-11-10,120
2010-11-11,120
2010-11-12,120
2010-11-15,120
2010-11-16,122
2010-11-17,125
2010-11-18,124
2010-11-19,125
2010-11-22,127
2010-11-23,127
2010-11-24,114
2010-11-25,114
2010-11-26,114
2010-11-29,125
2010-11-30,128
2010-12-01,122
2010-12-02,123
2010-12-03,121
2010-12-06,123
2010-12-07,118
2010-12-08,117
2010-12-09,118
2010-12-10,115
2010-12-13,115
2010-12-14,111
2010-12-15,110
2010-12-16,112
2010-12-17,115
2010-12-20,116
2010-12-21,116
2010-12-22,113
2010-12-23,115
2010-12-24,115
2010-12-27,114
2010-12-28,107
2010-12-29,123
2010-12-30,108
2010-12-31,115
2011-01-03,117
2011-01-04,114
2011-01-05,110
2011-01-06,113
2011-01-07,114
2011-01-10,117
2011-01-11,114
2011-01-12,114
2011-01-13,115
2011-01-14,114
2011-01-17,114
2011-01-18,116
2011-01-19,119
2011-01-20,109
2011-01-21,117
2011-01-24,117
2011-01-25,120
2011-01-26,119
2011-01-27,119
2011-01-28,125
2011-01-31,125
2011-02-01,121
2011-02-02,117
2011-02-03,115
2011-02-04,112
2011-02-07,111
2011-02-08,109
2011-02-09,112
2011-02-10,112
2011-02-11,108
2011-02-14,115
2011-02-15,113
2011-02-16,111
2011-02-17,117
2011-02-18,111
2011-02-21,111
2011-02-22,117
2011-02-23,116
2011-02-24,116
2011-02-25,117
2011-02-28,115
2011-03-01,114
2011-03-02,113
2011-03-03,102
2011-03-04,114
2011-03-07,111
2011-03-08,110
2011-03-09,111
2011-03-10,117
2011-03-11,114
2011-03-14,114
2011-03-15,118
2011-03-16,129
2011-03-17,118
2011-03-18,119
2011-03-21,115
2011-03-22,115
2011-03-23,116
2011-03-24,112
2011-03-25,110
2011-03-28,111
2011-03-29,115
2011-03-30,113
2011-03-31,117
2011-04-01,117
2011-04-04,119
2011-04-05,118
2011-04-06,118
2011-04-07,116
2011-04-08,117
2011-04-11,117
2011-04-12,117
2011-04-13,117
2011-04-14,118
2011-04-15,120
2011-04-18,123
2011-04-19,123
2011-04-20,122
2011-04-21,123
2011-04-22,123
2011-04-25,124
2011-04-26,124
2011-04-27,121
2011-04-28,125
2011-04-29,124
2011-05-02,125
2011-05-03,125
2011-05-04,126
2011-05-05,126
2011-05-06,127
2011-05-09,129
2011-05-10,128
2011-05-11,127
2011-05-12,127
2011-05-13,126
2011-05-16,128
2011-05-17,126
2011-05-18,128
2011-05-19,126
2011-05-20,127
2011-05-23,126
2011-05-24,127
2011-05-25,127
2011-05-26,129
2011-05-27,129
2011-05-30,129
2011-05-31,131
2011-06-01,132
2011-06-02,129
2011-06-03,135
2011-06-06,136
2011-06-07,136
2011-06-08,138
2011-06-09,135
2011-06-10,134
2011-06-13,135
2011-06-14,132
2011-06-15,133
2011-06-16,138
2011-06-17,138
2011-06-20,137
2011-06-21,136
2011-06-22,136
2011-06-23,141
2011-06-24,145
2011-06-27,142
2011-06-28,138
2011-06-29,136
2011-06-30,131
2011-07-01,130
2011-07-04,130
2011-07-05,131
2011-07-06,130
2011-07-07,127
2011-07-08,130
2011-07-11,134
2011-07-12,133
2011-07-13,135
2011-07-14,135
2011-07-15,136
2011-07-18,136
2011-07-19,131
2011-07-20,131
2011-07-21,126
2011-07-22,125
2011-07-25,123
2011-07-26,127
2011-07-27,120
2011-07-28,121
2011-07-29,121
2011-08-01,121
2011-08-02,123
2011-08-03,125
2011-08-04,125
2011-08-05,132
2011-08-08,141
2011-08-09,156
2011-08-10,153
2011-08-11,158
2011-08-12,164
2011-08-15,156
2011-08-16,153
2011-08-17,154
2011-08-18,155
2011-08-19,153
2011-08-22,153
2011-08-23,155
2011-08-24,151
2011-08-25,153
2011-08-26,153
2011-08-29,151
2011-08-30,152
2011-08-31,151
2011-09-01,152
2011-09-02,153
2011-09-05,153
2011-09-06,162
2011-09-07,158
2011-09-08,157
2011-09-09,161
2011-09-12,167
2011-09-13,163
2011-09-14,164
2011-09-15,163
2011-09-16,162
2011-09-19,176
2011-09-20,173
2011-09-21,173
2011-09-22,196
2011-09-23,201
2011-09-26,196
2011-09-27,188
2011-09-28,188
2011-09-29,189
2011-09-30,181
2011-10-03,187
2011-10-04,199
2011-10-05,189
2011-10-06,184
2011-10-07,181
2011-10-10,181
2011-10-11,165
2011-10-12,159
2011-10-13,164
2011-10-14,165
2011-10-17,164
2011-10-18,167
2011-10-19,167
2011-10-20,167
2011-10-21,165
2011-10-24,162
2011-10-25,164
2011-10-26,155
2011-10-27,143
2011-10-28,153
2011-10-31,153
2011-11-01,164
2011-11-02,165
2011-11-03,159
2011-11-04,157
2011-11-07,161
2011-11-08,156
2011-11-09,162
2011-11-10,157
2011-11-11,157
2011-11-14,156
2011-11-15,154
2011-11-16,153
2011-11-17,158
2011-11-18,154
2011-11-21,156
2011-11-22,155
2011-11-23,162
2011-11-24,162
2011-11-25,162
2011-11-28,161
2011-11-29,160
2011-11-30,159
2011-12-01,156
2011-12-02,155
2011-12-05,157
2011-12-06,152
2011-12-07,155
2011-12-08,157
2011-12-09,156
2011-12-12,155
2011-12-13,156
2011-12-14,166
2011-12-15,165
2011-12-16,166
2011-12-19,166
2011-12-20,164
2011-12-21,166
2011-12-22,163
2011-12-23,161
2011-12-26,161
2011-12-27,161
2011-12-28,162
2011-12-29,163
2011-12-30,172
2012-01-02,172
2012-01-03,166
2012-01-04,165
2012-01-05,165
2012-01-06,165
2012-01-09,166
2012-01-10,164
2012-01-11,167
2012-01-12,167
2012-01-13,168
2012-01-16,168
2012-01-17,170
2012-01-18,168
2012-01-19,163
2012-01-20,161
2012-01-23,161
2012-01-24,161
2012-01-25,160
2012-01-26,159
2012-01-27,161
2012-01-30,164
2012-01-31,162
2012-02-01,159
2012-02-02,161
2012-02-03,158
2012-02-06,161
2012-02-07,158
2012-02-08,158
2012-02-09,154
2012-02-10,159
2012-02-13,157
2012-02-14,160
2012-02-15,161
2012-02-16,159
2012-02-17,156
2012-02-20,156
2012-02-21,154
2012-02-22,154
2012-02-23,157
2012-02-24,155
2012-02-27,158
2012-02-28,160
2012-02-29,160
2012-03-01,158
2012-03-02,160
2012-03-05,161
2012-03-06,162
2012-03-07,165
2012-03-08,161
2012-03-09,161
2012-03-12,158
2012-03-13,152
2012-03-14,144
2012-03-15,146
2012-03-16,144
2012-03-19,138
2012-03-20,136
2012-03-21,145
2012-03-22,142
2012-03-23,143
2012-03-26,144
2012-03-27,145
2012-03-28,145
2012-03-29,149
2012-03-30,148
2012-04-02,149
2012-04-03,148
2012-04-04,150
2012-04-05,156
2012-04-06,156
2012-04-09,162
2012-04-10,166
2012-04-11,167
2012-04-12,163
2012-04-13,164
2012-04-16,166
2012-04-17,160
2012-04-18,161
2012-04-19,162
2012-04-20,161
2012-04-23,163
2012-04-24,159
2012-04-25,155
2012-04-26,156
2012-04-27,157
2012-04-30,156
2012-05-01,153
2012-05-02,152
2012-05-03,151
2012-05-04,153
2012-05-07,154
2012-05-08,154
2012-05-09,156
2012-05-10,152
2012-05-11,154
2012-05-14,157
2012-05-15,164
2012-05-16,166
2012-05-17,174
2012-05-18,180
2012-05-21,179
2012-05-22,178
2012-05-23,182
2012-05-24,183
2012-05-25,181
2012-05-28,181
2012-05-29,182
2012-05-30,189
2012-05-31,191
2012-06-01,198
2012-06-04,195
2012-06-05,188
2012-06-06,180
2012-06-07,177
2012-06-08,178
2012-06-11,179
2012-06-12,180
2012-06-13,181
2012-06-14,179
2012-06-15,171
2012-06-18,175
2012-06-19,171
2012-06-20,172
2012-06-21,171
2012-06-22,169
2012-06-25,169
2012-06-26,168
2012-06-27,170
2012-06-28,173
2012-06-29,167
2012-07-02,170
2012-07-03,168
2012-07-04,168
2012-07-05,172
2012-07-06,172
2012-07-09,172
2012-07-10,169
2012-07-11,172
2012-07-12,170
2012-07-13,168
2012-07-16,171
2012-07-17,170
2012-07-18,169
2012-07-19,165
2012-07-20,166
2012-07-23,171
2012-07-24,172
2012-07-25,173
2012-07-26,170
2012-07-27,158
2012-07-30,160
2012-07-31,154
2012-08-01,152
2012-08-02,153
2012-08-03,143
2012-08-06,143
2012-08-07,141
2012-08-08,139
2012-08-09,138
2012-08-10,139
2012-08-13,139
2012-08-14,138
2012-08-15,139
2012-08-16,137
2012-08-17,137
2012-08-20,139
2012-08-21,137
2012-08-22,139
2012-08-23,142
2012-08-24,144
2012-08-27,143
2012-08-28,147
2012-08-29,143
2012-08-30,147
2012-08-31,146
2012-09-03,146
2012-09-04,145
2012-09-05,146
2012-09-06,143
2012-09-07,142
2012-09-10,136
2012-09-11,135
2012-09-12,131
2012-09-13,129
2012-09-14,126
2012-09-17,127
2012-09-18,128
2012-09-19,132
2012-09-20,134
2012-09-21,136
2012-09-24,138
2012-09-25,143
2012-09-26,146
2012-09-27,144
2012-09-28,143
2012-10-01,139
2012-10-02,139
2012-10-03,134
2012-10-04,134
2012-10-05,131
2012-10-08,131
2012-10-09,129
2012-10-10,128
2012-10-11,129
2012-10-12,128
2012-10-15,127
2012-10-16,124
2012-10-17,120
2012-10-18,117
2012-10-19,121
2012-10-22,123
2012-10-23,124
2012-10-24,127
2012-10-25,121
2012-10-26,122
2012-10-29,125
2012-10-30,125
2012-10-31,126
2012-11-01,127
2012-11-02,125
2012-11-05,127
2012-11-06,126
2012-11-07,132
2012-11-08,130
2012-11-09,135
2012-11-12,135
2012-11-13,139
2012-11-14,142
2012-11-15,146
2012-11-16,147
2012-11-19,144
2012-11-20,142
2012-11-21,139
2012-11-22,139
2012-11-23,139
2012-11-26,139
2012-11-27,140
2012-11-28,140
2012-11-29,140
2012-11-30,130
2012-12-03,129
2012-12-04,129
2012-12-05,129
2012-12-06,129
2012-12-07,127
2012-12-10,127
2012-12-11,128
2012-12-12,123
2012-12-13,121
2012-12-14,122
2012-12-17,120
2012-12-18,118
2012-12-19,119
2012-12-20,119
2012-12-21,120
2012-12-24,120
2012-12-25,120
2012-12-26,116
2012-12-27,118
2012-12-28,117
2012-12-31,116
2013-01-01,116
2013-01-02,111
2013-01-03,107
2013-01-04,106
2013-01-07,107
2013-01-08,114
2013-01-09,115
2013-01-10,113
2013-01-11,114
2013-01-14,117
2013-01-15,120
2013-01-16,117
2013-01-17,115
2013-01-18,117
2013-01-21,117
2013-01-22,117
2013-01-23,117
2013-01-24,118
2013-01-25,113
2013-01-28,113
2013-01-29,116
2013-01-30,119
2013-01-31,124
2013-02-01,124
2013-02-04,126
2013-02-05,126
2013-02-06,130
2013-02-07,131
2013-02-08,129
2013-02-11,131
2013-02-12,129
2013-02-13,129
2013-02-14,130
2013-02-15,132
2013-02-18,132
2013-02-19,133
2013-02-20,136
2013-02-21,139
2013-02-22,141
2013-02-25,142
2013-02-26,144
2013-02-27,141
2013-02-28,140
2013-03-01,142
2013-03-04,142
2013-03-05,141
2013-03-06,139
2013-03-07,137
2013-03-08,135
2013-03-11,136
2013-03-12,138
2013-03-13,140
2013-03-14,139
2013-03-15,141
2013-03-18,144
2013-03-19,149
2013-03-20,149
2013-03-21,150
2013-03-22,153
2013-03-25,154
2013-03-26,154
2013-03-27,156
2013-03-28,153
2013-03-29,153
2013-04-01,153
2013-04-02,150
2013-04-03,151
2013-04-04,145
2013-04-05,143
2013-04-08,140
2013-04-09,139
2013-04-10,138
2013-04-11,137
2013-04-12,141
2013-04-15,145
2013-04-16,143
2013-04-17,146
2013-04-18,150
2013-04-19,149
2013-04-22,148
2013-04-23,144
2013-04-24,143
2013-04-25,142
2013-04-26,143
2013-04-29,143
2013-04-30,141
2013-05-01,140
2013-05-02,139
2013-05-03,135
2013-05-06,134
2013-05-07,134
2013-05-08,134
2013-05-09,132
2013-05-10,129
2013-05-13,132
2013-05-14,131
2013-05-15,131
2013-05-16,136
2013-05-17,133
2013-05-20,135
2013-05-21,136
2013-05-22,136
2013-05-23,139
2013-05-24,141
2013-05-27,141
2013-05-28,144
2013-05-29,147
2013-05-30,150
2013-05-31,153
2013-06-03,157
2013-06-04,156
2013-06-05,161
2013-06-06,165
2013-06-07,163
2013-06-10,167
2013-06-11,183
2013-06-12,177
2013-06-13,168
2013-06-14,169
2013-06-17,168
2013-06-18,172
2013-06-19,177
2013-06-20,197
2013-06-21,199
2013-06-24,207
2013-06-25,203
2013-06-26,189
2013-06-27,183
2013-06-28,180
2013-07-01,177
2013-07-02,178
2013-07-03,179
2013-07-04,179
2013-07-05,183
2013-07-08,181
2013-07-09,182
2013-07-10,176
2013-07-11,183
2013-07-12,181
2013-07-15,177
2013-07-16,175
2013-07-17,169
2013-07-18,163
2013-07-19,159
2013-07-22,156
2013-07-23,154
2013-07-24,153
2013-07-25,156
2013-07-26,161
2013-07-29,161
2013-07-30,159
2013-07-31,160
2013-08-01,158
2013-08-02,162
2013-08-05,161
2013-08-06,162
2013-08-07,168
2013-08-08,168
2013-08-09,170
2013-08-12,170
2013-08-13,167
2013-08-14,168
2013-08-15,168
2013-08-16,166
2013-08-19,171
2013-08-20,174
2013-08-21,177
2013-08-22,172
2013-08-23,177
2013-08-26,177
2013-08-27,184
2013-08-28,181
2013-08-29,184
2013-08-30,182
2013-09-02,182
2013-09-03,184
2013-09-04,182
2013-09-05,183
2013-09-06,183
2013-09-09,182
2013-09-10,181
2013-09-11,176
2013-09-12,176
2013-09-13,175
2013-09-16,172
2013-09-17,169
2013-09-18,164
2013-09-19,164
2013-09-20,164
2013-09-23,164
2013-09-24,167
2013-09-25,168
2013-09-26,167
2013-09-27,168
2013-09-30,171
2013-10-01,168
2013-10-02,167
2013-10-03,167
2013-10-04,164
2013-10-07,163
2013-10-08,162
2013-10-09,162
2013-10-10,161
2013-10-11,162
2013-10-14,162
2013-10-15,160
2013-10-16,160
2013-10-17,163
2013-10-18,159
2013-10-21,158
2013-10-22,160
2013-10-23,160
2013-10-24,161
2013-10-25,164
2013-10-28,164
2013-10-29,163
2013-10-30,162
2013-10-31,161
2013-11-01,161
2013-11-04,161
2013-11-05,164
2013-11-06,164
2013-11-07,164
2013-11-08,163
2013-11-11,163
2013-11-12,164
2013-11-13,166
2013-11-14,164
2013-11-15,163
2013-11-18,161
2013-11-19,162
2013-11-20,163
2013-11-21,164
2013-11-22,163
2013-11-25,164
2013-11-26,167
2013-11-27,171
2013-11-28,171
2013-11-29,171
2013-12-02,169
2013-12-03,172
2013-12-04,169
2013-12-05,169
2013-12-06,165
2013-12-09,164
2013-12-10,167
2013-12-11,166
2013-12-12,163
2013-12-13,160
2013-12-16,159
2013-12-17,162
2013-12-18,159
2013-12-19,155
2013-12-20,150
2013-12-23,150
2013-12-24,147
2013-12-25,147
2013-12-26,147
2013-12-27,147
2013-12-30,149
2013-12-31,148
2014-01-01,148
2014-01-02,148
2014-01-03,147
2014-01-06,148
2014-01-07,148
2014-01-08,146
2014-01-09,148
2014-01-10,151
2014-01-13,153
2014-01-14,153
2014-01-15,151
2014-01-16,151
2014-01-17,151
2014-01-20,151
2014-01-21,151
2014-01-22,151
2014-01-23,158
2014-01-24,166
2014-01-27,165
2014-01-28,165
2014-01-29,167
2014-01-30,169
2014-01-31,172
2014-02-03,177
2014-02-04,175
2014-02-05,167
2014-02-06,163
2014-02-07,161
2014-02-10,161
2014-02-11,158
2014-02-12,156
2014-02-13,158
2014-02-14,156
2014-02-17,156
2014-02-18,156
2014-02-19,156
2014-02-20,156
2014-02-21,156
2014-02-24,154
2014-02-25,156
2014-02-26,156
2014-02-27,153
2014-02-28,151
2014-03-03,154
2014-03-04,150
2014-03-05,148
2014-03-06,145
2014-03-07,143
2014-03-10,145
2014-03-11,148
2014-03-12,152
2014-03-13,154
2014-03-14,156
2014-03-17,153
2014-03-18,154
2014-03-19,149
2014-03-20,150
2014-03-21,150
2014-03-24,149
2014-03-25,150
2014-03-26,148
2014-03-27,147
2014-03-28,144
2014-03-31,143
2014-04-01,139
2014-04-02,137
2014-04-03,138
2014-04-04,140
2014-04-07,141
2014-04-08,141
2014-04-09,139
2014-04-10,142
2014-04-11,142
2014-04-14,141
2014-04-15,141
2014-04-16,138
2014-04-17,134
2014-04-18,134
2014-04-21,135
2014-04-22,133
2014-04-23,136
2014-04-24,135
2014-04-25,136
2014-04-28,137
2014-04-29,136
2014-04-30,137
2014-05-01,139
2014-05-02,136
2014-05-05,136
2014-05-06,135
2014-05-07,135
2014-05-08,136
2014-05-09,135
2014-05-12,133
2014-05-13,134
2014-05-14,135
2014-05-15,136
2014-05-16,136
2014-05-19,137
2014-05-20,140
2014-05-21,137
2014-05-22,137
2014-05-23,138
2014-05-26,138
2014-05-27,137
2014-05-28,136
2014-05-29,132
2014-05-30,129
2014-06-02,126
2014-06-03,125
2014-06-04,124
2014-06-05,124
2014-06-06,120
2014-06-09,116
2014-06-10,117
2014-06-11,117
2014-06-12,123
2014-06-13,121
2014-06-16,123
2014-06-17,124
2014-06-18,124
2014-06-19,125
2014-06-20,123
2014-06-23,123
2014-06-24,123
2014-06-25,123
2014-06-26,123
2014-06-27,122
2014-06-30,123
2014-07-01,121
2014-07-02,120
2014-07-03,121
2014-07-04,121
2014-07-07,120
2014-07-08,121
2014-07-09,125
2014-07-10,125
2014-07-11,127
2014-07-14,126
2014-07-15,126
2014-07-16,126
2014-07-17,127
2014-07-18,128
2014-07-21,128
2014-07-22,126
2014-07-23,125
2014-07-24,123
2014-07-25,126
2014-07-28,124
2014-07-29,125
2014-07-30,122
2014-07-31,125
2014-08-01,129
2014-08-04,129
2014-08-05,131
2014-08-06,132
2014-08-07,135
2014-08-08,133
2014-08-11,134
2014-08-12,133
2014-08-13,134
2014-08-14,133
2014-08-15,135
2014-08-18,130
2014-08-19,129
2014-08-20,130
2014-08-21,127
2014-08-22,127
2014-08-25,126
2014-08-26,125
2014-08-27,124
2014-08-28,124
2014-08-29,124
2014-09-01,124
2014-09-02,122
2014-09-03,124
2014-09-04,120
2014-09-05,120
2014-09-08,120
2014-09-09,123
2014-09-10,122
2014-09-11,123
2014-09-12,123
2014-09-15,126
2014-09-16,128
2014-09-17,127
2014-09-18,125
2014-09-19,126
2014-09-22,128
2014-09-23,128
2014-09-24,127
2014-09-25,133
2014-09-26,131
2014-09-29,137
2014-09-30,137
2014-10-01,145
2014-10-02,142
2014-10-03,144
2014-10-06,145
2014-10-07,149
2014-10-08,149
2014-10-09,150
2014-10-10,151
2014-10-13,151
2014-10-14,156
2014-10-15,164
2014-10-16,159
2014-10-17,155
2014-10-20,154
2014-10-21,153
2014-10-22,150
2014-10-23,150
2014-10-24,148
2014-10-27,146
2014-10-28,146
2014-10-29,146
2014-10-30,148
2014-10-31,146
2014-11-03,147
2014-11-04,149
2014-11-05,150
2014-11-06,149
2014-11-07,154
2014-11-10,150
2014-11-11,150
2014-11-12,150
2014-11-13,151
2014-11-14,153
2014-11-17,151
2014-11-18,151
2014-11-19,150
2014-11-20,150
2014-11-21,148
2014-11-24,149
2014-11-25,151
2014-11-26,157
2014-11-27,157
2014-11-28,157
2014-12-01,160
2014-12-02,159
2014-12-03,158
2014-12-04,157
2014-12-05,156
2014-12-08,165
2014-12-09,169
2014-12-10,175
2014-12-11,173
2014-12-12,185
2014-12-15,191
2014-12-16,197
2014-12-17,190
2014-12-18,175
2014-12-19,174
2014-12-22,175
2014-12-23,171
2014-12-24,169
2014-12-25,169
2014-12-26,170
2014-12-29,171
2014-12-30,172
2014-12-31,169
2015-01-01,169
2015-01-02,170
2015-01-05,177
2015-01-06,178
2015-01-07,176
2015-01-08,172
2015-01-09,177
2015-01-12,178
2015-01-13,182
2015-01-14,194
2015-01-15,200
2015-01-16,199
2015-01-19,199
2015-01-20,194
2015-01-21,189
2015-01-22,187
2015-01-23,187
2015-01-26,186
2015-01-27,187
2015-01-28,199
2015-01-29,194
2015-01-30,200
2015-02-02,198
2015-02-03,191
2015-02-04,190
2015-02-05,186
2015-02-06,179
2015-02-09,180
2015-02-10,178
2015-02-11,179
2015-02-12,176
2015-02-13,168
2015-02-16,168
2015-02-17,156
2015-02-18,161
2015-02-19,155
2015-02-20,150
2015-02-23,156
2015-02-24,155
2015-02-25,149
2015-02-26,146
2015-02-27,144
2015-03-02,140
2015-03-03,137
2015-03-04,143
2015-03-05,149
2015-03-06,147
2015-03-09,149
2015-03-10,156
2015-03-11,156
2015-03-12,155
2015-03-13,158
2015-03-16,162
2015-03-17,166
2015-03-18,174
2015-03-19,165
2015-03-20,167
2015-03-23,164
2015-03-24,161
2015-03-25,158
2015-03-26,154
2015-03-27,158
2015-03-30,157
2015-03-31,158
2015-04-01,157
2015-04-02,156
2015-04-03,160
2015-04-06,154
2015-04-07,156
2015-04-08,153
2015-04-09,149
2015-04-10,150
2015-04-13,149
2015-04-14,151
2015-04-15,153
2015-04-16,156
2015-04-17,158
2015-04-20,154
2015-04-21,154
2015-04-22,151
2015-04-23,155
2015-04-24,153
2015-04-27,151
2015-04-28,146
2015-04-29,145
2015-04-30,147
2015-05-01,142
2015-05-04,141
2015-05-05,139
2015-05-06,136
2015-05-07,141
2015-05-08,139
2015-05-11,137
2015-05-12,140
2015-05-13,140
2015-05-14,142
2015-05-15,148
2015-05-18,141
2015-05-19,145
2015-05-20,144
2015-05-21,146
2015-05-22,144
2015-05-25,144
2015-05-26,149
2015-05-27,148
2015-05-28,149
2015-05-29,150
2015-06-01,149
2015-06-02,146
2015-06-03,141
2015-06-04,147
2015-06-05,142
2015-06-08,144
2015-06-09,148
2015-06-10,147
2015-06-11,151
2015-06-12,150
2015-06-15,153
2015-06-16,157
2015-06-17,160
2015-06-18,154
2015-06-19,157
2015-06-22,154
2015-06-23,149
2015-06-24,151
2015-06-25,151
2015-06-26,149
2015-06-29,160
2015-06-30,158
2015-07-01,153
2015-07-02,153
2015-07-03,153
2015-07-06,162
2015-07-07,166
2015-07-08,171
2015-07-09,165
2015-07-10,159
2015-07-13,160
2015-07-14,159
2015-07-15,161
2015-07-16,159
2015-07-17,159
2015-07-20,159
2015-07-21,163
2015-07-22,164
2015-07-23,173
2015-07-24,187
2015-07-27,195
2015-07-28,189
2015-07-29,179
2015-07-30,176
2015-07-31,179
2015-08-03,182
2015-08-04,180
2015-08-05,177
2015-08-06,180
2015-08-07,186
2015-08-10,179
2015-08-11,186
2015-08-12,187
2015-08-13,184
2015-08-14,188
2015-08-17,187
2015-08-18,188
2015-08-19,198
2015-08-20,204
2015-08-21,212
2015-08-24,225
2015-08-25,210
2015-08-26,213
2015-08-27,205
2015-08-28,202
2015-08-31,205
2015-09-01,211
2015-09-02,208
2015-09-03,203
2015-09-04,206
2015-09-07,206
2015-09-08,204
2015-09-09,204
2015-09-10,205
2015-09-11,207
2015-09-14,208
2015-09-15,201
2015-09-16,201
2015-09-17,206
2015-09-18,207
2015-09-21,210
2015-09-22,222
2015-09-23,224
2015-09-24,232
2015-09-25,232
2015-09-28,247
2015-09-29,254
2015-09-30,244
2015-10-01,245
2015-10-02,250
2015-10-05,237
2015-10-06,231
2015-10-07,225
2015-10-08,218
2015-10-09,215
2015-10-12,215
2015-10-13,220
2015-10-14,225
2015-10-15,221
2015-10-16,218
2015-10-19,220
2015-10-20,221
2015-10-21,221
2015-10-22,220
2015-10-23,212
2015-10-26,211
2015-10-27,216
2015-10-28,208
2015-10-29,203
2015-10-30,210
2015-11-02,208
2015-11-03,205
2015-11-04,202
2015-11-05,204
2015-11-06,206
2015-11-09,215
2015-11-10,214
2015-11-11,214
2015-11-12,219
2015-11-13,227
2015-11-16,227
2015-11-17,226
2015-11-18,227
2015-11-19,229
2015-11-20,226
2015-11-23,229
2015-11-24,230
2015-11-25,231
2015-11-26,231
2015-11-27,231
2015-11-30,235
2015-12-01,239
2015-12-02,235
2015-12-03,232
2015-12-04,234
2015-12-07,239
2015-12-08,245
2015-12-09,249
2015-12-10,250
2015-12-11,266
2015-12-14,263
2015-12-15,252
2015-12-16,254
2015-12-17,252
2015-12-18,258
2015-12-21,257
2015-12-22,254
2015-12-23,254
2015-12-24,255
2015-12-25,255
2015-12-28,255
2015-12-29,251
2015-12-30,252
2015-12-31,253
2016-01-01,253
2016-01-04,257
2016-01-05,251
2016-01-06,254
2016-01-07,258
2016-01-08,259
2016-01-11,265
2016-01-12,272
2016-01-13,278
2016-01-14,278
2016-01-15,288
2016-01-18,288
2016-01-19,285
2016-01-20,293
2016-01-21,289
2016-01-22,277
2016-01-25,283
2016-01-26,279
2016-01-27,271
2016-01-28,270
2016-01-29,274
2016-02-01,277
2016-02-02,287
2016-02-03,281
2016-02-04,280
2016-02-05,279
2016-02-08,289
2016-02-09,294
2016-02-10,294
2016-02-11,306
2016-02-12,291
2016-02-15,291
2016-02-16,286
2016-02-17,278
2016-02-18,275
2016-02-19,275
2016-02-22,268
2016-02-23,267
2016-02-24,267
2016-02-25,270
2016-02-26,262
2016-02-29,250
2016-03-01,240
2016-03-02,235
2016-03-03,232
2016-03-04,217
2016-03-07,215
2016-03-08,224
2016-03-09,218
2016-03-10,215
2016-03-11,210
2016-03-14,213
2016-03-15,216
2016-03-16,217
2016-03-17,211
2016-03-18,209
2016-03-21,209
2016-03-22,207
2016-03-23,212
2016-03-24,212
2016-03-25,212
2016-03-28,213
2016-03-29,217
2016-03-30,211
2016-03-31,213
2016-04-01,212
2016-04-04,212
2016-04-05,216
2016-04-06,215
2016-04-07,221
2016-04-08,221
2016-04-11,220
2016-04-12,209
2016-04-13,204
2016-04-14,201
2016-04-15,201
2016-04-18,199
2016-04-19,194
2016-04-20,185
2016-04-21,186
2016-04-22,186
2016-04-25,187
2016-04-26,186
2016-04-27,188
2016-04-28,184
2016-04-29,183
2016-05-02,183
2016-05-03,193
2016-05-04,194
2016-05-05,194
2016-05-06,199
2016-05-09,201
2016-05-10,203
2016-05-11,199
2016-05-12,202
2016-05-13,207
2016-05-16,206
2016-05-17,206
2016-05-18,202
2016-05-19,210
2016-05-20,209
2016-05-23,208
2016-05-24,205
2016-05-25,201
2016-05-26,203
2016-05-27,200
2016-05-30,200
2016-05-31,203
2016-06-01,200
2016-06-02,200
2016-06-03,201
2016-06-06,198
2016-06-07,196
2016-06-08,195
2016-06-09,199
2016-06-10,206
2016-06-13,209
2016-06-14,218
2016-06-15,218
2016-06-16,222
2016-06-17,216
2016-06-20,209
2016-06-21,207
2016-06-22,202
2016-06-23,194
2016-06-24,210
2016-06-27,217
2016-06-28,213
2016-06-29,203
2016-06-30,202
2016-07-01,200
2016-07-04,200
2016-07-05,201
2016-07-06,198
2016-07-07,198
2016-07-08,196
2016-07-11,189
2016-07-12,180
2016-07-13,178
2016-07-14,173
2016-07-15,167
2016-07-18,163
2016-07-19,165
2016-07-20,162
2016-07-21,165
2016-07-22,163
2016-07-25,164
2016-07-26,170
2016-07-27,170
2016-07-28,172
2016-07-29,174
2016-08-01,172
2016-08-02,173
2016-08-03,174
2016-08-04,172
2016-08-05,165
2016-08-08,163
2016-08-09,163
2016-08-10,158
2016-08-11,156
2016-08-12,161
2016-08-15,158
2016-08-16,157
2016-08-17,159
2016-08-18,161
2016-08-19,157
2016-08-22,160
2016-08-23,162
2016-08-24,166
2016-08-25,168
2016-08-26,160
2016-08-29,167
2016-08-30,168
2016-08-31,174
2016-09-01,177
2016-09-02,172
2016-09-05,172
2016-09-06,173
2016-09-07,171
2016-09-08,167
2016-09-09,172
2016-09-12,171
2016-09-13,172
2016-09-14,181
2016-09-15,180
2016-09-16,181
2016-09-19,182
2016-09-20,180
2016-09-21,175
2016-09-22,170
2016-09-23,175
2016-09-26,179
2016-09-27,180
2016-09-28,179
2016-09-29,180
2016-09-30,180
2016-10-03,179
2016-10-04,177
2016-10-05,173
2016-10-06,172
2016-10-07,172
2016-10-10,172
2016-10-11,172
2016-10-12,171
2016-10-13,174
2016-10-14,172
2016-10-17,173
2016-10-18,173
2016-10-19,170
2016-10-20,169
2016-10-21,170
2016-10-24,169
2016-10-25,171
2016-10-26,171
2016-10-27,173
2016-10-28,174
2016-10-31,177
2016-11-01,180
2016-11-02,184
2016-11-03,183
2016-11-04,185
2016-11-07,180
2016-11-08,174
2016-11-09,172
2016-11-10,182
2016-11-11,182
2016-11-14,190
2016-11-15,177
2016-11-16,180
2016-11-17,179
2016-11-18,178
2016-11-21,178
2016-11-22,177
2016-11-23,176
2016-11-24,176
2016-11-25,176
2016-11-28,177
2016-11-29,176
2016-11-30,174
2016-12-01,172
2016-12-02,175
2016-12-05,173
2016-12-06,172
2016-12-07,171
2016-12-08,167
2016-12-09,162
2016-12-12,162
2016-12-13,161
2016-12-14,161
2016-12-15,159
2016-12-16,156
2016-12-19,158
2016-12-20,156
2016-12-21,157
2016-12-22,156
2016-12-23,157
2016-12-26,157
2016-12-27,154
2016-12-28,156
2016-12-29,158
2016-12-30,158
2017-01-02,158
2017-01-03,157
2017-01-04,153
2017-01-05,154
2017-01-06,151
2017-01-09,153
2017-01-10,153
2017-01-11,156
2017-01-12,153
2017-01-13,152
2017-01-16,152
2017-01-17,152
2017-01-18,151
2017-01-19,149
2017-01-20,149
2017-01-23,152
2017-01-24,148
2017-01-25,143
2017-01-26,144
2017-01-27,143
2017-01-30,144
2017-01-31,144
2017-02-01,142
2017-02-02,140
2017-02-03,135
2017-02-06,139
2017-02-07,138
2017-02-08,137
2017-02-09,134
2017-02-10,133
2017-02-13,130
2017-02-14,129
2017-02-15,127
2017-02-16,128
2017-02-17,131
2017-02-20,131
2017-02-21,128
2017-02-22,126
2017-02-23,124
2017-02-24,127
2017-02-27,125
2017-02-28,130
2017-03-01,126
2017-03-02,127
2017-03-03,127
2017-03-06,127
2017-03-07,128
2017-03-08,132
2017-03-09,135
2017-03-10,134
2017-03-13,135
2017-03-14,136
2017-03-15,137
2017-03-16,134
2017-03-17,135
2017-03-20,135
2017-03-21,133
2017-03-22,134
2017-03-23,133
2017-03-24,134
2017-03-27,135
2017-03-28,133
2017-03-29,132
2017-03-30,131
2017-03-31,133
2017-04-03,133
2017-04-04,135
2017-04-05,134
2017-04-06,135
2017-04-07,133
2017-04-10,133
2017-04-11,135
2017-04-12,135
2017-04-13,137
2017-04-14,137
2017-04-17,138
2017-04-18,142
2017-04-19,140
2017-04-20,140
2017-04-21,141
2017-04-24,138
2017-04-25,136
2017-04-26,136
2017-04-27,137
2017-04-28,136
2017-05-01,135
2017-05-02,135
2017-05-03,134
2017-05-04,134
2017-05-05,134
2017-05-08,132
2017-05-09,130
2017-05-10,130
2017-05-11,130
2017-05-12,132
2017-05-15,131
2017-05-16,130
2017-05-17,135
2017-05-18,138
2017-05-19,136
2017-05-22,134
2017-05-23,131
2017-05-24,132
2017-05-25,132
2017-05-26,131
2017-05-29,131
2017-05-30,132
2017-05-31,134
2017-06-01,133
2017-06-02,135
2017-06-05,134
2017-06-06,134
2017-06-07,132
2017-06-08,131
2017-06-09,130
2017-06-12,130
2017-06-13,130
2017-06-14,131
2017-06-15,131
2017-06-16,132
2017-06-19,130
2017-06-20,132
2017-06-21,133
2017-06-22,133
2017-06-23,133
2017-06-26,133
2017-06-27,129
2017-06-28,129
2017-06-29,129
2017-06-30,132
2017-07-03,130
2017-07-04,130
2017-07-05,130
2017-07-06,131
2017-07-07,132
2017-07-10,132
2017-07-11,131
2017-07-12,132
2017-07-13,132
2017-07-14,134
2017-07-17,134
2017-07-18,134
2017-07-19,134
2017-07-20,133
2017-07-21,134
2017-07-24,132
2017-07-25,129
2017-07-26,130
2017-07-27,127
2017-07-28,128
2017-07-31,123
2017-08-01,123
2017-08-02,123
2017-08-03,123
2017-08-04,122
2017-08-07,122
2017-08-08,120
2017-08-09,124
2017-08-10,125
2017-08-11,129
2017-08-14,126
2017-08-15,122
2017-08-16,123
2017-08-17,126
2017-08-18,127
2017-08-21,127
2017-08-22,124
2017-08-23,126
2017-08-24,125
2017-08-25,123
2017-08-28,124
2017-08-29,125
2017-08-30,122
2017-08-31,130
2017-09-01,128
2017-09-04,128
2017-09-05,129
2017-09-06,127
2017-09-07,128
2017-09-08,129
2017-09-11,127
2017-09-12,126
2017-09-13,125
2017-09-14,125
2017-09-15,126
2017-09-18,125
2017-09-19,126
2017-09-20,126
2017-09-21,129
2017-09-22,128
2017-09-25,130
2017-09-26,128
2017-09-27,127
2017-09-28,126
2017-09-29,128
2017-10-02,128
2017-10-03,126
2017-10-04,125
2017-10-05,125
2017-10-06,124
2017-10-09,124
2017-10-10,126
2017-10-11,126
2017-10-12,126
2017-10-13,127
2017-10-16,126
2017-10-17,126
2017-10-18,122
2017-10-19,123
2017-10-20,120
2017-10-23,118
2017-10-24,116
2017-10-25,115
2017-10-26,115
2017-10-27,116
2017-10-30,118
2017-10-31,118
2017-11-01,117
2017-11-02,118
2017-11-03,118
2017-11-06,120
2017-11-07,121
2017-11-08,124
2017-11-09,124
2017-11-10,123
2017-11-13,124
2017-11-14,125
2017-11-15,132
2017-11-16,131
2017-11-17,129
2017-11-20,132
2017-11-21,131
2017-11-22,129
2017-11-23,129
2017-11-24,128
2017-11-27,128
2017-11-28,126
2017-11-29,125
2017-11-30,123
2017-12-01,121
2017-12-04,118
2017-12-05,118
2017-12-06,120
2017-12-07,118
2017-12-08,118
2017-12-11,118
2017-12-12,119
2017-12-13,120
2017-12-14,121
2017-12-15,121
2017-12-18,118
2017-12-19,114
2017-12-20,113
2017-12-21,114
2017-12-22,115
2017-12-25,115
2017-12-26,114
2017-12-27,117
2017-12-28,116
2017-12-29,117
2018-01-01,117
2018-01-02,115
2018-01-03,117
2018-01-04,117
2018-01-05,114
2018-01-08,113
2018-01-09,111
2018-01-10,112
2018-01-11,112
2018-01-12,111
2018-01-15,111
2018-01-16,111
2018-01-17,109
2018-01-18,108
2018-01-19,110
2018-01-22,108
2018-01-23,110
2018-01-24,109
2018-01-25,107
2018-01-26,106
2018-01-29,106
2018-01-30,107
2018-01-31,106
2018-02-01,105
2018-02-02,105
2018-02-05,115
2018-02-06,115
2018-02-07,109
2018-02-08,115
2018-02-09,126
2018-02-12,120
2018-02-13,121
2018-02-14,120
2018-02-15,119
2018-02-16,117
2018-02-19,117
2018-02-20,118
2018-02-21,118
2018-02-22,122
2018-02-23,121
2018-02-26,119
2018-02-27,117
2018-02-28,120
2018-03-01,124
2018-03-02,122
2018-03-05,120
2018-03-06,120
2018-03-07,119
2018-03-08,119
2018-03-09,117
2018-03-12,119
2018-03-13,120
2018-03-14,122
2018-03-15,123
2018-03-16,122
2018-03-19,124
2018-03-20,124
2018-03-21,123
2018-03-22,126
2018-03-23,129
2018-03-26,127
2018-03-27,128
2018-03-28,128
2018-03-29,128
2018-03-30,128
2018-04-02,128
2018-04-03,125
2018-04-04,125
2018-04-05,122
2018-04-06,124
2018-04-09,124
2018-04-10,124
2018-04-11,123
2018-04-12,123
2018-04-13,122
2018-04-16,123
2018-04-17,124
2018-04-18,122
2018-04-19,121
2018-04-20,122
2018-04-23,122
2018-04-24,123
2018-04-25,123
2018-04-26,125
2018-04-27,128
2018-04-30,130
2018-05-01,130
2018-05-02,133
2018-05-03,135
2018-05-04,137
2018-05-07,136
2018-05-08,137
2018-05-09,135
2018-05-10,132
2018-05-11,131
2018-05-14,131
2018-05-15,131
2018-05-16,131
2018-05-17,132
2018-05-18,136
2018-05-21,136
2018-05-22,134
2018-05-23,136
2018-05-24,136
2018-05-25,138
2018-05-28,138
2018-05-29,147
2018-05-30,143
2018-05-31,145
2018-06-01,143
2018-06-04,140
2018-06-05,142
2018-06-06,139
2018-06-07,143
2018-06-08,143
2018-06-11,143
2018-06-12,143
2018-06-13,142
2018-06-14,141
2018-06-15,141
2018-06-18,141
2018-06-19,143
2018-06-20,141
2018-06-21,142
2018-06-22,141
2018-06-25,143
2018-06-26,142
2018-06-27,145
2018-06-28,144
2018-06-29,144
2018-07-02,143
2018-07-03,145
2018-07-04,145
2018-07-05,142
2018-07-06,141
2018-07-09,138
2018-07-10,135
2018-07-11,138
2018-07-12,138
2018-07-13,137
2018-07-16,137
2018-07-17,137
2018-07-18,136
2018-07-19,138
2018-07-20,137
2018-07-23,135
2018-07-24,135
2018-07-25,136
2018-07-26,131
2018-07-27,131
2018-07-30,132
2018-07-31,133
2018-08-01,132
2018-08-02,133
2018-08-03,134
2018-08-06,134
2018-08-07,133
2018-08-08,134
2018-08-09,136
2018-08-10,143
2018-08-13,145
2018-08-14,141
2018-08-15,143
2018-08-16,142
2018-08-17,141
2018-08-20,143
2018-08-21,142
2018-08-22,143
2018-08-23,143
2018-08-24,143
2018-08-27,141
2018-08-28,139
2018-08-29,139
2018-08-30,141
2018-08-31,141
2018-09-03,141
2018-09-04,140
2018-09-05,141
2018-09-06,140
2018-09-07,139
2018-09-10,139
2018-09-11,137
2018-09-12,136
2018-09-13,134
2018-09-14,133
2018-09-17,133
2018-09-18,132
2018-09-19,130
2018-09-20,131
2018-09-21,130
2018-09-24,131
2018-09-25,128
2018-09-26,126
2018-09-27,126
2018-09-28,124
2018-10-01,121
2018-10-02,122
2018-10-03,118
2018-10-04,119
2018-10-05,118
2018-10-08,118
2018-10-09,120
2018-10-10,123
2018-10-11,128
2018-10-12,127
2018-10-15,128
2018-10-16,128
2018-10-17,126
2018-10-18,132
2018-10-19,132
2018-10-22,133
2018-10-23,134
2018-10-24,137
2018-10-25,137
2018-10-26,140
2018-10-29,140
2018-10-30,142
2018-10-31,140
2018-11-01,140
2018-11-02,135
2018-11-05,136
2018-11-06,137
2018-11-07,133
2018-11-08,135
2018-11-09,137
2018-11-12,137
2018-11-13,141
2018-11-14,144
2018-11-15,146
2018-11-16,149
2018-11-19,152
2018-11-20,156
2018-11-21,154
2018-11-22,154
2018-11-23,155
2018-11-26,155
2018-11-27,157
2018-11-28,154
2018-11-29,153
2018-11-30,157
2018-12-03,156
2018-12-04,160
2018-12-05,160
2018-12-06,164
2018-12-07,163
2018-12-10,163
2018-12-11,160
2018-12-12,158
2018-12-13,155
2018-12-14,155
2018-12-17,155
2018-12-18,156
2018-12-19,160
2018-12-20,157
2018-12-21,159
2018-12-24,162
2018-12-25,162
2018-12-26,158
2018-12-27,160
2018-12-28,163
2018-12-31,166
2019-01-01,166
2019-01-02,164
2019-01-03,168
2019-01-04,159
2019-01-07,154
2019-01-08,151
2019-01-09,147
2019-01-10,149
2019-01-11,150
2019-01-14,149
2019-01-15,149
2019-01-16,148
2019-01-17,145
2019-01-18,143
2019-01-21,143
2019-01-22,144
2019-01-23,142
2019-01-24,143
2019-01-25,139
2019-01-28,141
2019-01-29,143
2019-01-30,143
2019-01-31,145
2019-02-01,141
2019-02-04,138
2019-02-05,136
2019-02-06,135
2019-02-07,139
2019-02-08,139
2019-02-11,138
2019-02-12,136
2019-02-13,135
2019-02-14,136
2019-02-15,136
2019-02-18,136
2019-02-19,136
2019-02-20,137
2019-02-21,134
2019-02-22,136
2019-02-25,134
2019-02-26,133
2019-02-27,128
2019-02-28,129
2019-03-01,128
2019-03-04,130
2019-03-05,131
2019-03-06,130
2019-03-07,134
2019-03-08,135
2019-03-11,134
2019-03-12,135
2019-03-13,135
2019-03-14,132
2019-03-15,133
2019-03-18,132
2019-03-19,130
2019-03-20,133
2019-03-21,131
2019-03-22,133
2019-03-25,134
2019-03-26,136
2019-03-27,135
2019-03-28,134
2019-03-29,133
2019-04-01,131
2019-04-02,131
2019-04-03,130
2019-04-04,129
2019-04-05,129
2019-04-08,128
2019-04-09,128
2019-04-10,130
2019-04-11,129
2019-04-12,126
2019-04-15,128
2019-04-16,125
2019-04-17,126
2019-04-18,126
2019-04-19,126
2019-04-22,126
2019-04-23,126
2019-04-24,127
2019-04-25,128
2019-04-26,127
2019-04-29,126
2019-04-30,127
2019-05-01,126
2019-05-02,124
2019-05-03,122
2019-05-06,123
2019-05-07,126
2019-05-08,125
2019-05-09,128
2019-05-10,128
2019-05-13,133
2019-05-14,131
2019-05-15,134
2019-05-16,133
2019-05-17,134
2019-05-20,133
2019-05-21,131
2019-05-22,133
2019-05-23,138
2019-05-24,138
2019-05-27,138
2019-05-28,138
2019-05-29,141
2019-05-30,143
2019-05-31,145
2019-06-03,149
2019-06-04,143
2019-06-05,142
2019-06-06,141
2019-06-07,141
2019-06-10,136
2019-06-11,135
2019-06-12,136
2019-06-13,136
2019-06-14,136
2019-06-17,137
2019-06-18,136
2019-06-19,137
2019-06-20,136
2019-06-21,132
2019-06-24,134
2019-06-25,135
2019-06-26,132
2019-06-27,133
2019-06-28,135
2019-07-01,132
2019-07-02,135
2019-07-03,135
2019-07-04,135
2019-07-05,131
2019-07-08,131
2019-07-09,129
2019-07-10,130
2019-07-11,129
2019-07-12,128
2019-07-15,129
2019-07-16,128
2019-07-17,129
2019-07-18,130
2019-07-19,130
2019-07-22,130
2019-07-23,129
2019-07-24,129
2019-07-25,127
2019-07-26,127
2019-07-29,127
2019-07-30,128
2019-07-31,125
2019-08-01,132
2019-08-02,131
2019-08-05,137
2019-08-06,136
2019-08-07,137
2019-08-08,134
2019-08-09,132
2019-08-12,137
2019-08-13,135
2019-08-14,137
2019-08-15,139
2019-08-16,139
2019-08-19,135
2019-08-20,138
2019-08-21,136
2019-08-22,133
2019-08-23,138
2019-08-26,136
2019-08-27,138
2019-08-28,137
2019-08-29,133
2019-08-30,133
2019-09-02,133
2019-09-03,134
2019-09-04,133
2019-09-05,129
2019-09-06,130
2019-09-09,128
2019-09-10,126
2019-09-11,127
2019-09-12,124
2019-09-13,126
2019-09-16,129
2019-09-17,130
2019-09-18,129
2019-09-19,129
2019-09-20,130
2019-09-23,132
2019-09-24,139
2019-09-25,138
2019-09-26,137
2019-09-27,139
2019-09-30,139
2019-10-01,140
2019-10-02,144
2019-10-03,148
2019-10-04,143
2019-10-07,140
2019-10-08,142
2019-10-09,140
2019-10-10,138
2019-10-11,134
2019-10-14,134
2019-10-15,133
2019-10-16,132
2019-10-17,132
2019-10-18,131
2019-10-21,132
2019-10-22,134
2019-10-23,133
2019-10-24,133
2019-10-25,130
2019-10-28,129
2019-10-29,131
2019-10-30,136
2019-10-31,141
2019-11-01,141
2019-11-04,141
2019-11-05,140
2019-11-06,141
2019-11-07,139
2019-11-08,138
2019-11-11,144
2019-11-12,144
2019-11-13,147
2019-11-14,148
2019-11-15,147
2019-11-18,146
2019-11-19,151
2019-11-20,153
2019-11-21,152
2019-11-22,151
2019-11-25,149
2019-11-26,150
2019-11-27,149
2019-11-28,149
2019-11-29,149
2019-12-02,150
2019-12-03,154
2019-12-04,152
2019-12-05,151
2019-12-06,149
2019-12-09,149
2019-12-10,148
2019-12-11,149
2019-12-12,145
2019-12-13,145
2019-12-16,140
2019-12-17,139
2019-12-18,136
2019-12-19,137
2019-12-20,136
2019-12-23,135
2019-12-24,137
2019-12-25,137
2019-12-26,137
2019-12-27,137
2019-12-30,136
2019-12-31,135
2020-01-01,135
2020-01-02,136
2020-01-03,139
2020-01-06,137
2020-01-07,139
2020-01-08,139
2020-01-09,140
2020-01-10,140
2020-01-13,141
2020-01-14,142
2020-01-15,143
2020-01-16,141
2020-01-17,139
2020-01-20,139
2020-01-21,142
2020-01-22,142
2020-01-23,146
2020-01-24,149
2020-01-27,153
2020-01-28,150
2020-01-29,151
2020-01-30,151
2020-01-31,149
2020-02-03,149
2020-02-04,147
2020-02-05,143
2020-02-06,142
2020-02-07,143
2020-02-10,144
2020-02-11,143
2020-02-12,141
2020-02-13,141
2020-02-14,140
2020-02-17,140
2020-02-18,141
2020-02-19,140
2020-02-20,141
2020-02-21,142
2020-02-24,146
2020-02-25,152
2020-02-26,156
2020-02-27,165
2020-02-28,180
2020-03-02,180
2020-03-03,178
2020-03-04,170
2020-03-05,180
2020-03-06,207
2020-03-09,245
2020-03-10,230
2020-03-11,251
2020-03-12,295
2020-03-13,284
2020-03-16,328
2020-03-17,326
2020-03-18,366
2020-03-19,379
2020-03-20,374
2020-03-23,388
2020-03-24,370
2020-03-25,330
2020-03-26,307
2020-03-27,317
2020-03-30,315
2020-03-31,301
2020-04-01,321
2020-04-02,326
2020-04-03,331
2020-04-06,328
2020-04-07,318
2020-04-08,315
2020-04-09,307
2020-04-10,307
2020-04-13,296
2020-04-14,290
2020-04-15,304
2020-04-16,305
2020-04-17,296
2020-04-20,297
2020-04-21,306
2020-04-22,302
2020-04-23,303
2020-04-24,305
2020-04-27,298
2020-04-28,300
2020-04-29,296
2020-04-30,284
2020-05-01,282
2020-05-04,281
2020-05-05,277
2020-05-06,270
2020-05-07,277
2020-05-08,270
2020-05-11,264
2020-05-12,265
2020-05-13,271
2020-05-14,274
2020-05-15,268
2020-05-18,251
2020-05-19,248
2020-05-20,238
2020-05-21,232
2020-05-22,232
2020-05-25,232
2020-05-26,222
2020-05-27,223
2020-05-28,219
2020-05-29,226
2020-06-01,223
2020-06-02,218
2020-06-03,206
2020-06-04,202
2020-06-05,194
2020-06-08,194
2020-06-09,201
2020-06-10,207
2020-06-11,217
2020-06-12,216
2020-06-15,218
2020-06-16,206
2020-06-17,209
2020-06-18,212
2020-06-19,210
2020-06-22,207
2020-06-23,206
2020-06-24,208
2020-06-25,209
2020-06-26,214
2020-06-29,214
2020-06-30,211
2020-07-01,207
2020-07-02,206
2020-07-03,206
2020-07-06,202
2020-07-07,206
2020-07-08,204
2020-07-09,210
2020-07-10,206
2020-07-13,205
2020-07-14,208
2020-07-15,204
2020-07-16,205
2020-07-17,201
2020-07-20,199
2020-07-21,196
2020-07-22,194
2020-07-23,195
2020-07-24,196
2020-07-27,192
2020-07-28,195
2020-07-29,190
2020-07-30,190
2020-07-31,185
2020-08-03,179
2020-08-04,180
2020-08-05,172
2020-08-06,170
2020-08-07,167
2020-08-10,165
2020-08-11,161
2020-08-12,161
2020-08-13,158
2020-08-14,162
2020-08-17,166
2020-08-18,170
2020-08-19,170
2020-08-20,175
2020-08-21,175
2020-08-24,173
2020-08-25,173
2020-08-26,174
2020-08-27,172
2020-08-28,172
2020-08-31,175
2020-09-01,174
2020-09-02,174
2020-09-03,176
2020-09-04,169
2020-09-07,169
2020-09-08,172
2020-09-09,169
2020-09-10,170
2020-09-11,172
2020-09-14,172
2020-09-15,170
2020-09-16,170
2020-09-17,172
2020-09-18,172
2020-09-21,180
2020-09-22,182
2020-09-23,187
2020-09-24,189
2020-09-25,188
2020-09-28,186
2020-09-29,187
2020-09-30,187
2020-10-01,182
2020-10-02,178
2020-10-05,170
2020-10-06,172
2020-10-07,167
2020-10-08,166
2020-10-09,164
2020-10-12,164
2020-10-13,166
2020-10-14,165
2020-10-15,163
2020-10-16,161
2020-10-19,160
2020-10-20,159
2020-10-21,161
2020-10-22,160
2020-10-23,165
2020-10-26,170
2020-10-27,171
2020-10-28,174
2020-10-29,174
2020-10-30,174
2020-11-02,175
2020-11-03,172
2020-11-04,168
2020-11-05,163
2020-11-06,161
2020-11-09,147
2020-11-10,147
2020-11-11,147
2020-11-12,152
2020-11-13,151
2020-11-16,149
2020-11-17,152
2020-11-18,150
2020-11-19,152
2020-11-20,154
2020-11-23,152
2020-11-24,151
2020-11-25,153
2020-11-26,153
2020-11-27,157
2020-11-30,157
2020-12-01,151
2020-12-02,147
2020-12-03,148
2020-12-04,144
2020-12-07,148
2020-12-08,149
2020-12-09,147
2020-12-10,151
2020-12-11,152
2020-12-14,151
2020-12-15,148
2020-12-16,148
2020-12-17,145
2020-12-18,143
2020-12-21,144
2020-12-22,147
2020-12-23,143
2020-12-24,145
2020-12-25,145
2020-12-28,144
2020-12-29,143
2020-12-30,143
2020-12-31,144
2021-01-01,144
2021-01-04,144
2021-01-05,142
2021-01-06,138
2021-01-07,137
2021-01-08,135
2021-01-11,137
2021-01-12,142
2021-01-13,142
2021-01-14,138
2021-01-15,140
2021-01-18,140
2021-01-19,142
2021-01-20,142
2021-01-21,140
2021-01-22,141
2021-01-25,144
2021-01-26,144
2021-01-27,145
2021-01-28,143
2021-01-29,138
2021-02-01,138
2021-02-02,134
2021-02-03,133
2021-02-04,134
2021-02-05,131
2021-02-08,132
2021-02-09,131
2021-02-10,132
2021-02-11,129
2021-02-12,127
2021-02-15,127
2021-02-16,126
2021-02-17,128
2021-02-18,129
2021-02-19,128
2021-02-22,131
2021-02-23,133
2021-02-24,132
2021-02-25,133
2021-02-26,142
2021-03-01,138
2021-03-02,140
2021-03-03,139
2021-03-04,138
2021-03-05,144
2021-03-08,147
2021-03-09,148
2021-03-10,146
2021-03-11,141
2021-03-12,135
2021-03-15,136
2021-03-16,131
2021-03-17,130
2021-03-18,126
2021-03-19,124
2021-03-22,126
2021-03-23,126
2021-03-24,126
2021-03-25,126
2021-03-26,124
2021-03-29,120
2021-03-30,124
2021-03-31,122
2021-04-01,124
2021-04-02,124
2021-04-05,122
2021-04-06,124
2021-04-07,123
2021-04-08,124
2021-04-09,123
2021-04-12,124
2021-04-13,126
2021-04-14,125
2021-04-15,128
2021-04-16,125
2021-04-19,123
2021-04-20,127
2021-04-21,127
2021-04-22,128
2021-04-23,127
2021-04-26,129
2021-04-27,127
2021-04-28,129
2021-04-29,128
2021-04-30,126
2021-05-03,128
2021-05-04,133
2021-05-05,135
2021-05-06,135
2021-05-07,128
2021-05-10,125
2021-05-11,125
2021-05-12,123
2021-05-13,123
2021-05-14,126
2021-05-17,131
2021-05-18,131
2021-05-19,131
2021-05-20,135
2021-05-21,134
2021-05-24,137
2021-05-25,140
2021-05-26,139
2021-05-27,137
2021-05-28,135
2021-05-31,135
2021-06-01,135
2021-06-02,135
2021-06-03,135
2021-06-04,139
2021-06-07,139
2021-06-08,141
2021-06-09,142
2021-06-10,144
2021-06-11,143
2021-06-14,141
2021-06-15,142
2021-06-16,141
2021-06-17,144
2021-06-18,147
2021-06-21,147
2021-06-22,141
2021-06-23,139
2021-06-24,136
2021-06-25,131
2021-06-28,134
2021-06-29,134
2021-06-30,135
2021-07-01,134
2021-07-02,138
2021-07-05,138
2021-07-06,142
2021-07-07,144
2021-07-08,144
2021-07-09,140
2021-07-12,141
2021-07-13,140
2021-07-14,141
2021-07-15,145
2021-07-16,142
2021-07-19,149
2021-07-20,146
2021-07-21,144
2021-07-22,148
2021-07-23,148
2021-07-26,149
2021-07-27,152
2021-07-28,149
2021-07-29,148
2021-07-30,145
2021-08-02,146
2021-08-03,144
2021-08-04,144
2021-08-05,140
2021-08-06,136
2021-08-09,135
2021-08-10,136
2021-08-11,136
2021-08-12,135
2021-08-13,139
2021-08-16,141
2021-08-17,141
2021-08-18,140
2021-08-19,142
2021-08-20,141
2021-08-23,139
2021-08-24,135
2021-08-25,131
2021-08-26,134
2021-08-27,136
2021-08-30,136
2021-08-31,136
2021-09-01,136
2021-09-02,137
2021-09-03,135
2021-09-06,135
2021-09-07,133
2021-09-08,136
2021-09-09,140
2021-09-10,137
2021-09-13,140
2021-09-14,145
2021-09-15,143
2021-09-16,142
2021-09-17,141
2021-09-20,150
2021-09-21,147
2021-09-22,146
2021-09-23,141
2021-09-24,141
2021-09-27,142
2021-09-28,143
2021-09-29,144
2021-09-30,150
2021-10-01,155
2021-10-04,156
2021-10-05,153
2021-10-06,156
2021-10-07,152
2021-10-08,153
2021-10-11,153
2021-10-12,158
2021-10-13,159
2021-10-14,159
2021-10-15,158
2021-10-18,161
2021-10-19,157
2021-10-20,157
2021-10-21,156
2021-10-22,156
2021-10-25,156
2021-10-26,156
2021-10-27,155
2021-10-28,154
2021-10-29,161
2021-11-01,161
2021-11-02,163
2021-11-03,155
2021-11-04,157
2021-11-05,160
2021-11-08,149
2021-11-09,148
2021-11-10,146
2021-11-11,146
2021-11-12,146
2021-11-15,143
2021-11-16,143
2021-11-17,149
2021-11-18,152
2021-11-19,155
2021-11-22,147
2021-11-23,148
2021-11-24,152
2021-11-25,152
2021-11-26,170
2021-11-29,164
2021-11-30,166
2021-12-01,163
2021-12-02,162
2021-12-03,168
2021-12-06,161
2021-12-07,155
2021-12-08,150
2021-12-09,149
2021-12-10,150
2021-12-13,154
2021-12-14,153
2021-12-15,150
2021-12-16,153
2021-12-17,156
2021-12-20,159
2021-12-21,156
2021-12-22,159
2021-12-23,155
2021-12-24,155
2021-12-27,155
2021-12-28,154
2021-12-29,149
2021-12-30,152
2021-12-31,153
2022-01-03,145
2022-01-04,144
2022-01-05,145
2022-01-06,151
2022-01-07,151
2022-01-10,155
2022-01-11,159
2022-01-12,158
2022-01-13,161
2022-01-14,160
2022-01-17,160
2022-01-18,162
2022-01-19,164
2022-01-20,163
2022-01-21,167
2022-01-24,167
2022-01-25,166
2022-01-26,161
2022-01-27,171
2022-01-28,173
2022-01-31,167
2022-02-01,166
2022-02-02,166
2022-02-03,164
2022-02-04,164
2022-02-07,168
2022-02-08,169
2022-02-09,167
2022-02-10,164
2022-02-11,176
2022-02-14,172
2022-02-15,166
2022-02-16,168
2022-02-17,172
2022-02-18,178
2022-02-21,178
2022-02-22,184
2022-02-23,185
2022-02-24,190
2022-02-25,186
2022-02-28,195
2022-03-01,195
2022-03-02,191
2022-03-03,191
2022-03-04,202
2022-03-07,203
2022-03-08,202
2022-03-09,193
2022-03-10,191
2022-03-11,190
2022-03-14,184
2022-03-15,185
2022-03-16,184
2022-03-17,171
2022-03-18,172
2022-03-21,166
2022-03-22,164
2022-03-23,174
2022-03-24,165
2022-03-25,160
2022-03-28,160
2022-03-29,157
2022-03-30,157
2022-03-31,158
2022-04-01,158
2022-04-04,151
2022-04-05,145
2022-04-06,145
2022-04-07,150
2022-04-08,153
2022-04-11,158
2022-04-12,160
2022-04-13,161
2022-04-14,153
2022-04-15,153
2022-04-18,154
2022-04-19,157
2022-04-20,165
2022-04-21,171
2022-04-22,175
2022-04-25,179
2022-04-26,182
2022-04-27,177
2022-04-28,182
2022-04-29,182
2022-05-02,188
2022-05-03,184
2022-05-04,185
2022-05-05,178
2022-05-06,176
2022-05-09,195
2022-05-10,191
2022-05-11,193
2022-05-12,192
2022-05-13,185
2022-05-16,187
2022-05-17,182
2022-05-18,196
2022-05-19,194
2022-05-20,199
2022-05-23,191
2022-05-24,197
2022-05-25,188
2022-05-26,182
2022-05-27,175
2022-05-30,175
2022-05-31,166
2022-06-01,166
2022-06-02,165
2022-06-03,165
2022-06-06,162
2022-06-07,166
2022-06-08,163
2022-06-09,169
2022-06-10,172
2022-06-13,182
2022-06-14,180
2022-06-15,181
2022-06-16,188
2022-06-17,187
2022-06-20,187
2022-06-21,181
2022-06-22,189
2022-06-23,188
2022-06-24,184
2022-06-27,182
2022-06-28,194
2022-06-29,198
2022-06-30,196
2022-07-01,198
2022-07-04,198
2022-07-05,200
2022-07-06,192
2022-07-07,188
2022-07-08,186
2022-07-11,196
2022-07-12,202
2022-07-13,209
2022-07-14,214
2022-07-15,213
2022-07-18,207
2022-07-19,201
2022-07-20,197
2022-07-21,206
2022-07-22,209
2022-07-25,203
2022-07-26,202
2022-07-27,197
2022-07-28,195
2022-07-29,189
2022-08-01,193
2022-08-02,184
2022-08-03,191
2022-08-04,187
2022-08-05,180
2022-08-08,184
2022-08-09,186
2022-08-10,177
2022-08-11,169
2022-08-12,174
2022-08-15,174
2022-08-16,178
2022-08-17,180
2022-08-18,182
2022-08-19,188
2022-08-22,199
2022-08-23,193
2022-08-24,186
2022-08-25,189
2022-08-26,193
2022-08-29,196
2022-08-30,199
2022-08-31,198
2022-09-01,203
2022-09-02,204
2022-09-05,204
2022-09-06,193
2022-09-07,194
2022-09-08,186
2022-09-09,181
2022-09-12,178
2022-09-13,186
2022-09-14,193
2022-09-15,187
2022-09-16,190
2022-09-19,190
2022-09-20,190
2022-09-21,193
2022-09-22,185
2022-09-23,192
2022-09-26,197
2022-09-27,195
2022-09-28,208
2022-09-29,213
2022-09-30,208
2022-10-03,207
2022-10-04,191
2022-10-05,196
2022-10-06,196
2022-10-07,200
2022-10-10,200
2022-10-11,204
2022-10-12,210
2022-10-13,212
2022-10-14,210
2022-10-17,206
2022-10-18,205
2022-10-19,206
2022-10-20,202
2022-10-21,203
2022-10-24,195
2022-10-25,197
2022-10-26,192
2022-10-27,199
2022-10-28,189
2022-10-31,193
2022-11-01,186
2022-11-02,186
2022-11-03,183
2022-11-04,177
2022-11-07,167
2022-11-08,168
2022-11-09,174
2022-11-10,172
2022-11-11,172
2022-11-14,161
2022-11-15,160
2022-11-16,164
2022-11-17,164
2022-11-18,162
2022-11-21,160
2022-11-22,163
2022-11-23,167
2022-11-24,167
2022-11-25,168
2022-11-28,163
2022-11-29,154
2022-11-30,157
2022-12-01,158
2022-12-02,156
2022-12-05,152
2022-12-06,158
2022-12-07,162
2022-12-08,153
2022-12-09,145
2022-12-12,147
2022-12-13,146
2022-12-14,149
2022-12-15,151
2022-12-16,151
2022-12-19,149
2022-12-20,149
2022-12-21,145
2022-12-22,145
2022-12-23,140
2022-12-26,140
2022-12-27,136
2022-12-28,137
2022-12-29,143
2022-12-30,140
2023-01-02,140
2023-01-03,147
2023-01-04,154
2023-01-05,162
2023-01-06,165
2023-01-09,164
2023-01-10,161
2023-01-11,161
2023-01-12,160
2023-01-13,153
2023-01-16,153
2023-01-17,151
2023-01-18,149
2023-01-19,148
2023-01-20,145
2023-01-23,143
2023-01-24,146
2023-01-25,146
2023-01-26,142
2023-01-27,140
2023-01-30,145
2023-01-31,146
2023-02-01,146
2023-02-02,139
2023-02-03,136
2023-02-06,135
2023-02-07,136
2023-02-08,142
2023-02-09,140
2023-02-10,140
2023-02-13,140
2023-02-14,139
2023-02-15,140
2023-02-16,135
2023-02-17,139
2023-02-20,139
2023-02-21,135
2023-02-22,140
2023-02-23,141
2023-02-24,140
2023-02-27,142
2023-02-28,145
2023-03-01,143
2023-03-02,142
2023-03-03,143
2023-03-06,139
2023-03-07,141
2023-03-08,143
2023-03-09,149
2023-03-10,157
2023-03-13,161
2023-03-14,151
2023-03-15,162
2023-03-16,154
2023-03-17,163
2023-03-20,159
2023-03-21,154
2023-03-22,161
2023-03-23,160
2023-03-24,160
2023-03-27,149
2023-03-28,151
2023-03-29,150
2023-03-30,151
2023-03-31,153
2023-04-03,151
2023-04-04,155
2023-04-05,156
2023-04-06,155
2023-04-07,151
2023-04-10,150
2023-04-11,149
2023-04-12,149
2023-04-13,147
2023-04-14,143
2023-04-17,140
2023-04-18,143
2023-04-19,145
2023-04-20,148
2023-04-21,145
2023-04-24,147
2023-04-25,149
2023-04-26,147
2023-04-27,142
2023-04-28,143
2023-05-01,136
2023-05-02,145
2023-05-03,147
2023-05-04,146
2023-05-05,144
2023-05-08,141
2023-05-09,137
2023-05-10,139
2023-05-11,140
2023-05-12,138
2023-05-15,140
2023-05-16,137
2023-05-17,137
2023-05-18,133
2023-05-19,134
2023-05-22,136
2023-05-23,139
2023-05-24,137
2023-05-25,134
2023-05-26,136
2023-05-29,136
2023-05-30,139
2023-05-31,145
2023-06-01,144
2023-06-02,136
2023-06-05,139
2023-06-06,140
2023-06-07,135
2023-06-08,140
2023-06-09,137
2023-06-12,137
2023-06-13,132
2023-06-14,134
2023-06-15,136
2023-06-16,134
2023-06-19,134
2023-06-20,136
2023-06-21,136
2023-06-22,132
2023-06-23,136
2023-06-26,135
2023-06-27,132
2023-06-28,136
2023-06-29,132
2023-06-30,132
2023-07-03,129
2023-07-04,129
2023-07-05,126
2023-07-06,126
2023-07-07,126
2023-07-10,128
2023-07-11,125
2023-07-12,130
2023-07-13,131
2023-07-14,126
2023-07-17,127
2023-07-18,126
2023-07-19,129
2023-07-20,125
2023-07-21,124
2023-07-24,122
2023-07-25,123
2023-07-26,123
2023-07-27,117
2023-07-28,119
2023-07-31,119
2023-08-01,117
2023-08-02,121
2023-08-03,120
2023-08-04,126
2023-08-07,125
2023-08-08,126
2023-08-09,120
2023-08-10,120
2023-08-11,121
2023-08-14,126
2023-08-15,128
2023-08-16,132
2023-08-17,135
2023-08-18,134
2023-08-21,133
2023-08-22,136
2023-08-23,134
2023-08-24,135
2023-08-25,133
2023-08-28,133
2023-08-29,132
2023-08-30,131
2023-08-31,128
2023-09-01,128
2023-09-04,130
2023-09-05,134
2023-09-06,134
2023-09-07,133
2023-09-08,133
2023-09-11,135
2023-09-12,134
2023-09-13,132
2023-09-14,131
2023-09-15,134
2023-09-18,131
2023-09-19,129
2023-09-20,129
2023-09-21,132
2023-09-22,129
2023-09-25,131
2023-09-26,131
2023-09-27,135
2023-09-28,135
2023-09-29,135
2023-10-02,139
2023-10-03,143
2023-10-04,150
2023-10-05,146
2023-10-06,146
2023-10-09,147
2023-10-10,151
2023-10-11,149
2023-10-12,155
2023-10-13,152
2023-10-16,152
2023-10-17,151
2023-10-18,149
2023-10-19,152
2023-10-20,154
2023-10-23,153
2023-10-24,149
2023-10-25,154
2023-10-26,155
2023-10-27,151
2023-10-30,147
2023-10-31,155
2023-11-01,152
2023-11-02,149
2023-11-03,152
2023-11-06,157
2023-11-07,159
2023-11-08,155
2023-11-09,154
2023-11-10,155
2023-11-13,155
2023-11-14,150
2023-11-15,151
2023-11-16,149
2023-11-17,146
2023-11-20,143
2023-11-21,142
2023-11-22,142
2023-11-23,137
2023-11-24,141
2023-11-27,140
2023-11-28,137
2023-11-29,134
2023-11-30,137
2023-12-01,133
2023-12-04,135
2023-12-05,136
2023-12-06,133
2023-12-07,132
2023-12-08,132
2023-12-11,135
2023-12-12,142
2023-12-13,136
2023-12-14,135
2023-12-15,134
2023-12-18,133
2023-12-19,136
2023-12-20,133
2023-12-21,132
2023-12-22,132
2023-12-25,133
2023-12-26,139
2023-12-27,135
2023-12-28,132
2023-12-29,132
2024-01-01,137
2024-01-02,149
2024-01-03,145
2024-01-04,141
2024-01-05,144
2024-01-08,144
2024-01-09,138
2024-01-10,138
2024-01-11,139
2024-01-12,139
2024-01-15,134
2024-01-16,136
2024-01-17,133
2024-01-18,134
2024-01-19,134
2024-01-22,140
2024-01-23,136
2024-01-24,136
2024-01-25,137
2024-01-26,135
2024-01-29,135
2024-01-30,137
2024-01-31,143
2024-02-01,144
2024-02-02,139
2024-02-05,140
2024-02-06,140
2024-02-07,140
2024-02-08,140
2024-02-09,140
2024-02-12,140
2024-02-13,136
2024-02-14,136
2024-02-15,134
2024-02-16,133
2024-02-19,133
2024-02-20,133
2024-02-21,130
2024-02-22,131
2024-02-23,132
2024-02-26,132
2024-02-27,131
2024-02-28,133
2024-02-29,134
2024-03-01,137
2024-03-04,133
2024-03-05,135
2024-03-06,135
2024-03-07,138
2024-03-08,139
2024-03-11,136
2024-03-12,134
2024-03-13,130
2024-03-14,128
2024-03-15,128
2024-03-18,128
2024-03-19,128
2024-03-20,127
2024-03-21,124
2024-03-22,126
2024-03-25,125
2024-03-26,127
2024-03-27,127
2024-03-28,127
2024-03-29,127
2024-04-01,123
2024-04-02,125
2024-04-03,124
2024-04-04,123
2024-04-05,118
2024-04-08,117
2024-04-09,118
2024-04-10,113
2024-04-11,113
2024-04-12,116
2024-04-15,117
2024-04-16,119
2024-04-17,121
2024-04-18,120
2024-04-19,120
2024-04-22,119
2024-04-23,119
2024-04-24,120
2024-04-25,122
2024-04-26,122
2024-04-29,122
2024-04-30,121
2024-05-01,124
2024-05-02,123
2024-05-03,122
2024-05-06,123
2024-05-07,125
2024-05-08,118
2024-05-09,119
2024-05-10,118
2024-05-13,118
2024-05-14,119
2024-05-15,119
2024-05-16,117
2024-05-17,116
2024-05-20,114
2024-05-21,114
2024-05-22,115
2024-05-23,115
2024-05-24,117
2024-05-27,117
2024-05-28,123
2024-05-29,114
2024-05-30,115
2024-05-31,118
2024-06-03,122
2024-06-04,124
2024-06-05,125
2024-06-06,126
2024-06-07,121
2024-06-10,120
2024-06-11,124
2024-06-12,122
2024-06-13,126
2024-06-14,128
2024-06-17,128
2024-06-18,128
2024-06-19,128
2024-06-20,128
2024-06-21,127
2024-06-24,128
2024-06-25,127
2024-06-26,125
2024-06-27,126
2024-06-28,120
2024-07-01,123
2024-07-02,121
2024-07-03,123
2024-07-04,123
2024-07-05,124
2024-07-08,121
2024-07-09,121
2024-07-10,122
2024-07-11,120
2024-07-12,122
2024-07-15,121
2024-07-16,123
2024-07-17,126
2024-07-18,123
2024-07-19,124
2024-07-22,124
2024-07-23,120
2024-07-24,120
2024-07-25,122
2024-07-26,124
2024-07-29,123
2024-07-30,127
2024-07-31,131
2024-08-01,135
2024-08-02,144
2024-08-05,150
2024-08-06,142
2024-08-07,138
2024-08-08,136
2024-08-09,137
2024-08-12,136
2024-08-13,134
2024-08-14,131
2024-08-15,128
2024-08-16,128
2024-08-19,127
2024-08-20,130
2024-08-21,128
2024-08-22,127
2024-08-23,128
2024-08-26,126
2024-08-27,126
2024-08-28,125
2024-08-29,126
2024-08-30,122
2024-09-02,122
2024-09-03,129
2024-09-04,129
2024-09-05,132
2024-09-06,133
2024-09-09,134
2024-09-10,134
2024-09-11,135
2024-09-12,133
2024-09-13,132
2024-09-16,135
2024-09-17,130
2024-09-18,125
2024-09-19,123
2024-09-20,123
2024-09-23,124
2024-09-24,125
2024-09-25,123
2024-09-26,121
2024-09-27,122
2024-09-30,118
2024-10-01,119
2024-10-02,116
2024-10-03,113
2024-10-04,111
2024-10-07,114
2024-10-08,116
2024-10-09,113
2024-10-10,115
2024-10-11,114
2024-10-14,117
2024-10-15,117
2024-10-16,115
2024-10-17,113
2024-10-18,114
2024-10-21,111
2024-10-22,115
2024-10-23,116
2024-10-24,118
2024-10-25,114
2024-10-28,114
2024-10-29,115
2024-10-30,114
2024-10-31,116
2024-11-01,113
2024-11-04,117
2024-11-05,119
2024-11-06,117
2024-11-07,116
2024-11-08,117
2024-11-11,117
2024-11-12,115
2024-11-13,113
2024-11-14,114
2024-11-15,117
2024-11-18,120
2024-11-19,119
2024-11-20,116
2024-11-21,118
2024-11-22,117
2024-11-25,123
2024-11-26,121
2024-11-27,122
2024-11-28,124
2024-11-29,126
2024-12-02,126
2024-12-03,120
2024-12-04,124
2024-12-05,124
2024-12-06,121
2024-12-09,120
2024-12-10,118
2024-12-11,115
2024-12-12,114
2024-12-13,114
2024-12-16,118
2024-12-17,120
2024-12-18,114
2024-12-19,118
2024-12-20,118
2024-12-23,116
2024-12-24,115
2024-12-25,115
2024-12-26,117
2024-12-27,112
2024-12-30,120
2024-12-31,117
2025-01-01,117
2025-01-02,120
2025-01-03,118
2025-01-06,118
2025-01-07,119
2025-01-08,124
2025-01-09,122
2025-01-10,122
2025-01-13,122
2025-01-14,123
2025-01-15,123
2025-01-16,125
2025-01-17,121
2025-01-20,121
2025-01-21,123
2025-01-22,120
2025-01-23,117
2025-01-24,121
2025-01-27,125
2025-01-28,123
2025-01-29,122
2025-01-30,121
2025-01-31,124
2025-02-03,126
2025-02-04,126
2025-02-05,128
2025-02-06,128
2025-02-07,126
2025-02-10,124
2025-02-11,124
2025-02-12,123
2025-02-13,125
2025-02-14,123
2025-02-17,123
2025-02-18,120
2025-02-19,121
2025-02-20,123
2025-02-21,126
2025-02-24,127
2025-02-25,129
2025-02-26,128
2025-02-27,128
2025-02-28,131
2025-03-03,134
2025-03-04,127
2025-03-05,122
2025-03-06,126
2025-03-07,126
2025-03-10,128
2025-03-11,126
2025-03-12,125
2025-03-13,133
2025-03-14,129
2025-03-17,129
2025-03-18,129
2025-03-19,129
2025-03-20,129
2025-03-21,128
2025-03-24,125
2025-03-25,125
2025-03-26,124
2025-03-27,125
2025-03-28,132
2025-03-31,132
2025-04-01,131
2025-04-02,131
2025-04-03,140
2025-04-04,145
2025-04-07,139
2025-04-08,136
2025-04-09,138
2025-04-10,134
2025-04-11,138
2025-04-14,137
2025-04-15,140
2025-04-16,145
2025-04-17,141
2025-04-18,141
2025-04-21,138
2025-04-22,136
2025-04-23,132
2025-04-24,135
2025-04-25,134
2025-04-28,136
2025-04-29,135
2025-04-30,133
2025-05-01,131
2025-05-02,126
2025-05-05,126
2025-05-06,127
2025-05-07,127
2025-05-08,121
2025-05-09,124
2025-05-12,117
2025-05-13,117
2025-05-14,118
2025-05-15,122
2025-05-16,120
2025-05-19,122
2025-05-20,119
2025-05-21,114
2025-05-22,120
2025-05-23,121
2025-05-26,121
2025-05-27,120
2025-05-28,120
2025-05-29,120
2025-05-30,122
2025-06-02,120
2025-06-03,117
2025-06-04,122
2025-06-05,119
2025-06-06,113
2025-06-09,115
2025-06-10,115
2025-06-11,115
2025-06-12,117
2025-06-13,113
2025-06-16,109
2025-06-17,115
2025-06-18,114
2025-06-19,114
2025-06-20,115
2025-06-23,116
2025-06-24,117
2025-06-25,119
2025-06-26,121
2025-06-27,118
2025-06-30,118
2025-07-01,116
2025-07-02,113
2025-07-03,108
2025-07-04,108
2025-07-07,107
2025-07-08,111
2025-07-09,113
2025-07-10,110
2025-07-11,108
2025-07-14,109
2025-07-15,105
2025-07-16,109
2025-07-17,109
2025-07-18,107
2025-07-21,109
2025-07-22,111
2025-07-23,107
2025-07-24,105
2025-07-25,109
2025-07-28,105
2025-07-29,109
2025-07-30,108
2025-07-31,107
2025-08-01,115
2025-08-04,113
2025-08-05,114
2025-08-06,113
2025-08-07,111
2025-08-08,109
2025-08-11,108
2025-08-12,105
2025-08-13,104
2025-08-14,102
2025-08-15,99
2025-08-18,99
2025-08-19,100
2025-08-20,102
2025-08-21,103
2025-08-22,105
2025-08-25,103
2025-08-26,104
2025-08-27,107
2025-08-28,107
2025-08-29,104
2025-09-01,104
2025-09-02,104
2025-09-03,105
2025-09-04,106
2025-09-05,109
2025-09-08,111
2025-09-09,108
2025-09-10,106
2025-09-11,103
2025-09-12,103
2025-09-15,104
2025-09-16,103
2025-09-17,99
2025-09-18,94
2025-09-19,96
2025-09-22,95
2025-09-23,96
2025-09-24,94
2025-09-25,95
2025-09-26,95
2025-09-29,98
2025-09-30,96
2025-10-01,98
2025-10-02,100
2025-10-03,97
2025-10-06,95
2025-10-07,97
2025-10-08,97
2025-10-09,98
2025-10-10,106
2025-10-13,106
2025-10-14,106
2025-10-15,102
2025-10-16,104
2025-10-17,103
2025-10-20,102
2025-10-21,100
2025-10-22,101
2025-10-23,100
2025-10-24,98
2025-10-27,98
2025-10-28,98
2025-10-29,91
2025-10-30,94
2025-10-31,92
2025-11-03,95
2025-11-04,98
2025-11-05,95
2025-11-06,100
2025-11-07,101
2025-11-10,99
2025-11-11,99
2025-11-12,100
2025-11-13,98
2025-11-14,97
2025-11-17,95
2025-11-18,95
2025-11-19,95
2025-11-20,97
2025-11-21,98
2025-11-24,100
2025-11-25,102
2025-11-26,102
2025-11-27,102
2025-11-28,100
2025-12-01,95
2025-12-02,94
2025-12-03,94
2025-12-04,92
2025-12-05,90
2025-12-08,90
2025-12-09,91
2025-12-10,92
2025-12-11,91
2025-12-12,87
2025-12-15,86
2025-12-16,90
2025-12-17,91
2025-12-18,92
2025-12-19,90
2025-12-22,89
2025-12-23,91
2025-12-24,92
2025-12-25,92
2025-12-26,91
2025-12-29,93
2025-12-30,93
2025-12-31,89
2026-01-01,89
2026-01-02,89
2026-01-05,93
2026-01-06,92
2026-01-07,94
2026-01-08,94
2026-01-09,93
2026-01-12,93
2026-01-13,94
2026-01-14,96
2026-01-15,93
2026-01-16,90
2026-01-19,90
2026-01-20,87
2026-01-21,91
2026-01-22,87
2026-01-23,89
2026-01-26,90
2026-01-27,90
2026-01-28,89
2026-01-29,87
2026-01-30,88
2026-02-02,86
2026-02-03,88
2026-02-04,86
2026-02-05,92
2026-02-06,90
2026-02-09,89
2026-02-10,92
2026-02-11,89
2026-02-12,94
2026-02-13,95
2026-02-16,95
2026-02-17,92
2026-02-18,91
2026-02-19,91
2026-02-20,90
2026-02-23,91
2026-02-24,90
2026-02-25,89
2026-02-26,93
2026-02-27,95
2026-03-02,93
2026-03-03,96
2026-03-04,91
2026-03-05,89
2026-03-06,92
2026-03-09,96
2026-03-10,89
2026-03-11,85
2026-03-12,87
2026-03-13,89
2026-03-16,93
2026-03-17,94
2026-03-18,94
2026-03-19,99
2026-03-20,97
2026-03-23,99
2026-03-24,98
2026-03-25,100
2026-03-26,98
2026-03-27,101
2026-03-30,106
2026-03-31,102
2026-04-01,99
2026-04-02,101
2026-04-03,99
2026-04-06,100
2026-04-07,104
2026-04-08,95
2026-04-09,95
2026-04-10,92
2026-04-13,93
2026-04-14,91
2026-04-15,88
2026-04-16,86
2026-04-17,89
2026-04-20,87
2026-04-21,85
2026-04-22,84
2026-04-23,85
2026-04-24,87
2026-04-27,85
2026-04-28,87
2026-04-29,83
2026-04-30,83
2026-05-01,84
2026-05-04,83
2026-05-05,82
2026-05-06,84
2026-05-07,83
2026-05-08,84
2026-05-11,83
2026-05-12,82
2026-05-13,84
2026-05-14,83
2026-05-15,80
2026-05-18,83
2026-05-19,83
2026-05-20,87
2026-05-21,88
2026-05-22,86
2026-05-25,86
2026-05-26,87
2026-05-27,88
2026-05-28,87
2026-05-29,86
2026-06-01,88
2026-06-02,86
2026-06-03,85
2026-06-04,84
2026-06-05,84
2026-06-08,84
2026-06-09,88
2026-06-10,88
2026-06-11,92
2026-06-12,87
2026-06-15,83
2026-06-16,84
2026-06-17,82
2026-06-18,85
2026-06-19,85
2026-06-22,82
2026-06-23,85
2026-06-24,89
2026-06-25,90
2026-06-26,92
2026-06-29,92
2026-06-30,84
2026-07-01,83
2026-07-02,85
2026-07-03,85
2026-07-06,85
2026-07-07,82
2026-07-08,84
2026-07-09,82
2026-07-10,84
2026-07-13,82
2026-07-14,83
2026-07-15,85
2026-07-16,88
2026-07-17,87
2026-07-20,84
2026-07-21,84
2026-07-22,85
2026-07-23,84
2026-07-24,89
2026-07-27,90
2026-07-28,92
2026-07-29,87
2026-07-30,92
2026-07-31,94
2026-08-03,92
2026-08-04,93
2026-08-05,94
2026-08-06,92
2026-08-07,91
2026-08-10,88
2026-08-11,88
2026-08-12,88
2026-08-13,89
2026-08-14,87
2026-08-17,85
2026-08-18,90
2026-08-19,93
2026-08-20,90
2026-08-21,89
2026-08-24,90
2026-08-25,94
2026-08-26,93
2026-08-27,90
2026-08-28,89
2026-08-31,87
2026-09-01,89
2026-09-02,90
2026-09-03,88
