fecha,reservas,tc_a3500,badlar,tamar,depositos_usd,usd_oficial,usd_mayorista,usd_mep,usd_ccl,usd_blue,riesgo_pais,tc_oficial_ref,brecha_ccl,brecha_mep,brecha_blue,tasa,deval_implicita,deval_implicita_mensual,futuros_interes_abierto,ipd,ipd_percentil,ipd_bloque_emp,ipd_bloque_portafolio,z_tc_a3500,z_reservas,z_tasa,z_brecha_ccl,z_riesgo_pais,z_deval_implicita,z_depositos_usd
2019-01-01,,,,,,39,37.7,38.11,38.54,40,817,37.7,2.22812,1.08753,6.1008,,,,,,,,,,,,,,,
2019-01-02,65825,37.9333,47,,29086,39,37.65,37.82,37.81,40,791,37.9333,-0.325044,-0.298682,5.44825,47,,,,,,,,,,,,,,
2019-01-03,65817,37.5517,47.5,,29123,39,37.45,37.68,37.81,40,768,37.5517,0.687852,0.341662,6.51981,47.5,,,,,,,,,,,,,,
2019-01-04,65716,37.39,46.9375,,29382,38,37.37,37.56,37.61,40,730,37.39,0.588393,0.454667,6.98048,46.9375,,,,,,,,,,,,,,
2019-01-07,65736,37.3583,47.25,,29419,38,37.31,37.37,37.47,40,713,37.3583,0.298996,0.0313183,7.07125,47.25,,,,,,,,,,,,,,
2019-01-08,65818,37.3742,47.0625,,29484,38,37.6,37.75,37.5,39,727,37.3742,0.336596,1.00551,4.35006,47.0625,,,,,,,,,,,,,,
2019-01-09,65946,37.4708,45.9375,,29509,39,37.37,37.45,37.51,39,708,37.4708,0.104615,-0.0555099,4.08104,45.9375,,,,,,,,,,,,,,
2019-01-10,66042,37.3092,46.5625,,29492,38,37.08,37.34,37.46,40,706,37.3092,0.40419,0.0825534,7.21216,46.5625,,,,,,,,,,,,,,
2019-01-11,66036,37.1033,45.625,,29545,38,36.9,37.09,37.24,39,703,37.1033,0.368431,-0.0358459,5.11194,45.625,,,,,,,,,,,,,,
2019-01-14,65961,37.095,45.875,,29621,38,37,36.99,37.09,39,697,37.095,-0.0134789,-0.283057,5.13546,45.875,,,,,,,,,,,,,,
2019-01-15,66020,37.135,46.5,,29671,38,37.1,37.28,36.89,39,695,37.135,-0.659755,0.390467,5.02222,46.5,,,,,,,,,,,,,,
2019-01-16,66165,37.3567,45.625,,29651,38,37.5,37.62,37.09,39,689,37.3567,-0.713928,0.704827,4.39894,45.625,,,,,,,,,,,,,,
2019-01-17,66257,37.7383,45.75,,29617,39,37.71,37.85,37.62,39,690,37.7383,-0.313475,0.295986,3.34329,45.75,,,,,,,,,,,,,,
2019-01-18,66429,37.62,46,,29563,39,37.58,37.82,37.9,39,672,37.62,0.744285,0.531632,3.66826,46,,,,,,,,,,,,,,
2019-01-21,66418,37.705,45.125,,29565,39,37.7,37.76,37.9,39,672,37.705,0.517173,0.145869,3.43456,45.125,,,,,,,,,,,,,,
2019-01-22,66490,37.59,45.5625,,29533,39,37.53,37.68,37.78,39,689,37.59,0.505454,0.239425,3.751,45.5625,,,,,,,,,,,,,,
2019-01-23,66621,37.56,45.8125,,29555,39,37.56,37.65,37.63,39,670,37.56,0.186368,0.239617,3.83387,45.8125,,,,,,,,,,,,,,
2019-01-24,66519,37.5592,45.375,,29521,39,37.4,37.55,37.63,39,663,37.5592,0.188502,-0.0244947,3.83608,45.375,,,,,,,,,,,,,,
2019-01-25,66413,37.1433,44.625,,29391,38,37.03,37.2,37.48,38,663,37.1433,0.906489,0.152652,2.30647,44.625,,,,,,,,,,,,,,
2019-01-28,66429,37.0933,44.5,,29429,38,37.15,37.27,37.01,38,685,37.0933,-0.224569,0.476366,2.44438,44.5,,,,,,,,,,,,,,
2019-01-29,66449,37.225,44.625,,29464,38,37.7,37.69,37.08,38,696,37.225,-0.389523,1.24916,2.08193,44.625,,,,,,,,,,,,,,
2019-01-30,66409,37.605,44.0625,,29477,39,37.51,37.57,37.5,38,689,37.605,-0.279218,-0.0930727,1.05039,44.0625,,,,,,,,,,,,,,
2019-01-31,66811,37.035,44.5625,,29527,38,37.35,37.54,37.41,38,676,37.035,1.01256,1.36357,2.60564,44.5625,,,,,,,,,,,,,,
2019-02-01,66843,37.2367,42.5625,,29565,38,37.17,37.44,37.45,38,654,37.2367,0.572822,0.545967,2.04986,42.5625,,,,,,,,,,,,,,
2019-02-04,66845,37.24,42.375,,29563,38,37.19,37.26,37.31,38,648,37.24,0.18797,0.0537057,2.04082,42.375,,,,,,,,,,,,,,
2019-02-05,66962,37.1967,41.4375,,29598,38,37.2,37.27,37.13,37,635,37.1967,-0.179317,0.19706,-0.52881,41.4375,,,,,,,,,,,,,,
2019-02-06,67001,37.4283,40.8125,,29606,38,37.52,37.68,37.15,37,652,37.4283,-0.743555,0.672486,-1.14432,40.8125,,,,,,,,,,,,,,
2019-02-07,66980,37.895,39.4375,,29747,39,37.82,37.95,37.48,37,667,37.895,-1.09513,0.145138,-2.36179,39.4375,,,,,,,,,,,,,,
2019-02-08,66894,37.8617,38.125,,29819,39,37.85,37.92,37.76,38,675,37.8617,-0.268609,0.153981,0.365277,38.125,,,,,,,,,,,,,,
2019-02-11,66783,38.32,37.375,,29727,39,37.91,38.09,37.85,38,683,38.32,-1.22651,-0.600209,-0.835073,37.375,,,,,,,,,,,,,,
2019-02-12,66918,37.8167,36.625,,29726,39,37.99,38.07,38.05,38,670,37.8167,0.616923,0.66981,0.484706,36.625,,,,,,,,,,,,,,
2019-02-13,67054,38.1467,35.875,,29769,39,38.22,38.21,38.02,38,665,38.1467,-0.332139,0.165938,-0.384568,35.875,,,,,,,,,,,,,,
2019-02-14,66955,38.3717,36.0625,,29776,39,38.22,38.4,38.23,38,674,38.3717,-0.369283,0.0737523,-0.968683,36.0625,,,,,,,,,,,,,,
2019-02-15,66925,38.325,35.375,,29703,39,38.62,38.84,38.35,39,690,38.325,0.0652316,1.34377,1.76125,35.375,,,,,,,,,,,,,,
2019-02-18,66972,38.765,35.25,,29626,40,38.8,38.88,38.35,39,690,38.765,-1.07055,0.296659,0.606217,35.25,,,,,,,,,,,,,,
2019-02-19,67012,38.9158,35.375,,29560,40,39.27,39.29,39.32,39,703,38.9158,1.03865,0.961563,0.216365,35.375,,,,,,,,,,,,,,
2019-02-20,67034,40.04,35.1875,,29598,41,39.67,39.87,39.96,39,715,40.04,-0.1998,-0.424575,-2.5974,35.1875,,,,,,,,,,,,,,
2019-02-21,66984,39.6633,35.9375,,29673,41,39.53,39.87,39.96,40,711,39.6633,0.748047,0.521137,0.848896,35.9375,,,,,,,,,,,,,,
2019-02-22,67010,39.2517,36.5625,,29557,40,39.22,39.49,39.76,39,699,39.2517,1.29498,0.607107,-0.641246,36.5625,,,,,,,,,,,,,,
2019-02-25,67044,38.96,36,,29588,40,39.05,39.15,39.34,39,692,38.96,0.975359,0.48768,0.102669,36,,,,,,,,,,,,,,
2019-02-26,66993,38.9917,37.375,,29654,40,38.87,38.9,39.19,39,691,38.9917,0.50857,-0.235178,0.0212866,37.375,,,,,,,,,,,,,,
2019-02-27,66986,38.7467,36.8125,,29660,40,38.82,38.9,39.09,39,686,38.7467,0.886011,0.395647,0.653733,36.8125,,,,,,,,,,,,,,
2019-02-28,68015,38.9983,37.125,,29677,40,39.15,39.33,39.04,39,697,38.9983,0.106928,0.85055,0.00435916,37.125,,,,,,,,,,,,,,
2019-03-01,68345,39.445,36.625,,29709,40,39.81,40.16,39.35,39,718,39.445,-0.240842,1.81265,-1.12815,36.625,,,,,,,,,,,,,,
2019-03-04,68345,39.445,36.625,,29709,41,39.81,40.16,39.35,39,733,39.445,-0.240842,1.81265,-1.12815,36.625,,,,,,,,,,,,,,
2019-03-05,68345,39.445,36.625,,29709,41,39.81,40.16,39.35,39,744,39.445,-0.240842,1.81265,-1.12815,36.625,,,,,,,,,,,,,,
2019-03-06,68352,40.4817,36.5625,,29732,41,40.75,40.83,40.31,40,747,40.4817,-0.424142,0.860389,-1.18992,36.5625,,,,,,,,,,,,,,
2019-03-07,68421,41.225,37.3125,,29716,42,42.5,42.81,40.76,41,777,41.225,-1.12796,3.84475,-0.545785,37.3125,,,,,,,,,,,,,,
2019-03-08,68578,41.3,39.125,,29769,43,41.2,41.35,42.8,42,764,41.3,3.63196,0.121065,1.69492,39.125,,,,,,,,,,,,,,
2019-03-11,68526,40.8717,39.5625,,29818,42,41.3,41.38,41.43,41,738,40.8717,1.36598,1.24365,0.313909,39.5625,,,,,,,,,,,,,,
2019-03-12,68488,41.3483,40.8125,,29811,42,41.5,41.59,41.32,41,741,41.3483,-0.068443,0.584546,-0.842356,40.8125,,,,,,,,,,,,,,
2019-03-13,68483,41.6467,40.75,,29960,42,41.2,41.23,41.39,41,748,41.6467,-0.616375,-1.00056,-1.55282,40.75,,,,,,,,,,,,,,
2019-03-14,68392,40.98,41.3125,,30007,42,40.77,40.91,41.27,41,737,40.98,0.707662,-0.170815,0.0488043,41.3125,,,,,,,,,,,,,,
2019-03-15,68285,39.9417,43.5,,29997,41,40,40.14,40.8,41,724,39.9417,2.14888,0.496474,2.64961,43.5,,,,,,,,,,,,,,
2019-03-18,68303,39.7133,42.25,,30059,41,40,40.03,40.13,41,725,39.7133,1.04927,0.797466,3.23997,42.25,,,,,,,,,,,,,,
2019-03-19,68250,40.325,43.125,,30031,41,40.5,40.6,40.02,41,724,40.325,-0.756355,0.681959,1.6739,43.125,,,,,,,,,,,,,,
2019-03-20,68312,41.0817,42.0625,,30030,42,40.85,40.78,40.31,41,723,41.0817,-1.87845,-0.73439,-0.198872,42.0625,,,,,,,,,,,,,,
2019-03-21,68204,40.7417,43.25,,29938,42,41.05,41.2,40.74,41,731,40.7417,-0.00417263,1.12489,0.633994,43.25,,,,,,,,,,,,,,
2019-03-22,68043,42.01,43,,29883,43,41.8,42.13,40.96,42,764,42.01,-2.4994,0.285646,-0.0238039,43,,,,,,,,,,,,,,
2019-03-25,67509,41.785,44.1875,,29876,43,42.08,42.12,42.07,42,768,41.785,0.682063,0.801723,0.514539,44.1875,,,,,,,,,,,,,,
2019-03-26,67183,42.3467,44.125,,29824,43,42.64,42.66,42.04,42,768,42.3467,-0.72426,0.739845,-0.818718,44.125,,,,,,,,,,,,,,
2019-03-27,66870,43.6983,43.25,,30047,44,43.87,44.12,42.58,43,781,43.6983,-2.55914,0.965026,-1.598,43.25,,,,,,,,,,,,,,
2019-03-28,66414,43.59,45.3125,,29646,45,43.63,43.82,43.92,44,787,43.59,0.757054,0.527644,0.940583,45.3125,,,,,,,,,,,,,,
2019-03-29,66187,43.3533,45.6875,,29828,45,43.35,43.66,43.67,44,774,43.3533,0.73051,0.707443,1.4917,45.6875,,,,,,,,,,,,,,
2019-04-01,66213,42.8233,46.125,,29971,44,42.71,42.8,43.53,44,761,42.8233,1.65027,-0.0544096,2.7478,46.125,,,,,,,,,,,,,,
2019-04-02,66213,42.8233,46.125,,29971,44,42.71,42.8,43.53,44,764,42.8233,1.65027,-0.0544096,2.7478,46.125,,,,,,,,,,,,,,
2019-04-03,66263,42.6533,48.5,,29867,44,42.87,42.96,43.27,44,753,42.6533,1.44584,0.719053,3.15732,48.5,,,,,,,,,,,,,,
2019-04-04,66375,43.2467,48.5,,29811,44,43.41,43.66,42.71,44,767,43.2467,-1.24102,0.95568,1.74187,48.5,,,,,,,,,,,,,,
2019-04-05,66623,43.6933,47.25,,29794,45,43.93,43.94,43.4,44,782,43.6933,-0.67127,0.564617,0.701938,47.25,,,,,,,,,,,,,,
2019-04-08,66662,43.8,47.6875,,29833,45,43.7,43.62,43.49,44,803,43.8,-0.707763,-0.410959,0.456621,47.6875,,,,,,,,,,,,,,
2019-04-09,77481,43.74,48.8125,,29834,45,43.35,43.36,43.49,44,815,43.74,-0.571559,-0.86877,0.594422,48.8125,,,,,,,,,,,,,,
2019-04-10,77334,43.0417,47.8125,,29906,44,43.01,43.09,43.41,44,816,43.0417,0.855682,0.112217,2.22645,47.8125,,,,,,,,,,,,,,
2019-04-11,77095,42.9117,48.8125,,29856,44,42.75,42.88,43.05,44,814,42.9117,0.32229,-0.0738726,2.53614,48.8125,,,,,,,,,,,,,,
2019-04-12,76985,42.33,48.125,,30052,44,42.18,42.43,42.97,44,808,42.33,1.51193,0.236239,3.94519,48.125,,,,,,,,,,,,,,
2019-04-15,76894,41.5617,48.3125,,29995,43,41.62,41.8,42.26,44,808,41.5617,1.68015,0.573364,5.8667,48.3125,,,,,,,,,,,,,,
2019-04-16,76794,42.1133,49.125,,30027,43,42.39,43.25,41.77,44,801,42.1133,-0.815182,2.69915,4.48006,49.125,,,,,,,,,,,,,,
2019-04-17,76663,41.7833,48.125,,29924,43,41.9,42.38,43.06,44,825,41.7833,3.05553,1.42808,5.30523,48.125,,,,,,,,,,,,,,
2019-04-18,76663,41.7833,48.125,,29924,43,41.9,42.38,43.06,43,851,41.7833,3.05553,1.42808,2.91193,48.125,,,,,,,,,,,,,,
2019-04-19,76663,41.7833,48.125,,29924,43,41.9,42.38,43.06,43,851,41.7833,3.05553,1.42808,2.91193,48.125,,,,,,,,,,,,,,
2019-04-22,72803,42.6917,48.125,,29968,43,42.48,42.64,42.36,44,845,42.6917,-0.776966,-0.121101,3.06453,48.125,,,,,,,,,,,,,,
2019-04-23,72559,42.38,49.5625,,30032,44,42.4,42.49,42.68,44,860,42.38,0.707881,0.259556,3.82256,49.5625,,,,,,,,,,,,,,
2019-04-24,72330,43.4783,48.625,,30029,44,43.95,44.43,42.43,44,950,43.4783,-2.41109,2.18891,1.19991,48.625,,,,,,,,,,,,,,
2019-04-25,72087,45.6333,49.3125,,29993,46,44.9,44.89,44.54,46,939,45.6333,-2.39584,-1.62885,0.80358,49.3125,,,,,,,,,,,,,,
2019-04-26,71903,44.8767,49.25,,30083,46,45.97,46.24,45.1,46,963,44.8767,0.497586,3.03788,2.50308,49.25,,,,,,,,,,,,,,
2019-04-29,71747,44.6733,50,,30086,46,44.33,44.51,46.46,46,939,44.6733,3.99948,-0.365543,2.96978,50,,,,,,,,,,,,,,
2019-04-30,71663,44.01,53.375,,30194,45,44.15,44.27,46.46,46,950,44.01,5.56692,0.590775,4.5217,53.375,,,,,,,,,,,,,,
2019-05-01,71663,44.01,53.375,,30194,45,44.15,44.27,46.46,46,960,44.01,5.56692,0.590775,4.5217,53.375,,,,,,,,,,,,,,
2019-05-02,71529,44.7483,50.375,,30185,46,44.8,44.72,44.38,46,964,44.7483,-0.823048,-0.0632426,2.7972,50.375,,,,,,,,,,,,,,
2019-05-03,71295,44.4233,52.125,,30191,46,44.44,44.35,44.99,46,931,44.4233,1.27568,-0.165004,3.54926,52.125,,,,,,,,,,,,,,
2019-05-06,70860,44.8967,52,,30174,46,44.65,44.57,44.66,46,916,44.8967,-0.52721,-0.72767,2.45742,52,,,,,,,,,,,,,,
2019-05-07,68931,44.895,53.3125,,30741,46,45.33,45.53,44.93,46,917,44.895,0.0779597,1.41441,2.4613,53.3125,,,,,,,,,,,,,,
2019-05-08,68758,45.0383,52,,30911,46,45.1,45.23,45.43,46,901,45.0383,0.869704,0.425638,2.13529,52,,,,,,,,,,,,,,
2019-05-09,68431,45.5667,52.5,,30893,46,45.25,45.08,45.42,46,903,45.5667,-0.321946,-1.0681,0.950914,52.5,,,,,,,,,,,,,,
2019-05-10,68114,44.9817,51.875,,30818,46,44.8,44.88,45.24,46,898,44.9817,0.574234,-0.226092,2.26381,51.875,,,,,,,,,,,,,,
2019-05-13,67800,45.4133,52.5625,,30738,46,45.1,45.17,45.07,46,931,45.4133,-0.755946,-0.535746,1.29191,52.5625,,,,,,,,,,,,,,
2019-05-14,67461,44.985,53.5625,,30617,46,44.97,44.96,45.36,46,921,44.985,0.833611,-0.0555741,2.25631,53.5625,,,,,,,,,,,,,,
2019-05-15,67306,45.1533,52.625,,30546,46,45,45,45.85,46,913,45.1533,1.54297,-0.33951,1.87517,52.625,,,,,,,,,,,,,,
2019-05-16,67244,44.8583,52.1875,,30491,46,44.79,44.75,44.97,46,918,44.8583,0.249006,-0.241427,2.54513,52.1875,,,,,,,,,,,,,,
2019-05-17,66998,45.0183,51.9375,,30494,46,45,45.14,45.12,46,943,45.0183,0.225908,0.270335,2.18067,51.9375,,,,,,,,,,,,,,
2019-05-20,67063,45.3242,53.6875,,30529,46,45.19,45.3,45.31,46,934,45.3242,-0.0313298,-0.0533931,1.49104,53.6875,,,,,,,,,,,,,,
2019-05-21,67103,44.82,53.6875,,30534,46,44.77,44.82,45.4,46,885,44.82,1.29407,0,2.63275,53.6875,,,,,,,,,,,,,,
2019-05-22,67071,44.715,52.3125,,30441,46,44.9,44.94,44.92,46,909,44.715,0.458459,0.503187,2.87376,52.3125,,,,,,,,,,,,,,
2019-05-23,66491,45.15,53.4375,,30472,46,45.09,45.12,44.92,46,919,45.15,-0.509413,-0.0664452,1.88261,53.4375,,,,,,,,,,,,,,
2019-05-24,65598,44.96,53,,30451,46,44.82,44.95,45.31,46,903,44.96,0.77847,-0.022242,2.31317,53,,,,,,,,,,,,,,
2019-05-27,65581,44.9783,52.625,,30521,46,44.85,44.75,45.31,46,903,44.9783,0.737467,-0.507578,2.27154,52.625,,,,,,,,,,,,,,
2019-05-28,65219,44.7867,52.625,,30584,46,44.69,44.66,45.16,46,920,44.7867,0.833506,-0.282896,2.70906,52.625,,,,,,,,,,,,,,
2019-05-29,64681,44.5033,52.8125,,30638,46,44.45,44.39,44.88,46,934,44.5033,0.846454,-0.254588,3.36312,52.8125,,,,,,,,,,,,,,
2019-05-30,64744,44.445,52.6875,,30614,46,44.55,44.49,44.78,46,942,44.445,0.753741,0.101249,3.49871,52.6875,,,,,,,,,,,,,,
2019-05-31,64779,44.87,53,,30636,46,44.76,44.84,44.86,46,985,44.87,-0.0222866,-0.0668598,2.51839,53,,,,,,,,,,,,,,
2019-06-03,64782,44.8733,52.9375,,30646,46,44.87,44.98,44.84,46,1008,44.8733,-0.0742089,0.237781,2.51085,52.9375,,,,,,,,,,,,,,
2019-06-04,64751,44.7567,53.3125,,30653,46,44.71,44.6,44.87,46,969,44.7567,0.253146,-0.350115,2.77791,53.3125,,,,,,,,,,,,,,
2019-06-05,64661,44.8033,52.6875,,30671,46,44.9,44.85,44.49,46,967,44.8033,-0.699279,0.104233,2.67101,52.6875,,,,,,,,,,,,,,
2019-06-06,64660,44.98,52.9375,,30640,46,44.93,44.95,44.74,46,952,44.98,-0.53357,-0.0666963,2.26767,52.9375,,,,,,,,,,,,,,
2019-06-07,64757,44.8833,52.6875,,30688,46,44.85,44.85,44.95,46,947,44.8833,0.148608,-0.0741924,2.48801,52.6875,,,,,,,,,,,,,,
2019-06-10,64699,44.97,52.125,,30708,46,44.9,44.85,44.96,46,932,44.97,-0.022237,-0.266845,2.29042,52.125,,,,,,,,,,,,,,
2019-06-11,64764,44.7417,52.3125,,30644,46,44.7,44.51,44.78,46,904,44.7417,0.0856025,-0.517861,2.81237,52.3125,,,,,,,,,,,,,,
2019-06-12,64676,43.7483,51.8125,,30686,45,43.67,43.6,44.1,45,849,43.7483,0.803917,-0.338985,2.86114,51.8125,,,,,,,,,,,,,,
2019-06-13,63781,43.585,51.3125,,30843,45,43.37,43.28,42.93,45,844,43.585,-1.50281,-0.699782,3.24653,51.3125,,,,,,,,,,,,,,
2019-06-14,63782,43.87,51.0625,,30622,45,43.97,44.09,43.56,45,845,43.87,-0.706633,0.501482,2.57579,51.0625,,,,,,,,,,,,,,
2019-06-17,63782,43.87,51.0625,,30622,45,43.97,44.09,43.56,45,850,43.87,-0.706633,0.501482,2.57579,51.0625,,,,,,,,,,,-0.77765,,,
2019-06-18,63981,43.6567,50.8125,,30614,45,43.48,43.45,44.26,45,833,43.6567,1.38192,-0.473467,3.07696,50.8125,,,,,,,,,,,0.80651,,,
2019-06-19,64059,43.4517,50.75,,30604,45,43.3,43.33,43.72,45,826,43.4517,0.617467,-0.280081,3.56327,50.75,,,,,,,,,,,0.222847,,,
2019-06-20,64059,43.4517,50.75,,30604,45,43.3,43.33,43.72,45,822,43.4517,0.617467,-0.280081,3.56327,50.75,,,,,,,,,,,0.221902,,,
2019-06-21,64640,42.915,49.9375,,30645,45,42.79,42.97,43.5,45,821,42.915,1.36316,0.12816,4.85844,49.9375,,,,,,,,,,,0.78958,,,
2019-06-24,64442,42.665,49.75,,30646,44,42.44,42.49,43.02,44,849,42.665,0.832064,-0.410172,3.12903,49.75,,,,0.148525,,,0.148525,,,,0.379201,-0.0821505,,
2019-06-25,64296,42.305,48.3125,,30693,44,42.38,42.59,42.68,44,875,42.305,0.88642,0.673679,4.00662,48.3125,,,,-0.226262,,-0.982641,0.530117,-1.47344,-0.163753,-1.31072,0.419211,0.849572,,0.113018
2019-06-26,64394,42.7117,48.1875,,30926,44,42.73,42.75,42.6,44,871,42.7117,-0.261521,0.089671,3.01627,48.1875,,,,-0.176909,,-0.799235,0.445416,-0.899543,-0.171536,-1.32663,-0.467803,0.908212,,1.34626
2019-06-27,64308,42.8433,47.6875,,30861,44,42.7,42.75,42.74,44,856,42.8433,-0.241111,-0.21777,2.69984,47.6875,,,,-0.266554,,-0.819931,0.286824,-0.772137,-0.133494,-1.55416,-0.449827,0.66395,,1.00587
2019-06-28,64278,42.4483,47.5,,30908,44,42.46,42.48,43.07,44,835,42.4483,1.46461,0.0746791,3.65551,47.5,,,,0.032384,,-0.57996,0.644728,-0.642335,0.133389,-1.23093,0.873789,0.224994,,1.02607
2019-07-01,64148,42.135,47.6875,,31197,44,42.37,42.41,43.05,44,813,42.135,2.17159,0.652664,4.42625,47.6875,,,,0.0777978,,-0.54448,0.700075,-0.700598,0.103465,-1.03631,1.4089,-0.868119,,2.41882
2019-07-02,64123,42.465,48,,31182,44,42.2,42.26,42.46,43,803,42.465,-0.0117744,-0.482751,1.25986,48,,,,-0.206263,,-0.0560027,-0.356523,-0.0493289,0.049933,-0.168612,-0.286774,-1.63587,,2.06267
2019-07-03,64108,42.09,48.4375,,31290,43,42.03,41.95,42.25,43,795,42.09,0.380138,-0.332621,2.16203,48.4375,,,,-0.289369,,-0.191494,-0.387244,-0.784825,0.0996221,0.110721,0.0188194,-1.69667,,1.41948
2019-07-04,64095,41.7583,48.4375,,31312,43,41.81,41.91,42.25,43,795,41.7583,1.17749,0.363281,2.97354,48.4375,,,,-0.093379,,-0.263035,0.0762768,-1.21482,0.0669126,0.358805,0.639682,-1.35601,,1.81404
2019-07-05,63743,41.98,48.0625,,31351,43,41.85,41.82,42.29,43,787,41.98,0.738447,-0.381134,2.42973,48.0625,,,,-0.00539423,,-0.0507633,0.0399748,-0.626926,0.210888,0.263748,0.293982,-1.06607,,1.74405
2019-07-08,63743,41.98,48.0625,,31351,43,41.85,41.82,42.29,43,801,41.98,0.738447,-0.381134,2.42973,48.0625,,,,0.0354257,,-0.00223783,0.0730893,-0.327381,0.151892,0.168775,0.292805,-0.287176,,0.354189
2019-07-09,63743,41.98,48.0625,,31351,43,41.85,41.82,42.29,43,786,41.98,0.738447,-0.381134,2.42973,48.0625,,,,-0.0593396,,-0.16265,0.0439711,-0.638974,0.140057,0.010965,0.291642,-0.393838,,0.424248
2019-07-10,63561,41.8808,47.8125,,31428,43,41.82,42,42.21,43,786,41.8808,0.78604,0.284617,2.67235,47.8125,,,,-0.0333888,,-0.16487,0.0980923,-0.374062,0.215503,-0.336051,0.328047,-0.218964,,0.272296
2019-07-11,63670,41.755,48.5,,31382,43,41.7,41.62,41.95,43,787,41.755,0.46701,-0.323315,2.98168,48.5,,,,-0.0301684,,-0.000568714,-0.059768,-0.174229,0.158986,0.0135364,0.0740229,-0.196368,,-0.0541509
2019-07-12,63697,41.6583,47.5625,,31422,43,41.6,41.69,41.92,43,778,41.6583,0.628206,0.0760953,3.22073,47.5625,,,,-0.136304,,-0.256503,-0.0161056,-0.482356,-0.014625,-0.272529,0.20195,-0.217429,,-0.0495698
2019-07-15,63568,41.8617,48.125,,31394,43,42.4,42.44,41.94,43,771,41.8617,0.187044,1.38145,2.71919,48.125,,,,-0.220662,,-0.073901,-0.367424,-0.282089,0.044795,0.0155907,-0.150907,-0.675536,,-0.184233
2019-07-16,68732,42.6333,47.625,,31664,44,42.66,42.73,42.44,44,773,42.6333,-0.453401,0.226818,3.20571,47.625,,,,-0.41211,,-0.661678,-0.162541,0.465118,-2.20956,-0.240594,-0.662376,-0.299763,,1.11157
2019-07-17,68761,42.52,48.0625,,31753,44,42.5,42.49,42.82,44,781,42.52,0.70555,-0.070555,3.48071,48.0625,,,,-0.136225,,-0.562617,0.290167,0.450971,-2.2526,0.113781,0.270172,-0.122443,,1.15538
2019-07-18,68747,42.345,47.8125,,31736,44,42.45,42.5,42.64,44,790,42.345,0.696658,0.366041,3.90837,47.8125,,,,-0.161378,,-0.706319,0.383562,0.403206,-2.15189,-0.370275,0.262007,0.0548681,,1.28406
2019-07-19,68600,42.4467,48.25,,31716,44,42.42,42.28,42.62,44,783,42.4467,0.408277,-0.392728,3.65941,48.25,,,,-0.0593866,,-0.367233,0.24846,0.595551,-2.04006,0.342811,0.0280747,0.0990489,,0.988051
2019-07-22,68334,42.4783,47.9375,,31794,44,42.45,42.62,42.62,44,782,42.4783,0.333582,0.333582,3.5823,47.9375,,,,-0.0861542,,-0.547909,0.375601,0.422535,-1.95335,-0.112915,-0.032592,0.232277,,1.47863
2019-07-23,68338,42.6283,50.25,,31825,44,42.66,42.75,42.47,44,780,42.6283,-0.37135,0.285491,3.21782,50.25,,,,0.166232,,0.451563,-0.119099,-0.190174,0.200075,1.34479,-0.605351,0.142057,,0.331092
2019-07-24,68317,42.8083,49.125,,31879,44,42.87,42.94,42.98,44,810,42.8083,0.40109,0.307651,2.78381,49.125,,,,0.288918,,0.281137,0.296698,0.0965869,0.219457,0.527368,0.0266646,0.634038,,0.162087
2019-07-25,67966,43.245,50.8125,,32003,44,43.37,43.29,43.41,45,826,43.245,0.381547,0.104058,4.05827,50.8125,,,,0.670685,,0.856399,0.484971,0.6912,0.355543,1.52245,0.010581,0.78742,,0.82885
2019-07-26,68071,43.2167,49.375,,32116,45,43.35,43.61,43.79,45,792,43.2167,1.32657,0.910065,4.12641,49.375,,,,0.563007,,0.452137,0.673877,0.560407,0.251897,0.544107,0.784944,0.177034,,1.44543
2019-07-29,67994,43.755,49.5,,32139,45,43.83,43.65,43.51,45,785,43.755,-0.559936,-0.239973,2.84539,49.5,,,,0.302699,,0.661616,-0.0562172,1.04248,0.174264,0.768109,-0.767352,0.0409307,,1.17176
2019-07-30,67951,43.8817,50.125,,32165,45,43.93,43.97,43.88,45,783,43.8817,-0.00387405,0.201223,2.54844,50.125,,,,0.241953,,0.362826,0.12108,1.00873,0.192972,-0.113223,-0.306853,0.0407911,,1.13752
2019-07-31,67899,43.8692,49.625,,32163,45,43.88,44.07,44.04,45,781,43.8692,0.389339,0.457724,2.57766,49.625,,,,0.158847,,0.411211,-0.0935173,0.814786,0.205144,0.213703,0.0189205,-0.685936,,0.866445
2019-08-01,67760,44.3233,49.8125,,32315,45,44.36,44.52,44.78,45,815,44.3233,1.03038,0.443785,1.52674,49.8125,,,,0.213915,,0.12024,0.307591,0.816376,0.117103,-0.572759,0.549544,-0.273475,,0.985816
2019-08-02,67559,44.7042,49.8125,,32277,46,44.65,44.66,44.78,46,829,44.7042,0.169559,-0.0988721,2.89861,49.8125,,,,0.428976,,0.541206,0.316747,1.19488,0.244212,0.184522,-0.167241,0.822582,,0.273055
2019-08-05,67043,45.4383,50.4375,,32369,46,45.49,45.59,45.04,46,902,45.4383,-0.876573,0.333859,1.23618,50.4375,,,,0.740697,,0.740715,0.740679,1.34655,0.428376,0.447215,-1.0348,2.58955,,0.593904
2019-08-06,66464,45.3517,51.5625,,32424,47,45.3,45.34,45.75,47,896,45.3517,0.878247,-0.0257984,3.63448,51.5625,,,,1.0634,,0.833232,1.29356,1.13626,0.654574,0.70886,0.430183,2.44097,,0.725515
2019-08-07,66399,45.69,52.375,,32439,47,45.59,45.57,45.78,46,897,45.69,0.19698,-0.26264,0.678485,52.375,,,,1.12427,,1.16495,1.0836,1.4449,0.657525,1.39243,-0.140245,2.44868,,0.801121
2019-08-08,66370,45.4117,52,,32411,47,45.22,45.5,45.66,47,895,45.4117,0.546775,0.194443,3.49756,52,,,,0.763129,,0.81685,0.709408,0.755305,0.60861,1.08663,0.153303,1.64529,,-0.0501456
2019-08-09,66309,45.4033,51.25,,32492,47,45.25,45.28,45.51,47,872,45.4033,0.235005,-0.271566,3.5167,51.25,,,,0.467553,,0.540599,0.394507,0.388007,0.547433,0.686359,-0.109248,0.840429,,0.510173
2019-08-12,65736,55.75,53.125,,32264,53,53,54.52,46.19,52,1467,55.75,-17.148,-2.20628,-6.72646,53.125,,,,0.885024,,1.97029,-0.200241,4,0.574041,1.33682,-4,4,,-1.0012
2019-08-13,65042,56.3167,57.5,,31736,58,55.8,58.16,55.39,57,1741,56.3167,-1.64552,3.2731,1.21332,57.5,,,,1.49467,,2.52814,0.461195,4,0.62711,2.95731,-1.0384,4,,-3.61723
2019-08-14,64233,58.835,58.125,,31273,60,60.4,60.73,57.5,59,1957,58.835,-2.26906,3.22087,0.280445,58.125,,,,1.41513,,2.57784,0.252424,4,0.954354,2.77917,-1.36894,4,,-4
2019-08-15,63712,56.6333,57.5625,,30904,61,57.25,57.67,60.95,61,1738,56.6333,7.62219,1.83055,7.71048,57.5625,,,,2.46778,,2.59484,2.34073,4,1.16805,2.61645,3.85183,4,,-4
2019-08-16,62404,56.435,57.875,,30532,59,55,55.88,58.15,59,1653,56.435,3.03889,-0.983432,4.54505,57.875,,,,2.14645,,2.91847,1.37444,4,1.71796,3.03746,1.4361,4,,-4
2019-08-19,62404,56.435,57.875,,30532,58,55,55.88,58.15,59,1879,56.435,3.03889,-0.983432,4.54505,57.875,,,,0.964238,,1.17797,0.750507,-0.0200778,1.45468,2.09931,1.42285,2.45342,,-4
2019-08-20,59394,55.3633,57.375,,30097,58,54.75,55.17,56.87,59,1866,55.3633,2.72148,-0.349148,6.56879,57.375,,,,0.23772,,0.537493,-0.0620529,-0.67406,2.5043,-0.217759,1.24783,0.597035,,-4
2019-08-21,58894,54.915,57.125,,29764,57,55.02,55.02,56.23,58,1814,54.915,2.39461,0.191205,5.61777,57.125,,,,-0.429382,,-0.03533,-0.823435,-1.81515,2.34142,-0.632263,1.07097,-1.12956,,-4
2019-08-22,58410,55.0308,58.9375,,29493,57,55.09,55.05,55.56,58,1795,55.0308,0.961643,0.0348896,5.39552,58.9375,,,,0.0413098,,0.628916,-0.546296,-0.912055,2.2983,0.500499,0.325406,0.16327,,-3.70883
2019-08-23,58267,55.2683,58.125,,29304,57,55.15,54.76,55.32,58,1807,55.2683,0.0935437,-0.919695,4.94262,58.125,,,,-0.0156892,,0.334503,-0.365881,-0.73415,1.77579,-0.0381272,-0.126448,0.788513,,-3.15354
2019-08-26,57918,55.335,57.75,,29120,57,55.29,55.3,55.56,58,1815,55.335,0.406614,-0.0632511,4.81612,57.75,,,,-0.300784,,0.329786,-0.931354,-0.703965,1.91089,-0.21757,0.0370158,-0.62448,,-3.48184
2019-08-27,57477,55.7133,60,,28970,58,56.3,56.64,55.94,58,1990,55.7133,0.406905,1.66334,4.10441,60,,,,0.146535,,0.587088,-0.294019,-0.121828,0.783225,1.09987,0.0370596,0.596173,,-2.73656
2019-08-28,56953,58.075,57.9375,,28519,60,58.1,59.4,57.15,60,2072,58.075,-1.59277,2.28153,3.31468,57.9375,,,,0.127774,,0.670608,-0.41506,0.987076,0.798231,0.226515,-1.00796,1.45584,,-2.97106
2019-08-29,56044,58.2,57.5625,,27686,60,57.9,57.69,60.87,61,2272,58.2,4.58763,-0.876289,4.811,57.5625,,,,0.79396,,0.38669,1.20123,0.982226,1.00337,-0.825525,2.20176,2.80131,,-4
2019-08-30,54100,59.075,58.0625,,26623,61,59.51,61.96,59.68,62,2532,59.075,1.02412,4.88362,4.95133,58.0625,,,,0.95057,,0.961456,0.939684,1.21164,1.86333,-0.1906,0.349211,4,,-4
2019-09-02,53146,57.0917,59.1875,,25649,60,56,60.03,65.22,63,2532,57.0917,14.2373,5.14663,10.3488,59.1875,,,,1.69323,,1.03126,2.35521,0.4173,2.14205,0.53442,4,3.88802,,-4
2019-09-03,52151,55.7833,60.6875,,24929,58,55.98,59.77,61.87,63,2523,55.7833,10.9113,7.14676,12.937,60.6875,,,,1.33446,,0.768089,1.90083,-0.256287,2.39095,0.169604,4,2.75207,,-4
2019-09-04,51741,55.935,59.875,,24164,58,56,59.64,62.06,60,2336,55.935,10.9502,6.62376,7.26736,59.875,,,,0.971193,,0.654979,1.28741,-1.1235,2.31355,0.774882,4,1.21852,,-4
2019-09-05,51295,56.0042,60.4375,,23674,58,56.01,60.64,61.8,59,2188,56.0042,10.3489,8.27759,5.34924,60.4375,,,,0.579913,,0.725163,0.434663,-1.13642,2.08879,1.22313,3.83428,-0.747626,,-4
2019-09-06,50952,55.9083,60.9375,,23269,58,55.82,62.35,61.96,59,2031,55.9083,10.8243,11.5219,5.52995,60.9375,,,,-0.0579866,,0.355595,-0.471568,-1.4966,1.34904,1.21434,3.8396,-3.01852,,-4
2019-09-09,50646,55.9433,59.1875,,23008,58,56.02,61.09,64.74,59,2053,55.9433,15.7243,9.19985,5.46393,59.1875,,,,-0.0760744,,0.048889,-0.201038,-0.713711,1.0436,-0.183223,4,-2.82136,,-3.36246
2019-09-10,50378,56.0683,61,,22852,58,56.01,62.6,64.06,59,2109,56.0683,14.2535,11.6495,5.2288,61,,,,0.143551,,0.173963,0.113139,-0.142569,0.695198,-0.0307414,4,-2.42044,,-2.59343
2019-09-11,50236,56.105,60.4375,,22672,58,56.18,63.49,66.24,59,2061,56.105,18.0643,13.1628,5.15997,60.4375,,,,0.363614,,0.155625,0.571604,-0.188436,0.564046,0.0912644,4,-1.66011,,-1.82176
2019-09-12,50163,56.18,60.5,,22517,58,56.1,64.89,67.62,59,2093,56.18,20.3631,15.5037,5.01958,60.5,,,,0.529061,,0.0133267,1.04479,-0.185647,0.379149,-0.153522,4,-0.700688,,-1.37465
2019-09-13,50089,56.1525,60.75,,22547,58,56.11,69.21,68.78,61,2167,56.1525,22.4879,23.2536,8.63274,60.75,,,,0.796093,,-0.0628204,1.65501,-0.157474,0.244658,-0.275645,4,0.526667,,-0.7783
2019-09-16,49973,56.2517,60.1875,,22413,59,56.28,66.6,71.23,62,2232,56.2517,26.6273,18.3964,10.2189,60.1875,,,,0.944421,,0.109006,1.77984,-0.131234,0.149269,0.308982,4,0.752661,,-0.606137
2019-09-17,49881,56.4508,60.125,,22308,59,56.5,65.38,69.03,62,2152,56.4508,22.2835,15.8177,9.83015,60.125,,,,0.642157,,-0.218939,1.50325,-0.101321,0.0601016,-0.615599,4,0.026531,,-0.536798
2019-09-18,49818,56.5025,60.4375,,22210,59,56.52,65.37,68.65,62,2084,56.5025,21.499,15.694,9.72966,60.4375,,,,0.698799,,-0.0856594,1.48326,-0.0950954,0.0198714,-0.181754,4,-0.0803178,,-0.423074
2019-09-19,49729,56.6067,59.875,,21875,59,56.57,63.78,69.4,63,2115,56.6067,22.6003,12.6722,11.2942,59.875,,,,0.623217,,-0.181759,1.42819,-0.0832671,0.0284227,-0.490433,4,-0.0854512,,-0.688129
2019-09-20,49602,56.6183,59.375,,21713,59,56.67,64.67,68.87,63,2100,56.6183,21.6391,14.221,11.2714,59.375,,,,0.41002,,-0.29013,1.11017,-0.0671381,0.0562791,-0.859532,3.82043,-0.56252,,-0.964964
2019-09-23,49498,56.9282,59.8125,,21627,59,56.92,64.23,68.29,63,2163,56.9282,19.9581,12.8263,10.6657,59.8125,,,,0.423642,,-0.0973948,0.94468,0.017843,0.0504333,-0.360461,3.38117,-0.571253,,-0.896437
2019-09-24,49444,56.9367,59.25,,21536,59,56.87,61.83,67.45,62,2223,56.9367,18.4649,8.59428,8.89286,59.25,,,,0.446922,,-0.212371,1.10621,-0.0601097,0.0307768,-0.60778,3.01929,0.184648,,-0.876791
2019-09-25,49312,57.0075,58.875,,21371,59,57.05,62.05,65.93,62,2212,57.0075,15.6514,8.84533,8.75762,58.875,,,,0.337303,,-0.310548,0.985153,-0.0523928,0.0674227,-0.946675,2.45987,0.491787,,-0.977541
2019-09-26,49231,57.18,59.5625,,21275,59,57.21,60.96,63.76,62,2232,57.18,11.5075,6.6107,8.42952,59.5625,,,,0.315554,,-0.0940132,0.725121,-0.0249644,0.0634759,-0.320551,1.69738,0.430718,,-0.630587
2019-09-27,48941,57.3175,59.625,,21412,60,57.32,60.78,64.09,62,2172,57.3175,11.8158,6.04091,8.16941,59.625,,,,0.388754,,0.0462499,0.731258,0.0260935,0.151094,-0.0384376,1.73428,0.185409,,-0.183092
2019-09-30,48703,57.5583,58.875,,21384,60,57.59,61.02,62.58,61,2143,57.5583,8.72455,6.01425,5.9795,58.875,,,,0.0937915,,-0.137631,0.325214,-0.0034443,0.22359,-0.633037,1.17687,-0.315452,,-0.0967735
2019-10-01,48488,57.6967,59.9375,,21381,60,57.64,62.9,63.31,61,2156,57.6967,9.72898,9.01837,5.72528,59.9375,,,,0.249332,,0.181489,0.317175,0.0491246,0.310697,0.184647,1.34568,-0.570421,,0.0353604
2019-10-02,48346,57.8883,59.375,,21291,60,57.82,62.7,66.08,61,2181,57.8883,14.1509,8.31204,5.37535,59.375,,,,0.444468,,0.167969,0.720968,0.0974888,0.316656,0.0897623,2.10061,-0.372152,,0.147917
2019-10-03,48248,57.7625,59.1875,,21233,60,57.73,61.99,67.91,61,2190,57.7625,17.5676,7.31876,5.60485,59.1875,,,,0.455026,,-0.0169336,0.926985,-0.0246803,0.325936,-0.352056,2.64606,-0.431207,,0.205218
2019-10-04,48177,57.7133,57.875,,21147,60,57.73,63.42,65.71,61,2169,57.7133,13.8559,9.88802,5.69487,57.875,,,,0.182532,,-0.312532,0.677596,-0.101151,0.20742,-1.04387,1.97854,-0.21609,,-0.136929
2019-10-07,48075,57.8725,57.75,,21101,60,57.84,62.58,66.97,61,2110,57.8725,15.7199,8.13426,5.40412,57.75,,,,0.239197,,-0.24174,0.720135,-0.13479,0.133608,-0.724039,2.26323,-0.380408,,-0.164976
2019-10-08,47957,57.8375,57.9375,,21026,60,57.85,62.98,64.68,61,2094,57.8375,11.8306,8.89129,5.46791,57.9375,,,,-0.0321907,,-0.428653,0.364271,-0.205509,0.0808302,-1.16128,1.58788,-0.538905,,-0.276596
2019-10-09,47916,57.9575,56.6875,,20981,60,57.99,64.48,67.34,62,2049,57.9575,16.1886,11.2539,6.97494,56.6875,,,,-0.0317426,,-0.568934,0.505449,-0.234407,0.0250926,-1.49749,2.28958,-0.922122,,-0.207679
2019-10-10,47855,57.9828,57.1875,,20877,60,57.98,64.83,68.16,62,1890,57.9828,17.5521,11.809,6.92826,57.1875,,,,-0.118185,,-0.436679,0.200308,-0.171742,0.00478975,-1.14309,2.47332,-1.8321,,-0.280911
2019-10-11,47859,58.05,55.5,,21032,60,58.05,66.53,68.23,63,1894,58.05,17.5366,14.6081,8.52713,55.5,,,,-0.0874129,,-0.494569,0.319743,-0.123418,-0.0370344,-1.32326,2.42848,-1.6781,,0.0979553
2019-10-14,47859,58.05,55.5,,21032,60,58.05,66.53,68.23,64,1894,58.05,17.5366,14.6081,10.2498,55.5,,,,-0.030237,,-0.511652,0.451178,-0.188872,-0.0940294,-1.25205,2.3883,-1.34524,,0.169766
2019-10-15,47780,58.235,55.6875,,20998,60,58.27,66.5,68.45,64,1931,58.235,17.541,14.1925,9.89954,55.6875,,,,0.0406562,,-0.485779,0.567092,-0.0977502,-0.115542,-1.24405,2.35074,-1.04989,,0.233766
2019-10-16,47647,58.3333,54.8125,,20905,60,58.35,66.85,68.65,64,2004,58.3333,17.6858,14.6001,9.71435,54.8125,,,,0.198952,,-0.406555,0.804459,-0.10677,-0.0629479,-1.04995,2.33639,-0.40365,,0.156809
2019-10-17,47596,58.3142,55.0625,,20963,61,58.32,70.11,69.31,66,1995,58.3142,18.8561,20.228,13.18,55.0625,,,,0.393293,,-0.453963,1.24055,-0.12488,-0.0682993,-1.16871,2.47736,0.416871,,0.414276
2019-10-18,47445,58.3447,55.25,,20771,61,58.35,70.98,73.83,67,2048,58.3447,26.5411,21.6563,14.8348,55.25,,,,0.775516,,-0.115246,1.66628,-0.139891,0.0205967,-0.226443,3.55292,0.683386,,-0.141238
2019-10-21,46886,58.5217,53.875,,20738,61,58.51,71.68,73.83,66,2122,58.5217,26.1583,22.4845,12.7787,53.875,,,,0.769083,,-0.212365,1.75053,-0.0663154,0.343716,-0.914495,3.38905,1.08433,,-0.194123
2019-10-22,46593,58.6533,55.0625,,20655,61,58.65,74.96,75.17,67,2169,58.6533,28.1599,27.8018,14.2306,55.0625,,,,0.906703,,-0.00990532,1.82331,-0.0888287,0.468827,-0.409715,3.5623,1.13294,,-0.273914
2019-10-23,46145,58.9367,54.375,,20464,62,59,71.73,79.59,68,2154,58.9367,35.0432,21.7068,15.378,54.375,,,,0.940642,,0.109512,1.77177,-0.0124812,0.655274,-0.314256,4,0.647569,,-0.436276
2019-10-24,45171,59.3417,53.4375,,20079,63,59.45,73.23,77.38,70,2088,59.3417,30.3973,23.4039,17.9609,53.4375,,,,0.740662,,0.152216,1.32911,0.162307,1.20513,-0.910791,3.57201,0.333293,,-1.16506
2019-10-25,43551,60.0033,50.25,,19837,64,60,77.14,79.62,72,2146,60.0033,32.6927,28.5596,19.9934,50.25,,,,0.684657,,-0.019041,1.38835,0.419653,2.09315,-2.56992,3.73899,0.359869,,-1.25594
2019-10-28,43406,59.4667,53.5625,,19529,64,59.5,76.8,81.08,75,2262,59.4667,36.3452,29.1479,26.121,53.5625,,,,1.03595,,0.578654,1.49324,0.1248,1.84149,-0.230323,4,0.58987,,-1.71353
2019-10-29,43311,59.4567,51.125,,19296,63,59.47,73.01,81.53,71,2206,59.4567,37.125,22.7952,19.4146,51.125,,,,0.562314,,-0.0794551,1.20408,0.0653008,1.71472,-2.01839,3.96934,0.0202289,,-1.95871
2019-10-30,43273,59.5833,50.0625,,19130,63,59.72,74.81,75.7,67,2238,59.5833,27.049,25.5553,12.4476,50.0625,,,,0.28788,,-0.23615,0.81191,-0.00105,1.46692,-2.17432,2.70744,0.280049,,-1.91543
2019-10-31,43260,59.7267,48.6875,,19099,63,59.67,76.27,78.54,68,2278,59.7267,31.499,27.6983,13.8519,48.6875,,,,0.409229,,-0.521665,1.34012,-0.11055,0.897858,-2.3523,3.15069,0.865348,,-1.33145
2019-11-01,43292,59.7583,48.4375,,18978,63,59.75,76.28,79.97,68,2275,59.7583,33.8224,27.6475,13.7917,48.4375,,,,0.423928,,-0.464552,1.31241,-0.37093,-0.103683,-0.919044,3.32362,0.524705,,-1.13461
2019-11-04,43324,59.7617,47.6875,,18921,63,59.7,74.49,80,67,2270,59.7617,33.865,24.645,12.1119,47.6875,,,,0.0145182,,-1.06455,1.09359,-0.146342,-0.212945,-2.83436,3.23995,-0.148685,,-0.714611
2019-11-05,43381,59.6817,47.625,,18825,63,59.65,73.73,79.03,65,2282,59.6817,32.4192,23.5387,8.91111,47.625,,,,0.238679,,-0.721496,1.19885,-0.175046,-0.306852,-1.68259,3.00915,0.230254,,-0.484541
2019-11-06,43381,59.6817,47.625,,18825,63,59.65,73.73,79.03,65,2331,59.6817,32.4192,23.5387,8.91111,47.625,,,,0.345803,,-0.57571,1.26732,-0.227495,-0.329763,-1.16987,2.94272,0.324513,,-0.197875
2019-11-07,43106,59.5977,46.5,,18820,63,59.6,72.92,78.49,65,2342,59.5977,31.6997,22.3537,9.06461,46.5,,,,0.323267,,-0.510902,1.15744,-0.321885,-0.165043,-1.04578,2.80825,0.161592,,-0.152494
2019-11-08,43338,59.5442,47.5,,18768,63,59.5,73.62,78.22,64,2413,59.5442,31.3646,23.6392,7.48318,47.5,,,,0.47316,,-0.365473,1.31179,-0.356676,-0.290132,-0.449613,2.72046,0.575531,,-0.0330096
2019-11-11,43272,59.7467,46.5,,18739,63,59.95,72.15,78.2,65,2413,59.7467,30.8859,20.7598,8.79262,46.5,,,,0.468772,,-0.35578,1.29332,-0.272298,-0.227939,-0.567102,2.62367,0.601794,,0.0156998
2019-11-12,43418,59.7452,46.4375,,18688,63,59.7,72.67,77.12,65,2493,59.7452,29.0815,21.6332,8.79535,46.4375,,,,0.5049,,-0.362467,1.37227,-0.238693,-0.283306,-0.565403,2.40292,0.980545,,0.0944157
2019-11-13,43474,59.7442,46.25,,18561,63,59.72,71.51,78.11,66,2496,59.7442,30.7407,19.6936,10.471,46.25,,,,0.434411,,-0.403098,1.27192,-0.238545,-0.317777,-0.652971,2.52778,0.718883,,-0.133732
2019-11-14,43558,59.7258,45.6875,,18519,63,59.72,71.84,75.97,67,2430,59.7258,27.198,20.283,12.1793,45.6875,,,,0.276967,,-0.378768,0.932701,-0.210277,-0.543441,-0.382586,2.14811,0.283847,,-0.20041
2019-11-15,43508,59.685,47.1875,,18692,63,59.67,71.56,76.77,67,2442,59.685,28.6253,19.8961,12.256,47.1875,,,,0.34387,,-0.236767,0.924508,-0.204369,-0.363598,-0.142334,2.25826,-0.049546,,0.205118
2019-11-18,43508,59.685,47.1875,,18692,63,59.67,71.56,76.77,67,2455,59.685,28.6253,19.8961,12.256,47.1875,,,,0.416802,,-0.11882,0.952425,-0.289726,-0.404476,0.337742,2.22868,0.0240494,,0.256658
2019-11-19,43533,59.7125,45.375,,18686,63,59.69,72.38,75.67,67,2366,59.7125,26.7239,21.2142,12.2043,45.375,,,,0.0671096,,-0.369174,0.503393,-0.276726,-0.326664,-0.504131,2.0216,-0.931655,,0.337075
2019-11-20,43498,59.723,45.125,,18582,63,59.73,71.97,75.84,66,2262,59.723,26.9863,20.5063,10.5102,45.125,,,,-0.041654,,-0.357393,0.274085,-0.271181,-0.268216,-0.532782,2.0242,-1.528,,0.378032
2019-11-21,43538,59.75,45.3125,,18525,63,59.8,71.47,75.34,67,2208,59.75,26.0921,19.6151,12.1339,45.3125,,,,0.0186563,,-0.220231,0.257544,-0.251208,-0.239673,-0.169812,1.91903,-1.45007,,0.349795
2019-11-22,43589,59.7942,45.0625,,18541,63,59.77,71.61,75.02,67,2236,59.7942,25.4637,19.7608,12.051,45.0625,,,,-0.150746,,-0.510252,0.20876,-0.214352,-0.303268,-1.01314,1.8417,-1.35126,,0.0629273
2019-11-25,43692,59.745,44.5625,,18482,63,59.71,70.93,75.02,68,2289,59.745,25.567,18.7212,13.8171,44.5625,,,,-0.17029,,-0.617054,0.276474,-0.234894,-0.367943,-1.24833,1.83416,-1.1202,,-0.0455528
2019-11-26,43739,59.7167,45.375,,18436,63,59.94,70.11,74.82,68,2272,59.7167,25.2916,17.4043,13.871,45.375,,,,0.101118,,-0.205823,0.408059,-0.258278,-0.380934,0.021742,1.79199,-0.712143,,-0.119411
2019-11-27,43765,59.8783,44.375,,18358,63,59.77,70.66,72.27,69,2264,59.8783,20.6948,18.006,15.2337,44.375,,,,0.0704553,,-0.317621,0.458532,-0.192866,-0.418879,-0.341118,1.35323,-0.170223,,-0.0733552
2019-11-28,43736,59.85,44.5625,,18363,63,59.85,70.97,72.84,69,2264,59.85,21.7043,18.5798,15.2882,44.5625,,,,0.163678,,-0.310088,0.637443,-0.21621,-0.373753,-0.3403,1.43824,0.134744,,0.0412397
2019-11-29,43772,59.8633,44.1875,,18441,63,59.94,72.7,73.49,70,2262,59.8633,22.763,21.4434,16.9331,44.1875,,,,0.148525,,-0.330778,0.627828,-0.229052,-0.363131,-0.400151,1.52626,-0.0351304,,0.156887
2019-12-02,43731,59.9517,44.1875,,18431,63,59.98,72.54,74.33,69,2376,59.9517,23.9831,20.9974,15.0926,44.1875,,,,0.313077,,-0.198399,0.824554,-0.169192,-0.270026,-0.155978,1.62723,0.310451,,0.247404
2019-12-03,43750,59.9383,44.3125,,18410,63,59.93,72.2,75.01,68,2400,59.9383,25.1454,20.4572,13.45,44.3125,,,,0.331157,,-0.301484,0.963797,-0.162348,-0.25145,-0.490653,1.72063,0.542176,,0.293379
2019-12-04,43748,59.9058,43.5,,18370,63,59.88,73.69,74.64,69,2340,59.9058,24.5956,23.0098,15.1808,43.5,,,,0.270691,,-0.292308,0.833689,-0.246117,-0.232907,-0.397899,1.65688,0.245399,,0.363891
2019-12-05,43731,59.9442,43.9375,,18342,63,59.99,75.81,76.39,69,2358,59.9442,27.4352,26.4676,15.107,43.9375,,,,0.357601,,-0.243813,0.959016,-0.216644,-0.240109,-0.274685,1.89975,0.347327,,0.30093
2019-12-06,43797,59.9575,42.6875,,18275,63,59.94,75.39,79.13,70,2317,59.9575,31.9768,25.7391,16.7494,42.6875,,,,0.288323,50.8333,-0.392489,0.969135,-0.216178,-0.258905,-0.702383,2.28542,0.124034,,0.0267677
2019-12-09,43787,59.9512,42.5,,18082,63,59.95,73.4,78.88,71,2180,59.9512,31.5737,22.4329,18.4297,42.5,,,,-0.0705854,16.5289,-0.442395,0.301224,-0.25693,-0.278357,-0.791898,2.22139,-1.30689,,-0.322865
2019-12-10,43785,59.9608,42.875,,18003,63,59.85,72.79,76.6,70,2165,59.9608,27.7501,21.396,16.7429,42.875,,,,-0.171503,8.19672,-0.392435,0.0494292,-0.246336,-0.264142,-0.666827,1.86038,-1.51949,,-0.43463
2019-12-11,43912,59.8342,42.3125,,17912,63,59.82,73.16,74.19,69,2141,59.8342,23.9926,22.2712,15.3187,42.3125,,,,-0.207979,6.50407,-0.392036,-0.0239221,-0.286932,-0.34701,-0.542167,1.51396,-1.30669,,-0.534159
2019-12-12,44089,59.8322,42.3125,,17957,63,59.82,70.16,75.96,68,2083,59.8322,26.9551,17.2613,13.6512,42.3125,,,,-0.286783,4.03226,-0.510371,-0.0631947,-0.303976,-0.47151,-0.755625,1.7635,-1.72539,,-0.392196
2019-12-13,44248,59.817,41.875,,17900,63,59.82,70.38,73.18,67,2103,59.817,22.3398,17.6589,12.0083,41.875,,,,-0.242363,5.6,-0.399689,-0.0850373,-0.315801,-0.529809,-0.353457,1.34575,-1.37109,,-0.374501
2019-12-16,44225,59.8417,41.625,,17906,63,59.82,73.11,74.07,70,2114,59.8417,23.7766,22.1723,16.9753,41.625,,,,-0.0133925,27.7778,-0.401686,0.374901,-0.301456,-0.520119,-0.383484,1.4639,-0.531478,,0.00967211
2019-12-17,44294,59.8227,41.25,,17994,63,59.82,73.12,76.03,73,1968,59.8227,27.0922,22.2278,22.0273,41.25,,,,-0.143207,13.3858,-0.543595,0.25718,-0.313386,-0.564529,-0.75287,1.7431,-1.26773,,0.335155
2019-12-18,44320,59.8212,41.625,,18065,63,59.82,71.49,74.18,75,1888,59.8212,24.0029,19.5061,25.3736,41.625,,,,-0.130989,15.625,-0.347211,0.0852335,-0.257493,-0.497066,-0.287074,1.46163,-1.57375,,0.650405
2019-12-19,44561,59.8172,40.875,,18167,63,59.82,70.93,72.87,76,1929,59.8172,21.8211,18.5779,27.0538,40.875,,,,-0.115592,17.0543,-0.483895,0.25271,-0.257825,-0.535869,-0.65799,1.26325,-1.01049,,0.758027
2019-12-20,44788,59.8185,40.5,,18237,63,59.82,71.09,72.63,76,1902,59.8185,21.4173,18.8428,27.051,40.5,,,,-0.151305,12.3077,-0.483996,0.181385,-0.249954,-0.576905,-0.625128,1.22174,-1.2692,,1.00185
2019-12-23,44839,59.8633,40.75,,18359,63,59.99,72.61,72.82,76,1851,59.8633,21.6438,21.293,26.9559,40.75,,,,-0.158862,12.2137,-0.412838,0.0951148,-0.240495,-0.622897,-0.375121,1.23544,-1.60724,,1.21916
2019-12-24,44839,59.8633,40.75,,18359,63,59.99,72.61,72.82,77,1831,59.8633,21.6438,21.293,28.6264,40.75,,,,0.00502969,31.8182,-0.331833,0.341892,-0.23153,-0.57642,-0.187549,1.22936,-0.895616,,1.04196
2019-12-25,44839,59.8633,40.75,,18359,63,59.99,72.61,72.82,77,1831,59.8633,21.6438,21.293,28.6264,40.75,,,,0.0519691,36.8421,-0.387548,0.491487,-0.230376,-0.558022,-0.374247,1.22337,-0.44461,,0.899907
2019-12-26,45093,59.9175,40.25,,18672,63,59.89,71.54,73.43,78,1779,59.9175,22.5518,19.3975,30.179,40.25,,,,0.0260522,33.5821,-0.338486,0.390591,-0.203911,-0.563073,-0.248476,1.29601,-0.96481,,1.29055
2019-12-27,45190,59.8908,40.3125,,19096,63,59.83,72.09,72.94,79,1738,59.8908,21.7883,20.3691,31.9067,40.3125,,,,0.10923,41.4815,-0.240627,0.459088,-0.216015,-0.477042,-0.028824,1.22337,-1.0394,,1.92751
2019-12-30,44848,59.895,39.4375,,19448,63,59.89,72.43,73.55,78,1748,59.895,22.7982,20.9283,30.2279,39.4375,,,,0.177588,47.7941,-0.350067,0.705242,-0.233783,-0.223381,-0.593038,1.30466,-0.693761,,2.30441
2019-12-31,44848,59.895,39.4375,,19448,63,59.89,72.43,73.55,78,1744,59.895,22.7982,20.9283,30.2279,39.4375,,,,0.192207,48.9051,-0.349231,0.733644,-0.233301,-0.222923,-0.591469,1.29793,-0.601933,,2.27623
2020-01-01,44848,59.895,39.4375,,19448,63,59.89,72.43,73.55,78,1744,59.895,22.7982,20.9283,30.2279,39.4375,,,,0.188898,48.5507,-0.3484,0.726196,-0.232821,-0.222467,-0.589913,1.2913,-0.600341,,2.24906
2020-01-02,44839,59.8518,38.875,,19365,63,59.82,74.51,74.41,78,1824,59.8518,24.3237,24.4908,30.3219,38.875,,,,0.305864,58.9928,-0.315963,0.927691,-0.276243,-0.0518515,-0.619794,1.41573,0.145569,,1.51586
2020-01-03,44872,59.8335,38.75,,19304,63,59.82,75.88,75.06,77,1938,59.8335,25.4481,26.8186,28.6904,38.75,,,,0.403019,67.1429,-0.331642,1.13768,-0.271886,-0.0105578,-0.712482,1.50388,1.01942,,0.641803
2020-01-06,44904,59.819,38.75,,19285,63,59.82,75.8,78,77,1930,59.819,30.3934,26.7156,28.7216,38.75,,,,0.430626,71.6312,-0.267406,1.12866,-0.279788,-0.253218,-0.269213,1.91472,0.914238,,-0.0146236
2020-01-07,45080,59.8195,38.25,,19245,63,59.82,76.03,77.87,77,1898,59.8195,30.1749,27.099,28.7206,38.25,,,,0.323485,60.5634,-0.389151,1.03612,-0.278982,-0.367102,-0.52137,1.87966,0.753345,,-0.0854008
2020-01-08,45162,59.8177,37.5625,,19223,63,59.82,74.81,77.54,76,1887,59.8177,29.6272,25.0633,27.0527,37.5625,,,,0.22792,49.6503,-0.522053,0.977894,-0.279226,-0.419526,-0.867407,1.81786,0.689032,,-0.124315
2020-01-09,45419,59.8152,38,,19193,63,59.82,76.22,78.27,76,1847,59.8152,30.853,27.4258,27.058,38,,,,0.177993,45.8333,-0.403255,0.75924,-0.260142,-0.590811,-0.358812,1.90571,0.00795659,,-0.0311336
2020-01-10,45376,59.8163,37.5625,,19138,63,59.82,77.65,77.86,76,1820,59.8163,30.1652,29.8141,27.0557,37.5625,,,,-0.0118192,28.2759,-0.43574,0.412101,-0.250771,-0.539922,-0.516526,1.83227,-0.791375,,-0.021291
2020-01-13,45317,59.88,37.125,,19082,63,59.95,79.9,79.61,76,1819,59.88,32.9492,33.4335,26.9205,37.125,,,,0.0122957,30.137,-0.477061,0.501652,-0.21455,-0.479412,-0.73722,2.04751,-0.749327,,-0.0881121
2020-01-14,45078,60.0367,36.5,,19070,63,60.06,79.27,80.9,77,1847,60.0367,34.7509,32.0359,28.2549,36.5,,,,0.158498,43.5374,-0.382853,0.69985,-0.142783,-0.207305,-0.798472,2.17541,-0.406728,,-0.0381175
2020-01-15,45291,60.0075,36.3125,,19019,63,59.95,79.4,81.09,78,1806,60.0075,35.1331,32.3168,29.9838,36.3125,,,,0.147443,41.8919,-0.329837,0.624723,-0.155033,-0.292413,-0.542064,2.1837,-0.576411,,-0.0909656
2020-01-16,45364,59.995,36.125,,18993,63,59.98,80.03,80.84,78,1802,59.995,34.7446,33.3944,30.0108,36.125,,,,0.145247,40.9396,-0.396497,0.686992,-0.159315,-0.171633,-0.858544,2.12955,-0.37002,,-0.0840946
2020-01-17,45492,60.0113,35.375,,18981,63,60,79.62,81.81,78,1830,60.0113,36.3243,32.675,29.9755,35.375,,,,0.193672,50,-0.483096,0.87044,-0.152036,-0.28285,-1.0144,2.23462,-0.0552879,,-0.00645552
2020-01-20,45457,60.0333,35.375,,18977,63,60.06,79.89,80.44,78,1830,60.0333,33.9923,33.0761,29.9279,35.375,,,,0.194332,50.3311,-0.419159,0.807823,-0.171001,-0.298054,-0.788422,2.02507,-0.049465,,0.0879019
2020-01-21,45363,60.0592,34.9375,,18945,63,60.1,79.93,81.05,78,1920,60.0592,34.9502,33.0854,29.8719,34.9375,,,,0.263635,55.9211,-0.438237,0.965506,-0.230988,-0.393088,-0.690634,2.08238,0.305913,,0.0509468
2020-01-22,45421,60.1148,34.9375,,18907,63,60.07,80.32,81.66,78,1967,60.1148,35.8401,33.611,29.7517,34.9375,,,,0.41673,70.5882,-0.358194,1.19165,-0.191451,-0.289965,-0.593164,2.13247,0.809573,,0.0741861
2020-01-23,45387,60.0908,34.5625,,18895,63,60.08,81.57,81.64,78,1995,60.0908,35.8611,35.7446,29.8036,34.5625,,,,0.446791,75.3247,-0.367601,1.26118,-0.196385,-0.219018,-0.687401,2.11302,0.990127,,0.0996224
2020-01-24,45243,60.1025,34.875,,18866,63,60.09,81.86,84,78,2070,60.1025,39.7612,36.2007,29.7783,34.875,,,,0.673307,83.871,-0.12653,1.47315,-0.198151,-0.0394153,-0.142025,2.39425,1.25469,,0.0678472
2020-01-27,45158,60.1408,34.3125,,18831,63,60.17,81.84,83.29,78,2150,60.1408,38.4917,36.0807,29.6956,34.3125,,,,0.690787,84.6154,-0.208843,1.59042,-0.190246,-0.00607896,-0.430203,2.2686,1.7024,,0.0100864
2020-01-28,45105,60.1808,34.5,,18778,63,60.18,82.71,83.54,78,2098,60.1808,38.815,37.4359,29.6094,34.5,,,,0.573871,80.2548,-0.108202,1.25594,-0.183375,-0.0329388,-0.108291,2.26866,0.886,,-0.0295979
2020-01-29,45064,60.2367,34.3125,,18730,63,60.23,82.22,84.63,78,2029,60.2367,40.4957,36.4949,29.4892,34.3125,,,,0.454347,74.6835,-0.118228,1.02692,-0.182946,0.0328569,-0.204594,2.37101,0.220755,,-0.0489299
2020-01-30,45014,60.2475,34.3125,,18703,63,60.25,82.97,84.11,78,2035,60.2475,39.6075,37.7153,29.466,34.3125,,,,0.444285,72.327,-0.0445317,0.933101,-0.166413,0.0436769,-0.0108593,2.27711,0.0942786,,-0.0772768
2020-01-31,44917,60.3312,34,,18719,63,60.35,83.79,84.88,78,2068,60.3312,40.6901,38.8834,29.2863,34,,,,0.362344,63.75,-0.151154,0.875843,-0.13264,0.0128136,-0.333636,2.33302,-0.147014,,0.00719587
2020-02-03,44770,60.4325,34.3125,,18693,63,60.47,82.56,85.41,78,2068,60.4325,41.3312,36.6152,29.0696,34.3125,,,,0.363836,64.5963,0.0238504,0.703821,-0.103169,0.0550246,0.119696,2.35417,-0.606459,,0.0236835
2020-02-04,44632,60.579,34.6875,,18675,63,60.58,82.9,84.45,78,1904,60.579,39.4047,36.8461,28.7575,34.6875,,,,0.242865,51.8519,0.0919762,0.393753,-0.0535587,0.112834,0.216653,2.18651,-1.24678,,0.0893066
2020-02-05,44645,60.5763,34.25,,18690,63,60.59,82.83,84.82,78,1884,60.5763,40.0218,36.7366,28.7632,34.25,,,,0.284169,54.6012,0.0272621,0.541077,-0.0808935,0.0762198,0.0864599,2.20964,-0.961132,,0.208366
2020-02-06,44666,60.6732,34.6875,,18680,63,60.69,82.66,84.83,78,1901,60.6732,39.8146,36.2381,28.5576,34.6875,,,,0.329707,60.3659,0.100405,0.559009,-0.0406725,0.0280679,0.31382,2.1723,-0.894878,,0.240205
2020-02-07,44675,60.7745,34.125,,18681,63,60.78,82.43,84.24,78,1864,60.7745,38.6108,35.6325,28.3433,34.125,,,,0.193281,45.4545,0.0355177,0.351045,-0.0326816,-0.0437725,0.183007,2.0643,-1.29231,,0.211243
2020-02-10,44682,60.9688,34.5,,18637,63,60.98,82.29,84.62,77,1882,60.9688,38.7923,34.9707,26.2941,34.5,,,,0.205516,47.5904,0.0257212,0.38531,0.0102959,-0.148419,0.215287,2.05874,-1.18364,,0.176353
2020-02-11,44688,61.112,35.1875,,18622,63,61.12,82.32,84.03,77,1981,61.112,37.5016,34.7035,25.9982,35.1875,,,,0.496921,78.4431,0.046598,0.947243,0.00814066,-0.246529,0.378183,1.94823,0.329041,,0.181683
2020-02-12,44701,61.2297,34.375,,18587,64,61.23,81.56,83.74,78,1951,61.2297,36.7637,33.2033,27.3892,34.375,,,,0.438553,72.619,-0.000255386,0.877361,0.0641228,-0.246062,0.181173,1.87982,0.270903,,0.085365
2020-02-13,44719,61.3808,35.25,,18572,64,61.39,81.95,82.47,79,2037,61.3808,34.358,33.5108,28.7047,35.25,,,,0.522506,79.2899,0.0851173,0.959894,0.088696,-0.243535,0.410191,1.69448,0.667524,,0.0754651
2020-02-14,44744,61.4522,34.0625,,18559,64,61.46,82.19,83.45,79,2014,61.4522,35.7966,33.7462,28.5552,34.0625,,,,0.494717,77.6471,-0.0329129,1.02235,0.0741086,-0.254056,0.081209,1.78533,0.746399,,0.0482813
2020-02-17,44758,61.655,33.9375,,18570,64,61.67,81.52,83.23,78,2014,61.655,34.9931,32.2196,26.5104,33.9375,,,,0.426202,69.5906,-0.121156,0.973559,0.0769172,-0.25839,-0.181995,1.71601,0.640753,,0.154278
2020-02-18,44719,61.6645,32.875,,18603,64,61.66,80.44,82.92,78,2053,61.6645,34.4696,30.4478,26.4909,32.875,,,,0.197723,45.3488,-0.438203,0.833649,0.0140023,-0.226943,-1.10167,1.66775,0.292904,,0.246929
2020-02-19,44705,61.7233,33.4375,,18785,64,61.73,80.74,81.5,79,2035,61.7233,32.0409,30.8096,27.9906,33.4375,,,,0.336613,60.1156,-0.199024,0.872249,-0.0138831,-0.207907,-0.375282,1.48632,0.361774,,0.665069
2020-02-20,44717,61.785,33,,18583,64,61.79,80.18,81.74,79,2092,61.785,32.2975,29.7726,27.8627,33,,,,0.147412,36.2069,-0.441479,0.736302,-0.0559838,-0.203391,-1.06506,1.49638,0.193053,,0.302648
2020-02-21,44726,61.8348,31.875,,18574,64,61.84,79.75,81.36,79,2046,61.8348,31.5764,28.9727,27.7598,31.875,,,,0.115943,33.7143,-0.428844,0.660729,-0.0661626,-0.191963,-1.02841,1.43769,0.0591884,,0.309886
2020-02-24,44726,61.8348,31.875,,18574,64,61.84,79.75,81.36,79,2059,61.8348,31.5764,28.9727,27.7598,31.875,,,,0.124762,34.0909,-0.43407,0.683594,-0.161066,-0.181929,-0.959215,1.43037,0.13469,,0.287857
2020-02-25,44726,61.8348,31.875,,18574,64,61.84,79.75,81.36,79,2071,61.8348,31.5764,28.9727,27.7598,31.875,,,,0.173874,41.2429,-0.256969,0.604717,-0.165238,-0.208676,-0.396993,1.42315,-0.0228285,,0.222939
2020-02-26,44710,62.0842,31.125,,18546,64,62.09,79.81,80.57,79,2082,62.0842,29.7754,28.5512,27.2465,31.125,,,,0.0402902,28.0899,-0.456827,0.537407,-0.0760585,-0.206919,-1.0875,1.29009,0.146436,,-0.186023
2020-02-27,44791,62.1375,31.0625,,18528,64,62.14,79.56,80.68,79,2186,62.1375,29.8411,28.0386,27.1374,31.0625,,,,0.155703,39.1061,-0.407013,0.718419,-0.0800164,-0.254573,-0.886449,1.28903,0.420792,,0.172449
2020-02-28,44791,62.208,31.8125,,18555,64,62.21,80.87,80.56,78,2283,62.208,29.501,29.9994,25.3858,31.8125,,,,0.491547,78.3333,-0.070859,1.05395,-0.0703512,-0.247842,0.105616,1.25965,1.2538,,0.242887
2020-03-02,44803,62.2503,31,,18553,64,62.26,81.25,82.03,78,2244,62.2503,31.7745,30.5215,25.3006,31,,,,0.390545,65.7459,-0.210237,0.991327,-0.0504636,-0.255772,-0.324474,1.41285,0.946203,,0.238523
2020-03-03,44819,62.3002,31.1875,,18485,64,62.31,80.8,82.48,78,2214,62.3002,32.3912,29.6946,25.2002,31.1875,,,,0.35349,62.6374,-0.17269,0.879669,-0.0270355,-0.266492,-0.224542,1.44884,0.698417,,0.103829
2020-03-04,44832,62.3577,30.5,,18474,65,62.36,80.35,82.01,78,2186,62.3577,31.5154,28.8534,25.0848,30.5,,,,0.284481,54.0984,-0.198278,0.76724,-0.117532,-0.286321,-0.190981,1.38075,0.468793,,0.137113
2020-03-05,44838,62.418,30.4375,,18479,64,62.42,80.13,81.55,78,2330,62.418,30.6514,28.3764,24.964,30.4375,,,,0.331816,60.3261,-0.179338,0.842971,-0.114167,-0.233194,-0.190654,1.3143,0.701904,,0.182439
2020-03-06,44857,62.4793,29.875,,18478,65,62.48,81.61,81.95,78,2426,62.4793,31.1634,30.6193,24.8413,29.875,,,,0.211548,47.027,-0.417566,0.840662,-0.118437,-0.246109,-0.888152,1.34401,0.694331,,0.126625
2020-03-09,44778,62.5298,29.5625,,18469,65,62.53,85.12,83.22,79,2783,62.5298,33.0885,36.1271,26.3398,29.5625,,,,0.747552,88.7097,-0.305381,1.80048,-0.11448,-0.181735,-0.619929,1.47108,2.97391,,0.112448
2020-03-10,44785,62.5898,29.75,,18438,65,62.59,83.4,86.49,80,2812,62.5898,38.1855,33.2485,27.8164,29.75,,,,0.881433,91.4439,-0.301092,2.06396,-0.109655,-0.175095,-0.618524,1.81422,3.25282,,0.185708
2020-03-11,44775,62.6697,29.8125,,18413,65,62.67,85.76,84.85,80,2948,62.6697,35.3924,36.8444,27.6534,29.8125,,,,1.05872,95.7447,-0.158263,2.27569,-0.0990821,-0.158582,-0.217126,1.6106,4,,0.157272
2020-03-12,44439,62.8182,29.5,,18388,65,62.82,87.48,87.1,81,3124,62.8182,38.6541,39.259,28.9435,29.5,,,,1.12054,96.2963,-0.107902,2.34899,-0.0576546,0.084319,-0.35037,1.82409,4,,0.0967429
2020-03-13,44359,62.8992,29.3125,,18230,65,62.9,88.22,89.04,83,3064,62.8992,41.5598,40.2562,31.9572,29.3125,,,,1.01526,94.2105,-0.0142584,2.04479,-0.0484987,0.15473,-0.149007,2.00857,3.21397,,-0.221149
2020-03-16,44308,63.0398,29.5,,18189,65,63.04,88.17,89.15,84,3467,63.0398,41.4186,39.864,33.2492,29.5,,,,1.0871,95.8115,0.0827077,2.09148,-0.00628999,0.135033,0.11938,1.98312,3.38871,,-0.286232
2020-03-17,44236,63.175,29.5,,18157,65,63.18,86.9,89.31,85,3546,63.175,41.3692,37.5544,34.5469,29.5,,,,1.1176,95.8333,0.0795778,2.15562,0.0287644,0.191499,0.0184703,1.96443,3.56898,,-0.288741
2020-03-18,44040,63.33,29.5,,18147,65,63.33,88.35,88.19,87,3969,63.33,39.2547,39.5073,37.3757,29.5,,,,1.19809,96.8912,0.124617,2.27157,0.0635655,0.325473,-0.0151865,1.80804,4,,-0.258252
2020-03-19,43925,63.5497,29.3125,,18108,66,63.55,88.53,89.53,88,4050,63.5497,40.8819,39.3083,38.4743,29.3125,,,,1.20488,96.9072,0.105435,2.30432,0.0960375,0.168067,0.052201,1.90447,4,,-0.287354
2020-03-20,43822,63.7688,29,,18056,66,63.77,91.4,89.93,86,4015,63.7688,41.0251,43.3303,34.8622,29,,,,1.22781,96.9231,0.109943,2.34568,0.159955,0.185228,-0.0153542,1.90024,4,,-0.0720816
2020-03-23,43822,63.7688,29,,18056,66,63.77,91.4,89.93,86,4362,63.7688,41.0251,43.3303,34.8622,29,,,,1.17138,95.4082,0.0415219,2.30125,0.0931473,0.148117,-0.116698,1.88663,3.86037,,0.0122271
2020-03-24,43822,63.7688,29,,18056,66,63.77,91.4,89.93,86,4269,63.7688,41.0251,43.3303,34.8622,29,,,,0.988586,90.8629,0.00276269,1.97441,0.0290418,0.0957574,-0.116511,1.87331,3.02364,,0.0781572
2020-03-25,43854,64.0473,29.3125,,18040,66,64.05,86.79,87.99,85,4246,64.0473,37.3828,35.5092,32.7144,29.3125,,,,0.543532,76.7677,0.0229374,1.06413,0.086027,-0.0703742,0.0531595,1.62085,1.00674,,0.0654432
2020-03-26,43862,64.2295,29.375,,18104,66,64.23,83.2,84.36,84,4143,64.2295,31.3415,29.5355,30.781,29.375,,,,0.321806,54.2714,0.0319776,0.611634,0.0672512,-0.160189,0.18887,1.21376,0.175724,,0.279201
2020-03-27,43728,64.4095,27.75,,18090,66,64.41,85.42,86.49,84,4185,64.4095,34.2814,32.6202,30.4155,27.75,,,,0.31854,54,-0.204807,0.841887,0.0478509,-0.137004,-0.525268,1.40297,0.522855,,0.357791
2020-03-30,43561,64.4697,27.5625,,18142,67,64.47,85.96,86.92,84,4082,64.4697,34.823,33.334,30.2938,27.5625,,,,-0.0622959,14.9254,-0.187909,0.0633169,0.0758425,-0.0133818,-0.626187,1.43218,-1.50651,,0.465229
2020-03-31,43561,64.4697,27.5625,,18142,67,64.47,85.96,86.92,84,3803,64.4697,34.823,33.334,30.2938,27.5625,,,,-0.226864,3.9604,-0.187488,-0.266239,0.0757236,-0.0133609,-0.624827,1.4255,-2.32327,,0.464346
2020-04-01,43588,64.5295,27,,18090,67,64.53,87.88,87.92,84,3943,64.5295,36.2478,36.1858,30.173,27,,,,-0.164824,7.88177,-0.378946,0.0492972,-0.0277886,-0.00977049,-1.09928,1.51222,-1.58327,,0.388595
2020-04-02,43631,64.7165,26.125,,18124,67,64.72,87.78,88.81,84,3828,64.7165,37.2293,35.6377,29.7969,26.125,,,,-0.256703,3.43137,-0.554834,0.0414272,-0.0261464,-0.0357962,-1.60256,1.56876,-1.62769,,0.325014
2020-04-03,43650,64.9065,25.75,,18150,67,64.91,88.42,89.09,84,3683,64.9065,37.259,36.2267,29.4169,25.75,,,,-0.315544,1.46341,-0.36329,-0.267798,-0.0220836,-0.14917,-0.918616,1.56247,-2.43596,,0.408005
2020-04-06,43702,64.988,25.125,,18139,67,64.99,89.57,90.78,84,3588,64.988,39.6873,37.8254,29.2546,25.125,,,,-0.351426,1.45631,-0.492424,-0.210428,-0.0123402,-0.311969,-1.15296,1.71199,-2.37581,,0.27549
2020-04-07,43724,65.0695,23.0625,,18146,67,65.07,90.44,90.44,85,3652,65.0695,38.9898,38.9898,30.6296,23.0625,,,,-0.238937,5.31401,-0.852491,0.374617,0.0256872,-0.327817,-2.25534,1.65675,-0.865054,,0.289684
2020-04-08,43804,65.1595,21.9375,,18131,68,65.16,94.27,94.69,85,3842,65.1595,45.3203,44.6758,30.4491,21.9375,,,,-0.157403,11.0577,-0.952583,0.637777,0.0394693,-0.366627,-2.53059,2.05469,-0.643688,,0.366885
2020-04-09,43804,65.1595,21.9375,,18131,67,65.16,94.27,94.69,85,3798,65.1595,45.3203,44.6758,30.4491,21.9375,,,,-0.0333592,20.5742,-0.808953,0.742234,-0.0486199,-0.333827,-2.04441,2.03869,-0.330489,,0.294771
2020-04-10,43804,65.1595,21.9375,,18131,67,65.16,94.27,94.69,85,3798,65.1595,45.3203,44.6758,30.4491,21.9375,,,,0.108801,32.381,-0.76289,0.980493,-0.13786,-0.31904,-1.83177,2.02306,0.308359,,0.239628
2020-04-13,43862,65.3795,21,,18160,67,65.38,101.09,102.21,87,3864,65.3795,56.3334,54.6203,33.0692,21,,,,0.378948,63.5071,-0.792994,1.55089,-0.0730906,-0.322845,-1.98305,2.69941,1.01611,,0.32341
2020-04-14,43886,65.498,18.125,,18151,67,65.5,106.26,107.42,90,3856,65.498,64.005,62.234,37.4088,18.125,,,,0.334335,58.9623,-0.922852,1.59152,-0.0559407,-0.323739,-2.38887,3.13758,0.696644,,0.289168
2020-04-15,43844,65.6195,18.25,,18183,68,65.62,108.32,108.79,92,3994,65.6195,65.7891,65.0729,40.2022,18.25,,,,0.438703,70.892,-0.664717,1.54212,-0.0414369,-0.231816,-1.7209,3.1954,0.466018,,0.38778
2020-04-16,43852,65.7395,16.875,,18243,68,65.74,103.37,102.1,98,3987,65.7395,55.31,57.2418,49.0732,16.875,,,,0.24032,48.1308,-0.879842,1.36048,0.0146304,-0.237444,-2.41671,2.51615,0.628384,,0.51333
2020-04-17,43817,65.8595,16.875,,18287,68,65.86,99.84,102.64,102,3496,65.8595,55.8469,51.5954,54.8752,16.875,,,,-0.164892,9.30233,-0.844113,0.514328,0.0705958,-0.210794,-2.39214,2.52139,-1.53793,,0.604714
2020-04-20,43826,65.9778,18.25,,18200,68,65.98,104.23,105.27,105,3429,65.9778,59.5537,57.9774,59.1444,18.25,,,,-0.0669561,17.5926,-0.448046,0.314134,0.0220344,-0.173627,-1.19255,2.71405,-2.10825,,0.359059
2020-04-21,43780,66.0895,17.4375,,18100,68,66.09,108.43,109.56,106,3617,66.0895,65.7752,64.0654,60.3886,17.4375,,,,0.338758,60.3687,-0.076441,0.753956,0.0183283,-0.120644,-0.127007,3.04405,-1.24194,,0.165581
2020-04-22,43735,66.225,16.1875,,18030,68,66.23,109.18,111.11,108,3789,66.225,67.7765,64.8622,63.0804,16.1875,,,,0.244773,49.5413,-0.309991,0.799536,0.0243101,-0.118118,-0.836165,3.11383,-1.08906,,-0.0518692
2020-04-23,43751,66.3167,15.9375,,17927,68,66.32,110.05,111.57,116,3994,66.3167,68.2382,65.9461,74.9182,15.9375,,,,0.485704,75.7991,-0.122326,1.09373,0.0105816,-0.12401,-0.253549,3.09225,-0.157939,,-0.399948
2020-04-24,43696,66.425,18.3125,,17859,69,66.43,108.35,112.02,118,4037,66.425,68.6413,63.1163,77.644,18.3125,,,,1.12915,95.4545,0.290167,1.96813,0.00462775,-0.108592,0.974466,3.06813,2.17165,,-0.638915
2020-04-27,43646,66.525,18.3125,,17851,69,66.53,112.92,115.09,117,4009,66.525,73.0026,69.7407,75.8737,18.3125,,,,1.10172,93.6652,0.064482,2.13897,-0.00437211,-0.0635954,0.261414,3.26271,2.32006,,-0.470706
2020-04-28,43590,66.635,18.375,,17810,69,66.63,116.95,119.64,119,3989,66.635,79.5453,75.5084,78.5848,18.375,,,,1.06854,92.7928,0.217544,1.91953,-0.00558845,-0.0557298,0.713949,3.56146,1.4102,,-0.34565
2020-04-29,43545,66.745,18.3125,,17773,69,66.75,108.87,109.76,121,3999,66.745,64.4468,63.1133,81.287,18.3125,,,,0.859546,86.5471,0.417282,1.30181,-0.0179685,-0.0554987,1.32531,2.68638,0.705898,,-0.275508
2020-04-30,43568,66.835,18.4375,,17783,69,66.84,112.31,114.65,120,3472,66.835,71.5419,68.0407,79.5466,18.4375,,,,0.353027,60.2679,0.477543,0.228512,-0.0190689,-0.0608296,1.51253,3.03319,-2.44649,,-0.0308355
2020-05-01,43568,66.835,18.4375,,17783,69,66.84,112.31,114.65,118,3520,66.835,71.5419,68.0407,76.5542,18.4375,,,,0.147705,35.5556,0.0365536,0.258857,-0.0698874,-0.102755,0.282303,2.98959,-2.40093,,0.116974
2020-05-04,43565,66.925,21.0625,,17583,69,66.93,110.19,112.56,119,3614,66.925,68.1883,64.647,77.811,21.0625,,,,0.387594,63.2743,0.473743,0.301444,-0.0747358,-0.138596,1.63456,2.7733,-1.86663,,-0.306118
2020-05-05,43589,67.005,19.875,,17534,69,67,117.08,119.91,120,3455,67.005,78.9568,74.7332,79.0911,19.875,,,,0.255138,48.8987,0.232147,0.27813,-0.0889243,-0.199839,0.985203,3.29216,-2.43445,,-0.324779
2020-05-06,43400,67.095,20.0625,,17475,69,67.1,115.88,118.43,121,3374,67.095,76.5109,72.7103,80.3413,20.0625,,,,0.182723,40.3509,0.308023,0.0574228,-0.0984074,-0.0884334,1.11091,3.11464,-2.78376,,-0.374634
2020-05-07,43411,67.185,19.8125,,17409,69,67.19,115.77,117.81,122,3335,67.185,75.3516,72.3152,81.5882,19.8125,,,,0.523134,77.2926,0.245672,0.800596,-0.0984847,-0.0790801,0.91458,3.01034,-0.736964,,-0.543765
2020-05-08,43415,67.275,20.625,,17344,70,67.27,112.98,115.35,122,3322,67.275,71.4604,67.9376,81.3452,20.625,,,,0.486687,74.7826,0.397027,0.576346,-0.056325,-0.0820656,1.32947,2.77527,-0.989957,,-0.688886
2020-05-11,43348,67.365,21.0625,,17310,70,67.37,115.98,118.53,123,3111,67.365,75.9519,72.1666,82.5874,21.0625,,,,0.128839,32.4675,0.0367784,0.220899,-0.0565207,-0.0322361,0.199092,2.96243,-2.24929,,-0.321781
2020-05-12,43351,67.455,20.5625,,17282,69,67.46,119.31,121.96,125,3005,67.455,80.802,76.8735,85.3087,20.5625,,,,0.282092,50.431,0.161919,0.402265,-0.0520185,-0.0159435,0.553718,3.15698,-2.01364,,-0.275345
2020-05-13,43263,67.545,21.8125,,17211,70,67.54,122.77,125.76,129,3036,67.545,86.187,81.7603,90.9838,21.8125,,,,0.493366,75.5365,0.318043,0.668689,-0.0522265,-0.094082,1.10044,3.36513,-1.5413,,-0.304212
2020-05-14,43215,67.635,20.75,,17173,70,67.64,119.36,122.83,135,3040,67.635,81.6072,76.4767,99.6008,20.75,,,,0.419395,66.6667,0.192722,0.646069,-0.052434,-0.0478131,0.678413,3.09378,-1.35766,,-0.241895
2020-05-15,43137,67.725,22.625,,17141,70,67.73,117.95,121.32,138,2837,67.725,79.1362,74.1602,103.765,22.625,,,,0.342701,58.7234,0.396153,0.28925,-0.052641,0.016589,1.22451,2.93396,-2.12698,,-0.167711
2020-05-18,43047,67.815,26.4375,,17105,70,67.82,115.54,118.78,129,2690,67.815,75.153,70.3753,90.2234,26.4375,,,,0.640101,80.9322,0.971107,0.309096,-0.0528477,0.0350285,2.93114,2.71107,-1.85183,,-0.172993
2020-05-19,42980,67.905,26.25,,17073,70,67.9,114.22,118.38,124,2751,67.905,74.3318,68.2056,82.6081,26.25,,,,0.79148,86.0759,1.02773,0.555231,-0.0530539,0.0902589,3.04598,2.64231,-1.16285,,-0.182756
2020-05-20,42949,67.995,26.5,,17035,70,68,114.84,119.51,124,2782,67.995,75.7629,68.8948,82.3664,26.5,,,,0.710838,83.1933,0.835316,0.586359,-0.0532597,0.0455394,2.51367,2.67885,-1.15903,,-0.107843
2020-05-21,42839,68.085,26.5,,17018,70,68.09,114.37,117.42,125,2784,68.085,72.4609,67.9812,83.594,26.5,,,,0.768826,84.9372,1.01521,0.522444,-0.053465,0.0950331,3.00406,2.49935,-1.16338,,-0.0597188
2020-05-22,42738,68.175,26.1875,,16985,70,68.18,109.53,113.92,126,2779,68.175,67.0994,60.6601,84.8185,26.1875,,,,0.697469,82.0833,0.655238,0.739701,-0.0536699,0.113799,1.90558,2.23232,-0.351748,,-0.0626431
2020-05-25,42738,68.175,26.1875,,16985,71,68.18,109.53,113.92,126,2779,68.175,67.0994,60.6601,84.8185,26.1875,,,,0.489443,73.444,-0.0112763,0.990161,-0.0959348,0.0422729,0.019833,2.21417,0.250786,,0.0209036
2020-05-26,42629,68.265,25.6875,,16950,71,68.27,106.32,110.64,129,2631,68.265,62.0743,55.746,88.9695,25.6875,,,,0.248424,46.281,-0.0514958,0.548345,-0.0960241,0.0762968,-0.13476,1.97058,-0.606375,,0.013313
2020-05-27,42499,68.355,26.4375,,16923,71,68.36,105.56,109.84,127,2664,68.355,60.6905,54.4291,85.7947,26.4375,,,,0.292379,51.0288,0.0576936,0.527064,-0.0961133,0.15612,0.113075,1.89543,-0.597034,,0.0385338
2020-05-28,42448,68.445,26.5,,16891,71,68.45,109.41,112.69,124,2728,68.445,64.6431,59.851,81.1674,26.5,,,,0.370199,61.0656,0.0522734,0.688124,-0.0962025,0.109109,0.143913,2.06033,-0.341439,,0.0028323
2020-05-29,42589,68.535,26.5625,,16880,71,68.54,107.71,113.42,125,2627,68.535,65.4921,57.1606,82.3886,26.5625,,,,0.299657,51.0204,0.0491765,0.550138,-0.0962916,-0.086092,0.329913,2.0835,-0.735309,,0.0543059
2020-06-01,42609,68.625,28.5,,16919,71,68.63,108.77,114.08,128,2615,68.625,66.2368,58.4991,86.5209,28.5,,,,0.467305,71.5447,0.377933,0.556677,-0.0540286,-0.102127,1.28995,2.10149,-0.783034,,0.146478
2020-06-02,42660,68.715,29,,16902,71,68.71,106.39,114.05,124,2576,68.715,65.9754,54.8279,80.4555,29,,,,0.615839,79.3522,0.497273,0.734405,-0.0542325,-0.231172,1.77722,2.07474,-0.333029,,0.188597
2020-06-03,42670,68.805,29.5625,,16880,71,68.81,107.91,114.71,123,2481,68.805,66.7175,56.8345,78.7661,29.5625,,,,0.479407,72.5806,0.425578,0.533237,-0.0544359,-0.344258,1.67543,2.09256,-0.859483,,0.200022
2020-06-04,42748,68.895,29.75,,16861,71,68.9,108.27,114.41,123,2534,68.895,66.0643,57.1522,78.5325,29.75,,,,0.456483,70.6827,0.408313,0.504654,-0.0546389,-0.448226,1.7278,2.04907,-0.902683,,0.230495
2020-06-05,42814,68.985,29.5625,,16855,71,68.99,109.86,115.34,125,2555,68.985,67.1958,59.252,81.1988,29.5625,,,,0.554018,77.6,0.385209,0.722826,-0.0548415,-0.386214,1.59668,2.08408,-0.39803,,0.24204
2020-06-08,42883,69.075,29.5625,,16890,72,69.08,110,116.37,125,2478,69.075,68.4691,59.2472,80.9627,29.5625,,,,0.341882,56.1753,0.0537885,0.629975,-0.0550436,-0.425082,0.641491,2.12436,-0.665577,,0.232305
2020-06-09,42988,69.165,29.875,,16870,72,69.17,108.73,116.08,124,2600,69.165,67.8306,57.2038,79.2814,29.875,,,,0.443129,67.8571,0.00840641,0.877851,-0.0552454,-0.46767,0.548134,2.08142,0.000837905,,0.224742
2020-06-10,43041,69.255,29.5,,16857,72,69.26,108.07,114.4,124,2535,69.255,65.1866,56.0465,79.0484,29.5,,,,0.361712,58.498,-0.157106,0.88053,-0.0554467,-0.501487,0.0856157,1.95338,0.125012,,0.245865
2020-06-11,43122,69.315,29.6875,,16841,72,69.31,107.49,112.27,123,2609,69.315,61.9707,55.0747,77.4508,29.6875,,,,0.347176,57.0866,-0.162235,0.856588,-0.0696916,-0.502513,0.0855001,1.80327,0.211873,,0.252647
2020-06-12,43126,69.375,29.1875,,16832,72,69.37,106.59,109.27,126,2578,69.375,57.5063,53.6432,81.6216,29.1875,,,,0.243387,43.5294,-0.201389,0.688164,-0.0839055,-0.451307,-0.0689553,1.60209,-0.0042169,,0.245065
2020-06-15,43126,69.375,29.1875,,16832,72,69.37,106.59,109.27,126,2605,69.375,57.5063,53.6432,81.6216,29.1875,,,,0.322292,51.9531,-0.196554,0.841137,-0.126221,-0.394578,-0.0688629,1.5946,0.427879,,0.160727
2020-06-16,43170,69.615,29.75,,16857,73,69.61,105.31,109.12,125,2524,69.615,56.7478,51.2749,79.559,29.75,,,,0.196871,38.5214,-0.115077,0.508819,-0.0559451,-0.344319,0.0550333,1.55482,-0.41713,,0.268714
2020-06-17,43172,69.675,29.8125,,16860,73,69.67,104.96,107.68,124,2541,69.675,54.5461,50.6423,77.9691,29.8125,,,,0.28967,48.8372,-0.0335895,0.612929,-0.0701912,-0.302459,0.271882,1.45396,-0.0750561,,0.306842
2020-06-18,43123,69.735,29.4375,,16863,73,69.74,107.1,109.81,127,2603,69.735,57.4676,53.5814,82.118,29.4375,,,,0.278931,46.332,-0.0915811,0.649442,-0.0702683,-0.196717,-0.00775777,1.5725,-0.125,,0.352211
2020-06-19,43178,69.795,29.8125,,16837,73,69.8,109.53,110,128,2541,69.795,57.6044,56.931,83.3942,29.8125,,,,0.3143,51.1538,0.0396827,0.588917,-0.0703455,-0.237771,0.427165,1.57123,-0.254266,,0.310664
2020-06-22,43202,69.975,29.625,,16818,73,69.97,108.12,105.49,127,2487,69.975,50.7538,54.5123,81.4934,29.625,,,,0.177673,34.8659,0.0301562,0.325189,0.0141276,-0.256893,0.333234,1.27319,-0.592325,,0.264224
2020-06-23,43213,70.035,29.75,,16805,73,70.03,107.67,108.58,127,2461,70.035,55.0368,53.7374,81.3379,29.75,,,,0.204068,39.313,-0.0619951,0.47013,-0.0710636,-0.229714,0.114792,1.45077,-0.361329,,0.171775
2020-06-24,43217,70.095,29.75,,16803,74,70.1,107.3,108.03,128,2514,70.095,54.1194,53.078,82.6093,29.75,,,,0.218703,40.6844,-0.0729007,0.510308,-0.0711397,-0.23102,0.0834572,1.40609,-0.210023,,0.159414
2020-06-25,43197,70.155,29.8125,,16811,74,70.16,104.21,106.1,128,2527,70.155,51.2365,48.5425,82.4531,29.8125,,,,0.185868,35.9848,-0.00789047,0.379626,-0.0712159,-0.254341,0.301886,1.27857,-0.415199,,0.171391
2020-06-26,43200,70.215,29.625,,16774,74,70.22,102.47,105.7,129,2533,70.215,50.5376,45.9375,83.7214,29.625,,,,0.193728,37.7358,-0.0875825,0.475038,-0.0712921,-0.211588,0.0201322,1.24464,-0.129102,,0.14412
2020-06-29,43201,70.395,29,,16782,74,70.4,100.39,104.07,129,2470,70.395,47.8372,42.6096,83.2517,29,,,,0.135648,28.5714,-0.154418,0.425713,-0.0717064,-0.19254,-0.199007,1.12617,-0.166772,,0.209774
2020-06-30,43242,70.455,29.6875,,16783,74,70.46,100.53,104.14,126,2495,70.455,47.8107,42.6868,78.8376,29.6875,,,,0.224155,41.573,-0.0684025,0.516712,-0.0717817,-0.216761,0.083335,1.12178,0.048159,,0.243679
2020-07-01,43219,70.515,29.75,,16917,74,70.52,105.5,108.1,128,2497,70.515,53.3007,49.6136,81.5217,29.75,,,,0.269015,46.6418,-0.0505524,0.588583,-0.0718572,-0.194409,0.114609,1.35089,-0.166892,,0.574927
2020-07-02,43203,70.575,29.5625,,16942,74,70.58,107.24,109.73,129,2509,70.575,55.48,51.9518,82.7843,29.5625,,,,0.268167,46.4684,-0.0935302,0.629864,-0.0719327,-0.197423,-0.0112344,1.43802,-0.170891,,0.615057
2020-07-03,43219,70.635,29.5625,,16960,74,70.64,105.79,108.55,127,2509,70.635,53.6774,49.7699,79.7976,29.5625,,,,0.274131,47.4074,-0.0655485,0.613811,-0.0720082,-0.207811,0.0831735,1.35646,-0.19602,,0.748178
2020-07-06,43253,70.815,29.6875,,16995,75,70.82,106.7,108.11,127,2378,70.815,52.6654,50.6743,79.3405,29.6875,,,,0.271966,47.2325,0.0513319,0.4926,-0.07242,-0.234588,0.461004,1.30895,-0.483365,,0.811819
2020-07-07,43240,70.875,29.75,,16993,75,70.87,108.58,109.48,127,2343,70.875,54.4691,53.1993,79.1887,29.75,,,,0.18952,36.0294,-0.039131,0.418171,-0.0724947,-0.189934,0.145036,1.3804,-0.736375,,0.802806
2020-07-08,43246,70.935,29.5,,16989,75,70.94,108.98,109.12,127,2293,70.935,53.831,53.6336,79.0371,29.5,,,,0.0753108,24.5421,-0.0997086,0.25033,-0.0725695,-0.213521,-0.0130357,1.34853,-0.954705,,0.463994
2020-07-09,43246,70.935,29.5,,16989,75,70.94,108.98,109.12,127,2337,70.935,53.831,53.6336,79.0371,29.5,,,,0.10466,25.9124,-0.0817972,0.291117,-0.100815,-0.226411,0.081834,1.34377,-0.817157,,0.402361
2020-07-10,43246,70.935,29.5,,16989,75,70.94,108.98,109.12,127,2299,70.935,53.831,53.6336,79.0371,29.5,,,,0.0650168,23.6364,-0.0867412,0.216775,-0.129035,-0.212918,0.0817293,1.33905,-0.976071,,0.35791
2020-07-13,43276,71.2333,29.6875,,16999,75,71.24,109.73,111.73,127,2308,71.2333,56.8508,54.0431,78.2874,29.6875,,,,0.217329,41.3043,-0.0565694,0.491227,-0.0737087,-0.209322,0.113323,1.46089,-0.381067,,0.29648
2020-07-14,43307,71.295,29.5625,,17062,75,71.3,110.97,113.06,127,2366,71.295,58.5805,55.6491,78.1331,29.5625,,,,0.303689,53.0686,-0.100124,0.707502,-0.0729838,-0.245352,0.0179637,1.52749,0.0142299,,0.454079
2020-07-15,43346,71.355,29.625,,17064,75,71.36,112.02,113.37,127,2341,71.355,58.8816,56.9897,77.9833,29.625,,,,0.349562,60.7914,-0.0561577,0.755282,-0.0730582,-0.272244,0.176829,1.53373,0.120478,,0.467997
2020-07-16,43356,71.415,29.5,,17064,75,71.42,112,113.62,130,2343,71.415,59.0982,56.8298,82.0346,29.5,,,,0.306995,53.405,-0.070649,0.684638,-0.0447829,-0.280133,0.112969,1.53638,-0.0584266,,0.46728
2020-07-17,43362,71.475,29.5625,,17110,75,71.48,115.39,117.86,130,2359,71.475,64.8968,61.4411,81.8818,29.5625,,,,0.42022,67.8571,-0.0521875,0.892627,-0.0165314,-0.284712,0.144681,1.77067,0.171756,,0.578288
2020-07-20,43389,71.655,29.4375,,17040,76,71.66,117.57,119.2,130,2381,71.655,66.3527,64.0779,81.4249,29.4375,,,,0.386387,64.0569,-0.123265,0.896038,-0.073027,-0.28178,-0.014987,1.82181,0.226994,,0.382576
2020-07-21,43399,71.715,29.5,,17058,76,71.72,116.07,118.89,132,2356,71.715,65.7812,61.849,84.0619,29.5,,,,0.316525,54.2553,-0.085673,0.718723,-0.0739047,-0.263958,0.0808441,1.78862,-0.127839,,0.272044
2020-07-22,43379,71.775,29.6875,,17007,76,71.78,114.45,116.91,133,2278,71.775,62.884,59.4566,85.3013,29.6875,,,,0.251408,45.2297,-0.0479811,0.550798,-0.0739781,-0.21466,0.144695,1.66028,-0.354306,,0.142042
2020-07-23,43349,71.835,29.125,,16980,76,71.84,111.78,114.39,136,2221,71.835,59.2399,55.6066,89.3228,29.125,,,,0.131083,27.8169,-0.111606,0.373772,-0.0740517,-0.181165,-0.0796025,1.50285,-0.606209,,0.0755745
2020-07-24,43360,71.895,29.5625,,16959,76,71.9,114.57,117.48,139,2210,71.895,63.405,59.3574,93.3375,29.5625,,,,0.156164,31.5789,-0.048794,0.361122,-0.0741253,-0.185091,0.112835,1.66783,-0.720691,,-0.0886764
2020-07-27,43384,72.075,29.375,,16942,76,72.08,115.67,117.98,136,2211,72.075,63.6906,60.4856,88.6923,29.375,,,,0.147248,29.3706,-0.0587638,0.353259,-0.0745296,-0.18236,0.0805985,1.67186,-0.809185,,0.0409544
2020-07-28,43433,72.135,29.1875,,16962,76,72.14,115.89,118.48,135,2242,72.135,64.2476,60.6571,87.1491,29.1875,,,,0.172232,33.4495,-0.112413,0.456878,-0.0746024,-0.214593,-0.0480448,1.6869,-0.567753,,0.0460976
2020-07-29,43387,72.195,29.75,,16936,76,72.2,116.72,118.26,135,2280,72.195,63.8064,61.6732,86.9936,29.75,,,,0.308754,53.8194,-0.0407548,0.658262,-0.0746752,-0.192655,0.145066,1.66108,-0.069059,,0.107269
2020-07-30,43340,72.255,29.625,,16921,76,72.26,119.54,121.41,136,2278,72.255,68.0299,65.4418,88.2223,29.625,,,,0.431725,70.5882,0.0391244,0.824325,-0.0747481,-0.178208,0.37033,1.82506,0.16743,,0.136637
2020-07-31,43386,72.315,29.1875,,17004,76,72.32,122.21,124.1,136,2263,72.315,71.6103,68.9968,88.0661,29.1875,,,,0.400847,66.2069,-0.12123,0.922924,-0.074821,-0.207255,-0.0816131,1.96026,0.150007,,0.394083
2020-08-03,43348,72.515,29.875,,17102,77,72.52,122,122,136,2119,72.515,68.2411,68.2411,87.5474,29.875,,,,0.36032,62.1993,0.0498507,0.670788,-0.0658346,-0.155081,0.370468,1.81316,-0.474805,,0.677225
2020-08-04,43409,72.565,29.25,,17192,77,72.57,116.28,119.18,128,2111,72.565,64.239,60.2425,76.3936,29.25,,,,0.269522,46.9178,-0.0306146,0.569658,-0.0706218,-0.164973,0.143751,1.64276,-0.642104,,0.846976
2020-08-05,43374,72.615,29.4375,,17206,77,72.62,117.17,119.46,129,2027,72.615,64.5115,61.3578,77.6492,29.4375,,,,0.140491,27.6451,-0.0999917,0.380974,-0.0754018,-0.173978,-0.050595,1.64646,-1.16593,,0.943814
2020-08-06,43344,72.695,29.8125,,17215,77,72.7,121.68,123.53,132,2056,72.695,69.9292,67.3843,81.5806,29.8125,,,,0.257873,45.9184,-0.0151507,0.530896,-0.0660746,-0.188045,0.208667,1.85629,-1.02946,,1.0008
2020-08-07,43303,72.765,29.625,,17264,77,72.77,124.65,126.56,133,2091,72.765,73.9298,71.3049,82.7802,29.625,,,,0.35706,62.0339,0.0540278,0.660092,-0.0614656,-0.114577,0.338126,2.00597,-0.81188,,0.912275
2020-08-10,43332,72.945,30,,17285,77,72.95,125.84,128.35,131,2084,72.945,75.9545,72.5135,79.5874,30,,,,0.43176,71.2838,-0.0223081,0.885829,-0.0713627,-0.170901,0.175339,2.07434,-0.21967,,0.71981
2020-08-11,43302,72.995,29.6875,,17297,77,73,124.53,127.77,131,2083,72.995,75.0394,70.6007,79.4643,29.6875,,,,0.4486,74.0741,0.0574331,0.839768,-0.0714157,-0.0939302,0.337645,2.0252,-0.189155,,0.526749
2020-08-12,43253,73.045,29.75,,17274,77,73.05,125.73,130.05,132,2099,73.045,78.0409,72.1268,80.7105,29.75,,,,0.538285,80.5369,0.0395863,1.03698,-0.0714688,-0.0818929,0.272121,2.13109,0.243604,,0.435526
2020-08-13,43207,73.105,29.3125,,17264,77,73.11,125.3,130.22,133,2101,73.105,78.1274,71.3973,81.9301,29.3125,,,,0.438078,71.2375,-0.100316,0.976473,-0.0810062,-0.0681491,-0.151794,2.1206,0.126389,,0.388389
2020-08-14,43122,73.155,29.875,,17242,77,73.16,124.22,126.8,132,2112,73.155,73.3306,69.8038,80.4388,29.875,,,,0.429554,69.6667,0.0396064,0.819502,-0.0905001,-0.0305217,0.239841,1.91965,0.0221859,,0.21383
2020-08-17,43122,73.155,29.875,,17242,77,73.16,124.22,126.8,132,2131,73.155,73.3306,69.8038,80.4388,29.875,,,,0.402075,65.7807,-0.0459276,0.850078,-0.1755,-0.00588101,0.043598,1.90912,0.135016,,0.162113
2020-08-18,43160,73.395,29.9375,,17244,78,73.4,125.69,129.06,132,2139,73.395,75.843,71.2514,79.8488,29.9375,,,,0.4628,75.1656,0.0299987,0.895602,-0.0859572,-0.0637683,0.239722,1.99633,0.173962,,0.137422
2020-08-19,43115,73.475,29.8125,,17248,78,73.48,127.61,131.4,134,2142,73.475,78.8363,73.6781,82.375,29.8125,,,,0.464272,75.2475,0.000790882,0.927752,-0.0718817,-0.066973,0.141227,2.10042,0.117193,,0.203544
2020-08-20,43092,73.525,30,,17239,78,73.53,129.42,132.94,136,2158,73.525,80.8092,76.0218,84.9711,30,,,,0.539716,80.9211,0.101851,0.977581,-0.076664,-0.0864589,0.468677,2.16306,0.178032,,0.20572
2020-08-21,43048,73.575,29.5625,,17229,78,73.58,129.52,135,138,2153,73.575,83.4862,76.0381,87.5637,29.5625,,,,0.45288,73.4426,-0.0849342,0.990695,-0.0767081,-0.121348,-0.0567468,2.25119,0.108045,,0.235012
2020-08-24,43047,73.725,28.9375,,17233,78,73.73,130.33,132.95,137,2140,73.725,80.3323,76.7786,85.8257,28.9375,,,,0.355931,59.8039,-0.170476,0.882338,-0.0060395,-0.120344,-0.385046,2.11534,-0.0317987,,0.2446
2020-08-25,42983,73.805,29.5625,,17251,78,73.81,127.69,130.54,137,2137,73.805,76.8715,73.01,85.6243,29.5625,,,,0.372635,62.5407,-0.0677582,0.813027,-0.0820421,-0.0325286,-0.0887039,1.9705,-0.0798452,,0.283836
2020-08-26,42962,73.855,29.875,,17246,78,73.86,125.16,128.42,137,2146,73.855,73.8813,69.4672,85.4986,29.875,,,,0.383368,62.987,-0.0024991,0.769235,-0.0962619,-0.0530384,0.141803,1.84597,-0.053493,,0.261219
2020-08-27,42896,73.935,29.1875,,17237,78,73.94,122.29,125.57,138,2149,73.935,69.8384,65.402,86.6504,29.1875,,,,0.271095,45.6311,-0.139187,0.681377,-0.0821566,-0.0157334,-0.31967,1.68339,-0.11039,,0.26089
2020-08-28,42914,73.995,29.9375,,17165,78,74,121.73,125.84,136,2142,73.995,70.0655,64.5111,83.7962,29.9375,,,,0.350535,58.7097,0.0535708,0.647499,-0.0774858,-0.069245,0.307443,1.68458,-0.119033,,0.10641
2020-08-31,42842,74.175,29.625,,17165,78,74.18,121.57,125.79,136,2147,74.175,69.5854,63.8962,83.3502,29.625,,,,0.400272,64.9518,0.1336,0.666944,-0.0636968,-0.00758229,0.472079,1.65903,-0.039843,,0.0963468
2020-09-01,42700,74.245,29.6875,,17319,78,74.25,117.64,130.78,133,2127,74.245,76.1465,58.4484,79.1366,29.6875,,,,0.427999,68.9103,0.0553777,0.80062,-0.0685521,0.0606411,0.174044,1.89899,-0.114542,,0.434207
2020-09-02,42640,74.315,29.75,,17377,79,74.32,119.72,129.51,133,2123,74.315,74.2717,61.098,78.9679,29.75,,,,0.401187,65.1757,0.0256797,0.776694,-0.0592083,0.0947684,0.041479,1.8187,-0.171629,,0.589331
2020-09-03,42613,74.375,30,,17399,79,74.38,119.51,123.81,134,2128,74.375,66.4672,60.6857,80.1681,30,,,,0.425802,68.4713,0.176778,0.674825,-0.068779,0.0609222,0.538192,1.51716,-0.162612,,0.66504
2020-09-04,42617,74.435,29.8125,,17410,79,74.44,120,128.49,132,2117,74.435,72.6204,61.2145,77.3359,29.8125,,,,0.406819,65.7143,0.0147899,0.798847,-0.0688673,0.073019,0.040218,1.74194,-0.180066,,0.870485
2020-09-07,42643,74.645,29.625,,17430,79,74.65,117.84,125.88,131,2117,74.645,68.6382,57.8672,75.4974,29.625,,,,0.374896,61.7089,0.012892,0.736901,-0.0551969,-0.0126881,0.106561,1.58522,-0.201934,,0.917926
2020-09-08,42638,74.705,29.875,,17466,79,74.71,116.41,119.32,131,2120,74.705,59.7216,55.8262,75.3564,29.875,,,,0.293493,48.5804,0.00449337,0.582493,-0.0600401,-0.132609,0.206129,1.24554,-0.100002,,0.621382
2020-09-09,42570,74.765,29.9375,,17440,79,74.77,119.67,120.22,131,2120,74.765,60.7972,60.0615,75.2157,29.9375,,,,0.283888,46.2264,0.00522497,0.562552,-0.0648749,-0.125333,0.205883,1.2822,-0.0821795,,0.412714
2020-09-10,42549,74.835,29.6875,,17383,79,74.84,123.41,120.91,131,1101,74.835,61.5688,64.9095,75.0518,29.6875,,,,-0.558793,0.31348,-0.0838396,-1.03375,-0.0602697,-0.130441,-0.0608079,1.30723,-4,,0.216817
2020-09-11,42452,74.905,29.5,,17369,79,74.91,125.17,126.36,131,1108,74.905,68.6937,67.105,74.8882,29.5,,,,-0.496973,0.625,-0.052472,-0.941475,-0.0556727,-0.0410049,-0.0607383,1.56901,-4,,0.1546
2020-09-14,42501,75.115,29.6875,,17414,79,75.12,123.21,130.3,132,1120,75.115,73.4674,64.0285,75.7305,29.6875,,,,-0.426625,1.24611,0.00732842,-0.860577,-0.0562317,-0.0614107,0.139628,1.7403,-4,,0.216519
2020-09-15,42495,75.185,29.5,,17380,79,75.19,122.06,128.29,131,1119,75.185,70.6324,62.3462,74.2369,29.5,,,,-0.504674,0.621118,-0.0688549,-0.940493,-0.0516493,-0.0604398,-0.0944758,1.6274,-4,,0.0427297
2020-09-16,42521,75.245,29.875,,17353,80,75.25,127.61,131.9,145,1181,75.245,75.294,69.5927,92.7038,29.875,,,,-0.417335,1.85759,-0.0408194,-0.79385,-0.0517718,-0.143611,0.0729244,1.79317,-3.79773,,0.0398703
2020-09-17,42473,75.315,29.875,,17346,80,75.32,126.33,132.4,141,1237,75.315,75.795,67.7355,87.2137,29.875,,,,0.489042,78.7037,0.0118191,0.966264,-0.0519243,-0.119437,0.206819,1.80322,0.530397,,0.164084
2020-09-18,42428,75.375,29.875,,17247,80,75.38,129.72,137.3,140,1259,75.375,82.1559,72.0995,85.738,29.875,,,,0.53285,81.5385,0.0282967,1.0374,-0.0567759,-0.165486,0.307152,2.02818,0.589953,,-0.0492565
2020-09-21,42248,75.585,30,,17195,80,75.59,130.98,139.84,141,1338,75.585,85.0103,73.2884,86.5449,30,,,,0.609142,84.0491,0.0850222,1.13326,-0.0573301,0.0391804,0.273216,2.1209,0.858492,,-0.292468
2020-09-22,42226,75.645,29.75,,17086,80,75.65,134.39,147.52,144,1353,75.645,95.0162,77.6588,90.3629,29.75,,,,0.66846,85.3211,0.0768813,1.26004,-0.0621643,0.0535165,0.239292,2.47064,0.921127,,-0.483342
2020-09-23,42177,75.715,29.25,,16867,80,75.72,134.69,148.65,145,1390,75.715,96.3283,77.8908,91.5076,29.25,,,,0.537814,81.0976,-0.0562683,1.1319,-0.0575721,0.120671,-0.231904,2.49852,0.818719,,-0.974991
2020-09-24,42118,75.775,29.5625,,16625,80,75.78,130.87,140.98,147,1359,75.775,86.0508,72.7087,93.9954,29.5625,,,,0.358328,59.2705,0.00170535,0.71495,-0.0624086,0.130796,-0.0632717,2.11056,0.46691,,-1.5802
2020-09-25,41970,75.845,29.5625,,16451,80,75.85,135.29,143.54,145,1332,75.845,89.2544,78.377,91.1794,29.5625,,,,0.335382,54.5455,0.0343693,0.636395,-0.0578137,0.224123,-0.063201,2.21251,0.268629,,-1.78031
2020-09-28,41874,76.055,29.8125,,16374,80,76.06,137.31,143.37,145,1340,76.055,88.5083,80.5404,90.6515,29.8125,,,,0.262154,42.5982,0.0317521,0.492555,-0.0583632,0.14925,0.00436943,2.17171,-0.0184891,,-1.84367
2020-09-29,41751,76.115,30.0625,,16251,80,76.12,138.8,148.5,146,1333,76.115,95.0995,82.3556,91.815,30.0625,,,,0.344539,56.6265,0.152478,0.5366,-0.0584733,0.241262,0.274644,2.39149,-0.10744,,-1.8851
2020-09-30,41379,76.175,29.6875,,16137,81,76.18,138.79,145.65,146,1300,76.175,91.2045,82.1989,91.6639,29.6875,,,,0.342734,56.1562,0.272131,0.413337,-0.0633043,0.537755,0.341942,2.23694,-0.390664,,-1.62587
2020-10-01,41369,76.245,28.875,,16076,81,76.25,139.04,145.89,147,1339,76.245,91.3437,82.3595,92.7995,28.875,,,,0.335457,54.491,0.0554346,0.61548,-0.0587118,0.49284,-0.267825,2.22725,-0.106556,,-1.164
2020-10-02,41252,76.945,29.6875,,15963,82,76.95,138.15,145.75,150,1353,76.945,89.421,79.5438,94.9444,29.6875,,,,0.485621,77.3134,0.291538,0.679705,0.235648,0.465917,0.173049,2.14567,0.0598959,,-1.0126
2020-10-05,41172,77.0517,29.875,,15842,83,77.06,140.79,149.55,150,1350,77.0517,94.0905,82.7215,94.6745,29.875,,,,0.478018,76.7857,0.258941,0.697095,0.185921,0.451972,0.138928,2.29518,0.0151543,,-1.13519
2020-10-06,41129,77.08,29.9375,,15766,83,77.08,140.16,152.51,152,1373,77.08,97.8594,81.8371,97.1977,29.9375,,,,0.505591,80.1187,0.195443,0.815739,0.170585,0.378861,0.0368821,2.40998,0.137113,,-1.01549
2020-10-07,41132,77.0967,29.6875,,15697,83,77.11,138.97,150.39,155,1374,77.0967,95.0667,80.2541,101.046,29.6875,,,,0.472312,76.0355,0.0958937,0.848731,0.149862,0.0329741,0.104844,2.29631,0.275331,,-0.899619
2020-10-08,41092,77.1033,29.5625,,15638,83,77.11,140.94,153.28,158,1366,77.1033,98.7982,82.7937,104.92,29.5625,,,,0.518689,80.236,0.219913,0.817466,0.119732,0.0609674,0.479039,2.40859,0.0835304,,-0.896918
2020-10-09,41026,77.1083,29.75,,15548,83,77.15,143.42,154.95,167,1343,77.1083,100.951,85.9981,116.579,29.75,,,,0.386098,62.0588,-0.0184865,0.790683,-0.207197,0.0139031,0.137834,2.46429,-0.0674798,,-0.840207
2020-10-12,41026,77.1083,29.75,,15548,83,77.15,143.42,154.95,167,1343,77.1083,100.951,85.9981,116.579,29.75,,,,0.379856,61.5836,-0.094075,0.853786,-0.256913,-0.0606822,0.0353705,2.44569,-0.0551563,,-0.512144
2020-10-13,40837,77.4033,29.8125,,15484,83,77.43,144.95,156.27,166,1368,77.4033,101.891,87.2659,114.461,29.8125,,,,0.430905,69.5906,-0.00665739,0.868468,-0.132076,0.0767718,0.0353321,2.45911,-0.0469209,,-0.482041
2020-10-14,40847,77.4217,29.625,,15431,83,77.48,150.28,163.77,167,1404,77.4217,111.53,94.1058,115.702,29.625,,,,0.529107,81.3411,0.00279094,1.05542,-0.13117,0.0700701,0.0694727,2.76231,0.096358,,-0.440215
2020-10-15,40777,77.46,30,,15362,83,77.47,154.97,168.6,171,1406,77.46,117.661,100.065,120.759,30,,,,0.622506,84.8837,0.108483,1.13653,-0.116235,0.0985993,0.343085,2.93934,0.137218,,-0.470465
2020-10-16,40785,77.5317,31.6875,,15287,83,77.52,152.07,165.31,178,1397,77.5317,113.216,96.1391,129.584,31.6875,,,,0.732992,88.1159,0.368978,1.09701,-0.0849586,0.0289058,1.16299,2.76405,0.194477,,-0.432023
2020-10-19,40794,77.5767,31.5625,,15229,83,77.58,153.4,165.01,181,1431,77.5767,112.706,97.7398,133.317,31.5625,,,,0.726407,87.8613,0.349456,1.10336,-0.063836,0.0203525,1.09185,2.72228,0.333809,,-0.595391
2020-10-20,40812,77.6567,31.875,,15166,83,77.68,160.92,171.85,180,1434,77.6567,121.294,107.22,131.789,31.875,,,,0.731701,87.8963,0.295143,1.16826,-0.164916,-0.175259,1.2256,2.97533,0.243032,,-0.595416
2020-10-21,40800,77.7133,31.75,,15068,83,77.75,162.66,174.8,183,1445,77.7133,124.929,109.308,135.481,31.75,,,,0.726671,87.6437,0.318415,1.13493,-0.146905,-0.154208,1.25636,3.06057,0.139933,,-0.72636
2020-10-22,40668,78.0467,31.125,,15021,84,78.08,163.09,181.06,190,1440,78.0467,131.989,108.965,143.444,31.125,,,,0.706137,86.8195,0.2012,1.21107,-0.00907156,-0.094939,0.70761,3.25001,0.110958,,-0.666565
2020-10-23,40498,78.0883,31.5625,,14933,84,78.13,155.17,168.83,195,1425,78.0883,116.204,98.7109,149.717,31.5625,,,,0.502199,78,0.0248727,0.979525,-0.023343,0.075254,0.0227072,2.71668,0.0861065,,-0.707943
2020-10-26,40239,78.2067,31.5625,,14852,84,78.26,157.21,165.11,190,1445,78.2067,111.12,101.019,142.946,31.5625,,,,0.507112,78.6325,0.144916,0.869308,0.0107468,0.332832,0.0911705,2.53382,0.0282435,,-0.777583
2020-10-27,40140,78.2967,31.5625,,14785,84,78.3,152.98,162.6,181,1460,78.2967,107.672,95.385,131.172,31.5625,,,,0.480974,75,0.126678,0.83527,0.0150919,0.445272,-0.0803285,2.40664,0.0777845,,-0.792507
2020-10-28,39866,78.2983,31.6875,,14742,84,78.31,144.85,152.3,178,1481,78.2983,94.5125,84.9976,127.336,31.6875,,,,0.480323,74.7875,0.248561,0.712084,-0.0107837,0.699443,0.0570244,1.97951,0.119054,,-0.636707
2020-10-29,39826,78.2967,31.6875,,14698,84,78.3,144.04,151.22,175,1480,78.2967,93.1371,83.9669,123.509,31.6875,,,,0.490043,76.5537,0.281275,0.69881,-0.16801,0.611406,0.400431,1.9265,0.135484,,-0.629918
2020-10-30,39856,78.3283,31.75,,14659,84,78.32,143.23,147.7,169,1482,78.3283,88.5653,82.8586,115.759,31.75,,,,0.420389,64.7887,0.146447,0.694331,-0.172561,0.418206,0.193695,1.77479,0.20578,,-0.489493
2020-11-02,39875,78.69,31.75,,14702,84,78.69,139.23,145.41,168,1464,78.69,84.7884,76.9348,113.496,31.75,,,,0.374201,58.427,0.0944839,0.653919,-0.0591122,0.14908,0.193483,1.64969,0.0479319,,-0.125658
2020-11-03,39882,78.9033,31.75,,14689,85,78.9,140.18,145.41,165,1435,78.9033,84.2889,77.6605,109.117,31.75,,,,0.341394,52.1008,0.0790873,0.6037,-0.00195998,0.0459496,0.193272,1.62781,-0.13483,,0.0325366
2020-11-04,39819,79.0233,31.4375,,14674,85,79.03,139.75,145.39,161,1430,79.0233,83.9837,76.8466,103.737,31.4375,,,,0.259503,39.3855,-0.0517276,0.570733,0.0530789,-0.159904,-0.0483581,1.6122,-0.242753,,0.114771
2020-11-05,39524,79.0933,31.8125,,14660,85,79.1,141.88,146.87,157,1402,79.0933,85.6921,79.3831,98.4997,31.8125,,,,0.337343,51.8106,0.112314,0.562373,0.0863112,0.0917864,0.158845,1.6591,-0.3548,,0.203257
2020-11-06,39524,79.0933,31.8125,,14660,85,79.1,141.88,146.87,157,1391,79.0933,85.6921,79.3831,98.4997,31.8125,,,,0.333498,50.2778,0.105552,0.561444,0.0713769,0.121164,0.124115,1.65269,-0.408502,,0.318848
2020-11-09,39316,79.3433,31.75,,14633,85,79.35,141.98,147.36,151,1353,79.3433,85.7246,78.9439,90.3122,31.75,,,,0.317843,47.9224,0.151226,0.484461,0.0178591,0.34643,0.0893878,1.64735,-0.491323,,0.110247
2020-11-10,39322,79.425,31.8125,,14620,85,79.43,141.43,146.39,149,1352,79.425,84.3122,78.0674,87.5984,31.8125,,,,0.32686,49.4475,0.142281,0.51144,-0.0440092,0.346926,0.123926,1.59757,-0.373948,,0.109948
2020-11-11,39259,79.4783,31.5625,,14611,85,79.49,145.54,149.58,162,1352,79.4783,88.2023,83.1192,103.829,31.5625,,,,0.356264,56.1983,0.143527,0.569001,-0.0752874,0.347407,0.158462,1.71135,-0.352637,,0.127582
2020-11-12,39191,79.575,31.6875,,14635,85,79.56,141.5,145.67,167,1342,79.575,83.06,77.8197,109.865,31.6875,,,,0.291278,44.2308,0.0264849,0.556071,-0.0629994,0.122974,0.0194806,1.54667,-0.277022,,0.241064
2020-11-13,39101,79.7283,33.625,,14649,85,79.75,141.23,146.55,172,1331,79.7283,83.8118,77.1391,115.733,33.625,,,,0.505226,78.9041,0.438852,0.5716,0.00823664,0.213268,1.09505,1.56437,-0.276714,,0.282688
2020-11-16,39115,79.955,33.875,,14644,86,79.97,142.82,147.44,162,1323,79.955,84.4037,78.6255,102.614,33.875,,,,0.52893,80.3279,0.417732,0.640127,-0.00348667,-0.00879859,1.26548,1.57701,-0.150804,,0.348232
2020-11-17,39116,80.0283,33.9375,,14654,86,80.04,144.1,148.27,163,1350,80.0283,85.272,80.0613,103.678,33.9375,,,,0.563055,83.1063,0.416882,0.709227,-0.007664,-0.00378269,1.26209,1.59796,-0.0332825,,0.416784
2020-11-18,39069,80.1517,33.875,,14662,86,80.15,145.95,149.1,164,1357,80.1517,86.0223,82.0922,104.612,33.875,,,,0.596848,83.6957,0.455752,0.737945,0.024613,-0.0196066,1.36225,1.6151,-0.00387653,,0.467286
2020-11-19,38939,80.2717,33.875,,14660,86,80.28,146.53,149.87,163,1370,80.2717,86.7034,82.5425,103.06,33.875,,,,0.611375,84.0108,0.455963,0.766788,0.0349884,0.0435827,1.28932,1.62995,0.0927338,,0.388578
2020-11-20,38945,80.3583,34.0625,,14680,86,80.35,147.17,149.86,161,1378,80.3583,86.4898,83.1423,100.353,34.0625,,,,0.443295,69.1892,0.0894011,0.797188,0.00349194,-0.0534504,0.318162,1.61743,0.172521,,0.406032
2020-11-23,38945,80.3583,34.0625,,14680,86,80.35,147.17,149.86,161,1375,80.3583,86.4898,83.1423,100.353,34.0625,,,,0.409337,63.0728,0.0125899,0.806085,-0.102162,-0.0392279,0.179159,1.61154,0.193382,,0.420578
2020-11-24,38731,80.6917,33.875,,14660,86,80.7,147.88,150.99,160,1369,80.6917,87.1196,83.2654,98.2856,33.875,,,,0.408501,62.6344,0.079436,0.737567,0.018027,0.180114,0.0401668,1.6248,0.0541578,,0.329914
2020-11-25,38746,80.7917,33.625,,14675,86,80.79,146.68,150.52,158,1376,80.7917,86.3063,81.5533,95.5646,33.625,,,,0.374654,58.1769,0.0198489,0.729458,0.00673915,0.116895,-0.0640878,1.59425,0.0541027,,0.350578
2020-11-26,38747,80.8883,34.0625,,14668,87,80.89,146.59,149.27,157,1376,80.8883,84.5384,81.2252,94.0948,34.0625,,,,0.366766,57.2193,0.0527743,0.680758,-0.00450538,-0.016557,0.179385,1.53516,-0.000832298,,0.335136
2020-11-27,38705,81.0383,33.75,,14668,87,81.07,145.45,148.92,156,1376,81.0383,83.765,79.483,92.5016,33.75,,,,0.314829,45.8667,-0.0140484,0.643706,0.0244335,0.0326792,-0.0992579,1.50665,-0.0346383,,0.274508
2020-11-30,38652,81.2967,33.75,,14676,87,81.31,144.55,148.04,155,1410,81.2967,82.0984,77.8055,90.6596,33.75,,,,0.366415,57.1809,0.0438217,0.689009,0.14347,0.0871519,-0.0991566,1.45145,0.121911,,0.29833
2020-12-01,38619,81.395,34.375,,14734,87,81.43,144.7,148.48,153,1405,81.395,82.4191,77.775,87.9722,34.375,,,,0.418081,64.4562,0.0965168,0.739646,0.0335626,-0.0983256,0.354313,1.45662,0.12602,,0.532943
2020-12-02,38622,81.475,34.3125,,14762,87,81.49,144.36,148.27,153,1411,81.475,81.9822,77.1832,87.7877,34.3125,,,,0.435328,68.5185,0.132209,0.738447,0.02393,-0.0858886,0.458586,1.43895,0.121653,,0.571039
2020-12-03,38652,81.5617,34.1875,,14771,87,81.56,139.74,144.18,151,1426,81.5617,76.7741,71.3304,85.1359,34.1875,,,,0.362249,55.9367,0.0156388,0.708859,0.0189771,-0.11575,0.14369,1.27777,0.185167,,0.618419
2020-12-04,38661,81.6517,34.0625,,14783,87,81.65,142.05,144.9,150,1427,81.6517,77.4611,73.9707,83.7071,34.0625,,,,0.374058,57.8947,0.0236678,0.724448,-0.00919914,-0.168242,0.248445,1.29512,0.189222,,0.653557
2020-12-07,38661,81.6517,34.0625,,14783,87,81.65,142.05,144.9,150,1456,81.6517,77.4611,73.9707,83.7071,34.0625,,,,0.337086,49.8688,-0.034505,0.708677,-0.128854,-0.222842,0.248181,1.2897,0.167773,,0.628441
2020-12-08,38661,81.6517,34.0625,,14783,87,81.65,142.05,144.9,150,1452,81.6517,77.4611,73.9707,83.7071,34.0625,,,,0.247589,35.6021,-0.177805,0.672982,-0.174188,-0.256782,-0.102444,1.28436,0.171856,,0.45247
2020-12-09,38710,82.045,34.25,,14832,87,82.04,139.49,142.82,149,1434,82.045,74.0752,70.0165,81.6077,34.25,,,,0.251436,36.5535,-0.0987348,0.601608,-0.0300346,-0.304119,0.0379486,1.17726,0.0694593,,0.514607
2020-12-10,38744,82.13,34.375,,14855,88,82.13,138.22,141.86,146,1418,82.13,72.7262,68.2942,77.767,34.375,,,,0.242645,34.6354,-0.0535274,0.538818,-0.0310635,-0.307855,0.178337,1.13195,-0.0627823,,0.555754
2020-12-11,38750,82.215,34.125,,14862,88,82.21,138.22,141.86,148,1394,82.215,72.5476,68.1202,80.0158,34.125,,,,0.206161,31.6883,-0.0767113,0.489033,-0.0336155,-0.304393,0.107875,1.12206,-0.169413,,0.539862
2020-12-14,38761,82.4567,34.0625,,14869,88,82.45,140.29,142.88,151,1369,82.4567,73.2788,70.1378,83.1264,34.0625,,,,0.176264,26.943,-0.0551862,0.407715,0.0773102,-0.315459,0.0725907,1.13958,-0.40036,,0.560136
2020-12-15,38777,82.535,34.5,,14905,88,82.53,141.82,143.72,151,1387,82.535,74.1322,71.8301,82.9527,34.5,,,,0.253956,37.2093,0.0324327,0.475478,0.111569,-0.331964,0.317693,1.16068,-0.30645,,0.668928
2020-12-16,38794,82.6267,34.1875,,14960,88,82.62,141.26,142.7,150,1382,82.6267,72.7045,70.9617,81.5394,34.1875,,,,0.192149,29.1237,-0.0978103,0.482107,-0.0293873,-0.298744,0.0347002,1.11313,-0.250946,,0.686178
2020-12-17,38828,82.7217,34.1875,,14995,88,82.71,140.79,142.65,149,1380,82.7217,72.4457,70.1972,80.122,34.1875,,,,0.193706,30.0771,-0.120737,0.508149,-0.0262106,-0.298905,-0.0370954,1.10092,-0.190977,,0.720851
2020-12-18,38835,82.8383,34.3125,,15069,88,82.84,140.73,142.03,150,1365,82.8383,71.4545,69.8852,81.0757,34.3125,,,,0.251359,36.9231,-0.0467605,0.549478,-0.0131359,-0.300035,0.17289,1.06676,-0.152376,,0.91861
2020-12-21,38899,83.1483,34.25,,15198,89,83.15,138.81,139.8,150,1362,83.1483,68.1333,66.9427,80.4006,34.25,,,,0.280557,41.4322,-0.0555687,0.616682,0.0160731,-0.354834,0.172055,0.962669,-0.0585062,,1.27508
2020-12-22,39009,83.2483,34.0625,,15336,89,83.25,140.04,140.77,152,1363,83.2483,69.0965,68.2197,82.5863,34.0625,,,,0.226549,33.4184,-0.202521,0.655619,0.0247868,-0.451614,-0.180735,0.987842,-0.131165,,1.56474
2020-12-23,39216,83.3583,34.0625,,15447,89,83.36,140.35,140.45,159,1358,83.3583,68.4895,68.3696,90.7429,34.0625,,,,0.235337,33.8422,-0.206077,0.676751,0.0329508,-0.64614,-0.00504258,0.965668,-0.131096,,1.71461
2020-12-24,39216,83.3583,34.0625,,15447,89,83.36,140.35,140.45,159,1356,83.3583,68.4895,68.3696,90.7429,34.0625,,,,0.222391,32.9949,-0.208375,0.653156,-0.0101668,-0.610476,-0.00448263,0.961841,-0.131157,,1.60441
2020-12-25,39216,83.3583,34.0625,,15447,89,83.36,140.35,140.45,159,1356,83.3583,68.4895,68.3696,90.7429,34.0625,,,,0.192771,29.1139,-0.247139,0.632681,-0.0628405,-0.602923,-0.0756536,0.958028,-0.0671449,,1.38164
2020-12-28,39236,83.905,34.125,,15622,89,83.9,140,140.34,164,1362,83.905,67.2606,66.8554,95.4592,34.125,,,,0.2408,35.3535,-0.173111,0.654711,0.0436724,-0.557049,-0.0059555,0.917202,-0.0287061,,1.49656
2020-12-29,39281,84.025,34.1875,,15811,90,84.03,140.04,140.32,165,1368,84.025,66.9979,66.6647,96.3701,34.1875,,,,0.291352,44.5844,-0.100738,0.683442,0.0520014,-0.489581,0.135366,0.905624,-0.00752665,,1.62101
2020-12-30,39387,84.145,34.25,,15935,90,84.15,139.99,140.26,166,1373,84.145,66.6885,66.3676,97.2785,34.25,,,,0.322838,48.995,-0.0533496,0.699026,0.0549945,-0.385091,0.170048,0.892667,0.0348846,,1.64002
2020-12-31,39387,84.145,34.25,,15935,90,84.15,139.99,140.26,166,1368,84.145,66.6885,66.3676,97.2785,34.25,,,,0.318281,48.1203,-0.0543157,0.690877,0.0533599,-0.384683,0.168376,0.889086,0.0218762,,1.63246
2021-01-01,39387,84.145,34.25,,15935,90,84.15,139.99,140.26,166,1368,84.145,66.6885,66.3676,97.2785,34.25,,,,0.316426,47.5,-0.0551241,0.687976,0.051464,-0.384311,0.167475,0.885515,0.0218847,,1.62508
2021-01-04,39501,84.7033,34.0625,,15907,90,84.15,142.32,142.32,165,1400,84.7033,68.0218,68.0218,94.7976,34.0625,61.2211,4.0036,3.92009e+06,0.249556,37.1571,-0.133742,0.632854,0.0529276,-0.479327,0.0251722,0.922227,0.132816,,1.05418
2021-01-05,39540,84.7967,34.3125,,15844,91,84.81,143.55,143.91,160,1412,84.7967,69.7118,69.2872,88.6866,34.3125,57.2895,3.79277,3.95938e+06,0.21078,31.592,-0.100982,0.522542,0.0398964,-0.472039,0.129196,0.969611,0.158261,,0.356969
2021-01-06,39546,84.9033,33.9375,,15815,91,84.91,144.39,144.57,160,1374,84.9033,70.2761,70.0641,88.4497,33.9375,54.4185,3.63573,4.0237e+06,0.109021,19.603,-0.152383,0.370425,0.0316889,-0.369871,-0.118967,0.982823,-0.0255325,,-0.0624546
2021-01-07,39556,85,33.8125,,15783,91,85,145.84,145.29,162,1374,85,70.9294,71.5765,90.5882,33.8125,60.8401,3.98338,4.0168e+06,0.101014,18.8119,-0.165859,0.367887,0.0744234,-0.380233,-0.191769,0.998688,-0.00427665,,-0.149387
2021-01-08,39462,85.105,34.125,,15783,91,85.12,145.06,145.25,161,1384,85.105,70.6715,70.4483,89.1781,34.125,58.8037,3.87453,4.10976e+06,0.159994,25.1852,-0.0603727,0.380361,0.120835,-0.284995,-0.0169575,0.986958,0.0380414,,-0.148194
2021-01-11,39605,85.3783,34.3125,,15767,91,85.37,145.8,145.95,159,1395,85.3783,70.9451,70.7694,86.23,34.3125,68.4824,4.38087,4.16479e+06,0.154427,24.1379,-0.04386,0.352714,-0.00944053,-0.314674,0.192535,0.991344,-0.0522507,,-0.114618
2021-01-12,39708,85.465,34.125,,15780,91,85.47,144.98,145.13,159,1415,85.465,69.8122,69.6367,86.0411,34.125,67.7008,4.34099,4.25307e+06,0.120851,20.3931,-0.151225,0.392927,-0.0137062,-0.379855,-0.0601141,0.95317,-0.0183737,,0.0950407
2021-01-13,39765,85.555,34,,15751,91,85.55,144.72,144.83,160,1449,85.555,69.2829,69.1543,87.0142,34,68.668,4.39032,4.28874e+06,0.191676,28.9216,-0.124691,0.508044,-0.020314,-0.431155,0.0773948,0.933382,0.288856,,0.0957423
2021-01-14,39791,85.645,34.375,,15758,91,85.64,145.42,145.8,159,1460,85.645,70.2376,69.7939,85.6501,34.375,68.8991,4.40207,4.29633e+06,0.261235,40.0978,-0.0359793,0.558449,-0.0229382,-0.446794,0.361794,0.958601,0.335314,,0.204414
2021-01-15,39808,85.735,34.5625,,15737,91,85.74,145.39,146.29,159,1451,85.735,70.6304,69.5807,85.4552,34.5625,69.9517,4.45539,4.34705e+06,0.208534,32.439,-0.100536,0.517603,-0.0283674,-0.558681,0.285441,0.966732,0.253777,,0.146997
2021-01-18,39812,86.0667,34.1875,,15745,91,85.74,145.39,146.29,159,1451,86.0667,69.9728,68.9271,84.7404,34.1875,74.6419,4.68938,4.3756e+06,0.173221,26.2774,-0.156163,0.502606,-0.00276133,-0.416823,-0.0489051,0.942975,0.206554,,0.213972
2021-01-19,39779,86.1967,34.1875,,15722,92,86.21,145.48,147.88,157,1429,86.1967,71.5611,68.7768,82.1415,34.1875,69.0614,4.41031,4.37745e+06,0.180028,27.6699,-0.0686976,0.428753,0.0168702,-0.279049,0.0560861,0.98743,0.0269466,,0.115013
2021-01-20,39741,86.32,34.3125,,15704,92,86.35,145.72,148.16,156,1419,86.32,71.6404,68.8137,80.7229,34.3125,66.5292,4.28088,4.34716e+06,0.187813,28.5714,0.0164638,0.359163,0.031507,-0.183026,0.20091,0.985962,-0.160886,,0.145664
2021-01-21,39757,86.4283,34,,15688,92,86.43,145.96,148.88,156,1440,86.4283,72.2584,68.8799,80.4964,34,64.5528,4.1786,4.39686e+06,0.12717,20.5314,-0.11523,0.36957,0.0394542,-0.173044,-0.212099,1.00085,-0.117827,,0.0818029
2021-01-22,39687,86.5467,34,,15651,92,86.57,145.88,148.8,156,1422,86.5467,71.9303,68.5564,80.2495,34,64.5451,4.1782,4.38615e+06,0.109868,19.759,-0.120076,0.339812,0.0517608,-0.0855444,-0.326444,0.986977,-0.156002,,0.037109
2021-01-25,39690,86.9117,33.8125,,15646,92,86.9,146.38,149.27,156,1433,86.9117,71.749,68.4238,79.4925,33.8125,63.505,4.12392,4.42071e+06,0.134936,21.6346,-0.0779538,0.347826,0.0664562,-0.0849061,-0.215411,0.977585,-0.108535,,0.00102743
2021-01-26,39627,87.0217,33.875,,15663,92,87.02,146.89,149.72,156,1430,87.0217,72.049,68.797,79.2656,33.875,63.2391,4.10999,4.52638e+06,0.173589,26.8585,-0.0576404,0.404817,0.0602205,-0.0546728,-0.178469,0.982871,-0.0268779,,0.1121
2021-01-27,39450,87.1233,34.0625,,15645,92,87.11,147.38,150.16,154,1444,87.1233,72.3534,69.1626,76.761,34.0625,63.5885,4.12829,4.5788e+06,0.223577,35.1675,-0.000881201,0.448035,0.0520395,0.086219,-0.140902,0.988268,0.0758493,,0.111938
2021-01-28,39482,87.2167,34.1875,,15631,93,87.2,147.9,150.65,154,1444,87.2167,72.7307,69.5776,76.5717,34.1875,63.7049,4.13437,4.81595e+06,0.247719,38.9021,0.0792056,0.416232,0.0462032,0.069158,0.122256,0.995863,-0.0139057,,0.117245
2021-01-29,39515,87.2983,34.1875,,15628,93,87.33,147.88,150.52,153,1445,87.2983,72.4203,69.3962,75.2611,34.1875,62.477,4.06996,3.20847e+06,0.250562,39.7619,0.03886,0.462264,0.0293239,-0.0356919,0.122948,0.982507,0.0671611,,0.211982
2021-02-01,39460,87.605,34.1875,,15678,93,87.6,148.33,150.99,153,1438,87.605,72.3532,69.3168,74.6476,34.1875,57.156,3.78553,3.35495e+06,0.273626,43.7055,0.0874848,0.459766,0.0020221,0.0228955,0.237537,0.976608,-0.00995207,,0.365519
2021-02-02,39453,87.7033,34.1875,,15685,93,87.7,148.83,151.46,153,1440,87.7033,72.6959,69.6971,74.4518,34.1875,55.5914,3.70021,3.37806e+06,0.259479,41.2322,0.0536992,0.465258,-0.00656866,-0.0341265,0.201793,0.983218,0.0110977,,0.337659
2021-02-03,39473,87.805,34,,15668,93,87.8,149.34,151.79,153,1455,87.805,72.8717,70.0814,74.2498,34,54.9014,3.66233,3.47511e+06,0.18961,29.5508,-0.0888157,0.468035,-0.00876124,-0.235782,-0.0219034,0.984732,0.0151619,,0.340389
2021-02-04,39134,87.905,34.1875,,15660,93,87.91,149.84,152.27,150,1455,87.905,73.2211,70.4567,70.6388,34.1875,54.2046,3.62393,3.5041e+06,0.262264,42.217,0.0503149,0.474213,-0.00642176,0.141647,0.0157199,0.991548,0.0152298,,0.357506
2021-02-05,39174,88.005,34.0625,,15638,93,88,149.6,147.14,151,1445,88.005,67.195,69.9903,71.5812,34.0625,54.3378,3.63128,3.57057e+06,0.197449,32,0.0250713,0.369826,0.00165602,0.13205,-0.0584926,0.803611,-0.0314614,,0.304829
2021-02-08,39233,88.165,34.125,,15636,94,88.17,149.6,147.14,151,1434,88.165,66.8916,69.6818,71.2698,34.125,52.5018,3.5294,3.59134e+06,0.15269,23.9437,-0.0238101,0.329191,-0.0628806,0.0132121,-0.0217618,0.790991,-0.0480847,,0.160142
2021-02-09,39270,88.275,34.25,,15646,94,88.26,150,152.36,152,1448,88.275,72.597,69.9235,72.1892,34.25,50.9791,3.44404,3.621e+06,0.204046,32.7869,-0.0121123,0.420204,-0.0553245,-0.0340016,0.0529893,0.962319,0.0036827,,0.169016
2021-02-10,39278,88.355,34.1875,,15645,94,88.36,149.75,152.14,151,1456,88.355,72.1917,69.4867,70.9015,34.1875,52.5617,3.53274,3.64161e+06,0.212828,34.3458,0.0146567,0.411,-0.0615053,-0.0226381,0.128113,0.946159,-0.0255862,,0.213852
2021-02-11,39359,88.45,34.125,,15655,94,88.45,148.34,152.16,149,1463,88.45,72.0294,67.7106,68.4568,34.125,45.2462,3.11543,3.58121e+06,0.125812,20.0466,-0.178082,0.429705,-0.0610459,-0.454077,-0.0191231,0.937438,0.00467608,,0.264299
2021-02-12,39369,88.5383,34,,15640,94,88.54,147.65,151.61,150,1456,88.5383,71.2366,66.764,69.4182,34,46.1264,3.16666,3.5821e+06,0.130015,20.9302,-0.167561,0.42759,-0.0642392,-0.422856,-0.0155872,0.909431,0.0174568,,0.284176
2021-02-15,39369,88.5383,34,,15640,94,88.54,147.65,151.61,150,1456,88.5383,71.2366,66.764,69.4182,34,46.1264,3.16666,3.5821e+06,0.132689,21.3457,-0.180684,0.446062,-0.131606,-0.361945,-0.0485011,0.905828,0.0642939,,0.290068
2021-02-16,39369,88.5383,34,,15640,94,88.54,147.65,151.61,150,1497,88.5383,71.2366,66.764,69.4182,34,46.1264,3.16666,3.5821e+06,0.138952,21.9907,-0.20732,0.485224,-0.17817,-0.323818,-0.119972,0.902243,0.179365,,0.262905
2021-02-17,39399,88.945,34.25,,15622,94,88.94,143.47,147.93,149,1473,88.945,66.3163,61.3019,67.5193,34.25,45.2672,3.11666,3.57203e+06,0.128563,20.5543,-0.101906,0.359032,-0.0362996,-0.34605,0.0766305,0.747346,0.0420171,,0.216432
2021-02-18,39310,89.045,34.25,,15637,94,88.94,141.77,145.82,148,1482,89.045,63.7599,59.2116,66.2081,34.25,45.9742,3.15782,3.58597e+06,0.151622,24.6544,-0.0292059,0.33245,-0.037585,-0.171269,0.121236,0.665404,0.0500727,,0.231295
2021-02-19,39425,89.1567,33.75,,15642,94,89.14,140.65,144.19,148,1488,89.1567,61.7265,57.756,65.9999,33.75,44.8288,3.09105,3.59339e+06,0.10024,17.4713,-0.139087,0.339567,-0.0304398,-0.278588,-0.108234,0.599623,0.105297,,0.287996
2021-02-22,39476,89.4383,34.125,,15653,95,89.43,138.79,142.51,147,1501,89.4383,59.3389,55.1796,64.3591,34.125,45.7523,3.14492,3.58165e+06,0.149927,24.7706,-0.0373255,0.337179,0.090085,-0.330262,0.128201,0.52287,0.160374,,0.319409
2021-02-23,39498,89.535,34.125,,15661,95,89.53,139.86,143.47,147,1514,89.535,60.239,56.2071,64.1816,34.125,46.6373,3.19625,3.59461e+06,0.136466,22.1968,-0.0306644,0.303596,0.130498,-0.352258,0.129766,0.547801,0.0402534,,0.341872
2021-02-24,39506,89.6383,34.1875,,15653,95,89.68,140.94,144.46,145,1505,89.6383,61.1588,57.2319,61.7612,34.1875,47.9632,3.27263,3.62985e+06,0.119316,19.4064,-0.106257,0.34489,-0.00476072,-0.329211,0.0151997,0.573383,0.104091,,0.369503
2021-02-25,39517,89.7533,34.1875,,15655,95,89.75,141.92,145.43,143,1499,89.7533,62.033,58.1223,59.3256,34.1875,47.122,3.22424,3.88491e+06,0.0922028,17.0843,-0.137182,0.321588,0.00475936,-0.430964,0.0146578,0.597531,0.0401264,,0.332626
2021-02-26,39518,89.825,33.625,,15674,95,89.83,141.92,145.32,145,1511,89.825,61.7812,57.9961,61.425,33.625,47.194,3.2284,2.63187e+06,0.110201,19.3182,-0.114866,0.335268,-0.00975139,-0.312943,-0.0219053,0.586727,0.065962,,0.370959
2021-03-01,39617,90.085,34.0625,,15686,95,90.09,143.8,146.31,147,1512,90.085,62.4133,59.627,63.1792,34.0625,43.5143,3.01382,2.69108e+06,0.101194,18.1406,-0.119514,0.321901,-0.0168963,-0.36022,0.0185737,0.603415,0.0149123,,0.372851
2021-03-02,39654,90.155,34.0625,,15699,96,90.15,146.13,147.31,145,1543,90.155,63.3964,62.0875,60.8341,34.0625,37.7775,2.669,2.75248e+06,0.120286,20.1357,-0.126018,0.366591,-0.0247057,-0.37349,0.0201409,0.631039,0.0921591,,0.386559
2021-03-03,39718,90.2233,34.1875,,15690,96,90.23,146.11,148.28,145,1547,90.2233,64.3478,61.9426,60.7124,34.1875,37.4121,2.64659,2.75294e+06,0.132412,22.3476,-0.133961,0.398784,-0.0357945,-0.428101,0.0620132,0.657708,0.147892,,0.382721
2021-03-04,39784,90.295,33.875,,15700,96,90.29,145.11,147.25,144,1552,90.295,63.0766,60.7066,59.4773,33.875,36.7516,2.60594,2.81166e+06,0.0914013,16.8919,-0.221899,0.404701,-0.0532747,-0.481452,-0.130969,0.614904,0.194577,,0.404545
2021-03-05,39799,90.365,33.875,,15766,96,90.37,145.87,147.73,144,1590,90.365,63.4814,61.4231,59.3537,33.875,37.5355,2.65416,2.82194e+06,0.185992,31.236,-0.106799,0.478784,-0.0527723,-0.493586,0.225962,0.624576,0.30504,,0.534687
2021-03-08,39729,90.5817,34.1875,,15766,96,90.57,145.87,147.73,144,1598,90.5817,63.0903,61.0369,58.9725,34.1875,38.0261,2.68421,2.81848e+06,0.19843,34.9776,-0.0807727,0.477633,-0.0720912,-0.319903,0.149676,0.609301,0.334181,,0.501198
2021-03-09,39747,90.6517,34.0625,,15782,96,90.66,145.39,144.73,144,1639,90.6517,59.655,60.3831,58.8498,34.0625,38.7764,2.72998,2.87617e+06,0.176327,29.5302,-0.0987138,0.451367,-0.0747312,-0.299538,0.0781283,0.498456,0.375854,,0.508219
2021-03-10,39750,90.7233,34,,15779,96,90.72,144.43,148.92,143,1647,90.7233,64.1475,59.1984,57.6221,34,39.2994,2.76174,2.87982e+06,0.199983,35.4911,-0.116502,0.516468,-0.0745356,-0.237284,-0.037686,0.6368,0.391886,,0.524968
2021-03-11,39807,90.7867,34.1875,,15790,96,90.78,144.3,149.08,143,1630,90.7867,64.2091,58.944,57.5121,34.1875,38.7333,2.72735,2.88677e+06,0.235709,39.4209,-0.00710703,0.478526,-0.0781782,-0.22861,0.285467,0.635682,0.297199,,0.526866
2021-03-12,39823,90.855,34.1875,,15782,96,90.85,144.84,148.78,142,1594,90.855,63.7554,59.4189,56.293,34.1875,41.7312,2.90802,2.9178e+06,0.148551,25.7778,-0.00684458,0.303947,-0.0777619,-0.230151,0.287379,0.618317,-0.0188579,,0.320819
2021-03-15,39865,91.0667,34,,15774,97,91.06,144.59,149.25,146,1570,91.0667,63.8909,58.7737,60.322,34,40.804,2.85252,2.98661e+06,0.0422601,15.2993,-0.160939,0.245459,-0.0792412,-0.372572,-0.0310039,0.619557,-0.155005,,0.298192
2021-03-16,39881,91.135,34.0625,,15844,97,91.13,144.6,149.24,143,1551,91.135,63.7571,58.6657,56.9101,34.0625,38.7492,2.72832,3.04861e+06,0.0197403,13.9381,-0.130776,0.170257,-0.0798547,-0.401731,0.0892567,0.612295,-0.410209,,0.447113
2021-03-17,39834,91.205,34.125,,15839,97,91.2,145.28,149.45,144,1533,91.205,63.8616,59.2895,57.8861,34.125,37.8092,2.67093,3.0262e+06,0.0145414,13.6865,-0.0962814,0.125364,-0.0817918,-0.377323,0.17027,0.612581,-0.519868,,0.441395
2021-03-18,39774,91.28,34.0625,,15849,97,91.3,144.71,149.68,144,1536,91.28,63.979,58.5342,57.7564,34.0625,37.3824,2.64477,3.02553e+06,0.0237132,14.3172,-0.112381,0.159808,-0.0799939,-0.26717,0.0100202,0.613287,-0.433292,,0.439049
2021-03-19,39728,91.3567,34.125,,15890,97,91.36,144,149.75,144,1517,91.3567,63.9179,57.6239,57.6239,34.125,36.0384,2.56186,3.10467e+06,0.065929,16.4835,-0.082303,0.214161,-0.0815521,-0.216673,0.0513157,0.608328,-0.359906,,0.573961
2021-03-22,39651,91.5683,34.125,,15918,97,91.57,143.15,148.91,143,1512,91.5683,62.6218,56.3314,56.1676,34.125,36.179,2.57057,3.1204e+06,0.128746,22.3684,0.00867056,0.248822,-0.0858751,-0.0609125,0.172799,0.564016,-0.278332,,0.672742
2021-03-23,39679,91.6367,34.1875,,15965,97,91.64,142.78,148.77,143,1522,91.6367,62.3476,55.8109,56.051,34.1875,36.7246,2.60428,3.16126e+06,0.141654,24.7265,0.00255832,0.280749,-0.0890252,-0.0763494,0.17305,0.552324,-0.154107,,0.607311
2021-03-24,39679,91.6367,34.1875,,15965,97,91.64,142.78,148.77,143,1573,91.6367,62.3476,55.8109,56.051,34.1875,36.7246,2.60428,3.16126e+06,0.178613,31.441,-0.0428825,0.400108,-0.122961,-0.137372,0.131686,0.549386,0.140654,,0.620459
2021-03-25,39610,91.7767,34,,15999,97,91.77,141.19,147.88,143,1566,91.7767,61.1302,53.8408,55.813,34,38.9038,2.73772,3.23268e+06,0.161173,28.976,-0.0567317,0.379078,-0.0958527,-0.125269,0.0509262,0.507499,0.0980432,,0.684308
2021-03-26,39539,91.8483,34.1875,,15918,98,91.84,138.45,146.01,142,1572,91.8483,58.9686,50.7377,54.6028,34.1875,40.153,2.81335,3.35328e+06,0.154153,27.6087,-0.0175997,0.325906,-0.0966217,-0.087621,0.131444,0.435229,0.204694,,0.349683
2021-03-29,39471,91.9217,33.75,,15919,98,91.91,138.48,146.28,142,1576,91.9217,59.1354,50.65,54.4793,33.75,36.9329,2.61712,3.4356e+06,0.0965691,18.0043,-0.13429,0.327428,-0.158115,-0.0942881,-0.150468,0.437681,0.243099,,0.275581
2021-03-30,39520,91.9583,34.125,,15923,98,91.96,140.39,146.5,141,1599,91.9583,59.3113,52.667,53.3304,34.125,39.5806,2.77877,3.54979e+06,0.12458,21.2121,-0.0783039,0.327464,-0.169666,-0.117629,0.0523839,0.440364,0.299093,,0.158403
2021-03-31,39593,91.985,34.0625,,15946,98,92,142.19,147.16,141,1589,91.985,59.9826,54.5796,53.2859,34.0625,33.4038,2.39713,2.48484e+06,0.0634687,15.9827,-0.116652,0.243589,-0.152639,-0.210963,0.0136475,0.459037,0.0390625,,0.221745
2021-04-01,39593,91.985,34.0625,,15946,98,92,142.19,147.16,141,1589,91.985,59.9826,54.5796,53.2859,34.0625,33.4038,2.39713,2.48484e+06,0.0556342,15.9483,-0.124997,0.236265,-0.211401,-0.300074,0.136485,0.456102,0.0697444,,0.129632
2021-04-02,39593,91.985,34.0625,,15946,98,92,142.19,147.16,141,1589,91.985,59.9826,54.5796,53.2859,34.0625,33.4038,2.39713,2.48484e+06,0.0317006,14.4086,-0.206104,0.269505,-0.240756,-0.395179,0.017623,0.453243,0.0447582,,0.351523
2021-04-05,39645,92.2367,33.9375,,15964,98,92.24,141.81,147.96,140,1592,92.2367,60.4134,53.7457,51.7834,33.9375,35.582,2.53353,2.47149e+06,0.0595892,16.309,-0.162688,0.281866,-0.157667,-0.556958,0.226562,0.464391,0.0411162,,0.398316
2021-04-06,39709,92.2867,34.125,,15972,98,92.28,143.66,148.51,140,1598,92.2867,60.9224,55.6671,51.7012,34.125,36.626,2.5982,2.49358e+06,0.02778,14.3469,-0.204981,0.260541,-0.150961,-0.575372,0.111389,0.478087,-0.0314712,,0.409475
2021-04-07,39751,92.335,34.0625,,16012,98,92.33,143.77,148.94,139,1606,92.335,61.3039,55.7048,50.5388,34.0625,36.6548,2.59997,2.5098e+06,0.0585469,16.453,-0.187321,0.304415,-0.143358,-0.531458,0.112853,0.487521,0.0455529,,0.455928
2021-04-08,39801,92.3867,34.0625,,16025,98,92.38,144.66,149.4,140,1608,92.3867,61.7116,56.581,51.537,34.0625,38.2981,2.70082,2.52374e+06,0.0591434,16.6311,-0.200574,0.31886,-0.121254,-0.597559,0.117092,0.497858,0.0536723,,0.491241
2021-04-09,39850,92.435,34.0625,,16053,98,92.44,144.38,149.86,140,1614,92.435,62.1247,56.1962,51.4578,34.0625,40.2105,2.81682,2.54419e+06,0.0673187,17.8723,-0.213695,0.348332,-0.0994131,-0.661641,0.11997,0.508365,0.0789186,,0.567092
2021-04-12,39922,92.5817,34.1875,,15970,98,92.58,143.26,150.55,141,1586,92.5817,62.6131,54.739,52.2979,34.1875,41.5195,2.89538,2.58319e+06,0.0319075,14.6497,-0.181831,0.245646,-0.14601,-0.685133,0.285649,0.521365,-0.0538523,,0.293205
2021-04-13,39998,92.6283,34.1875,,15982,98,92.62,142.79,150.76,142,1592,92.6283,62.758,54.1538,53.3009,34.1875,42.0027,2.92421,2.60364e+06,0.0103299,12.7119,-0.228193,0.248853,-0.14608,-0.697773,0.159275,0.52313,-0.054306,,0.306615
2021-04-14,40020,92.6767,34,,15977,98,92.67,143.8,151.19,143,1578,92.6767,63.137,55.1631,54.2998,34,40.7847,2.85136,2.62877e+06,-0.0268169,11.6279,-0.244375,0.190741,-0.144946,-0.667423,0.0792452,0.532581,-0.148666,,0.185874
2021-04-15,40070,92.725,34.0625,,15968,98,92.72,143.65,151.62,143,1605,92.725,63.5158,54.9205,54.2195,34.0625,40.9035,2.85849,2.63497e+06,-0.00211872,12.6582,-0.229818,0.225581,-0.145837,-0.664179,0.12056,0.542054,-0.0420164,,0.12783
2021-04-16,40078,92.7767,34.125,,15959,99,92.81,143.71,151.98,142,1601,92.7767,63.8127,54.8988,53.0557,34.125,41.8152,2.91303,2.69787e+06,-0.00191681,12.8421,-0.195257,0.191423,-0.143743,-0.60493,0.162903,0.548831,-0.0845415,,0.0285359
2021-04-19,40146,92.9267,34.1875,,15961,99,92.92,144.37,152.44,143,1590,92.9267,64.0433,55.359,53.8847,34.1875,42.6015,2.95981,2.70767e+06,0.0316143,15.1261,-0.205755,0.268984,-0.142648,-0.596204,0.121587,0.553445,-0.0118446,,0.261719
2021-04-20,40187,92.975,34.0625,,15962,99,92.97,145.94,153,143,1594,92.975,64.5604,56.9669,53.8048,34.0625,40.4357,2.83038,2.77959e+06,0.0244959,14.6751,-0.216015,0.265007,-0.142063,-0.545254,0.0392727,0.567572,-0.0203124,,0.230514
2021-04-21,40208,93.025,34.125,,15949,99,93.03,145.44,153.2,144,1597,93.025,64.6869,56.3451,54.7971,34.125,37.7764,2.66893,2.81895e+06,0.0650964,18.6192,-0.159737,0.28993,-0.143163,-0.541416,0.205369,0.568743,0.0523505,,0.207461
2021-04-22,40220,93.075,34.25,,15929,99,93.07,145.5,152.01,147,1581,93.075,63.3199,56.3255,57.9371,34.25,36.8796,2.61383,2.83257e+06,0.0316606,15.4489,-0.127651,0.190972,-0.142732,-0.487085,0.246864,0.520202,-0.130945,,0.176348
2021-04-23,40257,93.125,34.125,,15936,99,93.12,148.36,153.15,152,1578,93.125,64.4564,59.3128,63.2215,34.125,35.9408,2.55581,2.89674e+06,0.0168119,13.9583,-0.181834,0.215458,-0.144076,-0.524868,0.123441,0.555099,-0.126446,,0.219987
2021-04-26,40271,93.275,34.0625,,15926,99,93.27,150.27,153.67,158,1559,93.275,64.7494,61.1043,69.3916,34.0625,36.0569,2.56301,2.96373e+06,0.00651167,13.0977,-0.18481,0.197833,-0.144972,-0.449835,0.0403764,0.561872,-0.1607,,0.186823
2021-04-27,40330,93.335,34.125,,15933,99,93.33,151.49,154.78,161,1539,93.335,65.8328,62.3078,72.4969,34.125,37.2671,2.63768,2.9817e+06,0.0118865,13.4855,-0.149778,0.173551,-0.141004,-0.473309,0.164977,0.595136,-0.262881,,0.203247
2021-04-28,40339,93.4167,33.9375,,15927,99,93.44,151.8,155.09,162,1545,93.4167,66.0196,62.4977,73.4165,33.9375,40.4481,2.83112,3.05623e+06,-0.00496359,12.4224,-0.193952,0.184024,-0.126685,-0.455252,8.28126e-05,0.598357,-0.249588,,0.222584
2021-04-29,40357,93.5,34.1875,,15911,99,93.5,152.2,155.42,154,1557,93.5,66.2246,62.7807,64.7059,34.1875,36.8939,2.61472,3.07444e+06,0.0364263,17.1488,-0.162735,0.235588,-0.11236,-0.460952,0.085107,0.602205,-0.130006,,0.233539
2021-04-30,40263,93.555,34.0625,,15957,99,93.56,152.19,155.64,150,1551,93.555,66.362,62.6744,60.3335,34.0625,36.9974,2.62109,2.48868e+06,0.0750215,20.6186,-0.10253,0.252573,-0.111285,-0.280113,0.0838089,0.603787,-0.142868,,0.341025
2021-05-03,40360,93.675,34.25,,15970,99,93.67,152.96,156.24,153,1562,93.675,66.7894,63.288,63.3307,34.25,38.0313,2.68453,2.57797e+06,0.116165,24.2798,-0.0888798,0.321209,-0.125442,-0.390539,0.249341,0.615179,-0.0143209,,0.404329
2021-05-04,40433,93.715,34.125,,15968,99,93.71,153.33,156.63,154,1560,93.715,67.1344,63.6131,64.328,34.125,36.5569,2.59393,2.65977e+06,0.1058,22.9979,-0.138981,0.350581,-0.135263,-0.406333,0.124653,0.623805,0.0626796,,0.379935
2021-05-05,40493,93.755,33.875,,15972,99,93.75,153.82,157.05,151,1567,93.755,67.5111,64.0659,61.0581,33.875,34.7863,2.48394,2.7186e+06,0.089705,21.1066,-0.182329,0.361739,-0.1558,-0.473138,0.081952,0.63353,0.0669641,,0.407706
2021-05-06,40300,93.795,34.125,,15965,99,93.79,154.3,157.52,151,1578,93.795,67.9407,64.5077,60.9894,34.125,32.8967,2.36509,2.76588e+06,0.13881,28.4254,-0.0922819,0.369902,-0.175748,-0.183133,0.0820357,0.645086,0.063212,,0.432916
2021-05-07,40454,93.835,34.125,,15980,99,93.84,154.4,158,151,1580,93.835,68.3807,64.5441,60.9208,34.125,33.1874,2.38347,2.82442e+06,0.0960924,21.8367,-0.179358,0.371543,-0.183,-0.521067,0.165993,0.657025,0.0980842,,0.347496
2021-05-10,40616,93.925,34,,16085,100,93.93,153.95,158.47,152,1591,93.925,68.7197,63.9074,61.8312,34,31.8236,2.2969,2.81538e+06,0.0716878,20.3666,-0.281992,0.425368,-0.196854,-0.607299,-0.0418234,0.665542,0.0982563,,0.599241
2021-05-11,40762,93.955,34.125,,16095,100,93.95,153.16,157.93,151,1607,93.955,68.0911,63.0142,60.7152,34.125,28.3801,2.07459,2.74268e+06,0.0963032,22.1545,-0.260075,0.452681,-0.201013,-0.704513,0.125303,0.640925,0.175124,,0.631308
2021-05-12,40880,93.985,34.1875,,16085,100,93.98,153.21,158.36,152,1596,93.985,68.495,63.0154,61.7279,34.1875,32.7677,2.35692,2.73989e+06,0.100661,22.7181,-0.217022,0.418343,-0.204731,-0.78066,0.334325,0.651745,0.0979736,,0.592277
2021-05-13,40947,94.015,34.1875,,16105,100,94.01,153.71,158.67,151,1592,94.015,68.7709,63.4952,60.6127,34.1875,34.2715,2.45171,2.769e+06,0.0090818,13.1579,-0.391532,0.409696,-0.209417,-1.13172,0.166537,0.658186,0.0333775,,0.665353
2021-05-14,41002,94.045,34.0625,,16089,100,94.04,154.17,159.16,153,1547,94.045,69.2381,63.9322,62.6881,34.0625,35.2107,2.51042,2.77015e+06,-0.0288458,11.1111,-0.374954,0.317263,-0.213929,-0.992848,0.0819131,0.671256,-0.168032,,0.579867
2021-05-17,41266,94.135,34.0625,,16085,100,94.13,154.65,159.66,153,1513,94.135,69.6075,64.2853,62.5325,34.0625,33.9381,2.43078,2.78569e+06,-0.103313,7.66129,-0.391085,0.184459,-0.214245,-1.12321,0.164202,0.680975,-0.360402,,0.281148
2021-05-18,41376,94.165,34.1875,,16084,100,94.16,154.65,159.66,156,1504,94.165,69.5534,64.233,65.6666,34.1875,33.4371,2.39923,2.81186e+06,-0.120391,7.24346,-0.374437,0.133655,-0.216804,-1.06949,0.162988,0.676023,-0.467495,,0.251217
2021-05-19,41483,94.21,34.1875,,16093,100,94.2,156.49,161.17,156,1518,94.21,71.0753,66.1076,65.5875,34.1875,34.2782,2.45213,2.81806e+06,-0.0871145,8.43373,-0.381009,0.20678,-0.213527,-1.04859,0.119091,0.725941,-0.360846,,0.303709
2021-05-20,41517,94.245,34.125,,16110,100,94.24,157.22,161.87,155,1519,94.245,71.7545,66.8205,64.465,34.125,34.4316,2.46174,2.80749e+06,-0.0788404,8.81764,-0.37947,0.221789,-0.213775,-0.999833,0.075198,0.746574,-0.339734,,0.295269
2021-05-21,41591,94.2767,34.0625,,16154,100,94.27,158.37,162.87,153,1537,94.2767,72.7574,67.9842,62.2882,34.0625,34.0064,2.43507,2.80471e+06,0.000703429,13.6,-0.373335,0.374742,-0.215716,-1.02004,0.115748,0.778587,-0.0708022,,0.458139
2021-05-24,41591,94.2767,34.0625,,16154,100,94.27,158.37,162.87,153,1532,94.2767,72.7574,67.9842,62.2882,34.0625,34.0064,2.43507,2.80471e+06,0.0773451,21.9561,-0.270214,0.424904,-0.258815,-0.665665,0.113839,0.775458,0.0525363,,0.46853
2021-05-25,41591,94.2767,34.0625,,16154,100,94.27,158.37,162.87,153,1528,94.2767,72.7574,67.9842,62.2882,34.0625,34.0064,2.43507,2.80471e+06,0.0891679,22.3108,-0.254133,0.432469,-0.273067,-0.51799,0.0286574,0.772357,0.0735363,,0.470558
2021-05-26,41715,94.485,34.1875,,16159,100,94.48,158.05,163.83,155,1514,94.485,73.3926,67.2752,64.0472,34.1875,34.0834,2.4399,2.81817e+06,0.0902397,22.664,-0.209289,0.389768,-0.200318,-0.539435,0.111887,0.791644,-0.0464491,,0.458451
2021-05-27,41785,94.525,34.125,,16169,100,94.53,158.72,164.53,157,1506,94.525,74.0598,67.9133,66.0936,34.125,34.1863,2.44637,2.86126e+06,0.0763622,21.8254,-0.225878,0.378602,-0.20053,-0.587535,0.110432,0.812087,-0.0850613,,0.438959
2021-05-28,41888,94.565,34.0625,,16211,100,94.56,159.49,165.1,157,1508,94.565,74.5889,68.6565,66.0234,34.0625,33.8377,2.42446,2.84327e+06,0.0587404,19.4444,-0.23885,0.35633,-0.199895,-0.625399,0.108745,0.827709,-0.153297,,0.432829
2021-05-31,41872,94.685,34.125,,16155,100,94.73,160.23,165.72,157,1508,94.685,75.0224,69.2243,65.813,34.125,39.9986,2.80403,2.2654e+06,0.0688703,21.0317,-0.201942,0.339682,-0.14937,-0.604172,0.147717,0.839979,-0.131339,,0.281131
2021-06-01,41964,94.735,34.0625,,16225,100,94.73,160.96,166.33,155,1498,94.735,75.574,69.9055,63.6143,34.0625,35.8607,2.55084,2.3061e+06,0.0621262,19.6429,-0.250141,0.374393,-0.128855,-0.723991,0.102424,0.85653,-0.156381,,0.471666
2021-06-02,42066,94.775,34.1875,,16225,100,94.77,161.71,167.05,156,1480,94.775,76.2596,70.6252,64.6004,34.1875,33.5161,2.40422,2.32252e+06,0.0533194,18.4524,-0.267067,0.373706,-0.206717,-0.693182,0.0986971,0.877914,-0.17292,,0.458541
2021-06-03,42122,94.815,34.125,,16260,100,94.81,161.33,166.65,156,1498,94.815,75.7633,70.1524,64.5309,34.125,32.1409,2.31711,2.33989e+06,0.0809395,22.4206,-0.261617,0.423496,-0.208085,-0.67241,0.0956454,0.857017,-0.0614608,,0.526366
2021-06-04,42202,94.86,33.875,,16268,100,94.86,160.86,166.2,157,1506,94.86,75.2056,69.5762,65.5071,33.875,32.2939,2.32684,2.34578e+06,0.0561691,18.6508,-0.29391,0.406249,-0.20736,-0.6399,-0.0344708,0.833871,-0.0360726,,0.435646
2021-06-07,42292,94.975,34.25,,16281,100,94.98,160.55,165.91,157,1507,94.975,74.6881,69.0445,65.3067,34.25,33.0623,2.37556,2.36848e+06,0.0837723,22.4206,-0.269192,0.436737,-0.209719,-0.775701,0.177843,0.81223,-0.0323993,,0.624025
2021-06-08,42430,95.015,34.1875,,16312,100,95.01,160.48,165.63,156,1492,95.015,74.3198,68.8996,64.1846,34.1875,32.2642,2.32495,2.41285e+06,0.0551914,18.0556,-0.289868,0.400251,-0.21598,-0.831643,0.178018,0.795924,-0.0544018,,0.518212
2021-06-09,42618,95.055,34,,16303,100,95.05,159.68,165.39,156,1470,95.055,73.994,67.987,64.1155,34,31.6314,2.28463,2.45153e+06,-0.00710881,11.5079,-0.396886,0.382668,-0.218908,-0.93811,-0.0336388,0.781102,-0.0719639,,0.495063
2021-06-10,42658,95.0967,34.25,,16354,100,95.11,159.07,165.03,157,1474,95.0967,73.5391,67.2718,65.0951,34.25,32.1389,2.31698,2.45987e+06,0.0209012,14.6825,-0.317743,0.359546,-0.219528,-0.913679,0.179977,0.761596,-0.132109,,0.538755
2021-06-11,42697,95.135,34.125,,16338,100,95.13,158.09,164.76,158,1466,95.135,73.1855,66.1744,66.0798,34.125,32.9219,2.36668,2.48241e+06,0.0206022,14.6825,-0.271744,0.312949,-0.22322,-0.857384,0.265372,0.745734,-0.200365,,0.474005
2021-06-14,42720,95.255,34.125,,16242,101,95.25,157.95,164.39,158,1476,95.255,72.5789,65.8181,65.8706,34.125,32.9918,2.37111,2.48257e+06,-0.033714,9.12698,-0.326945,0.259517,-0.222491,-0.768319,0.00997596,0.72061,-0.161713,,0.17979
2021-06-15,42665,95.285,34.1875,,16231,101,95.3,158.72,164.25,160,1483,95.285,72.3776,66.574,67.9173,34.1875,33.2766,2.3891,2.46034e+06,0.0265515,15.4762,-0.217371,0.270474,-0.227784,-0.518688,0.0943583,0.710265,-0.067529,,0.0668995
2021-06-16,42692,95.315,34.125,,16233,101,95.31,159.19,164.08,163,1473,95.315,72.145,67.0146,71.0119,34.125,33.1266,2.37963,2.46907e+06,0.0855213,22.4206,-0.121412,0.292454,-0.232603,-0.311131,0.179498,0.698759,-0.0162495,,0.097253
2021-06-17,42397,95.3517,34,,16128,101,95.37,160.41,164.03,163,1496,95.3517,72.0263,68.2298,70.9461,34,33.0046,2.37191,2.50287e+06,0.0862569,22.4206,-0.0649336,0.237447,-0.23589,0.11761,-0.0765213,0.691424,0.0648281,,-0.325267
2021-06-18,42407,95.3817,34.1875,,16180,101,95.37,159.84,164.02,164,1501,95.3817,71.9617,67.5793,71.9407,34.1875,32.958,2.36896,2.52407e+06,-0.0148063,10.3175,0.0168391,-0.0464517,-0.240182,0.154144,0.136555,0.686093,0.119932,-0.899017,-0.139177
2021-06-21,42407,95.3817,34.1875,,16180,101,95.37,159.84,164.02,164,1522,95.3817,71.9617,67.5793,71.9407,34.1875,32.958,2.36896,2.52407e+06,0.00605311,11.9048,0.00685534,0.00525087,-0.293224,0.177909,0.135881,0.683174,0.16652,-0.892325,0.122019
2021-06-22,42376,95.4967,34.125,,16186,101,95.49,160.63,163.98,165,1536,95.4967,71.7127,68.2048,72.7808,34.125,33.2015,2.38436,2.52201e+06,0.00207111,11.5079,-0.0207435,0.0248858,-0.253826,0.14052,0.0510752,0.670959,0.195988,-0.864601,0.16951
2021-06-23,42402,95.53,34.1875,,16188,101,95.53,160.92,163.97,166,1532,95.53,71.6424,68.4497,73.7674,34.1875,33.7767,2.42063,2.545e+06,0.0265506,14.881,0.00634357,0.0467577,-0.251364,0.13508,0.135315,0.665389,0.221187,-0.80835,0.170852
2021-06-24,42414,95.5583,34.0625,,16212,101,95.55,162.03,163.94,170,1556,95.5583,71.5602,69.5614,77.9019,34.0625,34.3196,2.45473,2.56264e+06,-0.0135456,9.72222,-0.138677,0.111586,-0.253805,-0.298428,0.136201,0.659376,0.224989,-0.755546,0.523466
2021-06-25,42420,95.59,34.125,,16212,101,95.6,163.53,164.9,174,1573,95.59,72.5076,71.0744,82.0274,34.125,35.5624,2.53232,2.56901e+06,-0.0109317,10.119,-0.169654,0.147791,-0.252011,-0.30771,0.0507581,0.692117,0.275816,-0.641856,0.382382
2021-06-28,42420,95.6833,34.125,,16230,101,95.6,162.78,164.86,173,1587,95.6833,72.2976,70.1237,80.8048,34.125,33.9972,2.43449,2.56777e+06,-0.0247306,9.12698,-0.154228,0.104767,-0.210318,-0.306955,0.0545889,0.681315,0.245347,-0.775805,0.431655
2021-06-29,42366,95.705,34.0625,,16252,101,95.71,163.75,165.69,170,1592,95.705,73.1258,71.0987,77.6292,34.0625,34.4229,2.4612,2.64251e+06,-0.0181305,9.3254,-0.156405,0.120144,-0.252017,-0.273354,0.056155,0.709834,0.206592,-0.733494,0.475146
2021-06-30,42437,95.7267,34.125,,16222,101,95.72,163.57,165.92,168,1596,95.7267,73.3268,70.8719,75.4996,34.125,33.7122,2.41657,2.27658e+06,-0.0374202,7.7381,-0.177075,0.102234,-0.255707,-0.336115,0.0605982,0.714631,0.240582,-0.791718,0.388649
2021-07-01,42494,95.7667,34.125,,16227,101,95.76,165.77,166.41,169,1585,95.7667,73.766,73.0977,76.4705,34.125,29.4331,2.14314,2.30086e+06,-0.10825,5.75397,-0.16666,-0.0498402,-0.249154,-0.399018,0.148192,0.728539,0.0906261,-1.16259,0.337977
2021-07-02,42641,95.795,34.1875,,16227,101,95.79,166.35,166.4,170,1590,95.795,73.7043,73.6521,77.4623,34.1875,28.5759,2.08737,2.33911e+06,-0.158144,4.16667,-0.232037,-0.0842502,-0.248567,-0.597994,0.150448,0.723394,0.0391527,-1.22693,0.339008
2021-07-05,42678,95.89,34,,16261,101,95.88,166.45,166.6,171,1590,95.89,73.7407,73.5843,78.3293,34,29.4425,2.14375,2.34182e+06,-0.180825,3.1746,-0.291147,-0.0705036,-0.245787,-0.64878,0.021126,0.722011,-0.0207608,-1.13976,0.383487
2021-07-06,42727,95.9183,34.1875,,16267,101,95.91,165.98,166.82,171,1607,95.9183,73.9188,73.0431,78.2767,34.1875,28.241,2.06549,2.34959e+06,-0.183949,3.1746,-0.279962,-0.0879357,-0.241046,-0.79294,0.194101,0.726104,0.0302207,-1.23442,0.340645
2021-07-07,42759,95.9483,34.25,,16280,101,95.94,166.2,167.04,172,1602,95.9483,74.0938,73.2183,79.2632,34.25,29.625,2.15558,2.39459e+06,-0.151359,4.96032,-0.259417,-0.0433004,-0.235535,-0.735335,0.192619,0.730093,-0.00844045,-1.10251,0.458607
2021-07-08,42750,95.9767,34.1875,,16302,101,95.99,166.42,167.26,174,1611,95.9767,74.2715,73.3963,81.294,34.1875,29.856,2.17053,2.41307e+06,-0.12268,5.95238,-0.242677,-0.00268231,-0.23837,-0.639687,0.150026,0.734274,0.077247,-1.07334,0.504852
2021-07-09,42750,95.9767,34.1875,,16302,101,95.99,166.42,167.26,174,1600,95.9767,74.2715,73.3963,81.294,34.1875,29.856,2.17053,2.41307e+06,-0.105053,6.94444,-0.189832,-0.0202747,-0.248467,-0.429264,0.108236,0.731602,0.00968239,-1.06481,0.505137
2021-07-12,42845,96.095,34.125,,16312,101,96.09,166.05,166.73,179,1599,96.095,73.5054,72.7978,86.274,34.125,30.2718,2.19738,2.40044e+06,-0.104828,7.14286,-0.182447,-0.0272084,-0.235674,-0.508248,0.19658,0.69876,0.00628633,-1.02031,0.440062
2021-07-13,42925,96.125,33.875,,16338,101,96.12,165.38,166.24,176,1589,96.125,72.9415,72.0468,83.0949,33.875,29.8931,2.17293,2.40238e+06,-0.180421,3.57143,-0.29435,-0.0664923,-0.232087,-0.548877,-0.102087,0.67377,-0.108198,-1.0457,0.494805
2021-07-14,42964,96.155,34.125,,16356,102,96.16,165.29,166.24,177,1582,96.155,72.8875,71.8995,84.0778,34.125,30.2932,2.19876,2.43079e+06,-0.153805,5.15873,-0.251606,-0.0560036,-0.230321,-0.555828,0.0313293,0.668864,-0.115923,-1.00297,0.508028
2021-07-15,42991,96.185,34.1875,,16320,102,96.18,165.26,166.2,178,1595,96.185,72.792,71.8147,85.06,34.1875,29.5945,2.1536,2.4716e+06,-0.163951,4.56349,-0.237312,-0.0905889,-0.228491,-0.603906,0.12046,0.662313,-0.0982917,-1.05657,0.350975
2021-07-16,42931,96.215,34.0625,,16303,102,96.22,165.5,166.16,179,1595,96.215,72.6966,72.0106,86.0417,34.0625,29.3837,2.13994,2.46784e+06,-0.159033,4.7619,-0.231042,-0.087024,-0.213743,-0.516775,0.0373922,0.656741,-0.0466032,-1.06694,0.304429
2021-07-19,42943,96.305,34.125,,16313,102,96.31,165.79,166.16,180,1621,96.305,72.5352,72.151,86.9062,34.125,31.0241,2.24576,2.4793e+06,-0.0877017,8.33333,-0.164127,-0.0112765,-0.231237,-0.396721,0.135578,0.647578,0.077747,-0.91611,0.302634
2021-07-20,43012,96.335,34.1875,,16315,102,96.34,166.07,166.48,182,1606,96.335,72.8136,72.388,88.9241,34.1875,33.597,2.40931,2.5291e+06,-0.0205826,12.1032,-0.0853579,0.0441928,-0.250899,-0.377827,0.372652,0.65625,0.0663753,-0.685301,0.234701
2021-07-21,43075,96.365,34.1875,,16270,102,96.36,166.3,166.71,183,1597,96.365,72.9985,72.573,89.903,34.1875,35.0136,2.49813,2.52903e+06,-0.0529451,10.119,-0.162713,0.0568228,-0.282513,-0.408331,0.202705,0.660835,0.0657092,-0.55739,0.0594521
2021-07-22,43091,96.395,34.0625,,16278,102,96.41,166.39,166.94,184,1597,96.395,73.1833,72.6127,90.8813,34.0625,35.2727,2.51429,2.58044e+06,-0.0828824,8.92857,-0.233013,0.0672487,-0.385496,-0.389603,0.076059,0.665607,0.0140698,-0.532023,0.175435
2021-07-23,43108,96.4317,34.125,,16272,102,96.42,166.48,167.17,185,1581,96.4317,73.3559,72.6403,91.8456,34.125,33.184,2.38326,2.58104e+06,-0.10712,7.7381,-0.214609,0.000368552,-0.374579,-0.497759,0.228512,0.669935,-0.0555503,-0.714028,0.201868
2021-07-26,43025,96.5267,34.1875,,16285,102,96.54,166.81,167.51,184,1587,96.5267,73.5375,72.8123,90.6208,34.1875,32.3187,2.32842,2.62508e+06,-0.10664,7.93651,-0.169043,-0.0442374,-0.376076,-0.359268,0.228216,0.674702,-0.146092,-0.786711,0.20654
2021-07-27,42836,96.5783,34.1875,,16305,102,96.57,167.36,168.06,183,1601,96.5783,74.0142,73.2894,89.4836,34.1875,31.253,2.26043,2.60737e+06,-0.0412651,10.9127,-0.0619291,-0.0206011,-0.403096,0.0386277,0.178681,0.691779,-0.0139936,-0.876452,0.253127
2021-07-28,42654,96.635,34.125,,16315,102,96.61,167.9,168.6,180,1600,96.635,74.4709,73.7466,86.2679,34.125,32.6196,2.34753,2.61343e+06,0.0581059,22.2222,0.0639967,0.0522152,-0.381996,0.440992,0.132994,0.70824,0.0233062,-0.750478,0.40337
2021-07-29,42668,96.6667,34.125,,16327,102,96.64,167.9,168.6,180,1593,96.6667,74.4137,73.6896,86.2068,34.125,32.2383,2.32331,2.68555e+06,0.0671226,24.2063,0.0995785,0.0346667,-0.391878,0.461006,0.229607,0.703388,-0.00746218,-0.780327,0.411469
2021-07-30,42582,96.685,34.125,,16361,102,96.69,168.19,168.85,180,1591,96.685,74.6393,73.9567,86.1716,34.125,33.1104,2.3786,2.24978e+06,0.114058,30.754,0.134367,0.0937498,-0.431823,0.65367,0.181254,0.710425,0.0563132,-0.698779,0.520329
2021-08-02,42504,96.7817,34.1875,,16411,102,96.79,168.67,169.33,180,1595,96.7817,74.9608,74.2788,85.9856,34.1875,29.6639,2.1581,2.29339e+06,0.0796549,25.7937,0.136745,0.022565,-0.428474,0.652544,0.186164,0.721617,0.0481814,-1.00111,0.620581
2021-08-03,42503,96.8133,34.1875,,16429,102,96.81,169.57,170.14,180,1595,96.8133,75.7403,75.1516,85.9249,34.1875,27.761,2.03404,2.33978e+06,-0.00663695,14.2857,0.020494,-0.0337679,-0.469852,0.343804,0.187529,0.752581,-0.0138996,-1.16262,0.611499
2021-08-04,42548,96.8433,34,,16429,102,96.83,169.73,170.25,180,1589,96.8433,75.7995,75.2625,85.8673,34,27.5098,2.01753,2.383e+06,-0.102847,8.33333,-0.158392,-0.0473011,-0.530156,-0.0338575,0.0888365,0.752577,-0.0326532,-1.17584,0.580728
2021-08-05,42207,96.875,34.1875,,16420,102,96.89,169.93,170.47,180,1580,96.875,75.969,75.4116,85.8065,34.1875,28.4826,2.08128,2.41366e+06,0.0295246,19.6429,0.0872236,-0.0281744,-0.571524,0.599191,0.234005,0.757605,-0.0355423,-1.08114,0.520937
2021-08-06,42063,96.9083,34.25,,16426,102,96.9,170.09,170.58,178,1573,96.9083,76.0221,75.5164,83.6788,34.25,29.1275,2.1233,2.42329e+06,0.0674972,25,0.161103,-0.0261082,-0.544782,0.743155,0.284935,0.756916,-0.052752,-1.01675,0.442422
2021-08-09,42002,96.9967,34.25,,16484,102,97,169.94,170.97,179,1579,96.9967,76.2637,75.2018,84.5424,34.25,29.5025,2.14764,2.40574e+06,0.0720662,25.7937,0.147978,-0.00384552,-0.562113,0.768571,0.237476,0.764557,-0.038352,-0.977062,0.474794
2021-08-10,41941,97.0283,34.1875,,16446,102,97.03,169.87,171.03,178,1564,97.0283,76.2682,75.0726,83.4516,34.1875,27.4086,2.01088,2.41196e+06,0.0382977,20.8333,0.17626,-0.0996649,-0.619939,0.956269,0.192451,0.761947,-0.107345,-1.15552,0.30419
2021-08-11,41951,97.0517,34.0625,,16466,102,97.04,170.03,171.13,178,1565,97.0517,76.3287,75.1953,83.4074,34.0625,26.5029,1.95108,2.42952e+06,0.0569907,22.619,0.213467,-0.0994857,-0.709934,1.1034,0.246936,0.761831,-0.0744505,-1.22654,0.381928
2021-08-12,41973,97.0767,34.1875,,16393,102,97.07,169.62,171.2,178,1538,97.0767,76.3554,74.7278,83.3602,34.1875,29.5498,2.15071,2.42499e+06,-0.108646,7.14286,-0.136283,-0.0810084,-0.942552,0.330062,0.203641,0.760235,-0.165804,-0.949214,0.142508
2021-08-13,41983,97.105,34.125,,16383,103,97.11,169.45,165.31,182,1566,97.105,70.2384,74.5018,87.426,34.125,29.7656,2.16468,2.42924e+06,-0.212262,2.57937,-0.309364,-0.11516,-1.02385,-0.00953463,0.105294,0.488429,-0.00200448,-0.924573,0.0701765
2021-08-16,41983,97.105,34.125,,16383,103,97.11,169.45,165.31,182,1589,97.105,70.2384,74.5018,87.426,34.125,29.7656,2.16468,2.42924e+06,-0.285675,1.78571,-0.443297,-0.128054,-1.29054,-0.145351,0.105999,0.485317,0.0763985,-0.919263,-0.181286
2021-08-17,41989,97.23,34.25,,16369,103,97.25,169.41,167.27,183,1589,97.23,72.0354,74.2363,88.2135,34.25,30.4921,2.21157,2.43113e+06,-0.201324,3.1746,-0.349216,-0.0534313,-1.00424,-0.298128,0.254722,0.561762,0.146544,-0.849876,-0.09088
2021-08-18,41998,97.265,34.0625,,16361,103,97.25,169.39,168.01,182,1589,97.265,72.7343,74.1531,87.1177,34.0625,29.3604,2.13842,2.41548e+06,-0.222154,2.77778,-0.351598,-0.0927104,-0.967998,-0.292319,0.205523,0.589722,0.14056,-0.945425,-0.218687
2021-08-19,42030,97.2883,34.1875,,16369,103,97.28,169.36,168.64,182,1604,97.2883,73.3405,74.0805,87.0729,34.1875,29.2111,2.12873,2.41699e+06,-0.169907,4.56349,-0.359652,0.0198375,-0.971254,-0.312922,0.205222,0.61363,0.34554,-0.953169,0.126861
2021-08-20,42048,97.315,34.0625,,16384,103,97.31,169.32,169.27,182,1598,97.315,73.9403,73.9917,87.0215,34.0625,29.5889,2.15324,2.44769e+06,-0.18784,3.57143,-0.381654,0.00597351,-0.973432,-0.329264,0.157736,0.637307,0.181748,-0.91428,0.232266
2021-08-23,46306,97.4117,34.1875,,16370,103,97.4,169.46,167.55,182,1572,97.4117,72.0019,73.9627,86.8359,34.1875,29.637,2.15636,2.47902e+06,-0.784038,0.198413,-1.474,-0.094075,-0.677006,-4,0.255005,0.547671,-0.0561563,-0.904978,0.168401
2021-08-24,46318,97.4367,34.125,,16389,103,97.45,169.43,169.38,182,1547,97.4367,73.8359,73.8873,86.7879,34.125,28.9417,2.11121,2.48746e+06,-0.86288,0.198413,-1.6237,-0.10206,-0.978239,-4,0.107137,0.626744,-0.177207,-0.961598,0.309702
2021-08-25,46278,97.4833,34.1875,,16385,103,97.48,169.66,169.62,182,1538,97.4833,73.999,74.0401,86.6986,34.1875,28.1828,2.06168,2.51004e+06,-0.837078,0.396825,-1.54543,-0.128723,-0.939686,-4,0.303388,0.631001,-0.220299,-1.02322,0.323967
2021-08-26,46188,97.545,34.125,,16382,103,97.56,169.96,169.86,182,1542,97.545,74.135,74.2375,86.5806,34.125,27.8453,2.03957,2.74826e+06,-0.856473,0.396825,-1.55559,-0.157352,-0.820159,-4,0.153376,0.634063,-0.273888,-1.04686,0.271913
2021-08-27,46199,97.5667,34.125,,16333,103,97.56,169.97,169.87,182,1538,97.5667,74.1065,74.209,86.5391,34.125,26.0012,1.91779,2.72724e+06,-0.884261,0.198413,-1.52703,-0.241489,-0.832565,-4,0.251464,0.629742,-0.264248,-1.20304,-0.015333
2021-08-30,46154,97.7167,34.1875,,16339,103,97.72,169.98,170.12,182,1509,97.7167,74.0951,73.9518,86.2527,34.1875,26.8407,1.97343,2.64445e+06,-0.15245,7.53968,-0.0942036,-0.210697,-0.668607,0.185255,0.200741,0.626214,-0.277572,-1.12058,0.0690034
2021-08-31,46180,97.7517,34.1875,,16430,103,97.74,170.26,170.4,182,1513,97.7517,74.3192,74.176,86.186,34.1875,22.4119,1.67598,2.24365e+06,-0.152858,7.53968,-0.0743917,-0.231325,-0.635587,0.164569,0.247843,0.633448,-0.134905,-1.50144,0.38651
2021-09-01,46094,97.78,34.1875,,16459,103,97.78,170.42,170.56,180,1493,97.78,74.4324,74.2892,84.0867,34.1875,22.9758,1.7144,2.29122e+06,-0.145653,8.53175,-0.0844584,-0.206849,-0.688477,0.237207,0.197894,0.635814,-0.186965,-1.43833,0.531033
2021-09-02,46024,97.8333,34.125,,16373,103,97.83,170.58,170.72,180,1482,97.8333,74.5009,74.3578,83.9864,34.125,24.6335,1.8264,2.34313e+06,-0.168872,5.95238,-0.10175,-0.235993,-0.711725,0.208165,0.19831,0.636161,-0.258775,-1.28154,0.15635
2021-09-03,46033,97.8683,34.125,,16329,103,97.86,170.58,170.71,181,1487,97.8683,74.4283,74.2955,84.9424,34.125,26.9299,1.97932,2.39714e+06,-0.124099,9.3254,-0.0860415,-0.162156,-0.668282,0.21327,0.196888,0.63017,-0.214624,-1.07173,0.177275
2021-09-06,45985,97.95,34.3125,,16383,103,97.95,170.82,170.95,182,1487,97.95,74.5278,74.3951,85.8091,34.3125,28.1391,2.05882,2.41567e+06,-0.089012,11.9048,-0.119449,-0.0585755,-0.876053,0.220865,0.296843,0.632095,-0.0737991,-0.959518,0.392414
2021-09-07,45896,97.9883,34.1875,,16392,103,97.99,171.2,171.34,182,1477,97.9883,74.8576,74.7147,85.7365,34.1875,26.8926,1.97685,2.43612e+06,-0.122392,9.72222,-0.0878425,-0.156941,-0.865722,0.403484,0.19871,0.644597,-0.141952,-1.06332,0.0227612
2021-09-08,45806,98.0233,34.25,,16374,104,98.01,170.68,170.82,187,1504,98.0233,74.2647,74.1219,90.771,34.25,26.4567,1.94802,2.48227e+06,-0.099958,12.1032,-0.0603233,-0.139593,-0.841839,0.413354,0.247515,0.61397,0.0865015,-1.09502,-0.188045
2021-09-09,45726,98.05,34.1875,,16375,104,98.06,170.67,170.8,186,1528,98.05,74.1968,74.0643,89.6991,34.1875,26.8299,1.97271,2.60238e+06,-0.053713,14.0873,-0.0815467,-0.0258793,-0.921239,0.431602,0.244997,0.607941,0.25652,-1.05575,0.201421
2021-09-10,45762,98.0967,34.0625,,16350,104,98.09,170.65,170.78,185,1538,98.0967,74.0935,73.961,88.5894,34.0625,26.7692,1.9687,2.89228e+06,-0.0626306,13.8889,-0.116123,-0.00913782,-0.882728,0.390106,0.144252,0.600168,0.280048,-1.05486,0.285331
2021-09-13,45778,98.2083,34.1875,,16362,104,98.19,171.04,171.17,182,1483,98.2083,74.2928,74.1604,85.3204,34.1875,29.4943,2.14711,2.94097e+06,-0.0889172,12.5,-0.136299,-0.041535,-0.791186,0.290404,0.0918843,0.606832,0.0115793,-0.810495,0.0934231
2021-09-14,45817,98.22,33.9375,,16374,104,98.21,171.44,171.57,182,1501,98.22,74.6793,74.5469,85.2983,33.9375,26.4167,1.94536,2.9397e+06,-0.169175,5.95238,-0.265583,-0.0727658,-0.874958,0.0895881,-0.0113806,0.622318,0.146523,-1.07608,0.105121
2021-09-15,45682,98.245,34.0625,,16371,104,98.25,171.83,171.96,185,1490,98.245,75.0318,74.8995,88.3047,34.0625,27.3452,2.0067,2.95927e+06,-0.161911,6.94444,-0.235647,-0.0881753,-0.904602,0.161964,0.0356968,0.636246,-0.0415065,-0.988665,0.170624
2021-09-16,45525,98.3117,34.25,,16373,104,98.3,172.32,172.45,186,1496,98.3117,75.4115,75.2792,89.1942,34.25,29.4804,2.14621,3.15456e+06,-0.0706906,13.6905,-0.087185,-0.0541962,-0.779029,0.285074,0.2324,0.651572,-0.131983,-0.796461,0.17437
2021-09-17,45335,98.3483,34.125,,16352,104,98.36,172.44,172.58,185,1512,98.3483,75.4784,75.336,88.107,34.125,30.193,2.1923,3.28524e+06,-0.00186695,19.0476,0.0211371,-0.024871,-0.810057,0.644158,0.22931,0.651943,-0.104588,-0.730395,0.191982
2021-09-20,45230,98.4817,34.1875,,16360,104,98.46,172.68,172.81,184,1576,98.4817,75.4742,75.3422,86.8367,34.1875,29.1431,2.12431,3.26667e+06,0.101054,34.127,0.0901409,0.111966,-0.741177,0.835667,0.175933,0.648903,0.475801,-0.81966,0.173676
2021-09-21,45170,98.4917,34.125,,16364,104,98.47,172.67,172.81,184,1597,98.4917,75.4564,75.3143,86.8178,34.125,29.1507,2.12481,3.32311e+06,0.150618,42.4603,0.190549,0.110687,-0.743975,0.991302,0.324319,0.645201,0.489029,-0.815334,0.137016
2021-09-22,43178,98.505,34.1875,,16332,104,98.49,172.99,173.13,185,1612,98.505,75.7576,75.6155,87.8077,34.1875,27.9862,2.0488,3.34094e+06,0.628723,92.8571,1.15395,0.103499,-0.777862,3.96883,0.270873,0.65701,0.61614,-0.91415,0.00649171
2021-09-23,43134,98.5183,34.25,,16326,104,98.54,173.33,173.42,185,1598,98.5183,76.0282,75.9369,87.7824,34.25,26.7655,1.96845,3.3681e+06,0.516522,89.0873,0.989194,0.0438502,-0.939789,3.73807,0.169303,0.667183,0.518874,-1.01697,-0.0312311
2021-09-24,43132,98.56,34.125,,16315,104,98.56,173.42,173.51,186,1619,98.56,76.045,75.9537,88.7175,34.125,27.0654,1.98826,3.41677e+06,0.475707,85.3175,0.885427,0.0659881,-0.920734,3.41011,0.166908,0.66496,0.545083,-0.985204,0.0122381
2021-09-27,43140,98.6683,34.125,,16338,104,98.63,173.92,174.02,186,1631,98.6683,76.3687,76.2674,88.5104,34.125,27.0331,1.98613,3.45009e+06,0.391997,76.7857,0.776492,0.00750263,-0.994725,3.20883,0.11537,0.677786,0.292269,-0.982971,0.0783511
2021-09-28,43089,98.6817,34.125,,16341,104,98.66,174.41,174.5,187,1597,98.6817,76.8312,76.74,89.4982,34.125,27.5145,2.01784,3.62393e+06,0.368386,74.2063,0.787915,-0.051143,-0.980747,3.17917,0.165318,0.697432,0.0236963,-0.935645,0.0710326
2021-09-29,42895,98.705,34.1875,,16340,104,98.72,174.64,174.74,187,1589,98.705,77.0326,76.9313,89.4534,34.1875,28.0283,2.05157,3.7197e+06,-0.0879355,12.8968,-0.128438,-0.047433,-0.953288,0.405058,0.162916,0.70424,-0.0881863,-0.885902,0.207666
2021-09-30,42911,98.735,34.1875,,16386,104,98.74,175.03,175.12,186,1607,98.735,77.3637,77.2725,88.383,34.1875,24.2024,1.7974,3.22131e+06,-0.112304,10.7143,-0.165011,-0.0595971,-0.931935,0.331043,0.105861,0.717442,0.0699426,-1.21788,0.443801
2021-10-01,42850,98.7817,34.1875,,16377,104,98.79,175.47,175.57,186,1611,98.7817,77.7353,77.6341,88.294,34.1875,25.0456,1.85403,3.36756e+06,-0.0696706,14.4841,-0.0851472,-0.0541941,-0.91777,0.454088,0.20824,0.732652,-0.0121769,-1.13633,0.452344
2021-10-04,42825,98.885,34.125,,16404,104,98.86,175.89,175.98,185,1613,98.885,77.9643,77.8733,87.086,34.125,25.2192,1.86565,3.43939e+06,-0.0693337,14.6825,-0.0819574,-0.0567101,-0.934141,0.53652,0.151749,0.740793,-0.0608186,-1.1145,0.472085
2021-10-05,42719,98.9,34.0625,,16417,105,98.89,176.34,176.44,185,1592,98.9,78.4024,78.3013,87.0576,34.0625,25.3451,1.87406,3.52852e+06,-0.0390188,16.2698,-0.0574486,-0.020589,-0.925904,0.659708,0.0938505,0.759465,0.00398184,-1.09716,0.523302
2021-10-06,42796,98.9217,34.25,,16399,105,98.92,176.33,176.43,186,1588,98.9217,78.3532,78.2521,88.0275,34.25,26.1424,1.92716,3.66897e+06,-0.0968311,12.6984,-0.186935,-0.00672739,-0.928024,0.173298,0.193922,0.753826,0.0255444,-1.02126,0.43669
2021-10-07,42848,98.945,34.125,,16392,105,98.94,176.45,176.55,184,1582,98.945,78.4325,78.3314,85.9619,34.125,25.5227,1.88592,3.74421e+06,-0.174972,5.35714,-0.256912,-0.0930308,-0.962376,0.107334,0.084305,0.754556,-0.0911496,-1.0703,0.162576
2021-10-08,42848,98.945,34.125,,16392,105,98.94,176.45,176.55,184,1602,98.945,78.4325,78.3314,85.9619,34.125,25.5227,1.88592,3.74421e+06,-0.205989,4.36508,-0.348234,-0.0637428,-1.11582,-0.00515737,0.0762706,0.75134,-0.0121768,-1.06458,0.204629
2021-10-11,42848,98.945,34.125,,16392,105,98.94,176.45,176.55,184,1602,98.945,78.4325,78.3314,85.9619,34.125,25.5227,1.88592,3.74421e+06,-0.273526,2.97619,-0.460986,-0.0860664,-1.45746,-0.0515968,0.126102,0.74815,-0.0211809,-1.05894,0.0614834
2021-10-12,42898,99.1,34.125,,16356,104,99.09,176.78,176.87,185,1617,99.1,78.4763,78.3855,86.6801,34.125,36.8229,2.61034,3.79749e+06,-0.0853699,14.4841,-0.384208,0.213469,-0.990124,-0.340254,0.177753,0.747159,0.156863,-0.0594433,-0.194877
2021-10-13,43004,99.125,34.1875,,16328,105,99.12,177.1,177.2,185,1625,99.125,78.7642,78.6633,86.633,34.1875,36.5481,2.59339,3.89694e+06,-0.109723,11.5079,-0.438424,0.218978,-0.986622,-0.391784,0.0631329,0.758431,0.216271,-0.083601,-0.249351
2021-10-14,43020,99.155,34.0625,,16298,105,99.16,177.43,177.53,185,1629,99.155,79.0429,78.9421,86.5766,34.0625,37.0304,2.62312,3.95524e+06,-0.0906521,13.6905,-0.412685,0.23138,-0.975154,-0.324516,0.0616164,0.769269,0.266554,-0.0406381,-0.370706
2021-10-15,42932,99.185,34.0625,,16258,105,99.16,177.68,177.77,186,1629,99.185,79.2307,79.14,87.5284,34.0625,37.4299,2.64768,4.0611e+06,-0.0704947,15.873,-0.326563,0.185573,-0.877655,-0.161711,0.0596777,0.775564,0.169179,-0.00503259,-0.580408
2021-10-18,42944,99.275,34.1875,,16252,105,99.29,178.02,178.12,186,1644,99.275,79.4208,79.3201,87.3583,34.1875,37.9514,2.67964,4.17594e+06,0.0106643,23.2143,-0.196616,0.217945,-0.575422,-0.18364,0.169214,0.782056,0.245087,0.04145,-0.611573
2021-10-19,42984,99.305,34.125,,16220,105,99.31,178.36,178.46,187,1639,99.305,79.709,79.6083,88.3087,34.125,38.2975,2.70079,4.26822e+06,-0.073549,15.4762,-0.351885,0.204786,-1.0017,-0.165019,0.111062,0.793475,0.147836,0.0722605,-0.593637
2021-10-20,42989,99.3383,34.125,,16221,105,99.35,178.6,178.7,188,1638,99.3383,79.8903,79.7897,89.2523,34.125,39.1002,2.74965,4.44934e+06,-0.0321135,18.8492,-0.300078,0.23585,-0.973753,0.0196893,0.0538314,0.79966,0.104122,0.143945,-0.444501
2021-10-21,43006,99.3683,34.1875,,16162,105,99.37,178.83,178.93,191,1653,99.3683,80.0675,79.9669,92.2142,34.1875,40.3627,2.82598,4.54183e+06,0.00912509,23.4127,-0.24522,0.26347,-0.973699,0.0171691,0.220871,0.805594,0.158538,0.256867,-0.597708
2021-10-22,43038,99.3983,34.25,,16189,105,99.42,179.23,179.33,195,1672,99.3983,80.4156,80.315,96.1804,34.25,41.5737,2.89861,4.68444e+06,0.0368654,27.9762,-0.302043,0.375774,-0.979195,-0.204757,0.277822,0.820274,0.252433,0.365073,-0.24514
2021-10-25,43059,99.4933,34.125,,16172,105,99.48,179.23,179.33,194,1667,99.4933,80.2433,80.1428,94.988,34.125,43.4816,3.01189,4.75581e+06,0.00279017,22.619,-0.378775,0.384355,-0.967269,-0.221282,0.0522254,0.808497,0.152163,0.53582,-0.302475
2021-10-26,43070,99.5267,34.125,,16173,105,99.56,179.24,179.34,196,1664,99.5267,80.1929,80.0924,96.9321,34.125,43.4432,3.00962,4.7553e+06,0.0339878,27.7778,-0.340379,0.408354,-0.959997,-0.167452,0.106313,0.802945,0.159706,0.530735,-0.128291
2021-10-27,43040,99.6167,34.125,,16155,105,99.65,179.23,179.33,197,1669,99.6167,80.02,79.9196,97.758,34.125,44.3232,3.06142,4.8223e+06,0.0825529,34.5238,-0.255723,0.420829,-0.770132,-0.102687,0.10565,0.791149,0.187125,0.608552,-0.227853
2021-10-28,43010,99.6917,34.125,,16129,105,99.69,179.23,179.33,198,1694,99.6917,79.8846,79.7843,98.6123,34.125,43.7978,3.03053,4.8878e+06,0.122933,40.4762,-0.1962,0.442066,-0.618395,-0.0162838,0.046079,0.781306,0.234465,0.559138,-0.0553573
2021-10-29,42817,99.7217,34.125,,16122,105,99.73,179.22,179.32,198,1712,99.7217,79.8204,79.7202,98.5526,34.125,35.9014,2.55336,4.2976e+06,0.0640724,30.9524,-0.0792813,0.207426,-0.621187,0.398034,-0.0146907,0.77514,0.227609,-0.158605,-0.236306
2021-11-01,42782,99.825,34.25,,16145,105,99.81,179.22,179.32,196,1728,99.825,79.6344,79.5342,96.3436,34.25,34.2735,2.45183,4.36781e+06,0.12937,41.8651,0.0377754,0.220965,-0.59763,0.499798,0.211158,0.762646,0.330328,-0.306213,-0.026769
2021-11-02,42749,99.8533,34.125,,16164,105,99.86,179.32,179.42,198,1741,99.8533,79.6836,79.5834,98.2909,34.125,34.5055,2.46638,4.41633e+06,0.141486,43.8492,0.0199193,0.263053,-0.616128,0.579078,0.0968077,0.762747,0.408933,-0.284309,0.066629
2021-11-03,42658,99.9033,34.125,,16138,105,99.91,180.07,180.17,199,1737,99.9033,80.3444,80.2443,99.1926,34.125,34.5379,2.4684,4.51024e+06,0.132225,42.2619,0.0102094,0.254241,-0.755348,0.690483,0.0954929,0.794932,0.364139,-0.28065,0.0228483
2021-11-04,42577,99.9517,34.1875,,16258,105,99.96,180.56,180.66,199,1746,99.9517,80.7473,80.6473,99.0962,34.1875,33.8649,2.42617,4.80253e+06,0.178811,49.8016,0.0282334,0.329388,-0.848996,0.783262,0.150434,0.813642,0.284472,-0.341519,0.792527
2021-11-05,42791,99.9467,34.25,,16128,105,99.94,181.26,181.36,199,1726,99.9467,81.4567,81.3567,99.1061,34.25,35.3409,2.51853,5.15635e+06,-0.00620986,20.8333,-0.24411,0.23169,-0.967724,0.0292729,0.206121,0.848616,0.0966581,-0.205356,0.141997
2021-11-08,42797,100.05,34.25,,16114,106,100.08,181.86,181.96,199,1716,100.05,81.8691,81.7691,98.9005,34.25,35.7446,2.54363,5.20895e+06,-0.0620192,16.8651,-0.307455,0.183416,-0.966848,-0.0466319,0.0911157,0.867883,-0.0310119,-0.167781,-0.0542668
2021-11-09,42880,100.098,34.1875,,16084,106,100.11,182.46,182.56,200,1731,100.098,82.3807,82.2808,99.8036,34.1875,35.4238,2.52369,5.31217e+06,-0.0952733,13.2937,-0.338753,0.148206,-0.901605,-0.260776,0.146123,0.892623,-0.0202379,-0.196936,-0.313457
2021-11-10,42791,100.143,34.1875,,16035,106,100.14,182.74,182.85,205,1744,100.143,82.5884,82.4785,104.707,34.1875,36.3695,2.58235,5.4098e+06,-0.0820283,15.0794,-0.346597,0.18254,-0.920237,-0.26447,0.144917,0.900938,0.0650547,-0.109182,-0.43584
2021-11-11,42798,100.175,34,,15959,106,100.17,183.23,183.33,206,1744,100.175,83.0097,82.9099,105.64,34,62.8995,4.09217,5.64887e+06,0.111997,39.6825,-0.496719,0.720713,-0.978691,-0.427238,-0.0842296,0.920408,0.0209148,2.31724,-1.47214
2021-11-12,42608,100.227,34.125,,15830,106,100.22,183.98,184.08,200,1734,100.227,83.6636,83.5639,99.5476,34.125,63.3296,4.11473,6.00204e+06,0.289134,65.6746,-0.165743,0.744012,-0.788446,0.32157,-0.0303544,0.952468,0.0686398,2.32288,-1.4799
2021-11-15,42523,100.292,34.125,,15828,106,100.27,188.78,189.04,200,1684,100.292,88.4902,88.2309,99.4183,34.125,46.1008,3.16517,6.00246e+06,0.0825346,34.5238,-0.155616,0.320685,-0.923698,0.489623,-0.032773,1.21007,-0.132408,0.754229,-1.41898
2021-11-16,42461,100.308,34.25,,15827,106,100.29,200.3,204.92,200,1707,100.308,104.29,99.6844,99.3853,34.25,41.3427,2.8848,5.97625e+06,0.211328,56.1508,-0.0489261,0.471582,-1.0389,0.756149,0.135972,2.0593,-0.0943968,0.32054,-1.26982
2021-11-17,42500,100.358,34.1875,,15827,106,100.35,200,208.78,202,1724,100.358,108.035,99.286,101.279,34.1875,47.0101,3.21779,5.99858e+06,0.284875,65.4762,-0.145583,0.715332,-1.02965,0.516731,0.0761667,2.25243,-0.0771252,0.834091,-1.01146
2021-11-18,42361,100.407,34.25,,15823,106,100.41,204.52,212.77,201,1741,100.407,111.908,103.692,100.186,34.25,48.5646,3.30707,6.01532e+06,0.462979,85.9127,0.0359265,0.890031,-0.980971,0.785904,0.302846,2.45199,0.00565164,0.971748,-0.628561
2021-11-19,42275,100.465,34.1875,,15799,106,100.46,203.03,213.57,202,1750,100.465,112.581,102.09,101.065,34.1875,49.7106,3.37233,6.02289e+06,0.476012,86.7063,-0.0814898,1.03351,-0.966143,0.591897,0.129776,2.47707,0.0997946,1.07126,-0.061663
2021-11-22,42275,100.465,34.1875,,15799,106,100.46,203.03,213.57,202,1780,100.465,112.581,102.09,101.065,34.1875,49.7106,3.37233,6.02289e+06,0.464318,85.9127,-0.214896,1.14353,-1.20295,0.431292,0.126964,2.4643,0.497041,1.0663,-0.0505472
2021-11-23,42153,100.595,34.1875,,15820,106,100.57,205.82,218.25,201,1798,100.595,116.959,104.603,99.8111,34.1875,50.9322,3.4414,6.03531e+06,0.58053,93.0556,-0.0853405,1.2464,-0.809551,0.542273,0.0112564,2.68605,0.469248,1.17163,0.0709396
2021-11-24,42233,100.623,34.1875,,15796,106,100.62,204.88,216.74,200,1821,100.623,115.397,103.611,98.7611,34.1875,53.6339,3.59235,6.05506e+06,0.577664,92.8571,-0.120851,1.27618,-0.890926,0.462323,0.0660491,2.58989,0.496963,1.40864,-0.0577253
2021-11-25,42238,100.683,34.125,,15784,106,100.68,203.55,215.82,201,1821,100.683,114.355,102.169,99.6359,34.125,56.7914,3.76572,6.07597e+06,0.533026,91.2698,-0.238277,1.30433,-0.854602,0.190861,-0.05109,2.52318,0.409347,1.68172,-0.0981883
2021-11-26,42182,100.758,34.125,,15759,106,100.8,200.17,211.75,202,1872,100.758,110.156,98.6635,100.48,34.125,61.5383,4.0204,6.07303e+06,0.595834,93.0556,-0.220804,1.41247,-0.799805,0.132485,0.00490641,2.28939,0.616906,2.08725,-0.0997965
2021-11-29,42039,100.923,34.25,,15559,106,100.94,196.94,215.64,201,1878,100.923,113.667,95.1383,99.1611,34.25,66.7413,4.29179,6.1815e+06,0.746215,96.4286,0.0997845,1.39265,-0.219575,0.400017,0.118912,2.46918,0.494191,2.51484,-1.2079
2021-11-30,41530,100.925,34.125,,15351,106,100.96,200.72,214.15,202,1914,100.925,112.187,98.8804,100.149,34.125,59.3693,3.90489,4.6096e+06,0.585794,92.6587,0.152712,1.01888,-0.679107,1.13485,0.00239782,2.38098,0.5827,1.84246,-2.48016
2021-12-01,41539,101.005,34.1875,,15303,107,101,200.6,223.99,200,1827,101.005,121.761,98.604,98.01,34.1875,50.0385,3.39092,4.64185e+06,0.511377,89.0873,0.274611,0.748142,-0.498169,1.26318,0.058819,2.88068,0.0289611,1.01331,-2.60892
2021-12-02,41445,101.07,34.0625,,15258,107,101.1,203.33,214.98,200,1816,101.07,112.704,101.177,97.8827,34.0625,49.2964,3.34879,4.6518e+06,0.43123,80.9524,0.321065,0.541394,-0.483963,1.44613,0.00102792,2.38449,-0.0278937,0.943964,-2.81136
2021-12-03,41293,101.155,34.125,,15206,107,101.16,203.25,219.17,200,1779,101.155,116.667,100.929,97.7164,34.125,43.5582,3.01641,4.80284e+06,0.354108,71.8254,0.409344,0.298872,-0.453052,1.62482,0.0562669,2.58643,-0.470327,0.435578,-3.01125
2021-12-06,41300,101.323,34.25,,15196,107,101.28,201.96,219.25,199,1747,101.323,116.387,99.3224,96.401,34.25,39.1054,2.74997,4.832e+06,0.294299,64.2857,0.314677,0.273921,-0.447243,1.33734,0.0539367,2.56012,-0.660735,0.0411541,-1.96363
2021-12-07,41250,101.365,34.125,,15173,107,101.42,198.1,222.71,198,1698,101.365,119.711,95.4323,95.3337,34.125,37.7041,2.6645,4.93457e+06,0.194721,50.9921,0.0708196,0.318623,-0.308269,0.469127,0.0516008,2.72522,-1.08553,-0.0830267,-0.882965
2021-12-08,41250,101.365,34.125,,15173,107,101.42,198.1,222.71,198,1693,101.365,119.711,95.4323,95.3337,34.125,37.7041,2.6645,4.93457e+06,0.216849,53.9683,-0.0413876,0.475085,-0.601546,0.485996,-0.0086129,2.71074,-0.671811,-0.0828552,-0.586561
2021-12-09,41161,101.508,34.25,,15153,107,101.54,195.98,211.49,196,1684,101.508,108.347,93.068,93.0877,34.25,37.1583,2.63099,4.92154e+06,0.217534,54.3651,0.123625,0.311444,-0.32692,0.477689,0.220104,2.09426,-0.658846,-0.131222,-0.428268
2021-12-10,41181,101.58,34.1875,,15158,107,101.55,197.1,206.74,196,1712,101.58,103.524,94.0343,92.9514,34.1875,36.3885,2.58352,4.93917e+06,0.158739,45.6349,-0.0436786,0.361157,-0.3822,0.148384,0.102781,1.82915,-0.330227,-0.199538,-0.0706633
2021-12-13,41199,101.725,34.125,,15161,107,101.7,195.55,205.17,196,1717,101.725,101.691,92.234,92.6763,34.125,61.8762,4.03827,4.96886e+06,0.450461,83.1349,-0.140869,1.04179,-0.475406,0.126082,-0.0732824,1.72547,-0.142555,2.05846,0.00978661
2021-12-14,41171,101.773,34.3125,,15050,107,101.78,194.39,203.33,196,1697,101.773,99.7872,91.0029,92.5849,34.3125,60.4248,3.96128,4.98537e+06,0.438634,81.746,-0.053966,0.931234,-0.458498,0.0827138,0.213886,1.61869,0.00469113,1.91117,-0.550476
2021-12-15,41105,101.83,34.1875,,15069,108,101.82,191.69,199.91,198,1686,101.83,96.3174,88.2451,94.4417,34.1875,52.319,3.51919,4.98708e+06,0.347264,70.8333,0.0155251,0.679003,-0.256373,0.207215,0.0957332,1.42774,-0.0251928,1.18892,-0.429926
2021-12-16,41114,101.888,34.1875,,15073,108,101.9,191.64,198.34,198,1704,101.888,94.6642,88.0883,94.3305,34.1875,51.3362,3.46413,4.98095e+06,0.246269,56.9444,-0.193854,0.686392,-0.575664,0.0170214,-0.0229189,1.33515,0.109291,1.09725,-0.278622
2021-12-17,41119,101.967,34.25,,15094,108,101.98,199.22,204.84,200,1717,101.967,100.889,95.3775,96.1425,34.25,52.3605,3.52151,5.01579e+06,0.329024,67.4603,-0.140084,0.798133,-0.555308,0.0442227,0.0908317,1.66785,0.0326593,1.18195,-0.17798
2021-12-20,41107,102.145,34.25,,15141,108,102.13,200.41,204.26,200,1748,102.145,99.9706,96.2015,95.8001,34.25,56.1549,3.73103,4.99662e+06,0.444798,82.5397,-0.0624494,0.952045,-0.435193,0.101654,0.14619,1.61269,0.162723,1.50668,0.100121
2021-12-21,41110,102.202,34.25,,15232,108,102.25,202.17,206.06,199,1743,102.202,101.621,97.8147,94.713,34.25,58.7825,3.8734,5.07656e+06,0.554694,91.6667,-0.132194,1.24158,-0.405973,0.0413005,-0.031908,1.69664,0.236988,1.72406,1.37568
2021-12-22,39153,102.277,34.1875,,15250,108,102.26,199.84,209.61,200,1754,102.277,104.944,95.3915,95.548,34.1875,57.4059,3.79908,5.15571e+06,1.20871,99.8016,1.13448,1.28295,-0.34076,3.72085,0.0233605,1.87054,0.346592,1.59218,1.36198
2021-12-23,39156,102.33,34.25,,15297,108,102.3,199.21,203.04,204,1762,102.33,98.4169,94.6741,99.355,34.25,55.8707,3.7155,5.13832e+06,1.14615,99.0079,1.13039,1.16191,-0.361059,3.67389,0.0783482,1.51014,0.295747,1.44914,1.62332
2021-12-24,39156,102.33,34.25,,15297,108,102.3,199.21,203.04,204,1762,102.33,98.4169,94.6741,99.355,34.25,55.8707,3.7155,5.13832e+06,1.05824,97.4206,0.997092,1.11939,-0.651935,3.62722,0.0159938,1.5058,0.229959,1.44036,1.48351
2021-12-27,39174,102.567,34.25,,15407,108,102.54,194.53,204.47,204,1743,102.567,99.3532,89.6619,98.895,34.25,55.0172,3.6687,5.22393e+06,1.06034,97.619,1.02933,1.09134,-0.44384,3.51876,0.0130818,1.5522,-0.0209354,1.35851,1.85985
2021-12-28,39182,102.62,34.25,,15548,108,102.62,193.34,202.41,206,1718,102.62,97.2423,88.4038,100.741,34.25,56.7835,3.76528,5.31412e+06,1.05685,97.0238,1.0035,1.1102,-0.459663,3.45965,0.0105065,1.43241,-0.119837,1.50225,2.14178
2021-12-29,39127,102.69,34.1875,,15661,108,102.68,196.03,203.44,209,1702,102.69,98.1108,90.8949,103.525,34.1875,56.2792,3.73781,5.46711e+06,0.484763,84.9206,-0.178122,1.14765,-0.481899,-0.0600375,0.00757173,1.47553,-0.253622,1.44976,2.6902
2021-12-30,39662,102.75,34.125,,15752,108,102.72,197.8,202.13,208,1703,102.75,96.7202,92.5061,102.433,34.125,53.9317,3.60885,4.31549e+06,0.271597,59.9206,-0.544256,1.08745,-0.460746,-1.05961,-0.112416,1.39445,-0.286324,1.24075,2.91439
2021-12-31,39662,102.75,34.125,,15752,108,102.72,197.8,202.13,208,1688,102.75,96.7202,92.5061,102.433,34.125,53.9317,3.60885,4.31549e+06,0.257469,57.9365,-0.544414,1.05935,-0.463213,-1.05572,-0.114305,1.38995,-0.359013,1.23471,2.88418
2022-01-03,39596,103.04,34.1875,,15693,108,103,198.26,208.08,206,1701,103.04,101.941,92.4107,99.9224,34.1875,52.8701,3.54993,4.37513e+06,0.302815,63.8889,-0.407546,1.01318,-0.272204,-0.895108,-0.0553258,1.67099,-0.194988,1.13811,1.864
2022-01-04,39575,103.08,34.25,,15655,109,103.12,197.4,205.24,206,1731,103.08,99.1075,91.5017,99.8448,34.25,47.3766,3.23892,4.45216e+06,0.18616,47.8175,-0.386358,0.758677,-0.324625,-0.837649,0.00319983,1.50962,0.0841247,0.662784,0.797679
2022-01-05,39587,103.15,34.25,,15645,109,103.14,199.07,208.6,207,1753,103.15,102.23,92.9908,100.679,34.25,49.9471,3.38575,4.50464e+06,0.205456,51.3889,-0.408585,0.819498,-0.327516,-0.960581,0.0623406,1.67526,0.276521,0.881592,0.0697318
2022-01-06,39466,103.23,34.1875,,15631,109,103.25,202.09,216.2,208,1788,103.23,109.435,95.7667,101.492,34.1875,50.0611,3.3922,4.52355e+06,0.459206,82.9365,0.0256662,0.892746,-0.255189,0.271583,0.0606046,2.06198,0.447803,0.888403,-0.547158
2022-01-07,39122,103.29,37.375,,15611,109,103.28,203.84,214.26,208,1802,103.29,107.435,97.3473,101.375,37.375,48.4842,3.30247,4.5435e+06,1.08164,97.8175,1.31954,0.843749,-0.0333813,0.918401,3.0736,1.94292,0.592605,0.750007,-0.664814
2022-01-10,39172,103.508,37.625,,15626,109,103.51,202.78,213.97,206,1821,103.508,106.718,95.907,99.0179,37.625,48.2542,3.28931,4.56368e+06,1.0486,96.627,1.20338,0.893826,-0.302193,0.700636,3.2117,1.89543,0.620175,0.72803,-0.230493
2022-01-11,39191,103.577,37.375,,15598,109,103.56,202.46,211.53,209,1820,103.577,104.225,95.4687,101.783,37.375,45.5744,3.13457,4.58599e+06,0.927257,96.0317,1.1055,0.749011,-0.197396,0.625428,2.88848,1.7516,0.460893,0.49506,-0.172036
2022-01-12,39200,103.642,37.4375,,15616,109,103.68,201.96,211.22,208,1835,103.642,103.798,94.8637,100.691,37.4375,54.9048,3.66252,4.60224e+06,1.04648,96.4286,1.11057,0.982391,-0.215433,0.630461,2.91669,1.72155,0.423355,1.29679,-0.00665691
2022-01-13,39205,103.743,37.4375,,15633,109,103.77,200.74,207.71,210,1864,103.743,100.215,93.4968,102.423,37.4375,53.7207,3.59716,4.6275e+06,0.988922,96.0317,1.06727,0.910576,-0.135485,0.394385,2.9429,1.51967,0.390471,1.18897,0.175818
2022-01-14,39133,103.847,37.625,,15632,109,103.84,202.46,206.04,210,1882,103.847,98.4078,94.9605,102.221,37.625,50.1135,3.39517,4.65367e+06,0.42434,77.7778,0.0366808,0.811998,0.026054,-0.116848,0.200837,1.41576,0.408381,0.87427,0.287158
2022-01-17,39141,104.07,37.75,,15637,109,104.1,204.11,207.08,209,1882,104.07,98.9815,96.1276,100.826,37.75,50.9523,3.44253,4.70604e+06,0.417143,76.9841,0.030749,0.803537,0.0427603,-0.0377997,0.0872863,1.44308,0.312079,0.9435,0.227438
2022-01-18,39091,104.187,37.5,,15634,110,104.17,203.6,205.94,211,1890,104.187,97.6644,95.4184,102.521,37.5,49.8574,3.38066,4.8072e+06,0.461143,82.1429,0.134493,0.787793,0.224133,0.0920583,0.0872863,1.36658,0.357749,0.846117,0.37366
2022-01-19,39033,104.238,37.5625,,15592,110,104.24,206.58,216.39,213,1880,104.238,107.592,98.1805,104.339,37.5625,49.0665,3.33571,4.88296e+06,0.49879,86.7063,0.161612,0.835967,0.178668,0.218068,0.0881,1.90942,0.23181,0.775382,0.0185475
2022-01-20,38944,104.303,37.625,,15474,110,104.31,212.32,217.86,214,1907,104.303,108.872,103.56,105.171,37.625,49.3386,3.3512,4.89992e+06,0.469165,83.3333,0.194962,0.743367,0.0449977,0.395097,0.14479,1.973,0.222847,0.796565,-0.781251
2022-01-21,38945,104.353,37.5,,15444,110,104.34,212.74,218.82,219,1916,104.353,109.691,103.865,109.864,37.5,49.3047,3.34927,4.93967e+06,0.351473,70.2381,-0.0126594,0.715606,-0.152499,0.256288,-0.141768,2.0111,0.178164,0.791274,-0.951831
2022-01-24,38951,104.532,37.625,,15413,110,104.53,219.09,217.68,219,1961,104.532,108.243,109.592,109.506,37.625,50.0582,3.39204,4.97935e+06,0.337162,67.8571,-0.0697531,0.744076,-0.32204,0.259185,-0.146405,1.92456,0.406916,0.853939,-1.1623
2022-01-25,38952,104.603,37.625,,15381,110,104.62,218.84,221.74,220,1928,104.603,111.982,109.209,110.318,37.625,50.5991,3.42262,4.96392e+06,0.324052,66.0714,-0.0823365,0.73044,-0.490639,0.162217,0.0814128,2.12481,0.198922,0.897934,-1.33025
2022-01-26,38872,104.683,37.5625,,15344,110,104.7,216.85,229.12,221,1896,104.683,118.87,107.149,111.113,37.5625,51.1954,3.45622,5.12135e+06,0.375204,74.0079,-0.0723078,0.822717,-0.382974,0.203845,-0.0377944,2.49523,0.0874338,0.94645,-1.2992
2022-01-27,38517,104.758,37.5625,,15336,110,104.77,223.75,231.17,222,1904,104.758,120.67,113.587,111.916,37.5625,51.7559,3.48769,5.27658e+06,0.50745,87.5,0.0889046,0.925995,-0.345037,0.711583,-0.0998319,2.58222,-0.0088506,0.991566,-0.647894
2022-01-28,37622,104.827,37.75,,15307,111,104.84,216.66,240,212,1756,104.827,128.949,106.684,102.239,37.75,46.307,3.17713,5.42591e+06,0.734406,94.246,0.780001,0.688811,-0.278288,2.43184,0.186452,3.01917,-0.804859,0.517335,-0.641604
2022-01-31,37589,105.015,37.625,,15314,111,105.02,214.67,244.61,213,1723,105.015,132.929,104.418,102.828,37.625,41.8592,2.91565,4.33586e+06,0.642383,92.4603,0.730975,0.553791,-0.245884,2.487,-0.0481884,3.21213,-1.19708,0.13044,-0.414461
2022-02-01,37560,105.135,37.5,,15331,111,105.12,214.63,222.21,214,1740,105.135,111.357,104.147,103.548,37.5,40.0945,2.80982,4.53791e+06,0.523952,87.8968,0.763044,0.284861,-0.0651489,2.52381,-0.169534,2.02236,-0.940133,-0.0231954,-0.124036
2022-02-02,37562,105.217,37.5625,,15327,111,105.2,210.88,218.94,216,1726,105.217,108.085,100.424,105.291,37.5625,38.7471,2.72819,4.57883e+06,0.499729,85.9127,0.745512,0.253946,-0.059834,2.35265,-0.056281,1.83872,-0.84578,-0.140488,0.072721
2022-02-03,37565,105.31,37.5625,,15331,111,105.31,211.71,220.21,216,1758,105.31,109.106,101.035,105.109,37.5625,38.7691,2.72953,4.59855e+06,0.429067,77.7778,0.542602,0.315533,0.00779772,1.67641,-0.0563981,1.89143,-0.720951,-0.138317,0.144404
2022-02-04,37189,105.415,37.5625,,15300,111,105.41,212.23,220.24,214,1780,105.415,108.927,101.328,103.007,37.5625,39.3453,2.76452,4.63675e+06,0.388287,74.4048,0.205446,0.571128,0.144171,0.706202,-0.234033,1.87711,0.143451,-0.0877254,0.132227
2022-02-07,37213,105.695,37.375,,15310,111,105.68,210.22,218.73,214,1784,105.695,106.945,98.893,102.469,37.375,38.8517,2.73456,4.70621e+06,0.422121,76.9841,0.261474,0.582769,0.483387,0.594774,-0.29374,1.76341,0.332348,-0.130775,0.149411
2022-02-08,37218,105.795,37.4375,,15305,111,105.82,207.9,215.87,215,1770,105.795,104.046,96.5121,103.223,37.4375,38.4993,2.7131,4.76336e+06,0.367414,71.2302,0.271281,0.463547,0.404473,0.527824,-0.118453,1.59963,0.175623,-0.161443,0.017206
2022-02-09,37230,105.905,37.6875,,15280,112,105.89,204.97,212.87,217,1767,105.905,101.001,93.5414,104.901,37.6875,54.5204,3.64136,4.77642e+06,0.585332,90.4762,0.356617,0.814046,0.506278,0.506949,0.0566244,1.42801,0.23269,1.24286,-0.108812
2022-02-10,37233,106.005,37.5,,15279,112,106.01,207.15,214.35,216,1776,106.005,102.207,95.4153,103.764,37.5,55.2174,3.6797,4.85929e+06,0.557038,89.6825,0.30286,0.811215,0.527103,0.505321,-0.123843,1.49359,0.117055,1.29806,-0.138911
2022-02-11,37241,106.113,37.5625,,15297,112,106.15,207.59,216.21,216,1814,106.113,103.754,95.6305,103.556,37.5625,54.5952,3.64548,4.86731e+06,0.481659,83.7302,0.0781865,0.885132,0.535023,-0.23284,-0.0676233,1.57779,0.205124,1.23798,0.154151
2022-02-14,37265,106.392,37.5,,15222,112,106.36,207.41,214.43,215,1800,106.392,101.548,94.9494,102.083,37.5,54.6831,3.65032,4.894e+06,0.431961,78.5714,0.112009,0.751914,0.520604,-0.232457,0.0478797,1.44971,0.119906,1.24024,-0.356327
2022-02-15,37281,106.477,37.625,,15209,112,106.47,205.49,212.61,215,1762,106.477,99.6775,92.9906,101.922,37.625,55.0781,3.67205,4.89591e+06,0.396884,74.2063,0.104605,0.689163,0.461449,-0.253213,0.105577,1.34138,0.00363221,1.26914,-0.40416
2022-02-16,37306,106.575,37.6875,,15218,112,106.58,203.93,211.39,215,1738,106.575,98.3486,91.3488,101.736,37.6875,53.5755,3.58912,4.93283e+06,0.324506,64.6825,0.0215796,0.627433,0.415663,-0.276705,-0.0742195,1.26292,-0.100039,1.13315,-0.200027
2022-02-17,37317,106.677,37.625,,15216,112,106.67,203.03,209.92,214,1759,106.677,96.7815,90.3227,100.606,37.625,51.6198,3.48006,4.94146e+06,0.313982,62.5,0.0576404,0.570324,0.419965,-0.290296,0.0432517,1.17043,-0.0291534,0.958866,-0.208017
2022-02-18,37353,106.778,39.9375,,15212,112,106.78,199.72,206.74,211,1709,106.778,93.6161,87.0417,97.6057,39.9375,51.1509,3.45371,4.9633e+06,0.544941,90.2778,0.739692,0.35019,0.39462,-0.34234,2.1668,0.986861,-0.504869,0.914964,-0.342581
2022-02-21,37322,107.055,39.875,,15210,113,107.04,201.12,207.35,212,1709,107.055,93.6855,87.8661,98.0291,39.875,52.3277,3.51968,4.97948e+06,0.615796,92.8571,0.767642,0.463951,0.385276,-0.234437,2.15209,0.987888,-0.426031,1.01449,0.0949643
2022-02-22,37260,107.157,40.0625,,15218,113,107.19,196.05,201.63,210,1725,107.157,88.1637,82.9564,95.9747,40.0625,52.6338,3.53676,5.04516e+06,0.670064,94.246,0.854598,0.485531,0.450013,-0.0817208,2.1955,0.668121,-0.116229,1.03764,0.219656
2022-02-23,37235,107.3,40.0625,,15198,113,107.19,196.81,202.99,210,1739,107.3,89.1799,83.4203,95.713,40.0625,52.0829,3.50599,5.24768e+06,0.724205,95.0397,0.92025,0.52816,0.621713,0.0163213,2.12272,0.723847,0.117956,0.986136,0.0412444
2022-02-24,37079,107.393,39.9375,,15195,113,107.38,197.19,203.38,210,1766,107.393,89.3787,83.6148,95.5429,39.9375,50.6878,3.42763,5.51187e+06,0.753273,96.4286,0.997517,0.509028,0.600206,0.341155,2.05119,0.732515,0.170746,0.861508,0.0336599
2022-02-25,37018,107.442,39.9375,,15168,113,107.45,195.31,200.47,211,1795,107.442,86.5849,81.7823,96.3856,39.9375,52.3647,3.52175,3.36772e+06,0.454889,81.3492,0.278492,0.631286,0.404477,0.529792,-0.0987925,0.567302,0.690885,1.00496,-0.107297
2022-02-28,37018,107.442,39.9375,,15168,113,107.45,195.31,200.47,211,1816,107.442,86.5849,81.7823,96.3856,39.9375,52.3647,3.52175,3.36772e+06,0.30251,61.7063,-0.0720177,0.677038,-0.64444,0.47013,-0.0417435,0.564311,0.851541,1.00161,-0.0956655
2022-03-01,37018,107.442,39.9375,,15168,113,107.45,195.31,200.47,211,1842,107.442,86.5849,81.7823,96.3856,39.9375,52.3647,3.52175,3.36772e+06,0.194809,48.6111,-0.29866,0.688277,-1.02962,0.349854,-0.216219,0.561428,0.921645,0.998296,-0.144797
2022-03-02,37045,107.935,40.125,,15207,113,107.93,196.84,202.23,206,1850,107.935,87.3628,82.369,90.8556,40.125,51.724,3.4859,3.65406e+06,0.447037,80.9524,0.170321,0.723753,0.304503,0.248321,-0.04186,0.604802,0.88196,0.939266,0.214213
2022-03-03,37067,108.038,40.0625,,15208,113,108.03,196.82,201.42,204,1860,108.038,86.4339,82.1761,88.8219,40.0625,51.3822,3.46672,3.71776e+06,0.378702,73.0159,0.0872771,0.670127,0.345095,-0.0970082,0.0137445,0.547011,0.772453,0.906603,0.238756
2022-03-04,37107,108.162,39.75,,15215,114,108.18,197.6,201.14,201,1927,108.162,85.9623,82.6894,85.8329,39.75,51.3709,3.46608,3.77301e+06,0.390808,74.4048,0.0216388,0.759977,0.637433,-0.292332,-0.280185,0.516018,1.01789,0.902911,0.446206
2022-03-07,37329,108.452,40.0625,,15240,114,108.44,197.28,200.1,201,1971,108.452,84.5061,81.9059,85.336,40.0625,51.399,3.46766,3.87264e+06,0.573482,91.4683,0.348028,0.798936,1.75565,-0.720146,0.008582,0.425465,1.16907,0.902691,0.598096
2022-03-08,37380,108.557,40,,15265,114,108.56,194.54,198.67,202,1971,108.557,83.0104,79.2059,86.0779,40,51.8046,3.49042,3.93902e+06,0.589492,92.2619,0.426027,0.752957,2.14848,-0.815846,-0.0545561,0.331606,0.993975,0.935377,0.748783
2022-03-09,37313,108.677,39.875,,15280,114,108.68,190.85,193.74,204,1971,108.677,78.2719,75.6126,87.7127,39.875,49.8801,3.38195,3.99132e+06,0.244683,53.1746,-0.0941867,0.583552,0.706975,-0.632072,-0.357463,0.0391671,0.937958,0.764664,0.601284
2022-03-10,37321,108.783,40.0625,,15300,114,108.77,189.62,192.25,203,1825,108.783,76.7275,74.3098,86.6095,40.0625,47.8872,3.26827,4.03392e+06,0.109779,34.9206,-0.00323723,0.222794,0.71796,-0.603303,-0.124368,-0.0603259,-0.10614,0.588534,0.715425
2022-03-11,37262,108.887,39.9375,,15310,114,108.88,187.41,190,202,1816,108.887,74.4933,72.1147,85.5139,39.9375,45.8042,3.14794,4.04309e+06,0.0378015,24.4048,0.0927589,-0.017156,0.640152,-0.411589,0.0497137,-0.202984,-0.627757,0.404828,0.731734
2022-03-14,37221,109.21,39.875,,15311,115,109.2,185.6,188.38,200,1807,109.21,72.4934,69.9478,83.1334,39.875,49.2185,3.34436,4.04009e+06,0.0429361,24.8016,0.178282,-0.0924104,0.763249,0.0961634,-0.324565,-0.332551,-0.986852,0.70341,0.585114
2022-03-15,37031,109.305,40,,15233,115,109.32,187.94,189.1,200,1815,109.305,73.0021,71.9409,82.9742,40,50.3402,3.40799,4.01948e+06,0.123736,36.7063,0.377599,-0.130126,0.726932,0.560858,-0.154994,-0.305563,-0.931352,0.800031,-0.0371159
2022-03-16,37064,109.427,40.0625,,15235,115,109.41,193.3,194.59,202,1780,109.427,77.8268,76.6479,84.5985,40.0625,50.3455,3.4083,4.04039e+06,0.125108,36.9048,0.373801,-0.123584,0.730197,0.366054,0.0251507,-0.00859494,-1.16481,0.798407,-0.115094
2022-03-17,37039,109.52,40.1875,,15239,115,109.55,195.27,195.74,202,1769,109.52,78.7253,78.2962,84.4412,40.1875,53.0369,3.55921,4.04354e+06,0.278861,58.5317,0.351639,0.206082,0.674121,0.428462,-0.0476655,0.0437307,-0.249052,1.03216,-0.211113
2022-03-18,37014,109.637,40.0625,,15232,115,109.7,195.17,195.47,202,1789,109.637,78.2888,78.0152,84.2449,40.0625,54.797,3.65659,4.08116e+06,0.312468,62.3016,0.341754,0.283183,0.721174,0.361697,-0.0576098,0.0135525,-0.0487604,1.18272,-0.312736
2022-03-21,37018,109.992,40,,15240,115,109.97,197.9,197.9,202,1791,109.992,79.9227,79.9227,83.6502,40,53.3117,3.57448,4.12204e+06,0.323628,64.2857,0.345127,0.30213,0.832408,0.273366,-0.0703937,0.114633,0.0290751,1.04843,-0.269362
2022-03-22,37020,110.072,39.875,,15230,115,110.07,199.82,200.62,201,1787,110.072,82.263,81.5362,82.6082,39.875,53.5814,3.58945,4.10902e+06,0.245349,53.373,0.105075,0.385624,0.772966,-0.0991776,-0.358564,0.26034,-0.0503487,1.06855,0.142284
2022-03-23,37075,110.185,41.75,,15216,116,110.18,200.72,201.1,201,1837,110.185,82.5112,82.1664,82.4205,41.75,54.4642,3.63826,4.15477e+06,0.665364,94.246,0.767574,0.563155,0.740888,-0.142052,1.70389,0.273145,0.53251,1.14209,0.0465929
2022-03-24,37075,110.185,41.75,,15216,116,110.18,200.72,201.1,201,1817,110.185,82.5112,82.1664,82.4205,41.75,54.4642,3.63826,4.15477e+06,0.569791,90.873,0.600084,0.539498,0.390089,-0.190536,1.6007,0.270317,0.46785,1.13797,0.0242018
2022-03-25,43321,110.39,41.9375,,15199,116,110.38,200.31,200.5,202,1785,110.39,81.6288,81.4567,82.9876,41.9375,56.0148,3.72337,4.25189e+06,0.00884454,18.8492,-0.430638,0.448327,0.727597,-4,1.98049,0.211915,0.106073,1.26911,-0.0359045
2022-03-28,43247,110.703,42,,15222,116,110.68,196.27,197.16,200,1744,110.703,78.0977,77.2937,80.6631,42,58.7357,3.87088,4.2892e+06,-0.0313129,14.881,-0.439746,0.37712,0.562942,-4,2.11782,-0.0136848,-0.194429,1.50048,0.0551096
2022-03-29,43160,110.803,41.9375,,15259,116,110.82,191.99,191.99,200,1727,110.803,73.271,73.271,80.5,41.9375,62.8687,4.09055,4.45481e+06,0.0066902,19.0476,-0.38987,0.403251,0.641043,-4,2.18935,-0.320919,-0.286999,1.84999,0.33862
2022-03-30,43187,110.917,42,,15254,116,110.89,192.52,193.04,201,1729,110.917,74.0405,73.5717,81.2171,42,60.4176,3.9609,4.64531e+06,-0.426381,1.98413,-1.11862,0.265862,0.641584,-4,0.00254535,-0.272871,-0.618488,1.62663,0.390494
2022-03-31,43137,110.978,41.8125,,15245,116,111.01,190.56,190.28,200,1718,110.978,71.4569,71.7092,80.2154,41.8125,62.6263,4.07781,2.94961e+06,-0.416842,2.38095,-1.11377,0.280089,0.87967,-4,-0.220991,-0.437444,-0.555455,1.80701,0.332406
2022-04-01,43074,111.125,42,,15274,117,111.12,189.75,189.52,200,1714,111.125,70.5467,70.7537,79.9775,42,64.4979,4.17574,2.90491e+06,0.318269,64.0873,0.233785,0.402753,0.653299,0.269048,-0.220991,-0.49491,-0.355416,1.9548,0.610334
2022-04-04,43126,111.558,42,,15301,117,111.57,190.88,190.49,199,1692,111.558,70.7538,71.1034,78.3821,42,65.186,4.21149,2.97152e+06,0.387754,74.2063,0.312959,0.46255,1.10457,0.128842,-0.294535,-0.480537,-0.21478,1.99874,0.630996
2022-04-05,43141,111.698,42.125,,15312,117,111.57,190.17,190,196,1710,111.698,70.1011,70.2533,75.4727,42.125,65.49,4.22724,3.06016e+06,0.45275,81.5476,0.402015,0.503485,1.25372,0.0155534,-0.0632275,-0.522971,0.0416816,2.00921,0.468547
2022-04-06,43182,111.843,42.125,,15345,117,111.83,190.21,189.58,196,1710,111.843,69.505,70.0683,75.2452,42.125,63.2199,4.10898,3.11189e+06,0.436091,79.7619,0.4117,0.460482,1.36934,0.000321362,-0.134563,-0.560523,0.0202071,1.80303,0.697947
2022-04-07,43229,111.978,41.9375,,15363,118,111.97,192.32,191.01,196,1702,111.978,70.5777,71.7476,75.0339,41.9375,63.5885,4.12829,3.11773e+06,0.489533,86.3095,0.46604,0.513025,1.64,-0.107321,-0.134563,-0.492212,0.0354171,1.82237,0.860027
2022-04-08,43236,112.13,41.9375,,15368,118,112.16,191.15,190.06,196,1711,112.13,69.4997,70.4718,74.7971,41.9375,64.3143,4.16618,3.2246e+06,0.439605,79.9603,0.367076,0.512133,1.64716,-0.184927,-0.361008,-0.56093,0.127423,1.87116,0.709633
2022-04-11,43239,112.592,42,,15354,118,112.58,191.31,190.97,195,1723,112.592,69.6129,69.9148,73.1922,42,75.2903,4.72127,3.26122e+06,0.622844,94.246,0.44015,0.805538,1.73102,-0.129938,-0.280636,-0.552393,0.3798,2.76387,0.456204
2022-04-12,43319,112.735,41.875,,15329,118,112.76,191.67,190.8,195,1735,112.735,69.2465,70.0182,72.972,41.875,73.7101,4.64335,3.30928e+06,0.510188,87.8968,0.313583,0.706793,1.72999,-0.201458,-0.587783,-0.574572,0.331346,2.60039,0.23322
2022-04-13,43303,112.913,41.875,,15341,118,112.97,191.33,190.53,195,1710,112.913,68.7401,69.4486,72.6989,41.875,74.9302,4.70357,3.38032e+06,0.507355,87.6984,0.372403,0.642307,1.83932,-0.137343,-0.584772,-0.605697,0.134743,2.66855,0.100946
2022-04-14,43303,112.913,41.875,,15341,118,112.97,191.33,190.53,195,1689,112.913,68.7401,69.4486,72.6989,41.875,74.9302,4.70357,3.38032e+06,0.443216,79.9603,0.299308,0.587124,1.32988,-0.0844845,-0.34747,-0.605247,0.0306665,2.63653,-0.0140283
2022-04-15,43303,112.913,41.875,,15341,118,112.97,191.33,190.53,195,1689,112.913,68.7401,69.4486,72.6989,41.875,74.9302,4.70357,3.38032e+06,0.332181,65.0794,0.112936,0.551426,0.762175,-0.0760698,-0.347298,-0.604132,-0.0477267,2.60563,-0.0475505
2022-04-18,43311,113.662,44.5625,,15346,119,113.63,189.3,188.74,195,1679,113.662,66.0542,66.5469,71.5617,44.5625,77.9876,4.85279,3.52069e+06,1.03625,98.4127,1.54537,0.527128,1.80075,-0.0809453,2.9163,-0.772265,-0.23108,2.81462,0.0673444
2022-04-19,43224,113.787,44.25,,15353,119,113.78,191.69,191.12,198,1689,113.787,67.9634,68.4643,74.0098,44.25,78.86,4.89493,3.51867e+06,1.04617,98.4127,1.49967,0.592673,1.72203,0.104932,2.67206,-0.648788,-0.253432,2.84515,0.262859
2022-04-20,43136,113.948,44.3125,,15344,119,113.95,195.24,194.66,200,1701,113.948,70.8319,71.3409,75.5182,44.3125,75.8863,4.75049,3.53151e+06,1.0775,99.4048,1.52065,0.634358,1.64905,0.185324,2.72757,-0.465474,0.0407259,2.57996,0.13009
2022-04-21,43065,114.107,44.375,,15360,120,114.11,203.97,203.73,202,1730,114.107,78.5434,78.7537,77.0273,44.375,73.1184,4.61401,3.55343e+06,1.29612,100,1.75759,0.83464,2.21327,0.264722,2.79478,0.0234816,0.444167,2.33998,0.227215
2022-04-22,42867,114.252,44.3125,,15323,120,114.23,208.27,208.79,203,1776,114.252,82.7456,82.2905,77.6779,44.3125,72.029,4.55975,3.54182e+06,1.4811,100,2.0066,0.955599,2.71542,0.486217,2.81816,0.288917,0.823134,2.23504,-0.00498886
2022-04-25,42638,114.695,44.4375,,15330,120,114.68,207.96,209.56,206,1754,114.695,82.7107,81.3157,79.6068,44.4375,72.3314,4.57484,3.54025e+06,0.780047,97.0238,0.632313,0.927782,1.58679,0.751978,-0.441831,0.28564,0.720444,2.23845,0.00540972
2022-04-26,42646,114.842,44.625,,15336,120,114.85,212.07,214.11,212,1782,114.842,86.4392,84.6629,84.6019,44.625,72.417,4.57911,3.63698e+06,0.94033,97.2222,0.848522,1.03214,1.65417,0.645419,0.245972,0.52053,0.867838,2.22538,-0.00252318
2022-04-27,42557,115.005,44.5625,,15340,120,115.04,208.33,210.72,206,1768,115.005,83.2268,81.1486,79.1226,44.5625,72.5494,4.58571,3.90471e+06,0.857923,96.8254,0.796592,0.919254,1.64888,0.647266,0.093634,0.315596,0.647193,2.21613,0.0769351
2022-04-28,42465,115.173,44.5,,15337,120,115.18,203.99,205.45,204,1789,115.173,78.3834,77.1157,77.1244,44.5,71.9808,4.55734,4.01801e+06,0.765227,96.4286,0.753751,0.776704,1.67247,0.6715,-0.0827171,0.00721064,0.577892,2.1549,-0.0430866
2022-04-29,42007,115.312,44.375,,15321,121,115.35,205.99,206.96,200,1801,115.312,79.4788,78.6376,73.4429,44.375,68.8346,4.39879,3.35352e+06,0.735436,95.8333,0.809277,0.661595,1.63682,0.969267,-0.178258,0.075149,0.293366,1.90371,0.0867173
2022-05-02,42067,115.752,44.625,,15352,121,115.73,209.38,210.72,201,1817,115.752,82.0448,80.8872,73.6476,44.625,67.6044,4.33605,3.46089e+06,0.770557,96.4286,0.751639,0.789475,1.60357,0.642703,0.00864233,0.235667,0.610189,1.79975,0.235118
2022-05-03,42121,115.875,44.4375,,15368,121,115.9,207.49,208.6,204,1786,115.875,80.0216,79.0636,76.0518,44.4375,67.8262,4.3474,3.57864e+06,0.566902,90.0794,0.513843,0.61996,1.51069,0.589867,-0.559023,0.104874,0.111812,1.80523,0.295885
2022-05-04,42172,116.015,44.4375,,15376,121,116.02,203.57,204.89,201,1763,116.015,76.6065,75.4687,73.2535,44.4375,66.8023,4.29493,3.71896e+06,0.488118,84.3254,0.46211,0.514126,1.4188,0.431438,-0.46391,-0.113864,0.0351763,1.71863,0.319004
2022-05-05,41797,116.158,44.625,,15385,122,116.16,205.39,206.61,202,1788,116.158,77.8693,76.819,73.9006,44.625,65.4499,4.22516,3.75798e+06,0.594431,91.4683,0.664112,0.52475,1.322,0.754864,-0.0845246,-0.0350932,0.0664376,1.6092,0.392166
2022-05-06,41816,116.305,44.5625,,15367,122,116.3,208.49,208.16,201,1808,116.305,78.9777,79.2614,72.8215,44.5625,65.5326,4.22945,3.8239e+06,0.542244,88.6905,0.524042,0.560446,1.343,0.212417,0.0167036,0.0338902,0.131273,1.60707,0.378656
2022-05-09,41629,116.755,44.625,,15362,122,116.75,206.52,208.01,202,1849,116.755,78.1594,76.8832,73.0119,44.625,64.0285,4.15128,3.82788e+06,0.534269,88.0952,0.529689,0.538849,1.36061,0.494856,-0.266401,-0.0197975,0.341044,1.4883,0.152858
2022-05-10,41620,116.915,44.375,,15380,122,116.93,207.79,209.08,202,1854,116.915,78.8308,77.7274,72.7751,44.375,66.6157,4.28533,3.91627e+06,0.625514,93.0556,0.560378,0.69065,1.47822,0.565109,-0.362197,0.0214841,0.64213,1.67134,0.164635
2022-05-11,41625,117.088,44.625,,15376,122,117.08,207.08,207.88,205,1840,117.088,77.5412,76.858,75.0815,44.625,66.8701,4.29841,3.93792e+06,0.714232,94.246,0.748866,0.679599,1.58221,0.615323,0.0490644,-0.0622645,0.715161,1.68099,0.0894151
2022-05-12,41342,117.252,44.5625,,15373,123,117.25,206.38,209.13,204,1887,117.252,78.3599,76.0145,73.9847,44.5625,73.3593,4.62597,3.9598e+06,0.732796,95.0397,0.597753,0.867839,1.63999,0.512493,-0.359223,-0.0114312,0.898402,2.14325,0.0144243
2022-05-13,41290,117.407,46.375,,15349,123,117.43,210.85,213.18,203,1895,117.407,81.574,79.5894,72.9032,46.375,73.8143,4.64851,3.97716e+06,1.28426,99.6032,1.67332,0.895207,1.65708,0.592673,2.77021,0.192233,0.793383,2.15924,-0.0232616
2022-05-16,41358,117.872,45.6875,,15358,123,117.86,210.79,213.13,205,1927,117.872,80.8152,78.83,73.9179,45.6875,74.4252,4.67869,4.00188e+06,1.02282,97.2222,1.16683,0.878817,1.68657,0.297599,1.51631,0.14218,0.715825,2.18591,0.0638844
2022-05-17,41396,118.038,46.5,,15367,124,118.07,209.31,211.45,208,1930,118.038,79.1368,77.3238,76.214,46.5,73.8999,4.65274,4.06335e+06,1.27374,99.4048,1.72855,0.818934,1.69674,0.2419,3.24701,0.0331591,0.698343,2.13094,0.00764405
2022-05-18,41396,118.038,46.5,,15367,124,118.07,209.31,211.45,208,1951,118.038,79.1368,77.3238,76.214,46.5,73.8999,4.65274,4.06335e+06,1.14422,98.8095,1.38682,0.901629,1.10798,0.246337,2.80614,0.0310157,0.993875,2.11457,0.032484
2022-05-19,41486,118.358,46.5625,,15361,124,118.34,207.88,210.48,206,1944,118.358,77.8329,75.6362,74.0478,46.5625,73.4324,4.6296,4.08745e+06,1.10021,98.6111,1.471,0.729416,1.61956,-0.185316,2.97877,-0.0551568,0.535736,2.06556,0.0136271
2022-05-20,41541,118.492,46.375,,15375,124,118.48,209.56,211.58,204,1951,118.492,78.561,76.8563,72.164,46.375,70.3721,4.47661,4.14008e+06,0.513125,85.119,0.318314,0.707936,1.53565,-0.30917,-0.271536,-0.0111485,0.528984,1.83497,0.249939
2022-05-23,41647,118.948,46.4375,,15384,124,118.94,210.61,211.32,206,1916,118.948,77.657,77.0601,73.1845,46.4375,69.6844,4.44188,4.18513e+06,0.602213,90.4762,0.693562,0.510863,1.48867,-0.352184,0.944205,-0.0720565,-0.0401317,1.77553,0.24936
2022-05-24,41654,119.102,46.375,,15393,124,119.11,211.33,212.54,208,1934,119.102,78.4525,77.4366,74.6407,46.375,69.9523,4.45542,4.25579e+06,0.388929,71.0317,0.214475,0.563384,1.43505,-0.315879,-0.475748,-0.0239415,0.0871123,1.78419,0.248964
2022-05-25,41654,119.102,46.375,,15393,124,119.11,211.33,212.54,208,1917,119.102,78.4525,77.4366,74.6407,46.375,69.9523,4.45542,4.25579e+06,0.340273,64.6825,0.212818,0.467728,1.42997,-0.315259,-0.476262,-0.0266798,-0.23467,1.77395,0.248887
2022-05-26,41466,119.417,46.5,,15370,125,119.41,211.41,213.61,207,1928,119.417,78.8778,77.0355,73.3426,46.5,69.2942,4.42212,4.34309e+06,0.415626,73.0159,0.344083,0.487168,1.39932,0.00558975,-0.372661,-0.00190742,-0.0823844,1.71795,0.142855
2022-05-27,41544,119.558,46.4375,,15478,125,119.55,210.35,210.7,206,1916,119.558,76.232,75.9393,72.3009,46.4375,69.3277,4.42382,4.38506e+06,0.44123,76.9841,0.410641,0.471818,1.4214,-0.021153,-0.16832,-0.177206,-0.24512,1.71103,0.725329
2022-05-30,41650,120.005,46.5,,15483,125,120.03,209.15,211.77,206,1916,120.005,76.4676,74.2844,71.6595,46.5,69.7293,4.44415,4.41035e+06,0.477574,80.754,0.393812,0.561336,1.3712,-0.0212321,-0.168529,-0.165045,0.050905,1.72978,0.698074
2022-05-31,41561,120.162,45.8125,,15485,125,120.17,207.35,210.51,206,1918,120.162,75.1889,72.5591,71.4357,45.8125,69.2057,4.41763,3.3151e+06,0.285803,57.7381,0.0934739,0.478133,1.37279,0.0890771,-1.18144,-0.251742,-0.0851189,1.68413,0.652389
2022-06-01,41573,120.325,46.6875,,15518,126,120.32,208.62,210.81,206,1914,120.325,75.2005,73.3804,71.203,46.6875,68.8732,4.40075,3.36528e+06,0.631547,91.8651,0.735004,0.528091,1.89072,0.0748876,0.239403,-0.254915,0.0240297,1.65239,0.853617
2022-06-02,41600,120.468,46.5,,15526,126,120.46,207.04,209.53,206,1897,120.468,73.9296,71.8626,70.9993,46.5,68.8867,4.40144,3.45913e+06,0.3772,68.6508,0.294279,0.460121,1.32437,-0.172866,-0.268667,-0.342417,-0.213376,1.645,1.04242
2022-06-03,41613,120.628,46.4375,,15535,126,120.68,207.75,209.64,205,1894,120.628,73.7901,72.2233,69.9435,46.4375,69.3171,4.42328,3.509e+06,0.365742,66.4683,0.335303,0.396181,1.3746,-0.0975834,-0.271106,-0.356441,-0.136857,1.66642,0.427026
2022-06-06,41622,121.108,46.625,,15551,127,120.68,208.84,210.1,205,1908,121.108,73.4811,72.4407,69.27,46.625,70.0325,4.45947,3.56624e+06,0.456807,78.373,0.469408,0.444206,1.46252,0.0140952,-0.0683909,-0.381789,-0.0172566,1.70708,0.493375
2022-06-07,41642,121.278,46.5625,,15585,127,121.29,208.68,210.17,206,1930,121.278,73.2956,72.0671,69.8573,46.5625,69.5268,4.43391,3.6684e+06,0.639874,91.8651,0.776105,0.503644,1.49443,-0.111315,0.945201,-0.397829,0.152122,1.66351,0.689897
2022-06-08,41621,121.455,46.625,,15575,127,121.45,209.15,210.31,208,1970,121.455,73.1588,72.2037,71.2568,46.625,69.4993,4.43251,3.65188e+06,0.462348,78.5714,0.358842,0.565854,1.52598,-0.073193,-0.376266,-0.410218,0.524444,1.65326,0.426003
2022-06-09,41627,121.625,46.5,,15583,127,121.62,217.5,219.86,208,2045,121.625,80.7688,78.8284,71.0175,46.5,70.3447,4.47522,3.76722e+06,0.685528,92.6587,0.425124,0.945933,1.59918,-0.0489567,-0.274857,0.0937017,1.30056,1.70266,0.427686
2022-06-10,41597,121.793,46.5625,,15610,127,121.79,223.2,227.61,210,2043,121.793,86.8822,83.2613,72.4233,46.5625,70.0869,4.46222,3.8197e+06,0.792953,95.6349,0.514713,1.07119,1.61352,0.000436982,-0.0698221,0.499295,1.30348,1.67632,0.540171
2022-06-13,41352,122.298,46.625,,15626,128,122.3,227.37,237.74,216,2124,122.298,94.3935,85.9143,76.6173,46.625,73.471,4.63151,3.96089e+06,0.999993,96.4286,0.563311,1.43667,1.66957,0.293382,-0.273021,0.999374,1.86103,1.89703,0.541861
2022-06-14,41231,122.475,46.3125,,15591,128,122.5,231.96,239.11,224,2125,122.475,95.2317,89.3938,82.8945,46.3125,73.6704,4.64139,3.94247e+06,0.911812,95.6349,0.484529,1.33909,1.67762,0.455798,-0.679827,1.05211,1.67693,1.89895,0.117663
2022-06-15,41096,122.69,46.5,,15609,128,122.7,229.83,238.32,217,2111,122.69,94.2457,87.3258,76.8685,46.5,74.0919,4.66224,4.09521e+06,0.923856,95.6349,0.630798,1.21691,1.78126,0.587311,-0.476181,0.982372,1.21598,1.91573,0.290224
2022-06-16,40903,122.895,46.6875,,15629,128,122.92,235.09,242.24,216,2199,122.895,97.1114,91.2934,75.7598,46.6875,73.9821,4.65681,4.36504e+06,1.10675,98.6111,0.907273,1.30622,1.87284,0.817495,0.0314807,1.17176,1.32155,1.89664,0.363616
2022-06-17,40903,122.895,46.6875,,15629,128,122.92,235.09,242.24,216,2213,122.895,97.1114,91.2934,75.7598,46.6875,73.9821,4.65681,4.36504e+06,1.00025,96.2302,0.685692,1.3148,1.34686,0.780853,-0.0706348,1.16757,1.45042,1.88523,0.197189
2022-06-20,40903,122.895,46.6875,,15629,128,122.92,235.09,242.24,216,2213,122.895,97.1114,91.2934,75.7598,46.6875,73.9821,4.65681,4.36504e+06,0.569238,86.5079,0.0381026,1.10037,-0.209356,0.496873,-0.173209,1.16323,0.764278,1.87402,0.0995743
2022-06-21,40011,123.685,50.8125,,15635,129,123.67,233.27,240.57,220,2200,123.685,94.5022,88.6001,77.8712,50.8125,74.5503,4.68486,4.44212e+06,1.70543,100,2.35227,1.05859,1.65109,1.40572,4,0.982952,0.645402,1.90065,0.352149
2022-06-22,38231,123.862,50.6875,,15606,129,123.85,227.94,235.33,224,2265,123.862,89.9942,84.0278,80.8469,50.6875,74.326,4.6738,4.48492e+06,2.03878,100,2.96648,1.11108,1.52341,3.37603,4,0.674514,1.3079,1.87445,0.0638788
2022-06-23,38085,124.033,50.75,,15599,129,124.1,232.23,237.32,224,2285,124.033,91.3357,87.232,80.5967,50.75,74.7055,4.69251,4.59192e+06,1.92718,99.8016,2.90168,0.952691,1.41355,3.29148,4,0.762321,0.733937,1.88846,-0.100593
2022-06-24,38006,124.255,50.5,,15577,129,124.24,232.72,237.17,226,2356,124.255,90.8736,87.2923,81.884,50.5,75.7687,4.74473,4.84614e+06,2.1072,100,3.13748,1.07692,2.06882,3.34362,4,0.727905,1.21191,1.94701,-0.235187
2022-06-27,38119,124.705,50.8125,,15582,130,124.71,240.09,244.39,232,2451,124.705,95.9745,92.5264,86.0391,50.8125,75.5208,4.73258,4.92928e+06,2.45436,100,3.51258,1.39614,3.36991,3.16781,4,1.06993,1.99966,1.9188,-0.203795
2022-06-28,42164,124.875,50.5625,,15578,130,124.87,243.07,250,239,2434,124.875,100.2,94.6507,91.3914,50.5625,75.8912,4.75073,5.20767e+06,0.470093,76.9841,-0.518118,1.4583,1.50624,-2.43082,-0.629779,1.35114,1.95423,1.93136,-0.265313
2022-06-29,42472,125.045,50.75,,15549,130,125.04,245.67,251.03,239,2371,125.045,100.752,96.4653,91.1312,50.75,77.7702,4.84226,5.559e+06,0.141544,39.881,-0.909042,1.19213,1.47573,-4,-0.202854,1.38314,0.881032,2.0414,-0.266232
2022-06-30,42787,125.215,50.625,,15493,130,125.23,249.59,252.71,238,2428,125.215,101.821,99.3292,90.0731,50.625,81.711,5.03136,4.32769e+06,0.161773,42.4603,-0.999675,1.32322,1.46053,-4,-0.459551,1.44939,1.18565,2.28149,-0.570516
2022-07-01,42358,125.412,50.9375,,15565,131,125.45,247.9,252.22,239,2344,125.412,101.114,97.669,90.5723,50.9375,83.3187,5.10743,4.42363e+06,0.13639,38.8889,-0.771106,1.04389,1.37639,-4,0.310291,1.39549,-0.113026,2.36608,0.0101292
2022-07-04,42367,125.988,50.875,,15490,132,125.95,272.39,281.18,260,2344,125.988,123.179,116.203,106.368,50.875,96.4066,5.70487,4.92091e+06,0.283479,54.3651,-0.827317,1.39428,1.72302,-4,-0.204974,2.86255,-0.909075,3.16912,-0.485274
2022-07-05,42316,126.183,50.75,,15420,133,126.2,265.28,274.16,252,2652,126.183,117.271,110.234,99.7095,50.75,97.0858,5.73487,5.02839e+06,1.26062,98.2143,0.529676,1.99156,1.78116,-0.158279,-0.0338518,2.44631,1.80434,3.16704,-0.894457
2022-07-06,42275,126.378,51.0625,,15354,133,126.39,270.17,278.17,255,2683,126.378,120.109,113.779,101.775,51.0625,96.4113,5.70508,5.07307e+06,1.4603,98.8095,0.720056,2.20054,1.8382,0.183817,0.138148,2.61337,2.5686,3.0822,-1.12455
2022-07-07,42211,126.57,50.8125,,15285,133,126.56,284.32,296.29,257,2641,126.57,134.092,124.635,103.05,50.8125,95.5232,5.66572,5.21483e+06,1.48872,99.0079,0.800705,2.17673,1.88481,0.552208,-0.0348997,3.49386,1.73954,2.98811,-1.20588
2022-07-08,40455,126.778,51,,15216,134,126.8,289.29,300.89,273,2651,126.778,137.336,128.186,115.337,51,95.9204,5.68334,5.32651e+06,1.75255,99.2063,1.19447,2.31063,1.90153,1.88723,-0.205336,3.6513,2.49664,2.97486,-2.07121
2022-07-11,40457,127.372,51,,15208,135,127.35,285.69,297.49,268,2669,127.372,133.561,124.296,110.408,51,103.754,6.02446,5.3335e+06,1.83683,99.2063,1.22814,2.44552,1.92057,1.88354,-0.119697,3.36277,2.62237,3.40043,-1.65251
2022-07-12,40397,127.573,50.75,,15193,135,127.59,279.4,291.88,272,2728,127.573,128.794,119.011,113.211,50.75,99.1655,5.82613,5.30449e+06,1.44751,98.0159,1.17154,1.72349,1.92232,1.88459,-0.292303,3.02379,0.582353,3.0809,-1.30963
2022-07-13,40403,127.793,50.875,,15141,135,127.82,280.06,290.15,283,2729,127.793,127.046,119.151,121.451,50.875,96.881,5.72584,5.33423e+06,1.32997,97.8175,1.08501,1.57493,1.97484,1.82886,-0.548672,2.88252,0.332667,2.90877,-1.22338
2022-07-14,40132,128.017,51,,15128,135,128,284.28,294.93,289,2756,128.017,130.384,122.065,125.752,51,106.218,6.12923,5.36835e+06,1.66336,98.6111,1.34723,1.97949,2.04472,2.03,-0.0330392,3.0584,0.89789,3.40751,-0.871123
2022-07-15,40147,128.232,50.875,,15114,135,128.25,292.5,301.49,293,2754,128.232,135.113,128.103,128.493,50.875,111.311,6.34227,5.53663e+06,1.38004,97.619,0.621624,2.13846,2.04425,0.282062,-0.461436,3.31117,0.796179,3.63894,-0.523332
2022-07-18,40014,128.898,50.8125,,15088,136,128.91,295.24,303.92,291,2767,128.898,135.783,129.049,125.759,50.8125,111.138,6.33513,5.70027e+06,1.3916,97.619,0.694606,2.08859,2.21068,0.418573,-0.545441,3.30908,0.752507,3.56624,-0.635495
2022-07-19,39864,129.127,50.75,,15068,136,129.14,297.84,303.8,301,2766,129.127,135.273,130.657,133.104,50.75,111.508,6.35043,5.82224e+06,1.36956,97.2222,0.827993,1.91113,2.26098,0.510172,-0.287173,3.2367,0.258418,3.52665,-0.665643
2022-07-20,39747,129.39,50.5625,,15061,136,129.38,303.44,308.75,317,2770,129.39,138.62,134.516,144.996,50.5625,111.928,6.36775,5.90193e+06,1.37525,97.2222,0.756793,1.9937,2.35268,0.634665,-0.716965,3.39315,0.28323,3.49141,-0.379673
2022-07-21,39681,129.61,51,,14933,136,129.58,326.09,329.82,337,2913,129.61,154.471,151.593,160.011,51,123.303,6.82582,6.24592e+06,1.6498,98.4127,0.819764,2.47984,2.31879,0.427607,-0.287104,4,1.23579,4,-1.11273
2022-07-22,39718,129.76,50.75,,14817,137,129.74,315.5,326.47,338,2890,129.76,151.595,143.141,160.481,50.75,128.358,7.02255,6.52137e+06,1.51355,98.2143,0.690245,2.33686,2.12515,0.404342,-0.458753,4,1.06034,4,-1.76269
2022-07-25,39760,130.403,50.6875,,14769,137,130.4,319.72,325.99,322,2905,130.403,149.986,145.178,146.926,50.6875,120.096,6.6989,6.59025e+06,1.39627,97.2222,0.599521,2.19303,2.03026,0.225944,-0.457637,3.85375,1.07439,3.69642,-1.89795
2022-07-26,39464,130.623,50.5,,14721,137,130.68,324.88,328.14,323,2831,130.623,151.211,148.715,147.276,50.5,122.115,6.77899,6.67972e+06,1.29369,95.8333,0.579343,2.00804,1.98954,0.376662,-0.628178,3.85724,0.474042,3.73116,-2.06862
2022-07-27,39354,130.893,50.875,,14700,138,130.91,323.77,339.4,326,2672,130.893,159.295,147.354,149.058,50.875,123.713,6.84193,6.78721e+06,1.2466,95.0397,0.834046,1.65916,1.98724,0.37,0.144893,4,-0.862304,3.7422,-2.14571
2022-07-28,39217,131.125,51,,14670,138,131.12,298.16,321.9,314,2519,131.125,145.491,127.386,139.466,51,135.219,7.28325,7.20801e+06,0.845451,90.2778,0.71907,0.971832,1.99895,0.443402,-0.28514,3.41608,-3.25151,4,-1.52631
2022-07-29,38232,131.227,55.625,,14638,138,131.27,276.71,288.28,296,2398,131.227,119.681,110.864,125.564,55.625,141.017,7.4982,5.98024e+06,1.446,97.2222,2.45741,0.434601,1.86208,1.51014,4,1.99405,-3.97567,4,-0.994539
2022-08-01,38039,131.935,56.5,,14731,139,131.89,272.48,279.64,282,2403,131.935,111.953,106.526,113.742,56.5,122.521,6.79501,5.94676e+06,1.43167,97.0238,2.58251,0.280835,1.99757,1.74997,4,1.56612,-3.98324,3.44659,-0.0930877
2022-08-02,38010,132.178,55.375,,14758,139,132.2,276.66,285.12,291,2419,132.178,115.709,109.308,120.157,55.375,133.69,7.22578,6.02227e+06,1.62564,98.2143,2.50327,0.748015,2.03736,1.47245,4,1.76047,-3.23425,3.89942,0.384819
2022-08-03,37819,132.41,56.375,,14772,139,132.42,281.02,287.55,298,2444,132.41,117.166,112.235,125.059,56.375,126.91,6.9666,5.99803e+06,1.79831,99.0079,2.4927,1.10393,1.92147,1.55663,4,1.82912,-1.79227,3.52334,0.607111
2022-08-04,37334,132.642,56.1875,,14803,140,132.64,284.47,289.6,291,2458,132.642,118.333,114.465,119.388,56.1875,94.0771,5.60127,5.932e+06,1.85901,99.2063,2.60979,1.10824,1.90397,1.92539,4,1.88118,-0.495073,1.99625,0.992957
2022-08-05,37213,132.887,56.3125,,14682,140,132.89,278.78,284.58,293,2436,132.887,114.152,109.788,120.489,56.3125,86.1356,5.23925,5.88231e+06,1.163,93.6508,1.25243,1.07357,2.24366,1.03164,0.482002,1.64791,0.272723,1.62398,0.425792
2022-08-08,37155,133.56,56.5625,,14681,140,133.57,278.94,283.76,292,2371,133.56,112.459,108.85,118.628,56.5625,92.341,5.5233,5.89616e+06,0.905331,89.2857,0.927644,0.883018,2.12126,0.88922,-0.227547,1.54963,-0.270119,1.89809,-0.174069
2022-08-09,37054,133.803,55.75,,14649,141,133.85,279.2,287.66,293,2468,133.803,114.987,108.665,118.978,55.75,97.3563,5.74679,5.89465e+06,1.08534,92.6587,1.06413,1.10655,2.10072,0.965477,0.126187,1.67646,0.357259,2.11346,-0.548509
2022-08-10,37081,134.038,56.1875,,14626,141,134.05,284.59,289.78,295,2476,134.038,116.192,112.32,120.086,56.1875,89.0365,5.37311,5.91278e+06,0.855454,88.6905,0.770453,0.940455,2.08861,0.733201,-0.510447,1.73182,0.22454,1.72625,-0.782037
2022-08-11,37010,134.228,56.5625,,14611,141,134.27,279.36,286.28,297,2442,134.228,113.278,108.123,121.265,56.5625,84.2694,5.15213,5.9311e+06,0.739498,87.1032,0.796493,0.682502,1.96893,0.293198,0.127353,1.56885,-0.148019,1.50376,-1.07166
2022-08-12,37018,134.518,63.5,,14569,142,134.59,279.12,285.53,295,2467,134.518,112.261,107.496,119.301,63.5,173.872,8.63327,5.94038e+06,1.81256,98.8095,2.07087,1.55424,2.05802,0.154586,4,1.50767,0.215713,4,-0.567068
2022-08-15,37018,134.518,63.5,,14569,142,134.59,279.12,285.53,295,2417,134.518,112.261,107.496,119.301,63.5,173.872,8.63327,5.94038e+06,1.54586,97.4206,1.50502,1.58671,0.423076,0.0919853,4,1.50122,0.331249,4,-0.557966
2022-08-16,36867,135.395,63.75,,14555,142,135.33,275.78,278.06,291,2395,135.395,105.369,103.686,114.927,63.75,173.124,8.60886,5.96856e+06,1.62885,97.619,2.02348,1.23421,1.92409,0.146352,4,1.1309,-0.590699,4,-0.440896
2022-08-17,36952,135.57,63.5,,14551,143,135.53,281.37,284.13,292,2422,135.57,109.582,107.546,115.387,63.5,167.603,8.42671,5.9907e+06,1.64627,97.619,1.94976,1.34277,1.76611,0.083185,4,1.349,-0.490448,4,-0.317701
2022-08-18,37122,135.773,63.375,,14549,142,135.8,288.13,293.97,293,2441,135.773,116.515,112.214,115.801,63.375,155.67,8.02094,5.92647e+06,1.7229,98.2143,1.86895,1.57685,1.7835,-0.17664,4,1.70819,-0.0724931,4,-0.233461
2022-08-19,37066,136.06,62.75,,14551,143,136.17,292.03,300.35,295,2456,136.06,120.748,114.633,116.816,62.75,158.915,8.13296,6.02257e+06,0.935761,88.6905,0.22851,1.64301,1.75922,-0.107211,-0.966475,1.92095,-0.196035,4,0.0512582
2022-08-22,36981,136.685,64.125,,14552,144,136.64,287.88,300.35,292,2438,136.685,119.739,110.616,113.63,64.125,157.165,8.07273,6.00043e+06,1.42161,95.2381,1.14204,1.70117,3.18317,-0.0151521,0.2581,1.85708,0.108048,3.96045,0.0570432
2022-08-23,37024,136.903,63.0625,,14547,144,136.95,288.15,299,297,2386,136.903,118.402,110.477,116.941,63.0625,153.912,7.95969,6.00471e+06,0.843853,86.9048,0.164044,1.52366,1.62798,-0.22478,-0.911062,1.77704,-0.269197,3.76772,0.114527
2022-08-24,37004,137.145,63.375,,14554,144,137.15,286.6,293.48,295,2336,137.145,113.992,108.976,115.101,63.375,148.464,7.76741,6.03501e+06,0.769297,86.1111,0.416105,1.12249,1.76805,-0.110753,-0.408983,1.53832,-1.21021,3.50788,0.185439
2022-08-25,37027,137.393,63.3125,,14547,145,137.4,286.6,295.96,293,2320,137.393,115.411,108.598,113.256,63.3125,149.353,7.79904,6.05331e+06,0.763196,85.7143,0.517034,1.00936,1.85567,0.0478907,-0.352456,1.60503,-1.63404,3.4859,0.151744
2022-08-26,36932,137.652,63.4375,,14543,145,137.7,282.57,292.53,292,2394,137.652,112.515,105.279,112.13,63.4375,175.504,8.68631,6.07147e+06,1.01998,89.2857,0.726791,1.31317,1.77462,0.090467,0.315289,1.44787,-0.907109,4,0.11065
2022-08-29,36841,138.325,63.625,,14543,145,138.32,281.78,290,292,2420,138.325,109.651,103.709,111.097,63.625,199.759,9.44269,6.14501e+06,0.91454,87.6984,0.404454,1.42463,1.85708,0.0975231,-0.74124,1.2953,-0.359753,4,0.101283
2022-08-30,36846,138.572,63.25,,14527,146,138.6,283.83,298.03,291,2407,138.572,115.073,104.825,110,63.25,198.985,9.41942,6.31582e+06,1.13537,91.8651,0.637614,1.63312,1.9044,0.138865,-0.130425,1.57225,0.131355,4,0.0246533
2022-08-31,36734,138.713,63.875,,14527,146,138.8,283.08,292.83,290,2385,138.713,111.104,104.076,109.064,63.875,201.407,9.49202,4.20449e+06,1.17508,92.4603,0.684108,1.66605,1.66645,0.23916,0.146718,1.36104,0.48481,4,-0.0293265
2022-09-01,36642,139.005,64.625,,14587,146,139.03,278.73,288.74,285,2396,139.005,107.719,100.518,105.029,64.625,155.266,8.00689,4.3036e+06,1.2769,93.254,0.993419,1.56038,1.74794,0.364417,0.867895,1.18203,0.823547,3.24843,0.414667
2022-09-02,36642,139.005,64.625,,14587,146,139.03,278.73,288.74,285,2427,139.005,107.719,100.518,105.029,64.625,155.266,8.00689,4.3036e+06,1.06179,90.2778,0.726958,1.39663,1.16538,0.261692,0.7538,1.17847,0.28312,3.20596,0.441316
2022-09-05,36577,140.2,64.1875,,14619,147,140.2,271.19,282.91,270,2427,140.2,101.79,93.4308,92.582,64.1875,128.854,7.04166,4.3217e+06,0.952144,87.6984,0.904067,1.00022,2.2813,0.234368,0.196535,0.870803,-0.0438275,2.3401,0.667411
2022-09-06,36630,140.578,62.9375,,14635,147,140.56,270.34,283.39,276,2355,140.578,101.589,92.3056,96.3319,62.9375,127.608,6.99363,4.3881e+06,0.757784,84.127,0.713545,0.802023,2.53911,0.182982,-0.58146,0.858779,-0.786022,2.28384,0.900967
2022-09-07,36861,140.82,63.8125,,14779,148,140.8,271.03,280.82,284,2350,140.82,99.4177,92.4656,101.676,63.8125,129.551,7.06839,4.44923e+06,0.858493,86.1111,0.725314,0.991673,2.72515,-0.189036,-0.360174,0.745487,-0.571978,2.32831,1.93807
2022-09-08,37284,141.177,63.5625,,14796,148,141.15,273.02,282.89,280,2336,141.177,100.38,93.3889,98.333,63.5625,128.844,7.04126,4.66912e+06,0.573233,76.7857,0.28594,0.860526,2.84894,-0.743727,-1.24739,0.793593,-0.883301,2.28948,1.62414
2022-09-09,37508,141.375,63.6875,,14781,148,141.38,269.56,280.88,274,2318,141.375,98.6773,90.6702,93.8108,63.6875,126.66,6.95694,4.76652e+06,0.50068,71.8254,0.378775,0.622586,3.24923,-0.9799,-1.13301,0.705069,-1.49202,2.20587,1.52026
2022-09-12,37652,142.275,64.1875,,14796,149,142.28,269.39,279.9,272,2304,142.275,96.7317,89.3446,91.1791,64.1875,175.378,8.68224,4.79562e+06,0.653187,80.5556,0.359407,0.946967,2.57777,-1.19953,-0.300028,0.60487,-1.65896,3.67074,1.39546
2022-09-13,37753,142.575,63.9375,,14822,150,142.58,269.9,279.46,273,2317,142.575,96.0091,89.3039,91.4782,63.9375,177.429,8.74853,4.86527e+06,0.915209,86.7063,0.579215,1.2512,2.39475,-1.244,0.586902,0.56747,-0.59466,3.67226,1.46829
2022-09-14,37922,142.875,63.875,,14843,150,142.88,275.45,284.25,277,2329,142.875,98.9501,92.7909,93.8758,63.875,185.639,9.00953,4.9277e+06,0.818492,84.9206,0.361753,1.27523,2.49737,-1.16703,-0.245084,0.719154,-0.381033,3.85137,0.547633
2022-09-15,37916,143.182,64.0625,,14862,150,143.2,289.66,295.37,276,2334,143.182,106.29,102.302,92.7621,64.0625,181.088,8.86572,4.93673e+06,0.998997,87.8968,0.601735,1.39626,2.36593,-0.703656,0.142934,1.09666,-0.143872,3.65434,0.55956
2022-09-16,38120,143.497,68.1875,,14886,150,143.42,294.19,301.15,277,2382,143.497,109.865,105.015,93.0358,68.1875,162.796,8.26528,4.95992e+06,1.70415,97.8175,1.8485,1.55981,2.58132,-0.67692,3.64109,1.27884,0.678647,3.07705,0.849568
2022-09-19,38251,144.345,68.6875,,14920,151,144.37,297.11,303.33,277,2380,144.345,110.142,105.833,91.9013,68.6875,152.784,7.92019,4.97224e+06,1.65969,97.4206,1.7856,1.53379,2.42888,-0.658883,3.5868,1.29108,0.825964,2.7571,0.988228
2022-09-20,38341,144.632,68.6875,,14954,151,144.64,295.1,302.89,287,2380,144.632,109.422,104.035,98.4351,68.6875,151.935,7.89035,4.9676e+06,1.64727,97.0238,1.82433,1.4702,2.3746,-0.643793,3.74218,1.25456,0.662658,2.70683,1.04331
2022-09-21,37593,144.903,69.6875,,14915,152,144.89,297.91,305.9,287,2380,144.903,111.106,105.592,98.0631,69.6875,150.578,7.84247,4.95448e+06,1.78646,98.4127,2.20335,1.36957,2.2918,0.318257,4,1.34331,0.512618,2.64378,0.587616
2022-09-22,36141,145.168,68.625,,14933,152,145.16,302.19,312.16,285,2439,145.168,115.033,108.165,96.3239,68.625,174.383,8.64992,4.97713e+06,2.15201,99.8016,2.50448,1.79953,2.18484,1.87023,3.45838,1.54503,1.18365,3.28151,0.576327
2022-09-23,36075,145.458,68.75,,14929,152,145.44,301.82,312.23,287,2523,145.458,114.653,107.496,97.3074,68.75,197.64,9.37891,5.06124e+06,1.76319,98.0159,1.46857,2.05782,2.11292,2.14194,0.150839,1.52478,1.62813,3.86946,0.359998
2022-09-26,36309,146.263,69.25,,14949,153,146.26,298.25,306.86,286,2590,146.263,109.8,103.913,95.5378,69.25,199.76,9.44271,5.17321e+06,1.79712,98.2143,1.38555,2.20869,1.99312,2.00992,0.153599,1.27841,2.46893,3.85858,0.248988
2022-09-27,36570,146.558,68.25,,14939,153,146.57,296.78,305.54,290,2691,146.558,108.477,102.5,97.8735,68.25,195.061,9.30068,5.22057e+06,1.73548,97.4206,1.04241,2.42855,1.98961,1.81109,-0.673465,1.2152,3.66221,3.66937,-0.0936955
2022-09-28,36839,146.838,69,,14939,154,146.86,297.99,307.62,290,2640,146.838,109.496,102.938,97.4962,69,198.527,9.40564,5.53046e+06,1.46504,94.4444,0.619876,2.3102,1.98805,0.749609,-0.878029,1.2757,3.00708,3.70145,0.202949
2022-09-29,37278,147.09,69.125,,14928,154,147.07,295.83,304.29,288,2754,147.09,106.873,101.122,95.7985,69.125,202.93,9.53739,5.75971e+06,1.34764,92.2619,0.266644,2.42864,1.94494,-1.25305,0.108044,1.14193,3.61748,3.75473,-0.0278257
2022-09-30,37625,147.315,69.125,,14930,154,147.32,302.48,308.96,288,2754,147.315,109.727,105.329,95.4994,69.125,201.704,9.50088,3.58131e+06,1.1006,89.0873,0.0433201,2.15788,1.80485,-1.67839,0.00350557,1.29081,2.59212,3.66295,0.0134024
2022-10-03,37671,148.243,69.8125,,14959,155,148.23,297.97,306.98,284,2754,148.243,107.078,101.001,91.577,69.8125,159.626,8.15734,3.6765e+06,0.907082,83.7302,0.233459,1.5807,2.0094,-1.46703,0.158004,1.15311,1.78879,2.55112,0.0788922
2022-10-04,37752,148.577,68.75,,14955,156,148.6,299.77,308.2,282,2683,148.577,107.435,101.761,89.801,68.75,143.772,7.59867,3.78136e+06,0.595436,76.1905,0.300395,0.890477,2.06245,-1.26637,0.105108,1.16902,-0.243096,2.12972,0.122057
2022-10-05,37832,148.913,69.5,,14963,156,148.88,297.5,309.67,282,2712,148.913,107.953,99.7807,89.3719,69.5,136.925,7.347,3.78745e+06,0.760146,80.9524,0.397703,1.12259,2.14722,-1.05932,0.105212,1.19296,0.701439,1.94379,0.181745
2022-10-06,36547,149.198,68.625,,14967,156,149.2,293.25,307.12,277,2768,149.198,105.847,96.5505,85.659,68.625,133.698,7.22609,3.81697e+06,0.810817,82.1429,0.736035,0.885599,2.1879,0.745296,-0.725087,1.0806,0.0171879,1.85225,0.299129
2022-10-07,36547,149.198,68.625,,14967,156,149.2,293.25,307.12,277,2768,149.198,105.847,96.5505,85.659,68.625,133.698,7.22609,3.81697e+06,0.795379,81.9444,0.711331,0.879426,1.7547,1.10289,-0.723592,1.07718,0.0173052,1.84336,0.280286
2022-10-10,36547,149.198,68.625,,14967,156,149.2,293.25,307.12,277,2768,149.198,105.847,96.5505,85.659,68.625,133.698,7.22609,3.81697e+06,0.399915,62.1032,-0.0419912,0.841822,0.0174569,1.14707,-1.2905,1.07373,0.0163939,1.8346,0.0432999
2022-10-11,40123,150.728,69.8125,,14982,158,151,288.15,304,280,2826,150.728,101.687,91.1718,85.7647,69.8125,129.289,7.05835,3.87733e+06,0.668339,78.1746,0.135746,1.20093,2.20675,-2.37343,0.573917,0.856079,1.53395,1.71533,0.195814
2022-10-12,40074,151.027,69.5625,,14973,158,151.04,293.69,305.9,289,2824,151.027,102.547,94.4623,91.3569,69.5625,160.035,8.17133,3.92535e+06,0.591204,75,-0.121821,1.30423,2.11874,-2.22867,-0.255525,0.898071,1.16348,2.47465,0.0571841
2022-10-13,40052,151.322,69.375,,15027,158,151.3,299.42,313.72,291,2821,151.322,107.32,97.8698,92.3055,69.375,160.779,8.19673,3.91476e+06,0.440549,64.4841,-0.350371,1.23147,2.11938,-3.48413,0.313636,1.14095,0.46469,2.47415,0.460713
2022-10-14,39263,151.628,68.75,,14957,158,151.64,299.04,312.89,290,2800,151.628,106.353,97.2191,91.2572,68.75,163.784,8.29867,3.96039e+06,0.496554,69.0476,-0.0860163,1.07912,2.65083,-2.70386,-0.205021,1.08768,0.213731,2.52902,-0.106987
2022-10-17,39192,152.53,69.4375,,14960,159,152.5,295.58,307.95,287,2827,152.53,101.895,93.7848,88.1597,69.4375,160.618,8.19125,4.05266e+06,0.831419,82.3413,0.583943,1.0789,4,-2.61221,0.364035,0.855495,0.530554,2.43193,-0.0836886
2022-10-18,39200,152.825,68.25,,14956,160,152.82,293.33,304.07,290,2823,152.825,98.9661,91.9385,89.7595,68.25,150.683,7.84619,4.0615e+06,0.569674,73.0159,0.41068,0.728669,1.95932,0.871937,-1.59921,0.703254,-0.206124,2.17246,-0.238503
2022-10-19,39085,153.165,68.6875,,14959,160,153.18,292.41,302.97,292,2813,153.165,97.8063,90.9118,90.6441,68.6875,145.615,7.66529,4.12857e+06,0.648927,77.381,0.639313,0.658541,2.01199,0.934168,-1.02822,0.641793,-0.302391,2.03616,-0.14133
2022-10-20,39788,153.5,68.625,,14940,160,153.51,290.87,304.01,291,2743,153.5,98.0521,89.4919,89.5765,68.625,146.868,7.71032,4.135e+06,0.409365,61.3095,0.462881,0.355848,2.06206,0.247796,-0.921214,0.652714,-1.09689,2.05539,-0.731487
2022-10-21,39737,153.812,69.125,,14960,161,153.79,290.63,303.64,291,2646,153.812,97.4102,88.9518,89.1924,69.125,149.881,7.8178,4.16698e+06,0.375995,59.127,0.539016,0.212973,2.05133,-0.446516,0.0122322,0.61814,-1.98849,2.11674,-0.00196696
2022-10-24,39666,154.737,69.125,,15007,162,154.8,291.89,303.96,291,2519,154.737,96.4369,88.6366,88.0614,69.125,161.896,8.23477,4.1725e+06,0.0885972,30.3571,0.352043,-0.174849,2.05675,-0.445972,-0.554647,0.566781,-3.74858,2.39265,0.354345
2022-10-25,39679,155.053,68.25,,15067,162,155.08,293.63,305.82,293,2494,155.053,97.2354,89.3736,88.9673,68.25,161.916,8.23544,4.18974e+06,0.149827,39.6825,0.444372,-0.144717,2.07444,-0.449254,-0.292073,0.606454,-3.92408,2.3762,0.869826
2022-10-26,39697,155.397,69.25,,15110,162,155.39,292.28,305.93,292,2564,155.397,96.8703,88.0864,87.9062,69.25,147.428,7.73038,4.29444e+06,0.309424,54.1667,0.555312,0.0635365,2.06077,-0.574163,0.179332,0.586463,-2.9732,2.01529,1.18766
2022-10-27,39706,155.698,68.9375,,15167,162,155.69,294.65,307.48,291,2589,155.698,97.4845,89.2442,86.8999,68.9375,147.303,7.72591,4.4003e+06,0.573077,73.4127,0.680088,0.466065,1.98608,0.0832614,-0.0290782,0.616653,-1.88162,2.00161,1.78918
2022-10-28,38940,156.017,68.8125,,14988,163,156.02,295.07,305.8,292,2590,156.017,96.0047,89.1272,87.1595,68.8125,155.071,8.00011,4.61763e+06,0.656776,77.5794,0.729753,0.5838,1.97762,0.76128,-0.549639,0.539556,-0.767877,2.17482,0.193605
2022-10-31,38676,156.895,69.5,,15016,164,156.91,293.92,307.42,290,2625,156.895,95.94,87.3355,84.837,69.5,170.178,8.51206,2.8846e+06,1.06424,88.0952,0.946636,1.18184,1.87014,0.946594,0.0231759,0.535188,1.06486,2.51636,0.0400974
2022-11-01,38746,157.235,69.125,,15027,164,157.28,292.84,303.67,290,2568,157.235,93.1313,86.2435,84.4373,69.125,142.498,7.55234,2.9735e+06,0.931575,84.5238,1.07322,0.789935,1.89153,0.88961,0.438504,0.390323,0.701047,1.84968,-0.352565
2022-11-02,38653,157.593,69.8125,,15072,164,157.6,291.17,303.38,291,2567,157.593,92.5082,84.7604,84.6525,69.8125,137.035,7.35111,3.05248e+06,0.768707,80.3571,1.02287,0.514545,1.89794,0.993534,0.177138,0.3575,-0.102211,1.71305,-0.33485
2022-11-03,38485,157.94,68.75,,15100,165,157.92,292.92,304.93,287,2589,157.94,93.067,85.4628,81.7146,68.75,130.424,7.10182,3.17747e+06,0.661129,76.9841,0.888595,0.433663,1.95386,1.16082,-0.448892,0.385164,-0.1362,1.55106,-0.564397
2022-11-04,38266,158.267,69.625,,15132,165,158.28,290.97,304.55,289,2566,158.267,92.4284,83.8479,82.6032,69.625,129.215,7.05551,3.29675e+06,0.786535,80.9524,0.995185,0.577886,1.95414,0.647654,0.383761,0.351326,-0.406383,1.51723,1.12084
2022-11-07,38014,159.33,69.4375,,15186,166,159.37,289.76,303.47,290,2543,159.33,90.4663,81.8615,82.0122,69.4375,126.853,6.96439,3.34206e+06,0.605028,74.6032,0.836111,0.373944,2.2148,0.639074,-0.345535,0.249878,-1.0588,1.45674,1.32198
2022-11-08,37837,159.708,69.0625,,15128,167,159.71,292.37,301.24,291,2483,159.708,88.6189,83.065,82.2072,69.0625,124.146,6.85891,3.34963e+06,0.584373,72.8175,0.92854,0.240205,2.25237,0.877528,-0.344279,0.154463,-1.0888,1.3887,0.772721
2022-11-09,37828,160.047,68.4375,,15116,167,160.02,292.93,307.98,292,2536,160.047,92.4313,83.0278,82.4467,68.4375,123.586,6.83694,3.34132e+06,0.460155,64.881,0.519851,0.40046,2.19847,0.795222,-1.43414,0.348411,-0.477367,1.3714,0.318319
2022-11-10,37803,160.363,70.125,,15110,168,160.39,296.82,308.69,292,2481,160.363,92.4942,85.0922,82.0865,70.125,123.3,6.82571,3.38582e+06,0.662983,76.7857,1.21333,0.112634,2.12976,0.656596,0.853645,0.350123,-1.34089,1.36065,0.0486544
2022-11-11,38086,160.707,70,,15117,168,160.7,297.71,309.77,293,2484,160.707,92.7549,85.2505,82.3197,70,150.079,7.82479,3.53228e+06,0.561884,70.6349,0.77422,0.349548,2.13342,0.16788,0.0213618,0.361955,-1.04401,1.97991,-0.148862
2022-11-14,38007,161.762,69.6875,,15140,169,161.78,299.84,310.45,294,2427,161.762,91.9181,85.3591,81.7488,69.6875,149.314,7.79765,3.63355e+06,0.42626,61.1111,0.666121,0.186399,2.08225,-0.000276398,-0.0836143,0.317589,-1.42059,1.95224,-0.393689
2022-11-15,37867,162.128,68.625,,15181,169,162.12,302.06,319.12,302,2385,162.128,96.8318,86.3092,86.2722,68.625,148.128,7.75543,3.70479e+06,0.434686,61.7063,0.450486,0.418887,2.04316,-0.0366155,-0.655085,0.567343,-1.21382,1.91528,0.394598
2022-11-16,37790,162.457,69.25,,15215,170,162.47,308.98,324.62,308,2346,162.457,99.8194,90.1922,89.589,69.25,146.82,7.70863,3.84722e+06,0.509771,68.254,0.807371,0.212171,2.00825,0.0298154,0.384044,0.717795,-2.23123,1.87605,0.75997
2022-11-17,37617,162.795,68.6875,,15271,170,162.78,313.87,334.79,307,2383,162.795,105.651,92.8008,88.5807,68.6875,148.23,7.75906,3.8054e+06,0.45272,63.2937,0.237995,0.667445,2.02147,0.174959,-1.48245,1.013,-1.20091,1.89979,1.24836
2022-11-18,37564,163.147,68.5625,,15292,170,163.18,313.58,332.24,306,2383,163.147,103.645,92.2074,87.5613,68.5625,152.554,7.91212,3.91215e+06,0.508012,68.0556,0.34735,0.668674,2.01645,0.50258,-1.47698,0.90669,-1.23362,1.98984,1.3549
2022-11-21,37564,163.147,68.5625,,15292,170,163.18,313.58,332.24,306,2427,163.147,103.645,92.2074,87.5613,68.5625,152.554,7.91212,3.91215e+06,0.419707,59.7222,-0.120486,0.959901,0.42783,0.424426,-1.21371,0.903284,-0.108965,1.97983,1.171
2022-11-22,37588,164.523,69.625,,15315,172,164.51,312.8,330.95,308,2425,164.523,101.157,90.125,87.2075,69.625,163.019,8.27282,4.01926e+06,0.999632,85.5159,0.905249,1.09402,1.91002,0.263195,0.542533,0.772849,0.335429,2.20758,1.02639
2022-11-23,37604,164.847,69.25,,15304,172,164.84,311.81,325.72,312,2409,164.847,97.5896,89.1515,89.2668,69.25,157.712,8.0916,4.02476e+06,0.807891,81.1508,0.590569,1.02521,1.88528,0.171423,-0.284993,0.587679,0.589876,2.07456,0.672253
2022-11-24,37622,165.213,68.375,,15317,172,165.21,319.3,322.61,319,2406,165.213,95.2688,93.2653,93.0837,68.375,158.687,8.12513,4.05409e+06,0.633857,75,0.44996,0.817753,1.90901,-0.0165868,-0.542547,0.46654,0.142306,2.08544,0.335693
2022-11-25,37538,165.588,69.1875,,15302,172,165.59,316.07,323.02,320,2370,165.588,95.0742,90.877,93.2504,69.1875,159.597,8.15634,4.14685e+06,0.692978,77.1825,0.723692,0.662265,1.92529,0.0136993,0.232086,0.454122,-0.259421,2.09468,0.0570994
2022-11-28,37658,166.625,69.3125,,15301,174,166.6,314.02,322.49,318,2384,166.625,93.5424,88.4591,90.8477,69.3125,156.994,8.06679,4.19417e+06,0.862807,82.7381,1.20193,0.523688,3.37705,-0.104894,0.333617,0.373331,-0.593757,2.02505,0.0565602
2022-11-29,37861,166.955,68.3125,,15318,174,166.96,313.45,322.74,315,2319,166.955,93.3096,87.7452,88.6736,68.3125,162.226,8.24596,4.24488e+06,0.205018,45.4365,0.0655508,0.344486,1.84582,-0.280835,-1.36833,0.359111,-1.29307,2.1315,0.0163171
2022-11-30,38009,167.255,69.5,,15391,175,167.28,312.51,322.75,314,2248,167.255,92.9688,86.8464,87.7373,69.5,170.325,8.51694,2.61569e+06,0.375305,55.9524,0.436283,0.314326,1.79707,-0.409657,-0.0785616,0.339367,-1.89637,2.29952,0.715248
2022-12-01,38188,167.685,69.0625,,15383,175,167.72,318.57,323.72,313,2207,167.685,93.0524,89.9812,86.6595,69.0625,149.164,7.79231,2.76133e+06,0.282809,50,0.527922,0.0376951,1.8681,-0.565646,0.28131,0.341407,-2.30203,1.81636,0.552381
2022-12-02,38294,168.093,69,,15393,175,168.09,318.67,327,312,2245,168.093,94.5348,89.5792,85.6112,69,138.784,7.41599,2.88158e+06,0.246605,47.8175,0.235375,0.257836,1.89764,-0.750106,-0.441411,0.415171,-1.47862,1.57824,0.77526
2022-12-05,38568,169.135,69.9375,,15402,176,169.2,319.11,330.47,312,2297,169.135,95.3883,88.6718,84.468,69.9375,138.304,7.39824,2.91431e+06,0.401702,57.9365,0.403011,0.400392,1.87423,-0.894143,0.228948,0.456552,-1.05657,1.56212,0.87855
2022-12-06,38702,169.508,69.125,,15453,177,169.49,328.88,340.4,315,2386,169.508,100.816,94.02,85.8316,69.125,138.533,7.4067,2.99492e+06,0.750481,78.373,0.492981,1.00798,1.91786,-0.821675,0.382759,0.732953,0.637653,1.56184,1.19099
2022-12-07,39007,169.868,69.375,,15458,177,169.9,328.98,338.09,316,2326,169.868,99.0307,93.6677,86.0265,69.375,131.598,7.14654,3.2009e+06,0.548385,68.8492,0.209117,0.887654,1.98369,-0.965337,-0.391003,0.638063,0.756847,1.40296,0.617837
2022-12-08,39007,169.868,69.375,,15458,177,169.9,328.98,338.09,316,2317,169.868,99.0307,93.6677,86.0265,69.375,131.598,7.14654,3.2009e+06,0.593295,72.2222,0.188498,0.998091,1.38532,-0.78992,-0.0299043,0.63517,1.10535,1.39884,0.70792
2022-12-09,39007,169.868,69.375,,15458,177,169.9,328.98,338.09,316,2343,169.868,99.0307,93.6677,86.0265,69.375,131.598,7.14654,3.2009e+06,0.498971,65.4762,0.0523251,0.945617,0.822337,-0.686359,0.0209969,0.632331,0.971391,1.39306,0.625749
2022-12-12,39594,171.425,70.25,,15471,179,171.37,322.35,332.38,312,2271,171.425,93.8924,88.0414,82.0038,70.25,123.155,6.82,3.34474e+06,0.297809,50.7937,0.164838,0.43078,1.49786,-0.972409,-0.030933,0.364863,-0.388249,1.20089,0.660458
2022-12-13,39681,171.762,69.5625,,15493,179,171.81,323.36,333.68,315,2230,171.762,94.2692,88.2608,83.3936,69.5625,127.495,6.98926,3.48057e+06,0.107013,33.3333,0.195108,0.0189177,1.43733,-0.923116,0.0711054,0.382088,-1.80597,1.29197,0.396243
2022-12-14,39694,172.1,69.5,,15498,179,172.05,322.7,330.13,320,2242,172.1,91.8245,87.5073,85.9384,69.5,125.29,6.90363,3.6299e+06,0.190563,43.6508,0.188649,0.192478,1.39856,-0.644535,-0.188082,0.25376,-1.01519,1.23842,0.393368
2022-12-15,39637,172.425,68.9375,,15554,179,172.39,320.1,332.67,320,2221,172.425,92.9361,85.6459,85.5879,68.9375,125.425,6.90891,3.69294e+06,0.218626,46.4286,0.194583,0.242668,1.8264,-0.590334,-0.652321,0.309144,-1.14244,1.23667,0.891928
2022-12-16,39794,172.73,69.5625,,15611,180,172.7,320.1,332.31,321,2175,172.73,92.387,85.3181,85.8392,69.5625,120.225,6.70403,3.78156e+06,0.249737,47.8175,0.448946,0.0505285,2.21694,-0.734334,-0.135771,0.2787,-1.91785,1.11812,1.39575
2022-12-19,39797,173.645,69.375,,15684,181,173.6,320.89,332.43,325,2159,173.645,91.4423,84.7966,87.1635,69.375,118.562,6.63757,3.80304e+06,0.160046,40.6746,0.0457761,0.274315,1.33608,-0.186988,-1.01176,0.227736,-1.30408,1.07795,1.917
2022-12-20,39898,173.932,69.0625,,15714,181,173.93,325.01,331.58,326,2113,173.932,90.638,86.8607,87.4299,69.0625,117.007,6.57502,3.82521e+06,0.182675,42.4603,0.120084,0.245265,1.26068,-0.199505,-0.700925,0.184018,-1.35248,1.04045,1.97288
2022-12-21,39057,174.25,68.875,,15763,181,174.28,322.87,332.95,325,2080,174.25,91.076,85.2912,86.5136,68.875,116.053,6.53643,3.83917e+06,0.249954,48.0159,0.339547,0.16036,1.22499,0.595305,-0.80165,0.204734,-1.83029,1.01634,2.34096
2022-12-22,43267,174.588,69.6875,,15828,181,174.53,324.25,333.48,330,2097,174.588,91.0094,85.7226,89.0161,69.6875,119.528,6.67625,3.86771e+06,-0.117471,6.94444,-0.541115,0.306174,1.23285,-3.18805,0.331856,0.199313,-1.41298,1.08932,2.39193
2022-12-23,43470,174.848,69.25,,15878,182,174.84,325.71,333.16,340,2183,174.848,90.5423,86.2815,94.4543,69.25,130.31,7.09745,3.86974e+06,-0.0455688,13.4921,-0.851372,0.760235,1.16613,-3.17626,-0.543981,0.173073,0.0134159,1.32144,2.30578
2022-12-26,43545,175.745,69.5,,15944,183,175.8,327.62,334.85,346,2183,175.745,90.5317,86.4178,96.8762,69.5,136.285,7.32313,3.90775e+06,0.0403867,24.2063,-0.751508,0.832282,1.12521,-3.1964,-0.183342,0.170675,0.186017,1.44651,2.21957
2022-12-27,43655,176.072,68.5,,16056,183,176.05,335.39,337.49,356,2154,176.072,91.6776,90.4849,102.19,68.5,140.119,7.46521,4.04643e+06,0.0523528,24.8016,-0.912279,1.01698,1.16928,-3.15773,-0.748391,0.228331,0.368119,1.52369,2.8786
2022-12-28,43802,176.38,69.25,,16181,184,176.4,331.63,346.15,357,2154,176.38,96.2524,88.0202,102.404,69.25,137.766,7.37826,4.12156e+06,0.161159,41.4683,-0.928845,1.25116,1.14882,-3.95836,0.0230025,0.464077,0.72223,1.46602,3.45348
2022-12-29,44170,176.743,68.8125,,16283,184,176.78,334.36,340.5,350,2160,176.743,92.6523,89.1783,98.0273,68.8125,142.07,7.53671,4.17629e+06,0.523569,67.4603,-0.173057,1.22019,1.17292,-0.685543,-1.00654,0.274694,0.601372,1.55272,3.68378
2022-12-30,44598,177.128,69.375,,16329,185,177.16,327.94,344.13,346,2213,177.128,94.2829,85.1426,95.3386,69.375,140.59,7.48252,2.64373e+06,0.606057,73.2143,0.0952769,1.11684,1.32476,-0.855548,-0.183382,0.357483,0.244138,1.5138,3.58702
2023-01-02,44608,178.142,69.375,,16296,185,178.15,329.21,344.88,346,2213,178.142,93.5987,84.8023,94.2274,69.375,125.191,6.89977,2.6593e+06,0.489357,64.2857,0.0874288,0.891285,1.45312,-0.80101,-0.38982,0.319773,0.243503,1.17561,2.76121
2023-01-03,44613,178.432,68.5,,16323,186,178.36,330.7,344.44,354,2153,178.432,93.0374,85.337,98.3952,68.5,118.535,6.63651,2.72414e+06,0.388188,55.1587,0.131632,0.644745,1.39708,-0.714965,-0.287222,0.288525,-0.0905506,1.02807,2.06113
2023-01-04,44694,178.653,69.8125,,16300,186,178.66,334.93,339.48,354,2089,178.653,90.0217,87.4748,98.1492,69.8125,108.316,6.21756,2.71974e+06,0.218027,45.6349,0.265457,0.170597,1.27953,-0.659129,0.175971,0.129488,-0.779425,0.804563,0.884928
2023-01-05,44838,178.94,69.375,,16289,186,178.94,332.67,342.16,353,2118,178.94,91.2149,85.9115,97.2728,69.375,109.198,6.25447,2.76475e+06,0.213516,45.2381,0.290342,0.136691,1.17465,-0.478975,0.175355,0.189936,-0.529786,0.821113,-0.00569136
2023-01-06,44432,179.243,69.3125,,16280,187,179.25,329.91,338.92,354,2094,179.243,89.0838,84.0571,97.4969,69.3125,106.973,6.16114,2.79863e+06,0.0456798,24.8016,0.298667,-0.207307,1.06379,0.171435,-0.33922,0.0769466,-1.35508,0.770521,-0.435918
2023-01-09,43371,180.137,69.3125,,16321,188,180.09,327.17,333.97,355,2079,180.137,85.3981,81.6232,97.0726,69.3125,107.697,6.1916,2.82222e+06,0.152218,40.4762,0.524813,-0.220377,0.897733,1.01528,-0.338569,-0.117052,-1.51005,0.783528,0.144504
2023-01-10,43395,180.402,68.8125,,16302,188,180.42,325.87,331.97,357,2059,180.402,84.0171,80.6358,97.8917,68.8125,113.533,6.43374,2.90088e+06,0.23764,46.627,0.609241,-0.133961,0.860732,0.99705,-0.0300575,-0.190527,-1.07694,0.906358,-0.215514
2023-01-11,43406,180.688,70.1875,,16272,188,180.67,327.7,336.96,359,1996,180.688,86.4869,81.362,98.6847,70.1875,116.291,6.54607,2.93619e+06,0.291632,49.6032,0.668406,-0.0851433,0.935693,1.04867,0.0208579,-0.0627212,-1.0628,0.962439,-0.269838
2023-01-12,43534,180.97,69.9375,,16276,188,180.97,342.38,343.57,361,1994,180.97,89.8491,89.1916,99.4806,69.9375,116.54,6.55613,2.99964e+06,0.303152,50.3968,0.717762,-0.111457,0.923338,1.0556,0.174349,0.111063,-1.38969,0.964376,-0.151696
2023-01-13,43115,181.28,69.75,,16250,189,181.27,340.23,349.26,369,1980,181.28,92.6633,87.682,103.553,69.75,119.402,6.6712,3.05258e+06,0.324191,51.5873,0.68917,-0.0407873,0.924405,1.07264,0.0704631,0.256156,-1.27833,1.02227,-0.28571
2023-01-16,42987,182.163,70,,16244,189,182.2,344.03,356.38,370,1980,182.163,95.6377,88.858,103.114,70,128.12,7.01339,3.04271e+06,0.276969,47.8175,0.504331,0.0496073,0.89688,0.340505,0.275609,0.410007,-1.11451,1.20507,-0.653888
2023-01-17,42890,182.492,69.5625,,16241,190,182.5,341.89,362.19,378,1881,182.492,98.4693,87.3455,107.133,69.5625,122.666,6.80074,3.17267e+06,0.207019,44.4444,0.576877,-0.162839,0.967361,0.437068,0.326202,0.556111,-1.94589,1.08378,-0.527871
2023-01-18,42845,182.803,69.25,,16250,190,182.81,340.3,351.82,377,1807,182.803,92.4582,86.1564,106.233,69.25,120.47,6.71377,3.22967e+06,-0.0590261,13.0952,0.136084,-0.254136,0.990396,0.480672,-1.06282,0.238486,-2.04998,1.03267,-0.221313
2023-01-19,42816,183.125,69.1875,,16234,190,183.11,332.83,355.41,374,1938,183.125,94.0805,81.7502,104.232,69.1875,122,6.77446,3.23506e+06,0.200435,43.8492,0.242902,0.157968,1.03133,0.603975,-0.906598,0.321561,-0.641129,1.06142,-0.377916
2023-01-20,42710,183.437,69.0625,,16214,191,183.45,352.52,360.98,376,1876,183.437,96.7872,92.1753,104.975,69.0625,123.531,6.8348,3.26621e+06,0.122193,35.9127,0.17537,0.0690159,1.02494,0.354909,-0.85374,0.461468,-1.14468,1.09,-0.330476
2023-01-23,42659,184.373,70.5,,16213,192,184.37,352.21,363.19,376,1843,184.373,96.9862,91.0309,103.934,70.5,126.999,6.97008,3.25526e+06,0.247464,46.8254,0.49567,-0.000742113,1.07212,0.29284,0.122049,0.469511,-1.48639,1.15966,-0.290754
2023-01-24,42649,184.687,69.0625,,16231,192,184.69,353.85,360.03,381,1825,184.687,94.9409,91.5947,106.295,69.0625,128.299,7.0203,3.29748e+06,0.21598,44.6429,0.189546,0.242414,1.04588,0.2224,-0.699643,0.359285,-0.630754,1.18271,-0.125579
2023-01-25,42481,185.005,70.125,,16213,192,185.03,351.98,365.99,383,1834,185.005,97.8271,90.2543,107.021,70.125,131.482,7.14215,3.32489e+06,0.560912,68.8492,0.599285,0.522539,1.04597,0.321797,0.430085,0.508528,0.243696,1.2456,-0.337864
2023-01-26,42274,185.315,69.1875,,16198,193,185.32,352.22,369.39,385,1837,185.315,99.3309,90.0656,107.754,69.1875,131.163,7.13,3.36308e+06,0.278958,47.8175,0.399999,0.157917,1.02415,0.465841,-0.289999,0.584888,-1.10106,1.2337,-0.329632
2023-01-27,42265,185.63,68.375,,16238,193,185.61,352.78,370.39,386,1826,185.63,99.5313,90.0447,107.941,68.375,126.189,6.93865,3.40357e+06,0.267542,47.0238,0.185122,0.349962,1.02221,0.386754,-0.853597,0.592443,-0.562207,1.12321,0.142839
2023-01-30,41518,186.578,70.25,,16270,194,186.56,353.93,369.52,383,1806,186.578,98.0509,89.6952,105.276,70.25,120.136,6.70047,3.6209e+06,0.430321,57.9365,0.495448,0.365195,1.0222,0.957398,-0.493259,0.511058,-0.424198,0.990495,0.401653
2023-01-31,41417,186.875,69.375,,16307,194,187,354.81,367.42,381,1817,186.875,96.6127,89.8649,103.88,69.375,118.175,6.62202,2.29589e+06,0.551344,68.254,0.664556,0.438132,0.995322,1.02994,-0.0315966,0.431827,-0.11822,0.945221,0.549266
2023-02-01,41379,187.308,69.8125,,16337,195,187.29,353.7,367.07,377,1820,187.308,95.971,88.8331,101.272,69.8125,106.22,6.12933,2.56024e+06,0.445033,59.7222,0.500334,0.389732,1.12298,0.922808,-0.544791,0.394847,-0.18071,0.68827,0.923309
2023-02-02,41314,187.613,69.1875,,16347,195,187.57,354.75,366.83,378,1795,187.613,95.5245,89.0857,101.478,69.1875,104.183,6.04275,2.62777e+06,0.427678,57.1429,0.542521,0.312836,1.1091,0.806673,-0.288211,0.368195,-0.473917,0.64246,1.11637
2023-02-03,41022,187.95,69.5,,16292,195,188.02,357.36,362.95,379,1845,187.95,93.1099,90.1357,101.649,69.5,104.668,6.06346,2.63184e+06,0.643903,74.8016,0.933374,0.354432,1.12623,1.03967,0.634229,0.236535,0.167711,0.650206,0.372122
2023-02-06,40288,189.095,70.0625,,16314,197,189.11,353.94,365.71,377,1912,189.095,93.4001,87.1758,99.3707,70.0625,104.035,6.03644,2.60895e+06,0.624106,73.4127,0.645302,0.602911,1.33591,1.04387,-0.443874,0.249311,1.08026,0.63406,0.293119
2023-02-07,40287,189.457,69.3125,,16329,197,189.52,353.2,366.16,377,1907,189.457,93.2684,86.4278,98.9901,69.3125,104.187,6.04292,2.62525e+06,0.599889,72.2222,0.672581,0.527197,1.40069,0.958122,-0.34107,0.239577,0.910501,0.634604,0.121015
2023-02-08,40169,189.863,69.5,,16320,197,189.85,354.95,366.13,381,1912,189.863,92.8387,86.9503,100.671,69.5,104.052,6.03718,2.67194e+06,0.546003,67.2619,0.611522,0.480483,1.35735,1.02366,-0.546445,0.213752,0.930144,0.629055,-0.182523
2023-02-09,40076,190.203,69.875,,16342,197,190.21,354.36,371.6,379,1928,190.203,95.3699,86.3059,99.2605,69.875,109.991,6.28753,2.72147e+06,0.795919,80.754,0.902257,0.689581,1.38689,1.04555,0.274325,0.347001,1.35773,0.752454,-0.0872997
2023-02-10,40012,190.528,70.25,,16370,198,190.51,354.15,371.23,377,1962,190.528,94.8424,85.8779,97.8709,70.25,110.501,6.30871,2.76882e+06,0.787277,80.1587,0.847401,0.727152,1.36236,0.855221,0.324624,0.315787,1.18855,0.760262,0.56086
2023-02-13,40008,191.64,70.8125,,16413,199,191.65,355.27,370.87,379,1966,191.64,93.5243,85.3841,97.7666,70.8125,113.4,6.42828,2.75918e+06,0.589794,70.6349,0.621976,0.557612,1.30129,0.241239,0.323395,0.24165,0.529737,0.818749,0.723015
2023-02-14,40009,192.02,69.4375,,16365,199,191.99,355.28,369.82,379,1968,192.02,92.5945,85.0224,97.3753,69.4375,116.458,6.55282,2.82864e+06,0.482317,61.9048,0.453183,0.511451,1.31105,0.239,-0.190503,0.188656,0.604331,0.880412,0.23336
2023-02-15,39561,192.375,69.6875,,16367,199,192.38,356.23,368.52,378,1997,192.375,91.5634,85.1748,96.4912,69.6875,118.222,6.62394,2.87004e+06,0.565156,67.8571,0.541629,0.588682,1.24162,0.522217,-0.138953,0.130092,0.855856,0.914386,0.320107
2023-02-16,39514,192.783,69.75,,16382,200,192.83,357.61,370.02,377,2056,192.783,91.9357,85.4984,95.5564,69.75,120.456,6.71324,2.87458e+06,0.595485,71.4286,0.465193,0.725776,1.30792,0.48255,-0.394895,0.147541,1.30211,0.958203,0.264722
2023-02-17,39335,193.193,69.6875,,16406,201,193.19,355.59,369.8,377,2123,193.193,91.4145,84.0592,95.1413,69.6875,124.185,6.86045,3.07592e+06,0.618475,72.619,0.406739,0.83021,1.39216,0.581415,-0.753354,0.116454,1.63952,1.03344,0.232644
2023-02-20,39335,193.193,69.6875,,16406,201,193.19,355.59,369.8,377,2123,193.193,91.4145,84.0592,95.1413,69.6875,124.185,6.86045,3.07592e+06,0.299673,46.4286,-0.167134,0.766481,0.133851,0.576443,-1.2117,0.113682,1.59011,1.02938,-0.100977
2023-02-21,39335,193.193,69.6875,,16406,201,193.19,355.59,369.8,377,2183,193.193,91.4145,84.0592,95.1413,69.6875,124.185,6.86045,3.07592e+06,0.526184,65.0794,0.0655538,0.986815,-0.294658,0.575816,-0.0844967,0.110911,2.18105,1.02533,0.273132
2023-02-22,39261,194.98,70.5,,16426,202,194.95,356.45,368.46,377,2127,194.98,88.9732,82.8136,93.3532,70.5,119.449,6.67309,3.06723e+06,0.662286,75.1984,0.640442,0.684131,1.29061,0.255507,0.375207,-0.0253382,1.29214,0.921124,0.413066
2023-02-23,39183,195.35,69.375,,16458,202,195.31,357.26,367.03,379,1974,195.35,87.8833,82.882,94.0107,69.375,118.969,6.65387,3.08586e+06,0.179657,38.2937,0.307243,0.0520721,1.23722,0.282359,-0.597849,-0.0878264,-0.909909,0.907334,0.545309
2023-02-24,39006,195.738,70.0625,,16459,203,195.31,356.78,367.02,379,1996,195.738,87.5055,82.274,93.6259,70.0625,117.718,6.60365,3.1635e+06,0.189551,38.6905,0.500275,-0.121174,1.20255,0.281704,0.0165708,-0.111516,-1.37391,0.877295,0.368044
2023-02-27,39045,196.812,69.75,,16352,204,196.81,356.07,364.93,377,1966,196.812,85.4209,80.9191,91.5537,69.75,115.316,6.5065,3.56803e+06,0.206953,39.881,0.789817,-0.37591,2.3615,0.247461,-0.239509,-0.229207,-1.67792,0.823017,-0.463151
2023-02-28,38709,197.153,69.375,,16354,204,197.15,357.47,366.41,375,1965,197.153,85.8503,81.3158,90.2073,69.375,121.136,6.74026,2.29966e+06,0.196079,39.0873,0.900736,-0.508578,2.7072,0.541196,-0.546184,-0.208564,-2.29183,0.94288,-0.445024
2023-03-01,38722,197.56,70.3125,,16358,205,197.6,359.78,368.88,375,2036,197.56,86.718,82.1118,89.8158,70.3125,111.436,6.34744,2.61377e+06,0.101523,32.3413,0.401547,-0.198502,1.18333,0.46481,-0.443498,-0.16383,-0.981502,0.733978,-0.566804
2023-03-02,38584,197.887,69.75,,16365,205,197.87,364.81,372.57,377,2088,197.887,88.2744,84.353,90.5131,69.75,109.591,6.27087,2.59978e+06,0.470639,59.9206,0.554032,0.387246,1.12725,0.517868,0.0169726,-0.0810759,1.12399,0.691977,-0.75906
2023-03-03,38598,198.26,70.1875,,16351,206,198.28,366.5,372.31,375,2081,198.26,87.7888,84.8583,89.1456,70.1875,111.027,6.33053,2.6129e+06,0.352903,49.2063,0.421135,0.28467,1.1014,0.350797,-0.188792,-0.11153,0.825424,0.719496,-0.874087
2023-03-06,38517,199.345,70.25,,16390,207,199.34,362.42,372.68,372,2047,199.345,86.9523,81.8054,86.6112,70.25,111.363,6.34441,2.69824e+06,0.489199,61.3095,0.556022,0.422376,1.09464,0.455685,0.11774,-0.161645,0.784219,0.723677,0.264127
2023-03-07,38323,199.672,69.625,,16420,207,199.67,366.97,375.69,371,2044,199.672,88.1539,83.7867,85.805,69.625,110.699,6.31692,2.74532e+06,0.449294,56.9444,0.438252,0.460337,1.0699,0.332717,-0.0878604,-0.0979097,0.761969,0.706581,0.48108
2023-03-08,38272,200.027,70.3125,,16410,207,199.95,372.86,378.96,378,2098,200.027,89.4547,86.4051,88.9748,70.3125,107.306,6.17516,2.85159e+06,0.380022,50.5952,0.367205,0.392839,1.00568,0.388693,-0.292758,-0.0283894,0.586537,0.631678,0.370223
2023-03-09,38180,200.357,70.0625,,16405,207,200.36,375.43,387.78,373,2134,200.357,93.5448,87.3808,86.168,70.0625,110.668,6.31562,2.80463e+06,0.426982,53.7698,0.437326,0.416637,1.00098,0.348225,-0.0372234,0.1982,0.421733,0.700147,0.276302
2023-03-10,38208,200.722,69.625,,16396,208,200.73,380.64,393.68,373,2207,200.722,96.1323,89.6357,85.8294,69.625,108.344,6.21876,2.84825e+06,0.434818,54.9603,0.18826,0.681375,0.983386,0.334603,-0.753209,0.340881,1.23821,0.647919,0.315614
2023-03-13,38331,201.802,70.25,,16393,209,201.86,379.51,395.5,377,2323,201.802,95.9845,88.0609,86.8171,70.25,121.695,6.7624,2.85798e+06,0.708232,76.3889,0.273679,1.14279,0.960181,0.152992,-0.292135,0.32946,2.74796,0.928273,-0.01189
2023-03-14,38142,202.148,70.0625,,16386,209,202.07,377.76,391.47,377,2293,202.148,93.6549,86.8727,86.4967,70.0625,119.717,6.68378,2.87341e+06,0.681008,75.7937,0.395846,0.966169,0.972992,0.148775,0.0657714,0.194401,2.45402,0.882688,-0.299032
2023-03-15,37783,202.522,70.5625,,16391,210,202.56,383.31,397.07,379,2397,202.522,96.0629,89.2686,87.1404,70.5625,134.193,7.24471,2.87119e+06,0.841633,81.5476,0.43987,1.2434,0.983812,0.424143,-0.0883458,0.328092,2.9283,1.18576,-0.180524
2023-03-16,37712,202.955,70.1875,,16380,210,202.94,388.76,400.62,383,2324,202.955,97.3935,91.5499,88.7118,70.1875,137.254,7.35926,2.95694e+06,0.696286,75.9921,0.432338,0.960233,1.08312,0.404928,-0.191036,0.400816,1.82712,1.24564,-0.225512
2023-03-17,37672,203.34,71.875,,16380,211,203.34,388.84,403.57,383,2383,203.34,98.4705,91.2265,88.3545,71.875,132.306,7.17346,3.04787e+06,0.97392,84.9206,1.03446,0.91338,1.09463,0.464513,1.54424,0.459268,1.67903,1.13597,-0.154863
2023-03-20,38008,204.497,72,,16381,212,204.53,387.63,401.36,386,2383,204.497,96.2672,89.5532,88.7561,72,140.508,7.47952,3.03339e+06,0.72548,76.3889,0.85217,0.59879,1.15472,0.270624,1.13117,0.330238,0.522682,1.30447,-0.123254
2023-03-21,37837,204.963,71.5625,,16335,212,205.02,385.98,399.62,394,2335,204.963,94.9715,88.3166,92.2295,71.5625,144.426,7.62237,3.09763e+06,0.659591,73.6111,0.815675,0.503507,1.26843,0.254863,0.92373,0.252936,0.342137,1.38145,-0.428507
2023-03-22,37596,205.395,71.375,,16284,213,205.38,387.1,397.17,391,2458,205.395,93.3689,88.4661,90.3649,71.375,152.34,7.90459,3.22564e+06,0.56127,65.4762,0.60943,0.51311,1.31742,0.149695,0.361177,0.157809,0.52985,1.54169,-0.866931
2023-03-23,37606,205.79,71.0625,,16237,213,205.78,375.72,390.19,389,2497,205.79,89.6059,82.5745,89.0276,71.0625,153.917,7.95987,3.28506e+06,0.658956,73.4127,0.584469,0.733443,1.26652,0.0760509,0.410836,-0.0620564,1.63638,1.56747,-1.14949
2023-03-24,37606,205.79,71.0625,,16237,213,205.78,375.72,390.19,389,2549,205.79,89.6059,82.5745,89.0276,71.0625,153.917,7.95987,3.28506e+06,0.344289,45.8333,-0.020506,0.709084,0.863437,0.0394344,-0.96439,-0.0651385,1.55992,1.55997,-1.14591
2023-03-27,37161,207.402,73.6875,,16197,214,207.42,376.4,392.58,390,2531,207.402,89.2849,81.4836,88.0409,73.6875,155.766,8.02426,3.31818e+06,0.827318,80.9524,1.04063,0.614006,1.3068,0.744652,1.07044,-0.0867584,1.37624,1.59116,-1.46324
2023-03-28,37076,207.84,72.3125,,16164,215,207.84,383.55,390.63,397,2521,207.84,87.9475,84.541,91.0123,72.3125,153.156,7.93322,3.41512e+06,0.719556,75.7937,0.746292,0.692819,1.26608,0.667189,0.305607,-0.167398,1.7432,1.5291,-1.36008
2023-03-29,36851,208.253,72.125,,16165,216,208.3,386.81,395.89,393,2365,208.253,90.1002,85.7402,88.7125,72.125,141.429,7.5133,3.53588e+06,0.33066,44.6429,0.731974,-0.0706548,1.23622,0.655027,0.304677,-0.0454348,-1.00333,1.27758,-0.952229
2023-03-30,36509,208.598,71.9375,,16084,216,208.59,391.82,402.79,393,2304,208.598,93.0936,87.8347,88.4004,71.9375,144.434,7.62267,3.63944e+06,0.265573,39.2857,0.852783,-0.321637,1.17546,0.977823,0.405062,0.126039,-1.9768,1.33488,-1.2197
2023-03-31,39060,208.988,72.4375,,16047,216,209.01,397.37,406.54,395,2276,208.988,94.5276,90.1398,89.0058,72.4375,169.463,8.48844,2.45384e+06,-0.0283412,15.2778,0.352929,-0.409612,1.56068,-1.31142,0.809529,0.206849,-2.73635,1.84909,-1.50647
2023-04-03,38809,210.33,72.6875,,16061,217,210.37,396.94,406.77,392,2280,210.33,93.3961,88.7225,86.3738,72.6875,157.548,8.08593,2.53515e+06,-0.412753,1.5873,-0.450126,-0.37538,1.26119,-1.49048,-1.12109,0.137675,-2.50358,1.59236,-1.08057
2023-04-04,38777,210.8,71.875,,16028,218,210.78,402.41,409.82,392,2351,210.8,94.4118,90.8966,85.9583,71.875,153.23,7.93582,2.69492e+06,-0.233063,2.18254,-0.305209,-0.160917,1.28115,-1.53367,-0.663102,0.194388,-1.71305,1.49533,-1.07976
2023-04-05,38662,211.235,72.5625,,16028,219,211.22,396.6,408.24,392,2432,211.235,93.2634,87.753,85.5753,72.5625,139.735,7.45109,2.96547e+06,0.145984,31.746,-0.0975799,0.389549,1.29135,-1.63158,0.0474928,0.123958,0.572509,1.2092,-1.08448
2023-04-06,38662,211.235,72.5625,,16028,219,211.22,396.6,408.24,392,2472,211.235,93.2634,87.753,85.5753,72.5625,139.735,7.45109,2.96547e+06,0.244893,37.6984,-0.264726,0.754512,0.941341,-1.93438,0.198862,0.121069,1.53988,1.20425,-0.448814
2023-04-07,38662,211.235,72.5625,,16028,219,211.22,396.6,408.24,392,2472,211.235,93.2634,87.753,85.5753,72.5625,139.735,7.45109,2.96547e+06,0.545862,63.4921,0.223455,0.86827,0.548155,0.329841,-0.207632,0.11821,1.79994,1.19932,-0.157046
2023-04-10,37210,213.328,73.1875,,16034,221,213.39,390.71,403.17,391,2429,213.328,88.9904,83.1496,83.2856,73.1875,153.219,7.93546,2.92545e+06,0.826375,80.754,0.91843,0.734321,1.26711,1.39166,0.0965133,-0.137535,1.34406,1.47307,-0.218937
2023-04-11,37218,213.798,72.4375,,16033,221,213.76,387,398.97,394,2440,213.798,86.6105,81.0117,84.2858,72.4375,151.956,7.8911,2.96993e+06,0.736469,76.5873,0.917707,0.555232,1.25533,1.35144,0.146349,-0.28146,0.767583,1.44042,0.033546
2023-04-12,37224,214.25,72.9375,,15948,221,214.24,386.34,398.31,398,2385,214.25,85.909,80.3221,85.7643,72.9375,150.815,7.85084,3.08654e+06,0.449416,54.1667,0.832001,0.0668322,1.26036,1.2425,-0.00685943,-0.325853,-0.533031,1.41057,-0.635542
2023-04-13,37538,214.665,72.8125,,15955,222,214.68,388.14,402.14,400,2376,214.665,87.3338,80.812,86.3369,72.8125,146.064,7.68147,3.14856e+06,0.38563,47.2222,0.835556,-0.0642974,1.65634,0.959179,-0.108849,-0.243721,-0.998696,1.3066,-0.578454
2023-04-14,36901,215.095,73.125,,15904,222,215.1,398.62,404.88,400,2352,215.095,88.2331,85.3228,85.9643,73.125,136.06,7.31475,3.19631e+06,0.505486,59.9206,1.24259,-0.231621,2.06105,1.52264,0.144091,-0.192743,-1.22358,1.095,-0.978703
2023-04-17,36731,216.358,73.375,,15800,223,216.38,395.45,409.04,408,2407,216.358,89.0568,82.7755,88.5761,73.375,136.379,7.32663,3.30406e+06,0.20724,34.5238,0.488065,-0.0735851,1.22368,0.40187,-0.161357,-0.146302,-0.286558,1.09725,-1.84387
2023-04-18,36638,216.888,72.5625,,15823,224,216.94,408.86,425.9,418,2474,216.888,96.3684,88.5118,92.7259,72.5625,175.582,8.68884,3.27595e+06,0.488654,58.1349,0.516446,0.460862,1.26966,0.491588,-0.211905,0.288556,0.248074,1.89873,-1.64468
2023-04-19,36365,217.47,73,,15799,225,217.48,409.77,429.65,423,2661,217.47,97.5675,88.426,94.5096,73,177.786,8.76004,3.28049e+06,0.91703,83.5317,0.620663,1.2134,1.38192,0.742835,-0.262763,0.357655,2.53745,1.93318,-1.16277
2023-04-20,36413,218.025,73.0625,,15766,225,217.99,421.9,435.74,432,2660,218.025,99.8578,93.5099,98.1424,73.0625,178.406,8.77996,3.24551e+06,1.00596,85.9127,0.78892,1.223,1.50287,0.974601,-0.110709,0.492352,2.59029,1.93479,-1.47389
2023-04-21,36503,218.508,73.8125,,15672,226,218.53,437.75,455.11,442,2622,218.508,108.28,100.336,102.281,73.8125,184.645,8.97831,3.4276e+06,1.0052,85.7143,0.702366,1.30804,1.54032,0.322446,0.244328,0.995232,2.43891,2.05044,-1.81289
2023-04-24,36569,220.235,74.75,,15630,227,220.21,449.02,462.35,462,2624,220.235,109.935,103.882,109.776,74.75,170.939,8.53716,3.56025e+06,1.06476,88.0952,0.952202,1.17731,1.94757,0.107783,0.801255,1.09067,1.93101,1.7605,-1.32318
2023-04-25,36478,220.873,73.9375,,15507,228,220.87,447.5,465.97,495,2648,220.873,110.967,102.605,124.11,73.9375,168.807,8.46671,4.04583e+06,0.937683,83.7302,0.977368,0.897998,2.02839,0.105108,0.798608,1.14837,1.52177,1.70829,-2.47087
2023-04-26,36354,221.552,76.375,,15391,228,221.57,446.43,469.32,474,2640,221.552,111.833,101.502,113.946,76.375,162.69,8.26168,4.17447e+06,0.871313,81.5476,1.48995,0.252677,2.09584,-0.0312512,2.40526,1.19582,-0.299805,1.57603,-3.17535
2023-04-27,36104,222.02,76.25,,15341,229,222,442.23,457.29,467,2657,222.02,105.968,99.1848,110.341,76.25,162.456,8.25377,4.27402e+06,0.835884,79.9603,1.49087,0.180893,1.99447,0.24058,2.23757,0.838931,-0.131808,1.56396,-3.27592
2023-04-28,35001,222.575,87.5,,15293,230,222.68,436.05,453.16,469,2656,222.575,103.599,95.9115,110.715,87.5,162.285,8.24797,3.45611e+06,1.37597,92.6587,2.46334,0.288594,2.04117,1.34885,4,0.692983,0.213513,1.55327,-2.89937
2023-05-01,35001,222.575,87.5,,15293,230,222.68,436.05,453.16,469,2662,222.575,103.599,95.9115,110.715,87.5,162.285,8.24797,3.45611e+06,1.14427,89.4841,1.94289,0.345652,0.425763,1.40289,4,0.689901,0.250603,1.54612,-2.55368
2023-05-02,35080,224.625,87.5,,15302,232,224.65,428.84,433.64,474,2647,224.625,93.0506,90.9137,111.018,87.5,161.463,8.22004,3.50279e+06,1.25691,90.4762,2.31539,0.198437,1.7053,1.24086,4,0.0504236,-0.113711,1.52247,-1.5293
2023-05-03,34891,225.092,87.5,,15298,233,225.2,431.03,427.27,469,2623,225.092,89.8204,91.4908,108.36,87.5,157.762,8.09332,3.61752e+06,1.23299,90.0794,2.26574,0.200242,1.49551,1.30171,4,-0.147021,-0.263071,1.44108,-0.66029
2023-05-04,34130,225.658,87.25,,15338,234,225.75,430.19,420.79,468,2582,225.658,86.4722,90.6378,107.393,87.25,142.632,7.55722,3.61461e+06,1.2266,89.881,2.45437,-0.00117172,1.57068,1.79242,4,-0.351562,-0.803524,1.13008,0.0418056
2023-05-05,34008,226.192,87.625,,15306,236,226.2,432.35,440.61,469,2576,226.192,94.7949,91.1432,107.346,87.625,158.899,8.13241,3.6966e+06,0.48428,55.1587,0.729021,0.239539,1.53568,0.885731,-0.23435,0.150729,-0.848643,1.453,0.166609
2023-05-08,33944,227.575,87.875,,15314,238,227.65,432.08,440.3,470,2577,227.575,93.4747,89.8627,106.525,87.875,157.48,8.08359,3.65491e+06,0.702561,72.4206,1.20287,0.202247,2.75413,0.944407,-0.0899101,0.0685262,-0.89369,1.41809,0.229875
2023-05-09,33850,228.058,86.0625,,15288,239,228.05,432.08,434,471,2524,228.058,90.3022,89.4603,106.526,86.0625,149.864,7.81717,3.72386e+06,0.195702,30.1587,0.42938,-0.0379752,1.31988,1.10562,-1.13736,-0.125995,-1.24462,1.25899,-0.0425753
2023-05-10,33723,228.508,88.1875,,15263,240,228.5,436.09,441.64,472,2507,228.508,93.2709,90.8421,106.557,88.1875,145.032,7.64427,3.70434e+06,0.395637,45.2381,0.811083,-0.019809,1.29342,1.04787,0.091964,0.052446,-1.17587,1.15676,-0.20534
2023-05-11,33631,228.992,88.0625,,15269,240,229,440.07,441.64,475,2523,228.992,92.8629,92.1773,107.431,88.0625,143.777,7.59883,3.71937e+06,0.336223,40.4762,0.594343,0.0781025,1.20735,0.412474,0.163204,0.0255096,-0.64457,1.12692,-0.468991
2023-05-12,33588,229.333,87.875,,15257,240,229,434.31,440.8,474,2584,229.333,92.2093,89.3794,106.686,87.875,191.464,9.19054,3.89884e+06,0.469063,53.1746,0.399969,0.538157,1.02702,0.335519,-0.162634,-0.0164489,-0.0220189,2.0774,-0.310767
2023-05-15,33481,230.642,89,,15258,241,230.7,437.66,444.6,483,2587,230.642,92.7665,89.7575,109.416,89,190.329,9.15556,3.97566e+06,0.544163,60.119,0.553426,0.534901,0.940629,0.376809,0.342839,0.0153269,-0.00372522,2.04231,-0.363518
2023-05-16,33350,231.175,92.875,,15274,242,231.1,442.43,447.43,488,2580,231.175,93.546,91.3832,111.095,92.875,185.55,9.00673,3.98801e+06,1.1714,89.2857,1.65644,0.686355,0.974906,0.412668,3.58174,0.0606425,0.422549,1.93548,-0.0328679
2023-05-17,33298,231.65,93.0625,,15308,243,231.65,444.08,454.37,487,2550,231.65,96.145,91.703,110.231,93.0625,190.235,9.15262,4.0478e+06,1.02301,84.9206,1.26017,0.785851,0.987509,0.33892,2.45409,0.217122,0.300505,2.01742,0.430864
2023-05-18,33132,232.242,93.125,,15331,243,232.1,473.5,478.98,488,2594,232.242,106.242,103.882,110.126,93.125,197.777,9.38302,4.071e+06,1.2171,89.6825,1.34084,1.09337,1.07211,0.411568,2.53883,0.831976,0.558623,2.15423,0.563899
2023-05-19,33159,232.742,92.1875,,15344,244,232.75,465.42,474.35,486,2600,232.742,103.81,99.9728,108.815,92.1875,209.971,9.74444,4.15669e+06,1.10517,87.6984,1.21468,0.995653,1.20125,0.341368,2.10143,0.679842,0.0466726,2.37948,0.757578
2023-05-22,33062,234.408,92.0625,,15285,245,234.35,464.27,478.92,490,2578,234.408,104.31,98.0604,109.037,92.0625,206.401,9.64002,4.2223e+06,0.957937,82.3413,1.07085,0.845021,1.48822,0.331603,1.39273,0.707406,-0.185676,2.29273,0.286231
2023-05-23,32910,234.917,91.75,,15285,246,234.95,466.09,481.11,492,2577,234.917,104.8,98.4065,109.436,91.75,208.504,9.70166,4.31367e+06,0.570737,62.1032,0.283759,0.857715,1.45303,0.353158,-0.954913,0.734304,-0.1298,2.31781,0.159371
2023-05-24,32966,235.633,91.5,,15278,247,235.75,462.35,479.65,493,2590,235.633,103.558,96.2159,109.223,91.5,221.543,10.0755,4.41393e+06,0.600865,65.4762,0.231752,0.969979,1.64666,0.245891,-1.1973,0.654873,0.269486,2.55334,-0.16554
2023-05-25,32966,235.633,91.5,,15278,247,235.75,462.35,479.65,493,2590,235.633,103.558,96.2159,109.223,91.5,221.543,10.0755,4.41393e+06,0.406841,44.0476,-0.00691544,0.820598,1.12592,0.0820066,-1.22867,0.65182,-0.138703,2.53295,-0.347944
2023-05-26,32966,235.633,91.5,,15278,247,235.75,462.35,479.65,493,2590,235.633,103.558,96.2159,109.223,91.5,221.543,10.0755,4.41393e+06,0.407385,44.0476,0.0309506,0.78382,0.687308,0.108838,-0.703294,0.64877,-0.193445,2.51296,-0.449839
2023-05-29,32883,238.258,93.1875,,15290,249,238.25,459.51,480.66,492,2590,238.258,101.739,92.8621,106.499,93.1875,219.493,10.0177,4.51778e+06,0.750452,73.6111,0.628418,0.872486,1.48119,0.0955174,0.308541,0.533646,0.0117855,2.45443,0.107681
2023-05-30,32813,238.792,92.3125,,15293,250,239,462.32,463.14,493,2590,238.792,93.9515,93.6081,106.456,92.3125,218.773,9.99729,4.6619e+06,0.615138,65.873,0.499057,0.731218,1.48914,0.014483,-0.00644723,0.0498119,0.0219339,2.42226,0.130517
2023-05-31,33001,239.325,91.9375,,15292,250,239.5,466.98,474.99,490,2590,239.325,98.4707,95.1238,104.743,91.9375,218.758,9.99687,2.92544e+06,0.576387,62.1032,0.374954,0.777821,1.31878,-0.117166,-0.0767486,0.326782,-0.097846,2.40399,0.178892
2023-06-01,33067,240.067,92.9375,,15598,251,240.25,467.03,469.55,490,2616,240.067,95.5915,94.5418,104.11,92.9375,215.293,9.8981,3.08814e+06,0.92721,80.9524,0.744725,1.10969,1.93611,-0.182549,0.480617,0.145664,0.14483,2.32126,2.54436
2023-06-02,32998,240.742,92.4375,,15571,252,240.85,469.09,479,490,2561,240.742,98.9684,94.852,103.538,92.4375,216.686,9.93794,3.18693e+06,0.925578,80.754,0.857098,0.994058,2.48524,-0.113957,0.200015,0.352644,-0.3651,2.3311,2.32113
2023-06-05,33011,242.55,93,,15589,254,242.5,472.29,496.78,486,2518,242.55,104.816,94.7186,100.371,93,219.751,10.025,3.27464e+06,0.685348,70.0397,0.371538,0.999158,1.75272,-0.209333,-0.428778,0.713172,-0.762476,2.37173,2.34926
2023-06-06,32871,243.175,92.5625,,15485,255,243.25,473.87,493.46,485,2396,243.175,102.924,94.8679,99.4448,92.5625,219.019,10.0043,3.37836e+06,0.506682,54.5635,0.495858,0.517506,1.81187,-0.139736,-0.184562,0.592442,-1.88603,2.34114,1.52743
2023-06-07,32725,243.808,92.375,,15486,255,243.5,472.76,489.85,484,2341,243.808,100.916,93.9064,98.5166,92.375,213.306,9.84101,3.49818e+06,0.485182,52.1825,0.663264,0.3071,1.87681,0.193137,-0.0801539,0.464515,-2.37729,2.21939,1.53647
2023-06-08,32680,244.333,91.9375,,15496,256,244.45,473.92,481.54,484,2388,244.333,97.0832,93.9646,98.0901,91.9375,213.426,9.84448,3.59186e+06,0.169221,24.2063,0.366868,-0.0284271,1.67999,0.302738,-0.882122,0.222702,-2.16903,2.20736,-0.721064
2023-06-09,32488,244.967,92.75,,15448,257,244.95,473.5,479.27,483,2378,244.967,95.647,93.2916,97.1697,92.75,205.028,9.59954,3.73885e+06,0.315069,34.9206,0.635282,-0.00514471,1.62902,0.426094,-0.149269,0.130399,-1.74749,2.03887,-0.879569
2023-06-12,32363,246.783,93.1875,,15437,259,246.8,474.49,503.37,484,2345,246.783,103.972,92.2699,96.1235,93.1875,233.119,10.396,3.74962e+06,0.46652,49.8016,0.649143,0.283897,1.60307,0.563552,-0.219195,0.648599,-1.64815,2.54104,-1.0957
2023-06-13,32366,247.292,92,,15530,259,247.1,473.19,492.22,489,2311,247.292,99.0443,91.3489,97.7422,92,235.831,10.4696,3.81964e+06,0.535987,57.1429,0.425303,0.646671,1.49368,0.419568,-0.637339,0.33709,-0.843258,2.57043,0.398177
2023-06-14,32336,247.8,92.5,,15398,260,247.95,474.98,495.56,496,2330,247.8,99.9839,91.6788,100.161,92.5,237.336,10.5102,3.87525e+06,0.594727,63.4921,0.476041,0.713413,1.37867,0.302798,-0.253347,0.393378,-0.168113,2.57718,-0.611011
2023-06-15,32141,248.583,92.5,,15355,261,248.6,474.59,493.92,487,2359,248.583,98.694,90.9179,95.9102,92.5,234.123,10.4233,3.94543e+06,0.618043,65.4762,0.672866,0.563219,1.57342,0.454737,-0.00956126,0.309701,-0.331433,2.49899,-1.01198
2023-06-16,31852,249.158,92.5,,15367,262,249.45,479.35,487.12,492,2371,249.158,95.5062,92.3877,97.4648,92.5,230.742,10.3311,4.08605e+06,0.570074,60.119,0.534831,0.605318,1.5115,0.556024,-0.463028,0.106515,-0.130644,2.41948,-0.553475
2023-06-19,31852,249.158,92.5,,15367,262,249.45,479.35,487.12,492,2371,249.158,95.5062,92.3877,97.4648,92.5,230.742,10.3311,4.08605e+06,0.307297,33.1349,-0.0829051,0.697499,0.029878,0.428241,-0.706835,0.103871,0.169307,2.40194,-0.467736
2023-06-20,31852,249.158,92.5,,15367,262,249.45,479.35,487.12,492,2356,249.158,95.5062,92.3877,97.4648,92.5,230.742,10.3311,4.08605e+06,0.32034,34.127,-7.97301e-05,0.640759,-0.385784,0.429876,-0.0443311,0.101214,0.341272,2.38468,-1.16903
2023-06-21,31616,252.008,92.8125,,15345,264,251.95,476.46,492.71,492,2307,252.008,95.5134,89.0652,95.2317,92.8125,235.964,10.4732,4.1188e+06,0.630826,66.4683,0.657697,0.603956,1.4813,0.641207,-0.149422,0.0989907,-0.278286,2.46006,-0.33384
2023-06-22,31455,252.508,92.0625,,15370,265,252.6,482.51,502.34,493,2216,252.508,98.94,91.0868,95.2411,92.0625,235.252,10.4539,4.16156e+06,0.423326,42.2619,0.427055,0.419596,1.24068,0.608428,-0.567944,0.31335,-1.3668,2.42932,0.185428
2023-06-23,31279,252.992,91.5625,,15361,266,253,486.66,488.05,495,2232,252.992,92.9115,92.362,95.6586,91.5625,244.367,10.6977,4.34182e+06,0.303755,32.3413,0.268564,0.338946,1.15642,0.49492,-0.845652,-0.0719949,-1.32521,2.571,0.0250396
2023-06-26,31154,254.542,92.25,,15373,267,254.6,479.79,489.63,493,2095,254.542,92.3575,88.4917,93.6814,92.25,213.312,9.84118,4.37939e+06,0.337724,35.5159,0.844203,-0.168755,2.36953,0.624267,-0.46119,-0.109887,-2.54732,2.00841,0.116307
2023-06-27,31026,255.167,91.625,,15376,268,255.25,483.43,498.18,496,2120,255.167,95.2371,89.4565,94.3827,91.625,215.595,9.90676,4.3063e+06,0.464715,48.6111,0.92806,0.00136878,2.8359,0.756776,-0.80849,0.0708732,-2.17171,2.03668,0.137892
2023-06-28,30859,255.842,93.125,,15471,268,255.85,484.01,496.29,496,2098,255.842,93.9832,89.1834,93.8699,93.125,224.865,10.1686,4.2919e+06,0.381934,38.2937,0.544231,0.219637,1.09134,0.688006,-0.146653,-0.0118009,-1.91845,2.18597,1.02602
2023-06-29,30785,256.242,92.5625,,15456,269,256.2,482.23,487.56,494,2061,256.242,90.2735,88.1934,92.7867,92.5625,254.37,10.9586,4.59904e+06,0.45402,46.8254,0.519656,0.388384,1.00381,0.597708,-0.0425465,-0.251551,-1.42998,2.68131,0.71912
2023-06-30,27926,256.675,92.25,,15430,270,256.7,484.69,495.64,494,2037,256.675,93.1002,88.8341,92.4613,92.25,235.963,10.4732,3.01824e+06,0.873111,79.1667,1.52183,0.224397,0.955628,3.54848,0.0613686,-0.0731335,-1.77884,2.34299,0.588736
2023-07-03,27898,257.975,93.3125,,15467,272,258,483.45,485.57,495,2037,257.975,88.2237,87.4019,91.8791,93.3125,204.789,9.59248,3.077e+06,0.911978,79.7619,1.4718,0.352156,0.741206,3.40477,0.269421,-0.388386,-0.558297,1.79126,0.775942
2023-07-04,27721,259.15,92.3125,,15462,272,259.35,482.9,495,493,2037,259.15,91.0091,86.34,90.2373,92.3125,194.424,9.28128,3.06541e+06,0.91269,79.7619,1.54816,0.277221,1.15587,3.42923,0.0593714,-0.211858,-0.778765,1.60375,0.714287
2023-07-05,27529,259.8,93.375,,15453,273,259.5,480.37,492.9,492,1941,259.8,89.7229,84.8999,89.3764,93.375,200.781,9.47332,3.05631e+06,0.719834,70.8333,1.4567,-0.0170306,1.12421,3.43086,-0.184974,-0.297043,-1.43122,1.70583,-0.0743439
2023-07-06,27436,260.325,93.0625,,15463,274,260.4,484.68,498.87,491,2053,260.325,91.6335,86.1827,88.6104,93.0625,222.277,10.0962,3.09501e+06,1.02612,84.5238,1.52673,0.525509,1.21121,3.41499,-0.0460233,-0.176347,-0.108557,2.06605,0.116281
2023-07-07,26616,260.983,92.6875,,15458,274,261,484.78,499.56,492,2103,260.983,91.4145,85.7513,88.5178,92.6875,265.495,11.2408,3.1048e+06,0.907787,78.9683,0.878341,0.937233,1.37362,1.3428,-0.0813966,-0.192885,0.546988,2.78756,0.277298
2023-07-10,26550,262.65,93.4375,,15500,276,262.5,490.4,500.53,495,2044,262.65,90.5692,86.7124,88.4637,93.4375,254.774,10.969,3.10711e+06,0.818776,75.7937,0.919181,0.71837,1.63039,1.38312,-0.255966,-0.249788,0.023307,2.5827,0.316155
2023-07-11,26416,263.317,92.625,,15534,277,263.2,488.64,500.41,498,1981,263.317,90.0411,85.5712,89.1259,92.625,275.121,11.4788,3.17282e+06,0.742568,71.627,0.802995,0.682142,1.2229,1.3379,-0.151814,-0.286199,-0.534704,2.90234,0.612116
2023-07-12,26335,263.933,93.0625,,15526,277,264.05,488.65,501.46,503,2005,263.933,89.995,85.1415,90.5785,93.0625,367.284,13.51,3.29952e+06,0.966288,82.1429,0.633446,1.29913,1.18528,1.21528,-0.500219,-0.291387,0.528181,4,0.620317
2023-07-13,26189,264.517,92.9375,,15522,278,264.35,498.73,502.46,512,2038,264.517,89.954,88.5439,93.5606,92.9375,358.335,13.3297,3.31399e+06,0.891428,78.1746,0.700454,1.0824,1.21888,1.27773,-0.395253,-0.296241,-0.172408,4,0.514116
2023-07-14,26036,265.142,92.875,,15541,278,265.15,499.71,504.49,522,2112,265.142,90.2718,88.469,96.8759,92.875,370.163,13.5673,3.3816e+06,0.835386,75.9921,0.496497,1.17428,1.18133,0.529148,-0.220992,-0.277753,0.0399759,4,0.695481
2023-07-17,25849,266.792,93.1875,,15531,280,266.75,499.86,507.53,520,2042,266.792,90.2346,87.3597,94.9086,93.1875,419.691,14.506,3.41398e+06,0.769647,73.0159,0.45071,1.08858,1.14459,0.67238,-0.464843,-0.28236,-0.0580867,4,0.300987
2023-07-18,25765,267.583,92.0625,,15534,281,267.65,494.9,520.74,520,2023,267.583,94.6086,84.9518,94.332,92.0625,433.145,14.7468,3.52148e+06,0.824292,75.1984,0.401507,1.24708,1.22641,0.616445,-0.638339,0.000371236,0.330961,4,0.0668821
2023-07-19,25501,268.225,92,,15529,281,267.95,494.65,526.26,525,2064,268.225,96.201,84.4161,95.7312,92,466.096,15.3138,3.52174e+06,0.853048,76.7857,0.384275,1.32182,1.23343,0.834835,-0.915435,0.101882,0.479918,4,0.0891458
2023-07-20,25441,268.775,91.3125,,15504,282,268.7,495.84,532.51,525,2038,268.775,98.1248,84.4814,95.3307,91.3125,490.346,15.7121,3.82446e+06,0.710034,68.254,0.235473,1.1846,1.19702,0.735107,-1.22571,0.224574,-0.043407,4,-0.0701672
2023-07-21,25210,269.417,92.625,,15451,283,269.45,498.08,533.27,529,2021,269.417,97.935,84.8735,96.3501,92.625,335.077,12.8457,3.89901e+06,0.58897,58.9286,0.523409,0.654532,1.19822,0.832049,-0.460044,0.209062,-0.848002,3.23789,-0.616164
2023-07-24,25280,271.192,92.5,,15438,284,271,497.09,531.88,552,1960,271.192,96.1269,83.2984,103.546,92.5,309.953,12.2953,3.85763e+06,0.446261,42.2619,0.363771,0.52875,1.2673,0.526497,-0.70248,0.0873406,-0.765944,2.84874,-0.639012
2023-07-25,25350,271.667,91.9375,,15385,285,271.95,507.12,530.1,536,1951,271.667,95.1288,86.6699,97.3006,91.9375,356.898,13.3005,3.88727e+06,0.488047,48.0159,0.3235,0.652593,1.01771,0.342101,-0.389312,0.0187402,-0.675403,3.47279,-1.06411
2023-07-26,25258,272.4,91.875,,15397,285,272.5,503.9,527.72,546,1991,272.4,93.7298,84.9853,100.441,91.875,418.375,14.4822,3.94428e+06,0.533921,52.7778,0.274777,0.793065,1.07494,0.138548,-0.389155,-0.0763821,-0.681701,4,-0.93238
2023-07-27,25349,273,91.625,,15430,286,273.2,510.62,531.34,553,2017,273,94.63,87.0403,102.564,91.625,432.734,14.7396,4.02992e+06,0.65418,64.881,0.304272,1.00409,1.10197,-0.0429992,-0.146155,-0.019621,-0.220498,4,-0.49115
2023-07-28,25651,273.633,92.9375,,15466,287,273.7,508.01,536.07,551,1960,273.633,95.9082,85.6536,101.364,92.9375,381.88,13.7973,4.07118e+06,0.497914,48.8095,0.0816556,0.914173,1.08416,-0.692751,-0.14644,0.0620368,-0.573619,3.61965,0.183087
2023-07-31,24092,275.283,92.875,,15506,288,275.25,509.1,555.1,550,1980,275.283,101.647,84.9368,99.7942,92.875,715.664,18.828,2.32026e+06,1.05918,85.7143,0.725788,1.39258,0.967562,1.32203,-0.112226,0.440125,0.142078,4,0.583657
2023-08-01,24042,276.142,92.1875,,15576,289,276.15,509.45,560.13,560,1990,276.142,102.842,84.4886,102.794,92.1875,427.769,14.6513,2.43041e+06,1.20625,89.2857,0.844808,1.56769,1.24171,1.47466,-0.181942,0.516643,0.308695,3.90722,1.5087
2023-08-02,24020,277.342,93.25,,15433,290,277.4,512.54,568.59,560,2011,277.342,105.014,84.8045,101.917,93.25,429.241,14.6775,2.45691e+06,1.25731,90.4762,1.13505,1.37956,1.57088,1.39166,0.442608,0.658297,0.139122,3.86175,0.338606
2023-08-03,24146,278.283,93.125,,15447,291,278.1,513.99,576.7,570,2024,278.283,107.235,84.7003,104.827,93.125,437.415,14.8221,2.7123e+06,1.29832,91.6667,1.21953,1.3771,1.80588,1.34222,0.510499,0.803129,0.0228459,3.89722,0.193321
2023-08-04,24372,279.317,93.25,,15451,292,279.35,514.71,585.31,574,2020,279.317,109.551,84.2747,105.501,93.25,445.16,14.9572,3.06731e+06,1.32085,91.6667,1.11473,1.52697,2.07821,1.41662,-0.15065,0.954169,0.490171,3.92462,-0.0491183
2023-08-07,24268,283.15,93.125,,15465,295,283.2,516.7,597.63,596,2020,283.15,111.065,82.4828,110.489,93.125,446.409,14.9788,3.33919e+06,1.22466,89.0873,0.987445,1.46187,3.58229,-0.434303,-0.185648,1.05146,0.311713,3.8754,-0.244076
2023-08-08,24129,284.192,91.625,,15459,297,284.2,521.92,597.4,598,2010,284.192,110.21,83.6507,110.421,91.625,466.209,15.3157,3.52252e+06,1.12208,86.9048,0.896352,1.34781,3.64369,-0.317613,-0.637017,0.990475,0.133426,4,-0.813147
2023-08-09,23891,285.175,93.125,,15387,298,285.15,527.92,591.7,600,1975,285.175,107.487,85.1214,110.397,93.125,507.963,15.9921,3.79066e+06,1.11429,86.7063,0.999605,1.22897,3.42493,-0.0326685,-0.39345,0.804664,-0.363224,4,-0.280068
2023-08-10,23828,286.192,92.6875,,15287,299,286.2,529.82,598.83,602,1911,286.192,109.241,85.1277,110.349,92.6875,596.392,17.294,4.14508e+06,0.982703,80.754,1.0217,0.943705,3.41566,0.216142,-0.5667,0.918779,-1.04361,4,-1.14441
2023-08-11,23671,287.292,93.0625,,15232,300,287.35,539.89,601.24,605,1915,287.292,109.279,87.924,110.587,93.0625,617.512,17.5823,4.44346e+06,1.06574,85.119,1.23049,0.900976,3.39996,0.718775,-0.427251,0.917738,-0.970458,4,-1.58773
2023-08-14,23762,349.975,95.1875,,15254,366,349.95,621.14,654.95,685,1914,349.975,87.1419,77.4812,95.7283,95.1875,117.584,6.59828,4.32244e+06,0.541403,50.9921,1.76072,-0.677917,4,0.460822,0.821345,-0.573399,-0.977271,-0.0625266,-1.51903
2023-08-15,23667,350.008,113.375,,15277,367,350,667.17,702.22,730,2172,350.008,100.63,90.6155,108.566,113.375,59.3403,3.90334,4.32757e+06,1.45453,94.0476,2.80164,0.107432,4,0.404905,4,0.332167,1.38632,-0.694725,-1.2955
2023-08-16,23612,350,113.688,,15228,367,350.05,651.42,722.98,780,2187,350,106.566,86.12,122.857,113.688,140.22,7.46892,4.4206e+06,1.67029,96.627,2.72148,0.619097,4,0.16444,4,0.729588,1.81874,0.179882,-1.12275
2023-08-17,23721,349.975,113,,15194,367,349.95,659.49,743.44,760,2185,349.975,112.427,88.4392,117.158,113,122.244,6.78408,4.48896e+06,1.77105,97.8175,2.64505,0.897053,4,-0.064838,4,1.12159,2.34749,-0.017288,-0.624216
2023-08-18,23637,350.017,112.25,,15139,367,349.95,657.48,745.78,720,2128,350.017,113.07,87.8425,105.704,112.25,95.1139,5.64752,4.48127e+06,1.64049,95.2381,2.6128,0.668172,4,-0.161604,4,1.16081,1.80427,-0.313764,-0.625423
2023-08-21,23637,350.017,112.25,,15139,367,349.95,657.48,745.78,720,2128,350.017,113.07,87.8425,105.704,112.25,95.1139,5.64752,4.48127e+06,0.876738,75.1984,1.11076,0.642714,-0.627336,-0.0403759,4,1.15649,1.80387,-0.315569,-0.790599
2023-08-22,23639,350.008,112.938,,15128,367,349.95,658.88,745.51,727,2049,350.008,112.998,88.247,107.709,112.938,66.12,4.25979,4.47895e+06,-0.37262,0.793651,-0.422452,-0.322789,-0.633009,-0.169759,-0.464588,1.14732,-1.1217,-0.632495,-1.04577
2023-08-23,29004,349.975,112.938,,15108,367,349.95,661.32,746.6,735,2035,349.975,113.33,88.9621,110.015,112.938,66.3327,4.27076,4.53335e+06,-1.04806,0.198413,-1.73973,-0.356401,-0.636223,-4,-0.582957,1.16541,-1.36895,-0.631393,-0.824948
2023-08-24,28995,349.975,112.938,,15103,367,350,665.4,761.61,725,2050,349.975,117.618,90.1279,107.158,112.938,77.7301,4.84031,4.5677e+06,-0.908059,0.396825,-1.65104,-0.165081,-0.632291,-4,-0.32082,1.45051,-1.21806,-0.508576,-0.603319
2023-08-25,27955,349.975,113.062,,15063,367,350.1,664.97,770.12,730,2050,349.975,120.05,90.005,108.586,113.062,108.368,6.21977,4.68778e+06,-0.704462,0.595238,-1.54194,0.133017,-0.637877,-4,0.0120531,1.60848,-0.721945,-0.17621,-0.489535
2023-08-28,28011,349.992,114.062,,15048,367,349.95,667.95,787.36,738,2041,349.992,124.965,90.8474,110.862,114.062,154.033,7.96392,4.84546e+06,-0.542394,0.793651,-1.41438,0.329597,-0.635099,-4,0.391945,1.93169,-0.796666,0.320119,-0.603121
2023-08-29,28035,349.975,112.5,,15022,367,350,671.02,802.35,750,2052,349.975,129.259,91.7337,114.301,112.5,101.933,5.94625,4.96364e+06,-0.624062,0.793651,-1.70033,0.452211,-0.635918,-4,-0.465083,2.20862,-0.015863,-0.251308,-0.717424
2023-08-30,27942,349.975,113.562,,14965,367,350,670.99,798.38,740,2094,349.975,128.125,91.7251,111.444,113.562,110.13,6.29331,5.09484e+06,0.308839,24.8016,0.0674741,0.550204,-0.630861,0.893964,-0.0606805,2.11961,0.470171,-0.163598,-1.00094
2023-08-31,27818,350.017,113.438,,14976,367,350,670.83,780.54,735,2105,350.017,123.001,91.6566,109.99,113.438,117.452,6.59297,2.67806e+06,0.285669,22.619,0.0914644,0.479873,-0.624612,1.00771,-0.108704,1.76635,0.436659,-0.0854407,-0.876034
2023-09-01,27824,350,114.188,,14983,367,350.1,670.37,767.88,730,2090,350,119.394,91.5343,108.571,114.188,99.1949,5.82742,2.91274e+06,0.101008,10.119,-0.163405,0.365421,-0.626757,0.00792862,0.128613,1.51752,0.306878,-0.287577,-0.515707
2023-09-04,27775,350.025,114.562,,14979,367,350,672.62,769.98,730,2091,350.025,119.979,92.1634,108.557,114.562,72.8915,4.60273,2.96256e+06,0.0604842,9.3254,-0.20745,0.328418,-0.62532,0.112969,-0.109998,1.5501,0.392679,-0.577856,-0.43092
2023-09-05,27679,349.992,114,,14990,367,350,672.34,761.48,725,2136,349.992,117.571,92.1017,107.148,114,62.1924,4.05496,2.97997e+06,0.164351,14.2857,-0.0422135,0.370915,-0.627429,0.230727,0.270061,1.38283,0.685363,-0.696636,-0.146711
2023-09-06,27630,350,113.875,,14997,367,350,673.47,762.97,720,2178,350,117.991,92.42,105.714,113.875,63.7676,4.13765,3.0523e+06,0.122368,11.1111,-0.206959,0.451695,-0.625953,0.187981,-0.182906,1.40532,0.683755,-0.680705,0.345126
2023-09-07,27651,349.992,113.625,,15005,367,349.95,674.84,738.69,720,2131,349.992,111.059,92.816,105.719,113.625,59.6436,3.91958,3.13386e+06,-0.0576139,5.15873,-0.272614,0.157386,-0.632798,0.0456155,-0.230659,0.936293,0.180703,-0.72735,0.32241
2023-09-08,27686,349.975,114.25,,15001,366.64,287.35,674.18,738.19,710,2155,349.975,110.926,92.6366,102.872,114.25,62.1959,4.05514,3.2453e+06,-0.0261861,6.15079,-0.297935,0.245563,-0.63249,0.0170502,-0.278364,0.923719,0.517016,-0.700564,0.238594
2023-09-11,27737,349.983,114.625,,15035,366.64,287.35,675.54,706.34,717,2170,349.983,101.821,93.0206,104.867,114.625,190.843,9.17142,3.30041e+06,0.109279,10.3175,-0.331371,0.54993,-0.634565,-0.0810812,-0.278466,0.308846,0.636575,0.714118,0.530429
2023-09-12,27767,349.975,114.062,,15057,366.64,287.35,676.46,741.8,730,2176,349.975,111.958,93.2881,108.586,114.062,175.606,8.68965,3.32848e+06,0.119464,10.7143,-0.371388,0.610315,-0.630683,-0.205014,-0.278466,0.987573,0.298199,0.543306,0.614051
2023-09-13,27786,349.975,115.188,,15028,366.64,350.05,678.64,709.98,735,2168,349.975,102.866,93.911,110.015,115.188,173.581,8.62376,3.33485e+06,0.0143465,6.94444,-0.235423,0.264117,-0.631573,-0.271765,0.197067,0.372235,-0.13491,0.518204,0.337757
2023-09-14,27784,349.975,113.75,,15009,366.65,350,677.79,734.74,722,2156,349.975,109.941,93.6681,106.3,113.75,182.23,8.90202,3.34568e+06,0.0522964,8.13492,-0.37825,0.482843,-0.630153,-0.248749,-0.255848,0.846188,0.16751,0.610876,0.130752
2023-09-15,27530,349.992,113.875,,15005,366.64,350,680.73,717.35,730,2169,349.992,104.962,94.4989,108.576,113.875,200.208,9.45616,3.37856e+06,0.0347431,6.94444,-0.344953,0.414439,-0.625297,0.0366015,-0.446162,0.507069,0.0718526,0.806349,0.13053
2023-09-18,27470,349.992,113.688,,15018,366.64,350,679.35,714.88,738,2170,349.992,104.256,94.1046,110.862,113.688,192.093,9.20989,3.40211e+06,-0.032066,4.56349,-0.380004,0.315872,-0.626215,0.145828,-0.659623,0.456534,-0.0489222,0.713487,-0.0310951
2023-09-19,27438,349.983,112.812,,15026,366.64,349.95,680.06,726.8,740,2194,349.983,107.667,94.3121,111.439,112.812,194.499,9.28356,3.42301e+06,0.00896937,5.95238,-0.399014,0.416953,-0.625955,0.206349,-0.777437,0.684448,0.107247,0.737006,-0.138731
2023-09-20,27425,350,112.625,,15013,366.64,350.1,679.95,711.94,735,2265,350,103.411,94.2714,110,112.625,200.201,9.45595,3.45823e+06,0.00498544,5.35714,-0.553263,0.563234,-0.62329,0.237083,-1.27358,0.393159,0.789989,0.796883,-0.0174228
2023-09-21,27342,349.983,113.562,,15024,366.64,350,681.33,721.16,745,2375,349.983,106.056,94.675,112.867,113.562,188.005,9.08346,3.4767e+06,0.339822,28.5714,-0.22617,0.905815,-0.625356,0.316993,-0.370149,0.569796,1.83632,0.658813,0.21084
2023-09-22,27254,350.025,113.562,,14969,366.65,350.05,681.49,751.12,745,2371,350.025,114.59,94.6975,112.842,113.562,143.839,7.60109,3.49278e+06,0.267218,21.0317,-0.295117,0.829553,-0.621351,0.153366,-0.417367,1.14559,1.68236,0.166969,-0.182957
2023-09-25,27204,350.008,112.875,,15010,366.64,350.05,683.06,735.27,745,2368,350.008,110.072,95.1554,112.852,112.875,191.799,9.20086,3.55922e+06,0.27416,21.4286,-0.362306,0.910626,-0.623467,0.143284,-0.606734,0.834903,1.64056,0.696213,0.0310255
2023-09-26,27152,350.025,112.438,,14988,366.7,350,685.57,763.43,758,2385,350.025,118.107,95.8632,116.556,112.438,204.771,9.59194,3.6164e+06,0.37715,30.754,-0.298851,1.05315,-0.619605,0.163176,-0.440124,1.37605,1.57359,0.836849,-0.200918
2023-09-27,27057,350.025,113.812,,14949,366.91,350,689.85,722.89,773,2399,350.025,106.525,97.0859,120.841,113.812,202.147,9.51409,3.69486e+06,0.28717,22.8175,-0.0744379,0.648779,-0.621713,0.245321,0.153078,0.585189,1.08271,0.804407,-0.403159
2023-09-28,27068,350.025,113.188,,14952,366.9,350.05,694.89,720.22,790,2486,350.025,105.762,98.5258,125.698,113.188,195.084,9.30139,3.70974e+06,0.120724,9.72222,-0.302949,0.544396,-0.619054,0.150663,-0.440456,0.530415,0.884354,0.722863,-0.464493
2023-09-29,26925,350.008,113.875,,14938,366.9,349.95,701.01,813.37,800,2543,350.008,132.386,100.284,128.566,113.875,205.399,9.6105,2.40544e+06,0.541289,50,-0.199991,1.28257,-0.627098,0.206543,-0.179419,2.32942,1.40016,0.834143,-0.149456
2023-10-02,26634,350.025,114.438,,14986,366.86,350.05,709.83,784.46,800,2600,350.025,124.115,102.794,128.555,114.438,195.575,9.31631,2.54403e+06,0.640004,60.9127,0.0415511,1.23846,-0.622032,0.452099,0.294586,1.75896,1.90132,0.721854,-0.0950754
2023-10-03,26558,350.025,112.812,,14994,366.91,350.05,720.38,745.73,810,2637,350.025,113.05,105.808,131.412,112.812,196.905,9.35667,2.58364e+06,0.501341,46.4286,-0.101542,1.10422,-0.624044,0.476551,-0.157132,1.00477,2.05882,0.733565,0.135262
2023-10-04,26470,350.025,114.5,,15008,367.23,350,747.67,868.54,843,2698,350.025,148.137,113.605,140.84,114.5,203.67,9.55936,2.68059e+06,0.947649,78.7698,-0.0641105,1.95941,-0.623612,0.470179,-0.0388981,3.34318,2.43769,0.805545,0.543039
2023-10-05,26382,350.025,114,,15021,367.23,350,784.82,890.98,843,2719,350.025,154.548,124.218,140.84,114,200.921,9.4775,2.68512e+06,0.945638,78.5714,-0.0147601,1.90604,-0.623181,0.570979,0.00792202,3.71752,1.87299,0.771712,0.617804
2023-10-06,26262,350.025,114,,15001,367.23,350.1,820.37,914.89,885,2675,350.025,161.378,134.375,152.839,114,207.28,9.66582,2.88639e+06,0.824374,71.627,-0.108071,1.75682,-0.620362,0.549652,-0.253505,4,1.0245,0.839096,0.570546
2023-10-09,26269,350.025,114.438,,15003,367.24,350.1,840.57,914.89,945,2674,350.025,161.378,140.146,169.981,114.438,213.764,9.85419,2.97066e+06,0.680418,63.0952,-0.226023,1.58686,-0.622312,0.245281,-0.301037,4,0.538913,0.907694,0.214798
2023-10-10,26059,350.025,113.562,,14881,367.39,350.1,844.81,892.03,1010,2622,350.025,154.848,141.357,188.551,113.562,162.378,8.25111,3.29258e+06,0.427665,34.3254,-0.0841732,0.939503,-0.621929,0.385821,-0.0164114,3.55497,-0.204992,0.332512,-0.788461
2023-10-11,25772,350.025,114.75,,14742,367.39,350.1,856.3,857.52,1010,2523,350.025,144.988,144.64,188.551,114.75,114.801,6.48556,3.61744e+06,-0.0134553,4.36508,-0.0772739,0.0503633,-0.621582,0.596465,-0.206706,2.89868,-1.53781,-0.200342,-1.96852
2023-10-12,25225,350.025,114.062,,14623,367.39,349.95,871.56,869.56,980,2510,350.025,148.428,148.999,179.98,114.062,496.912,15.8173,3.94119e+06,0.571729,52.9762,0.0627302,1.08073,-0.62128,1.08743,-0.277962,3.08196,-1.81227,3.99737,-2.96901
2023-10-13,25225,350.025,114.062,,14623,367.39,349.95,871.56,869.56,980,2506,350.025,148.428,148.999,179.98,114.062,496.912,15.8173,3.94119e+06,0.597397,56.746,0.0203662,1.17443,-0.620978,0.96009,-0.278013,3.0487,-1.47336,3.93003,-2.78975
2023-10-16,25225,350.025,114.062,,14623,367.17,349.95,871.56,869.56,980,2506,350.025,148.428,148.999,179.98,114.062,496.912,15.8173,3.94119e+06,0.559397,50.5952,-0.0335065,1.1523,-0.620651,0.964144,-0.444013,3.01624,-1.45937,3.86576,-2.77916
2023-10-17,24995,350.017,129.625,,14571,368.19,350.1,884.9,954.33,985,2375,350.017,172.653,152.817,181.415,129.625,506.869,15.9749,4.46055e+06,1.39705,92.4603,1.45671,1.33739,-0.621511,0.991646,4,4,-2.10111,3.90597,-2.24797
2023-10-18,24789,350.025,129.375,,14533,368.6,350.1,886.55,982.1,905,2390,350.025,180.58,153.282,158.553,129.375,419.378,14.5004,4.98194e+06,1.43669,92.8571,1.43082,1.44257,-0.620028,0.912492,4,4,-1.15609,2.95186,-1.49355
2023-10-19,24793,350.025,128.688,,14357,368.6,349.95,889.72,989.98,1050,2403,350.025,182.831,154.188,199.979,128.688,418.461,14.4837,5.20009e+06,1.33137,90.6746,1.23497,1.42778,-0.619657,0.324558,4,4,-0.938982,2.91173,-1.95104
2023-10-20,24543,350.025,128.812,,14240,368.6,349.95,898.9,1016.2,1200,2412,350.025,190.322,156.81,242.833,128.812,486.863,15.6558,5.36872e+06,1.42212,92.4603,1.32639,1.51785,-0.619335,0.598514,4,4,-0.830374,3.56946,-2.85322
2023-10-23,24553,350,128.5,,14262,368.6,349.95,911.87,980.62,1100,2611,350,180.177,160.534,214.286,128.5,162.544,8.25674,5.45888e+06,1.19121,86.7063,1.32124,1.06117,-0.622609,0.586334,4,4,0.805675,0.242187,-2.66755
2023-10-24,24556,350.025,127.5,,14286,368.6,349.95,854.57,884.84,1100,2496,350.025,152.793,144.145,214.263,127.5,125.502,6.9119,5.23045e+06,0.156125,9.92063,-0.437014,0.749264,-0.617578,0.333747,-1.02721,2.86692,0.934278,-0.139653,-2.07825
2023-10-25,24499,350.017,128.25,,14280,368.6,350.1,878.93,899.4,1000,2475,350.017,156.959,151.111,185.701,128.25,219.462,10.0168,5.18647e+06,0.325618,24.0079,-0.379347,1.03058,-0.619632,0.172113,-0.690521,3.06271,0.636571,0.822065,-1.82861
2023-10-26,24553,350.008,128.188,,14308,368.6,349.95,865.17,888.88,980,2531,350.008,153.96,147.186,179.993,128.188,239.206,10.5604,5.18384e+06,0.514227,45.8333,-0.328122,1.35658,-0.620506,0.11663,-0.480488,2.87251,0.987228,1.02084,-0.265123
2023-10-27,24561,350.008,128.875,,14309,368.6,349.95,823.3,836.99,990,2560,350.008,139.134,135.223,182.85,128.875,281.483,11.633,5.20962e+06,0.532004,46.4286,-0.359694,1.4237,-0.620268,-0.16693,-0.291885,2.06212,1.1497,1.44854,0.645205
2023-10-30,24614,350.025,128.688,,14287,368.6,349.95,857.79,844,970,2583,350.025,141.126,145.065,177.123,128.688,441.158,14.8876,5.32032e+06,0.544629,48.2143,-0.359318,1.44858,-0.613958,-0.213844,-0.250152,2.15809,-0.292561,3.0524,0.304176
2023-10-31,22559,350.008,128.562,,14262,368.6,350,850.8,849.4,920,2577,350.008,142.68,143.08,162.851,128.562,532.42,16.3687,2.59478e+06,1.21884,87.3016,0.521504,1.91617,-0.619543,2.14151,0.0425416,2.22864,0.602491,3.91301,-0.0750756
2023-11-01,21876,349.992,129.375,,14311,368.6,349.95,842.59,844.19,915,2601,349.992,141.203,140.746,161.435,129.375,489.105,15.6921,2.63616e+06,1.34629,90.4762,0.773887,1.91869,-0.62035,2.87933,0.0626764,2.13839,0.970602,3.43184,0.349145
2023-11-02,21878,350.025,128.438,,14325,368.6,350.1,863.6,856.58,925,2546,350.025,144.72,146.725,164.267,128.438,442.366,14.9087,2.65459e+06,1.11887,84.5238,0.686705,1.55104,-0.614033,2.90515,-0.231005,2.30957,0.0616708,2.93743,0.239961
2023-11-03,21883,350.025,129.875,,14334,368.6,350.1,844,840.95,925,2525,350.025,140.254,141.126,164.267,129.875,386.809,13.8925,2.66999e+06,0.986217,78.1746,0.761461,1.21097,-0.61345,2.87791,0.0199246,2.06314,-0.346907,2.37287,0.298593
2023-11-06,21883,350.025,129.875,,14334,365.5,350.1,844,840.95,925,2525,350.025,140.254,141.126,164.267,129.875,386.809,13.8925,2.66999e+06,0.981965,77.7778,0.790452,1.17348,-0.615397,2.90476,0.0819948,2.05226,-0.533299,2.35503,0.466378
2023-11-07,20928,350.025,129.625,,14373,365.5,350,857.94,863.84,890,2525,350.025,146.794,145.108,154.268,129.625,412.729,14.3792,2.65313e+06,0.911546,73.6111,0.40371,1.41938,-0.612532,1.7843,0.039358,2.38153,-0.482923,2.58519,0.968091
2023-11-08,20938,350.025,129.75,,14364,365.5,349.95,852.21,836.09,890,2458,350.025,138.866,143.471,154.268,129.75,417.9,14.4735,2.6115e+06,0.542003,47.2222,0.0559294,1.02808,-0.609684,0.969076,-0.191604,1.95849,-1.22666,2.61249,0.507905
2023-11-09,20950,350.025,129,,14343,365.5,349.95,868.19,868.64,950,2466,350.025,148.165,148.037,171.409,129,369.572,13.5556,2.67129e+06,0.601147,55.1587,0.0705634,1.13173,-0.613911,0.954679,-0.129079,2.42584,-0.710037,2.13368,0.223167
2023-11-10,20905,350,129.812,,14342,365.5,349.95,902.84,898.55,960,2475,350,156.729,157.954,174.286,129.812,440.429,14.8749,2.68663e+06,0.757242,65.4762,0.0194793,1.495,-0.616942,1.01413,-0.338754,2.84307,-0.465642,2.78648,0.137221
2023-11-13,20977,350.025,130.312,,14371,365.5,349.95,870.74,885.78,925,2495,350.025,153.062,148.765,164.267,130.312,15793.6,51.678,2.67942e+06,0.953857,76.9841,0.0460322,1.86168,-0.612823,0.922202,-0.171282,2.63543,-0.305355,4,0.37162
2023-11-14,21167,350.025,128.312,,14378,365.5,350.1,869.83,877.52,925,2497,350.025,150.702,148.505,164.267,128.312,11641.8,47.95,2.74202e+06,0.588,52.1825,-0.612905,1.7889,-0.612359,-0.468999,-0.757358,2.49843,-0.290972,4,0.107423
2023-11-15,21102,353.008,128.25,,14365,368.5,352.95,869.65,872.7,970,2452,353.008,147.218,146.354,174.781,128.25,16341.8,52.1013,2.88412e+06,0.659251,59.127,-0.461683,1.78018,-0.190437,-0.375982,-0.818632,2.30572,-0.111622,4,0.0730959
2023-11-16,21403,353.475,129.875,,14303,369,353.45,874.06,837.8,950,2397,353.475,137.018,147.276,168.76,129.875,23849.7,56.8769,3.25506e+06,0.57094,50.3968,-0.291757,1.43364,-0.125252,-0.726988,-0.0230316,1.78192,-0.632173,4,-0.264022
2023-11-17,21505,354.008,129.25,,14191,369.5,353.95,898.21,873.88,950,2412,354.008,146.853,153.726,168.355,129.25,24495.6,57.2204,3.84755e+06,0.484484,39.2857,-0.485243,1.45421,-0.0473931,-0.903741,-0.504594,2.26063,-0.581912,4,-1.17796
2023-11-20,21505,354.008,129.25,,14191,369.5,353.95,898.21,873.88,950,2243,354.008,146.853,153.726,168.355,129.25,24495.6,57.2204,3.84755e+06,0.231042,14.6825,-0.511844,0.973928,-0.0516786,-0.812748,-0.671107,2.24463,-2.1295,4,-1.41275
2023-11-21,21631,356.025,129.812,,14114,371.5,355.95,935.1,913.18,1075,2175,356.025,156.493,162.65,201.945,129.812,211166,87.6176,3.86017e+06,0.37216,25.9921,-0.104099,0.848418,0.229984,-0.728858,0.186578,2.6992,-2.68068,4,-2.09813
2023-11-22,21539,356.508,129.438,,14117,372,356.45,988.53,980.42,1080,2124,356.508,175.006,177.281,202.938,129.438,237702,89.4511,3.87808e+06,0.430476,32.5397,-0.247136,1.10809,-0.125739,-0.696709,0.0810393,3.56131,-2.70415,4,-1.95769
2023-11-23,21554,357.008,128.562,,14095,372.5,356.95,1019.2,980.42,1045,2125,357.008,174.621,185.484,192.71,128.562,352496,95.6848,3.8485e+06,0.430453,32.3413,-0.40857,1.26948,-0.122367,-0.347838,-0.755504,3.49216,-2.2346,4,-1.6288
2023-11-24,21551,357.525,129.25,,14097,373,357.6,968.82,999.12,995,1961,357.525,179.455,170.98,178.302,129.25,444848,99.4624,3.88604e+06,0.417666,30.3571,-0.220934,1.05627,-0.126012,-0.221021,-0.315769,3.66756,-3.62238,4,-0.696493
2023-11-27,21538,359.025,129.5,,14081,374.5,359,893.78,885.63,990,2006,359.025,146.676,148.946,175.747,129.5,924347,111.818,3.93178e+06,0.47985,38.6905,-0.118625,1.07833,0.0816279,-0.205253,-0.23225,2.09462,-1.9079,4,-0.825161
2023-11-28,21535,359.525,129.375,,14090,375,359.5,870.05,865.07,945,2054,359.525,140.615,142,162.847,129.375,1.22085e+06,116.717,3.95325e+06,0.572356,50.7937,-0.214396,1.35911,-0.132652,-0.0483306,-0.462205,1.79834,-0.984218,4,-0.114492
2023-11-29,21603,360.008,129.312,,14110,375.5,360,840,817.64,925,2020,360.008,127.117,133.328,156.939,129.312,991968,113.051,4.05552e+06,0.496356,41.2698,-0.243077,1.23579,-0.133868,-0.237965,-0.357397,1.15684,-0.84649,4,0.0298202
2023-11-30,21513,360.525,129.875,,14111,376,360.5,860.75,834.87,905,1982,360.525,131.571,138.749,151.023,129.875,1.65332e+06,122.186,1.21922e+06,0.59762,54.5635,-0.0396909,1.23493,-0.132879,-0.109393,0.123199,1.36128,-1.15108,4,0.224097
2023-12-01,21428,361.025,130.188,,14133,376.5,361.1,907.67,927.24,955,1982,361.025,156.835,151.415,164.525,130.188,1.42626e+06,119.505,1.23726e+06,0.957221,77.7778,-0.0491874,1.96363,-0.136465,-0.00806459,-0.00303251,2.52891,0.146052,4,0.395472
2023-12-04,21329,362.525,129.625,,14135,378,362.45,916.75,892.36,930,1950,362.525,146.151,152.879,156.534,129.625,3.43891e+06,135.97,1.24605e+06,0.780337,67.8571,-0.105223,1.6659,-0.139062,0.0986932,-0.275301,2.0166,-0.462584,4,0.553253
2023-12-05,21345,363.025,129.062,,14148,378.5,363.1,933.46,944.6,910,1937,363.025,160.202,157.134,150.671,129.062,4.95363e+06,143.156,1.23927e+06,0.776352,67.4603,-0.162267,1.71497,-0.140313,0.0751354,-0.421622,2.64687,-0.943433,4,0.597912
2023-12-06,21168,363.55,129.125,,14151,379,363.7,946.25,918.67,955,1896,363.55,152.694,160.281,162.687,129.125,1.487e+07,166.147,1.28636e+06,0.764462,66.2698,-0.0477901,1.57671,-0.135822,0.372155,-0.379703,2.28266,-0.996993,4,0.465652
2023-12-07,21209,364.408,130.125,,14126,400.5,385,986.61,1001.3,990,1896,364.408,174.774,170.743,171.673,130.125,1.77287e+07,170.021,1.33554e+06,0.936583,76.5873,-0.0373389,1.9105,-0.0904026,0.211808,-0.233422,3.25702,-0.696564,4,0.252618
2023-12-08,21209,364.408,130.125,,14126,400.5,385,986.61,1001.3,990,1920,364.408,174.774,170.743,171.673,130.125,1.77287e+07,170.021,1.33554e+06,0.898227,73.2143,-0.130148,1.9266,-0.160041,0.107703,-0.338106,3.21678,-0.506633,4,0.0659262
2023-12-11,21017,366,129.875,,14115,400.5,365.95,997.5,975.06,1000,1935,366,166.41,172.541,173.224,129.875,53249.4,67.5512,1.34362e+06,0.34379,23.8095,-0.0536454,0.741225,-0.149976,0.222639,-0.233599,2.81152,-0.135043,-0.0591886,-0.0459914
2023-12-12,20920,366.5,129.75,,14094,400.5,366.45,1026.3,1045.4,1070,1879,366.5,185.239,180.027,191.951,129.75,62782,69.8306,1.34839e+06,0.434964,32.7381,0.0407943,0.829133,-0.151151,0.36099,-0.0874559,3.59869,-0.472859,-0.0520997,-0.343535
2023-12-13,21133,799.975,129.25,,14100,820,366.45,1037.7,1045.3,1070,1815,799.975,30.6666,29.7166,33.7542,129.25,100.02,5.86338,1.29802e+06,0.0159511,4.96032,1.20154,-1.16964,4,-0.119415,-0.275957,-3.1834,-0.651874,-0.0993329,-0.318273
2023-12-14,21499,800.525,127.875,,14139,820.62,366.45,1010.5,1014.7,990,1828,800.525,26.7543,26.2297,23.6688,127.875,122.679,6.80126,1.2876e+06,-0.145028,2.18254,0.805995,-1.09605,4,-0.514582,-1.06743,-3.31067,-0.546639,-0.0993159,0.240892
2023-12-15,21451,801.075,128.25,,14207,821,366.45,1002.4,985.78,970,1854,801.075,23.0571,25.1319,21.0873,128.25,109.293,6.25844,1.3292e+06,-0.0846556,2.57937,0.868889,-1.0382,4,-0.455169,-0.938165,-3.42267,-0.52824,-0.0993261,0.833063
2023-12-18,21477,802.625,129.938,,14294,822.5,366.45,963.92,971.76,985,1844,802.625,21.0727,20.0959,22.7223,129.938,60.7625,3.97925,1.34505e+06,0.00681106,4.7619,0.997005,-0.983383,4,-0.721389,-0.287597,-3.45841,-0.72301,-0.0993627,1.67789
2023-12-19,22663,803.175,113,,14375,823,366.45,964.93,976.86,990,1853,803.175,21.6248,20.1394,23.2608,113,71.8895,4.55278,1.37052e+06,-0.717337,0.595238,-0.741432,-0.693243,4,-2.2243,-4,-3.38881,-0.207601,-0.0993543,2.53882
2023-12-20,22758,803.725,109.75,,14432,823.5,366.45,947.17,955.32,995,1872,803.725,18.8616,17.8475,23.7986,109.75,81.8895,5.03984,1.4022e+06,-1.276,0.198413,-2.08483,-0.467169,-0.19702,-2.05748,-4,-3.45551,0.449083,-0.0993468,2.94137
2023-12-21,22209,804.225,109.938,,14579,824,366.45,971.13,962.32,990,1860,804.225,19.6581,20.7535,23.0999,109.938,89.7067,5.40376,1.43809e+06,-1.05428,0.396825,-1.72691,-0.381643,-0.197824,-0.982917,-4,-3.37733,0.252204,-0.099341,3.77742
2023-12-22,22581,804.775,109.562,,14708,824.5,366.45,956.13,934.62,995,1864,804.775,16.1343,18.8071,23.637,109.562,68.2603,4.36956,1.48317e+06,-1.15655,0.396825,-1.88677,-0.426339,-0.197843,-1.46247,-4,-3.4718,0.0789737,-0.0993572,4
2023-12-25,22581,804.775,109.562,,14708,824.5,366.45,956.13,934.62,995,1864,804.775,16.1343,18.8071,23.637,109.562,68.2603,4.36956,1.48317e+06,-1.17843,0.396825,-1.88263,-0.474237,-0.22212,-1.42577,-4,-3.4247,0.158934,-0.0993572,3.41058
2023-12-26,22571,806.883,109.312,,14907,826.75,366.45,945.02,931.1,995,1866,806.883,15.3946,17.1198,23.314,109.312,55.8869,3.71639,1.46966e+06,-0.445074,2.18254,-0.489508,-0.40064,-0.197753,-0.0359638,-1.23481,-3.40691,0.104042,-0.0993665,4
2023-12-27,22763,807.425,108.875,,15203,827.25,366.45,930.14,899.12,1000,1894,807.425,11.3565,15.1983,23.8505,108.875,45.8849,3.15263,1.51776e+06,-0.336883,3.1746,-0.262905,-0.410861,-0.197901,-0.14556,-0.445253,-3.51427,0.175632,-0.0993741,4
2023-12-28,23125,807.975,109,,15498,827.75,366.45,953.33,938.89,1000,1892,807.975,16.2029,17.99,23.7662,109,47.0042,3.21745,1.58591e+06,-0.466442,2.18254,-0.610627,-0.322257,-0.197152,-1.17247,-0.462256,-3.28336,0.254835,-0.0993732,4
2023-12-29,23073,808.483,109.75,,15802,828.25,366.45,997.45,973.94,1025,1906,808.483,20.4651,23.373,26.7806,109.75,68.4208,4.37773,919663,-0.293269,3.57143,-0.344196,-0.242341,-0.197846,-0.687756,-0.146985,-3.08352,0.334679,-0.0993571,4
2024-01-01,23073,808.483,109.75,,15802,828.25,366.45,997.45,973.94,1025,1906,808.483,20.4651,23.373,26.7806,109.75,68.4208,4.37773,919663,-0.288016,3.76984,-0.343681,-0.232351,-0.197862,-0.68616,-0.147021,-3.04848,0.33461,-0.0993571,4
2024-01-02,23470,810.65,108,,15731,830.25,366.45,991.77,996.84,1005,1938,810.65,22.968,22.3426,23.9746,108,43.1782,2.99397,949516,-0.380169,3.1746,-0.631401,-0.128937,-0.197115,-1.13034,-0.566747,-2.92303,0.571124,-0.0993761,4
2024-01-03,23677,811.15,109.125,,15701,831,366.45,1032.2,1046.9,1005,1986,811.15,29.0637,27.2514,23.8982,109.125,50.5228,3.41831,989338,-0.322541,3.76984,-0.487002,-0.15808,-0.197809,-1.13429,-0.128906,-2.67053,0.727579,-0.0993706,2.97808
2024-01-04,23835,811.75,109.25,,15699,831.5,366.45,1047.6,1076.6,1020,2018,811.75,32.627,29.0545,25.6545,109.25,53.7621,3.59945,1.05714e+06,-0.352149,3.57143,-0.407951,-0.296347,-0.197076,-0.897872,-0.128906,-2.51773,0.992724,-0.0993682,1.17433
2024-01-05,24119,812.25,109.125,,15677,832,366.45,1116.1,1152.3,1025,1998,812.25,41.8652,37.4084,26.1927,109.125,47.3723,3.23867,1.08539e+06,-0.578433,1.98413,-0.60778,-0.549085,-0.197242,-1.25228,-0.373819,-2.16258,0.720546,-0.099373,-0.760777
2024-01-08,23233,813.85,108.562,,15714,833.5,366.45,1142.6,1222.7,1050,2049,813.85,50.2365,40.3944,29.0164,108.562,44.6414,3.08008,1.09972e+06,-0.322631,4.16667,-0.333176,-0.312086,-0.172483,-0.296263,-0.530783,-1.84378,1.12147,-0.0993751,-0.54122
2024-01-09,23286,814.35,109.75,,15767,834,366.45,1160.5,1193.2,1120,2102,814.35,46.5218,42.5063,37.533,109.75,42.7244,2.9671,1.13734e+06,-0.0693193,5.75397,0.0583691,-0.197008,-0.198457,0.0821036,0.291461,-1.9682,1.28342,-0.0993765,0.189261
2024-01-10,23411,814.95,108.312,,15779,834.5,366.45,1147.6,1182.8,1150,1985,814.95,45.1377,40.8185,41.113,108.312,43.3164,3.00214,1.12401e+06,-0.349521,3.96825,-0.15092,-0.548122,-0.196931,0.170302,-0.426132,-2.0063,-0.0308537,-0.0993761,0.436199
2024-01-11,23571,815.45,109.5,,15796,835,833.33,1129.2,1161.9,1120,1926,815.45,42.4857,38.4757,37.3475,109.5,38.0937,2.68834,1.15326e+06,-0.408023,3.37302,-0.0536426,-0.762403,-0.198492,0.166237,-0.128672,-2.08918,-0.753181,-0.09938,0.546659
2024-01-12,23980,816.05,109.375,,15798,835.5,833.83,1097.3,1114.7,1120,1904,816.05,36.597,34.4648,37.2465,109.375,56.4187,3.74542,1.23916e+06,-0.45054,2.57937,-0.0987355,-0.802345,-0.196937,0.0296878,-0.128958,-2.28589,-0.766365,-0.0993662,0.686833
2024-01-15,24001,817.65,109.625,,15800,837.25,835.58,1129.6,1114.7,1130,1905,817.65,36.3297,38.152,38.2009,109.625,56.398,3.74429,1.24259e+06,-0.64526,1.78571,-0.347978,-0.942543,-0.197011,-0.945027,0.0981031,-2.27886,-1.15987,-0.0993663,0.478397
2024-01-16,23972,818.15,109.75,,15829,837.75,836.07,1167.5,1212.9,1180,1920,818.15,48.2491,42.7,44.2278,109.75,60.2407,3.95147,1.27205e+06,-0.669522,1.78571,-0.416709,-0.922335,-0.196998,-0.853554,-0.199575,-1.84091,-1.45531,-0.0993634,0.33483
2024-01-17,24167,818.65,109.562,,15864,838.25,836.57,1226.8,1272.9,1225,1948,818.65,55.4877,49.8565,49.6366,109.562,63.5546,4.12651,1.35376e+06,-0.410843,3.96825,-0.3231,-0.498587,-0.198528,-0.92076,0.149989,-1.57469,-0.304761,-0.0993609,0.467512
2024-01-18,24300,819.25,109.625,,15843,838.75,837.07,1232.1,1254.3,1240,1966,819.25,53.1034,50.3937,51.3579,109.625,55.5893,3.70009,1.41152e+06,-0.39694,4.36508,-0.415753,-0.378126,-0.196974,-0.884936,-0.165351,-1.65174,0.305602,-0.0993669,0.24412
2024-01-19,24427,819.75,109.688,,15864,839.25,837.57,1258.8,1297.3,1220,1971,819.75,58.2556,53.559,48.8259,109.688,61.3376,4.00978,1.41259e+06,-0.272092,6.34921,-0.296741,-0.247442,-0.198501,-0.578811,-0.112912,-1.46216,0.518721,-0.0993626,0.353502
2024-01-22,24488,821.45,108.688,,15863,840.75,839.07,1241.8,1297,1235,1935,821.45,57.8915,51.1717,50.3439,108.688,65.1598,4.21013,1.42831e+06,-0.381123,4.56349,-0.426124,-0.336122,-0.197031,-0.618836,-0.462505,-1.46898,0.224856,-0.0993597,0.334105
2024-01-23,24675,821.95,109.688,,15827,841.25,839.57,1231.5,1285.1,1255,1892,821.95,56.3477,49.8266,52.6857,109.688,63.5894,4.12834,1.42633e+06,-0.477136,2.77778,-0.418469,-0.535802,-0.197024,-0.841084,-0.2173,-1.51726,-0.234842,-0.0993609,-0.0477002
2024-01-24,24848,822.45,109.875,,15796,841.75,839.57,1238.4,1303.1,1255,1897,822.45,58.4412,50.5745,52.5929,109.875,56.3225,3.74018,1.45507e+06,-0.496835,2.77778,-0.373436,-0.620234,-0.197016,-0.810957,-0.112335,-1.43757,-0.416532,-0.0993664,-0.434696
2024-01-25,24859,823.05,108.812,,15802,842.25,839.57,1230.5,1273.9,1245,1870,823.05,54.778,49.5049,51.2666,108.812,57.1311,3.78418,1.49334e+06,-0.584773,2.38095,-0.434784,-0.734763,-0.197016,-0.68154,-0.425797,-1.5604,-0.773359,-0.0993658,-0.277093
2024-01-26,25007,823.55,108.062,,15822,842.75,839.57,1189,1230.9,1220,1856,823.55,49.4627,44.375,48.1392,108.062,53.3283,3.5754,1.52265e+06,-0.672482,1.78571,-0.515528,-0.829436,-0.197011,-0.698467,-0.651105,-1.73925,-0.923273,-0.0993687,-0.28228
2024-01-29,25158,825.25,109,,15868,844.5,839.57,1219.4,1254.5,1225,1888,825.25,52.0145,47.7613,48.4399,109,53.8407,3.60381,1.59198e+06,-0.486016,3.37302,-0.363436,-0.608596,-0.197086,-0.78606,-0.107164,-1.64295,-0.384345,-0.0993683,-0.00684131
2024-01-30,25105,825.75,108.625,,15924,845,839.57,1198.2,1267.3,1215,1936,825.75,53.4726,45.1045,47.139,108.625,52.732,3.54223,1.58055e+06,-0.359259,6.15079,-0.408725,-0.309793,-0.197065,-0.538579,-0.490532,-1.58562,0.335877,-0.0993691,0.529673
2024-01-31,27642,826.25,109.688,,15961,845.5,839.57,1177,1249.6,1195,1950,826.25,51.2375,42.4508,44.6293,109.688,49.3353,3.35101,1.30858e+06,-0.662733,2.18254,-1.07187,-0.2536,-0.197046,-2.77455,-0.243999,-1.65668,0.406381,-0.0993717,0.924144
2024-02-01,27072,826.85,107.938,,16020,846,839.57,1250.9,1277.7,1195,1959,826.85,54.5262,51.285,44.5244,107.938,41.144,2.87291,1.33197e+06,-0.523461,3.37302,-0.952259,-0.0946624,-0.197047,-2.22362,-0.436115,-1.53655,0.691438,-0.0993778,1.22634
2024-02-02,27016,827.35,108.875,,15887,846.5,839.57,1244.3,1295.5,1175,1919,827.35,56.5843,50.3958,42.0197,108.875,41.7935,2.91174,1.40334e+06,-0.491243,3.76984,-0.723882,-0.258603,-0.197108,-2.01085,0.0363121,-1.46009,0.486434,-0.0993773,0.335834
2024-02-05,26991,829.05,108,,15911,848,839.57,1214,1288.4,1160,1869,829.05,55.4068,46.4327,39.9192,108,36.5328,2.59244,1.44259e+06,-0.652232,2.38095,-0.832025,-0.472439,-0.197278,-1.82779,-0.471004,-1.49571,-0.16129,-0.0993813,0.205687
2024-02-06,26414,829.55,108.438,,15936,848.5,839.57,1188.6,1249.4,1145,1832,829.55,50.6118,43.2825,38.0266,108.438,37.076,2.62593,1.47553e+06,-0.664142,2.18254,-0.592881,-0.735404,-0.197279,-1.33814,-0.243225,-1.65492,-0.832006,-0.0993808,0.0247841
2024-02-07,26483,830.15,108.875,,15956,849,839.57,1205.4,1260.2,1170,1928,830.15,51.8039,45.2027,40.9384,108.875,36.0563,2.56297,1.49597e+06,-0.213445,9.12698,0.122755,-0.549645,-0.195763,0.981765,-0.417738,-1.60751,-0.179975,-0.0993816,-0.0737877
2024-02-08,26377,830.65,109.438,,15921,849.5,839.57,1194.7,1241.5,1145,1956,830.65,49.4613,43.8271,37.8439,109.438,36.068,2.56369,1.54045e+06,-0.20314,9.3254,0.198371,-0.60465,-0.197268,0.563293,0.229087,-1.68127,-0.0271232,-0.0993816,-0.616994
2024-02-09,26502,831.25,107.875,,15922,850,839.57,1172,1221.4,1145,1993,831.25,46.9353,40.9925,37.7444,107.875,36.9605,2.61882,1.63372e+06,-0.215837,9.12698,-0.0908809,-0.340793,-0.195667,0.393507,-0.470483,-1.76044,0.586453,-0.0993809,0.16119
2024-02-12,26502,831.25,107.875,,15922,850,839.57,1172,1221.4,1145,1993,831.25,46.9353,40.9925,37.7444,107.875,36.9605,2.61882,1.63372e+06,-0.13534,9.92063,-0.0258214,-0.244859,-0.221331,0.369188,-0.225321,-1.75308,0.984226,-0.0993808,0.0224594
2024-02-13,26502,831.25,107.875,,15922,850,839.57,1172,1221.4,1145,2032,831.25,46.9353,40.9925,37.7444,107.875,36.9605,2.61882,1.63372e+06,-0.169768,9.72222,-0.247562,-0.0919734,-0.228802,-0.16623,-0.347653,-1.74644,1.58489,-0.0993808,-0.121942
2024-02-14,26603,833.95,108.188,,15931,853,839.57,1122.6,1176.6,1105,1930,833.95,41.0876,34.6124,32.5019,108.188,54.7183,3.65226,1.6474e+06,-0.431557,5.35714,-0.258392,-0.604722,-0.196994,-0.195946,-0.382234,-1.93706,0.0121163,-0.0993674,-0.184431
2024-02-15,26641,834.567,109.625,,15941,853.5,839.57,1094.5,1142.3,1075,1895,834.567,36.8734,31.1459,28.8094,109.625,58.3445,3.84981,1.68244e+06,-0.484696,4.56349,-0.220926,-0.748465,-0.195216,-0.330335,-0.137227,-2.07011,-0.489217,-0.0993647,0.0781328
2024-02-16,26860,835.05,109.125,,15970,854,839.57,1064.2,1119.3,1095,1788,835.05,34.0399,27.4415,31.1299,109.125,57.7189,3.81603,1.71762e+06,-0.613285,3.1746,-0.150867,-1.0757,-0.196957,-0.415134,0.159489,-2.155,-1.63114,-0.0993652,0.241102
2024-02-19,26859,836.75,109.312,,16001,855.5,839.57,1112.5,1119.3,1110,1788,836.75,33.7676,32.9549,32.6561,109.312,62.8402,4.08906,1.73626e+06,-0.586657,3.37302,-0.124389,-1.04892,-0.171327,-0.413033,0.211192,-2.15308,-1.62856,-0.0993614,0.419519
2024-02-20,27104,837.25,109.562,,16002,856,839.57,1088.1,1118.6,1115,1762,837.25,33.6041,29.9612,33.1741,109.562,51.9092,3.49628,1.77676e+06,-0.682602,1.78571,-0.173213,-1.19199,-0.163809,-0.636178,0.280346,-2.14667,-2.13783,-0.0993696,0.423813
2024-02-21,27140,837.85,108.125,,16022,856.5,839.57,1071.6,1116.3,1115,1786,837.85,33.2339,27.8988,33.0787,108.125,53.4163,3.58029,1.79333e+06,-0.611949,3.57143,-0.32616,-0.897738,-0.195586,-0.57335,-0.209544,-2.14698,-1.13843,-0.0993685,0.485388
2024-02-22,27347,838.35,109.562,,16054,857,839.57,1053.9,1074.6,1085,1710,838.35,28.1804,25.7112,29.4209,109.562,59.764,3.92602,1.85512e+06,-0.695904,1.78571,-0.376934,-1.01487,-0.197322,-0.724045,-0.209436,-2.30069,-1.45692,-0.0993637,0.609838
2024-02-23,27485,838.95,109.25,,16077,857.5,839.57,1076.3,1101.1,1085,1686,838.95,31.2474,28.2913,29.3283,109.25,68.5152,4.38254,1.94812e+06,-0.566155,4.56349,-0.332294,-0.800017,-0.195538,-0.644405,-0.156938,-2.18613,-0.800544,-0.0993571,0.571938
2024-02-26,27490,840.65,108.812,,16344,859.5,839.57,1055.1,1093,1080,1709,840.65,30.0184,25.51,28.472,108.812,82.0847,5.0491,1.97997e+06,-0.478353,5.95238,-0.3919,-0.564805,-0.195597,-0.6484,-0.331703,-2.21294,-0.618278,-0.0993469,1.90749
2024-02-27,27558,841.15,110,,16360,860,839.57,1047.4,1093,1070,1753,841.15,29.9412,24.52,27.2068,110,89.3036,5.38533,2.01594e+06,-0.321422,10.119,-0.249427,-0.393418,-0.195573,-0.484167,-0.0685399,-2.20187,-0.0657754,-0.0993416,1.98005
2024-02-28,27597,841.75,109.062,,16383,860.5,839.57,1033.3,1071.5,1045,1730,841.75,27.2943,22.7562,24.1461,109.062,81.4573,5.01931,2.12895e+06,-0.360994,8.92857,-0.203068,-0.518921,-0.195578,-0.485433,0.0718077,-2.27354,-0.434487,-0.0993475,1.98231
2024-02-29,26690,842.25,108.938,,16431,861,839.57,1031,1062.3,1030,1705,842.25,26.1264,22.4102,22.2915,108.938,74.8908,4.70163,1.73538e+06,-0.205672,11.7063,-0.0110106,-0.400333,-0.195556,0.526833,-0.364309,-2.29638,-0.0326127,-0.0993525,2.05436
2024-03-01,27334,842.75,108.812,,16426,861.5,839.57,1055.4,1053.4,1050,1635,842.75,24.9956,25.2329,24.5921,108.812,256.149,11.0042,1.76701e+06,-0.343705,9.72222,-0.153256,-0.534153,-0.197043,0.0477421,-0.310467,-2.31794,-0.395002,-0.0992162,1.88524
2024-03-04,27641,844.25,108.938,,16410,863,839.57,1033.9,1065.6,1015,1590,844.25,26.2185,22.4637,20.2251,108.938,64.4224,4.17181,1.76191e+06,-0.548478,4.7619,-0.198572,-0.898384,-0.200081,-0.243735,-0.151902,-2.26521,-0.929279,-0.0993607,0.299006
2024-03-05,27755,845.25,108.938,,16450,864,839.57,1012.8,1050.9,1010,1617,845.25,24.3301,19.8225,19.4913,108.938,72.1936,4.56797,1.80103e+06,-0.627878,3.37302,-0.324995,-0.930761,-0.192613,-0.298746,-0.483626,-2.31142,-1.06226,-0.0993548,0.430748
2024-03-06,27854,845.75,109.25,,16477,864.5,839.57,989.32,1024.3,990,1621,845.75,21.1114,16.9755,17.0559,109.25,58.05,3.83392,1.87406e+06,-0.562085,4.96032,-0.232229,-0.891941,-0.194083,-0.368894,-0.133711,-2.39862,-0.84948,-0.0993655,0.45134
2024-03-07,28049,846.25,108.062,,16548,865,839.57,996.58,1025.9,985,1643,846.25,21.229,17.7643,16.3959,108.062,46.6317,3.19593,1.92447e+06,-0.726557,1.38889,-0.689923,-0.763192,-0.194069,-1.44508,-0.430614,-2.37988,-0.479763,-0.0993741,0.575702
2024-03-08,28221,846.75,108.938,,16545,865.5,839.57,1006.7,1033.7,995,1690,846.75,22.0785,18.8899,17.5081,108.938,58.5371,3.86019,1.91602e+06,-0.462495,7.34127,-0.437714,-0.487277,-0.194028,-0.968376,-0.150737,-2.33872,0.439412,-0.0993651,0.586405
2024-03-11,28296,848.25,108.625,,16568,867,839.57,985.03,1017.8,1005,1713,848.25,19.9882,16.125,18.4792,108.625,75.9312,4.75268,1.94099e+06,-0.36066,9.72222,-0.402089,-0.319231,-0.194048,-0.739297,-0.272923,-2.38924,0.971511,-0.099352,0.799534
2024-03-12,28272,848.75,74.375,,16557,867.5,839.57,1030.3,1082.5,1020,1645,848.75,27.5405,21.3903,20.1767,74.375,65.3104,4.21794,1.91596e+06,-1.0524,0.992063,-1.60234,-0.502469,-0.201429,-0.605579,-4,-2.14212,0.223779,-0.09936,0.518124
2024-03-13,28488,849.75,72.5,,16579,868.5,866.76,1016.9,1054.6,1035,1596,849.75,24.1071,19.6705,21.8005,72.5,68.3548,4.37437,1.99745e+06,-1.14391,0.793651,-1.63539,-0.65243,-0.193935,-0.712247,-4,-2.23641,-0.192807,-0.0993577,0.490145
2024-03-14,28489,850.25,72.375,,16625,869,867.26,1012.6,1066.3,1025,1648,850.25,25.4102,19.0944,20.5528,72.375,75.3265,4.72305,2.05763e+06,-1.08169,0.992063,-1.57341,-0.589976,-0.19386,-0.526359,-4,-2.18433,0.0429482,-0.0993525,0.35164
2024-03-15,28209,850.75,71.625,,16650,869.5,867.76,1031.3,1063.7,1025,1603,850.75,25.0309,21.2225,20.4819,71.625,70.6116,4.48867,2.1224e+06,-1.1028,0.992063,-1.4313,-0.774294,-0.193779,-0.100119,-4,-2.18433,-0.678306,-0.099356,0.50392
2024-03-18,28176,852.25,71.125,,16694,871,869.26,1027.1,1072.1,1025,1581,852.25,25.7964,20.5163,20.2699,71.125,69.6399,4.43963,2.11981e+06,-1.12293,0.992063,-1.39745,-0.848423,-0.193766,0.00142819,-4,-2.14963,-1.02849,-0.0993568,0.615993
2024-03-19,27979,852.75,71.0625,,16742,871.5,869.76,1030.9,1081.7,1030,1535,852.75,26.8484,20.8912,20.7857,71.0625,80.9941,4.99724,2.11064e+06,-0.492422,7.14286,-0.244062,-0.740781,-0.193677,0.165214,-0.703723,-2.10693,-0.853426,-0.0993482,0.93395
2024-03-20,28041,853.25,71.25,,16780,872,870.26,1043.2,1112.4,1030,1498,853.25,30.3721,22.2619,20.7149,71.25,81.7878,5.03501,2.10945e+06,-0.36652,10.7143,-0.0645981,-0.668441,-0.201016,0.308208,-0.300986,-1.99051,-0.757525,-0.0993476,1.01568
2024-03-21,28107,854.25,72.25,,16771,872.5,870.76,1039.4,1095.4,1030,1460,854.25,28.2294,21.674,20.5736,72.25,82.5627,5.07174,2.09484e+06,-0.468647,8.33333,-0.0098454,-0.927448,-0.193614,0.245648,-0.0815703,-2.04606,-1.45762,-0.099347,0.713914
2024-03-22,28025,854.75,71.3125,,16768,873.5,871.75,1042.5,1114.2,1020,1432,854.75,30.3539,21.9655,19.3331,71.3125,87.246,5.29071,2.10773e+06,-0.486537,7.53968,-0.0836071,-0.889467,-0.193526,0.0597487,-0.117044,-1.9734,-1.32046,-0.0993435,0.560148
2024-03-25,28266,856.25,71.375,,16810,875,873.25,1023.1,1089.5,1020,1421,856.25,27.2409,19.4861,19.1241,71.375,92.7452,5.54151,2.11425e+06,-0.511566,6.94444,-0.133175,-0.889958,-0.193511,-0.199506,-0.00650757,-2.05776,-1.23105,-0.0993394,0.546578
2024-03-26,27644,856.75,71.1875,,16881,875.5,873.75,1026.4,1078.9,1015,1430,856.75,25.9294,19.8016,18.471,71.1875,85.4028,5.20514,2.21378e+06,-0.38182,10.7143,-0.0057159,-0.757925,-0.19343,0.206286,-0.030003,-2.08662,-0.799973,-0.099345,0.66641
2024-03-27,27127,857.417,70.875,,16909,876,874.25,1020.5,1066.7,1010,1442,857.417,24.4086,19.0203,17.7957,70.875,52.882,3.55059,1.80162e+06,-0.258074,14.2857,0.149817,-0.665965,-0.190871,0.76679,-0.12647,-2.12002,-0.416421,-0.0993694,0.609874
2024-03-28,27127,857.417,70.875,,16909,876,874.25,1020.5,1066.7,1010,1439,857.417,24.4086,19.0203,17.7957,70.875,52.882,3.55059,1.80162e+06,-0.238327,14.4841,0.100657,-0.57731,-0.205414,0.827552,-0.320167,-2.10748,-0.141957,-0.0993694,0.656439
2024-03-29,27127,857.417,70.875,,16909,876,874.25,1020.5,1066.7,1010,1439,857.417,24.4086,19.0203,17.7957,70.875,52.882,3.55059,1.80162e+06,-0.188055,15.6746,0.132931,-0.509042,-0.212629,0.7485,-0.137078,-2.09511,0.0775137,-0.0993694,0.670639
2024-04-01,27127,857.417,70.875,,16909,876,874.25,1020.5,1066.7,1010,1439,857.417,24.4086,19.0203,17.7957,70.875,52.882,3.55059,1.80162e+06,-0.15808,16.0714,0.196887,-0.513047,-0.234505,0.974098,-0.148933,-2.08255,0.164589,-0.0993693,0.443329
2024-04-02,27127,857.417,70.875,,16909,876,874.25,1020.5,1066.7,1010,1439,857.417,24.4086,19.0203,17.7957,70.875,,,,-0.384099,10.7143,0.00942187,-0.777621,-0.241635,0.382023,-0.112122,-2.07046,0.0952557,,0.0623018
2024-04-03,27882,861.25,70.75,,16965,880,878.24,1001.5,1071.4,1005,1419,861.25,24.4006,16.2845,16.6909,70.75,53.5268,3.58642,1.85611e+06,-0.501586,7.14286,-0.372617,-0.630555,-0.195134,-0.847285,-0.0754334,-2.05928,-0.15339,-0.0994683,0.21039
2024-04-04,28400,861.75,71.5,,17021,880.5,878.74,997.59,1056.9,1000,1359,861.75,22.6458,15.7633,16.0429,71.5,54.8127,3.65745,1.985e+06,-0.604364,5.35714,-0.482624,-0.726104,-0.187717,-1.33087,0.0707141,-2.09847,-0.596779,-0.0994673,0.506714
2024-04-05,28765,862.75,71.375,,17044,881.5,879.74,1004.9,1043.5,985,1302,862.75,20.9504,16.4764,14.1698,71.375,48.6583,3.31242,2.10649e+06,-0.720703,2.57937,-0.596084,-0.845322,-0.173038,-1.66141,0.0461988,-2.13487,-1.03791,-0.0994719,0.627239
2024-04-08,28904,864.25,71.5,,17055,883,881.23,982.9,1032.5,985,1205,864.25,19.4677,13.7287,13.9717,71.5,38.8029,2.73159,2.14203e+06,-0.839677,2.38095,-0.620099,-1.05926,-0.151138,-1.77944,0.0702785,-2.1646,-1.78531,-0.0994793,0.683997
2024-04-09,29043,864.75,70.875,,17069,883.5,881.73,998.51,1045.4,1000,1220,864.75,20.8904,15.4681,15.6404,70.875,43.7631,3.02849,2.18515e+06,-0.847534,2.38095,-0.696917,-0.998151,-0.14385,-1.89516,-0.051741,-2.11145,-1.66078,-0.0994755,0.756342
2024-04-10,29047,865.25,69.8125,,17092,883.5,881.73,1004.8,1043.2,1000,1276,865.25,20.5663,16.1283,15.5735,69.8125,44.86,3.09287,2.22448e+06,-0.693277,3.76984,-0.533224,-0.85333,-0.19264,-1.17276,-0.234274,-2.10857,-1.06794,-0.0994747,0.578671
2024-04-11,29181,865.75,67.875,,17085,884.5,865.5,1000.6,1038.6,1000,1290,865.75,19.9653,15.5761,15.5068,67.875,54.6101,3.6463,2.25179e+06,-0.662064,4.96032,-0.585854,-0.738275,-0.192572,-0.808174,-0.756814,-2.11336,-0.493394,-0.0994673,0.244526
2024-04-12,29321,866.75,61.4375,,17097,885.5,866.5,1000.6,1038.6,1005,1331,866.75,19.8269,15.4427,15.9504,61.4375,56.5458,3.75235,2.17537e+06,-0.724707,2.97619,-0.921967,-0.527446,-0.192536,-0.596983,-1.97638,-2.10509,0.265671,-0.0994658,0.185646
2024-04-15,29240,868.25,61.3125,,17090,887,868,1000.6,1038.6,1015,1375,868.25,19.6199,15.2433,16.9018,61.3125,61.7544,4.03183,2.17145e+06,-0.547822,7.93651,-0.867382,-0.228261,-0.192526,-0.39674,-2.01288,-2.09875,1.35413,-0.0994619,0.0903474
2024-04-16,29360,868.75,61.3125,,17172,887.5,868.5,1038.5,1046.6,1035,1381,868.75,20.4719,19.5396,19.1367,61.3125,62.7306,4.0833,2.17246e+06,-0.502444,8.73016,-0.817013,-0.187876,-0.192441,-0.377059,-1.88154,-2.0631,1.28165,-0.0994612,0.446694
2024-04-17,29471,869.25,61,,17184,888,869.5,1030.7,1043.4,1030,1270,869.25,20.0345,18.5735,18.493,61,60.836,3.98316,2.22673e+06,-0.680951,4.36508,-0.797254,-0.564647,-0.192352,-0.470984,-1.72843,-2.06374,-0.00664009,-0.0994626,0.387148
2024-04-18,29717,869.75,61.8125,,17200,888.5,870,1021.6,1058.3,1025,1242,869.75,21.6786,17.459,17.85,61.8125,53.805,3.60183,2.22335e+06,-0.637375,5.95238,-0.651318,-0.623432,-0.192261,-0.566491,-1.1952,-2.00644,-0.329314,-0.0994678,0.506407
2024-04-19,29850,870.75,60.9375,,17212,890,871.5,1026.3,1062,1015,1216,870.75,21.9638,17.8639,16.5662,60.9375,53.8456,3.60408,2.22479e+06,-0.528632,8.73016,-0.291866,-0.765398,-0.192201,-0.55665,-0.126747,-1.98759,-0.844144,-0.0994678,0.504619
2024-04-22,29907,872.25,60.8125,,17282,892,872,1017.5,1059.6,1035,1148,872.25,21.4789,16.6523,18.6586,60.8125,53.3157,3.5747,2.2747e+06,-0.642832,5.95238,-0.331764,-0.953899,-0.192174,-0.677357,-0.125763,-1.99031,-1.70097,-0.0994682,0.904219
2024-04-23,29899,872.75,61,,17278,892,872.5,1012.9,1054.8,1030,1174,872.75,20.8594,16.0584,18.0178,61,53.3892,3.57878,2.29079e+06,-0.627592,6.54762,-0.280913,-0.974271,-0.192117,-0.561683,-0.0889385,-1.99661,-1.53951,-0.0994681,0.451298
2024-04-24,30023,873.25,61.25,,17301,892.5,873,1015.7,1054.5,1035,1205,873.25,20.7558,16.3126,18.5228,61.25,57.6676,3.81325,2.3144e+06,-0.449396,12.5,-0.247526,-0.651267,-0.192026,-0.570293,0.0197428,-1.98882,-0.444486,-0.0994648,0.506677
2024-04-25,30096,873.75,56.5,,17193,893,874,1036.1,1077.4,1055,1234,873.75,23.3076,18.5808,20.7439,56.5,51.0059,3.44556,2.30262e+06,-0.573117,8.13492,-0.551061,-0.595172,-0.191941,-0.415896,-1.04535,-1.90895,-0.0046754,-0.0994698,-0.140027
2024-04-26,30141,874.75,50.6875,,17209,894,875,1036.6,1078.8,1055,1210,874.75,23.3267,18.5024,20.6059,50.6875,47.558,3.24935,2.31164e+06,-0.710859,3.57143,-0.83682,-0.584898,-0.191891,-0.337974,-1.9806,-1.89894,0.0106495,-0.0994724,-0.118754
2024-04-29,29869,876.417,50.8125,,17271,895.5,876.5,1039,1086.9,1045,1208,876.417,24.0163,18.5509,19.2355,50.8125,46.0327,3.16122,2.37199e+06,-0.579362,8.13492,-0.720889,-0.437834,-0.189487,-0.0512085,-1.92197,-1.87088,0.517903,-0.0994735,-0.159932
2024-04-30,27578,876.75,50.8125,,17293,896,876.5,1044.7,1068.9,1040,1216,876.75,21.9162,19.156,18.6199,50.8125,43.3872,3.00632,1.58956e+06,-0.256071,18.4524,-0.040199,-0.471943,-0.191801,2.01769,-1.94649,-1.91823,0.378128,-0.0994754,-0.0244428
2024-05-01,27578,876.75,50.8125,,17293,896,876.5,1044.7,1068.9,1040,1224,876.75,21.9162,19.156,18.6199,50.8125,43.3872,3.00632,1.58956e+06,-0.280033,18.0556,-0.0231028,-0.536964,-0.198884,2.11177,-1.9822,-1.90847,0.200535,-0.0994754,-0.143925
2024-05-02,28200,878.25,47.875,,17313,897,878,1069.1,1111.2,1040,1236,878.25,26.5243,21.7307,18.4173,47.875,45.8826,3.1525,1.67862e+06,-0.258663,18.4524,-0.0759967,-0.44133,-0.184473,1.58865,-1.63217,-1.77595,0.0691134,-0.0994735,0.523308
2024-05-03,28381,878.75,40.9375,,17291,897.5,878.5,1076.9,1114.4,1040,1243,878.75,26.8165,22.5491,18.3499,40.9375,46.7705,3.20395,1.6971e+06,-0.293591,17.6587,-0.190112,-0.39707,-0.191597,1.45556,-1.8343,-1.76028,0.307217,-0.0994728,0.325586
2024-05-06,27688,880.25,40.3125,,17304,899,880,1064.5,1107.5,1045,1229,880.25,25.8165,20.9316,18.7163,40.3125,46.3198,3.17787,1.69852e+06,-0.284085,18.254,-0.102665,-0.465505,-0.193974,1.84985,-1.96387,-1.77927,0.214277,-0.0994731,0.0703907
2024-05-07,27791,880.75,40.4375,,17308,899.5,880.5,1052.2,1092.9,1040,1219,880.75,24.0874,19.4664,18.0812,40.4375,55.0011,3.66782,1.72499e+06,-0.667983,5.15873,-0.806788,-0.529179,-0.191466,-0.299565,-1.92933,-1.81726,0.0756402,-0.0994665,-0.0220791
2024-05-08,27967,881.75,39.75,,17325,900.5,881.5,1042.5,1082.8,1040,1234,881.75,22.8012,18.2308,17.9473,39.75,45.9243,3.15492,1.72894e+06,-0.701474,3.96825,-0.894447,-0.508501,-0.177104,-0.461433,-2.0448,-1.84308,0.128895,-0.0994733,0.0678111
2024-05-09,28037,882.25,40.125,,17334,901,882,1048.4,1081.9,1045,1263,882.25,22.6296,18.8325,18.4472,40.125,48.4198,3.29879,1.76097e+06,-0.500469,11.1111,-0.522599,-0.478338,-0.191372,0.0478574,-1.42428,-1.83915,0.258982,-0.0994714,0.0109162
2024-05-10,28361,882.75,39.375,,17355,901.5,882.5,1039.8,1076.5,1040,1272,882.75,21.9485,17.791,17.8137,39.375,45.4919,3.12976,1.7884e+06,-0.314441,18.254,-0.184027,-0.444856,-0.191286,-0.0831933,-0.2776,-1.84864,0.27379,-0.0994736,0.234655
2024-05-13,28325,884.25,39.75,,17393,903,884,1036.3,1076,1045,1248,884.25,21.685,17.1954,18.1792,39.75,48.5871,3.30835,1.78017e+06,-0.385375,15.0794,-0.322846,-0.447903,-0.191262,-0.685362,-0.0919147,-1.84703,0.196719,-0.0994712,0.364251
2024-05-14,28368,885.25,39.1875,,17396,904,885,1045.4,1086.1,1070,1244,885.25,22.6885,18.0909,20.8698,39.1875,44.0562,3.04574,1.80732e+06,-0.384483,15.2778,-0.343504,-0.425462,-0.184074,-0.62764,-0.218798,-1.81239,0.243409,-0.0994746,0.358688
2024-05-15,28271,885.75,32.5,,17399,904.5,885.5,1057,1098,1100,1235,885.75,23.9627,19.3339,24.1885,32.5,47.1884,3.22807,1.77172e+06,-0.553482,9.52381,-0.630925,-0.476039,-0.19112,-0.376651,-1.325,-1.77051,0.061007,-0.0994722,0.285668
2024-05-16,28576,886.25,32.0625,,17387,905,886,1064.1,1096.8,1100,1254,886.25,23.7574,20.0677,24.1185,32.0625,43.8005,3.03069,1.78942e+06,-0.630488,6.94444,-0.749053,-0.511923,-0.191021,-0.587095,-1.46904,-1.76711,-0.013677,-0.0994747,0.177061
2024-05-17,28801,886.75,31.1875,,17464,905.5,886.5,1073.1,1103.2,1120,1263,886.75,24.4094,21.0149,26.3039,31.1875,43.6638,3.02264,1.77051e+06,-0.592623,8.33333,-0.722956,-0.462291,-0.190918,-0.492121,-1.48583,-1.74117,-0.0102614,-0.0994748,0.465772
2024-05-20,28899,888.75,31.9375,,17453,907.5,888.5,1101.7,1133.8,1180,1258,888.75,27.5724,23.9606,32.7707,31.9375,42.4603,2.95143,1.79026e+06,-0.582487,8.92857,-0.735119,-0.429855,-0.18381,-0.610312,-1.41123,-1.65075,0.140022,-0.0994756,0.211434
2024-05-21,29062,889.25,31.875,,17518,908,889,1173.7,1202.2,1230,1298,889.25,35.1926,31.9876,38.3188,31.875,49.8583,3.38071,1.81128e+06,-0.483802,13.2937,-0.739643,-0.22796,-0.190812,-0.713625,-1.31449,-1.44664,0.483379,-0.09947,0.52975
2024-05-22,29081,889.75,31.5625,,17552,908.5,889.5,1226.2,1256.4,1275,1394,889.75,41.2082,37.814,43.2987,31.5625,52.278,3.51691,1.83974e+06,-0.155075,23.4127,-0.383751,0.0736008,-0.190693,-0.815585,-0.144976,-1.28565,1.29898,-0.0994682,0.687491
2024-05-23,29005,890.25,30.625,,17550,909,890,1233.6,1254,1280,1433,890.25,40.8593,38.5678,43.7798,30.625,48.2473,3.28891,1.85506e+06,-0.0877495,24.2063,-0.29936,0.123861,-0.190609,-0.471383,-0.236088,-1.28969,1.45393,-0.0994712,0.737488
2024-05-24,29116,890.75,32.1875,,17566,909.5,890.5,1209.3,1228.4,1220,1443,890.75,37.9063,35.762,36.9632,32.1875,51.5876,3.47825,1.88243e+06,-0.0280669,25.7937,-0.115696,0.0595624,-0.190631,-0.366999,0.210542,-1.36052,1.45803,-0.0994686,0.420854
2024-05-27,29157,892.75,31.625,,17578,911.5,893.5,1233.5,1228.4,1205,1443,892.75,37.5973,38.1686,34.9762,31.625,52.6927,3.54004,1.90216e+06,-0.0461502,25.1984,-0.1777,0.0853998,-0.190621,-0.314081,-0.028399,-1.36306,1.49241,-0.0994677,0.538042
2024-05-28,29186,893.25,31.6875,,17635,912.5,893.5,1205,1231,1210,1416,893.25,37.8114,34.9006,35.4604,31.6875,52.8004,3.54604,1.93425e+06,-0.0972729,24.2063,-0.128774,-0.0657718,-0.190524,-0.191927,-0.0038709,-1.35241,0.974901,-0.0994676,0.493549
2024-05-29,29191,893.75,32.375,,17656,913,893.5,1181.6,1229.1,1230,1376,893.75,37.5217,32.207,37.6224,32.375,48.9431,3.32867,1.96386e+06,-0.219321,22.0238,-0.0618693,-0.376772,-0.190434,-0.176207,0.181033,-1.35463,-0.0769926,-0.0994705,0.424781
2024-05-30,29066,894.25,32.125,,17651,913,894,1180.4,1218.7,1230,1312,894.25,36.2818,31.9989,37.5454,32.125,46.9074,3.21187,1.97078e+06,-0.308809,19.8413,-0.00383103,-0.613787,-0.190298,-0.129516,0.308321,-1.38104,-0.871714,-0.099472,0.407945
2024-05-31,28664,895.25,33.375,,17723,914,895.5,1215.5,1249.5,1225,1312,895.25,39.57,35.7721,36.8333,33.375,45.7509,3.14484,1.36712e+06,-0.217477,22.4206,0.134384,-0.569337,-0.183055,0.334112,0.252095,-1.29182,-0.946195,-0.0994728,0.689622
2024-06-03,29134,896.417,32.0625,,17647,916,897,1266.1,1298.3,1235,1414,896.417,44.8322,41.2401,37.7707,32.0625,43.8008,3.03071,1.37583e+06,-0.205694,23.0159,-0.0452193,-0.366169,-0.194747,-0.0548238,0.113913,-1.15299,-0.149497,-0.0994742,0.240739
2024-06-04,29289,896.917,32.375,,17647,916.5,897,1284,1307.3,1265,1494,896.917,45.7549,43.1571,41.0387,32.375,57.2134,3.78864,1.45674e+06,-0.115369,25,-0.0695713,-0.161167,-0.194637,-0.173734,0.159657,-1.1253,0.686189,-0.0994641,-0.0510212
2024-06-05,29368,898.25,32.5625,,17658,916.5,898.5,1281.4,1319.8,1250,1528,898.25,46.9301,42.6552,39.1595,32.5625,52.6151,3.53572,1.4953e+06,-0.0575561,26.3889,-0.121132,0.0060195,-0.182873,-0.248115,0.0675935,-1.09135,1.26352,-0.0994675,-0.103278
2024-06-06,29415,898.5,32.875,,17670,918,898,1280,1309.6,1250,1596,898.5,45.754,42.4597,39.1208,32.875,61.9712,4.04329,1.54881e+06,0.0789357,30.1587,-0.142751,0.300622,-0.186292,-0.41288,0.170919,-1.11722,2.27737,-0.0994604,-0.0170323
2024-06-07,29300,899.083,32.9375,,17680,918,899,1283.9,1307.3,1265,1582,899.083,45.4037,42.801,40.6989,32.9375,56.3448,3.74139,1.60043e+06,-0.0454725,26.9841,-0.309941,0.218996,-0.192035,-0.690513,-0.0472736,-1.12162,2.15407,-0.0994646,-0.333016
2024-06-10,29237,901.167,31.75,,17670,920.5,902,1272.8,1312.1,1280,1488,901.167,45.6001,41.2391,42.0381,31.75,55.493,3.69482,1.65549e+06,-0.147525,24.4048,-0.132465,-0.162584,-0.179169,-0.194123,-0.0241044,-1.11218,0.642262,-0.0994652,0.00067883
2024-06-11,29212,902.167,34.625,,17711,921,902,1286.7,1308,1295,1525,902.167,44.9843,42.6233,43.5433,34.625,55.0153,3.6686,1.71932e+06,-0.0738484,25.9921,0.0820972,-0.229794,-0.172109,-0.027936,0.446336,-1.12332,0.315087,-0.0994655,0.206835
2024-06-12,29268,902.25,33.4375,,17705,921.5,901.5,1281.5,1310.1,1285,1484,902.25,45.2037,42.0338,42.4217,33.4375,56.3008,3.73899,1.76933e+06,-0.203425,23.4127,-0.000871509,-0.405979,-0.189473,-0.00641193,0.193271,-1.11333,-0.266816,-0.0994645,0.117374
2024-06-13,29277,902.583,33.625,,17680,921.5,902,1244.3,1267.3,1245,1421,902.583,40.4081,37.8599,37.9374,33.625,52.3928,3.52332,1.80854e+06,-0.377622,17.2619,0.00417327,-0.759417,-0.188166,0.0306522,0.170034,-1.23027,-1.2901,-0.0994673,-0.0762307
2024-06-14,29172,902.667,33.8125,,17584,922,920.16,1245.5,1293.2,1280,1382,902.667,43.2644,37.9801,41.8021,33.8125,52.4083,3.52418,1.855e+06,-0.432219,15.0794,0.00730346,-0.871741,-0.19499,0.0241654,0.192735,-1.15311,-1.4855,-0.0994673,-0.626032
2024-06-17,29172,902.667,33.8125,,17584,922,903.5,1245.5,1293.2,1280,1382,902.667,43.2644,37.9801,41.8021,33.8125,52.4083,3.52418,1.855e+06,-0.299491,20.4365,0.0515599,-0.650542,-0.223867,-0.0316816,0.410228,-1.14848,-0.740256,-0.0994672,-0.577387
2024-06-18,29959,905.417,32.625,,17665,924,922.15,1245.1,1263.9,1305,1385,905.417,39.5932,37.5168,44.1325,32.625,53.0906,3.56219,1.88504e+06,-0.578898,9.3254,-0.435722,-0.722074,-0.199359,-0.771995,-0.335813,-1.23661,-1.00503,-0.0994666,-0.372308
2024-06-19,29946,906,34.5,,17699,924.5,907.5,1276.4,1263.9,1300,1384,906,39.5033,40.883,43.4879,34.5,54.4909,3.63973,1.88725e+06,-0.412296,15.873,-0.223582,-0.60101,-0.192233,-0.705233,0.226721,-1.23384,-0.686418,-0.0994655,-0.167619
2024-06-20,29946,906,34.5,,17699,924.5,907.5,1276.4,1263.9,1300,1402,906,39.5033,40.883,43.4879,34.5,54.4909,3.63973,1.88725e+06,-0.315673,20.4365,-0.233247,-0.398098,-0.196683,-0.694947,0.19189,-1.22892,-0.045072,-0.0994654,-0.039779
2024-06-21,29946,906,34.5,,17699,924.5,907.5,1276.4,1263.9,1300,1420,906,39.5033,40.883,43.4879,34.5,54.4909,3.63973,1.88725e+06,-0.23681,23.2143,-0.276794,-0.196825,-0.197634,-0.789857,0.157109,-1.22404,0.40649,-0.0994653,0.456256
2024-06-24,29716,909.083,33.375,,17731,927,908.5,1298.6,1310.6,1330,1443,909.083,44.1672,42.8472,46.3012,33.375,56.8104,3.76675,1.92739e+06,-0.173931,25.3968,-0.261143,-0.0867196,-0.154773,-0.579182,-0.0494754,-1.10139,0.587864,-0.0994635,0.61895
2024-06-25,29783,909.667,35.1875,,17767,927.5,925.65,1311.9,1318,1365,1440,909.667,44.8882,44.2177,50.055,35.1875,65.4827,4.22686,1.93737e+06,0.00227868,30.3571,0.13237,-0.127813,-0.184767,0.0812104,0.500668,-1.07893,0.540159,-0.0994569,0.381768
2024-06-26,29886,910.75,32.875,,17798,928,926.14,1333.7,1346.8,1365,1429,910.75,47.8781,46.4397,49.8765,32.875,60.4639,3.96337,2.00587e+06,-0.143097,26.5873,-0.156442,-0.129751,-0.177715,-0.0235365,-0.268075,-0.999549,0.463615,-0.0994606,0.362533
2024-06-27,29747,911.583,33.5625,,17841,929.5,927.64,1333.3,1342.3,1355,1445,911.583,47.2493,46.262,48.6425,33.5625,68.5318,4.38339,2.11725e+06,-0.0871157,27.7778,-0.068201,-0.10603,-0.166067,0.102937,-0.141473,-1.01196,0.449781,-0.0994544,0.581051
2024-06-28,29022,911.75,36.0625,,17861,930.5,928.64,1348.6,1349.8,1365,1456,911.75,48.045,47.9134,49.7121,36.0625,73.8585,4.6507,1.71465e+06,0.103758,33.9286,0.307637,-0.100121,-0.163633,0.769389,0.317155,-0.988112,0.396413,-0.0994503,0.681454
2024-07-01,29615,914.5,34.1875,,17852,932.5,930.64,1408.2,1407.7,1405,1513,914.5,53.9311,53.9858,53.6359,34.1875,52.9407,3.55385,1.76097e+06,-0.00105813,30.754,0.008077,-0.0101933,-0.168343,0.0135804,0.178993,-0.83464,0.666129,-0.099466,0.4646
2024-07-02,29646,915.167,36.5,,17869,933,931.13,1431.7,1432.3,1430,1536,915.167,56.507,56.4414,56.2557,36.5,50.7431,3.43074,1.84934e+06,0.0513253,32.7381,0.049953,0.0526977,-0.167105,0.0465098,0.270454,-0.76575,0.869135,-0.0994675,0.361048
2024-07-03,29812,915.667,34.9375,,17831,933.5,931.63,1402.5,1398.6,1425,1521,915.667,52.7412,53.1671,55.6243,34.9375,44.7155,3.08442,1.85479e+06,0.0192315,32.1429,0.0738864,-0.0354234,-0.175044,-0.010687,0.40739,-0.858947,0.8368,-0.0994719,-0.0047263
2024-07-04,29819,915.917,33.875,,17851,934,932.13,1402.5,1398.23,1405,1523,915.917,52.6591,53.1253,53.3982,33.875,46.1697,3.16917,1.89404e+06,-0.081584,28.1746,-0.0787945,-0.0843736,-0.182946,-0.141188,0.0877509,-0.857644,0.726085,-0.0994707,-0.128555
2024-07-05,29950,918.25,36,,17820,934.5,932.63,1397.2,1396.9,1420,1406,918.25,52.1263,52.159,54.642,36,42.0526,2.92718,1.94997e+06,-0.389206,16.6667,-0.352311,-0.426101,-0.153133,-0.924795,0.0209943,-0.86801,-0.32522,-0.0994736,-0.397302
2024-07-08,28348,918.917,35.8125,,17802,936.5,934.63,1390.4,1389,1440,1496,918.917,51.1562,51.3086,56.7063,35.8125,44.5464,3.07451,2.00608e+06,0.0291016,32.7381,0.421359,-0.363156,-0.1817,1.11281,0.332964,-0.889448,-0.0602035,-0.0994716,-0.443844
2024-07-09,28348,918.917,35.8125,,17802,936.5,934.63,1390.4,1389,1440,1491,918.917,51.1562,51.3086,56.7063,35.8125,44.5464,3.07451,2.00608e+06,-0.0780766,28.5714,0.286384,-0.442537,-0.190674,1.14056,-0.0907384,-0.885965,-0.297656,-0.0994715,-0.531576
2024-07-10,28098,919.833,34.25,,18116,937.5,934.63,1373,1392.3,1450,1477,919.833,51.3644,49.2662,57.6373,34.25,47.1365,3.22508,2.07768e+06,0.121998,36.3095,0.41886,-0.174864,-0.184827,1.53008,-0.0886758,-0.877153,-0.289603,-0.0994695,1.3084
2024-07-11,28235,920.5,35.5625,,18232,938,934.63,1399.3,1420.1,1465,1473,920.5,54.2749,52.0152,59.1526,35.5625,42.3939,2.94748,2.17819e+06,0.213241,40.6746,0.523801,-0.0973199,-0.178955,1.40116,0.349201,-0.79932,-0.338352,-0.099473,1.79305
2024-07-12,28282,921.75,37.0625,,18280,940,934.63,1417.7,1424,1500,1511,921.75,54.4887,53.8053,62.7339,37.0625,51.3673,3.46588,2.22516e+06,0.417124,51.3889,0.503329,0.33092,-0.193668,1.47016,0.233498,-0.790765,0.955308,-0.0994662,2.18629
2024-07-15,28177,922.917,36.0625,,18294,940.5,934.63,1305.3,1322.3,1415,1555,922.917,43.274,41.432,53.3183,36.0625,52.7131,3.54118,2.24147e+06,0.0781548,34.5238,-0.00482905,0.161139,-0.186687,0.0885702,0.0836294,-1.07428,0.57058,-0.0994651,2.3343
2024-07-16,27623,923.5,36.5,,18323,941,934.63,1279.1,1297.4,1405,1584,923.5,40.4873,38.5057,52.1386,36.5,56.5927,3.7549,2.25522e+06,0.222101,41.8651,0.20316,0.241042,-0.178557,0.62401,0.164028,-1.14114,0.85323,-0.0994621,2.46204
2024-07-17,27583,923.833,37.5,,18380,942,934.63,1302.8,1316,1455,1593,923.833,42.4499,41.0211,57.4959,37.5,59.7463,3.92507,2.25721e+06,0.205707,40.2778,0.290891,0.120522,-0.186362,0.423513,0.635524,-1.08652,1.04204,-0.0994597,1.13155
2024-07-18,27607,924.75,37.875,,18432,942.5,934.63,1316.1,1321.2,1455,1587,924.75,42.871,42.3195,57.3398,37.875,60.8387,3.9833,2.28823e+06,0.171428,38.6905,0.270851,0.0720048,-0.182808,0.5302,0.465161,-1.07151,1.02302,-0.0994587,0.79993
2024-07-19,27565,926.75,37.875,,18465,944.5,934.63,1330.4,1331.9,1445,1590,926.75,43.7173,43.5554,55.9212,37.875,61.0675,3.99545,2.30411e+06,0.0975775,35.119,0.210892,-0.0157369,-0.172663,0.614712,0.190626,-1.04575,0.730466,-0.0994584,0.719317
2024-07-22,27425,927.083,38.6875,,18480,946,934.63,1335.6,1329.7,1440,1570,927.083,43.4283,44.0647,55.3258,38.6875,61.8064,4.03458,2.31104e+06,0.0812626,34.9206,0.331827,-0.169301,-0.183859,0.650262,0.529076,-1.04914,0.195707,-0.0994577,0.720666
2024-07-23,27437,927.333,40.4375,,18467,946,934.63,1325.3,1334.3,1445,1551,927.333,43.8857,42.9152,55.8232,40.4375,55.5771,3.69943,2.34256e+06,-0.0399286,30.3571,0.229891,-0.309749,-0.188227,0.103164,0.774737,-1.03344,-0.204775,-0.0994622,0.507112
2024-07-24,27532,928.667,38.125,,18491,946.5,934.63,1338.1,1337.5,1450,1577,928.667,44.0237,44.0883,56.1378,38.125,52.1052,3.50724,2.36998e+06,-0.152497,26.3889,-0.0138679,-0.291126,-0.17454,-0.0292968,0.162234,-1.02585,-0.0628053,-0.0994646,0.338364
2024-07-25,27330,929.167,38.125,,18475,947.5,934.63,1325.8,1330.5,1445,1589,929.167,43.1928,42.687,55.5157,38.125,57.101,3.78254,2.40277e+06,-0.133662,27.381,0.0346761,-0.302001,-0.180073,0.191983,0.0921185,-1.04291,0.087037,-0.0994607,-0.00333161
2024-07-26,27311,931.583,38.1875,,18463,950,934.63,1329.2,1321,1435,1562,931.583,41.8016,42.6818,54.0388,38.1875,56.5596,3.7531,2.4786e+06,-0.190717,25.3968,0.0329345,-0.414369,-0.174305,0.169248,0.10386,-1.07413,-0.162253,-0.099461,-0.228886
2024-07-29,27132,931.75,37.6875,,18490,950.5,934.63,1296.8,1310.9,1415,1553,931.75,40.6922,39.179,51.8648,37.6875,55.4632,3.69318,2.4891e+06,-0.21123,24.6032,-0.0360421,-0.386417,-0.176421,0.208433,-0.140138,-1.09804,-0.0704156,-0.0994616,-0.169087
2024-07-30,26997,932.25,39.1875,,18486,951,934.63,1265.2,1283.3,1385,1556,932.25,37.6562,35.7147,48.5653,39.1875,52.9309,3.55331,2.55472e+06,-0.175302,25.9921,-0.00181988,-0.348785,-0.172906,0.353661,-0.186215,-1.17072,0.111532,-0.0994634,-0.124199
2024-07-31,26402,932.75,37.5,,18605,951.5,934.63,1307.7,1289.2,1370,1507,932.75,38.215,40.1983,46.8775,37.5,45.5971,3.13589,2.07056e+06,-0.0958043,28.7698,0.263415,-0.455024,-0.184037,1.04405,-0.0697668,-1.1518,-0.515136,-0.0994688,0.347642
2024-08-01,27069,933.417,40.25,,18553,951.5,934.63,1304.8,1304.9,1380,1550,933.417,39.7982,39.7875,47.8439,40.25,44.274,3.05853,2.1009e+06,-0.124805,28.1746,0.144479,-0.394089,-0.181641,0.173992,0.441085,-1.10705,-0.256849,-0.0994696,0.168114
2024-08-02,27571,935.083,37.5,,18528,953.5,934.63,1337.1,1327.6,1395,1612,935.083,41.9767,42.9926,49.1846,37.5,43.7868,3.02988,2.12492e+06,-0.18927,25.7937,-0.204014,-0.174525,-0.191658,-0.338547,-0.0818383,-1.0475,0.48474,-0.0994697,0.102791
2024-08-05,28191,935.75,36.75,,18544,954,952.09,1348.1,1345.9,1390,1653,935.75,43.8312,44.0663,48.5439,36.75,48.6367,3.31119,2.16219e+06,-0.261808,22.619,-0.474325,-0.0492921,-0.184748,-1.11032,-0.12791,-0.9964,0.89998,-0.0994658,0.0467257
2024-08-06,27310,936.5,37.9375,,18528,954.5,952.59,1338.2,1345.7,1375,1625,936.5,43.6946,42.8938,46.8233,37.9375,46.9377,3.21361,2.18448e+06,-0.191996,25.7937,-0.252184,-0.131807,-0.181247,-0.389935,-0.185371,-0.995992,0.641047,-0.0994669,-0.0138255
2024-08-07,27231,937.083,38.375,,18542,955.5,953.59,1329.8,1330.5,1385,1574,937.083,41.9831,41.9084,47.799,38.375,44.3235,3.06144,2.23608e+06,-0.25755,23.2143,-0.292715,-0.222385,-0.17998,-0.908101,0.209937,-1.03548,0.624584,-0.0994687,-0.535957
2024-08-08,27376,937.583,37.125,,18562,955.5,953.59,1307.7,1316,1375,1552,937.583,40.3609,39.4756,46.6536,37.125,44.2043,3.05444,2.25157e+06,-0.350522,19.4444,-0.364651,-0.336392,-0.18212,-0.379654,-0.532179,-1.07249,0.0831689,-0.0994686,-0.177156
2024-08-09,27391,939.667,37.1875,,18589,957.5,955.59,1303,1298,1355,1558,939.667,38.1341,38.6662,44.2001,37.1875,39.9121,2.79881,2.25335e+06,-0.238069,24.0079,-0.0287771,-0.447361,-0.176425,0.0990619,-0.00896862,-1.12465,-0.382722,-0.0994717,0.0821689
2024-08-12,27473,939.833,37.9375,,18580,958,956.08,1287.1,1284.4,1350,1560,939.833,36.6625,36.9498,43.6425,37.9375,46.7561,3.20312,2.28001e+06,-0.166659,27.7778,0.233688,-0.567007,-0.182899,0.614625,0.269339,-1.15742,-0.706941,-0.0994664,-0.041383
2024-08-13,27585,940.333,38.375,,18613,958.5,939.5,1270.4,1269.5,1355,1557,940.333,35.0053,35.101,44.0978,38.375,45.6466,3.13877,2.28087e+06,-0.308469,21.4286,-0.134222,-0.482716,-0.186003,-0.346385,0.129722,-1.19468,-0.497941,-0.0994671,0.205163
2024-08-14,27571,941.667,38.5,,18608,959,939.5,1266.4,1264.6,1355,1515,941.667,34.2938,34.485,43.8938,38.5,43.5064,3.01336,2.28352e+06,-0.325052,20.2381,-0.171795,-0.47831,-0.175751,-0.410825,0.0711906,-1.20786,-0.422967,-0.0994686,0.112417
2024-08-15,27419,942,38.5,,18668,960,939.5,1267,1265.5,1350,1490,942,34.3418,34.5011,43.3121,38.5,43.6531,3.02201,2.29667e+06,-0.227067,25,0.00129831,-0.455432,-0.177697,-0.121107,0.302699,-1.2019,-0.448967,-0.0994684,0.312636
2024-08-16,27541,944,39.4375,,18682,961.5,939.5,1281.6,1275.6,1345,1471,944,35.1271,35.7627,42.4788,39.4375,44.7031,3.08369,2.3064e+06,-0.248914,24.2063,0.0195727,-0.517401,-0.178681,-0.227027,0.464426,-1.17753,-0.658301,-0.0994674,0.248791
2024-08-19,27512,944.333,38.375,,18744,963,939.5,1292.5,1287.7,1350,1471,944.333,36.3608,36.869,42.958,38.375,45.5326,3.13213,2.30655e+06,-0.258674,23.4127,-0.056157,-0.461192,-0.176236,-0.120014,0.127779,-1.14212,-0.673876,-0.0994666,0.602576
2024-08-20,27674,944.833,40.75,,18813,963,939.5,1297,1294.6,1355,1493,944.833,37.0189,37.2729,43.4115,40.75,47.5053,3.24633,2.30898e+06,-0.161736,28.9683,0.0469816,-0.370454,-0.17602,-0.169953,0.486918,-1.12126,-0.464629,-0.0994649,0.77753
2024-08-21,27662,945.333,39.25,,18876,963.5,939.5,1295.8,1292.1,1355,1525,945.333,36.682,37.0733,43.3357,39.25,48.915,3.32707,2.31312e+06,-0.103093,31.3492,-0.0582519,-0.147934,-0.186917,-0.172708,0.18487,-1.12527,0.152029,-0.0994636,1.10987
2024-08-22,27658,946.25,41.25,,18921,964,939.5,1287.8,1290.6,1350,1560,946.25,36.391,36.0951,42.6684,41.25,49.0847,3.33675,2.35593e+06,0.00142906,35.9127,0.0201319,-0.0172738,-0.178921,-0.318087,0.557403,-1.12806,0.652035,-0.0994633,1.03005
2024-08-23,27845,948.167,39.125,,19009,966,939.5,1286.6,1288.6,1350,1516,948.167,35.9044,35.6934,42.38,39.125,46.3287,3.17839,2.43658e+06,-0.10898,31.3492,-0.190106,-0.0278528,-0.179889,-0.380279,-0.0101513,-1.13571,0.444297,-0.0994652,1.38678
2024-08-26,27874,949.083,38.375,,19071,968,939.5,1290.2,1293.2,1350,1516,949.083,36.2578,35.9417,42.2425,38.375,52.0568,3.50454,2.44552e+06,-0.105769,31.5476,-0.186331,-0.0252063,-0.171947,-0.43683,0.0497842,-1.12235,0.444664,-0.0994608,1.37785
2024-08-27,27954,949.75,41.1875,,19127,969.5,939.5,1292.6,1295.8,1340,1510,949.75,36.4359,36.099,41.0898,41.1875,51.9585,3.49903,2.50638e+06,-0.114973,31.3492,-0.130337,-0.0996088,-0.169549,-0.354866,0.133403,-1.11343,0.211777,-0.0994607,1.30496
2024-08-28,27861,950.083,38.8125,,19147,969.5,939.5,1284.9,1293.3,1335,1484,950.083,36.1249,35.2408,40.514,38.8125,49.063,3.33551,2.56438e+06,-0.213378,26.3889,-0.157907,-0.26885,-0.171564,-0.27425,-0.0279055,-1.11672,-0.269786,-0.0994627,1.08999
2024-08-29,27767,950.667,39.4375,,19259,970,939.5,1275.9,1291.3,1315,1444,950.667,35.831,34.2111,38.324,39.4375,48.1546,3.28361,2.55894e+06,-0.3087,21.627,-0.214533,-0.402867,-0.175802,-0.184223,-0.283575,-1.11957,-0.892273,-0.0994631,1.40254
2024-08-30,26719,952.833,40.125,,19310,972,939.5,1284.8,1294.5,1305,1433,952.833,35.858,34.84,36.9599,40.125,54.1392,3.62032,2.20402e+06,0.0102132,37.8968,0.369024,-0.348598,-0.172414,1.03847,0.241017,-1.11444,-0.613562,-0.0994584,1.21473
2024-09-02,26651,952.75,37.375,,19506,973,939.5,1289.4,1295.36,1305,1433,952.75,35.9601,35.3346,36.9719,37.375,46.3605,3.18023,2.26279e+06,0.00759304,37.6984,0.272822,-0.257636,-0.185412,1.1358,-0.131924,-1.10747,-0.611199,-0.099464,1.83282
2024-09-03,27377,954.167,39.4375,,19665,973,939.5,1292.3,1306.8,1310,1467,954.167,36.9572,35.4375,37.2926,39.4375,45.488,3.12953,2.3135e+06,-0.0365756,35.7143,0.0132595,-0.0864108,-0.175348,0.486568,-0.271442,-1.07828,-0.27005,-0.0994645,2.29072
2024-09-04,27354,954.5,37.75,,19821,973.5,939.5,1284.3,1295.54,1305,1465,954.5,35.7297,34.5521,36.7208,37.75,46.8793,3.21024,2.35894e+06,0.0417896,39.6825,0.0330218,0.0505575,-0.175151,0.416821,-0.142604,-1.10456,-0.0613777,-0.0994632,2.8847
2024-09-05,27436,954.917,38.125,,19977,974,939.5,1253.6,1273.4,1265,1452,954.917,33.3519,31.2785,32.4723,38.125,48.2079,3.28666,2.41313e+06,0.0409057,39.6825,-0.0413141,0.123125,-0.17717,0.241843,-0.188616,-1.15919,0.173871,-0.0994619,3.03143
2024-09-06,27464,957.167,38,,20095,976.5,939.5,1246.6,1252.2,1260,1483,957.167,30.8236,30.2385,31.6385,38,45.3606,3.12211,2.43822e+06,-0.101142,32.5397,-0.448074,0.24579,-0.175976,-0.829078,-0.339168,-1.21721,0.537329,-0.0994639,3.27922
2024-09-09,27400,957.75,37.875,,20293,977,939.5,1226.4,1239.8,1270,1442,957.75,29.4492,28.0501,32.6025,37.875,51.7242,3.48591,2.46197e+06,-0.0783627,33.9286,-0.283936,0.12721,-0.167011,-0.835296,0.1505,-1.24625,0.184467,-0.099459,3.21296
2024-09-10,27244,958.167,38.625,,20576,978,939.5,1233.6,1255.4,1280,1445,958.167,31.021,28.7459,33.5884,38.625,50.8608,3.43738,2.55253e+06,0.0259265,39.4841,-0.0757626,0.127616,-0.17996,0.0465218,-0.0938496,-1.20221,-0.080537,-0.0994595,3.65772
2024-09-11,27219,958.917,39.3125,,20867,978,939.5,1237.8,1258.7,1285,1445,958.917,31.2627,29.0832,34.0054,39.3125,48.1895,3.2856,2.53544e+06,0.129605,44.6429,0.0745152,0.184695,-0.174274,0.0494361,0.348384,-1.19135,-0.062753,-0.0994614,4
2024-09-12,27316,959.667,39.25,,21243,978.5,939.5,1239,1254.9,1280,1422,959.667,30.7641,29.1073,33.3796,39.25,52.3854,3.5229,2.53162e+06,0.101078,42.8571,0.0439658,0.158189,-0.16974,0.0354757,0.266162,-1.19884,-0.148044,-0.0994581,4
2024-09-13,27420,961.75,38.625,,21532,980.5,939.5,1225.9,1244.4,1265,1400,961.75,29.3891,27.4656,31.5311,38.625,52.3504,3.52095,2.56313e+06,0.00368826,37.8968,-0.0127523,0.0201288,-0.172021,-0.0384729,0.172237,-1.22787,-0.602217,-0.099458,4
2024-09-16,26940,962.083,39.125,,21921,982,939.5,1218.8,1252.2,1275,1365,962.083,30.155,26.6834,32.5249,39.125,48.3252,3.29337,2.55877e+06,0.102665,43.4524,0.162802,0.0425283,-0.17507,0.374748,0.288729,-1.20402,-0.547673,-0.0994609,4
2024-09-17,26909,962.417,39.25,,22421,982,939.5,1223.5,1244.3,1270,1370,962.417,29.2891,27.1279,31.9595,39.25,46.194,3.17057,2.63071e+06,0.0623443,41.8651,0.0811565,0.043532,-0.175936,0.247453,0.171952,-1.22046,-0.527716,-0.0994623,4
2024-09-18,27011,963.333,39.4375,,22980,982,939.5,1209.4,1235.2,1260,1363,963.333,28.2215,25.5433,30.7959,39.4375,46.9213,3.21267,2.63286e+06,0.0137419,39.0873,0.00659904,0.0208848,-0.173564,0.114425,0.0789361,-1.24169,-0.585753,-0.0994616,4
2024-09-19,27129,963.75,40.125,,23735,983.5,939.5,1198.3,1219.8,1240,1301,963.75,26.5681,24.3372,28.6641,40.125,46.4484,3.18532,2.69403e+06,-0.0206359,37.1032,0.0431162,-0.0843881,-0.17765,0.0884703,0.218528,-1.27714,-0.918758,-0.0994618,4
2024-09-20,27264,965.75,41.6875,,24562,985,939.5,1201.5,1225.4,1245,1319,965.75,26.8858,24.4111,28.9154,41.6875,46.4024,3.18265,2.67708e+06,0.0924889,43.254,0.166483,0.0184948,-0.178396,0.0524044,0.62544,-1.26404,-0.571769,-0.0994617,4
2024-09-23,27343,966.333,40.0625,,25664,985.5,939.5,1204.7,1227.4,1245,1308,966.333,27.0162,24.6671,28.8375,40.0625,49.2895,3.3484,2.73368e+06,-0.0368833,36.1111,-0.154017,0.0802505,-0.174926,-0.515474,0.228348,-1.25566,-0.364005,-0.0994593,4
2024-09-24,28241,966.75,42,,27028,986,939.5,1203.3,1222.8,1245,1303,966.75,26.4856,24.4686,28.782,42,48.082,3.27944,2.73889e+06,-0.147469,30.3571,-0.348626,0.0536886,-0.173619,-1.437,0.564744,-1.26352,-0.449113,-0.0994601,4
2024-09-25,28834,967.917,39.625,,28729,987,939.5,1210.3,1226.2,1240,1304,967.917,26.6845,25.0418,28.1102,39.625,50.1372,3.39651,2.77752e+06,-0.291957,22.619,-0.660048,0.0761329,-0.170186,-1.89677,0.086809,-1.25349,-0.380584,-0.0994584,4
2024-09-26,29164,968.75,40.625,,29914,988.5,939.5,1209.6,1228.6,1230,1302,968.75,26.8232,24.8619,26.9677,40.625,49.7563,3.37493,2.77019e+06,-0.236909,25.3968,-0.699359,0.22554,-0.164579,-2.0785,0.145004,-1.24501,0.13386,-0.0994585,4
2024-09-27,29174,970.583,40.9375,,30836,989.5,939.5,1209.3,1226.4,1245,1311,970.583,26.357,24.5952,28.2734,40.9375,44.5905,3.0771,2.80936e+06,-0.265909,23.6111,-0.731991,0.200173,-0.166632,-1.94154,-0.0878017,-1.25134,0.0514081,-0.0994623,4
2024-09-30,27172,970.917,39.75,,31554,990,939.5,1213.3,1228,1235,1290,970.917,26.4784,24.9644,27.1994,39.75,39.8962,2.79785,2.34035e+06,0.0724782,43.4524,-0.0310851,0.176041,-0.169654,0.0825462,-0.00614775,-1.2433,-0.0410859,-0.0994656,4
2024-10-01,28461,971.25,42,44.1875,31236,990.5,939.5,1219.1,1245.8,1220,1288,971.25,28.2677,25.5187,25.6113,44.1875,40.0256,2.80566,2.50382e+06,0.0958531,44.4444,-0.00450637,0.196213,-0.170508,-0.302112,0.459101,-1.19481,-0.0189832,-0.0994653,4
2024-10-02,29138,971.75,40.0625,43.6875,31169,991,939.5,1210.8,1237.7,1215,1276,971.75,27.3682,24.5999,25.0322,43.6875,39.8614,2.79575,2.56701e+06,0.0249835,41.0714,0.0838618,-0.0338949,-0.178929,-0.376073,0.806587,-1.21189,-0.135598,-0.0994653,2.65665
2024-10-03,29231,972.75,40.4375,43.6875,30955,992.5,939.5,1192.5,1230.4,1205,1265,972.75,26.4868,22.5906,23.8756,43.6875,38.7527,2.72853,2.60338e+06,-0.102976,33.3333,0.0972502,-0.303202,-0.176562,-0.15057,0.618883,-1.22843,-0.215141,-0.099466,0.96367
2024-10-04,28313,974.833,39.8125,43.375,30822,994,939.5,1187.3,1201.8,1195,1258,974.833,23.2826,21.7952,22.5851,43.375,37.3698,2.64399,2.67764e+06,-0.0933157,34.127,0.353546,-0.540178,-0.173199,0.732179,0.501659,-1.30103,-0.353501,-0.0994668,-0.273241
2024-10-07,28557,975.5,39.0625,42.8125,30694,995,939.5,1185.4,1220.7,1185,1207,975.5,25.1358,21.5172,21.4762,42.8125,39.3127,2.76255,2.7015e+06,-0.535046,11.1111,-0.331421,-0.738672,-0.168692,-1.44253,0.616961,-1.25093,-0.615132,-0.0994652,-1.23965
2024-10-08,28388,975.917,38.5,40.75,30527,995.5,939.5,1170.9,1213,1175,1188,975.917,24.2934,19.9795,20.3996,40.75,40.3808,2.82708,2.6173e+06,-0.508927,11.9048,-0.256801,-0.761052,-0.167405,-0.0123444,-0.590653,-1.26626,-0.762676,-0.0994642,-1.07056
2024-10-09,28346,976.25,38.5625,43.125,30425,995.5,939.5,1143.3,1190.1,1175,1121,976.25,21.9052,17.1114,20.3585,43.125,41.7566,2.90953,2.6299e+06,-0.385067,17.4603,0.148676,-0.91881,-0.169334,0.671177,-0.0558132,-1.31867,-1.24235,-0.0994631,-1.1107
2024-10-10,28632,979.417,39.625,44.25,30490,998.5,939.5,1131.2,1177.5,1180,1126,979.417,20.2246,15.4973,20.4799,44.25,35.0602,2.50104,2.64128e+06,-0.338133,20.6349,0.165231,-0.841497,-0.141402,0.483584,0.153512,-1.35362,-1.09837,-0.099468,-0.787575
2024-10-11,28632,979.417,39.625,44.25,30490,998.5,939.5,1131.2,1177.5,1180,1106,979.417,20.2246,15.4973,20.4799,44.25,35.0602,2.50104,2.64128e+06,-0.482167,14.0873,-0.114686,-0.849649,-0.167987,-0.387347,0.211277,-1.34796,-1.20997,-0.0994678,-0.63275
2024-10-14,28702,980.167,39.6875,43.125,30449,999.5,939.5,1140.1,1180,1190,1106,980.167,20.3877,16.3169,21.4079,43.125,39.8651,2.79598,2.6813e+06,-0.398629,17.0635,-0.0927138,-0.704544,-0.166686,-0.21798,0.106525,-1.33849,-0.762193,-0.0994641,-0.531522
2024-10-15,28271,980.583,39.375,40.6875,30435,1000,939.5,1140.2,1178.8,1235,1044,980.583,20.2142,16.2777,25.9454,40.6875,39.3169,2.7628,2.70641e+06,-0.408692,16.8651,-0.0318959,-0.785489,-0.166443,0.0344533,0.0363018,-1.33704,-1.13589,-0.0994644,-0.353634
2024-10-16,28294,981.583,40.4375,43.625,30522,1000.5,939.5,1164.9,1172.6,1220,1052,981.583,19.4601,18.6756,24.289,43.625,39.1888,2.75503,2.71488e+06,-0.292395,24.0079,-0.0146234,-0.570167,-0.157687,-0.0274334,0.14125,-1.34945,-0.479876,-0.0994643,-0.133585
2024-10-17,28273,981.75,40.625,44.25,30670,1001,939.5,1159.6,1193.8,1220,1099,981.75,21.5992,18.1156,24.2679,44.25,41.2294,2.87802,2.76099e+06,-0.197789,29.9603,0.0398793,-0.435458,-0.195877,0.267124,0.0483911,-1.29276,-0.11284,-0.0994626,-0.0380732
2024-10-18,28488,983.833,40.25,43.875,30808,1004,939.5,1161.9,1191.8,1225,1097,983.833,21.1384,18.0993,24.513,43.875,37.4373,2.64814,2.79791e+06,-0.206697,29.1667,-0.0435131,-0.369881,-0.169,0.0595889,-0.021128,-1.29846,0.0431143,-0.0994653,0.120446
2024-10-21,28314,984.417,41.3125,43.3125,30938,1004.5,939.5,1164.9,1196.1,1240,1100,984.417,21.5034,18.334,25.9629,43.3125,39.4205,2.76908,2.84629e+06,-0.131093,33.9286,0.0685294,-0.330716,-0.170896,0.293218,0.0832661,-1.28436,0.0678671,-0.0994637,0.316912
2024-10-22,28416,984.833,42.3125,44.25,31117,1004.5,939.5,1163.7,1192,1245,1099,984.833,21.0357,18.1621,26.4173,44.25,40.0747,2.80863,2.90051e+06,-0.0210352,40.6746,0.106755,-0.148826,-0.17065,-0.218755,0.709671,-1.29011,0.600231,-0.099463,0.536897
2024-10-23,28511,985.917,40.875,44.125,31313,1005,985.5,1164.9,1192.2,1230,1103,985.917,20.923,18.154,24.757,44.125,40.5091,2.8348,2.92705e+06,-0.123618,34.3254,-0.105627,-0.141609,-0.169373,-0.287109,0.1396,-1.28734,0.562585,-0.0994625,0.657168
2024-10-24,29057,986.333,42.375,44.3125,31632,1005.5,987,1159.5,1181.8,1215,1036,986.333,19.8175,17.5566,23.1835,44.3125,43.3556,3.00445,3.00305e+06,-0.359172,20.4365,-0.310612,-0.407732,-0.165939,-0.823606,0.0577103,-1.30811,-0.441138,-0.0994602,0.843293
2024-10-25,29163,988.333,41.0625,44,31977,1007.5,988,1142.5,1169.5,1225,967,988.333,18.3305,15.5987,23.946,44,41.8108,2.91277,3.07109e+06,-0.411299,16.6667,-0.270657,-0.551942,-0.167019,-0.713822,0.0688711,-1.33773,-1.02745,-0.0994612,1.0657
2024-10-28,29368,988.833,40.3125,43.625,32496,1008,988.5,1132.2,1157.3,1220,914,988.833,17.0369,14.4986,23.3777,43.625,42.4699,2.952,3.11503e+06,-0.508007,12.1032,-0.377645,-0.63837,-0.167853,-1.06907,0.103991,-1.36255,-1.51271,-0.0994605,1.48085
2024-10-29,29669,989.25,42.5,44.4375,33321,1008.5,989,1138.8,1153.7,1195,933,989.25,16.6237,15.1175,20.7986,44.4375,41.7463,2.90892,3.16648e+06,-0.468079,15.0794,-0.44389,-0.492269,-0.167619,-1.24473,0.0806793,-1.36641,-1.3315,-0.0994609,2.14886
2024-10-30,29863,990.25,41.4375,43.875,33948,1009.5,990,1135.7,1157.4,1180,956,990.25,16.8796,14.6882,19.1618,43.875,42.5002,2.9538,3.20519e+06,-0.439831,16.2698,-0.49858,-0.381082,-0.168475,-1.32657,-0.000691735,-1.35451,-1.16063,-0.0994602,2.56162
2024-10-31,28618,990.75,40.5625,42.125,34641,1011.5,992,1128.7,1158.2,1190,984,990.75,16.9013,13.9238,20.111,42.125,42.4554,2.95114,2.85141e+06,-0.0777549,38.8889,-0.0599379,-0.0955719,-0.167179,0.347238,-0.359873,-1.34821,-0.328563,-0.09946,2.88346
2024-11-01,29603,992.75,37.5,39.75,34390,1013,993,1147.3,1179.4,1190,955,992.75,18.8013,15.5679,19.8691,39.75,38.7369,2.72757,2.93048e+06,-0.266938,26.1905,-0.460485,-0.0733912,-0.166873,-0.473475,-0.741106,-1.29789,0.0209043,-0.0994626,2.23915
2024-11-04,30182,993.333,36.6875,39.1875,34174,1013,993,1148.6,1189,1170,955,993.333,19.698,15.6309,17.7852,39.1875,43.0641,2.98722,2.95543e+06,-0.314028,23.8095,-0.582724,-0.0453317,-0.165593,-0.808218,-0.774363,-1.27149,0.482334,-0.0994592,1.45991
2024-11-05,30432,994.75,36.3125,39.4375,34005,1014,994.5,1150,1181.1,1135,933,994.75,18.7334,15.6069,14.099,39.4375,43.1664,2.99327,3.01338e+06,-0.447908,16.0714,-0.594381,-0.301434,-0.15277,-0.754141,-0.876233,-1.28889,0.120811,-0.0994589,0.425028
2024-11-06,30432,994.75,36.3125,39.4375,34005,1014,994.5,1142.1,1181.1,1135,870,994.75,18.7334,14.8128,14.099,39.4375,43.1664,2.99327,3.01338e+06,-0.555909,10.3175,-0.503834,-0.607984,-0.165186,-0.576787,-0.769528,-1.28358,-0.636669,-0.0994588,-0.21648
2024-11-07,29668,995.333,35,38.625,34098,1014.5,995,1136,1166.4,1120,859,995.333,17.1869,14.1326,12.5251,38.625,44.1142,3.04914,3.0229e+06,-0.700084,4.16667,-0.599811,-0.800357,-0.163902,-1.04131,-0.594216,-1.31437,-0.979407,-0.0994579,-0.816025
2024-11-08,29838,997.25,36,39,34178,1016.5,997,1130.1,1151.6,1135,850,997.25,15.4776,13.3216,13.813,39,40.6151,2.84117,2.97769e+06,-0.444102,16.8651,-0.175797,-0.712408,-0.164802,-0.278755,-0.0838322,-1.34868,-0.803147,-0.0994604,-0.484285
2024-11-11,29859,997.75,35.5,38.4375,33989,1017.5,998,1130.5,1151.6,1135,850,997.75,15.4197,13.3049,13.756,38.4375,41.6569,2.90358,2.98047e+06,-0.356914,22.2222,-0.00744959,-0.706379,-0.165611,0.226523,-0.0832603,-1.34421,-0.800038,-0.0994595,-0.45724
2024-11-12,29962,998.75,36.375,38.875,33807,1018,998.5,1127.2,1161.8,1135,819,998.75,16.3254,12.8611,13.6421,38.875,40.1016,2.81025,3.02281e+06,-0.33844,23.2143,0.0453476,-0.722228,-0.170633,0.355008,-0.0483328,-1.31738,-0.875656,-0.0994605,-0.470597
2024-11-13,30023,999.25,36.125,38.75,33733,1018.5,999,1119.6,1158.4,1140,800,999.25,15.9269,12.044,14.0856,38.75,36.0158,2.56046,3.02031e+06,-0.300904,25.7937,0.0208883,-0.622696,-0.16414,0.297948,-0.0711431,-1.32104,-0.48649,-0.0994634,-0.54489
2024-11-14,30193,999.75,35.6875,38.9375,33581,1019,999.5,1103.7,1145,1140,772,999.75,14.5286,10.3976,14.0285,38.9375,35.87,2.55141,3.05363e+06,-0.453403,16.0714,-0.199247,-0.707559,-0.165064,-0.54698,0.114303,-1.34783,-0.633098,-0.0994634,-0.792139
2024-11-15,29878,1002.75,35.8125,38.625,33507,1022,1002.5,1099.3,1134.8,1140,769,1002.75,13.1688,9.62852,13.6874,38.625,33.5649,2.40729,3.04925e+06,-0.406095,19.0476,-0.090728,-0.721463,-0.151409,-0.107852,-0.0129228,-1.37354,-0.579165,-0.099465,-0.945904
2024-11-18,29878,1002.75,35.8125,38.625,33507,1022,1002.5,1099.3,1134.8,1140,769,1002.75,13.1688,9.62852,13.6874,38.625,33.5649,2.40729,3.04925e+06,-0.372482,21.627,-0.0520307,-0.692933,-0.15749,-0.0900741,0.0914721,-1.3676,-0.581167,-0.0994649,-0.754068
2024-11-19,30274,1003.25,34.6875,37.6875,33371,1022.5,1003,1077.8,1113.7,1135,746,1003.25,11.0092,7.43085,13.1323,37.6875,35.566,2.53254,3.05971e+06,-0.453058,16.2698,-0.227267,-0.678849,-0.163586,-0.355211,-0.163005,-1.41152,-0.510974,-0.0994632,-0.708024
2024-11-20,30494,1003.75,36.1875,39,33272,1023,1003.5,1080.6,1113.7,1135,720,1003.75,10.9539,7.65629,13.076,39,34.8107,2.48547,3.05298e+06,-0.44221,17.4603,-0.185691,-0.69873,-0.16335,-0.497011,0.103288,-1.40659,-0.572999,-0.0994636,-0.733007
2024-11-21,30845,1004.75,36.875,38.8125,33160,1024.5,1005,1077.6,1113.7,1130,734,1004.75,10.8435,7.25056,12.4658,38.8125,35.1854,2.50885,2.99054e+06,-0.42307,18.254,-0.25925,-0.58689,-0.156839,-0.654781,0.0338701,-1.40296,-0.205717,-0.0994632,-0.691948
2024-11-22,30874,1006.75,35.8125,38.4375,33117,1026.5,1007,1081.7,1106.8,1135,745,1006.75,9.93792,7.44475,12.739,38.4375,33.1212,2.37928,3.05726e+06,-0.460887,16.0714,-0.370263,-0.55151,-0.169254,-0.963565,0.0220284,-1.4176,-0.0837937,-0.0994647,-0.658855
2024-11-25,30879,1007.25,35.5,38.4375,33019,1027,1007,1078,1107.4,1130,748,1007.25,9.94291,7.02408,12.1866,38.4375,36.9792,2.61997,3.0502e+06,-0.462814,15.873,-0.368847,-0.556781,-0.162821,-0.965634,0.0219135,-1.41126,-0.0590347,-0.0994616,-0.757953
2024-11-26,30928,1007.75,37.3125,38.4375,32958,1027.5,1008,1078.4,1107.4,1135,751,1007.75,9.88837,7.01067,12.6271,38.4375,36.8143,2.60981,3.07503e+06,-0.34234,24.8016,-0.205358,-0.479321,-0.162648,-0.648665,0.195237,-1.40632,0.168074,-0.0994616,-0.679827
2024-11-27,31484,1008.75,36.375,38.8125,32768,1028,1008.5,1075.6,1103.3,1125,755,1008.75,9.37299,6.62701,11.5242,38.8125,36.619,2.59776,3.08262e+06,-0.38929,20.6349,-0.359461,-0.419119,-0.156267,-0.943869,0.0217526,-1.41193,0.431157,-0.0994617,-0.773364
2024-11-28,31637,1009.25,37,38.625,32629,1028.5,1009,1076.4,1103.3,1120,752,1009.25,9.3188,6.65346,10.9735,38.625,37.1631,2.63128,3.14842e+06,-0.384358,21.627,-0.304021,-0.464695,-0.162346,-0.771423,0.0217066,-1.40698,0.280378,-0.0994611,-0.800746
2024-11-29,30214,1011.75,36.5,38.625,32575,1031,1011.5,1075.9,1098.2,1120,752,1011.75,8.5446,6.3405,10.6993,38.625,35.4113,2.52291,2.62032e+06,-0.173446,36.5079,0.15019,-0.497082,-0.156078,0.515431,0.0912181,-1.41842,0.183254,-0.0994623,-0.810319
2024-12-02,31314,1011.92,34.9375,38.4375,32598,1032,1012.5,1069.1,1097.6,1100,749,1011.92,8.46743,5.65099,8.7046,38.4375,36.0948,2.56535,2.67919e+06,-0.342813,25.1984,-0.19311,-0.492516,-0.160046,-0.475526,0.0562438,-1.41391,0.130834,-0.0994616,-0.682529
2024-12-03,31240,1013.17,36.9375,38.8125,32526,1032.5,1012.5,1074.7,1100.1,1090,754,1013.17,8.58036,6.07336,7.58348,38.8125,35.4044,2.52248,2.68455e+06,-0.309666,27.5794,-0.133405,-0.485928,-0.150616,-0.375378,0.125778,-1.40508,0.14989,-0.099462,-0.692183
2024-12-04,31266,1013.25,34.6875,38.5,32237,1032.5,1013,1077.8,1104.6,1080,751,1013.25,9.01554,6.37059,6.58771,38.5,36.7808,2.60775,2.67122e+06,-0.267333,30.3571,-0.0210438,-0.513621,-0.161826,0.100603,-0.00190854,-1.38907,0.0890492,-0.0994608,-0.796382
2024-12-05,31534,1013.83,35.375,38.5625,32164,1033,1014.5,1061.8,1090.5,1055,760,1013.83,7.56206,4.73122,4.0605,38.5625,35.4772,2.52701,2.66454e+06,-0.260457,31.1508,-0.0402667,-0.480647,-0.160609,-0.00470809,0.0445175,-1.41581,0.195895,-0.0994616,-0.725781
2024-12-06,31531,1015.75,32.5625,35,32075,1035,1015.5,1049.9,1072.5,1050,769,1015.75,5.587,3.36205,3.37189,35,34.3458,2.45637,2.74512e+06,-0.58303,9.12698,-0.692332,-0.473727,-0.167706,-1.29474,-0.614552,-1.45404,0.275982,-0.0994623,-0.761058
2024-12-09,31512,1016.75,31.875,34.375,31949,1036,1016.5,1048.5,1067.9,1065,737,1016.75,5.03074,3.12269,4.74551,34.375,37.6002,2.65813,2.83008e+06,-0.472951,15.4762,-0.374847,-0.571055,-0.157216,-0.273505,-0.693822,-1.45998,0.0189048,-0.0994597,-0.916313
2024-12-10,31619,1017.25,32.6875,34.875,31777,1036.5,1017,1062.1,1087.4,1070,735,1017.25,6.89604,4.40895,5.18555,34.875,39.6849,2.78508,2.86465e+06,-0.506964,12.8968,-0.423658,-0.59027,-0.166309,-0.435936,-0.668728,-1.41155,-0.0440144,-0.0994581,-1.02185
2024-12-11,31988,1017.75,31.3125,34.4375,31694,1037,1018,1056.2,1073.8,1080,719,1017.75,5.50725,3.77794,6.11643,34.4375,39.5371,2.77614,2.81073e+06,-0.564582,10.5159,-0.529709,-0.599456,-0.160977,-0.73828,-0.68987,-1.43645,-0.159549,-0.0994581,-0.805265
2024-12-12,31849,1018.75,32.0625,35.25,31617,1038.5,1019,1059,1075,1095,715,1018.75,5.52147,3.95092,7.48466,35.25,30.8741,2.23613,2.89726e+06,-0.49583,14.0873,-0.360115,-0.631544,-0.155701,-0.374966,-0.549679,-1.42976,-0.276427,-0.0994645,-0.809499
2024-12-13,31937,1020.75,32.0625,34.5625,31610,1040,1020.5,1075.6,1093.5,1105,708,1020.75,7.12711,5.3735,8.25373,34.5625,30.6029,2.21871,2.94661e+06,-0.4282,19.6429,-0.208405,-0.647996,-0.154634,-0.45307,-0.0175096,-1.38766,-0.420206,-0.0994646,-0.72131
2024-12-16,31744,1021.25,31.9375,34.375,31565,1042,1022.5,1098.3,1099.4,1125,677,1021.25,7.65239,7.54468,10.1591,34.375,33.3776,2.39548,2.95488e+06,-0.379949,23.8095,-0.131598,-0.6283,-0.160666,-0.297695,0.0635675,-1.37005,-0.412056,-0.0994624,-0.634962
2024-12-17,32257,1021.83,32.5,34.3125,31494,1042.5,1022.5,1134.2,1149.3,1165,673,1021.83,12.4743,10.9966,14.0108,34.3125,35.1566,2.50705,3.00656e+06,-0.434669,19.246,-0.283466,-0.585872,-0.159497,-0.650716,-0.0401835,-1.25687,-0.430521,-0.0994609,-0.527406
2024-12-18,32255,1022.75,32.375,34.5,31428,1042.5,1022.5,1133.1,1162.3,1205,658,1022.75,13.6446,10.7895,17.8196,34.5,36.6697,2.6009,3.07201e+06,-0.352636,25.9921,-0.13303,-0.572242,-0.154254,-0.320502,0.0756643,-1.22572,-0.42307,-0.0994596,-0.5092
2024-12-19,32243,1023.25,31.6875,34.125,31490,1042.5,1023,1143.1,1152.7,1175,663,1023.25,12.6509,11.7127,14.8302,34.125,37.6452,2.66089,3.12614e+06,-0.38898,22.4206,-0.24474,-0.533221,-0.160265,-0.430428,-0.143526,-1.24283,-0.344282,-0.0994588,-0.359396
2024-12-20,32864,1025.42,32.875,34.875,31508,1044.5,1025,1149.5,1159.5,1160,671,1025.42,13.076,12.1008,13.1247,34.875,37.2878,2.63895,3.16906e+06,-0.397492,21.8254,-0.307583,-0.487401,-0.158166,-0.887228,0.122644,-1.22829,-0.211872,-0.0994589,-0.332565
2024-12-23,32688,1027.75,32,34.3125,31484,1048,1028.5,1155.4,1169,1200,649,1027.75,13.7436,12.4203,16.7599,34.3125,35.31,2.51661,3.18831e+06,-0.392533,22.2222,-0.328619,-0.456446,-0.135678,-0.903723,0.0535443,-1.20844,-0.134597,-0.0994603,-0.310135
2024-12-24,32688,1027.75,32,34.3125,31484,1048,1028.5,1165.6,1198.8,1200,649,1027.75,16.6432,13.4128,16.7599,34.3125,35.31,2.51661,3.18831e+06,-0.296457,31.1508,-0.176433,-0.41648,-0.142689,-0.451379,0.0647677,-1.13934,-0.102044,-0.0994601,-0.23368
2024-12-25,32688,1027.75,32,34.3125,31484,1048,1028.5,1165.6,1198.8,1200,650,1027.75,16.6432,13.4128,16.7599,34.3125,35.31,2.51661,3.18831e+06,-0.27807,32.7381,-0.191775,-0.364366,-0.153756,-0.451427,0.0298594,-1.13484,0.040369,-0.09946,-0.162691
2024-12-26,32413,1029,31.9375,34.3125,31460,1049,1029.5,1175.4,1189,1210,631,1029,15.5491,14.2274,17.5899,34.3125,36.4103,2.58488,3.1442e+06,-0.267386,33.1349,-0.0896903,-0.445081,-0.144487,-0.223526,0.0989416,-1.15454,-0.175945,-0.099459,-0.255684
2024-12-27,31524,1030.5,32.875,34.4375,31440,1051,1031.5,1170.9,1184.4,1215,627,1030.5,14.9345,13.6245,17.9039,34.4375,39.6017,2.78005,3.22502e+06,-0.0886227,45.4365,0.307546,-0.484791,-0.152564,1.09159,-0.0163874,-1.1635,-0.28546,-0.0994565,-0.296702
2024-12-30,29640,1032.5,31.9375,34.25,31444,1052.5,1032,1169.5,1191.8,1230,635,1032.5,15.4286,13.2688,19.1283,34.25,40.1332,2.81216,2.8124e+06,0.22431,61.1111,0.847963,-0.399342,-0.156565,2.6476,0.0528572,-1.14795,-0.0170729,-0.099456,-0.266432
2024-12-31,29640,1032.5,31.9375,34.25,31444,1052.5,1032,1169.5,1191.8,1230,635,1032.5,15.4286,13.2688,19.1283,34.25,40.1332,2.81216,2.8124e+06,0.221308,60.9127,0.840449,-0.397833,-0.156379,2.62452,0.0532041,-1.14336,-0.016345,-0.0994558,-0.266505
2025-01-01,29640,1032.5,31.9375,34.25,31444,1052.5,1032,1169.5,1191.8,1230,635,1032.5,15.4286,13.2688,19.1283,34.25,40.1332,2.81216,2.8124e+06,0.216785,60.9127,0.83311,-0.39954,-0.156194,2.6023,0.0532271,-1.13878,-0.0268669,-0.0994557,-0.266574
2025-01-02,31706,1032.75,31.625,34.3125,31552,1052.5,1032,1169.5,1191.8,1230,610,1032.75,15.4006,13.2413,19.0995,34.3125,33.9264,2.43004,2.86609e+06,-0.12817,43.0556,0.137281,-0.393621,-0.168188,0.515488,0.0645427,-1.13484,-0.0812688,-0.0994602,-0.124212
2025-01-03,32774,1034.75,32.0625,34.5,31486,1055,1035.5,1167.1,1179.8,1205,610,1034.75,14.0179,12.7905,16.4532,34.5,32.7766,2.35748,2.89771e+06,-0.40595,21.627,-0.413979,-0.39792,-0.161999,-1.15593,0.0759957,-1.16074,-0.0457059,-0.099461,-0.173629
2025-01-06,32805,1035.75,32.75,34.75,31402,1055,1035.5,1170,1186.4,1205,569,1035.75,14.545,12.9616,16.3408,34.75,35.4476,2.52518,2.9982e+06,-0.743346,2.77778,-0.954481,-0.532211,-0.173976,-2.84637,0.156902,-1.1445,-0.484619,-0.0994588,-0.268328
2025-01-07,32903,1036.25,32.375,34.8125,31422,1055.5,1036,1172.4,1194.1,1215,561,1036.25,15.2328,13.1387,17.2497,34.8125,36.1677,2.56987,2.97576e+06,-0.754601,2.77778,-0.965616,-0.543586,-0.167705,-2.89729,0.168144,-1.12483,-0.555209,-0.0994582,-0.246113
2025-01-08,31176,1036.75,31,33.9375,31429,1056,1036.5,1181.9,1192.2,1220,572,1036.75,14.994,14.0005,17.6754,33.9375,36.9553,2.6185,3.0299e+06,-0.521727,12.8968,-0.529152,-0.514301,-0.16145,-1.43232,0.00631172,-1.12562,-0.456038,-0.0994575,-0.237882
2025-01-09,30904,1037.75,31.3125,34.1875,31990,1057,1037.5,1167.6,1188.9,1220,560,1037.75,14.5652,12.5126,17.562,34.1875,35.654,2.53801,3.19003e+06,-0.120857,44.4444,0.171178,-0.412892,-0.152208,0.624265,0.0414767,-1.1306,-0.338125,-0.0994584,0.246116
2025-01-10,31038,1039.75,31.1875,34.1875,31931,1059,1039.5,1166.7,1198.8,1225,580,1039.75,15.2969,12.2097,17.8168,34.1875,30.9364,2.24013,3.33309e+06,0.0319317,54.5635,0.417883,-0.35402,-0.152108,1.39894,0.00681715,-1.1101,-0.156387,-0.0994618,0.253766
2025-01-13,30835,1040.25,31.625,34.25,31951,1059.5,1040,1162.5,1172.2,1250,589,1040.25,12.6845,11.752,20.1634,34.25,25.0748,1.85599,3.35354e+06,0.122844,59.5238,0.47019,-0.224503,-0.157953,1.59625,-0.0277277,-1.16294,0.294299,-0.0994661,0.364701
2025-01-14,30704,1041.25,32.625,34.5625,31925,1060.5,1041,1162.7,1191,1240,579,1041.25,14.3818,11.6639,19.0876,34.5625,21.9141,1.64194,3.41871e+06,0.162938,60.3175,0.550354,-0.224477,-0.151738,1.78428,0.0185234,-1.12119,0.277861,-0.0994684,0.314259
2025-01-15,30624,1041.75,31.6875,32.875,31895,1061.5,1042,1162.6,1189.1,1225,597,1041.75,14.1445,11.6007,17.5906,32.875,24.3688,1.80861,3.4587e+06,-0.0850408,47.2222,0.0416939,-0.211776,-0.151542,0.407851,-0.131227,-1.12194,0.343327,-0.0994664,0.273731
2025-01-16,30707,1042.25,30.6875,33.1875,31860,1062,1042,1167.6,1191.5,1235,626,1042.25,14.32,12.0269,18.4936,33.1875,25.4846,1.88338,3.5038e+06,-0.126506,44.0476,-0.058509,-0.194504,-0.157377,0.100869,-0.119019,-1.11367,0.714381,-0.0994654,-0.364015
2025-01-17,30518,1044.5,31.25,32.5625,31700,1063.5,1044,1163.8,1189.8,1235,644,1044.5,13.911,11.4217,18.2384,32.5625,25.3383,1.8736,3.56486e+06,-0.109135,45.2381,-0.00190723,-0.216362,-0.154258,0.382371,-0.233835,-1.11822,0.696079,-0.0994654,-0.471331
2025-01-20,30593,1045.25,30.875,32.8125,31620,1066,1046.5,1165.9,1189.8,1240,641,1045.25,13.8292,11.5427,18.6319,32.8125,27.7912,2.03602,3.54668e+06,-0.165727,41.6667,-0.0698256,-0.261628,-0.15107,0.140141,-0.198548,-1.11561,0.588066,-0.0994634,-0.577386
2025-01-21,30282,1045.92,31.625,33.1875,31567,1066.5,1047,1167.2,1188.6,1235,638,1045.92,13.6419,11.5959,18.0782,33.1875,27.8332,2.03877,3.56709e+06,-0.130495,44.0476,-0.0136628,-0.247327,-0.154901,0.300314,-0.186401,-1.11532,0.651908,-0.0994632,-0.605538
2025-01-22,30140,1047.25,31.3125,33.1875,31512,1067.5,1048,1168.7,1188.4,1240,640,1047.25,13.4782,11.597,18.4053,33.1875,28.8407,2.10463,3.61531e+06,-0.0894827,47.4206,0.112472,-0.291437,-0.144745,0.356381,0.12578,-1.11451,0.509744,-0.0994623,-0.631599
2025-01-23,29838,1047.67,31.3125,33.3125,31389,1068,1048.5,1166.4,1187.5,1240,646,1047.67,13.3471,11.3331,18.3583,33.3125,29.8395,2.16946,3.66989e+06,-0.0741061,49.4048,0.214659,-0.362871,-0.145554,0.698709,0.0908229,-1.113,0.305172,-0.0994614,-0.72552
2025-01-24,29970,1049.58,32.625,33.9375,31427,1069,1049,1157.7,1168.2,1225,631,1049.58,11.3013,10.3009,16.713,33.9375,24.0507,1.78718,3.77516e+06,-0.116585,45.2381,0.19533,-0.428499,-0.149592,0.414343,0.321239,-1.15308,0.00934944,-0.0994656,-0.513107
2025-01-27,29834,1050.5,30.4375,32.75,31520,1070,1050.5,1161.2,1173.5,1230,642,1050.5,11.7087,10.5378,17.0871,32.75,26.669,1.96208,3.82707e+06,-0.0953176,47.4206,0.169832,-0.360467,-0.147619,0.601803,0.0553114,-1.13967,0.140919,-0.0994635,-0.326848
2025-01-28,29802,1050.92,32.25,33.875,31431,1070.5,1051.5,1162,1176,1230,634,1050.92,11.9023,10.5701,17.0407,33.875,29.152,2.12489,3.90619e+06,-0.121284,45.0397,0.133195,-0.375764,-0.150421,0.355842,0.194165,-1.131,0.0979198,-0.0994615,-0.365258
2025-01-29,29648,1051.58,31.5625,33.8125,31301,1071.5,1051.5,1163.4,1178.9,1220,611,1051.58,12.1071,10.6332,16.0155,33.8125,27.0776,1.98907,3.91985e+06,-0.159756,42.0635,0.130762,-0.450275,-0.15821,0.368271,0.182225,-1.12217,-0.131441,-0.0994629,-0.445785
2025-01-30,29429,1052.5,31.4375,33.5,31258,1072,1053,1166.2,1178.9,1220,614,1052.5,12.0095,10.8029,15.9145,33.5,24.5215,1.81888,4.08415e+06,-0.181836,40.6746,0.081979,-0.445652,-0.152062,0.296672,0.101326,-1.11993,-0.16074,-0.0994647,-0.359294
2025-01-31,28310,1053.5,29.3125,30.625,31209,1073.5,1053.5,1168.2,1191,1220,618,1053.5,13.0517,10.8875,15.8045,30.625,21.7125,1.62811,3.19457e+06,-0.0775641,50.3968,0.247357,-0.402485,-0.162692,1.44979,-0.545029,-1.0931,0.010453,-0.0994667,-0.453162
2025-02-03,29453,1053.92,28.5,30.4375,31098,1074.25,1054.25,1177.9,1192,1220,632,1053.92,13.1019,11.7641,15.7587,30.4375,25.6012,1.89115,3.28223e+06,-0.256012,36.1111,-0.0864317,-0.425593,-0.168248,0.268183,-0.35923,-1.08785,0.0342779,-0.0994636,-0.673077
2025-02-04,29427,1054.25,29.5,30.6875,31089,1074.5,1054.25,1186.2,1197.2,1215,640,1054.25,13.5594,12.516,15.2478,30.6875,24.4105,1.81142,3.35679e+06,-0.254786,36.3095,-0.141901,-0.367671,-0.169002,0.26316,-0.51986,-1.07382,0.179702,-0.0994644,-0.586525
2025-02-05,29354,1054.71,29.6875,30.8125,30994,1074.5,1054.5,1197.5,1204.8,1215,660,1054.71,14.2306,13.5385,15.1977,30.8125,23.8121,1.77107,3.42444e+06,-0.199081,40.0794,-0.15462,-0.243542,-0.17125,0.191231,-0.483841,-1.05523,0.577029,-0.0994647,-0.549455
2025-02-06,28743,1054.88,29.4375,30.625,30853,1074.75,1054.75,1187.4,1197.8,1210,659,1054.88,13.549,12.5631,14.7055,30.625,23.7285,1.76543,3.47849e+06,-0.150114,43.6508,-0.0280833,-0.272144,-0.17992,0.555205,-0.459535,-1.0659,0.541214,-0.0994646,-0.656703
2025-02-07,28889,1055.92,28.75,30.5,30777,1075.75,1055.75,1193.4,1210.2,1205,660,1055.92,14.6113,13.0203,14.1189,30.5,22.8634,1.70676,3.47511e+06,-0.262543,34.7222,-0.248874,-0.276212,-0.179186,-0.616519,0.0490839,-1.03898,0.514543,-0.0994652,-0.685684
2025-02-10,28938,1056.38,28.5,30.4375,30652,1076,1056.5,1184.5,1194.2,1205,677,1056.38,13.047,12.1287,14.0693,30.4375,22.4574,1.67909,3.52891e+06,-0.0908784,49.4048,0.0970188,-0.278776,-0.178441,0.397212,0.0722854,-1.06868,0.543055,-0.0994653,-0.70125
2025-02-11,28898,1056.62,29.1875,30.375,30693,1076,1056.5,1182.9,1193.4,1215,710,1056.62,12.9445,11.9508,14.9888,30.375,21.897,1.64076,3.51388e+06,-0.0612462,52.381,0.0818851,-0.204378,-0.17918,0.410209,0.0146268,-1.06676,0.773367,-0.0994656,-0.644921
2025-02-12,28925,1056.88,28.625,30.1875,30592,1076.25,1056.75,1186.1,1196.7,1220,673,1056.88,13.23,12.2271,15.4347,30.1875,22.1869,1.66061,3.53497e+06,-0.160465,43.0556,0.0314323,-0.352362,-0.181399,0.318499,-0.0428035,-1.05646,0.248451,-0.0994653,-0.651584
2025-02-13,28894,1057.46,28.125,30.25,30540,1077.25,1057.5,1187.4,1201.3,1225,675,1057.46,13.6026,12.2881,15.8438,30.25,21.738,1.62986,3.58625e+06,-0.227798,37.8968,-0.129257,-0.326339,-0.176215,-0.214904,0.00334725,-1.04432,0.278574,-0.0994655,-0.553963
2025-02-14,28801,1058.5,29.0625,30.1875,30532,1078,1058.25,1185.2,1197.6,1220,675,1058.5,13.1412,11.9698,15.2574,30.1875,21.7532,1.63091,3.65035e+06,-0.184645,41.6667,-0.0513078,-0.317981,-0.175997,0.00705635,0.0150169,-1.05012,0.276082,-0.0994653,-0.478859
2025-02-17,28747,1059.08,28.4375,30.3125,30549,1078.75,1059.25,1209.5,1197.6,1235,675,1059.08,13.0789,14.2025,16.6103,30.3125,22.3958,1.67488,3.68229e+06,-0.172899,42.6587,-0.00728774,-0.338511,-0.174284,0.102531,0.0498891,-1.04736,0.123293,-0.0994647,-0.322505
2025-02-18,28405,1059.17,28,30.125,30482,1079,1059,1204.6,1211.3,1235,696,1059.17,14.3635,13.7309,16.6011,30.125,23.42,1.74455,3.75979e+06,-0.149004,44.8413,0.0788313,-0.376839,-0.176008,0.38554,0.0269625,-1.01572,0.0169347,-0.0994638,-0.441364
2025-02-19,28362,1059.38,27.875,29.9375,30572,1079,1059.25,1198.8,1220.6,1225,719,1059.38,15.2189,13.1611,15.6342,29.9375,23.3285,1.73835,3.79712e+06,-0.0383291,54.5635,0.100492,-0.177151,-0.176242,0.450618,0.0271003,-0.993419,0.588133,-0.0994637,-0.230555
2025-02-20,28578,1059.88,27.5,28.25,30576,1079.25,1059.75,1199.7,1215.7,1225,719,1059.88,14.7022,13.1926,15.5797,28.25,23.447,1.74638,3.87036e+06,-0.129433,46.627,-0.0842667,-0.1746,-0.176972,0.21911,-0.294938,-1.00059,0.573373,-0.0994634,-0.168835
2025-02-21,28495,1060.88,28.125,29.4375,30582,1080.25,1061,1205.5,1215.2,1230,720,1060.88,14.547,13.6326,15.942,29.4375,22.4699,1.67994,3.87233e+06,-0.0896351,50.7937,-0.00984938,-0.169421,-0.177213,0.210551,-0.0628864,-1.00001,0.583267,-0.099464,-0.153524
2025-02-24,28603,1061.12,27.9375,29.0625,30449,1080.5,1061,1203.6,1215.2,1240,730,1061.12,14.52,13.4268,16.8571,29.0625,23.7135,1.76441,3.97934e+06,-0.128557,46.8254,-0.0919815,-0.165132,-0.180861,0.059281,-0.154365,-0.996702,0.677958,-0.0994628,-0.319508
2025-02-25,28685,1061.62,28.5625,29.0625,30319,1081,1061.5,1207.3,1212.4,1240,748,1061.62,14.2023,13.7219,16.8021,29.0625,23.2497,1.733,3.91379e+06,-0.197283,40.873,-0.210458,-0.184109,-0.175649,-0.336724,-0.119001,-0.999641,0.649697,-0.099463,-0.389947
2025-02-26,28714,1061.88,27.5625,29.375,30266,1081.25,1061.75,1212.5,1223.3,1230,749,1061.88,15.2019,14.1848,15.8328,29.375,23.7103,1.7642,3.97787e+06,-0.229785,37.8968,-0.201427,-0.258144,-0.174871,-0.403419,-0.0259899,-0.974456,0.444663,-0.0994624,-0.548498
2025-02-27,28586,1062.38,28,29.5625,30141,1081.75,1062.5,1215.1,1220.4,1225,769,1062.38,14.8747,14.3758,15.3077,29.5625,23.2177,1.73083,4.05184e+06,-0.101258,50.1984,0.0215131,-0.224029,-0.174641,-0.0808558,0.320036,-0.977741,0.639181,-0.0994626,-0.692159
2025-02-28,28117,1064.38,28.1875,29.625,30427,1084.25,1064.75,1231.3,1222,1230,780,1064.38,14.8092,15.6829,15.5608,29.625,24.0006,1.7838,3.59214e+06,-0.0362714,56.3492,0.0780954,-0.150638,-0.162624,0.28439,0.11252,-0.975424,0.737854,-0.0994618,-0.380404
2025-03-03,28117,1064.38,28.1875,29.625,30427,1084.25,1064.75,1231.3,1222,1230,780,1064.38,14.8092,15.6829,15.5608,29.625,24.0006,1.7838,3.59214e+06,-0.0102543,57.9365,0.134153,-0.154662,-0.165301,0.385799,0.181962,-0.971738,0.646848,-0.0994616,-0.233932
2025-03-04,28117,1064.38,28.1875,29.625,30427,1084.25,1064.75,1231.3,1222,1230,780,1064.38,14.8092,15.6829,15.5608,29.625,24.0006,1.7838,3.59214e+06,-0.0126391,57.9365,0.157838,-0.183116,-0.170916,0.462396,0.182033,-0.968029,0.471659,-0.0994615,-0.0901481
2025-03-05,27991,1064.38,27.75,29.5625,30139,1084.5,1064.25,1236.4,1233.3,1225,717,1064.38,15.8708,16.1621,15.091,29.5625,27.5742,2.02177,3.71264e+06,-0.103379,49.8016,0.183083,-0.389842,-0.173582,0.609911,0.112918,-0.941653,-0.14695,-0.0994586,-0.352769
2025-03-06,28181,1064.62,28.875,29.8125,30052,1084.5,1064.5,1228.9,1241.4,1215,714,1064.62,16.6044,15.4303,14.1247,29.8125,29.2501,2.13126,3.81879e+06,-0.179188,42.4603,0.0851962,-0.443572,-0.1762,0.306883,0.124906,-0.922364,-0.37504,-0.0994571,-0.311278
2025-03-07,28090,1066.04,28.8125,29.875,30006,1086,1066.5,1220.9,1219.8,1215,692,1066.04,14.4233,14.5265,13.973,29.875,27.1282,1.9924,3.86773e+06,-0.319412,29.9603,-0.0368049,-0.602019,-0.182784,-0.0520773,0.124446,-0.965288,-0.701439,-0.0994585,-0.681762
2025-03-10,27732,1066.33,28.4375,29.875,29866,1086.25,1066,1227.5,1227,1225,723,1066.33,15.0672,15.1141,14.8797,29.875,27.8224,2.03807,3.89355e+06,-0.227927,37.8968,0.0781792,-0.534032,-0.179048,0.289393,0.124192,-0.947824,-0.402461,-0.0994578,-0.838742
2025-03-11,27687,1066.67,29,29.9375,29819,1086.25,1066.5,1229.7,1229.4,1220,723,1066.67,15.2562,15.2844,14.375,29.9375,26.5108,1.9516,3.9293e+06,-0.220777,38.4921,0.09707,-0.538625,-0.174828,0.330236,0.135802,-0.940135,-0.400256,-0.0994586,-0.890674
2025-03-12,27960,1066.88,28.9375,30.125,29712,1086.25,1066.75,1232.3,1230,1230,718,1066.88,15.29,15.5056,15.29,30.125,28.1525,2.0597,3.87567e+06,-0.180908,42.6587,-0.0160396,-0.345777,-0.172125,-0.0580738,0.18208,-0.935783,0.170013,-0.0994572,-0.689985
2025-03-13,28104,1067.12,28.875,30.1875,29660,1086.5,1067,1233.7,1235.7,1235,748,1067.12,15.7971,15.6097,15.7315,30.1875,31.2706,2.26156,3.86059e+06,-0.12747,48.2143,-0.0127856,-0.242155,-0.17192,-0.0137324,0.147296,-0.921373,0.49854,-0.0994547,-0.650508
2025-03-14,28091,1068.54,29.25,30.625,29630,1088,1068.5,1239.6,1242.7,1240,737,1068.54,16.2987,16.0086,16.046,30.625,35.8118,2.54781,3.73083e+06,-0.108695,50.3968,-0.0138211,-0.203568,-0.171661,-0.0863832,0.216581,-0.907206,0.610184,-0.0994511,-0.63203
2025-03-17,27338,1068.92,29.25,30.8125,29603,1088.25,1068.5,1252.7,1253.8,1255,750,1068.92,17.2963,17.1934,17.4086,30.8125,39.8286,2.79377,3.74136e+06,-0.0503272,56.3492,0.127894,-0.228548,-0.170396,0.302952,0.251125,-0.882593,0.434291,-0.0994479,-0.504335
2025-03-18,27208,1069.12,30.25,31.0625,29588,1088.5,1069,1299,1295.7,1285,787,1069.12,21.1926,21.5012,20.1917,31.0625,111.873,6.36548,3.74092e+06,0.0363035,63.0952,0.167761,-0.095154,-0.171571,0.389333,0.285522,-0.796461,0.796865,-0.0993936,-0.468099
2025-03-19,27046,1069.62,30.3125,31.375,29608,1089.25,1069.75,1295.5,1294.4,1280,777,1069.62,21.0144,21.1172,19.6681,31.375,94.9087,5.63838,3.66363e+06,0.114556,66.8651,0.318885,-0.0897729,-0.167821,0.816222,0.308254,-0.79725,0.744551,-0.0994063,-0.324199
2025-03-20,26785,1069.83,30.5625,31.625,29653,1089.5,1069.5,1286.7,1286.4,1265,762,1069.83,20.243,20.2711,18.2427,31.625,70.615,4.48884,3.63771e+06,0.129309,68.0556,0.464046,-0.205428,-0.167925,1.21748,0.342588,-0.810623,0.298288,-0.0994245,-0.214477
2025-03-21,26628,1071.33,30.1875,31.5,29625,1091,1071.5,1290.7,1300.7,1280,769,1071.33,21.4095,20.476,19.4773,31.5,70.0281,4.45925,3.73595e+06,0.165084,69.0476,0.477008,-0.146841,-0.166704,1.35945,0.238283,-0.782744,0.474863,-0.0994248,-0.213276
2025-03-24,26628,1071.33,30.1875,31.5,29625,1091,1071.5,1290.7,1300.7,1280,769,1071.33,21.4095,20.476,19.4773,31.5,70.0281,4.45925,3.73595e+06,0.0204235,62.1032,0.219116,-0.178269,-0.170791,0.624749,0.203391,-0.779617,0.346862,-0.0994247,-0.183524
2025-03-25,26442,1071.58,29.625,31.3125,29552,1091.25,1071.75,1295.8,1298.1,1295,761,1071.58,21.1385,20.9239,20.8492,31.3125,74.3867,4.67679,3.78717e+06,-0.0507908,56.3492,0.212446,-0.314027,-0.169991,0.684923,0.122405,-0.78224,-0.092292,-0.0994213,-0.250285
2025-03-26,26251,1072.08,30.4375,31.875,29522,1091.5,1072.25,1295.8,1298.1,1295,769,1072.08,21.082,20.8675,20.7929,31.875,59.2485,3.89842,3.91798e+06,-0.0145909,59.127,0.239448,-0.26863,-0.169671,0.719468,0.168548,-0.780263,0.0935251,-0.0994325,-0.30807
2025-03-27,26223,1072.29,30.5,31.6875,29459,1091.75,1072.5,1297.3,1300,1300,759,1072.29,21.2357,20.9839,21.2357,31.6875,60.3365,3.95658,3.93653e+06,-0.0667255,55.754,0.134779,-0.26823,-0.169336,0.485808,0.0878664,-0.77374,0.150448,-0.0994315,-0.432164
2025-03-28,25777,1073.38,29.875,31.875,29364,1093,1073.5,1304.9,1322.2,1300,797,1073.38,23.1816,21.5698,21.1133,31.875,80.9528,4.99528,3.95203e+06,0.0392505,64.0873,0.253471,-0.17497,-0.173836,0.788204,0.146044,-0.729063,0.470847,-0.0994158,-0.509524
2025-03-31,24986,1073.88,30.1875,32.0625,29351,1093.5,1074,1319.6,1319.2,1325,816,1073.88,22.8448,22.8821,23.3849,32.0625,83.8679,5.13328,3.02899e+06,0.211644,71.0317,0.545013,-0.121725,-0.167609,1.62161,0.181038,-0.733087,0.669205,-0.0994135,-0.525483
2025-04-01,25450,1074.54,31.0625,32.625,29401,1094.25,1074.75,1310.1,1315.6,1315,823,1074.54,22.4336,21.9217,22.3778,32.625,60.1324,3.9457,3.1127e+06,0.152076,69.4444,0.364449,-0.0602976,-0.162364,0.935054,0.320657,-0.73869,0.820276,-0.0994312,-0.386393
2025-04-02,25450,1074.54,31.0625,32.625,29401,1094.25,1074.75,1310.1,1315.6,1315,823,1074.54,22.4336,21.9217,22.3778,32.625,60.1324,3.9457,3.1127e+06,0.0921053,66.2698,0.262769,-0.078558,-0.167804,0.738565,0.217544,-0.735553,0.737032,-0.099431,-0.354001
2025-04-03,25305,1074.83,31.0625,32.9375,29298,1094.5,1075,1315.2,1318.6,1310,872,1074.83,22.6795,22.3632,21.8794,32.9375,65.2087,4.21267,3.16021e+06,0.213069,71.627,0.338137,0.0880015,-0.166437,0.864041,0.316807,-0.727198,1.33571,-0.0994271,-0.402161
2025-04-04,25148,1075.88,30.0625,32.4375,29266,1095.5,1076,1337,1334.6,1310,925,1075.88,24.0479,24.2709,21.7614,32.4375,79.1506,4.90893,3.22504e+06,0.174761,71.0317,0.19978,0.149742,-0.166742,0.571737,0.194345,-0.694884,1.484,-0.0994165,-0.33121
2025-04-07,24838,1076.33,31.375,33.25,29201,1095.75,1076.5,1365.8,1363.8,1345,960,1076.33,26.708,26.8938,24.9613,33.25,93.3675,5.56948,3.24875e+06,0.137954,69.6429,0.073412,0.202497,-0.166875,0.0687974,0.318313,-0.635206,1.6395,-0.0994056,-0.392294
2025-04-08,24677,1076.58,31.8125,32.8125,29119,1096,1076.5,1373.4,1375.3,1360,978,1076.58,27.7467,27.5702,26.3256,32.8125,102.934,5.98928,3.23896e+06,0.225755,73.2143,0.234376,0.217133,-0.171384,0.740256,0.134257,-0.610394,1.74236,-0.0993984,-0.545199
2025-04-09,24780,1077.12,30.625,32.875,29120,1096.5,1077.5,1363.8,1359.6,1355,889,1077.12,26.2249,26.6148,25.7978,32.875,112.943,6.40955,3.37964e+06,0.0781425,65.6746,0.205596,-0.0493107,-0.16474,0.630651,0.150876,-0.640454,0.838891,-0.0993908,-0.543268
2025-04-10,24773,1077.38,32.0625,33.875,29157,1096.75,1077.5,1359,1367.2,1365,899,1077.38,26.901,26.1399,26.6968,33.875,513.813,16.0834,3.42473e+06,0.033043,63.6905,0.200442,-0.134356,-0.164886,0.484617,0.281595,-0.623262,0.442452,-0.0990895,-0.380696
2025-04-11,24704,1078.38,32.125,34.1875,29045,1097.5,1078,1326.8,1349.8,1375,874,1078.38,25.1698,23.037,27.5067,34.1875,175.444,8.68437,3.54169e+06,-0.0809484,54.3651,0.221243,-0.38314,-0.164901,0.392763,0.435867,-0.657611,-0.34729,-0.0993443,-0.473491
2025-04-14,24221,1182.42,36.25,39.1875,29561,1230,1198,1255.3,1228,1285,896,1182.42,3.8551,6.16393,8.67573,39.1875,49.61,3.36662,3.54439e+06,0.239464,74.0079,0.933487,-0.454559,0.979403,0.591797,1.22926,-1.11022,-0.480454,-0.0994389,0.198316
2025-04-15,36777,1200.83,35.625,36.5,29636,1230,1200,1255.3,1228,1285,725,1200.83,2.26232,4.53574,7.00902,36.5,42.5651,2.95765,3.56289e+06,-0.829217,2.77778,-0.67823,-0.980204,1.16579,-4,0.799518,-1.13974,-2.38067,-0.099444,0.378283
2025-04-16,38616,1172.83,37.25,39.125,29941,1160,1135,1175.4,1191,1250,745,1172.83,1.54896,0.218846,6.57951,39.125,5.18346,0.416227,3.49444e+06,-0.61871,8.53175,-0.618218,-0.619203,0.862583,-4,1.28276,-1.15036,-1.27835,-0.0994719,0.721936
2025-04-17,38616,1172.83,37.25,39.125,29941,1160,1135,1175.4,1191,1250,745,1172.83,1.54896,0.218846,6.57951,39.125,5.18346,0.416227,3.49444e+06,-0.667895,6.34921,-0.684321,-0.651468,0.8573,-4,1.08974,-1.14572,-1.37327,-0.0994717,0.676649
2025-04-18,38616,1172.83,37.25,39.125,29941,1160,1135,1175.4,1191,1250,726,1172.83,1.54896,0.218846,6.57951,39.125,5.18346,0.416227,3.49444e+06,-0.661344,7.14286,-0.70952,-0.613169,0.843392,-4,1.02805,-1.1411,-1.3077,-0.0994714,0.804375
2025-04-21,38791,1070.42,35,36.5,29988,1110,1094,1125.6,1137,1150,720,1070.42,6.22032,5.15531,7.4348,36.5,61.9459,4.04195,3.39617e+06,-1.34469,0.198413,-1.9501,-0.739276,-1.43647,-4,-0.413827,-1.03716,-1.58087,-0.0994285,0.259977
2025-04-22,38814,1093.33,34.5,35.6875,30125,1120,1104,1155.4,1142.2,1185,720,1093.33,4.46952,5.67683,8.38415,35.6875,57.1286,3.78404,3.41365e+06,-0.512646,14.0873,-0.775632,-0.24966,-1.36011,-0.910925,-0.0558641,-1.07029,0.132104,-0.0994319,0.327611
2025-04-23,38631,1122.5,34.625,35.625,30108,1170,1160,1166.5,1190.2,1210,720,1122.5,6.03118,3.91982,7.7951,35.625,86.1807,5.24135,3.49379e+06,-0.387938,24.8016,-0.427931,-0.347944,-0.738836,0.0187546,-0.563712,-1.03285,-0.0663428,-0.0994099,-0.0384096
2025-04-24,39079,1176.42,33.5625,35.0625,30203,1190,1174,1185.8,1202.9,1225,713,1176.42,2.25118,0.797617,4.12977,35.0625,25.4274,1.87955,3.65534e+06,-0.354674,28.5714,-0.335028,-0.37432,-0.156716,-0.180586,-0.667782,-1.10915,-0.135563,-0.0994553,0.0680916
2025-04-25,39168,1174.17,33.625,34.875,30205,1190,1169.5,1186.3,1202.1,1210,692,1174.17,2.37899,1.03335,3.05181,34.875,24.9332,1.84651,3.65556e+06,-0.372129,27.381,-0.366641,-0.377616,-0.180082,-0.219164,-0.700677,-1.10202,-0.155111,-0.0994554,0.0698649
2025-04-28,39291,1163.17,33.0625,34.8125,30182,1190,1159,1178.8,1193.5,1205,710,1163.17,2.60782,1.34403,3.5965,34.8125,39.3483,2.7647,3.73704e+06,-0.087615,55.3571,0.1423,-0.31753,0.834109,-0.194203,-0.213005,-1.09279,0.0856021,-0.0994443,-0.00945062
2025-04-29,39091,1170.67,33.25,34.0625,30227,1180,1165,1173.9,1193.1,1200,701,1170.67,1.91628,0.276193,2.50569,34.0625,21.8726,1.63909,3.81098e+06,-0.121434,50.7937,0.117969,-0.360836,0.649712,-0.0947141,-0.201092,-1.10315,-0.00344197,-0.0994572,-0.113749
2025-04-30,38928,1172,33,34.625,30364,1190,1170,1182.8,1190.6,1185,726,1172,1.58703,0.921502,1.10922,34.625,30.5986,2.21843,2.92596e+06,-0.107638,52.5794,0.0502393,-0.265514,0.336946,-0.103784,-0.0824447,-1.10577,0.247036,-0.0994503,0.0577673
2025-05-01,38928,1172,33,34.625,30364,1190,1170,1182.8,1190.6,1185,735,1172,1.58703,0.921502,1.10922,34.625,30.5986,2.21843,2.92596e+06,-0.137443,48.6111,-0.0409229,-0.233963,-0.243726,0.0964949,0.0244621,-1.10138,0.406769,-0.09945,-0.0496181
2025-05-02,38928,1172,33,34.625,30364,1190,1170,1182.8,1190.6,1185,741,1172,1.58703,0.921502,1.10922,34.625,30.5986,2.21843,2.92596e+06,-0.0818319,56.746,-0.00764477,-0.156019,-0.219559,0.135971,0.0606542,-1.097,0.676476,-0.0994497,-0.0521952
2025-05-05,38976,1178.5,32.1875,33.4375,30307,1210,1200,1205.2,1212.6,1205,741,1178.5,2.89351,2.26559,2.24862,33.4375,55.1643,3.67678,2.95659e+06,-0.105006,53.1746,-0.00607237,-0.203939,-0.0344125,0.168837,-0.152642,-1.06486,0.495652,-0.099431,-0.0902993
2025-05-06,38542,1203.83,33.625,35.3125,30291,1215,1194,1201.8,1214.8,1190,741,1203.83,0.910982,-0.168902,-1.1491,35.3125,5.39533,0.432836,3.04145e+06,0.0287371,66.4683,0.256539,-0.199065,0.149082,0.274112,0.346423,-1.10274,0.584861,-0.0994681,-0.158763
2025-05-07,38258,1153.5,33.125,34.8125,30380,1140,1124,1156,1169.8,1170,766,1153.5,1.41309,0.216732,1.43043,34.8125,-17.6167,-1.58015,3.91022e+06,-0.0876863,56.1508,0.0269953,-0.202368,-0.393041,0.329235,0.144791,-1.08767,0.584499,-0.0994851,-0.211264
2025-05-08,38035,1117.5,33.3125,34.5,30422,1130,1114,1147.1,1153.6,1165,678,1117.5,3.23043,2.64877,4.25056,34.5,29.4079,2.14151,4.17954e+06,-0.274981,35.5159,-0.0893064,-0.460655,-0.783474,0.429811,0.0857441,-1.04475,-0.386433,-0.0994494,-0.163314
2025-05-09,38123,1113.58,32.4375,34.25,30725,1150,1136,1147.5,1157.9,1175,678,1113.58,3.97965,3.04573,5.51523,34.25,72.3195,4.57425,4.30696e+06,-0.278315,35.3175,-0.132545,-0.424084,-0.824671,0.388787,0.0382476,-1.02472,-0.446739,-0.0994169,0.173173
2025-05-12,38079,1126,32.25,33.8125,30559,1150,1132,1142.2,1157.9,1170,650,1126,2.83304,1.43872,3.90764,33.8125,30.5272,2.21383,4.32324e+06,-0.288079,34.7222,-0.0479247,-0.528234,-0.75395,0.429274,0.180902,-1.04503,-0.731085,-0.0994481,0.053492
2025-05-13,38651,1125.67,33.5625,34.875,30598,1150,1125.5,1141,1138.4,1160,651,1125.67,1.13118,1.36215,3.05004,34.875,27.741,2.03272,4.3702e+06,-0.432836,21.2302,-0.33801,-0.527662,-1.01733,-0.0233421,0.0266396,-1.07704,-0.727733,-0.0994499,0.114811
2025-05-14,38565,1129.83,32.8125,34.5,30691,1150,1132,1139.7,1155.2,1165,648,1129.83,2.24517,0.873288,3.11256,34.5,27.7235,2.03157,4.4304e+06,-0.385106,25.3968,-0.168511,-0.601701,-0.443351,-0.112348,0.0501647,-1.0491,-1.01597,-0.0994496,0.117129
2025-05-15,38346,1135.5,33.375,34.5625,30588,1150,1138,1144.9,1174.7,1165,676,1135.5,3.45222,0.827829,2.59797,34.5625,27.2373,1.99959,4.47393e+06,-0.137939,49.6032,0.00576627,-0.281644,0.00984396,-0.11416,0.121615,-1.01931,0.155318,-0.0994497,-0.0446328
2025-05-16,38338,1146.17,31.8125,32.0625,30604,1160,1142,1156.7,1174.2,1165,676,1146.17,2.44583,0.919002,1.64316,32.0625,21.4843,1.61244,4.48214e+06,-0.200993,43.6508,-0.0689478,-0.333037,0.168318,-0.0695667,-0.305595,-1.03666,0.152249,-0.0994537,-0.363525
2025-05-19,38300,1134.25,33.5625,34.6875,30634,1155,1141,1150,1165.8,1165,675,1134.25,2.78157,1.38858,2.71104,34.6875,28.5432,2.08523,4.54656e+06,-0.0925286,56.5476,0.0358396,-0.220897,-0.0973389,-0.0716719,0.276529,-1.02543,0.424966,-0.0994481,-0.14646
2025-05-20,38267,1142,33.75,34.6875,30680,1160,1142.5,1154.2,1167.7,1175,663,1142,2.25044,1.0683,2.88967,34.6875,28.3788,2.0745,4.62763e+06,-0.0854405,58.3333,0.0890279,-0.259909,-0.00958376,0.202161,0.0745065,-1.03265,0.292121,-0.0994479,-0.13941
2025-05-21,38176,1145,32.25,34.125,30648,1160,1146,1149.4,1168.9,1175,661,1145,2.08734,0.384279,2.62009,34.125,27.1105,1.99124,4.64585e+06,-0.101538,55.3571,0.0738462,-0.276923,-0.0227095,0.205058,0.0391897,-1.03202,0.301431,-0.0994485,-0.278377
2025-05-22,38097,1143.58,32.5625,34.0625,30724,1155,1135.5,1144.9,1164,1165,665,1143.58,1.78533,0.115138,1.87277,34.0625,18.0118,1.37052,4.67832e+06,-0.149807,48.8095,0.0195427,-0.319156,-0.099506,0.142633,0.0155013,-1.03435,0.0572003,-0.0994551,-0.0808945
2025-05-23,38428,1137,33.5,34.5625,30686,1150,1133.5,1144.1,1162.1,1170,665,1137,2.20756,0.62445,2.90237,34.5625,25.2858,1.8701,4.72107e+06,-0.113806,53.7698,0.0962015,-0.323814,-0.285733,-0.0105496,0.584887,-1.02128,0.0579583,-0.0994493,-0.141159
2025-05-26,38384,1139.83,31.875,33.6875,30645,1160,1138,1145.6,1162.1,1170,666,1139.83,1.9535,0.505925,2.64659,33.6875,30.1471,2.18934,4.75972e+06,-0.200278,43.8492,-0.0711469,-0.32941,-0.125948,-0.00724979,-0.0802426,-1.02263,0.079443,-0.0994453,-0.220611
2025-05-27,38381,1148,33,34.1875,30453,1170,1156,1161.3,1175.6,1165,666,1148,2.40418,1.15854,1.48084,34.1875,33.1153,2.37891,4.82044e+06,-0.185304,45.4365,-0.0421369,-0.328472,-0.121592,-0.0199857,0.0151668,-1.00901,0.201137,-0.0994428,-0.484674
2025-05-28,38444,1161,31.9375,33.875,30458,1175,1160,1166.7,1175,1170,655,1161,1.20586,0.490956,0.775194,33.875,27.1635,1.99473,4.85281e+06,-0.184655,45.6349,-0.0137155,-0.355595,-0.0149461,-0.0888488,0.0626484,-1.03046,0.106877,-0.099447,-0.443112
2025-05-29,38366,1174.5,32.3125,34.0625,30391,1195,1183,1183.8,1192.4,1170,663,1174.5,1.52405,0.791826,-0.383142,34.0625,37.8209,2.67165,4.93549e+06,-0.15475,49.0079,0.0546317,-0.364131,0.142744,-0.0886946,0.109846,-1.01962,0.145134,-0.0994386,-0.60107
2025-05-30,36919,1195.33,31.8125,33.1875,30404,1195,1188,1193.5,1201.6,1180,663,1195.33,0.524264,-0.153371,-1.28276,33.1875,13.2143,1.02532,4.47961e+06,-0.0131556,66.2698,0.335853,-0.362165,0.430233,0.72859,-0.151263,-1.0368,0.140566,-0.0994568,-0.54377
2025-06-02,37793,1181.17,32.6875,34.25,30410,1200,1180.5,1185.3,1197.5,1165,663,1181.17,1.38281,0.349934,-1.36871,34.25,22.9012,1.70932,4.4949e+06,-0.0475851,63.4921,0.257196,-0.352367,0.252094,0.302789,0.216707,-1.01447,0.126165,-0.0994493,-0.491054
2025-06-03,37767,1184,32.5,34.4375,30286,1200,1184.5,1190,1197.7,1160,668,1184,1.15709,0.506757,-2.02703,34.4375,24.7113,1.83162,4.60756e+06,-0.0533322,63.0952,0.221387,-0.328051,0.193169,0.313697,0.157295,-1.01524,0.174242,-0.0994476,-0.415461
2025-06-04,38818,1184.33,31.4375,33,30298,1200,1185.5,1193.4,1199.2,1180,688,1184.33,1.25528,0.765553,-0.365885,33,25.279,1.86965,4.59645e+06,-0.138994,50.7937,-0.0440453,-0.233942,0.0575708,-0.133547,-0.0561603,-1.00915,0.493198,-0.0994468,-0.406796
2025-06-05,38758,1189.67,31.6875,33.5625,30296,1205,1191,1193.6,1195.8,1175,688,1189.67,0.515548,0.330622,-1.23284,33.5625,24.2633,1.80151,4.63922e+06,-0.151143,49.4048,-0.0507439,-0.251543,-0.0295973,-0.13825,0.0156154,-1.02084,0.406795,-0.0994473,-0.333805
2025-06-06,38639,1190,31.9375,34.0625,30266,1200,1185.5,1193.3,1197.9,1165,691,1190,0.663866,0.277311,-2.10084,34.0625,20.2246,1.52542,4.65646e+06,-0.24352,39.6825,-0.239227,-0.247814,-0.242641,-0.752277,0.277238,-1.01367,0.436338,-0.09945,-0.381131
2025-06-09,38604,1186.42,31.3125,32.9375,30255,1200,1185,1193.1,1198,1195,686,1186.42,0.976326,0.563318,0.723464,32.9375,27.2855,2.00277,4.60776e+06,-0.230469,40.6746,-0.19806,-0.262878,-0.132475,-0.323587,-0.138117,-1.00304,0.382092,-0.0994445,-0.399364
2025-06-10,38600,1187,32.125,34,30238,1200,1188.5,1191.8,1192.7,1190,655,1187,0.480202,0.404381,0.252738,34,30.6167,2.21959,4.53401e+06,-0.254227,39.4841,-0.152512,-0.355942,-0.155653,-0.330475,0.0285913,-1.00959,0.00317722,-0.0994417,-0.279876
2025-06-11,38533,1184.5,31.9375,33.75,30237,1200,1182,1189,1191.5,1190,668,1184.5,0.590967,0.379907,0.464331,33.75,30.5067,2.21251,4.48413e+06,-0.145413,51.1905,0.0862169,-0.377044,-0.184748,0.189008,0.254391,-1.00325,-0.0698364,-0.0994415,-0.294247
2025-06-12,38506,1185.5,32.1875,33.8125,30298,1200,1185,1188.7,1192.9,1190,678,1185.5,0.624209,0.269928,0.379587,33.8125,31.1882,2.25628,4.47928e+06,-0.150008,50.3968,0.0352343,-0.33525,-0.229266,0.175618,0.15935,-0.998578,0.036428,-0.0994406,-0.223571
2025-06-13,40465,1187.67,31.875,33.5625,30301,1200,1182,1192.9,1189.5,1190,688,1187.67,0.154361,0.440637,0.196461,33.5625,29.3104,2.13518,4.49889e+06,-0.313421,32.9365,-0.316168,-0.310673,-0.209698,-0.755721,0.0169143,-1.00458,0.109953,-0.0994417,-0.186565
2025-06-16,40465,1187.67,31.875,33.5625,30301,1200,1182,1192.9,1189.5,1190,687,1187.67,0.154361,0.440637,0.196461,33.5625,29.3104,2.13518,4.49889e+06,-0.266381,37.5,-0.236653,-0.296109,-0.172126,-0.768636,0.230803,-1.00061,0.150689,-0.0994413,-0.174028
2025-06-17,40399,1180.08,32.25,33.9375,30335,1185,1160,1181.3,1183.7,1200,714,1180.08,0.306478,0.103103,1.68774,33.9375,28.2373,2.06525,4.56444e+06,-0.205328,44.246,-0.298406,-0.11225,-0.256662,-0.738483,0.0999259,-0.993437,0.758433,-0.0994416,-0.116862
2025-06-18,40153,1151,31.9375,32.375,30417,1160,1142.5,1167.9,1171.6,1190,726,1151,1.78975,1.46829,3.38836,32.375,37.9875,2.68185,4.51217e+06,-0.270337,36.9048,-0.448188,-0.0924847,-0.537215,-0.658077,-0.149273,-0.958096,0.746025,-0.0994338,-0.0243841
2025-06-19,40182,1156.17,33.0625,34.0625,30497,1180,1162,1173.8,1171.6,1200,726,1156.17,1.33487,1.52515,3.79126,34.0625,47.9812,3.27366,4.4645e+06,-0.229433,41.8651,-0.337449,-0.121416,-0.491273,-0.680892,0.159817,-0.963942,0.640283,-0.0994258,-0.00374417
2025-06-20,40182,1156.17,33.0625,34.0625,30497,1180,1162,1173.8,1171.6,1200,726,1156.17,1.33487,1.52515,3.79126,34.0625,47.9812,3.27366,4.4645e+06,-0.093011,60.3175,-0.0349889,-0.151033,-0.51261,0.200561,0.207082,-0.96013,0.534639,-0.0994252,-0.00739967
2025-06-23,40894,1167.33,32,33.25,30462,1185,1171,1185.4,1191,1210,719,1167.33,2.02742,1.54769,3.65506,33.25,48.6277,3.31067,4.44124e+06,-0.159757,50,-0.150284,-0.169229,-0.393264,-0.110024,0.0524367,-0.941652,0.472114,-0.0994241,-0.0466822
2025-06-24,41212,1176,32.9375,34.25,30526,1195,1174.5,1185.1,1187.2,1215,681,1176,0.952381,0.77381,3.31633,34.25,41.3645,2.88611,4.39773e+06,-0.236366,41.4683,-0.108899,-0.363832,-0.222679,-0.274817,0.170799,-0.960685,-0.206317,-0.099429,-0.0139624
2025-06-25,41417,1176.33,32.375,34,30584,1205,1191.5,1202.2,1202.7,1210,687,1176.33,2.24143,2.19893,2.862,34,59.8056,3.92825,4.34152e+06,-0.181973,47.8175,0.012647,-0.376593,0.0881725,-0.4694,0.419169,-0.929558,-0.268316,-0.0994144,-0.0415749
2025-06-26,41555,1194.67,32.3125,33.25,30616,1205,1189.5,1200.3,1208.7,1210,685,1194.67,1.17466,0.471537,1.28348,33.25,36.675,2.60122,4.46059e+06,-0.253791,40.2778,-0.1115,-0.396083,0.223131,-0.513432,-0.0441976,-0.948476,-0.290462,-0.0994314,-0.0958399
2025-06-27,41460,1189.83,32.5,34.3125,30657,1205,1189,1198.4,1202.3,1210,677,1189.83,1.04777,0.719992,1.69492,34.3125,37.3105,2.64035,4.55213e+06,-0.230207,42.0635,-0.0468308,-0.413583,0.17287,-0.47088,0.157518,-0.9474,-0.375098,-0.0994305,-0.0512273
2025-06-30,39973,1194.08,32,33.625,30853,1215,1205,1211.3,1211.8,1215,701,1194.08,1.48371,1.44183,1.7517,33.625,52.2736,3.51666,3.77644e+06,-0.0123663,70.6349,0.256401,-0.281134,0.0981835,0.489922,0.181097,-0.934389,-0.051359,-0.0994188,0.202397
2025-07-01,41686,1203,32.6875,34.1875,31002,1235,1222,1233.2,1238,1225,699,1203,2.90939,2.51039,1.82876,34.1875,59.4067,3.9069,3.84988e+06,-0.0623811,66.0714,0.0263905,-0.151153,0.0985316,-0.117231,0.0978711,-0.900421,0.324264,-0.0994129,0.293071
2025-07-02,41658,1231.33,32.4375,34.1875,31022,1245,1229,1238.6,1241.3,1240,700,1231.33,0.809423,0.590149,0.703847,34.1875,30.9528,2.24119,3.79161e+06,-0.00719535,71.2302,0.169916,-0.184307,0.381083,-0.0167991,0.145463,-0.941389,0.271104,-0.0994337,0.249291
2025-07-03,41738,1226.92,32.4375,34.0625,31104,1245,1231,1238,1238.1,1235,679,1226.92,0.911496,0.903346,0.65883,34.0625,46.6689,3.19808,3.80047e+06,-0.04649,67.6587,0.1393,-0.23228,0.146015,0.00775992,0.264125,-0.93548,0.0707377,-0.0994213,0.302366
2025-07-04,41747,1239.83,31.6875,33.75,31220,1260,1240,1247,1238.1,1230,679,1239.83,-0.139801,0.578037,-0.793115,33.75,36.2074,2.57232,3.8904e+06,-0.0523064,67.0635,0.0974891,-0.202102,0.324302,-0.0348302,0.00299509,-0.954108,0.155038,-0.0994282,0.382282
2025-07-07,41721,1257.92,31.75,33.625,31240,1280,1264,1276.6,1281.6,1270,698,1257.92,1.88274,1.48526,0.96058,33.625,47.5386,3.24824,3.97937e+06,-0.132714,54.9603,-0.0341715,-0.231257,0.45778,-0.670359,0.110065,-0.907367,0.103492,-0.0994191,0.18779
2025-07-08,39127,1258,32.4375,33.5,31339,1275,1255,1260.1,1259.1,1280,704,1258,0.0874404,0.166932,1.74881,33.5,34.9732,2.49561,4.00792e+06,0.148078,82.3413,0.521319,-0.225164,0.36627,1.21759,-0.0199073,-0.941966,0.187763,-0.099428,0.131116
2025-07-09,39127,1258,32.4375,33.5,31339,1275,1255,1260.1,1259.1,1280,692,1258,0.0874404,0.166932,1.74881,33.5,34.9732,2.49561,4.00792e+06,0.077721,77.9762,0.421657,-0.266215,0.0795552,1.2045,-0.0190848,-0.938298,0.0516588,-0.0994273,0.108629
2025-07-10,38721,1261.17,31.3125,32.8125,32170,1275,1255,1270.4,1270.1,1295,700,1261.17,0.708336,0.732124,2.6827,32.8125,32.0475,2.31116,4.23009e+06,0.21153,84.3254,0.483606,-0.0605474,0.154588,1.42174,-0.125504,-0.921438,0.356965,-0.0994289,0.903973
2025-07-11,39060,1261.58,30.4375,31.125,32221,1275,1261.5,1269,1286.2,1300,717,1261.58,1.95125,0.587888,3.04512,31.125,25.7103,1.89842,4.46572e+06,0.145845,82.5397,0.303385,-0.0116954,0.0299616,1.26614,-0.385947,-0.89135,0.535501,-0.0994331,0.828697
2025-07-14,39147,1266.17,28.875,29.1875,32465,1295,1280,1294.9,1295,1340,717,1266.17,2.27721,2.26931,5.83125,29.1875,35.8397,2.54954,4.8582e+06,0.0468239,76.9841,0.126498,-0.0328505,-0.103149,1.2115,-0.728861,-0.88089,0.336039,-0.0994248,1.0586
2025-07-15,39061,1277,28.75,29.5,32638,1280,1260,1276.7,1315.7,1330,736,1277,3.03054,-0.0234926,4.15035,29.5,20.3511,1.5342,5.19309e+06,-0.0775414,65.4762,-0.176202,0.0211187,0.00126258,0.114097,-0.643964,-0.861275,0.471036,-0.0994357,1.12718
2025-07-16,39554,1259.92,30,31.25,32612,1275,1261,1272.8,1274.2,1295,748,1259.92,1.13367,1.02255,2.78457,31.25,39.4956,2.77363,5.47132e+06,-0.0583959,66.8651,-0.193918,0.0771262,-0.163942,-0.107124,-0.310688,-0.898487,0.719879,-0.0994205,1.09594
2025-07-17,39836,1266.25,30.1875,32.375,32640,1290,1274,1285.1,1306.7,1295,770,1266.25,3.19447,1.48865,2.27048,32.375,46.487,3.18756,5.7528e+06,-0.0810591,64.4841,-0.17147,0.00935166,-0.132566,-0.415658,0.0338141,-0.850766,0.863454,-0.0994143,0.238915
2025-07-18,40393,1283.83,31.4375,33.3125,32770,1300,1286,1294.8,1269.2,1305,759,1283.83,-1.13981,0.854215,1.64871,33.3125,37.2753,2.63818,6.0455e+06,-0.0339854,70.2381,0.0218235,-0.0897943,0.0381677,-0.505251,0.532554,-0.940336,0.566575,-0.0994211,0.317806
2025-07-21,40652,1286,32.1875,34.1875,32863,1300,1275,1287,1311.9,1320,763,1286,2.014,0.0777605,2.64386,34.1875,31.3297,2.26534,6.30707e+06,0.0494048,77.9762,0.177953,-0.0791437,0.0189804,-0.576949,1.09183,-0.868925,0.612859,-0.0994256,0.156977
2025-07-22,40578,1266.17,34.4375,37.875,32950,1275,1256.5,1260.1,1265.2,1310,775,1266.17,-0.0763486,-0.479139,3.46189,37.875,43.8339,3.03266,6.59522e+06,0.0907626,80.1587,0.304839,-0.123314,-0.277088,-0.581733,1.77334,-0.910394,0.545554,-0.099416,0.0653137
2025-07-23,40358,1259.67,34.625,36.875,32921,1275,1258.5,1264.5,1265.5,1310,773,1259.67,0.463083,0.383697,3.99576,36.875,43.3492,3.00407,6.71094e+06,0.0583206,78.5714,0.276047,-0.159406,-0.168751,-0.262601,1.25949,-0.895305,0.406074,-0.0994163,0.0614554
2025-07-24,40432,1262,34.6875,37,32943,1285,1272,1273.2,1278.2,1320,753,1262,1.28368,0.88748,4.59588,37,41.5485,2.89711,6.7468e+06,-0.0226376,71.0317,0.236192,-0.281467,-0.20468,-0.168701,1.08196,-0.874182,-0.0385337,-0.0994175,0.0539981
2025-07-25,40283,1277.75,33.8125,35.625,32806,1295,1280,1290.2,1287.3,1315,734,1277.75,0.747408,0.974369,2.91528,35.625,36.016,2.56047,6.86515e+06,-0.0818116,64.2857,0.182998,-0.346621,-0.222128,0.142529,0.628592,-0.882379,-0.120225,-0.0994216,-0.222296
2025-07-28,40146,1287.33,33.1875,35.25,32692,1305,1295,1296.9,1296.9,1320,719,1287.33,0.743141,0.743141,2.53755,35.25,36.5774,2.5952,7.07132e+06,-0.128011,55.9524,0.179622,-0.435645,-0.148873,0.315545,0.372194,-0.879076,-0.328001,-0.0994211,-0.436517
2025-07-29,41245,1296.67,35.4375,38,32553,1300,1291,1293.4,1293.5,1320,727,1296.67,-0.244219,-0.251931,1.79948,38,30.7122,2.22573,7.10286e+06,-0.224529,42.8571,0.0383346,-0.487393,0.138884,-0.203934,0.180054,-0.89709,-0.374376,-0.0994255,-0.669972
2025-07-30,40765,1294.17,35.3125,39.125,32582,1325,1315,1324,1319.8,1320,716,1294.17,1.98068,2.30521,1.99613,39.125,64.9322,4.19832,7.18092e+06,-0.130818,54.9603,0.230989,-0.492626,0.17895,-0.0995636,0.613583,-0.845463,-0.474521,-0.0993997,-0.609615
2025-07-31,38866,1351.83,36.8125,40.25,32591,1380,1357,1363.8,1360.8,1335,730,1351.83,0.663299,0.88522,-1.24522,40.25,62.5021,4.07128,5.53003e+06,0.18858,86.1111,0.773576,-0.396417,0.705606,0.798504,0.816619,-0.87094,-0.105932,-0.0994015,-0.622373
2025-08-01,41034,1361.33,38,41.75,32504,1375,1364,1366.2,1364.9,1335,771,1361.33,0.262,0.357495,-1.93438,41.75,31.8298,2.29729,5.64668e+06,0.191742,86.1111,0.588412,-0.204929,0.635411,-0.27025,1.40008,-0.876602,0.54453,-0.0994244,-0.571508
2025-08-04,43039,1361.83,38.8125,42.1875,32383,1370,1360,1355.2,1356.7,1330,761,1361.83,-0.37694,-0.487086,-2.33753,42.1875,22.636,1.69127,5.6652e+06,0.0488999,77.7778,0.291795,-0.193995,0.543938,-1.22763,1.55908,-0.887625,0.597924,-0.0994312,-0.579703
2025-08-05,42720,1351.17,39.375,42.625,32087,1350,1340,1347.3,1346.1,1325,743,1351.17,-0.374987,-0.286175,-1.9366,42.625,16.1068,1.23502,5.75538e+06,-0.00640653,72.619,0.284576,-0.297389,0.35199,-0.583862,1.0856,-0.884598,0.316063,-0.099436,-0.745781
2025-08-06,42143,1333.67,38.1875,41.75,32267,1345,1332,1337.7,1335.6,1320,735,1333.67,0.144961,0.302422,-1.02475,41.75,36.3823,2.58314,5.83173e+06,-0.0733539,65.873,0.114167,-0.260875,0.210733,-0.546087,0.677855,-0.870038,0.349654,-0.0994206,-0.586514
2025-08-07,41683,1331.08,39.4375,43.75,32295,1340,1326.5,1332,1331.9,1325,728,1331.08,0.061356,0.0688687,-0.457019,43.75,37.7027,2.66441,5.81903e+06,-0.284056,34.7222,-0.245438,-0.322674,-0.364851,-1.22568,0.854219,-0.868699,0.121849,-0.0994195,-0.566184
2025-08-08,42116,1329.42,40.75,45.375,32279,1335,1328,1335.2,1329.4,1325,733,1329.42,-0.00125619,0.435025,-0.332228,45.375,42.8946,2.97719,5.98714e+06,-0.211226,43.8492,0.000727029,-0.42318,-0.46859,-0.406955,0.877726,-0.866925,-0.268626,-0.0994155,-0.492327
2025-08-11,41991,1330.5,41.875,47.75,32337,1335,1322,1328.5,1327.2,1335,724,1330.5,-0.248027,-0.150319,0.338219,47.75,45.0194,3.10219,6.07188e+06,0.0267088,76.5873,0.446768,-0.39335,-0.462262,0.535014,1.26755,-0.869191,-0.255378,-0.0994139,-0.305487
2025-08-12,41991,1321.5,45.9375,49.75,32456,1330,1317.5,1325.5,1323.2,1330,722,1321.5,0.128642,0.302686,0.643208,49.75,51.2649,3.46013,6.23616e+06,0.115591,83.1349,0.508683,-0.2775,-0.448021,0.39643,1.57764,-0.857638,-0.0785963,-0.0994092,0.128785
2025-08-13,42052,1318,44.375,49.9375,32444,1325,1313,1322.6,1321.7,1340,711,1318,0.280728,0.349014,1.6692,49.9375,53.1586,3.56598,6.53304e+06,0.107239,82.5397,0.527983,-0.313505,-0.316425,0.116745,1.78363,-0.850949,-0.110306,-0.0994078,-0.0732067
2025-08-14,41908,1308.33,46.6875,52.5625,32339,1310,1300,1310.8,1301.5,1320,712,1308.33,-0.52229,0.188538,0.891722,52.5625,60.932,3.98826,6.55801e+06,0.0925703,81.3492,0.497207,-0.312067,-0.384494,-0.0231612,1.89928,-0.865566,-0.0211532,-0.0994019,-0.212225
2025-08-15,41908,1308.33,46.6875,52.5625,32339,1310,1300,1310.8,1301.5,1320,709,1308.33,-0.52229,0.188538,0.891722,52.5625,60.932,3.98826,6.55801e+06,0.0612917,79.3651,0.45564,-0.333057,-0.368222,0.16886,1.56628,-0.862129,-0.106504,-0.0994017,-0.19533
2025-08-18,41757,1298.83,49.6875,56.5625,32395,1315,1293,1303.9,1303.7,1340,706,1298.83,0.374698,0.390096,3.16951,56.5625,62.7127,4.08235,6.6027e+06,0.111585,82.9365,0.530726,-0.307555,-0.469926,0.180379,1.88172,-0.838785,-0.0395837,-0.0994002,-0.197347
2025-08-19,41705,1292.33,54.125,58.3125,32424,1310,1292.5,1299.9,1302.4,1340,700,1292.33,0.778955,0.585507,3.68842,58.3125,68.1802,4.36547,6.63477e+06,0.0982975,81.9444,0.526434,-0.329839,-0.446922,0.20308,1.82315,-0.826362,-0.083121,-0.0993959,-0.291119
2025-08-20,41692,1298.5,53.4375,58.8125,32430,1315,1292.5,1315,1308.1,1340,747,1298.5,0.739315,1.2707,3.196,58.8125,62.2025,4.05549,6.65029e+06,0.22041,87.6984,0.585935,-0.145116,-0.352869,0.235358,1.87531,-0.824003,0.551649,-0.0994002,-0.2723
2025-08-21,41485,1309.25,53.8125,59.25,32378,1325,1315,1322.3,1321.2,1340,753,1309.25,0.912736,0.996754,2.34867,59.25,69.2843,4.42162,6.70245e+06,0.197466,86.3095,0.51466,-0.119728,-0.155743,0.263946,1.43578,-0.816795,0.605641,-0.0993947,-0.216997
2025-08-22,41505,1321.58,53.125,59.8125,32321,1335,1321,1331.2,1326,1345,767,1321.58,0.334198,0.727665,1.77187,59.8125,63.6493,4.13147,6.87251e+06,0.253764,88.8889,0.58589,-0.0783621,-0.0375538,0.254986,1.54024,-0.826527,0.78998,-0.0993988,-0.276642
2025-08-25,41445,1344.17,52.1875,60.25,32201,1370,1362,1362,1360.3,1365,829,1344.17,1.20025,1.32672,1.5499,60.25,78.8555,4.89472,7.22822e+06,0.271233,89.0873,0.439003,0.103464,0.267685,0.214947,0.834377,-0.803713,1.49556,-0.0993871,-0.460682
2025-08-26,41184,1352.33,58.375,64.125,32217,1370,1356.5,1354.9,1355,1360,850,1352.33,0.197193,0.189798,0.566924,64.125,70.0952,4.46264,7.49376e+06,0.416905,90.4762,0.654752,0.179058,0.406386,0.30925,1.24862,-0.823108,1.78606,-0.0993935,-0.473717
2025-08-27,41255,1359.42,55.375,61.1875,32268,1360,1349.5,1355.2,1355.4,1355,853,1359.42,-0.295472,-0.310185,-0.324897,61.1875,53.7572,3.59918,7.68138e+06,0.233357,88.2937,0.417615,0.0490979,0.411039,0.271652,0.570156,-0.830988,1.31525,-0.0994056,-0.426022
2025-08-28,40963,1343.67,59.0625,66.125,32265,1345,1333,1343.4,1346.7,1350,837,1343.67,0.225748,-0.0198487,0.471345,66.125,57.5006,3.80421,7.9495e+06,0.31712,89.4841,0.640271,-0.00602979,0.159103,0.311071,1.45064,-0.816027,1.08173,-0.0994027,-0.374819
2025-08-29,39986,1323.83,58,66.1875,32323,1360,1342,1371.9,1353.8,1345,829,1323.83,2.26363,3.63087,1.59889,66.1875,104.462,6.05467,6.9426e+06,0.306996,89.2857,0.655802,-0.0418097,-0.147145,0.767427,1.34712,-0.766461,0.846771,-0.0993672,-0.254552
2025-09-01,40026,1371.17,58.1875,67,32266,1385,1372,1382.8,1353.8,1370,829,1371.17,-1.26656,0.848423,-0.0850881,67,53.9698,3.61095,7.03898e+06,0.245206,88.6905,0.739292,-0.24888,0.0820373,0.720746,1.41509,-0.844019,0.166732,-0.099405,-0.188777
2025-09-02,40763,1368.25,55.6875,58.4375,32269,1375,1361,1371,1368.8,1360,898,1368.25,0.0401973,0.200987,-0.60296,58.4375,42.5871,2.95896,7.0559e+06,-0.172993,49.0079,-0.257875,-0.0881099,-0.0216445,0.264637,-1.01662,-0.810868,0.703322,-0.0994133,-0.202851
2025-09-03,40741,1360.17,56.5625,66,32278,1375,1361.5,1375.9,1369.4,1350,893,1360.17,0.678836,1.15672,-0.74746,66,47.7293,3.2592,7.11054e+06,0.139368,83.7302,0.392803,-0.114067,-0.162468,0.30656,1.03432,-0.793,0.616817,-0.0994092,-0.247288
2025-09-04,40378,1362.33,57.1875,65.9375,32332,1375,1362.5,1379.9,1378.3,1365,901,1362.33,1.17201,1.28946,0.195745,65.9375,56.5028,3.75,7.29482e+06,0.0553287,78.1746,0.134223,-0.0235657,0.00446407,0.340772,0.0574335,-0.779095,0.889965,-0.0994024,-0.187894
2025-09-05,40531,1365.42,55.25,64.0625,32242,1380,1355,1388.6,1386.1,1370,906,1365.42,1.5148,1.69789,0.33567,64.0625,29.7609,2.16438,7.49356e+06,-0.0451218,69.4444,-0.0921088,0.00186519,0.220053,-0.176599,-0.31978,-0.768368,1.04575,-0.0994223,-0.342873
2025-09-08,40551,1422.17,56.5,63.5,32216,1425,1409,1436.5,1439,1385,1108,1422.17,1.18364,1.00785,-2.61339,63.5,20.8594,1.56937,7.58425e+06,0.249469,89.4841,-0.154333,0.653272,0.28974,-0.165928,-0.58681,-0.772982,3.31402,-0.0994287,-0.310316
2025-09-09,40511,1418.67,59,64.9375,32271,1425,1416.5,1437.1,1434.7,1385,1070,1418.67,1.13017,1.29934,-2.37312,64.9375,38.4973,2.71298,7.59981e+06,0.468127,92.4603,0.61294,0.323314,0.284592,0.192052,1.36218,-0.772376,2.13113,-0.0994152,-0.25549
2025-09-10,40404,1419.92,53.625,59,32261,1435,1423.5,1427.7,1431.2,1395,1024,1419.92,0.794645,0.548152,-1.7548,59,40.2859,2.82136,7.72444e+06,-0.0161866,71.627,-0.221436,0.189063,0.369424,0.23187,-1.2656,-0.778792,1.67745,-0.0994136,-0.275042
2025-09-11,40365,1427.58,50.9375,52.5,32236,1445,1432,1447.2,1449.7,1410,1047,1427.58,1.54924,1.37412,-1.23168,52.5,45.9703,3.15759,7.78452e+06,-0.217394,43.0556,-0.665919,0.23113,0.41609,0.0843795,-2.49823,-0.759974,1.84698,-0.0994091,-0.357274
2025-09-12,40313,1447.17,46.125,47.6875,32355,1465,1453,1476,1476.6,1425,1140,1447.17,2.03386,1.9924,-1.53173,47.6875,45.9372,3.15567,7.7907e+06,-0.109773,58.5317,-0.765099,0.545553,0.557947,0.179,-3.03224,-0.747437,2.82556,-0.0994088,-0.138561
2025-09-15,39848,1462,44.625,45.9375,32240,1475,1467,1491.6,1499.2,1455,1231,1462,2.54446,2.02462,-0.478796,45.9375,54.1891,3.62307,7.80089e+06,-0.352822,28.1746,-0.881141,0.175497,0.171992,0.403989,-3.2194,-0.733804,1.5636,-0.0994025,-0.232301
2025-09-16,39879,1464.67,43.375,43.6875,32237,1480,1469,1472.6,1474.2,1455,1167,1464.67,0.650885,0.541645,-0.659993,43.6875,38.3697,2.7052,8.07699e+06,-0.508109,13.6905,-1.08531,0.0690874,0.22529,0.371651,-3.85286,-0.777859,1.26631,-0.0994142,-0.29447
2025-09-17,39781,1471.42,43.25,45.125,32272,1485,1474.5,1497.3,1495.6,1490,1246,1471.42,1.64354,1.75907,1.26295,45.125,40.1321,2.81209,8.15963e+06,-0.0613186,68.0556,-0.604466,0.481829,0.271303,0.369562,-2.45426,-0.752179,2.66269,-0.0994122,-0.2494
2025-09-18,39409,1474.25,44.3125,46.375,32407,1495,1474.5,1572.7,1547.1,1510,1456,1474.25,4.9415,6.67797,2.42496,46.375,42.4501,2.95082,8.59033e+06,0.412783,92.0635,-0.0856215,0.911187,0.226811,0.527281,-1.01096,-0.669524,4,-0.0994098,-0.083824
2025-09-19,39264,1474.75,45.25,47.5625,32588,1515,1475,1580.5,1553.6,1520,1456,1474.75,5.34667,7.17071,3.06832,47.5625,50.6875,3.42761,8.83994e+06,0.525737,94.4444,0.244669,0.806804,0.0586696,0.572652,0.102685,-0.65766,3.59193,-0.0994029,-0.0220984
2025-09-22,39116,1425.67,45.375,48.1875,32544,1430,1408,1431.6,1438.1,1475,1089,1425.67,0.872104,0.416177,3.46037,48.1875,10.1719,0.799387,8.94037e+06,-0.243983,40.0794,0.16176,-0.649725,-0.496504,0.427976,0.553807,-0.769548,-1.43054,-0.0994327,0.0509742
2025-09-23,39177,1354.17,46.4375,48.8125,32677,1385,1369,1408.4,1415.7,1410,1018,1354.17,4.544,4.00492,4.12307,48.8125,52.514,3.53008,8.83924e+06,-0.253722,39.881,0.117662,-0.625106,-1.16524,0.414406,1.10382,-0.67758,-1.50643,-0.0994002,0.191072
2025-09-24,39032,1343.33,43.5,44.1875,32870,1360,1337.5,1384,1393.6,1405,898,1343.33,3.74194,3.0273,4.59057,44.1875,45.1073,3.10733,8.85816e+06,-0.762227,2.77778,-0.305648,-1.21881,-1.31987,0.437594,-0.0346668,-0.699178,-3.64339,-0.0994053,0.352296
2025-09-25,39355,1325.08,40.375,41.625,33228,1355,1337,1381.7,1402,1410,973,1325.08,5.80467,4.27269,6.4084,41.625,115.003,6.49377,8.83627e+06,-0.996806,2.18254,-0.719787,-1.27383,-1.51009,0.109737,-0.759008,-0.647104,-4,-0.0993521,0.576133
2025-09-26,41200,1332,39.25,41,33597,1350,1326,1440.2,1470.2,1440,1060,1332,10.3754,8.12312,8.10811,41,75.7415,4.7434,9.2047e+06,-1.16475,0.793651,-1.12032,-1.20918,-1.4435,-0.81057,-1.10688,-0.525883,-3.98663,-0.0993815,0.759509
2025-09-29,41118,1341,39.625,41.5,33726,1380,1360,1452.9,1500,1430,1115,1341,11.8568,8.34452,6.63684,41.5,109.788,6.27905,9.70242e+06,-0.439973,20.6349,-0.967223,0.0872773,-0.932851,-0.840891,-1.12793,-0.483877,0.422401,-0.0993558,0.932605
2025-09-30,40374,1366.58,41,42.375,33949,1400,1380,1503.2,1545.6,1445,1222,1366.58,13.0996,9.99695,5.73816,42.375,185.648,9.00982,8.24674e+06,0.0524616,80.5556,-0.53297,0.637893,-0.0525887,-0.46993,-1.07639,-0.447769,2.27256,-0.0992987,1.01427
2025-10-01,42230,1423.83,40.625,42.875,34180,1450,1423,1530.5,1579.7,1460,1264,1423.83,10.947,7.49152,2.54009,42.875,83.2373,5.1036,8.37756e+06,0.395898,93.0556,-0.299565,1.09136,0.559978,-1.37082,-0.0878518,-0.504649,3.90335,-0.0993755,1.04087
2025-10-02,42330,1424.75,40.375,42,34327,1450,1425,1507.8,1551.3,1450,1264,1424.75,8.88226,5.82909,1.77224,42,35.4316,2.52418,8.33975e+06,0.360982,92.8571,-0.0941552,0.816119,0.737005,-1.25688,0.237414,-0.559658,3.10769,-0.0994112,0.8156
2025-10-03,42701,1424.75,40.875,44.125,34443,1450,1424.5,1510.6,1522.9,1440,1165,1424.75,6.88893,6.02562,1.07036,44.125,29.168,2.12593,8.28392e+06,0.254551,92.0635,0.289805,0.219298,0.669947,-0.566659,0.766127,-0.613695,1.20429,-0.0994153,0.552722
2025-10-06,42629,1429.75,40.8125,44.75,34332,1455,1430,1507.9,1518.3,1450,1080,1429.75,6.19339,5.46599,1.41633,44.75,47.029,3.21888,8.29607e+06,0.0274323,78.1746,0.28249,-0.227626,0.627741,-0.569267,0.788997,-0.631962,-0.220862,-0.0994011,0.31107
2025-10-07,42222,1429.75,44.125,47.125,34470,1455,1430,1541,1559.4,1460,1016,1429.75,9.06802,7.78108,2.11575,47.125,51.7482,3.48725,8.23961e+06,-0.232978,42.4603,0.24599,-0.711945,0.390418,-0.727904,1.07546,-0.548131,-1.95548,-0.0993969,0.222397
2025-10-08,42067,1429.75,44.3125,50.1875,34447,1455,1430,1532.5,1548.1,1475,1074,1429.75,8.27767,7.18657,3.16489,50.1875,54.5249,3.6416,8.3161e+06,-0.0815218,66.8651,0.541921,-0.704964,-0.122455,0.186105,1.56211,-0.569314,-1.78285,-0.0993942,-0.0316277
2025-10-09,42057,1451.75,49.5625,54.375,34506,1450,1420,1458,1450.6,1475,1071,1451.75,-0.0792147,0.430515,1.60152,54.375,-6.90787,-0.586606,8.48682e+06,0.0724331,82.1429,0.938032,-0.793165,0.0598384,0.240311,2.51395,-0.812454,-1.80433,-0.0994398,-0.11971
2025-10-10,42057,1451.75,49.5625,54.375,34506,1450,1420,1458,1450.6,1475,932,1451.75,-0.0792147,0.430515,1.60152,54.375,-6.90787,-0.586606,8.48682e+06,-0.0329073,73.4127,0.855562,-0.921377,0.0593745,0.411133,2.09618,-0.812665,-2.19548,-0.0994392,-0.234465
2025-10-13,42258,1347.67,46.5625,53.75,34994,1375,1349,1416.8,1450.6,1405,932,1347.67,7.63789,5.12985,4.25426,53.75,60.9747,3.99053,8.41758e+06,-0.058011,70.2381,0.409849,-0.525871,-0.911808,0.291735,1.84962,-0.582515,-1.33502,-0.0993876,0.352741
2025-10-14,41904,1359.83,51.9375,59.125,34949,1385,1360,1474.1,1468.9,1420,1026,1359.83,8.02059,8.40299,4.42456,59.125,86.0443,5.23501,8.51874e+06,0.264733,93.4524,0.624168,-0.0947023,-0.797869,0.270858,2.39952,-0.569474,0.251535,-0.0993682,0.171697
2025-10-15,41741,1373.5,56.25,66,35056,1405,1380,1441,1460.4,1450,1004,1373.5,6.3269,4.91445,5.56971,66,97.5716,5.75627,8.62222e+06,0.286976,93.8492,0.89566,-0.321707,-0.671812,0.276614,3.08218,-0.620633,-0.554669,-0.0993591,0.297375
2025-10-16,41710,1387.17,57.25,60.125,35128,1430,1402,1478,1491,1465,1029,1387.17,7.48528,6.54812,5.61096,60.125,99.2187,5.82846,8.62905e+06,0.0106544,77.5794,0.250819,-0.22951,-0.737276,0.287924,1.20181,-0.585094,-0.27273,-0.0993574,0.30779
2025-10-17,41170,1439.5,53.0625,57.9375,35075,1475,1455,1542.1,1549.7,1485,1089,1439.5,7.65544,7.12747,3.16082,57.9375,79.2603,4.91421,8.64643e+06,0.343311,94.6429,0.351704,0.334919,-0.275393,0.537665,0.79284,-0.579725,1.72356,-0.0993487,0.255457
2025-10-20,41316,1462.83,49.375,53.0625,35124,1495,1475,1559.4,1569,1505,1048,1462.83,7.25761,6.60135,2.88254,53.0625,68.8032,4.39719,8.61197e+06,0.310489,94.4444,0.470372,0.150606,0.849824,0.559652,0.00163864,-0.592484,1.30659,-0.0993391,-0.175291
2025-10-21,40540,1484.75,48.75,52.8125,35201,1515,1490.5,1600,1614.3,1545,1075,1484.75,8.72537,7.76225,4.05792,52.8125,61.7746,4.0329,8.57476e+06,0.100561,85.5159,0.212335,-0.0112136,0.920384,0.758985,-1.04236,-0.544489,0.633275,-0.0993198,-0.0574279
2025-10-22,40570,1487.08,48.125,53.6875,35260,1515,1489,1598.3,1608.6,1550,1123,1487.08,8.17148,7.47885,4.23088,53.6875,50.4985,3.41694,8.59784e+06,-0.0222975,74.2063,-0.220565,0.17597,0.813207,0.668402,-2.1433,-0.561644,1.32937,-0.0992923,-0.105081
2025-10-23,40989,1484,48.625,54.875,35193,1505,1479,1551,1557.5,1525,1081,1484,4.95283,4.51482,2.7628,54.875,37.1809,2.63238,8.6101e+06,0.0142162,78.1746,0.0950836,-0.0666512,0.662561,0.456574,-0.833885,-0.669937,0.656241,-0.0992654,-0.240635
2025-10-24,41215,1485.92,49.4375,58.5,35112,1515,1492,1555.2,1562.5,1525,1081,1485.92,5.15394,4.66266,2.63025,58.5,46.6648,3.19784,8.72633e+06,-0.0275898,74.0079,0.186863,-0.242042,0.217666,0.102388,0.240533,-0.664707,0.0511497,-0.0992214,-0.268739
2025-10-27,41059,1378.92,41.8125,45.9375,35227,1460,1435,1449.3,1461.5,1465,708,1378.92,5.989,5.10425,6.24282,45.9375,118.973,6.65404,8.68848e+06,-0.897011,2.57937,-0.614734,-1.17929,-0.908746,0.241154,-1.17661,-0.638729,-3.28667,-0.0988505,-0.206505
2025-10-28,40771,1470.83,44.5,49.1875,35108,1495,1470,1485.7,1491.8,1470,685,1470.83,1.4255,1.01077,-0.056655,49.1875,34.1552,2.44441,8.68261e+06,-0.831296,3.1746,-0.268786,-1.39381,-0.291358,0.0132565,-0.528257,-0.808884,-3.77195,-0.0985583,-0.39786
2025-10-29,40764,1451.5,41.1875,44.625,35021,1460,1465,1472,1488.9,1460,666,1451.5,2.57664,1.41233,0.585601,44.625,27.2121,1.99793,8.65183e+06,-1.06347,1.98413,-0.656616,-1.47031,-0.47427,0.0305528,-1.52613,-0.777854,-4,-0.0980378,-0.540417
2025-10-30,40494,1433.67,40.9375,43.375,35047,1465,1430,1474.7,1493,1455,676,1433.67,4.13857,2.86212,1.48802,43.375,43.0085,2.98393,8.60669e+06,-1.07402,1.98413,-0.737192,-1.41085,-0.600707,0.352654,-1.96352,-0.731411,-3.88401,-0.0973648,-0.450351
2025-10-31,39382,1443,37.1875,38.3125,35113,1475,1445,1495.2,1499.1,1445,657,1443,3.88773,3.61746,0.1386,38.3125,36.6712,2.60099,7.4692e+06,-1.2232,0.595238,-1.01877,-1.42763,-0.534955,0.985736,-3.5071,-0.746681,-4,-0.0960196,-0.308039
2025-11-03,40785,1457.42,34.75,36.75,35070,1500,1482,1501.7,1522.2,1445,665,1457.42,4.44508,3.03848,-0.851966,36.75,40.1448,2.81286,7.46104e+06,-0.315854,33.3333,-0.248342,-0.383365,0.514653,0.246544,-1.50623,-0.729501,-0.287357,-0.0942522,-0.461336
2025-11-04,40802,1473.17,35,37.5625,35022,1485,1467,1496.5,1514.8,1455,660,1473.17,2.82611,1.58389,-1.23317,37.5625,5.10769,0.410279,7.49848e+06,-0.501981,16.0714,-0.661265,-0.342697,-0.152435,0.10443,-1.93579,-0.798153,-0.112255,-0.0928312,-0.392402
2025-11-05,41015,1447.5,34.0625,36.3125,35005,1475,1449,1481,1498.8,1440,621,1447.5,3.54404,2.31434,-0.518135,36.3125,24.3298,1.80598,7.47741e+06,-0.447184,21.2302,-0.512321,-0.382047,-0.206024,0.00227636,-1.33322,-0.773486,-0.311152,-0.0904582,-0.324139
2025-11-06,41015,1447.5,34.0625,36.3125,35005,1475,1452,1481.7,1498.8,1435,638,1447.5,3.54404,2.36269,-0.863558,36.3125,29.894,2.17298,7.4778e+06,-0.397627,25.1984,-0.426833,-0.368421,-0.0526471,-0.123626,-1.10423,-0.785345,-0.241129,-0.0883987,-0.349201
2025-11-07,40227,1441.5,32.9375,34.8125,34989,1445,1415,1458,1474.6,1415,647,1441.5,2.29622,1.14464,-1.83836,34.8125,-4.13725,-0.34668,7.4508e+06,-0.314359,34.5238,-0.310112,-0.318605,-0.184416,-0.283353,-0.462568,-0.85062,0.0335323,-0.0837863,-0.428485
2025-11-10,40401,1419.33,32.5,34.75,34988,1445,1420.5,1459.9,1477,1425,599,1419.33,4.06294,2.85815,0.399251,34.75,32.658,2.34996,7.52981e+06,-0.290506,37.3016,-0.130041,-0.450971,-0.498995,0.301287,-0.192416,-0.788436,-0.519066,-0.0773232,-0.387145
2025-11-11,40500,1416.5,33.375,35,35048,1440,1413,1457.3,1477,1440,598,1416.5,4.27109,2.88034,1.65902,35,26.9071,1.97781,7.55344e+06,-0.325585,32.9365,-0.228367,-0.422803,-0.655613,0.263138,-0.292627,-0.794256,-0.481335,-0.0633455,-0.281751
2025-11-12,40675,1402,31.3125,34.625,35042,1435,1412,1454.7,1473.4,1435,605,1402,5.09272,3.75892,2.35378,34.625,35.9418,2.55587,7.63495e+06,-0.211322,48.0159,-0.139441,-0.283203,-0.564041,0.280438,-0.134719,-0.781642,-0.0291642,-0.044895,-0.271021
2025-11-13,40684,1408.83,31.5625,33.9375,35079,1430,1406,1459.9,1484.3,1435,616,1408.83,5.35668,3.62475,1.85733,33.9375,29.4653,2.14523,7.72199e+06,-0.234272,44.8413,-0.161289,-0.307254,-0.502759,0.276311,-0.257418,-0.800626,-0.0891569,-0.0680129,-0.235188
2025-11-14,40643,1405,32.0625,33.4375,35078,1425,1403,1456.1,1485.5,1430,612,1405,5.72954,3.63701,1.77936,33.4375,28.4264,2.07761,7.73224e+06,-0.276271,39.0873,-0.211488,-0.341055,-0.484075,-0.0732242,-0.0771637,-0.814609,-0.217028,-0.051634,-0.22084
2025-11-17,40356,1401,31.125,33,35140,1415,1387,1449.5,1487.1,1435,616,1401,6.14561,3.46181,2.42684,33,17.8398,1.35837,7.74896e+06,-0.284812,38.0952,-0.108553,-0.461071,-0.326829,0.144856,-0.143686,-0.849521,0.294604,-0.978751,-0.160159
2025-11-18,40622,1388,32.4375,33.5,35401,1425,1400,1443.6,1471.8,1430,614,1388,6.03746,4.00576,3.02594,33.5,37.0455,2.62405,7.80769e+06,-0.208307,49.2063,-0.157267,-0.259348,-0.440063,0.0664472,-0.0981851,-0.853065,0.282942,-0.354135,0.0330815
2025-11-19,40773,1402.5,32.1875,33.8125,35523,1430,1406.5,1446.1,1476.5,1430,601,1402.5,5.27629,3.10873,1.96078,33.8125,33.1702,2.38239,7.81613e+06,-0.181773,53.373,-0.0170681,-0.346478,-0.153543,0.0774902,0.0248484,-0.897931,0.0842843,-0.476806,0.15556
2025-11-20,40921,1416.67,31,31.6875,35530,1450,1425,1456.7,1488.5,1425,620,1416.67,5.07059,2.82588,0.588233,31.6875,38.1179,2.68982,7.8278e+06,-0.188603,52.1825,-0.0928942,-0.284311,-0.0577591,0.0124228,-0.233346,-0.907967,0.161948,-0.311955,0.12577
2025-11-21,40921,1416.67,31,31.6875,35530,1450,1425,1473.8,1488.5,1425,651,1416.67,5.07059,4.03294,0.588233,31.6875,38.1179,2.68982,7.8278e+06,-0.112881,63.8889,-0.040872,-0.184889,0.0275941,-0.00736136,-0.142849,-0.905233,0.505263,-0.310508,0.126729
2025-11-24,40921,1416.67,31,31.6875,35530,1450,1425,1473.8,1488.5,1425,635,1416.67,5.07059,4.03294,0.588233,31.6875,38.1179,2.68982,7.8278e+06,-0.119731,62.8968,0.00929679,-0.248759,0.243445,-0.145258,-0.0702967,-0.902447,0.306754,-0.308474,0.0670192
2025-11-25,41185,1442.83,30.125,32.0625,35589,1470,1447.5,1484.7,1525.1,1460,656,1442.83,5.70175,2.9017,1.18979,32.0625,37.1533,2.63069,7.69648e+06,0.0973637,88.6905,0.402596,-0.207868,1.45349,-0.145129,-0.100575,-0.860406,0.534372,-0.337569,-0.12787
2025-11-26,41899,1448.5,29.8125,31.6875,35667,1475,1453.5,1490.9,1531.3,1450,652,1448.5,5.71626,2.92717,0.103555,31.6875,38.0631,2.68647,7.71212e+06,-0.00120754,79.7619,0.175774,-0.178189,1.16516,-0.403256,-0.234584,-0.857123,0.622807,-0.304899,-0.168893
2025-11-27,41904,1448,30.25,31.75,35617,1475,1450,1484.3,1531.3,1440,653,1448,5.75276,2.50691,-0.552486,31.75,32.061,2.31203,7.72759e+06,-0.0564591,73.6111,0.178298,-0.291216,0.707251,-0.337463,0.165107,-0.852947,0.444463,-0.499996,-0.221552
2025-11-28,40335,1450.75,29.9375,31.4375,35740,1475,1451.5,1482.9,1516.1,1435,648,1450.75,4.50457,2.2161,-1.08565,31.4375,24.2404,1.79996,6.81699e+06,-0.0217439,77.5794,0.42657,-0.470058,0.788138,0.391049,0.100524,-0.929198,0.0893201,-0.754256,-0.102138
2025-12-01,41773,1449.08,29.4375,30.9375,36644,1475,1451.5,1479,1517.5,1445,648,1449.08,4.72138,2.06453,-0.281785,30.9375,24.0701,1.78849,6.85925e+06,-0.0726881,71.627,0.153749,-0.299125,0.735802,-0.279166,0.00461019,-0.913544,0.24738,-0.757403,0.753262
2025-12-02,41883,1453.58,28.5,29.6875,36565,1480,1455,1481.3,1522,1445,647,1453.58,4.70676,1.90678,-0.590492,29.6875,16.173,1.23976,6.99348e+06,-0.29941,35.119,-0.146325,-0.452494,0.0697554,-0.205709,-0.303022,-0.913099,0.0306588,-1.01399,0.625405
2025-12-03,41887,1453.5,26.5,27.8125,36479,1480,1453,1471.4,1510.4,1440,639,1453.5,3.91469,1.23151,-0.928793,27.8125,12.8079,0.995464,7.04972e+06,-0.359679,28.5714,-0.190095,-0.529263,-0.10433,0.120249,-0.586205,-0.960405,-0.00797986,-1.12085,0.473622
2025-12-04,41890,1449.33,26,26.625,36412,1470,1444,1473.4,1512.4,1430,634,1449.33,4.35143,1.66054,-1.33394,26.625,10.9331,0.856445,7.02141e+06,-0.429892,21.8254,-0.304984,-0.5548,-0.214615,0.12034,-0.820677,-0.930234,-0.0660926,-1.17753,0.464109
2025-12-05,41764,1438.58,25.75,26.8125,36177,1460,1437,1479.6,1508.9,1435,627,1438.58,4.88791,2.85119,-0.249085,26.8125,12.8229,0.996567,7.03628e+06,-0.606036,9.52381,-0.632978,-0.579094,-0.622398,-0.552758,-0.723777,-0.893998,-0.0846497,-1.11117,0.125978
2025-12-08,41764,1438.58,25.75,26.8125,36177,1460,1437,1479.6,1508.9,1435,633,1438.58,4.88791,2.85119,-0.249085,26.8125,12.8229,0.996567,7.03628e+06,-0.521911,13.6905,-0.360515,-0.683306,-0.570853,0.117096,-0.627789,-0.891098,-0.0236359,-1.10785,-0.737974
2025-12-09,41750,1437.42,25.25,26.4375,36195,1465,1442,1472.7,1502.8,1445,634,1437.42,4.54867,2.45463,0.527564,26.4375,15.5585,1.19564,6.9714e+06,-0.492466,16.4683,-0.342883,-0.64205,-0.740284,0.172386,-0.460751,-0.908867,-0.00178835,-1.01509,-0.642859
2025-12-10,41669,1439.42,25.5,26.6875,36336,1460,1437,1475,1504.4,1450,628,1439.42,4.51456,2.47206,0.735249,26.6875,14.2614,1.10179,6.97307e+06,-0.394738,25.1984,-0.174426,-0.615049,-0.675403,0.210149,-0.0580243,-0.907415,0.0207525,-1.05379,-0.424447
2025-12-11,41824,1438.25,25.75,26.75,36414,1460,1436,1480.8,1506.8,1450,634,1438.25,4.76621,2.95846,0.816965,26.75,16.0082,1.22795,6.93919e+06,-0.315006,33.3333,-0.0890501,-0.540962,-0.584073,0.13863,0.178293,-0.888196,0.131862,-0.993767,-0.286529
2025-12-12,41907,1438.42,24.9375,26.75,35978,1465,1441,1480.2,1512.2,1445,624,1438.42,5.12948,2.90481,0.457677,26.75,28.3951,2.07556,6.94149e+06,-0.237933,43.254,-0.022667,-0.4532,-0.253016,0.0426366,0.142378,-0.862526,0.105189,-0.588682,-0.480361
2025-12-15,42238,1439.83,25.25,26.75,36079,1465,1438.5,1496.4,1530.1,1480,602,1439.83,6.26925,3.9287,2.78968,26.75,27.0919,1.99001,6.88928e+06,-0.283218,37.3016,-0.0580683,-0.508368,-0.209668,-0.107627,0.14309,-0.787864,-0.170303,-0.629902,-0.38244
2025-12-16,42283,1451.33,25.75,27.125,36107,1480,1451,1501.5,1547,1500,573,1451.33,6.59164,3.45659,3.35324,27.125,28.9165,2.10957,6.88324e+06,-0.230093,44.8413,0.10797,-0.568157,0.173018,-0.133597,0.28449,-0.764422,-0.468679,-0.569348,-0.3722
2025-12-17,42226,1448.58,25.8125,27.375,36160,1475,1451.5,1501.5,1556.5,1500,569,1448.58,7.44981,3.653,3.54945,27.375,29.9059,2.17375,6.90576e+06,-0.24618,42.2619,0.0564891,-0.54885,0.0292151,-0.144062,0.284314,-0.707168,-0.44954,-0.536481,-0.455571
2025-12-18,42326,1453.17,26.1875,27.3125,36342,1475,1451,1501.5,1544.4,1490,568,1453.17,6.27824,3.32607,2.53469,27.3125,26.8798,1.97601,6.93002e+06,-0.24367,42.4603,0.11507,-0.60241,0.202208,-0.117525,0.260528,-0.777886,-0.520221,-0.632914,-0.354829
2025-12-19,42418,1452.25,27,28.25,36491,1475,1450,1501.5,1544.2,1485,573,1452.25,6.33155,3.39129,2.25512,28.25,26.0817,1.92313,6.97514e+06,-0.161721,54.7619,0.161658,-0.485101,0.169137,-0.121955,0.437792,-0.771265,-0.372726,-0.656719,0.205718
2025-12-22,42636,1450.42,26.875,28.375,36572,1475,1452,1501.5,1542.9,1505,570,1450.42,6.37633,3.52197,3.76328,28.375,29.0633,2.11912,6.99116e+06,-0.1255,60.9127,0.153788,-0.404788,0.0706922,-0.0700822,0.460755,-0.765433,-0.186039,-0.557622,0.18467
2025-12-23,43012,1450.5,28.625,29.4375,36624,1475,1451,1501.5,1525.2,1505,575,1450.5,5.14995,3.51603,3.75733,29.4375,28.6112,2.08967,6.97121e+06,-0.148502,56.9444,0.0325044,-0.329508,-0.27397,-0.218859,0.590342,-0.840928,0.154476,-0.570068,0.206484
2025-12-24,43012,1450.5,28.625,29.4375,36624,1475,1451,1501.5,1525.2,1505,575,1450.5,5.14995,3.51603,3.75733,29.4375,28.6112,2.08967,6.97121e+06,-0.144291,57.5397,0.0353667,-0.323949,-0.190802,-0.24527,0.542172,-0.838388,0.195355,-0.568193,0.154809
2025-12-25,43012,1450.5,28.625,29.4375,36624,1475,1451,1501.5,1525.2,1505,575,1450.5,5.14995,3.51603,3.75733,29.4375,28.6112,2.08967,6.97121e+06,-0.1681,53.373,0.00833389,-0.344534,-0.328247,-0.199921,0.55317,-0.836544,0.206716,-0.566035,-0.0200093
2025-12-26,43617,1450.92,26.875,28.6875,36677,1475,1452.5,1501.5,1525.4,1530,580,1450.92,5.13353,3.4863,5.45057,28.6875,31.0221,2.24563,6.96963e+06,-0.247205,40.873,-0.160105,-0.334305,-0.287624,-0.42622,0.233529,-0.835752,0.207205,-0.485481,-0.112075
2025-12-29,41894,1454.92,26.0625,27.9375,36656,1475,1457,1501.5,1527.4,1530,571,1454.92,4.98196,3.20178,5.16066,27.9375,30.229,2.19462,6.86689e+06,-0.120467,61.9048,0.133642,-0.374576,-0.112037,0.444748,0.0682143,-0.84356,0.146338,-0.50916,-0.209266
2025-12-30,41095,1459.42,26.6875,28.875,36986,1480,1455,1501.5,1523.3,1530,569,1459.42,4.37732,2.88357,4.8364,28.875,44.2011,3.05425,5.32246e+06,0.0549988,85.3175,0.348307,-0.238309,0.0202324,0.97978,0.0449075,-0.881394,0.0751129,-0.0538088,0.0520165
2025-12-31,41095,1459.42,26.6875,28.875,36986,1480,1455,1501.5,1523.3,1530,571,1459.42,4.37732,2.88357,4.8364,28.875,44.2011,3.05425,5.32246e+06,0.0573638,85.5159,0.347091,-0.232363,0.0201023,0.976356,0.0448136,-0.879315,0.0934409,-0.0529794,0.0511661
2026-01-01,41095,1459.42,26.6875,28.875,36986,1480,1455,1485.9,1523.3,1530,571,1459.42,4.37732,1.81465,4.8364,28.875,44.2011,3.05425,5.32246e+06,0.0568156,85.3175,0.345772,-0.232141,0.019972,0.972927,0.044416,-0.876576,0.0913205,-0.0523918,0.0503115
2026-01-02,43105,1469.61,26.6875,29.375,37047,1495,1475,1507.8,1534.5,1530,553,1469.61,4.41524,2.59844,4.10904,29.375,48.0227,3.27605,5.42165e+06,0.0223585,81.3492,0.305174,-0.260457,0.310834,0.324037,0.28065,-0.871663,-0.14063,0.0723602,0.0566662
2026-01-05,43393,1472.73,26.875,28.75,37065,1495,1470,1501.8,1536.6,1515,566,1472.73,4.3365,1.97355,2.86984,28.75,20.3043,1.53095,5.53534e+06,-0.222947,44.0476,0.00365667,-0.449551,0.282589,-0.575177,0.303557,-0.874724,0.0818672,-0.827147,0.0931496
2026-01-06,44186,1467.62,28,29.375,37009,1490,1467.5,1500.1,1534.6,1520,566,1467.62,4.56379,2.21305,3.56899,29.375,25.8796,1.9097,5.58782e+06,-0.394909,22.619,-0.351742,-0.438075,-0.00431557,-1.29511,0.244199,-0.857107,0.103173,-0.644032,-0.270592
2026-01-07,44241,1466.03,29.9375,31.75,37109,1485,1460,1498.7,1531.7,1515,575,1466.03,4.47938,2.2284,3.34025,31.75,24.613,1.82502,5.70428e+06,-0.321553,29.3651,-0.226799,-0.416306,-0.051651,-1.32026,0.691518,-0.860812,0.17558,-0.683841,-0.175996
2026-01-08,44782,1459.58,30.25,33.125,37139,1485,1464,1496.6,1529.3,1510,579,1459.58,4.7766,2.53623,3.4543,33.125,36.175,2.57032,5.73662e+06,-0.284581,33.9286,-0.282397,-0.286764,-0.243818,-1.55269,0.949317,-0.839166,0.217142,-0.307709,-0.147884
2026-01-09,44397,1466.47,29.4375,32.625,37826,1490,1465,1493.5,1526.6,1505,566,1466.47,4.1004,1.84328,2.62747,32.625,26.593,1.95704,5.71769e+06,-0.154805,54.1667,-0.0184356,-0.291173,-0.34167,-0.472095,0.758458,-0.883364,0.266939,-0.618259,0.431154
2026-01-12,44766,1466.65,27.375,32.4375,37774,1490,1467.5,1491,1524.9,1505,577,1466.65,3.97192,1.66052,2.61508,32.4375,34.8742,2.48943,5.69509e+06,-0.131524,57.9365,-0.0311509,-0.231898,-0.42823,-0.504218,0.838995,-0.889772,0.244645,-0.349077,0.365125
2026-01-13,44678,1463.32,29.25,34.4375,37667,1485,1457,1490.6,1527.8,1505,581,1463.32,4.40665,1.86448,2.84854,34.4375,36.4691,2.58851,5.61784e+06,-0.00104394,79.1667,0.201318,-0.203406,-0.37486,-0.115992,1.09481,-0.857803,0.284276,-0.297297,0.317808
2026-01-14,44692,1454.32,31.1875,34.9375,37778,1480,1453,1482.7,1522.9,1515,586,1454.32,4.71533,1.95116,4.17212,34.9375,38.4545,2.71037,5.60338e+06,-0.0863374,67.4603,0.0162065,-0.188881,-0.595364,-0.0967253,0.740709,-0.834057,0.243593,-0.232966,0.32469
2026-01-15,44646,1443.86,31.9375,35.6875,37696,1470,1441,1474.7,1515.2,1510,571,1443.86,4.94104,2.13605,4.58089,35.6875,37.8462,2.6732,5.6588e+06,-0.118802,60.9127,0.020964,-0.258569,-0.716426,0.157865,0.621453,-0.81569,0.0534316,-0.252787,0.220108
2026-01-16,44609,1431.06,32.8125,35.5625,37903,1455,1430,1476.1,1514,1500,564,1431.06,5.79607,3.14768,4.81777,35.5625,41.1919,2.87578,5.628e+06,-0.228945,42.8571,-0.20226,-0.255629,-1.30574,0.00837943,0.690576,-0.75357,0.11681,-0.14438,-0.227121
2026-01-19,44808,1432.69,32.75,36.6875,37938,1460,1434.5,1471.3,1514,1505,566,1432.69,5.67524,2.69484,5.04705,36.6875,42.0993,2.92996,5.60645e+06,-0.171194,51.3889,-0.0800556,-0.262332,-1.25708,0.0820096,0.934901,-0.759234,0.0300709,-0.115238,-0.147525
2026-01-20,44871,1435.63,34.875,36.6875,37939,1460,1434.5,1472.9,1517.7,1505,569,1435.63,5.71693,2.59634,4.8323,36.6875,40.1742,2.81463,5.61096e+06,-0.215341,44.6429,-0.163785,-0.266896,-1.06605,0.0170133,0.557677,-0.753201,0.0201823,-0.176856,-0.0485247
2026-01-21,45077,1429.78,34.6875,36.9375,37991,1455,1430.5,1466.9,1514.4,1500,562,1429.78,5.9184,2.59621,4.91125,36.9375,42.4574,2.95125,5.68619e+06,-0.229729,42.2619,-0.176038,-0.283419,-0.972755,-0.0652621,0.509904,-0.735876,-0.102649,-0.101661,-0.103562
2026-01-22,45397,1427.03,35.625,38.0625,37991,1450,1429.5,1460.7,1507.1,1495,546,1427.03,5.61072,2.35922,4.76281,38.0625,38.8633,2.73526,5.6522e+06,-0.221255,43.6508,-0.127497,-0.315013,-0.741032,-0.221281,0.579822,-0.754246,-0.116896,-0.217264,-0.0282785
2026-01-23,45565,1433.2,36.4375,37.8125,38129,1455,1433,1471.9,1513.9,1485,526,1433.2,5.63076,2.70026,3.6143,37.8125,37.8496,2.67341,5.72885e+06,-0.172104,51.1905,0.0268325,-0.37104,-0.167351,-0.30811,0.555959,-0.749615,-0.253995,-0.248658,-0.0927423
2026-01-26,45740,1438.46,32,35.625,38086,1460,1437.5,1470.9,1516.6,1490,513,1438.46,5.43218,2.25517,3.58298,35.625,34.6779,2.47716,5.76701e+06,-0.299578,30.754,-0.139735,-0.45942,-0.0577642,-0.296286,-0.0651554,-0.760341,-0.414976,-0.350628,-0.164051
2026-01-27,45780,1441.32,33,34.5,38062,1465,1442.5,1465.8,1509.4,1490,494,1441.32,4.72312,1.69813,3.37714,34.5,31.2496,2.26021,5.86716e+06,-0.390111,21.2302,-0.207307,-0.572916,-0.060189,-0.286054,-0.275676,-0.806914,-0.644355,-0.460571,-0.18673
2026-01-28,46160,1442.7,30.75,32.625,37966,1465,1444.5,1465.7,1509.1,1485,484,1442.7,4.60278,1.59452,2.9323,32.625,34.1979,2.44709,5.82996e+06,-0.43335,17.8571,-0.290839,-0.575862,0.157614,-0.357177,-0.672953,-0.812143,-0.679393,-0.363127,-0.321709
2026-01-29,46242,1446.3,30.1875,31.75,38014,1465,1444.5,1460.9,1505.4,1475,492,1446.3,4.08622,1.0094,1.9843,31.75,30.8155,2.23237,5.9561e+06,-0.428133,18.6508,-0.317264,-0.539001,0.348425,-0.255262,-1.04495,-0.845104,-0.431951,-0.470797,-0.277306
2026-01-30,44503,1447.67,31.1875,32.9375,37969,1465,1447,1464.6,1499.4,1470,496,1447.67,3.57364,1.16977,1.54278,32.9375,29.8883,2.17262,4.8189e+06,-0.257619,36.7063,-0.00624114,-0.508996,0.201885,0.552647,-0.773255,-0.877714,-0.184154,-0.498161,-0.442915
2026-02-02,45104,1451.7,29.375,32.6875,37823,1465,1447,1464.6,1499.4,1470,495,1451.7,3.28573,0.888544,1.26052,32.6875,31.9082,2.30229,4.88419e+06,-0.215653,44.246,0.0404729,-0.471779,0.163335,0.366862,-0.408778,-0.894433,-0.0594701,-0.429494,-0.535661
2026-02-03,45675,1447.67,31.625,34,37980,1465,1446,1464.9,1496.6,1450,503,1447.67,3.38026,1.19053,0.161287,34,31.5442,2.27906,4.89632e+06,-0.159665,52.9762,0.0485532,-0.367882,-0.0435791,0.140635,0.0486036,-0.884292,0.219347,-0.438661,-0.367965
2026-02-04,45420,1447.62,30.5,32.5625,37956,1465,1446,1459.7,1494.6,1455,502,1447.62,3.2451,0.83425,0.50958,32.5625,31.0482,2.24731,4.91503e+06,-0.0932547,65.2778,0.15085,-0.337359,-0.0859587,0.40811,0.130398,-0.890378,0.312234,-0.452351,-0.300522
2026-02-05,44753,1445.62,30.3125,32.1875,37887,1460,1442,1466.1,1505.6,1440,516,1445.62,4.14878,1.4164,-0.38905,32.1875,24.7189,1.83213,4.93254e+06,-0.0740529,70.2381,0.232039,-0.380145,-0.253622,0.725959,0.223781,-0.823537,0.372952,-0.676864,-0.406115
2026-02-06,44939,1430.59,30.4375,31.8125,37810,1450,1432,1448.7,1489.2,1435,512,1430.59,4.09698,1.26598,0.308335,31.8125,32.5951,2.34597,4.90699e+06,-0.316565,27.381,-0.302169,-0.33096,-0.745941,-0.0919525,-0.068614,-0.823977,0.287496,-0.404352,-0.435054
2026-02-09,45322,1423.36,29.1875,31.1875,37856,1440,1416,1440.6,1480.5,1430,502,1423.36,4.01416,1.21094,0.466227,31.1875,26.5348,1.95319,4.95451e+06,-0.399392,19.4444,-0.40614,-0.392643,-1.08254,0.00285871,-0.138737,-0.826708,0.191371,-0.609733,-0.258358
2026-02-10,45229,1405.43,30,31.375,37817,1425,1406,1439.1,1473.8,1425,507,1405.43,4.86493,2.39593,1.39267,31.375,30.4595,2.20947,5.09933e+06,-0.44694,15.873,-0.52304,-0.37084,-1.50454,0.283936,-0.348519,-0.764167,0.157982,-0.472966,-0.437577
2026-02-11,45305,1403.7,28.6875,31.5625,37929,1420,1400,1433.3,1476.4,1435,506,1403.7,5.17931,2.10885,2.22996,31.5625,33.1107,2.37862,5.19365e+06,-0.401917,19.246,-0.483898,-0.319937,-1.54967,0.141903,-0.043925,-0.739496,0.156659,-0.38087,-0.312144
2026-02-12,45053,1394.15,29.875,32.375,37987,1415,1395,1421.3,1464.9,1440,514,1394.15,5.07448,1.94713,3.28845,32.375,35.3015,2.51608,5.26716e+06,-0.422252,18.0556,-0.544333,-0.300171,-1.77493,-0.0366731,0.178604,-0.744239,0.0953745,-0.304043,-0.195379
2026-02-13,45164,1395.42,31.3125,33.4375,38041,1420,1399.5,1426,1465.8,1440,519,1395.42,5.04361,2.19142,3.1947,33.4375,38.2052,2.69516,5.20184e+06,-0.253066,37.5,-0.280012,-0.226121,-1.28237,-0.00486424,0.447204,-0.743983,0.191943,-0.201901,-0.0749649
2026-02-16,45164,1395.42,31.3125,33.4375,38041,1420,1399.5,1426,1465.8,1440,519,1395.42,5.04361,2.19142,3.1947,33.4375,38.2052,2.69516,5.20184e+06,-0.15549,52.7778,-0.110107,-0.200873,-1.06208,0.157908,0.573852,-0.740958,0.29662,-0.200145,-0.117144
2026-02-17,45164,1395.42,31.3125,33.4375,38041,1420,1399.5,1426,1465.8,1440,511,1395.42,5.04361,2.19142,3.1947,33.4375,38.2052,2.69516,5.20184e+06,-0.0917737,65.4762,0.0498115,-0.233359,-0.517879,0.117404,0.549909,-0.738161,0.160255,-0.198213,-0.0812736
2026-02-18,45130,1401.81,30.5,33.6875,38090,1420,1396,1414,1453.4,1435,515,1401.81,3.68031,0.869655,2.36772,33.6875,29.8104,2.16758,5.25669e+06,-0.0888209,66.0714,0.157458,-0.3351,-0.269099,0.163555,0.577919,-0.830835,0.212385,-0.484735,-0.139331
2026-02-19,44904,1391.97,31.8125,34.625,38185,1410,1389,1410.8,1447.1,1440,524,1391.97,3.96055,1.35274,3.45048,34.625,34.5632,2.46999,5.30038e+06,-0.052976,72.619,0.167929,-0.273881,-0.278001,0.152693,0.629095,-0.808026,0.220945,-0.318623,-0.105758
2026-02-20,46264,1384.2,32.6875,34.875,38304,1395,1376,1404.3,1445.7,1430,519,1384.2,4.44262,1.45174,3.3084,34.875,29.9504,2.17663,5.31525e+06,-0.243761,37.5,-0.157236,-0.330285,-0.555069,-0.374031,0.457391,-0.771108,0.113897,-0.475341,-0.0468936
2026-02-23,46635,1367.24,33.125,36.5,38373,1390,1370.5,1396.5,1441.9,1425,537,1367.24,5.46097,2.1404,4.2249,36.5,36.6517,2.59978,5.37347e+06,-0.21385,43.254,-0.247666,-0.180033,-1.07951,-0.526291,0.862798,-0.696652,0.299915,-0.241316,0.0158725
2026-02-24,46663,1377.09,34.3125,35.625,38391,1400,1380.5,1406.6,1447.7,1430,545,1377.09,5.12716,2.14261,3.84184,35.625,37.2027,2.63372,5.31904e+06,-0.175988,48.6111,-0.221882,-0.130094,-0.770501,-0.535938,0.640794,-0.717027,0.465074,-0.219569,0.0323844
2026-02-25,46905,1388.58,30.75,33.25,38419,1415,1392,1428.7,1473.6,1445,545,1388.58,6.12244,2.88893,4.06279,33.25,45.0141,3.10188,5.32342e+06,-0.23613,38.6905,-0.4254,-0.0468595,-0.60925,-0.647963,-0.0189863,-0.644188,0.419989,0.0537007,0.0129792
2026-02-26,46158,1408.7,30.25,31.25,38467,1425,1408,1437.3,1481.6,1425,554,1408.7,5.17524,2.03049,1.15734,31.25,33.5202,2.40447,5.39534e+06,-0.240044,37.3016,-0.294888,-0.185199,0.30488,-0.434013,-0.755531,-0.707775,0.416916,-0.342212,-0.0302548
2026-02-27,45566,1408.97,29.5,31.0625,38391,1420,1397,1427.4,1462.7,1425,572,1408.97,3.8137,1.30832,1.13798,31.0625,21.7626,1.63155,4.5218e+06,-0.129469,56.9444,0.0255057,-0.284444,0.550632,0.388698,-0.862813,-0.800442,0.656369,-0.748009,-0.206943
2026-03-02,46519,1401.58,28.9375,30.75,39178,1415,1395,1420.6,1461.1,1420,567,1401.58,4.24675,1.35715,1.31434,30.75,21.0351,1.5815,4.49373e+06,-0.188008,46.627,-0.116436,-0.25958,0.850419,0.144227,-1.34395,-0.766903,0.410841,-0.770121,0.435308
2026-03-03,46137,1411.11,29.5,31,39081,1435,1415,1439.9,1480.6,1425,573,1411.11,4.92474,2.04048,0.984568,31,38.1166,2.68974,4.51357e+06,-0.0332589,75.3968,0.0292114,-0.0957293,0.83073,0.315598,-1.05869,-0.716371,0.387964,-0.172674,0.332058
2026-03-04,46210,1401.58,28.4375,31,38951,1420,1400.5,1429.9,1468.3,1415,534,1401.58,4.76036,2.0206,0.957512,31,28.1105,2.05695,4.59759e+06,-0.149598,53.373,0.0365054,-0.335701,0.187334,0.38578,-0.463598,-0.725131,-0.0247649,-0.52029,0.190462
2026-03-05,45825,1407.15,29.5,31.25,38961,1425,1407,1437.1,1475.3,1400,546,1407.15,4.84309,2.12839,-0.508148,31.25,29.7509,2.16373,4.63117e+06,-0.142457,54.7619,0.0273042,-0.312219,-0.25612,0.23864,0.0993924,-0.716516,0.00728277,-0.461366,0.155667
2026-03-06,46011,1413.82,28.3125,30.875,38889,1435,1416,1439.5,1478.7,1415,575,1413.82,4.58885,1.81623,0.0833344,30.875,30.0553,2.18341,4.62384e+06,-0.155757,51.1905,-0.0323944,-0.279119,-0.0628699,-0.0866169,0.0523035,-0.731576,0.123962,-0.449117,0.159629
2026-03-09,45767,1418.28,28.5,30.875,38689,1435,1416,1432.2,1473,1425,583,1418.28,3.85833,0.981606,0.473948,30.875,27.2075,1.99763,4.77725e+06,-0.0639928,70.6349,0.280135,-0.408121,0.294362,0.415736,0.130307,-0.780003,0.261327,-0.547823,-0.723847
2026-03-10,46054,1402.38,29.3125,31.0625,38652,1420,1400,1422.8,1465,1425,555,1402.38,4.46515,1.45598,1.61286,31.0625,24.2344,1.79956,4.85425e+06,-0.296998,27.7778,-0.0748022,-0.519195,-0.473741,0.134767,0.114568,-0.734436,-0.0984372,-0.649468,-0.66968
2026-03-11,45770,1396.45,29,31,38629,1415,1396,1414.7,1455.7,1415,552,1396.45,4.24269,1.30668,1.32817,31,24.787,1.8367,4.9087e+06,-0.194498,44.8413,0.00572362,-0.394719,-0.36483,0.282761,0.09924,-0.747328,0.280463,-0.627953,-0.5734
2026-03-12,45766,1399.67,29.375,31,38613,1415,1394.5,1424.2,1458.8,1420,568,1399.67,4.2242,1.7522,1.45213,31,27.1212,1.99194,5.04225e+06,-0.227362,39.6825,-0.0922998,-0.362424,-0.434581,0.120648,0.0370344,-0.746017,0.320015,-0.544821,-0.595324
2026-03-13,45661,1392.99,28.5625,31.0625,38613,1420,1400,1427.2,1472.6,1415,584,1392.99,5.71542,2.45623,1.58041,31.0625,32.8475,2.36197,4.96804e+06,-0.227886,39.2857,-0.149957,-0.305816,-0.837621,0.240973,0.146778,-0.639018,0.178092,-0.344489,-0.529883
2026-03-16,44790,1394.65,28.5625,30.625,38576,1415,1396,1426.4,1472.6,1425,601,1394.65,5.58884,2.27619,2.17581,30.625,29.6312,2.15598,4.94951e+06,-0.208113,42.8571,-0.124063,-0.292163,-0.917692,0.508124,0.0373779,-0.645633,0.270393,-0.455676,-0.383309
2026-03-17,44722,1395.51,28.25,28.8125,38559,1415,1396,1421.9,1468.4,1435,587,1395.51,5.22292,1.89082,2.82954,28.8125,28.6174,2.09008,4.99492e+06,-0.168239,49.0079,-0.0725709,-0.263907,-0.411258,0.656115,-0.46257,-0.669029,0.417508,-0.489815,-0.364676
2026-03-18,44495,1399.6,26.875,27.1875,38491,1415,1394,1427.1,1472.5,1435,610,1399.6,5.20832,1.96454,2.52899,27.1875,25.0849,1.85666,5.08007e+06,-0.166999,49.2063,-0.109114,-0.224884,-0.106428,0.632583,-0.853498,-0.66779,0.693939,-0.610892,-0.404703
2026-03-19,43713,1395.51,26.25,26.5625,38419,1415,1394.5,1423.1,1468.5,1430,602,1395.51,5.23003,1.97675,2.47119,26.5625,28.603,2.08914,5.13393e+06,-0.196881,44.246,-0.124776,-0.268986,-0.328199,0.971265,-1.0174,-0.664024,0.436135,-0.486242,-0.454641
2026-03-20,43806,1393.44,25.6875,26.75,38492,1410,1390.5,1428.3,1470.5,1425,633,1393.44,5.53035,2.50187,2.26505,26.75,25.1507,1.86107,5.17534e+06,-0.169382,48.6111,-0.0994883,-0.239275,-0.187429,0.88291,-0.993946,-0.640781,0.601697,-0.604178,-0.388403
2026-03-23,43806,1393.44,25.6875,26.75,38492,1410,1390.5,1420.9,1470.5,1425,600,1393.44,5.53035,1.97081,2.26505,26.75,25.1507,1.86107,5.17534e+06,-0.296188,26.3889,-0.206475,-0.3859,-0.237891,0.508783,-0.890317,-0.638546,0.0668307,-0.60166,-0.354549
2026-03-24,43806,1393.44,25.6875,26.75,38492,1410,1390.5,1420.9,1470.5,1425,603,1393.44,5.53035,1.97081,2.26505,26.75,25.1507,1.86107,5.17534e+06,-0.201822,42.8571,-0.0736711,-0.329973,-0.263518,0.477945,-0.435441,-0.636361,0.250047,-0.599222,-0.338739
2026-03-25,43841,1378.97,25.375,26.4375,38552,1400,1377.5,1410.1,1452.1,1420,595,1378.97,5.30332,2.25756,2.97549,26.4375,27.5819,2.02227,5.13572e+06,-0.289295,26.9841,-0.190116,-0.388475,-0.829483,0.362767,-0.103631,-0.6499,-0.0856449,-0.512531,-0.223173
2026-03-26,43534,1370.29,25.6875,26.3125,38626,1390,1368,1401.9,1446.1,1425,583,1370.29,5.53234,2.30674,3.99252,26.3125,26.9435,1.98021,4.97305e+06,-0.323549,21.8254,-0.263872,-0.383225,-0.970512,0.154873,0.024022,-0.631461,-0.131109,-0.532877,-0.0916817
2026-03-27,43713,1376.1,24.8125,26.125,38697,1405,1382.5,1431.1,1475.1,1415,615,1376.1,7.19433,3.99689,2.82691,26.125,34.3762,2.45827,4.89619e+06,-0.250443,33.1349,-0.227352,-0.273533,-0.725982,0.115675,-0.071749,-0.512856,-0.125484,-0.272314,-0.0934231
2026-03-30,43381,1394.92,25.0625,26.1875,38675,1420,1398,1436.5,1485.3,1425,637,1394.92,6.47897,2.98057,2.15615,26.1875,26.9687,1.98188,4.97654e+06,-0.0870999,66.4683,0.0190455,-0.193245,-0.149319,0.262105,-0.0556496,-0.560977,0.46997,-0.528831,-0.113041
2026-03-31,42052,1382.76,25.375,26.3125,38479,1405,1382,1430.8,1474.9,1410,617,1382.76,6.66365,3.47438,1.97014,26.3125,26.7909,1.97014,4.30675e+06,-0.0907407,64.6825,0.106052,-0.287533,-0.519724,0.861237,-0.0233569,-0.546003,0.216876,-0.5329,-0.288678
2026-04-01,44445,1387.72,25.1875,26.25,38678,1415,1394,1436.3,1484.2,1405,612,1387.72,6.95232,3.50062,1.24512,26.25,28.9045,2.10879,4.42443e+06,-0.129731,55.9524,-0.0268736,-0.232588,0.0747385,-0.193356,0.0379961,-0.523538,0.249129,-0.457594,-0.164111
2026-04-02,44445,1387.72,25.1875,26.25,38678,1415,1394,1436.3,1484.2,1405,612,1387.72,6.95232,3.50062,1.24512,26.25,28.9045,2.10879,4.42443e+06,-0.0888714,65.0794,0.0260706,-0.203813,0.341742,-0.328768,0.0652383,-0.521321,0.379552,-0.456225,-0.230705
2026-04-03,44445,1387.72,25.1875,26.25,38678,1415,1394,1436.3,1484.2,1405,609,1387.72,6.95232,3.50062,1.24512,26.25,28.9045,2.10879,4.42443e+06,-0.156687,50,0.00746253,-0.320836,0.162085,-0.248743,0.109045,-0.519043,-0.00173658,-0.454955,-0.294386
2026-04-06,44248,1391.69,24.4375,26.125,38674,1415,1393,1430.6,1482.6,1400,611,1391.69,6.53245,2.79598,0.59721,26.125,24.6522,1.82766,4.44598e+06,-0.30584,23.6111,-0.181317,-0.430363,-0.292366,-0.30718,0.0555951,-0.546355,-0.219119,-0.601701,-0.278189
2026-04-07,44445,1395.1,25.3125,26.1875,38783,1415,1392.5,1433.8,1487.7,1395,610,1395.1,6.63768,2.77415,-0.00701743,26.1875,23.8093,1.77089,4.36066e+06,-0.29789,24.6032,-0.258786,-0.336994,0.182344,-0.992889,0.0341863,-0.536841,-0.0106398,-0.629478,-0.0050381
2026-04-08,44759,1387.03,24.9375,25.625,38811,1410,1387.5,1427.9,1478.8,1390,570,1387.03,6.61623,2.94652,0.214069,25.625,23.0785,1.72138,4.46888e+06,-0.298761,24.6032,-0.122985,-0.474537,-0.214953,-0.0521266,-0.101877,-0.535815,-0.392659,-0.653096,-0.158621
2026-04-09,45154,1383.23,23.25,23.4375,38827,1405,1381,1425.6,1477.4,1390,557,1383.23,6.80789,3.06303,0.489347,23.4375,19.5274,1.4769,4.51967e+06,-0.477703,8.33333,-0.412734,-0.542672,-0.330555,-0.220465,-0.687182,-0.519837,-0.532942,-0.774438,-0.144267
2026-04-10,45435,1373.9,22.375,22.8125,38877,1395,1370,1415.2,1470.8,1390,553,1373.9,7.05266,3.00579,1.1716,22.8125,18.9037,1.43327,4.62375e+06,-0.572269,4.96032,-0.605667,-0.538871,-0.615944,-0.338349,-0.862708,-0.500237,-0.542101,-0.793775,-0.0998722
2026-04-13,45408,1362.81,21.6875,22.5,38944,1385,1354,1409.7,1466.9,1400,528,1362.81,7.63759,3.44039,2.72863,22.5,17.3021,1.32028,4.57956e+06,-0.710156,2.57937,-0.804043,-0.616269,-1.07694,-0.412724,-0.922465,-0.456969,-0.835012,-0.846458,-0.0370043
2026-04-14,45875,1358.52,22.5,23.0625,39157,1385,1364,1414.9,1468.7,1410,525,1358.52,8.11014,4.14995,3.78927,23.0625,26.8893,1.97664,4.55434e+06,-0.690275,2.97619,-0.877488,-0.503061,-1.30905,-0.524967,-0.798443,-0.421788,-0.85422,-0.511709,0.0540072
2026-04-15,45622,1363.66,22.125,22.875,38890,1385,1359,1399.1,1449.3,1410,527,1363.66,6.28042,2.59914,3.39847,22.875,18.6078,1.41251,4.61146e+06,-0.577104,4.96032,-0.627559,-0.52665,-0.902084,-0.278595,-0.701997,-0.548166,-0.393898,-0.797042,-0.208335
2026-04-16,45629,1352.98,22.4375,23.125,38853,1380,1358,1405.6,1451.9,1415,518,1352.98,7.31147,3.88939,4.58416,23.125,23.4681,1.74781,4.65661e+06,-0.435737,11.3095,-0.421023,-0.450451,-1.11459,-0.109637,-0.038844,-0.473677,-0.348741,-0.626453,-0.255416
2026-04-17,45793,1360.03,22.375,22.75,38679,1390,1364.5,1415.5,1459.5,1410,519,1360.03,7.31375,4.07853,3.67413,22.75,23.9111,1.77776,4.66615e+06,-0.335191,20.6349,-0.212913,-0.457468,-0.608567,-0.0591517,0.0289813,-0.471543,-0.292972,-0.609182,-0.454887
2026-04-20,45747,1372.77,21.3125,22.3125,38774,1400,1377,1419,1467,1410,526,1372.77,6.86387,3.3673,2.7117,22.3125,23.0183,1.71729,4.65433e+06,-0.173798,46.4286,0.0228953,-0.370492,0.125975,-0.0516481,-0.00564136,-0.501028,0.0571837,-0.638471,-0.428813
2026-04-21,45781,1379.05,21.8125,22.4375,38828,1400,1375.5,1416.8,1465.9,1410,533,1379.05,6.29769,2.73727,2.24418,22.4375,17.1779,1.31145,4.67092e+06,-0.137822,54.1667,0.151504,-0.427148,0.450258,0.133131,-0.128877,-0.538486,0.16628,-0.838518,-0.568592
2026-04-22,45843,1378.13,22,22.5,38883,1400,1378,1420.6,1471.4,1415,532,1378.13,6.76819,3.08203,2.67568,22.5,21.8399,1.63685,4.74934e+06,-0.136834,54.3651,0.0652126,-0.33888,0.262458,-0.00182452,-0.0649959,-0.503134,0.1332,-0.675039,-0.282215
2026-04-23,46130,1387.7,22,22.5625,38955,1415,1392,1429.3,1477.7,1420,549,1387.7,6.48585,2.99806,2.32788,22.5625,25.8279,1.90626,4.7962e+06,0.00220629,79.3651,0.213611,-0.209199,0.882954,-0.120872,-0.121248,-0.520637,0.416305,-0.535427,-0.184875
2026-04-24,46174,1397.21,21.3125,22.4375,38996,1420,1399.5,1441.4,1495.8,1420,557,1397.21,7.05649,3.163,1.63138,22.4375,23.7048,1.76382,4.83588e+06,0.0527862,84.7222,0.274142,-0.16857,0.948917,-0.0698914,-0.0565994,-0.477949,0.492057,-0.607487,0.00677138
2026-04-27,46089,1412.99,20.375,22.3125,38977,1440,1417,1463.7,1518.7,1430,582,1412.99,7.48156,3.5891,1.20408,22.3125,22.6444,1.69184,4.95304e+06,0.102576,89.4841,0.332619,-0.127467,1.02591,-0.0541908,0.0261343,-0.445059,0.688564,-0.642142,-0.0949928
2026-04-28,45818,1408.15,21.625,22.625,39051,1430,1404.5,1446.8,1504.4,1430,584,1408.15,6.83528,2.7448,1.55175,22.625,16.9499,1.29524,5.06976e+06,0.0365912,82.7381,0.280185,-0.207003,0.688383,0.0744564,0.0777162,-0.487558,0.638138,-0.836447,-0.0772848
2026-04-29,45207,1395.29,21,22.625,39098,1415,1391.5,1440.2,1492.2,1415,573,1395.29,6.94577,3.21894,1.41286,22.625,17.092,1.30535,5.11528e+06,0.00903525,79.3651,0.250642,-0.232571,0.330452,0.362013,0.0594605,-0.476618,0.533685,-0.828871,-0.0843909
2026-04-30,44516,1381.1,20.875,23.125,38888,1415,1391,1448.5,1494.1,1400,567,1381.1,8.18224,4.88052,1.36881,23.125,36.9081,2.61559,4.31971e+06,0.0373377,82.7381,0.19178,-0.117105,-0.388738,0.782544,0.181534,-0.385651,0.285537,-0.142481,-0.334545
2026-05-01,44516,1381.1,20.875,23.125,38888,1415,1391,1448.5,1494.1,1400,539,1381.1,8.18224,4.88052,1.36881,23.125,36.9081,2.61559,4.31971e+06,-0.0599269,70.4365,0.11359,-0.233444,-0.673903,0.798893,0.215781,-0.382553,-0.107955,-0.141417,-0.370259
2026-05-04,45657,1398.31,21.4375,23.125,38868,1425,1402.5,1448.5,1494.1,1405,558,1398.31,6.85008,3.58901,0.478126,23.125,28.4497,2.07913,4.28452e+06,-0.198086,41.4683,-0.0350309,-0.361142,-0.623741,0.268629,0.25002,-0.474674,-0.171703,-0.43237,-0.370497
2026-05-05,45906,1395.19,22.3125,23.4375,38772,1415,1393,1448.5,1494.1,1410,554,1395.19,7.08929,3.82092,1.06144,23.4375,18.6916,1.41839,4.36469e+06,-0.2916,25.1984,-0.0916412,-0.491559,-0.572346,0.0474025,0.25002,-0.454459,-0.238099,-0.767494,-0.52081
2026-05-06,45678,1386.29,20.9375,22.75,38825,1410,1388,1448.5,1494.1,1400,514,1386.29,7.77669,4.48734,0.988803,22.75,23.0075,1.71656,4.33748e+06,-0.347974,18.6508,-0.170836,-0.525113,-0.454825,-0.117047,0.0593655,-0.40202,-0.56239,-0.61641,-0.514151
2026-05-07,45953,1390.64,21.375,22.8125,38886,1420,1396,1431.3,1484.4,1400,522,1390.64,6.74245,2.92406,0.673289,22.8125,26.5286,1.95278,4.35733e+06,-0.297612,24.2063,-0.163144,-0.43208,0.104953,-0.532733,-0.0616524,-0.473411,-0.409228,-0.493275,-0.272729
2026-05-08,46061,1394.12,20.875,22.5625,38899,1420,1398,1434.3,1483.1,1400,510,1394.12,6.38228,2.88187,0.421541,22.5625,25.5598,1.88839,4.30733e+06,-0.280625,26.9841,-0.166072,-0.395178,0.209501,-0.576986,-0.130731,-0.496384,-0.230926,-0.525364,-0.260896
2026-05-11,46144,1399.47,20.875,22.75,38971,1415,1391.5,1432.7,1479.8,1405,496,1399.47,5.73966,2.37411,0.394798,22.75,17.3589,1.32431,4.37205e+06,-0.347762,18.8492,-0.115126,-0.580398,-0.14914,-0.118314,-0.0779239,-0.540152,-0.595916,-0.805715,-0.179221
2026-05-12,46186,1386.53,21.5625,22.625,38900,1405,1384,1425.8,1475.2,1415,511,1386.53,6.39542,2.83255,2.05363,22.625,21.0221,1.5806,4.36601e+06,-0.34444,19.0476,-0.224457,-0.464424,-0.444148,-0.029998,-0.199224,-0.489254,-0.380912,-0.676833,-0.156967
2026-05-13,46534,1389.21,20.25,22.5,39044,1405,1386.5,1423.9,1481.2,1415,523,1389.21,6.62196,2.4973,1.85665,22.5,24.2859,1.80303,4.30085e+06,-0.191241,43.0556,-0.136621,-0.245861,-0.094673,-0.273187,-0.0420024,-0.469514,0.209015,-0.561683,-0.0766635
2026-05-14,46197,1393.23,21.25,22.8125,39057,1415,1396,1431.4,1478.1,1420,525,1393.23,6.09143,2.73951,1.92127,22.8125,20.1123,1.51763,4.35789e+06,-0.175377,45.8333,-0.0306844,-0.320069,-0.104369,-0.0150763,0.0273916,-0.505708,0.148654,-0.703203,-0.119968
2026-05-15,46062,1395.35,21.125,22.8125,38815,1420,1394.5,1429.6,1485.1,1415,538,1395.35,6.43225,2.45474,1.40841,22.8125,22.1638,1.65903,4.301e+06,-0.114225,59.5238,0.0129984,-0.241448,-0.145355,0.0876336,0.0967162,-0.477329,0.435496,-0.63,-0.346467
2026-05-18,46135,1394.97,21.5,22.8125,38827,1420,1397,1438.1,1484.7,1420,543,1394.97,6.43209,3.09153,1.79401,22.8125,24.1641,1.79483,4.23728e+06,-0.112726,60.119,-0.0595846,-0.165868,-0.316428,0.091956,0.0457178,-0.474255,0.652124,-0.558793,-0.399228
2026-05-19,46190,1398.92,22,22.9375,38908,1420,1398,1432.3,1490.3,1435,547,1398.92,6.53249,2.38642,2.57943,22.9375,22.5238,1.68362,4.26789e+06,-0.0321377,74.8016,0.131153,-0.195429,0.191158,0.0866001,0.115701,-0.463605,0.524567,-0.613066,-0.263791
2026-05-20,46585,1398.83,21.25,22.75,38950,1420,1397,1437.1,1488.8,1430,524,1398.83,6.43145,2.73552,2.22795,22.75,21.2946,1.59938,4.36932e+06,-0.122627,57.5397,0.0910845,-0.336339,0.107534,0.0671544,0.0985647,-0.468095,0.121172,-0.653206,-0.354117
2026-05-21,46748,1392.17,22,22.9375,38931,1410,1389.5,1428.5,1478.3,1425,516,1392.17,6.18671,2.60956,2.35815,22.9375,21.3432,1.60273,4.19026e+06,-0.237427,33.7302,-0.0971447,-0.377709,-0.213503,-0.142079,0.0641476,-0.483581,0.00219413,-0.649242,-0.382703
2026-05-22,46806,1393.5,22,22.9375,39196,1425,1403,1434.3,1486.6,1425,514,1393.5,6.68087,2.92774,2.26036,22.9375,30.7496,2.22814,4.16183e+06,-0.195046,42.0635,-0.131384,-0.258708,-0.236777,-0.222619,0.0652424,-0.442708,-0.172676,-0.323221,0.066254
2026-05-25,46806,1393.5,22,22.9375,39196,1425,1403,1434.3,1486.6,1425,514,1393.5,6.68087,2.92774,2.26036,22.9375,30.7496,2.22814,4.16183e+06,-0.197056,41.6667,-0.117748,-0.276364,-0.225149,-0.19218,0.0640844,-0.439516,-0.233401,-0.321722,0.0547311
2026-05-26,47909,1407.89,21.5625,22.8125,39145,1430,1411,1435.9,1486.9,1440,508,1407.89,5.612,1.98955,2.28077,22.8125,25.146,1.86075,4.32566e+06,-0.292106,24.6032,-0.180205,-0.404008,0.0868952,-0.622528,-0.00498064,-0.518733,-0.350733,-0.513087,-0.0629534
2026-05-27,47874,1411.18,20.6875,22.8125,39108,1430,1412.5,1431.1,1484.8,1440,500,1411.18,5.21694,1.41161,2.04229,22.8125,22.8567,1.7063,4.1531e+06,-0.231702,34.5238,-0.0691721,-0.394233,0.186745,-0.44203,0.0477692,-0.546253,-0.177062,-0.589865,-0.133267
2026-05-28,48113,1411.41,21.9375,23,39120,1430,1410,1432.8,1482.9,1430,494,1411.41,5.06549,1.51584,1.31745,23,19.6641,1.48643,4.14671e+06,-0.213286,38.6905,-0.0100306,-0.416542,0.392691,-0.4709,0.0481173,-0.555012,-0.152586,-0.697485,-0.105631
2026-05-29,48193,1410.29,20.625,22.25,38844,1430,1408,1434.8,1483.9,1430,493,1410.29,5.21946,1.73791,1.39756,22.25,23.8627,1.77449,2.79015e+06,-0.270841,27.381,-0.106832,-0.434849,0.319085,-0.478628,-0.160953,-0.540186,-0.139218,-0.550404,-0.58433
2026-06-01,48362,1421.47,20.8125,22.9375,39800,1445,1426,1443.1,1492.1,1435,490,1421.47,4.96901,1.52186,0.95203,22.9375,24.5729,1.82233,2.85194e+06,-0.138074,53.373,0.0451086,-0.321257,0.648303,-0.545234,0.0322569,-0.557117,-0.172233,-0.52337,0.256642
2026-06-02,48430,1426.98,21.6875,22.75,39644,1450,1427,1450.7,1502.7,1435,488,1426.98,5.3064,1.66234,0.562111,22.75,19.3776,1.46644,2.90842e+06,-0.135508,54.1667,0.0917308,-0.362746,0.379445,-0.118203,0.0139505,-0.527912,-0.12444,-0.699899,0.165278
2026-06-03,48414,1435.38,21,22.125,39643,1460,1438.5,1462,1515.6,1430,492,1435.38,5.58868,1.85448,-0.374897,22.125,22.9648,1.71365,3.07118e+06,-0.0973225,62.8968,0.0801741,-0.274819,0.526501,-0.125319,-0.16066,-0.502732,0.0158281,-0.573336,0.196745
2026-06-04,48372,1438.82,21.0625,22.25,39504,1455,1436.5,1458.3,1510.8,1435,486,1438.82,5.00301,1.35418,-0.265211,22.25,16.4394,1.25882,3.11259e+06,-0.112834,60.119,0.14392,-0.369587,0.618556,-0.00993784,-0.176859,-0.54725,0.016845,-0.795402,0.0645067
2026-06-05,47867,1442.41,19.75,21.8125,39389,1460,1441.5,1461.4,1510.5,1435,499,1442.41,4.72022,1.31621,-0.514055,21.8125,15.8225,1.21462,3.26264e+06,-0.00805507,77.7778,0.297469,-0.313579,0.754373,0.226953,-0.0889195,-0.568628,0.18084,-0.81382,0.208164
2026-06-08,47800,1445.4,19.875,21.625,39297,1465,1446.5,1467.3,1520.2,1445,494,1445.4,5.1752,1.51531,-0.0275218,21.625,18.8213,1.42749,3.34126e+06,-0.121555,57.9365,0.166673,-0.409783,0.509599,0.322222,-0.331803,-0.53012,0.159979,-0.707774,-0.712651
2026-06-09,47834,1446.17,20.375,21.5,39331,1460,1441,1460.6,1513.9,1460,498,1446.17,4.68364,0.998031,0.956542,21.5,9.84393,0.774687,3.40457e+06,-0.16679,48.0159,0.130683,-0.464263,0.36931,0.335339,-0.312601,-0.569363,0.231929,-1.01446,-0.546064
2026-06-10,47559,1436.59,19.6875,21.5625,39365,1455,1431,1459.3,1509.7,1450,503,1436.59,5.0895,1.58118,0.933812,21.5625,11.2478,0.879932,3.31237e+06,-0.187729,43.8492,0.0555291,-0.430986,-0.153757,0.440431,-0.120087,-0.533682,0.245359,-0.962787,-0.514683
2026-06-11,47619,1429.03,20.1875,21.5,39405,1450,1432.5,1454.2,1494.9,1450,443,1429.03,4.60944,1.76135,1.46744,21.5,22.613,1.6897,3.27188e+06,-0.284948,25.3968,-0.0825966,-0.487299,-0.472879,0.397161,-0.172073,-0.573019,-0.384028,-0.569453,-0.358096
2026-06-12,47419,1430.81,20,21.375,39240,1450,1428,1452.2,1495.6,1460,437,1430.81,4.52826,1.49501,2.04016,21.375,19.8405,1.49872,3.36813e+06,-0.347688,18.0556,-0.11052,-0.584857,-0.524072,0.276179,-0.083666,-0.578624,-0.604171,-0.663053,-0.402302
2026-06-15,47419,1430.81,20,21.375,39240,1450,1428,1452.2,1495.6,1460,425,1430.81,4.52826,1.49501,2.04016,21.375,19.8405,1.49872,3.36813e+06,-0.36275,16.2698,-0.130011,-0.59549,-0.608998,0.250493,-0.031527,-0.577355,-0.684948,-0.661099,-0.321624
2026-06-16,47656,1432.67,20,21.75,39206,1450,1436.5,1456,1498.1,1470,430,1432.67,4.56703,1.62846,2.60565,21.75,24.5664,1.8219,3.34308e+06,-0.325772,19.6429,-0.0995042,-0.552041,-0.575593,0.169437,0.107644,-0.572783,-0.672549,-0.496724,-0.380171
2026-06-17,47503,1439.22,20.75,21.9375,39259,1461.27,1441.5,1464.1,1505.1,1475,435,1439.22,4.57749,1.72872,2.48608,21.9375,22.5942,1.68842,3.36554e+06,-0.257589,30.3571,0.0526302,-0.567807,-0.107242,0.121805,0.143328,-0.571376,-0.671975,-0.563108,-0.361734
2026-06-18,47500,1449.58,21,22.25,39206,1470.01,1451,1468.5,1508.9,1485,429,1449.58,4.09223,1.30521,2.44347,22.25,24.1527,1.79406,3.28137e+06,-0.0628056,71.627,0.269971,-0.395582,0.411525,0.15008,0.248307,-0.615387,-0.0408087,-0.507566,-0.44155
2026-06-19,47373,1460.25,20.6875,22.1875,39288,1481.94,1461,1478.2,1508.9,1480,429,1460.25,3.33164,1.22926,1.35252,22.1875,22.6775,1.6941,3.33144e+06,-0.0136276,78.1746,0.349944,-0.3772,0.664142,0.120246,0.265446,-0.68344,0.0307191,-0.556243,-0.22247
2026-06-22,47508,1457.31,20.875,22.375,39345,1481.79,1461.5,1485.8,1527,1495,421,1457.31,4.78241,1.95527,2.58657,22.375,25.8102,1.90508,3.3053e+06,0.0175937,81.9444,0.320604,-0.285417,0.578617,0.0655428,0.317653,-0.547005,0.0797493,-0.446404,-0.170598
2026-06-23,47474,1469.91,21.6875,22.5,39442,1490,1471.5,1508.4,1552.3,1505,433,1469.91,5.60483,2.61826,2.38696,22.5,23.0492,1.71939,3.5298e+06,0.0938811,89.2857,0.436245,-0.248483,0.881344,0.178002,0.249388,-0.467757,0.164514,-0.53906,-0.0547736
2026-06-24,46936,1478.04,21.5625,22.25,39558,1495,1479,1507.7,1550.4,1530,437,1478.04,4.89541,2.00646,3.51521,22.25,23.8967,1.77679,3.60101e+06,0.104738,91.0714,0.461911,-0.252435,0.918518,0.339013,0.128203,-0.531916,0.155736,-0.50752,0.000352866
2026-06-25,46968,1477.3,21.25,22.8125,39549,1495,1477,1501.8,1545.1,1530,437,1477.3,4.58952,1.65849,3.56738,22.8125,20.7261,1.56016,3.7099e+06,0.0546222,86.1111,0.373597,-0.264353,0.597451,0.325044,0.198296,-0.558846,0.228038,-0.614095,0.0393371
2026-06-26,47082,1474.72,20.25,22.5625,39451,1495,1477,1502.5,1541.6,1515,437,1474.72,4.53505,1.8837,2.73132,22.5625,24.4682,1.8153,3.86268e+06,-0.02649,76.7857,0.197289,-0.250269,0.218911,0.225789,0.147168,-0.562085,0.228211,-0.482831,-0.118475
2026-06-29,46577,1480.66,21,22.9375,39432,1495,1481.5,1508.7,1555.5,1510,431,1480.66,5.05452,1.89376,1.98156,22.9375,19.5302,1.47709,3.9229e+06,0.0508251,85.7143,0.387946,-0.286296,0.469203,0.492846,0.20179,-0.509772,0.250704,-0.650494,-0.18495
2026-06-30,44870,1483.02,21,22.6875,39336,1500,1482,1519,1563.5,1515,426,1483.02,5.42678,2.42614,2.15642,22.6875,23.6494,1.76007,3.36308e+06,0.0892382,88.4921,0.493849,-0.315372,0.176607,1.20802,0.0969188,-0.471042,0.0507888,-0.506584,-0.353933
2026-07-01,47067,1487.77,20.9375,22.1875,39495,1510,1489,1521.2,1570.6,1525,421,1487.77,5.56746,2.24706,2.50247,22.1875,16.9129,1.29261,3.50324e+06,-0.174593,47.0238,0.0516051,-0.400792,0.0799574,0.0478468,0.0270111,-0.454547,-0.0545193,-0.735873,-0.315662
2026-07-02,47996,1490.68,21.3125,22.125,39666,1510,1488,1532.4,1575.8,1525,415,1490.68,5.71047,2.79904,2.30262,22.125,15.654,1.20251,3.62221e+06,-0.25036,32.1429,-0.0955395,-0.405181,0.181846,-0.320825,-0.147639,-0.437459,-0.125148,-0.776292,-0.158471
2026-07-03,48241,1488.59,20.8125,21.875,39796,1510,1488.5,1526,1568.8,1510,415,1488.59,5.38862,2.51341,1.43856,21.875,14.8691,1.14588,3.66946e+06,-0.250016,32.3413,-0.107921,-0.392111,0.195803,-0.371747,-0.147818,-0.467081,-0.12503,-0.800329,0.0401004
2026-07-06,48273,1489.59,20.3125,21.9375,39764,1510,1486.5,1525.1,1569.7,1515,408,1489.59,5.37764,2.38354,1.7055,21.9375,11.2372,0.879144,3.65444e+06,-0.344426,18.6508,-0.257656,-0.431195,0.0566644,-0.59406,-0.235572,-0.46526,-0.136128,-0.922009,0.0284264
2026-07-07,49535,1491.55,21,21.9375,39826,1515,1492,1531.3,1574.3,1515,405,1491.55,5.54792,2.66501,1.57219,21.9375,11.7665,0.91851,3.71053e+06,-0.52037,5.55556,-0.647496,-0.393244,0.0448587,-1.82193,-0.165413,-0.444867,-0.113826,-0.900814,0.166306
2026-07-08,48724,1490.9,20.5,21.9375,39815,1510,1488,1531.6,1565.9,1510,408,1490.9,5.03035,2.72973,1.28094,21.9375,8.40083,0.665207,3.87931e+06,-0.332675,20.0397,-0.230837,-0.434513,-0.106086,-0.562497,-0.0239282,-0.49568,-0.0204073,-1.01313,0.0168404
2026-07-09,48724,1490.9,20.5,21.9375,39815,1510,1488,1531.6,1565.9,1510,404,1490.9,5.03035,2.72973,1.28094,21.9375,8.40083,0.665207,3.87931e+06,-0.285883,26.5873,-0.124612,-0.447155,-0.18701,-0.180147,-0.00667779,-0.493473,0.00452693,-1.00973,-0.13273
2026-07-10,48724,1490.9,20.5,21.9375,39815,1510,1488,1532.7,1565.9,1510,402,1490.9,5.03035,2.80351,1.28094,21.9375,8.40083,0.665207,3.87931e+06,-0.2584,30.754,-0.049084,-0.467716,-0.128401,-0.0817364,0.0628852,-0.491599,-0.0163857,-1.00611,-0.245819
2026-07-13,48208,1486.05,20,22.4375,40460,1510,1482,1523.3,1567.5,1525,405,1486.05,5.48063,2.50631,2.6207,22.4375,18.6121,1.41281,3.98812e+06,-0.112269,61.7063,0.0106819,-0.235221,-0.291546,0.138959,0.184632,-0.441308,0.103197,-0.653779,0.337235
2026-07-14,48687,1474.74,21.3125,22.625,40457,1495,1471.5,1509.9,1554.6,1520,410,1474.74,5.41538,2.38434,3.0692,22.625,18.7829,1.4248,4.22466e+06,-0.103713,63.0952,0.00771137,-0.215138,-0.662669,0.448467,0.237336,-0.445896,0.199142,-0.645952,0.279449
2026-07-15,48617,1475.44,21.875,22.625,40524,1495,1474.5,1515.7,1565.7,1530,404,1475.44,6.11727,2.72846,3.69766,22.625,19.6968,1.48872,4.21837e+06,-0.140978,53.9683,-0.0782177,-0.203739,-0.623232,0.153216,0.235363,-0.36594,0.093075,-0.612765,0.345089
2026-07-16,48530,1474.77,21,22.625,40484,1495,1476,1515.7,1567.7,1525,410,1474.77,6.30135,2.77538,3.40598,22.625,20.6017,1.55156,4.19839e+06,-0.115907,60.119,-0.0725033,-0.159311,-0.640654,0.18835,0.234794,-0.342034,0.209725,-0.58026,0.309966
2026-07-17,48790,1480.12,21.6875,22.875,40231,1500,1478,1521.9,1575.9,1530,419,1480.12,6.47093,2.82258,3.36984,22.875,18.8671,1.43071,4.17623e+06,-0.0984172,64.2857,-0.0329845,-0.16385,-0.488997,0.0849287,0.305114,-0.319364,0.337259,-0.637578,0.0924164
2026-07-20,48809,1480.17,21.125,22.6875,40313,1500,1481,1514.7,1572.9,1540,416,1480.17,6.26446,2.33249,4.04175,22.6875,20.9997,1.57906,4.165e+06,-0.180756,45.8333,-0.12338,-0.238133,-0.351483,-0.130909,0.112253,-0.33899,0.264627,-0.562754,-0.392699
2026-07-21,48921,1477.7,21.875,22.9375,40413,1500,1477.5,1511.7,1569,1545,421,1477.7,6.17852,2.30087,4.55438,22.9375,20.8703,1.57012,4.19958e+06,-0.106908,62.3016,0.0146506,-0.228466,-0.103136,0.017398,0.12969,-0.345164,0.263051,-0.565491,-0.304054
2026-07-22,49036,1480.86,22,22.9375,40352,1505,1483,1513.7,1573.5,1555,410,1480.86,6.25571,2.21752,5.00644,22.9375,20.1832,1.52254,4.23434e+06,-0.125362,57.5397,0.01325,-0.263973,-0.0341312,-0.056422,0.130303,-0.332672,0.202418,-0.587235,-0.412834
2026-07-23,48686,1489.77,22.1875,22.9375,40410,1510,1489.5,1521.9,1585,1550,437,1489.77,6.39258,2.15701,4.04321,22.9375,19.5777,1.48041,4.2404e+06,-0.0218096,76.7857,0.137827,-0.181447,0.233441,0.0486018,0.131439,-0.313088,0.448321,-0.606061,-0.328471
2026-07-24,49187,1494.37,22,22.6875,40358,1520,1497,1533.5,1595.8,1545,437,1494.37,6.78716,2.61819,3.38775,22.6875,19.2373,1.45663,4.33918e+06,-0.0622573,71.4286,0.0517672,-0.176282,0.210847,-0.0469077,-0.00863749,-0.262955,0.339578,-0.615733,-0.155751
2026-07-27,49164,1498.51,20.9375,22.8125,40449,1520,1497,1535.8,1599.2,1560,442,1498.51,6.71922,2.48836,4.10329,22.8125,18.0124,1.37056,4.36183e+06,-0.0182035,77.381,0.124671,-0.161078,0.323572,-0.0299821,0.0804244,-0.266752,0.432274,-0.655412,-0.14777
2026-07-28,48935,1499.84,22,22.875,40535,1520,1498,1532.5,1595.9,1570,441,1499.84,6.40478,2.17765,4.67792,22.875,18.7155,1.42007,4.3625e+06,0.00127858,79.7619,0.187721,-0.185164,0.428874,0.106096,0.0281922,-0.300231,0.360959,-0.629185,-0.159234
2026-07-29,49196,1496.35,21.25,22.375,40550,1515,1496,1526.6,1586.1,1570,445,1496.35,5.99778,2.02144,4.92183,22.375,18.9379,1.43567,4.4002e+06,-0.0374168,74.2063,0.0600511,-0.134885,0.242948,0.0477463,-0.110541,-0.345633,0.539738,-0.619405,-0.0935923
2026-07-30,49002,1490.84,21.9375,22.875,40419,1510,1488,1512.7,1564.4,1565,441,1490.84,4.93391,1.46608,4.97416,22.875,16.9947,1.29843,4.52569e+06,-0.182549,44.246,-0.0480795,-0.317018,-0.158883,-0.015275,0.0299194,-0.472431,0.173454,-0.683556,-0.254065
2026-07-31,47599,1488.45,21.625,23.3125,40269,1510,1485,1522.1,1575.7,1560,430,1488.45,5.86158,2.26053,4.8068,23.3125,23.1391,1.7255,3.67865e+06,-0.0323357,75.3968,0.20704,-0.271712,-0.353004,0.75124,0.222885,-0.355116,0.0443058,-0.471774,-0.336812
2026-08-03,49372,1493.44,21.4375,22.9375,40265,1515,1495,1529,1580.4,1555,411,1493.44,5.8226,2.38089,4.12183,22.9375,17.4663,1.33192,3.75088e+06,-0.246092,32.7381,-0.0729829,-0.4192,-0.3281,0.026683,0.082468,-0.356603,-0.239188,-0.663065,-0.416691
2026-08-04,49639,1496.45,22.3125,23.125,40318,1515,1496,1524.5,1576.2,1545,421,1496.45,5.32922,1.87437,3.24428,23.125,16.5495,1.26669,3.80595e+06,-0.261064,29.7619,-0.111087,-0.411041,-0.280685,-0.169809,0.117233,-0.415822,-0.109242,-0.691955,-0.44325
2026-08-05,50058,1496.31,20.875,22.875,40407,1520,1496.5,1523,1576.1,1540,428,1496.31,5.33223,1.7835,2.91963,22.875,15.2306,1.17201,3.82003e+06,-0.240239,33.7302,-0.0769475,-0.403531,-0.187491,-0.229625,0.186273,-0.412633,-0.0761068,-0.734464,-0.378312
2026-08-06,48834,1497.01,22,23.25,40373,1520,1496.5,1523,1576.1,1540,446,1497.01,5.28347,1.73639,2.87199,23.25,21.3738,1.60484,3.87787e+06,-0.0764283,69.246,0.105066,-0.257923,-0.0150812,0.178801,0.15148,-0.416186,0.18329,-0.52266,-0.294347
2026-08-07,49457,1498.44,21.5,23.375,40371,1520,1498.5,1528.1,1580.7,1525,451,1498.44,5.49003,1.9797,1.77282,23.375,17.0179,1.30008,3.91811e+06,-0.189769,43.254,-0.160338,-0.219201,0.0909093,-0.634917,0.0629948,-0.386306,0.371261,-0.669096,-0.166123
2026-08-10,49564,1498.09,21.625,23.3125,40329,1520,1496,1526.1,1583.2,1535,465,1498.09,5.68096,1.86945,2.46354,23.3125,14.0918,1.08945,3.92637e+06,-0.0439202,74.2063,0.0440761,-0.131916,-0.0573638,0.039857,0.149735,-0.357969,0.761174,-0.766415,-0.196994
2026-08-11,49586,1492.18,22.8125,23.875,40373,1515,1490.5,1526.3,1584.9,1550,466,1492.18,6.2138,2.28666,3.87494,23.875,18.3243,1.39256,3.85927e+06,-0.0356807,75.1984,0.0290796,-0.100441,-0.304486,0.137503,0.254222,-0.282592,0.652388,-0.620004,-0.202672
2026-08-12,49628,1492.55,21,23.1875,40427,1515,1491.5,1529.2,1587.1,1540,471,1492.55,6.33496,2.45569,3.17928,23.1875,21.7465,1.63045,3.9148e+06,-0.0148412,78.373,0.042054,-0.0717365,-0.289811,0.285729,0.130245,-0.261895,0.627575,-0.501507,-0.230499
2026-08-13,49543,1491.84,22.5625,24.1875,40504,1515,1492,1526.4,1581.4,1540,472,1491.84,6.00342,2.31669,3.22832,24.1875,22.0817,1.65341,3.93584e+06,-0.0933735,63.8889,-0.0632765,-0.12347,-0.328058,-0.166218,0.304447,-0.303529,0.426307,-0.488439,-0.132972
2026-08-14,49505,1488.7,23.3125,24.5625,40579,1510,1487.5,1521.6,1573.8,1545,480,1488.7,5.71651,2.21009,3.78193,24.5625,22.1183,1.65592,3.99965e+06,-0.0537956,72.4206,0.00550222,-0.113093,-0.454058,0.096188,0.374376,-0.339668,0.461414,-0.485207,-0.0647305
2026-08-17,49505,1488.7,23.3125,24.5625,40579,1510,1487.5,1521.6,1573.8,1545,489,1488.7,5.71651,2.21009,3.78193,24.5625,22.1183,1.65592,3.99965e+06,-0.0473284,73.8095,0.0286021,-0.123259,-0.443648,0.138688,0.390766,-0.336052,0.400861,-0.483269,-0.0258923
2026-08-18,49593,1494.13,22.25,24.5,40654,1515,1495,1521,1575.5,1555,511,1494.13,5.4462,1.79859,4.07417,24.5,25.0516,1.85443,3.97332e+06,0.0187181,82.5397,0.0666703,-0.0292342,-0.128253,0.11278,0.215484,-0.370908,0.648565,-0.381738,0.0035231
2026-08-19,50006,1497.53,23,25.1875,40694,1515,1497,1523.9,1580.3,1560,517,1497.53,5.52688,1.76068,4.17131,25.1875,22.9067,1.7097,4.09968e+06,0.0656805,87.8968,0.175062,-0.0437008,-0.0438958,-0.0327017,0.601783,-0.355952,0.658404,-0.452892,-0.00502537
2026-08-20,50344,1497.29,24.3125,26.5,40661,1515,1497,1530.8,1585.2,1550,532,1497.29,5.87129,2.23806,3.52037,26.5,23.7054,1.76387,4.21315e+06,0.0833924,88.6905,0.153329,0.0134556,-0.0308349,-0.197642,0.688465,-0.302412,0.821311,-0.423781,-0.0960442
2026-08-21,50660,1497.45,24.125,25.3125,40793,1520,1499,1545.3,1589.7,1550,505,1497.45,6.16027,3.19524,3.50911,25.3125,24.6117,1.82494,4.26398e+06,-0.041758,74.6032,-0.00781341,-0.0757025,0.0609871,-0.333792,0.249365,-0.256076,0.40356,-0.391288,-0.0423078
2026-08-24,50776,1506.9,23.625,25.0625,40838,1530,1510,1543.4,1600.6,1565,509,1506.9,6.21805,2.42218,3.85558,25.0625,23.9045,1.77732,4.2292e+06,-0.0243003,77.1825,0.041066,-0.0896667,0.321223,-0.377151,0.179127,-0.243239,0.342098,-0.413869,0.00235364
2026-08-25,50913,1511.53,24.375,25.25,40883,1530,1511.5,1543.6,1600.9,1560,512,1511.53,5.91237,2.12152,3.20651,25.25,21.2235,1.59449,4.15972e+06,-0.0721569,70.2381,0.0507453,-0.195059,0.296963,-0.393802,0.249075,-0.284662,0.114424,-0.503466,-0.0180067
2026-08-26,50784,1514.16,23.1875,25.125,40865,1535,1514,1548.3,1606.8,1555,517,1514.16,6.11801,2.25449,2.69697,25.125,20.5142,1.5455,4.26563e+06,-0.0819175,67.6587,0.0381603,-0.201995,0.274056,-0.180676,0.0211009,-0.249707,0.0998526,-0.525811,-0.0626352
2026-08-27,50861,1512.75,23.9375,25.1875,40847,1535,1512,1542,1602.1,1555,509,1512.75,5.90648,1.93358,2.79294,25.1875,19.8654,1.50046,4.16689e+06,-0.173082,47.0238,-0.0548109,-0.291353,0.241542,-0.0777222,-0.328253,-0.277678,-0.175671,-0.546033,-0.0407037
2026-08-28,49793,1513.04,23.1875,24.625,40905,1535,1512,1544.1,1603.8,1555,512,1513.04,5.99886,2.05314,2.77355,24.625,19.8426,1.49886,4.18473e+06,-0.00421251,81.1508,0.184153,-0.192578,0.244347,0.45956,-0.15145,-0.259472,0.180552,-0.544774,-0.100655
2026-08-31,48259,1509.47,23,24.6875,40887,1530,1508.5,1538.8,1598.3,1555,512,1509.47,5.88495,1.94316,3.01639,24.6875,24.1042,1.79079,3.43783e+06,0.0681304,88.0952,0.312422,-0.176161,-0.114094,1.11315,-0.0617866,-0.272956,0.131252,-0.397959,-0.1538
2026-09-01,50205,1512.73,23.0625,23.8125,41034,1535,1512,1544.1,1603.8,1555,501,1512.73,6.02021,2.07371,2.79426,23.8125,19.7021,1.48908,3.58067e+06,-0.141798,52.9762,-0.0408733,-0.242722,-0.151537,0.389011,-0.360094,-0.247782,-0.0369461,-0.545856,-0.0378853
2026-09-02,50492,1511.63,23.125,24.5,41065,1535,1513,1533.9,1592.1,1545,500,1511.63,5.32335,1.4732,2.20751,24.5,19.0633,1.44445,3.66049e+06,-0.170397,47.619,-0.053022,-0.287772,-0.253227,0.224811,-0.13065,-0.353197,-0.108138,-0.565496,0.03926
2026-09-03,50789,1508.21,23.25,24.25,41098,1535,1511,1535.2,1594.4,1540,494,1508.21,5.71464,1.78946,2.10772,24.25,19.27,1.45892,3.67832e+06,-0.187408,43.4524,-0.129796,-0.245021,-0.307716,0.136878,-0.218549,-0.287522,-0.084099,-0.556621,0.141337
2026-09-04,50760,1507.37,22.0625,24.0625,41167,1530,1508,1525.3,1583.2,1540,490,1507.37,5.0303,1.18919,2.16439,24.0625,21.0201,1.58047,3.71818e+06,-0.255805,30.3571,-0.239649,-0.271961,-0.337806,-0.268341,-0.112801,-0.393159,-0.167556,-0.495626,0.208959
2026-09-07,50738,1511.15,22.125,24.1875,41277,1530,1508,1525.3,1583.2,1540,490,1511.15,4.76761,0.936106,1.90887,24.1875,20.48,1.54313,3.74505e+06,-0.308498,22.4206,-0.367543,-0.249454,-0.135861,-0.87303,-0.0937378,-0.432596,-0.167387,-0.512575,0.478939
2026-09-08,50732,1510.1,22.75,24,41339,1530,1511.5,1533.7,1583.2,1545,494,1510.1,4.8404,1.56248,2.31077,24,22.2476,1.66476,3.79428e+06,-0.138544,53.9683,-0.0816873,-0.195401,-0.253651,-0.0936775,0.102267,-0.417834,0.011155,-0.451129,0.34781
2026-09-09,50617,1515.11,22.4375,23.5625,41364,1530,1512,1530.4,1592.9,1545,491,1515.11,5.13425,1.00913,1.97276,23.5625,16.5239,1.26486,3.87852e+06,-0.161183,49.6032,-0.0787529,-0.243613,-0.0861741,0.062978,-0.213063,-0.366235,-0.0133829,-0.64419,0.342323
2026-09-10,50506,1513,22.3125,23.8125,41434,1535,1514,1533.1,1596.2,1540,491,1513,5.49932,1.32878,1.78483,23.8125,19.02,1.44142,3.88303e+06,-0.0684635,71.0317,0.034014,-0.170941,-0.0501009,0.222455,-0.0703119,-0.302,0.0570772,-0.557854,0.408968
2026-09-11,50474,1509.91,21.4375,23.4375,41511,1535,1512,1537.9,1598.3,1545,485,1509.91,5.85417,1.85393,2.32416,23.4375,20.6834,1.55721,3.83521e+06,-0.0729135,70.4365,-0.00372691,-0.1421,-0.111546,0.221681,-0.121315,-0.238533,0.0313715,-0.499903,0.419429
2026-09-14,50404,1510.32,22.125,23.625,41507,1530,1508.5,1539.9,1597.5,1545,490,1510.32,5.77218,1.95842,2.2961,23.625,20.9728,1.5772,3.78492e+06,-0.0894981,65.6746,-0.0228616,-0.156135,-0.203535,0.240294,-0.105344,-0.248166,0.0888626,-0.488651,0.202966
2026-09-15,49954,1506.68,22.5625,23.625,41524,1530,1507.5,1536.7,1597.5,1555,506,1506.68,6.02757,1.99222,3.2068,23.625,22.9145,1.71023,3.73793e+06,-0.0331804,76.7857,0.0294984,-0.0958591,-0.274123,0.41501,-0.0523917,-0.200733,0.229184,-0.42131,0.114704
2026-09-16,50003,1509.11,22.75,23.625,41542,1530,1506.5,1533.2,1594.6,1560,510,1509.11,5.66524,1.59661,3.37249,23.625,23.8339,1.77255,3.72977e+06,-0.0280139,77.381,0.0264457,-0.0824734,-0.343787,0.351429,0.0716949,-0.258906,0.310183,-0.38924,0.098613
2026-09-17,49786,1510,22.0625,23.5625,41552,1535,1513.5,1542.1,1600.2,1560,515,1510,5.97334,2.12567,3.31109,23.5625,22.8105,1.70315,3.72189e+06,-0.0187165,78.9683,0.0386519,-0.076085,-0.260709,0.392774,-0.0161091,-0.202214,0.367206,-0.423122,-0.0163343
2026-09-18,49803,1512.33,22.0625,23.25,41645,1535,1510,1534.7,1593.4,1555,524,1512.33,5.36038,1.47896,2.82126,23.25,23.8371,1.77277,3.67342e+06,0.0237622,83.7302,0.0876023,-0.0400779,-0.111861,0.372808,0.00186013,-0.30429,0.545394,-0.387105,0.011457
2026-09-21,49696,1514.91,22,23.5,41741,1535,1514.5,1540.1,1598.1,1550,533,1514.91,5.49118,1.66258,2.31608,23.5,21.6719,1.62532,3.717e+06,0.0522094,86.3095,0.118177,-0.0137577,-0.0524416,0.387387,0.0195841,-0.277974,0.590654,-0.459401,0.197138
2026-09-22,49412,1513.68,22.5,23.625,41761,1535,1514,1536.5,1596.4,1550,555,1513.68,5.46456,1.50733,2.39919,23.625,23.6424,1.7596,3.78617e+06,0.0784462,89.0873,0.130823,0.026069,0.0139117,0.323314,0.0552444,-0.279045,0.660563,-0.391359,0.202164
2026-09-23,48928,1516.3,22.5,23.6875,41696,1535,1515,1536.6,1598.3,1555,566,1516.3,5.40815,1.33903,2.55251,23.6875,22.256,1.66533,3.98385e+06,0.110903,91.4683,0.20912,0.0126854,0.0186211,0.535841,0.0728986,-0.285114,0.742976,-0.437107,0.0472886
2026-09-24,48845,1518.74,23,23.75,41785,1535,1516,1542.9,1607.1,1560,578,1518.74,5.81788,1.59069,2.71662,23.75,22.944,1.71224,4.08156e+06,0.151695,93.254,0.217223,0.0861675,0.0606646,0.483042,0.107961,-0.208903,0.825413,-0.412697,0.195546
2026-09-25,48255,1523.97,21.9375,23.625,41799,1540,1519,1545.6,1614.3,1560,609,1523.97,5.92755,1.41957,2.36448,23.625,24.2265,1.79903,4.14799e+06,0.251163,97.0238,0.342503,0.159824,0.138785,0.727802,0.160921,-0.185216,1.08804,-0.368079,0.049273
2026-09-28,47960,1528.76,22.0625,23.4375,41729,1545,1525.5,1557.3,1616.6,1560,628,1528.76,5.74609,1.86712,2.04373,23.4375,18.3462,1.3941,4.22476e+06,0.21606,95.0397,0.346982,0.0851379,0.197792,0.803975,0.0391775,-0.213497,1.20677,-0.566107,-0.258373
2026-09-29,47482,1523.97,23.375,24.3125,41817,1545,1524.5,1556.5,1619.6,1565,607,1523.97,6.27508,2.13458,2.69233,24.3125,20.2268,1.52557,4.29428e+06,0.207706,94.246,0.412836,0.0025761,0.101298,0.885638,0.251573,-0.114076,0.687733,-0.5008,-0.127683
2026-09-30,46092,1517.52,22.8125,24.125,41911,1545,1522,1557,1617.4,1560,607,1517.52,6.58173,2.60155,2.79924,24.125,25.8787,1.90963,3.4998e+06,0.257337,97.4206,0.435159,0.0795142,-0.145554,1.27051,0.180523,-0.0542542,0.552578,-0.307817,0.175586
2026-10-01,48288,1523.23,23.1875,24.4375,41982,1540,1517,1548.7,1614.2,1560,636,1523.23,5.9725,1.67241,2.41426,24.4375,22.5149,1.68301,3.50954e+06,0.121481,91.0714,0.172558,0.0704032,-0.0567158,0.323365,0.251026,-0.161106,0.75459,-0.420618,0.14709
2026-10-02,48657,1523.09,22.625,24.5625,41982,1545,1523,1556,1624.8,1555,655,1523.09,6.6781,2.16095,2.0953,24.5625,18.9521,1.43667,3.6043e+06,0.023639,81.746,0.0179473,0.0293306,-0.202363,-0.0652714,0.321476,-0.0287961,0.606611,-0.539802,0.129288
2026-10-05,48657,1519.25,21.625,23.75,41982,1540,1520,1551.9,1623.8,1560,599,1519.25,6.88182,2.14921,2.68237,23.75,21.9055,1.64135,3.56591e+06,-0.164582,46.627,-0.159466,-0.169698,-0.435989,-0.186758,0.144349,0.0120547,-0.308857,-0.438215,0.282151
2026-10-06,48657,1520.3,21.625,23.75,41982,1540,1520,1537.9,1610.8,1545,573,1520.3,5.95276,1.15765,1.62467,23.75,19.2483,1.4574,3.62668e+06,-0.269214,25.7937,-0.254847,-0.283581,-0.276821,-0.384368,-0.103351,-0.155027,-0.37364,-0.526673,0.125613
2026-10-07,48657,1520.3,21.625,23.75,41982,1540,1520,1544.4,1610.8,1550,573,1520.3,5.95276,1.5852,1.95355,23.75,19.2483,1.4574,3.62668e+06,-0.340237,17.0635,-0.372159,-0.308316,-0.100947,-0.964259,-0.05127,-0.151547,-0.374156,-0.525003,-0.0568001
