fecha,tc,vol_tc,dolarizacion_depositos,depositos_me_usd,ipd,indice_0_100,ipd_n_componentes,ipd_bloque_cambiaria,ipd_bloque_dolarizacion,z_tc,z_vol_tc,z_dolarizacion_depositos,z_depositos_me_usd,pts_tc,pts_vol_tc,pts_dolarizacion_depositos,pts_depositos_me_usd
2000-01-03,11.62,,86.5058,,,,,,,,,,,,,,
2000-01-04,11.62,,86.5058,,,,,,,,,,,,,,
2000-01-05,11.625,,86.5058,,,,,,,,,,,,,,
2000-01-07,11.625,,86.5058,,,,,,,,,,,,,,
2000-01-10,11.635,,86.5058,,,,,,,,,,,,,,
2000-01-11,11.64,,86.5058,,,,,,,,,,,,,,
2000-01-12,11.66,,86.5058,,,,,,,,,,,,,,
2000-01-13,11.675,,86.5058,,,,,,,,,,,,,,
2000-01-14,11.675,,87.4001,,,,,,,,,,,,,,
2000-01-17,11.67,,87.4001,,,,,,,,,,,,,,
2000-01-18,11.67,,87.4001,,,,,,,,,,,,,,
2000-01-19,11.665,,87.4001,,,,,,,,,,,,,,
2000-01-20,11.665,,87.4001,,,,,,,,,,,,,,
2000-01-21,11.655,,87.4001,,,,,,,,,,,,,,
2000-01-24,11.665,,87.4001,,,,,,,,,,,,,,
2000-01-25,11.665,1.08592,87.4001,,,,,,,,,,,,,,
2000-01-26,11.665,1.05407,87.4001,,,,,,,,,,,,,,
2000-01-27,11.665,1.02483,87.4001,,,,,,,,,,,,,,
2000-01-28,11.675,1.02175,87.4001,,,,,,,,,,,,,,
2000-01-31,11.68,0.994802,87.4001,,,,,,,,,,,,,,
2000-02-01,11.685,0.96987,87.4001,,,,,,,,,,,,,,
2000-02-02,11.685,0.96987,87.4001,,,,,,,,,,,,,,
2000-02-03,11.69,0.969821,87.4001,,,,,,,,,,,,,,
2000-02-04,11.69,0.969821,87.4001,,,,,,,,,,,,,,
2000-02-07,11.705,1.01398,87.4001,,,,,,,,,,,,,,
2000-02-08,11.71,1.01394,87.4001,,,,,,,,,,,,,,
2000-02-09,11.705,0.895196,87.4001,,,,,,,,,,,,,,
2000-02-10,11.71,0.80332,87.4001,,,,,,,,,,,,,,
2000-02-11,11.705,0.827805,87.4001,,,,,,,,,,,,,,
2000-02-14,11.72,0.894941,87.3164,,,,,,,,,,,,,,
2000-02-15,11.72,0.894941,87.3164,,,,,,,,,,,,,,
2000-02-16,11.725,0.864498,87.3164,,,,,,,,,,,,,,
2000-02-17,11.72,0.894037,87.3164,,,,,,,,,,,,,,
2000-02-18,11.725,0.796759,87.3164,,,,,,,,,,,,,,
2000-02-21,11.735,0.796285,87.3164,,,,,,,,,,,,,,
2000-02-22,11.743,0.799068,87.3164,,,,,,,,,,,,,,
2000-02-23,11.755,0.824422,87.3164,,,,,,,,,,,,,,
2000-02-24,11.751,0.853791,87.3164,,,,,,,,,,,,,,
2000-02-25,11.747,0.868382,87.3164,,,,,,,,,,,,,,
2000-02-28,11.75,0.867361,87.3164,,,,,,,,,,,,,,
2000-02-29,11.76,0.888436,87.3164,,,,,,,,,,,,,,
2000-03-02,11.76,0.888436,87.3164,,,,,,,,,,,,,,
2000-03-03,11.76,0.894502,87.3164,,,,,,,,,,,,,,
2000-03-08,11.775,0.950753,87.3164,,,,,,,,,,,,,,
2000-03-09,11.777,0.887893,87.3164,,,,,,,,,,,,,,
2000-03-10,11.78,0.886899,87.3164,,,,,,,,,,,,,,
2000-03-13,11.79,0.863869,87.3164,,,,,,,,,,,,,,
2000-03-14,11.83,1.37892,87.3164,,,,,,,,,,,,,,
2000-03-15,11.865,1.58167,87.3164,,,,,,,,,,,,,,
2000-03-16,11.845,1.77134,87.0775,10929.5,,,,,,,,,,,,,
2000-03-17,11.835,1.82931,87.0775,10929.5,,,,,,,,,,,,,
2000-03-20,11.84,1.82933,87.0775,10929.5,,,,,,,,,,,,,
2000-03-21,11.855,1.81571,87.0775,10929.5,,,,,,,,,,,,,
2000-03-22,11.87,1.83106,87.0775,10929.5,,,,,,,,,,,,,
2000-03-23,11.88,1.83089,87.0775,10929.5,,,,,,,,,,,,,
2000-03-24,11.85,2.14312,87.0775,10929.5,,,,,,,,,,,,,
2000-03-27,11.84,2.17956,87.0775,10929.5,,,,,,,,,,,,,
2000-03-28,11.845,2.16381,87.0775,10929.5,,,,,,,,,,,,,
2000-03-29,11.84,2.1677,87.0775,10929.5,,,,,,,,,,,,,
2000-03-30,11.845,2.16709,87.0775,10929.5,,,,,,,,,,,,,
2000-03-31,11.84,2.17925,87.0775,10929.5,,,,,,,,,,,,,
2000-04-03,11.84,2.17925,87.0775,10929.5,,,,,,,,,,,,,
2000-04-04,11.855,2.19938,87.0775,10929.5,,,,,,,,,,,,,
2000-04-05,11.863,2.17802,87.0775,10929.5,,,,,,,,,,,,,
2000-04-06,11.865,2.17804,87.0775,10929.5,,,,,,,,,,,,,
2000-04-07,11.855,2.22035,87.0775,10929.5,,,,,,,,,,,,,
2000-04-10,11.86,2.21196,87.0775,10929.5,,,,,,,,,,,,,
2000-04-11,11.865,1.88927,87.0775,10929.5,,,,,,,,,,,,,
2000-04-12,11.87,1.57862,87.0775,10929.5,,,,,,,,,,,,,
2000-04-13,11.855,1.52417,87.0775,10929.5,,,,,,,,,,,,,
2000-04-14,11.86,1.4924,87.114,10918,,,,,,,,,,,,,
2000-04-18,11.868,1.50214,87.114,10918,,,,,,,,,,,,,
2000-04-19,11.87,1.44013,87.114,10918,,,,,,,,,,,,,
2000-04-20,11.87,1.3684,87.114,10918,,,,,,,,,,,,,
2000-04-24,11.89,1.46617,87.114,10918,,,,,,,,,,,,,
2000-04-25,11.912,1.25662,87.114,10918,,,,,,,,,,,,,
2000-04-26,11.91,1.19936,87.114,10918,,,,,,,,,,,,,
2000-04-27,1.905,650.717,87.114,10918,,,,,,,,,,,,,
2000-04-28,11.892,943.621,87.114,10918,,,,,,,,,,,,,
2000-05-02,11.9,943.621,87.114,10918,,,,,,,,,,,,,
2000-05-03,11.91,943.621,87.114,10918,,,,,,,,,,,,,
2000-05-04,11.905,943.621,87.114,10918,,,,,,,,,,,,,
2000-05-05,11.895,943.621,87.114,10918,,,,,,,,,,,,,
2000-05-08,11.91,943.621,87.114,10918,,,,,,,,,,,,,
2000-05-09,11.925,943.621,87.114,10918,,,,,,,,,,,,,
2000-05-10,11.93,943.621,87.114,10918,,,,,,,,,,,,,
2000-05-11,11.923,943.621,87.114,10918,,,,,,,,,,,,,
2000-05-12,11.92,943.621,87.114,10918,,,,,,,,,,,,,
2000-05-15,11.934,943.621,87.484,10947.8,,,,,,,,,,,,,
2000-05-16,11.965,943.621,87.484,10947.8,,,,,,,,,,,,,
2000-05-17,11.965,943.621,87.484,10947.8,,,,,,,,,,,,,
2000-05-18,11.975,943.621,87.484,10947.8,,,,,,,,,,,,,
2000-05-19,11.975,943.621,87.484,10947.8,,,,,,,,,,,,,
2000-05-23,11.988,943.621,87.484,10947.8,,,,,,,,,,,,,
2000-05-24,11.985,943.621,87.484,10947.8,,,,,,,,,,,,,
2000-05-25,11.98,943.621,87.484,10947.8,,,,,,,,,,,,,
2000-05-26,11.97,943.621,87.484,10947.8,,,,,,,,,,,,,
2000-05-29,11.975,649.948,87.484,10947.8,,,,,,,,,,,,,
2000-05-30,11.99,1.41458,87.484,10947.8,,,,,,,,,,,,,
2000-05-31,12.005,1.44335,87.484,10947.8,,,,,,,,,,,,,
2000-06-01,12.025,1.5022,87.484,10947.8,,,,,,,,,,,,,
2000-06-02,12.04,1.48611,87.484,10947.8,,,,,,,,,,,,,
2000-06-05,12.035,1.43979,87.484,10947.8,,,,,,,,,,,,,
2000-06-06,12.015,1.62057,87.484,10947.8,,,,,,,,,,,,,
2000-06-07,12.015,1.59755,87.484,10947.8,,,,,,,,,,,,,
2000-06-09,12.02,1.59754,87.484,10947.8,,,,,,,,,,,,,
2000-06-12,12.04,1.61717,87.484,10947.8,,,,,,,,,,,,,
2000-06-13,12.04,1.60431,87.484,10947.8,,,,,,,,,,,,,
2000-06-14,12.045,1.58459,87.3293,11001.8,,,,,,,,,,,,,
2000-06-15,12.05,1.37012,87.3293,11001.8,,,,,,,,,,,,,
2000-06-16,12.045,1.39208,87.3293,11001.8,,,,,,,,,,,,,
2000-06-20,12.055,1.39182,87.3293,11001.8,,,,,,,,,,,,,
2000-06-21,12.065,1.39663,87.3293,11001.8,,,,,,,,,,,,,
2000-06-22,12.067,1.3725,87.3293,11001.8,,,,,,,,,,,,,
2000-06-23,12.065,1.36809,87.3293,11001.8,,,,,,,,,,,,,
2000-06-26,12.085,1.41455,87.3293,11001.8,,,,,,,,,,,,,
2000-06-27,12.105,1.39357,87.3293,11001.8,,,,,,,,,,,,,
2000-06-28,12.11,1.39363,87.3293,11001.8,,,,,,,,,,,,,
2000-06-29,12.1,1.45093,87.3293,11001.8,,,,,,,,,,,,,
2000-06-30,12.1,1.42792,87.3293,11001.8,,,,,,,,,,,,,
2000-07-03,12.095,1.37212,87.3293,11001.8,,,,,,,,,,,,,
2000-07-04,12.105,1.34102,87.3293,11001.8,,,,,,,,,,,,,
2000-07-05,12.105,1.32085,87.3293,11001.8,,,,,,,,,,,,,
2000-07-06,12.105,1.10972,87.3293,11001.8,,,,,,,,,,,,,
2000-07-07,12.115,1.11161,87.3293,11001.8,,,,,,,,,,,,,
2000-07-10,12.125,1.12113,87.3293,11001.8,,,,,,,,,,,,,
2000-07-11,12.15,1.18582,87.3293,11001.8,,,,,,,,,,,,,
2000-07-12,12.16,1.17992,87.3293,11001.8,,,,,,,,,,,,,
2000-07-13,12.165,1.17996,87.3293,11001.8,,,,,,,,,,,,,
2000-07-14,12.17,1.17999,87.3293,11001.8,,,,,,,,,,,,,
2000-07-17,12.2,1.31928,87.6315,11085.6,,,,,,,,,,,,,
2000-07-19,12.21,1.31908,87.6315,11085.6,,,,,,,,,,,,,
2000-07-20,12.23,1.36488,87.6315,11085.6,,,,,,,,,,,,,
2000-07-21,12.23,1.37439,87.6315,11085.6,,,,,,,,,,,,,
2000-07-24,12.243,1.34404,87.6315,11085.6,,,,,,,,,,,,,
2000-07-25,12.25,1.29954,87.6315,11085.6,,,,,,,,,,,,,
2000-07-26,12.248,1.27851,87.6315,11085.6,,,,,,,,,,,,,
2000-07-27,12.242,1.33381,87.6315,11085.6,,,,,,,,,,,,,
2000-07-28,12.229,1.36817,87.6315,11085.6,,,,,,,,,,,,,
2000-07-31,12.235,1.35396,87.6315,11085.6,,,,,,,,,,,,,
2000-08-01,12.245,1.3069,87.6315,11085.6,,,,,,,,,,,,,
2000-08-02,12.255,1.30669,87.6315,11085.6,,,,,,,,,,,,,
2000-08-03,12.265,1.28765,87.6315,11085.6,,,,,,,,,,,,,
2000-08-04,12.264,1.29347,87.6315,11085.6,,,,,,,,,,,,,
2000-08-07,12.275,1.29497,87.6315,11085.6,,,,,,,,,,,,,
2000-08-08,12.292,1.31961,87.6315,11085.6,,,,,,,,,,,,,
2000-08-09,12.31,1.25241,87.6315,11085.6,,,,,,,,,,,,,
2000-08-10,12.335,1.34378,87.6315,11085.6,,,,,,,,,,,,,
2000-08-11,12.35,1.35001,87.6315,11085.6,,,,,,,,,,,,,
2000-08-14,12.38,1.46646,87.9576,11201.6,,,,,,,,,,,,,
2000-08-15,12.415,1.52343,87.9576,11201.6,,,,,,,,,,,,,
2000-08-16,12.41,1.58953,87.9576,11201.6,,,,,,,,,,,,,
2000-08-17,12.375,2.0146,87.9576,11201.6,,,,,,,,,,,,,
2000-08-18,12.355,2.15432,87.9576,11201.6,,,,,,,,,,,,,
2000-08-21,12.36,2.14452,87.9576,11201.6,,,,,,,,,,,,,
2000-08-22,12.38,2.18248,87.9576,11201.6,,,,,,,,,,,,,
2000-08-23,12.38,2.17639,87.9576,11201.6,,,,,,,,,,,,,
2000-08-24,12.371,2.19279,87.9576,11201.6,,,,,,,,,,,,,
2000-08-28,12.378,2.11118,87.9576,11201.6,,,,,,,,,,,,,
2000-08-29,12.375,2.1324,87.9576,11201.6,,,,,,,,,,,,,
2000-08-30,12.37,2.15746,87.9576,11201.6,,,,,,,,,,,,,
2000-08-31,12.352,2.26261,87.9576,11201.6,,,,,,,,,,,,,
2000-09-01,12.37,2.28969,87.9576,11201.6,,,,,,,,,,,,,
2000-09-04,12.384,2.29448,87.9576,11201.6,,,,,,,,,,,,,
2000-09-05,12.42,2.44741,87.9576,11201.6,,,,,,,,,,,,,
2000-09-06,12.435,2.44056,87.9576,11201.6,,,,,,,,,,,,,
2000-09-07,12.415,2.53472,87.9576,11201.6,,,,,,,,,,,,,
2000-09-08,12.4,2.52348,87.9576,11201.6,,,,,,,,,,,,,
2000-09-11,12.395,2.5078,87.9576,11201.6,,,,,,,,,,,,,
2000-09-12,12.39,2.36925,87.9576,11201.6,,,,,,,,,,,,,
2000-09-13,12.397,2.14217,87.9576,11201.6,,,,,,,,,,,,,
2000-09-14,12.4,2.14122,87.8983,11195.4,,,,,,,,,,,,,
2000-09-15,12.385,1.92903,87.8983,11195.4,,,,,,,,,,,,,
2000-09-18,12.335,2.35192,87.8983,11195.4,,,,,,,,,,,,,
2000-09-19,12.375,2.62825,87.8983,11195.4,,,,,,,,,,,,,
2000-09-20,12.37,2.56672,87.8983,11195.4,,,,,,,,,,,,,
2000-09-21,12.365,2.56989,87.8983,11195.4,,,,,,,,,,,,,
2000-09-22,12.34,2.65433,87.8983,11195.4,,,,,,,,,,,,,
2000-09-25,12.34,2.64236,87.8983,11195.4,,,,,,,,,,,,,
2000-09-26,12.335,2.64372,87.8983,11195.4,,,,,,,,,,,,,
2000-09-27,12.25,3.57052,87.8983,11195.4,,,,,,,,,,,,,
2000-09-28,12.25,3.5555,87.8983,11195.4,,,,,,,,,,,,,
2000-09-29,12.25,3.49087,87.8983,11195.4,,,,,,,,,,,,,
2000-10-02,12.265,3.49671,87.8983,11195.4,,,,,,,,,,,,,
2000-10-03,12.325,3.80727,87.8983,11195.4,,,,,,,,,,,,,
2000-10-04,12.37,4.03393,87.8983,11195.4,,,,,,,,,,,,,
2000-10-05,12.395,4.07854,87.8983,11195.4,,,,,,,,,,,,,
2000-10-06,12.41,4.08014,87.8983,11195.4,,,,,,,,,,,,,
2000-10-09,12.42,4.08527,87.8983,11195.4,,,,,,,,,,,,,
2000-10-10,12.42,4.08117,87.8983,11195.4,,,,,,,,,,,,,
2000-10-11,12.405,4.10407,87.8983,11195.4,,,,,,,,,,,,,
2000-10-12,12.375,4.19392,87.8983,11195.4,,,,,,,,,,,,,
2000-10-13,12.365,4.18222,87.8983,11195.4,,,,,,,,,,,,,
2000-10-17,12.37,3.91232,88.1981,11305.2,,,,,,,,,,,,,
2000-10-18,12.365,3.73987,88.1981,11305.2,,,,,,,,,,,,,
2000-10-19,12.37,3.74045,88.1981,11305.2,,,,,,,,,,,,,
2000-10-20,12.37,3.73741,88.1981,11305.2,,,,,,,,,,,,,
2000-10-23,12.41,3.8205,88.1981,11305.2,,,,,,,,,,,,,
2000-10-24,12.423,3.82829,88.1981,11305.2,,,,,,,,,,,,,
2000-10-25,12.42,3.82453,88.1981,11305.2,,,,,,,,,,,,,
2000-10-26,12.415,2.72625,88.1981,11305.2,,,,,,,,,,,,,
2000-10-27,12.375,3.05242,88.1981,11305.2,,,,,,,,,,,,,
2000-10-30,12.37,3.06468,88.1981,11305.2,,,,,,,,,,,,,
2000-10-31,12.375,3.05235,88.1981,11305.2,,,,,,,,,,,,,
2000-11-01,12.365,2.5892,88.1981,11305.2,,,,,,,,,,,,,
2000-11-02,12.355,2.25588,88.1981,11305.2,,,,,,,,,,,,,
2000-11-03,12.37,2.17402,88.1981,11305.2,,,,,,,,,,,,,
2000-11-07,12.4,2.30939,88.1981,11305.2,,,,,,,,,,,,,
2000-11-08,12.42,2.36559,88.1981,11305.2,,,,,,,,,,,,,
2000-11-09,12.415,2.3699,88.1981,11305.2,,,,,,,,,,,,,
2000-11-10,12.4,2.36994,88.1981,11305.2,,,,,,,,,,,,,
2000-11-13,12.39,2.21736,88.1981,11305.2,,,,,,,,,,,,,
2000-11-14,12.395,2.196,88.2568,11348.4,,,,,,,,,,,,,
2000-11-15,12.39,2.2009,88.2568,11348.4,,,,,,,,,,,,,
2000-11-17,12.39,2.19374,88.2568,11348.4,,,,,,,,,,,,,
2000-11-20,12.422,2.36297,88.2568,11348.4,,,,,,,,,,,,,
2000-11-21,12.42,2.36556,88.2568,11348.4,,,,,,,,,,,,,
2000-11-22,12.44,2.15084,88.2568,11348.4,,,,,,,,,,,,,
2000-11-23,12.43,2.14547,88.2568,11348.4,,,,,,,,,,,,,
2000-11-24,12.434,2.1454,88.2568,11348.4,,,,,,,,,,,,,
2000-11-27,12.415,2.21355,88.2568,11348.4,,,,,,,,,,,,,
2000-11-28,12.41,1.8674,88.2568,11348.4,,,,,,,,,,,,,
2000-11-29,12.398,1.89964,88.2568,11348.4,,,,,,,,,,,,,
2000-11-30,12.403,1.89962,88.2568,11348.4,,,,,,,,,,,,,
2000-12-01,12.402,1.87014,88.2568,11348.4,,,,,,,,,,,,,
2000-12-04,12.41,1.84232,88.2568,11348.4,,,,,,,,,,,,,
2000-12-05,12.411,1.80498,88.2568,11348.4,,,,,,,,,,,,,
2000-12-07,12.419,1.60993,88.2568,11348.4,,,,,,,,,,,,,
2000-12-08,12.413,1.51387,88.2568,11348.4,,,,,,,,,,,,,
2000-12-11,12.426,1.55323,88.2568,11348.4,,,,,,,,,,,,,
2000-12-12,12.428,1.48108,88.2568,11348.4,,,,,,,,,,,,,
2000-12-13,12.431,1.44095,88.2568,11348.4,,,,,,,,,,,,,
2000-12-14,12.442,1.46147,88.2568,11348.4,,,,,,,,,,,,,
2000-12-15,12.435,1.4711,88.1941,11461.3,,,,,,,,,,,,,
2000-12-18,12.445,1.48557,88.1941,11461.3,,,,,,,,,,,,,
2000-12-19,12.45,1.20098,88.1941,11461.3,,,,,,,,,,,,,
2000-12-20,12.468,1.2848,88.1941,11461.3,,,,,,,,,,,,,
2000-12-21,12.465,1.17769,88.1941,11461.3,,,,,,,,,,,,,
2000-12-22,12.453,1.19511,88.1941,11461.3,,,,,,,,,,,,,
2000-12-26,12.466,1.24008,88.1941,11461.3,,,,,,,,,,,,,
2000-12-27,12.49,1.23351,88.1941,11461.3,,,,,,,,,,,,,
2000-12-28,12.5,1.21625,88.1941,11461.3,,,,,,,,,,,,,
2000-12-29,12.51,1.11798,88.1941,11461.3,,,,,,,,,,,,,
2001-01-02,12.5,1.20292,88.1941,11461.3,,,,,,,,,,,,,
2001-01-03,12.525,1.31613,88.1941,11461.3,,,,,,,,,,,,,
2001-01-04,12.54,1.33894,88.1941,11461.3,,,,,,,,,,,,,
2001-01-05,12.55,1.33181,88.1941,11461.3,,,,,,,,,,,,,
2001-01-08,12.575,1.42588,88.1941,11461.3,,,,,,,,,,,,,
2001-01-09,12.62,1.70706,88.1941,11461.3,,,,,,,,,,,,,
2001-01-10,12.53,3.30392,88.1941,11461.3,,,,,,,,,,,,,
2001-01-11,12.545,3.31371,88.1941,11461.3,,,,,,,,,,,,,
2001-01-12,12.56,3.32232,88.1941,11461.3,,,,,,,,,,,,,
2001-01-15,12.57,3.32117,88.2165,11608.7,,,,,,,,,,,,,
2001-01-16,12.585,3.30425,88.2165,11608.7,,,,,,,,,,,,,
2001-01-17,12.615,3.36407,88.2165,11608.7,,,,,,,,,,,,,
2001-01-18,12.595,3.45847,88.2165,11608.7,,,,,,,,,,,,,
2001-01-19,12.58,3.49733,88.2165,11608.7,,,,,,,,,,,,,
2001-01-22,12.59,3.48963,88.2165,11608.7,,,,,,,,,,,,,
2001-01-23,12.58,3.48076,88.2165,11608.7,,,,,,,,,,,,,
2001-01-24,12.565,3.52532,88.2165,11608.7,,,,,,,,,,,,,
2001-01-25,12.545,3.54411,88.2165,11608.7,,,,,,,,,,,,,
2001-01-26,12.545,3.5381,88.2165,11608.7,,,,,,,,,,,,,
2001-01-29,12.54,3.53582,88.2165,11608.7,,,,,,,,,,,,,
2001-01-30,12.55,3.52617,88.2165,11608.7,,,,,,,,,,,,,
2001-01-31,12.545,3.46616,88.2165,11608.7,,,,,,,,,,,,,
2001-02-01,12.549,3.44256,88.2165,11608.7,,,,,,,,,,,,,
2001-02-02,12.555,3.43505,88.2165,11608.7,,,,,,,,,,,,,
2001-02-05,12.565,3.36976,88.2165,11608.7,,,,,,,,,,,,,
2001-02-06,12.57,3.09573,88.2165,11608.7,,,,,,,,,,,,,
2001-02-07,12.567,1.68643,88.2165,11608.7,,,,,,,,,,,,,
2001-02-08,12.569,1.64042,88.2165,11608.7,,,,,,,,,,,,,
2001-02-09,12.575,1.5958,88.2165,11608.7,,,,,,,,,,,,,
2001-02-12,12.58,1.57759,88.2165,11608.7,,,,,,,,,,,,,
2001-02-13,12.597,1.59379,88.2165,11608.7,,,,,,,,,,,,,
2001-02-14,12.61,1.39082,88.1802,11769.7,,,,,,,,,,,,,
2001-02-15,12.6,1.29767,88.1802,11769.7,,,,,,,,,,,,,
2001-02-16,12.595,1.22806,88.1802,11769.7,,,,,,,,,,,,,
2001-02-19,12.6,1.20438,88.1802,11769.7,,,,,,,,,,,,,
2001-02-20,12.602,1.16364,88.1802,11769.7,,,,,,,,,,,,,
2001-02-21,12.61,1.07433,88.1802,11769.7,,,,,,,,,,,,,
2001-02-22,12.608,0.859818,88.1802,11769.7,,,,,,,,,,,,,
2001-02-23,12.601,0.902799,88.1802,11769.7,,,,,,,,,,,,,
2001-02-28,12.62,0.978992,88.1802,11769.7,,,,,,,,,,,,,
2001-03-01,12.662,1.44326,88.1802,11769.7,,,,,,,,,,,,,
2001-03-02,12.68,1.44682,88.1802,11769.7,,,,,,,,,,,,,
2001-03-05,12.697,1.47174,88.1802,11769.7,,,,,,,,,,,,,
2001-03-06,12.705,1.47125,88.1802,11769.7,,,,,,,,,,,,,
2001-03-07,12.695,1.54776,88.1802,11769.7,,,,,,,,,,,,,
2001-03-08,12.705,1.55003,88.1802,11769.7,,,,,,,,,,,,,
2001-03-09,12.71,1.52426,88.1802,11769.7,,,,,,,,,,,,,
2001-03-12,12.702,1.57697,88.1802,11769.7,,,,,,,,,,,,,
2001-03-13,12.707,1.57759,88.1802,11769.7,,,,,,,,,,,,,
2001-03-14,12.72,1.58662,88.1802,11769.7,,,,,,,,,,,,,
2001-03-15,12.76,1.81633,88.1802,11769.7,,,,,,,,,,,,,
2001-03-16,12.825,2.40477,88.1802,11769.7,,,,,,,,,,,,,
2001-03-19,12.89,2.74787,88.2636,11946.4,,,,,,,,,,,,,
2001-03-20,12.895,2.70351,88.2636,11946.4,,,,,,,,,,,,,
2001-03-21,12.905,2.69234,88.2636,11946.4,,,,,,,,,,,,,
2001-03-22,12.965,2.92317,88.2636,11946.4,,,,,,,,,,,,,
2001-03-23,12.99,2.91309,88.2636,11946.4,,,,,,,,,,,,,
2001-03-26,12.845,5.36103,88.2636,11946.4,,,,,,,,,,,,,
2001-03-27,12.835,5.36982,88.2636,11946.4,,,,,,,,,,,,,
2001-03-28,12.82,5.41487,88.2636,11946.4,,,,,,,,,,,,,
2001-03-29,12.81,5.35551,88.2636,11946.4,,,,,,,,,,,,,
2001-03-30,12.83,5.35864,88.2636,11946.4,,,,,,,,,,,,,
2001-04-02,12.837,5.35127,88.2636,11946.4,,,,,,,,,,,,,
2001-04-03,12.871,5.40291,88.2636,11946.4,,,,,,,,,,,,,
2001-04-04,12.89,5.38278,88.2636,11946.4,,,,,,,,,,,,,
2001-04-05,12.885,5.39819,88.2636,11946.4,,,,,,,,,,,,,
2001-04-06,12.865,5.45693,88.2636,11946.4,,,,,,,,,,,,,
2001-04-09,12.845,5.49452,88.2636,11946.4,,,,,,,,,,,,,
2001-04-10,12.84,5.50468,88.2636,11946.4,,,,,,,,,,,,,
2001-04-11,12.835,5.51042,88.2636,11946.4,,,,,,,,,,,,,
2001-04-12,12.835,5.41911,88.2636,11946.4,,,,,,,,,,,,,
2001-04-16,12.872,5.2135,88.0289,12056.5,,,,,,,,,,,,,
2001-04-17,12.887,4.90501,88.0289,12056.5,,,,,,,,,,,,,
2001-04-18,12.9,4.91664,88.0289,12056.5,,,,,,,,,,,,,
2001-04-19,12.95,5.09893,88.0289,12056.5,,,,,,,,,,,,,
2001-04-20,12.98,4.89152,88.0289,12056.5,,,,,,,,,,,,,
2001-04-24,13.025,4.99843,88.0289,12056.5,,,,,,,,,,,,,
2001-04-25,12.995,2.85156,88.0289,12056.5,,,,,,,,,,,,,
2001-04-26,12.96,3.04739,88.0289,12056.5,,,,,,,,,,,,,
2001-04-27,12.935,3.11348,88.0289,12056.5,,,,,,,,,,,,,
2001-04-30,12.94,3.07987,88.0289,12056.5,,,,,,,,,,,,,
2001-05-02,12.995,3.33796,88.0289,12056.5,,,,,,,,,,,,,
2001-05-03,13.015,3.35283,88.0289,12056.5,,,,,,,,,,,,,
2001-05-04,13.015,3.27876,88.0289,12056.5,,,,,,,,,,,,,
2001-05-07,13.03,3.26873,88.0289,12056.5,,,,,,,,,,,,,
2001-05-08,13.045,3.25639,88.0289,12056.5,,,,,,,,,,,,,
2001-05-09,13.04,3.17851,88.0289,12056.5,,,,,,,,,,,,,
2001-05-10,13.04,3.08011,88.0289,12056.5,,,,,,,,,,,,,
2001-05-11,13.045,3.05419,88.0289,12056.5,,,,,,,,,,,,,
2001-05-14,13.055,3.02228,88.0289,12056.5,,,,,,,,,,,,,
2001-05-15,13.075,3.01403,88.6458,12229.2,,,,,,,,,,,,,
2001-05-16,13.075,2.939,88.6458,12229.2,,,,,,,,,,,,,
2001-05-17,13.075,2.94797,88.6458,12229.2,,,,,,,,,,,,,
2001-05-18,13.065,2.99218,88.6458,12229.2,,,,,,,,,,,,,
2001-05-22,13.065,2.74247,88.6458,12229.2,,,,,,,,,,,,,
2001-05-23,13.065,2.65458,88.6458,12229.2,,,,,,,,,,,,,
2001-05-24,13.065,2.38294,88.6458,12229.2,,,,,,,,,,,,,
2001-05-25,13.065,2.20093,88.6458,12229.2,,,,,,,,,,,,,
2001-05-28,13.08,1.91887,88.6458,12229.2,,,,,,,,,,,,,
2001-05-29,13.11,1.80261,88.6458,12229.2,,,,,,,,,,,,,
2001-05-30,13.135,1.85068,88.6458,12229.2,,,,,,,,,,,,,
2001-05-31,13.145,1.31377,88.6458,12229.2,,,,,,,,,,,,,
2001-06-01,13.145,1.27699,88.6458,12229.2,,,,,,,,,,,,,
2001-06-04,13.145,1.27699,88.6458,12229.2,,,,,,,,,,,,,
2001-06-05,13.12,1.50873,88.6458,12229.2,,,,,,,,,,,,,
2001-06-06,13.14,1.54061,88.6458,12229.2,,,,,,,,,,,,,
2001-06-07,13.17,1.6554,88.6458,12229.2,,,,,,,,,,,,,
2001-06-08,13.165,1.67585,88.6458,12229.2,,,,,,,,,,,,,
2001-06-11,13.165,1.68419,88.6458,12229.2,,,,,,,,,,,,,
2001-06-12,13.13,2.00923,88.6458,12229.2,,,,,,,,,,,,,
2001-06-13,13.15,2.00851,88.6458,12229.2,,,,,,,,,,,,,
2001-06-14,13.16,2.01228,88.6722,12368,,,,,,,,,,,,,
2001-06-15,13.18,2.05166,88.6722,12368,,,,,,,,,,,,,
2001-06-19,13.615,11.5381,88.6722,12368,,,,,,,,,,,,,
2001-06-20,13.6,11.5708,88.6722,12368,,,,,,,,,,,,,
2001-06-21,13.585,11.6028,88.6722,12368,,,,,,,,,,,,,
2001-06-22,13.58,11.6117,88.6722,12368,,,,,,,,,,,,,
2001-06-25,13.6,11.5909,88.6722,12368,,,,,,,,,,,,,
2001-06-26,13.62,11.5883,88.6722,12368,,,,,,,,,,,,,
2001-06-27,13.635,11.5924,88.6722,12368,,,,,,,,,,,,,
2001-06-28,13.64,11.6063,88.6722,12368,,,,,,,,,,,,,
2001-06-29,13.742,11.7621,88.6722,12368,,,,,,,,,,,,,
2001-07-02,13.762,11.737,88.6722,12368,,,,,,,,,,,,,
2001-07-03,13.775,11.7173,88.6722,12368,,,,,,,,,,,,,
2001-07-04,13.79,11.6213,88.6722,12368,,,,,,,,,,,,,
2001-07-05,13.78,11.6734,88.6722,12368,,,,,,,,,,,,,
2001-07-06,13.785,11.6953,88.6722,12368,,,,,,,,,,,,,
2001-07-09,13.795,11.6685,88.6722,12368,,,,,,,,,,,,,
2001-07-10,13.805,11.6521,88.6722,12368,,,,,,,,,,,,,
2001-07-12,13.84,11.4992,88.6722,12368,,,,,,,,,,,,,
2001-07-13,13.75,11.9483,88.6722,12368,,,,,,,,,,,,,
2001-07-16,13.715,12.0595,88.8881,12528.5,,,,,,,,,,,,,
2001-07-17,13.655,12.2751,88.8881,12528.5,,,,,,,,,,,,,
2001-07-19,13.52,5.64906,88.8881,12528.5,,,,,,,,,,,,,
2001-07-20,13.39,6.5461,88.8881,12528.5,,,,,,,,,,,,,
2001-07-23,13.37,6.55015,88.8881,12528.5,,,,,,,,,,,,,
2001-07-24,13.47,7.17636,88.8881,12528.5,,,,,,,,,,,,,
2001-07-26,13.4,7.33461,88.8881,12528.5,,,,,,,,,,,,,
2001-07-27,13.35,7.35938,88.8881,12528.5,,,,,,,,,,,,,
2001-07-30,13.36,7.3471,88.8881,12528.5,,,,,,,,,,,,,
2001-07-31,13.175,8.6328,88.8881,12528.5,,,,,,,,,,,,,
2001-08-01,13.42,10.7907,88.8881,12528.5,,,,,,,,,,,,,
2001-08-02,13.47,10.8936,88.8881,12528.5,,,,,,,,,,,,,
2001-08-03,13.485,10.898,88.8881,12528.5,,,,,,,,,,,,,
2001-08-06,13.47,10.8683,88.8881,12528.5,,,,,,,,,,,,,
2001-08-07,13.362,11.1359,88.8881,12528.5,,,,,,,,,,,,,
2001-08-08,13.305,11.1524,88.8881,12528.5,,,,,,,,,,,,,
2001-08-09,13.333,11.2039,88.8881,12528.5,,,,,,,,,,,,,
2001-08-10,13.37,11.286,88.8881,12528.5,,,,,,,,,,,,,
2001-08-13,13.37,11.1985,88.8881,12528.5,,,,,,,,,,,,,
2001-08-14,13.385,11.0925,89.1845,12433.2,,,,,,,,,,,,,
2001-08-15,13.375,11.085,89.1845,12433.2,,,,,,,,,,,,,
2001-08-16,13.353,11.0249,89.1845,12433.2,,,,,,,,,,,,,
2001-08-17,13.37,10.5433,89.1845,12433.2,,,,,,,,,,,,,
2001-08-20,13.37,9.97951,89.1845,12433.2,,,,,,,,,,,,,
2001-08-21,13.378,9.96766,89.1845,12433.2,,,,,,,,,,,,,
2001-08-22,13.37,9.57451,89.1845,12433.2,,,,,,,,,,,,,
2001-08-23,13.35,9.41507,89.1845,12433.2,,,,,,,,,,,,,
2001-08-24,13.34,9.32488,89.1845,12433.2,,,,,,,,,,,,,
2001-08-27,13.335,9.32084,89.1845,12433.2,,,,,,,,,,,,,
2001-08-28,13.375,7.79727,89.1845,12433.2,,,,,,,,,,,,,
2001-08-29,13.37,4.14763,89.1845,12433.2,,,,,,,,,,,,,
2001-08-30,13.45,4.49072,89.1845,12433.2,,,,,,,,,,,,,
2001-08-31,13.525,4.9051,89.1845,12433.2,,,,,,,,,,,,,
2001-09-03,13.525,4.883,89.1845,12433.2,,,,,,,,,,,,,
2001-09-04,13.515,3.81728,89.1845,12433.2,,,,,,,,,,,,,
2001-09-05,13.46,3.78461,89.1845,12433.2,,,,,,,,,,,,,
2001-09-06,13.435,3.83406,89.1845,12433.2,,,,,,,,,,,,,
2001-09-07,13.425,3.74544,89.1845,12433.2,,,,,,,,,,,,,
2001-09-10,13.445,3.77181,89.1845,12433.2,,,,,,,,,,,,,
2001-09-11,13.523,4.24355,89.1845,12433.2,,,,,,,,,,,,,
2001-09-12,13.517,4.23295,89.1845,12433.2,,,,,,,,,,,,,
2001-09-13,13.56,4.25049,89.1845,12433.2,,,,,,,,,,,,,
2001-09-14,13.614,4.39855,89.3871,12873.1,,,,,,,,,,,,,
2001-09-17,13.685,4.63776,89.3871,12873.1,,,,,,,,,,,,,
2001-09-18,13.715,4.64639,89.3871,12873.1,,,,,,,,,,,,,
2001-09-19,13.71,4.63483,89.3871,12873.1,,,,,,,,,,,,,
2001-09-20,13.65,4.96414,89.3871,12873.1,,,,,,,,,,,,,
2001-09-21,13.642,4.95637,89.3871,12873.1,,,,,,,,,,,,,
2001-09-24,13.595,5.19397,89.3871,12873.1,,,,,,,,,,,,,
2001-09-25,13.61,5.13904,89.3871,12873.1,,,,,,,,,,,,,
2001-09-26,13.643,5.14503,89.3871,12873.1,,,,,,,,,,,,,
2001-09-27,13.685,4.87073,89.3871,12873.1,,,,,,,,,,,,,
2001-09-28,13.71,4.56402,89.3871,12873.1,,,,,,,,,,,,,
2001-10-01,13.742,4.59293,89.3871,12873.1,,,,,,,,,,,,,
2001-10-02,13.79,4.65019,89.3871,12873.1,,,,,,,,,,,,,
2001-10-03,13.875,4.58288,89.3871,12873.1,,,,,,,,,,,,,
2001-10-04,14.09,6.55685,89.3871,12873.1,,,,,,,,,,,,,
2001-10-05,14.115,6.45788,89.3871,12873.1,,,,,,,,,,,,,
2001-10-08,13.95,8.20918,89.3871,12873.1,,,,,,,,,,,,,
2001-10-09,13.945,8.107,89.3871,12873.1,,,,,,,,,,,,,
2001-10-10,13.965,8.0735,89.3871,12873.1,,,,,,,,,,,,,
2001-10-11,14.005,8.06625,89.3871,12873.1,,,,,,,,,,,,,
2001-10-12,14.04,8.02586,89.3871,12873.1,,,,,,,,,,,,,
2001-10-16,13.942,8.4459,89.9945,13168.7,,,,,,,,,,,,,
2001-10-17,13.935,8.44671,89.9945,13168.7,,,,,,,,,,,,,
2001-10-18,13.92,8.46346,89.9945,13168.7,,,,,,,,,,,,,
2001-10-19,13.925,8.24559,89.9945,13168.7,,,,,,,,,,,,,
2001-10-22,13.945,8.2253,89.9945,13168.7,,,,,,,,,,,,,
2001-10-23,13.945,8.06172,89.9945,13168.7,,,,,,,,,,,,,
2001-10-24,13.935,8.09258,89.9945,13168.7,,,,,,,,,,,,,
2001-10-25,13.938,8.08558,89.9945,13168.7,,,,,,,,,,,,,
2001-10-26,13.97,8.06464,89.9945,13168.7,,,,,,,,,,,,,
2001-10-29,14.045,8.20679,89.9945,13168.7,,,,,,,,,,,,,
2001-10-30,14.08,8.20985,89.9945,13168.7,,,,,,,,,,,,,
2001-10-31,14.082,8.17285,89.9945,13168.7,,,,,,,,,,,,,
2001-11-01,14.082,7.95265,89.9945,13168.7,,,,,,,,,,,,,
2001-11-02,14.115,5.83481,89.9945,13168.7,,,,,,,,,,,,,
2001-11-06,14.05,6.02772,89.9945,13168.7,,,,,,,,,,,,,
2001-11-07,13.99,4.52895,89.9945,13168.7,,,,,,,,,,,,,
2001-11-08,13.955,4.62358,89.9945,13168.7,,,,,,,,,,,,,
2001-11-09,13.93,4.63607,89.9945,13168.7,,,,,,,,,,,,,
2001-11-12,13.955,4.55977,89.9945,13168.7,,,,,,,,,,,,,
2001-11-13,13.98,4.51146,89.9945,13168.7,,,,,,,,,,,,,
2001-11-14,14.02,3.85277,89.8705,13037.2,,,,,,,,,,,,,
2001-11-15,14.025,3.84172,89.8705,13037.2,,,,,,,,,,,,,
2001-11-16,14.005,3.86059,89.8705,13037.2,,,,,,,,,,,,,
2001-11-19,13.98,3.93105,89.8705,13037.2,,,,,,,,,,,,,
2001-11-20,13.97,3.91531,89.8705,13037.2,,,,,,,,,,,,,
2001-11-21,13.975,3.91628,89.8705,13037.2,,,,,,,,,,,,,
2001-11-22,13.95,3.96449,89.8705,13037.2,,,,,,,,,,,,,
2001-11-23,13.9,4.16884,89.8705,13037.2,,,,,,,,,,,,,
2001-11-26,13.82,4.5141,89.8705,13037.2,,,,,,,,,,,,,
2001-11-27,13.815,3.94424,89.8705,13037.2,,,,,,,,,,,,,
2001-11-28,13.833,3.83289,89.8705,13037.2,,,,,,,,,,,,,
2001-11-29,13.843,3.85898,89.8705,13037.2,,,,,,,,,,,,,
2001-11-30,13.84,3.85336,89.8705,13037.2,,,,,,,,,,,,,
2001-12-03,13.845,3.69567,89.8705,13037.2,,,,,,,,,,,,,
2001-12-04,13.845,3.44578,89.8705,13037.2,,,,,,,,,,,,,
2001-12-05,13.892,3.47456,89.8705,13037.2,,,,,,,,,,,,,
2001-12-06,14.025,4.84185,89.8705,13037.2,,,,,,,,,,,,,
2001-12-07,14.01,4.80806,89.8705,13037.2,,,,,,,,,,,,,
2001-12-10,13.96,4.96014,89.8705,13037.2,,,,,,,,,,,,,
2001-12-11,13.95,4.92102,89.8705,13037.2,,,,,,,,,,,,,
2001-12-12,13.93,4.81273,89.8705,13037.2,,,,,,,,,,,,,
2001-12-13,13.87,5.00727,89.8705,13037.2,,,,,,,,,,,,,
2001-12-14,13.845,5.01775,89.8705,13037.2,,,,,,,,,,,,,
2001-12-17,13.883,5.12883,90.1993,13154.1,,,,,,,,,,,,,
2001-12-18,13.888,5.13282,90.1993,13154.1,,,,,,,,,,,,,
2001-12-19,13.885,5.12719,90.1993,13154.1,,,,,,,,,,,,,
2001-12-20,14.26,10.8226,90.1993,13154.1,,,,,,,,,,,,,
2001-12-21,14.55,12.5909,90.1993,13154.1,,,,,,,,,,,,,
2001-12-24,13.896,21.1728,90.1993,13154.1,,,,,,,,,,,,,
2001-12-26,13.948,21.2064,90.1993,13154.1,,,,,,,,,,,,,
2001-12-27,14.41,24.0803,90.1993,13154.1,,,,,,,,,,,,,
2001-12-28,14.75,25.2247,90.1993,13154.1,,,,,,,,,,,,,
2001-12-31,14.769,25.2036,90.1993,13154.1,,,,,,,,,,,,,
2002-01-02,14.785,25.1939,90.1993,13154.1,,,,,,,,,,,,,
2002-01-03,14.795,25.1833,90.1993,13154.1,,,,,,,,,,,,,
2002-01-04,14.805,25.2007,90.1993,13154.1,,,,,,,,,,,,,
2002-01-07,14.255,28.9523,90.1993,13154.1,,,,,,,,,,,,,
2002-01-08,14.029,29.5584,90.1993,13154.1,,,,,,,,,,,,,
2002-01-09,14.172,29.7346,90.1993,13154.1,,,,,,,,,,,,,
2002-01-10,14.263,29.7952,90.1993,13154.1,,,,,,,,,,,,,
2002-01-11,14.2,29.848,90.1993,13154.1,,,,,,,,,,,,,
2002-01-14,14.119,29.8851,90.3234,13501.4,,,,,,,,,,,,,
2002-01-15,14.097,29.8823,90.3234,13501.4,,,,,,,,,,,,,
2002-01-16,14.092,29.8772,90.3234,13501.4,,,,,,,,,,,,,
2002-01-17,14.099,29.877,90.3234,13501.4,,,,,,,,,,,,,
2002-01-18,14.18,29.9259,90.3234,13501.4,,,,,,,,,,,,,
2002-01-21,14.4,28.8981,90.3234,13501.4,,,,,,,,,,,,,
2002-01-22,14.665,28.7345,90.3234,13501.4,,,,,,,,,,,,,
2002-01-23,14.51,23.4122,90.3234,13501.4,,,,,,,,,,,,,
2002-01-24,14.29,24.2022,90.3234,13501.4,,,,,,,,,,,,,
2002-01-25,14.274,21.1748,90.3234,13501.4,,,,,,,,,,,,,
2002-01-28,14.27,19.2246,90.3234,13501.4,,,,,,,,,,,,,
2002-01-29,14.37,19.4453,90.3234,13501.4,,,,,,,,,,,,,
2002-01-30,14.295,19.4689,90.3234,13501.4,,,,,,,,,,,,,
2002-01-31,14.35,19.552,90.3234,13501.4,,,,,,,,,,,,,
2002-02-01,14.348,19.5419,90.3234,13501.4,,,,,,,,,,,,,
2002-02-04,14.351,14.0723,90.3234,13501.4,,,,,,,,,,,,,
2002-02-05,14.456,12.8663,90.3234,13501.4,,,,,,,,,,,,,
2002-02-06,14.492,12.465,90.3234,13501.4,,,,,,,,,,,,,
2002-02-07,14.415,12.5007,90.3234,13501.4,,,,,,,,,,,,,
2002-02-08,14.43,12.3631,90.3234,13501.4,,,,,,,,,,,,,
2002-02-13,14.45,12.1207,90.3234,13501.4,,,,,,,,,,,,,
2002-02-14,14.448,12.0889,91.0376,13590.1,,,,,,,,,,,,,
2002-02-15,14.567,12.3195,91.0376,13590.1,,,,,,,,,,,,,
2002-02-18,14.72,12.6959,91.0376,13590.1,,,,,,,,,,,,,
2002-02-19,14.905,13.1664,91.0376,13590.1,,,,,,,,,,,,,
2002-02-20,15.138,13.1815,91.0376,13590.1,,,,,,,,,,,,,
2002-02-21,14.967,12.6718,91.0376,13590.1,,,,,,,,,,,,,
2002-02-22,14.71,13.6711,91.0376,13590.1,,,,,,,,,,,,,
2002-02-25,14.72,12.3051,91.0376,13590.1,,,,,,,,,,,,,
2002-02-26,14.72,12.2801,91.0376,13590.1,,,,,,,,,,,,,
2002-02-27,14.84,12.4755,91.0376,13590.1,,,,,,,,,,,,,
2002-02-28,15,12.7431,91.0376,13590.1,,,,,,,,,,,,,
2002-03-01,15.09,12.5014,91.0376,13590.1,,,,,,,,,,,,,
2002-03-04,15.15,12.5031,91.0376,13590.1,,,,,,,,,,,,,
2002-03-05,15.111,12.6063,91.0376,13590.1,,,,,,,,,,,,,
2002-03-06,15.105,12.6234,91.0376,13590.1,,,,,,,,,,,,,
2002-03-07,15.12,12.5078,91.0376,13590.1,,,,,,,,,,,,,
2002-03-08,15.16,12.5083,91.0376,13590.1,,,,,,,,,,,,,
2002-03-11,15.285,12.3422,91.0376,13590.1,,,,,,,,,,,,,
2002-03-12,15.348,12.328,91.0376,13590.1,,,,,,,,,,,,,
2002-03-13,15.417,12.3204,91.0376,13590.1,,,,,,,,,,,,,
2002-03-14,15.363,12.4997,91.0376,13590.1,,,,,,,,,,,,,
2002-03-15,15.213,13.138,91.0376,13590.1,,,,,,,,,,,,,
2002-03-18,15.1,13.1787,91.5544,13594,,,,,,,,,,,,,
2002-03-19,15.07,12.5307,91.5544,13594,,,,,,,,,,,,,
2002-03-20,15.065,11.2147,91.5544,13594,,,,,,,,,,,,,
2002-03-21,14.955,10.7669,91.5544,13594,,,,,,,,,,,,,
2002-03-22,14.95,8.62674,91.5544,13594,,,,,,,,,,,,,
2002-03-25,15.114,9.34113,91.5544,13594,,,,,,,,,,,,,
2002-03-26,15.574,13.7845,91.5544,13594,,,,,,,,,,,,,
2002-03-27,15.65,13.6665,91.5544,13594,,,,,,,,,,,,,
2002-03-28,15.65,13.3536,91.5544,13594,,,,,,,,,,,,,
2002-04-01,15.62,13.3451,91.5544,13594,,,,,,,,,,,,,
2002-04-02,15.7,13.3766,91.5544,13594,,,,,,,,,,,,,
2002-04-03,15.71,13.286,91.5544,13594,,,,,,,,,,,,,
2002-04-04,15.8,13.3201,91.5544,13594,,,,,,,,,,,,,
2002-04-05,16.11,14.6326,91.5544,13594,,,,,,,,,,,,,
2002-04-08,16.24,14.7317,91.5544,13594,,,,,,,,,,,,,
2002-04-09,16.14,14.9967,91.5544,13594,,,,,,,,,,,,,
2002-04-10,16.11,15.0729,91.5544,13594,,,,,,,,,,,,,
2002-04-11,16.26,15.2542,91.5544,13594,,,,,,,,,,,,,
2002-04-12,16.41,15.2385,91.5544,13594,,,,,,,,,,,,,
2002-04-15,16.555,14.5306,91.2263,12325.5,,,,,,,,,,,,,
2002-04-16,16.595,13.8862,91.2263,12325.5,,,,,,,,,,,,,
2002-04-17,16.692,13.6607,91.2263,12325.5,,,,,,,,,,,,,
2002-04-18,16.847,13.5773,91.2263,12325.5,,,,,,,,,,,,,
2002-04-19,16.8,13.0917,91.2263,12325.5,,,,,,,,,,,,,
2002-04-23,16.78,13.1485,91.2263,12325.5,,,,,,,,,,,,,
2002-04-24,16.8,13.0975,91.2263,12325.5,,,,,,,,,,,,,
2002-04-25,16.975,9.56727,91.2263,12325.5,,,,,,,,,,,,,
2002-04-26,16.715,11.8512,91.2263,12325.5,,,,,,,,,,,,,
2002-04-29,16.425,13.9402,91.2263,12325.5,,,,,,,,,,,,,
2002-04-30,16.595,14.1097,91.2263,12325.5,,,,,,,,,,,,,
2002-05-02,16.87,14.8829,91.2263,12325.5,,,,,,,,,,,,,
2002-05-03,17.03,14.9787,91.2263,12325.5,,,,,,,,,,,,,
2002-05-06,17.1,14.9656,91.2263,12325.5,,,,,,,,,,,,,
2002-05-07,16.93,14.5688,91.2263,12325.5,,,,,,,,,,,,,
2002-05-08,17.01,14.448,91.2263,12325.5,,,,,,,,,,,,,
2002-05-09,16.892,14.5117,91.2263,12325.5,,,,,,,,,,,,,
2002-05-10,16.97,14.4486,91.2263,12325.5,,,,,,,,,,,,,
2002-05-13,17.002,14.2328,91.2263,12325.5,,,,,,,,,,,,,
2002-05-14,17.259,14.7504,91.2263,12325.5,,,,,,,,,,,,,
2002-05-15,17.267,14.5757,90.5894,10652.4,,,,,,,,,,,,,
2002-05-16,17.277,14.5851,90.5894,10652.4,,,,,,,,,,,,,
2002-05-17,17.287,14.5219,90.5894,10652.4,,,,,,,,,,,,,
2002-05-20,17.307,14.2498,90.5894,10652.4,,,,,,,,,,,,,
2002-05-21,17.342,14.1665,90.5894,10652.4,,,,,,,,,,,,,
2002-05-22,17.367,14.1287,90.5894,10652.4,,,,,,,,,,,,,
2002-05-23,17.372,14.1368,90.5894,10652.4,,,,,,,,,,,,,
2002-05-27,17.226,14.1796,90.5894,10652.4,,,,,,,,,,,,,
2002-05-28,16.891,14.8767,90.5894,10652.4,,,,,,,,,,,,,
2002-05-29,16.707,13.9788,90.5894,10652.4,,,,,,,,,,,,,
2002-05-30,16.601,13.7346,90.5894,10652.4,,,,,,,,,,,,,
2002-05-31,16.563,12.2993,90.5894,10652.4,,,,,,,,,,,,,
2002-06-03,16.663,11.9729,90.5894,10652.4,,,,,,,,,,,,,
2002-06-04,16.941,13.4163,90.5894,10652.4,,,,,,,,,,,,,
2002-06-05,17.198,13.9917,90.5894,10652.4,,,,,,,,,,,,,
2002-06-06,17.356,14.2428,90.5894,10652.4,,,,,,,,,,,,,
2002-06-07,17.286,14.0628,90.5894,10652.4,,,,,,,,,,,,,
2002-06-10,17.286,14.0076,90.5894,10652.4,,,,,,,,,,,,,
2002-06-11,17.37,14.074,90.5894,10652.4,,,,,,,,,,,,,
2002-06-13,17.43,13.1224,90.5894,10652.4,,,,,,,,,,,,,
2002-06-14,17.41,13.1353,90.5582,9972.92,,,,,,,,,,,,,
2002-06-17,17.262,13.5131,90.5582,9972.92,,,,,,,,,,,,,
2002-06-18,17.184,13.6033,90.5582,9972.92,,,,,,,,,,,,,
2002-06-20,19.01,38.4617,90.5582,9972.92,,,,,,,,,,,,,
2002-06-21,19.109,38.449,90.5582,9972.92,,,,,,,,,,,,,
2002-06-24,18.829,39.0648,90.5582,9972.92,,,,,,,,,,,,,
2002-06-25,18.499,39.8075,90.5582,9972.92,,,,,,,,,,,,,
2002-06-26,18.572,39.5716,90.5582,9972.92,,,,,,,,,,,,,
2002-06-27,18.732,38.6145,90.5582,9972.92,,,,,,,,,,,,,
2002-06-28,18.51,38.6696,90.5582,9972.92,,,,,,,,,,,,,
2002-07-01,18.885,38.7657,90.5582,9972.92,,,,,,,,,,,,,
2002-07-02,19.075,38.6437,90.5582,9972.92,,,,,,,,,,,,,
2002-07-03,19.34,38.7145,90.5582,9972.92,,,,,,,,,,,,,
2002-07-04,19.89,39.2836,90.5582,9972.92,,,,,,,,,,,,,
2002-07-05,19.91,39.2666,90.5582,9972.92,,,,,,,,,,,,,
2002-07-08,19.76,39.6101,90.5582,9972.92,,,,,,,,,,,,,
2002-07-09,20.09,39.5589,90.5582,9972.92,,,,,,,,,,,,,
2002-07-10,21.515,44.9443,90.5582,9972.92,,,,,,,,,,,,,
2002-07-11,24.862,65.2271,90.5582,9972.92,,,,,,,,,,,,,
2002-07-12,23.762,68.8513,90.5582,9972.92,,,,,,,,,,,,,
2002-07-15,23.41,69.4639,89.6231,8493.59,,,,,,,,,,,,,
2002-07-16,23.01,69.9187,89.6231,8493.59,,,,,,,,,,,,,
2002-07-17,23.11,69.6712,89.6231,8493.59,,,,,,,,,,,,,
2002-07-19,23.86,62.2614,89.6231,8493.59,,,,,,,,,,,,,
2002-07-22,25.025,63.5164,89.6231,8493.59,,,,,,,,,,,,,
2002-07-23,26.79,65.4163,89.6231,8493.59,,,,,,,,,,,,,
2002-07-24,25.535,68.4014,89.6231,8493.59,,,,,,,,,,,,,
2002-07-25,25.038,69.463,89.6231,8493.59,,,,,,,,,,,,,
2002-07-26,25.038,69.6337,89.6231,8493.59,,,,,,,,,,,,,
2002-07-29,25.125,69.0709,89.6231,8493.59,,,,,,,,,,,,,
2002-07-30,25.125,69.2535,89.6231,8493.59,,,,,,,,,,,,,
2002-07-31,25.125,69.4262,89.6231,8493.59,,,,,,,,,,,,,
2002-08-01,25.125,69.5981,89.6231,8493.59,,,,,,,,,,,,,
2002-08-02,25.125,69.5106,89.6231,8493.59,,,,,,,,,,,,,
2002-08-05,22.7,80.2865,89.6231,8493.59,,,,,,,,,,,,,
2002-08-06,24.2,82.6013,89.6231,8493.59,,,,,,,,,,,,,
2002-08-08,25,82.9596,89.6231,8493.59,,,,,,,,,,,,,
2002-08-09,25.287,80.1294,89.6231,8493.59,,,,,,,,,,,,,
2002-08-12,25.785,62.1496,89.6231,8493.59,,,,,,,,,,,,,
2002-08-13,25.924,59.6097,89.6231,8493.59,,,,,,,,,,,,,
2002-08-14,26.174,59.1919,90.0644,7682.85,,,,,,,,,,,,,
2002-08-15,26.923,59.0669,90.0644,7682.85,,,,,,,,,,,,,
2002-08-16,27.722,59.5302,90.0644,7682.85,,,,,,,,,,,,,
2002-08-19,27.972,58.9166,90.0644,7682.85,,,,,,,,,,,,,
2002-08-20,27.772,57.2039,90.0644,7682.85,,,,,,,,,,,,,
2002-08-21,27.472,52.3414,90.0644,7682.85,,,,,,,,,,,,,
2002-08-22,27.073,49.4389,90.0644,7682.85,,,,,,,,,,,,,
2002-08-23,26.923,48.8345,90.0644,7682.85,,,,,,,,,,,,,
2002-08-26,26.823,48.889,90.0644,7682.85,,,,,,,,,,,,,
2002-08-27,27.472,49.4258,90.0644,7682.85,,,,,,,,,,,,,
2002-08-28,28.022,49.6884,90.0644,7682.85,,,,,,,,,,,,,
2002-08-29,28.671,50.0185,90.0644,7682.85,,,,,,,,,,,,,
2002-08-30,28.821,49.9615,90.0644,7682.85,,,,,,,,,,,,,
2002-09-02,29.021,49.8957,90.0644,7682.85,,,,,,,,,,,,,
2002-09-03,29.22,29.0596,90.0644,7682.85,,,,,,,,,,,,,
2002-09-04,29.57,21.832,90.0644,7682.85,,,,,,,,,,,,,
2002-09-05,30.27,20.8003,90.0644,7682.85,,,,,,,,,,,,,
2002-09-06,31.15,21.8764,90.0644,7682.85,,,,,,,,,,,,,
2002-09-09,31.83,22.0038,90.0644,7682.85,,,,,,,,,,,,,
2002-09-10,32.375,22.0287,90.0644,7682.85,,,,,,,,,,,,,
2002-09-11,31.227,27.6906,90.0644,7682.85,,,,,,,,,,,,,
2002-09-12,29.478,35.411,90.0644,7682.85,,,,,,,,,,,,,
2002-09-13,28.571,36.3114,90.0644,7682.85,,,,,,,,,,,,,
2002-09-16,27.975,37.0513,91.0501,6367.16,,,,,,,,,,,,,
2002-09-17,27.475,37.5279,91.0501,6367.16,,,,,,,,,,,,,
2002-09-18,27.575,37.3514,91.0501,6367.16,,,,,,,,,,,,,
2002-09-19,29.22,42.1131,91.0501,6367.16,,,,,,,,,,,,,
2002-09-20,28.27,44.0128,91.0501,6367.16,,,,,,,,,,,,,
2002-09-23,27.77,44.5573,91.0501,6367.16,,,,,,,,,,,,,
2002-09-24,27.52,43.913,91.0501,6367.16,,,,,,,,,,,,,
2002-09-25,27.17,43.4933,91.0501,6367.16,,,,,,,,,,,,,
2002-09-26,27.37,42.6766,91.0501,6367.16,,,,,,,,,,,,,
2002-09-27,27.47,42.6434,91.0501,6367.16,,,,,,,,,,,,,
2002-09-30,27.02,42.7754,91.0501,6367.16,,,,,,,,,,,,,
2002-10-01,27.17,42.736,91.0501,6367.16,,,,,,,,,,,,,
2002-10-02,27.12,42.3497,91.0501,6367.16,,,,,,,,,,,,,
2002-10-03,27.17,41.1526,91.0501,6367.16,,,,,,,,,,,,,
2002-10-04,27.37,39.4737,91.0501,6367.16,,,,,,,,,,,,,
2002-10-07,27.42,38.2132,91.0501,6367.16,,,,,,,,,,,,,
2002-10-08,27.47,37.2956,91.0501,6367.16,,,,,,,,,,,,,
2002-10-09,27.57,35.9993,91.0501,6367.16,,,,,,,,,,,,,
2002-10-10,27.52,30.4517,91.0501,6367.16,,,,,,,,,,,,,
2002-10-11,27.27,28.7357,91.0501,6367.16,,,,,,,,,,,,,
2002-10-14,26.52,29.4183,91.0501,6367.16,,,,,,,,,,,,,
2002-10-15,26.77,29.1275,91.8898,5932.67,,,,,,,,,,,,,
2002-10-16,26.67,29.0794,91.8898,5932.67,,,,,,,,,,,,,
2002-10-17,26.42,18.766,91.8898,5932.67,,,,,,,,,,,,,
2002-10-18,26.62,16.0661,91.8898,5932.67,,,,,,,,,,,,,
2002-10-21,26.92,15.8151,91.8898,5932.67,,,,,,,,,,,,,
2002-10-22,26.92,15.571,91.8898,5932.67,,,,,,,,,,,,,
2002-10-23,26.67,15.2711,91.8898,5932.67,,,,,,,,,,,,,
2002-10-24,26.67,14.9636,91.8898,5932.67,,,,,,,,,,,,,
2002-10-25,26.72,14.899,91.8898,5932.67,,,,,,,,,,,,,
2002-10-28,26.72,13.7859,91.8898,5932.67,,,,,,,,,,,,,
2002-10-29,26.765,13.6269,91.8898,5932.67,,,,,,,,,,,,,
2002-10-30,26.97,13.9376,91.8898,5932.67,,,,,,,,,,,,,
2002-10-31,27.07,13.9906,91.8898,5932.67,,,,,,,,,,,,,
2002-11-01,26.91,13.8365,91.8898,5932.67,,,,,,,,,,,,,
2002-11-04,26.91,13.8049,91.8898,5932.67,,,,,,,,,,,,,
2002-11-05,26.91,13.7717,91.8898,5932.67,,,,,,,,,,,,,
2002-11-06,26.86,13.6626,91.8898,5932.67,,,,,,,,,,,,,
2002-11-07,26.91,13.7065,91.8898,5932.67,,,,,,,,,,,,,
2002-11-08,26.85,13.3873,91.8898,5932.67,,,,,,,,,,,,,
2002-11-11,26.9,8.76241,91.8898,5932.67,,,,,,,,,,,,,
2002-11-12,26.9,8.14189,91.8898,5932.67,,,,,,,,,,,,,
2002-11-13,26.96,8.02938,91.8898,5932.67,,,,,,,,,,,,,
2002-11-14,27.01,7.12059,91.5144,5905.63,,,,,,,,,,,,,
2002-11-15,27.11,6.78228,91.5144,5905.63,,,,,,,,,,,,,
2002-11-18,27.21,5.70833,91.5144,5905.63,,,,,,,,,,,,,
2002-11-19,27.51,6.79528,91.5144,5905.63,,,,,,,,,,,,,
2002-11-20,27.66,5.73229,91.5144,5905.63,,,,,,,,,,,,,
2002-11-21,27.57,5.98105,91.5144,5905.63,,,,,,,,,,,,,
2002-11-22,27.52,6.10557,91.5144,5905.63,,,,,,,,,,,,,
2002-11-25,27.42,6.3539,91.5144,5905.63,,,,,,,,,,,,,
2002-11-26,27.22,7.04664,91.5144,5905.63,,,,,,,,,,,,,
2002-11-27,27.17,6.62603,91.5144,5905.63,,,,,,,,,,,,,
2002-11-28,27.22,6.53418,91.5144,5905.63,,,,,,,,,,,,,
2002-11-29,27.37,6.35117,91.5144,5905.63,,,,,,,,,,,,,
2002-12-02,27.12,7.28075,91.5144,5905.63,,,,,,,,,,,,,
2002-12-03,27.27,7.5016,91.5144,5905.63,,,,,,,,,,,,,
2002-12-04,27.27,7.44745,91.5144,5905.63,,,,,,,,,,,,,
2002-12-05,27.27,7.4402,91.5144,5905.63,,,,,,,,,,,,,
2002-12-06,27.22,7.42101,91.5144,5905.63,,,,,,,,,,,,,
2002-12-09,27.22,7.41128,91.5144,5905.63,,,,,,,,,,,,,
2002-12-10,27.27,7.42048,91.5144,5905.63,,,,,,,,,,,,,
2002-12-11,27.32,7.41087,91.5144,5905.63,,,,,,,,,,,,,
2002-12-12,27.27,7.44775,91.5144,5905.63,,,,,,,,,,,,,
2002-12-13,27.27,7.35096,91.5144,5905.63,,,,,,,,,,,,,
2002-12-16,27.27,7.24128,91.4286,5947.6,,,,,,,,,,,,,
2002-12-17,27.32,6.05378,91.4286,5947.6,,,,,,,,,,,,,
2002-12-18,27.27,5.67035,91.4286,5947.6,,,,,,,,,,,,,
2002-12-20,27.22,5.60763,91.4286,5947.6,,,,,,,,,,,,,
2002-12-23,27.02,6.0889,91.4286,5947.6,,,,,,,,,,,,,
2002-12-24,27.07,6.07499,91.4286,5947.6,,,,,,,,,,,,,
2002-12-26,27.07,5.5398,91.4286,5947.6,,,,,,,,,,,,,
2002-12-27,27.27,6.12705,91.4286,5947.6,,,,,,,,,,,,,
2002-12-30,27.17,6.24096,91.4286,5947.6,,,,,,,,,,,,,
2002-12-31,27.22,5.93418,91.4286,5947.6,,,,,,,,,,,,,
2003-01-02,27.37,5.26254,91.4286,5947.6,-0.929455,,4,0.10759,-1.9665,0.733185,-0.518005,-0.203549,-3.72945,,,,
2003-01-03,27.68,6.29005,91.4286,5947.6,-0.656059,,4,0.654382,-1.9665,1.70872,-0.399951,-0.203549,-3.72945,,,,
2003-01-07,28.225,9.14369,91.4286,5947.6,-0.268618,,4,1.33948,-1.87672,2.75104,-0.0720838,-0.203549,-3.54988,,,,
2003-01-08,28.22,9.14833,91.4286,5947.6,-0.160062,,4,1.47506,-1.79518,3.02166,-0.0715509,-0.203549,-3.38681,,,,
2003-01-09,28.225,9.07241,91.4286,5947.6,-0.207551,,4,1.38001,-1.79511,2.8403,-0.080274,-0.203549,-3.38668,,,,
2003-01-10,28.17,9.15019,91.4286,5947.6,-0.369754,,4,1.05547,-1.79498,2.18228,-0.0713377,-0.203549,-3.38641,,,,
2003-01-13,28.17,9.17016,91.4286,5947.6,-0.603915,,4,0.575291,-1.78312,1.21962,-0.0690425,-0.203549,-3.36269,,,,
2003-01-14,27.92,9.90194,91.3824,6050.58,-1.04354,,4,-0.582003,-1.50507,-1.16023,-0.00377512,-0.286347,-2.7238,,,,
2003-01-15,27.62,10.73,91.3824,6050.58,-1.23778,,4,-0.970484,-1.50507,-2.02788,0.0869121,-0.286347,-2.7238,,,,
2003-01-16,27.575,10.7585,91.3824,6050.58,-1.0185,,4,-1.05174,-0.985264,-2.16058,0.0571081,-1.78165,-0.18888,,,,
2003-01-17,27.575,10.7585,91.3824,6050.58,-0.973975,,4,-0.986536,-0.961413,-1.98706,0.0139925,-1.73395,-0.18888,,,,
2003-01-20,27.575,10.7493,91.3824,6050.58,-0.964664,,4,-0.985308,-0.94402,-1.97172,0.00110652,-1.69916,-0.18888,,,,
2003-01-21,27.625,10.7238,91.3824,6050.58,-0.743862,,4,-0.543705,-0.94402,-1.08559,-0.00181899,-1.69916,-0.18888,,,,
2003-01-22,27.475,10.9096,91.3824,6050.58,-0.629347,,4,-0.314673,-0.94402,-0.647233,0.0178868,-1.69916,-0.18888,,,,
2003-01-23,27.325,10.7481,91.3824,6050.58,-0.71092,,4,-0.477821,-0.94402,-0.954975,-0.00066627,-1.69916,-0.18888,,,,
2003-01-24,27.625,11.3572,91.3824,6050.58,-0.461715,,4,0.0012774,-0.924707,-0.0662332,0.068788,-1.66053,-0.18888,,,,
2003-01-27,27.475,11.5839,91.3824,6050.58,-0.55301,,4,-0.207521,-0.898499,-0.509391,0.0943483,-1.60812,-0.18888,,,,
2003-01-28,27.525,11.3281,91.3824,6050.58,-0.556307,,4,-0.222873,-0.88974,-0.508855,0.0631085,-1.5906,-0.18888,,,,
2003-01-29,27.775,11.6076,91.3824,6050.58,-0.252578,,4,0.378885,-0.884042,0.665746,0.0920239,-1.5792,-0.18888,,,,
2003-01-30,28.075,12.1024,91.3824,6050.58,0.0891748,15.5652,4,1.05855,-0.8802,1.97268,0.144423,-1.5702,-0.190196,2.82133,-0.455861,-14.276,-22.5243
2003-01-31,28.4,12.543,91.3824,6050.58,0.106968,17.7003,4,1.09481,-0.880871,1.99865,0.190959,-1.5702,-0.191538,3.802,0.0433093,-15.6121,-20.5329
2003-02-03,28.15,12.5715,91.3824,6050.58,0.0363164,19.2251,4,0.953511,-0.880879,1.7145,0.192525,-1.5702,-0.191553,3.86508,0.477133,-16.8529,-18.2642
2003-02-04,28.53,11.5143,91.3824,6050.58,0.233987,20.3808,4,1.34885,-0.880879,2.62755,0.0701506,-1.5702,-0.191553,3.81526,0.587348,-18.0434,-15.9784
2003-02-05,28.62,11.5474,91.3824,6050.58,0.113463,21.0267,4,1.1078,-0.880879,2.14895,0.0666636,-1.5702,-0.191553,3.18827,0.693368,-19.1607,-13.6942
2003-02-06,28.42,11.8685,91.3824,6050.58,-0.233521,20.9649,4,0.413837,-0.880879,0.7342,0.0934736,-1.5702,-0.191553,1.62238,0.822044,-20.1656,-11.3139
2003-02-07,28.42,11.8386,91.3824,6050.58,-0.461651,20.7469,4,-0.0424242,-0.880879,-0.171009,0.086161,-1.5702,-0.191553,-0.125182,0.937255,-21.1409,-8.9243
2003-02-10,28.47,11.8464,91.3824,6050.58,-0.255411,21.5806,4,0.370056,-0.880879,0.655986,0.0841258,-1.5702,-0.191553,-0.546853,1.05824,-22.3107,-6.62002
2003-02-11,28.67,11.5057,91.3824,6050.58,-0.393542,23.1864,4,0.0937944,-0.880879,0.14605,0.0415387,-1.5702,-0.191553,0.433779,1.10589,-23.5638,-4.78945
2003-02-12,28.67,10.5986,91.3824,6050.58,-0.481525,25.1356,4,-0.0821722,-0.880879,-0.10166,-0.0626842,-1.5702,-0.191553,1.91603,1.00647,-24.8723,-2.91465
2003-02-13,28.67,10.5429,91.3824,6050.58,-0.346761,26.937,4,0.187357,-0.880879,0.443795,-0.0690816,-1.5702,-0.191553,3.95631,0.920041,-24.9897,-2.94968
2003-02-14,28.62,10.6037,91.1003,6188.45,-0.286456,28.8455,4,0.119851,-0.692763,0.3018,-0.0620976,-2.01349,0.627966,5.79144,0.870243,-25.475,-2.34125
2003-02-17,28.47,10.8862,91.1003,6188.45,-0.227216,30.9607,4,-0.139683,-0.314749,-0.249731,-0.0296354,-1.42361,0.794116,7.21443,0.854939,-25.5212,-1.58752
2003-02-18,28.42,10.9504,91.1003,6188.45,-0.397923,31.9757,4,-0.478282,-0.317564,-0.934307,-0.0222578,-1.42361,0.788486,7.36693,0.84251,-25.4161,-0.817604
2003-02-19,28.27,10.9379,91.1003,6188.45,-0.507267,32.3372,4,-0.680286,-0.334248,-1.33687,-0.0237017,-1.42361,0.755118,6.829,0.810674,-25.2353,-0.0672212
2003-02-20,28.32,10.6296,91.1003,6188.45,-0.488559,32.9999,4,-0.625797,-0.35132,-1.19248,-0.0591181,-1.42361,0.720973,6.6577,0.766182,-25.0829,0.658976
2003-02-21,28.32,10.0779,91.1003,6188.45,-0.468871,32.9785,4,-0.58823,-0.349512,-1.05396,-0.122505,-1.40698,0.707959,5.86866,0.613413,-24.8784,1.37485
2003-02-24,28.37,9.76346,91.1003,6188.45,-0.340205,33.6176,4,-0.336563,-0.343846,-0.514492,-0.158634,-1.39073,0.703042,5.87908,0.412479,-24.7659,2.09201
2003-02-25,28.47,9.78707,91.1003,6188.45,-0.238141,34.582,4,-0.132436,-0.343846,-0.108949,-0.155922,-1.39073,0.703042,6.22091,0.238035,-24.6925,2.81564
2003-02-26,28.52,9.39481,91.1003,6188.45,-0.115071,35.002,4,0.113705,-0.343846,0.428399,-0.200989,-1.39073,0.703042,6.03906,0.00272961,-24.5768,3.53704
2003-02-27,28.53,8.71225,91.1003,6188.45,-0.153951,34.2607,4,0.0193263,-0.327229,0.318065,-0.279412,-1.3575,0.703042,4.69618,-0.337256,-24.3426,4.24439
2003-02-28,28.52,7.74246,91.1003,6188.45,-0.180455,33.3922,4,-0.0498574,-0.311054,0.29112,-0.390835,-1.32515,0.703042,3.31577,-0.801352,-24.0682,4.94599
2003-03-05,28.53,6.96555,91.1003,6188.45,-0.230755,32.5931,4,-0.151792,-0.309717,0.176514,-0.480098,-1.32248,0.703042,2.07948,-1.33494,-23.7949,5.64344
2003-03-06,28.48,5.12369,91.1003,6188.45,-0.383633,30.7758,4,-0.458549,-0.308716,-0.228744,-0.688355,-1.32047,0.703042,-0.19558,-1.92431,-23.411,6.30667
2003-03-07,28.53,5.02983,91.1003,6188.45,-0.377111,29.3649,4,-0.459865,-0.294356,-0.228791,-0.690938,-1.29175,0.703042,-2.06182,-2.5063,-23.0335,6.96654
2003-03-10,28.63,4.48407,91.1003,6188.45,-0.324155,29.1076,4,-0.367703,-0.280608,0.00650515,-0.741911,-1.26426,0.703042,-2.62992,-3.1583,-22.7633,7.65914
2003-03-11,28.62,4.48958,91.1003,6188.45,-0.32437,29.4978,4,-0.366393,-0.282347,0.0040378,-0.736824,-1.26426,0.699564,-2.49755,-3.81139,-22.568,8.37469
2003-03-12,28.62,4.45977,91.1003,6188.45,-0.332622,29.278,4,-0.381175,-0.284069,-0.0229067,-0.739443,-1.26426,0.69612,-3.02778,-4.45375,-22.3028,9.06232
2003-03-13,28.67,3.7386,91.1003,6188.45,-0.288019,29.5786,4,-0.286476,-0.289561,0.244904,-0.817856,-1.26426,0.685135,-2.95463,-5.13621,-22.096,9.76535
2003-03-14,28.68,3.74065,91.1003,6188.45,-0.312011,30.0643,4,-0.329139,-0.294883,0.136437,-0.794714,-1.26426,0.674491,-2.77402,-5.72541,-21.9075,10.4712
2003-03-17,28.73,3.79034,91.2357,6110.22,-0.389961,29.9402,4,-0.382975,-0.396947,0.00138795,-0.767337,-1.07541,0.281519,-3.12083,-6.27197,-21.5046,10.8375
2003-03-18,28.78,3.76649,91.2357,6110.22,-0.348031,29.7636,4,-0.299116,-0.396947,0.161883,-0.760115,-1.07541,0.281519,-3.22825,-6.81589,-20.7478,10.5555
2003-03-19,28.73,3.25316,91.2357,6110.22,-0.39192,29.2938,4,-0.386893,-0.396947,0.0282383,-0.802023,-1.07541,0.281519,-3.00243,-7.40635,-20.4257,10.1283
2003-03-20,28.68,3.25173,91.2357,6110.22,-0.458216,29.1227,4,-0.519484,-0.396947,-0.239344,-0.799625,-1.07541,0.281519,-2.45463,-8.00971,-20.1347,9.72177
2003-03-21,28.73,2.46661,91.2357,6110.22,-0.475308,29.2134,4,-0.504155,-0.44646,-0.131105,-0.877205,-0.955642,0.0627223,-1.50945,-8.68328,-19.7768,9.18287
2003-03-24,28.68,2.59653,91.2357,6110.22,-0.53305,29.0872,4,-0.61964,-0.44646,-0.398861,-0.840418,-0.955642,0.0627223,-0.886019,-9.29047,-19.397,8.66065
2003-03-25,28.83,3.04905,91.2357,6110.22,-0.448689,29.1444,4,-0.450918,-0.44646,-0.13157,-0.770266,-0.955642,0.0627223,-0.162616,-9.8014,-19.0486,8.15697
2003-03-26,28.93,3.17064,91.2357,6110.22,-0.328544,29.1775,4,-0.242907,-0.414181,0.267044,-0.752858,-0.891084,0.0627223,0.450619,-10.2693,-18.6597,7.6559
2003-03-27,28.88,3.16002,91.2357,6110.22,-0.312117,28.968,4,-0.240699,-0.383535,0.267516,-0.748913,-0.829792,0.0627223,0.745223,-10.7231,-18.1999,7.14574
2003-03-28,28.88,3.14479,91.2357,6110.22,-0.343298,28.3261,4,-0.305484,-0.381111,0.132945,-0.743913,-0.824945,0.0627223,0.511891,-11.1109,-17.6962,6.6213
2003-03-31,28.93,3.16673,91.2357,6110.22,-0.274589,27.9896,4,-0.168066,-0.381111,0.399774,-0.735906,-0.824945,0.0627223,0.574665,-11.4464,-17.2485,6.10986
2003-04-01,29.03,3.28533,91.2357,6110.22,-0.30475,27.645,4,-0.228388,-0.381111,0.264053,-0.72083,-0.824945,0.0627223,0.552496,-11.6812,-16.8261,5.59979
2003-04-02,28.93,3.62686,91.2357,6110.22,-0.429296,27.0988,4,-0.477975,-0.380616,-0.26758,-0.688369,-0.824945,0.0637121,0.20623,-11.8063,-16.3874,5.08627
2003-04-03,28.68,4.86801,91.2357,6110.22,-0.534533,26.6873,4,-0.68896,-0.380106,-0.803204,-0.574715,-0.824945,0.0647336,-0.238864,-11.6896,-15.9641,4.5799
2003-04-04,28.53,5.22123,91.2357,6110.22,-0.627204,26.0124,4,-0.874462,-0.379945,-1.20655,-0.54237,-0.824945,0.0650539,-0.991483,-11.5269,-15.5385,4.0693
2003-04-07,28.48,5.08553,91.2357,6110.22,-0.695562,25.0265,4,-1.01134,-0.379784,-1.46788,-0.554797,-0.824945,0.0653773,-2.11438,-11.3106,-15.1036,3.55516
2003-04-08,28.43,5.11319,91.2357,6110.22,-0.7934,23.8104,4,-1.20702,-0.379784,-1.86177,-0.552264,-0.824945,0.0653773,-3.51371,-11.0759,-14.6437,3.0438
2003-04-09,28.68,6.04783,91.2357,6110.22,-0.535769,23.2939,4,-0.691755,-0.379784,-0.916832,-0.466677,-0.824945,0.0653773,-4.17687,-10.828,-14.2564,2.55515
2003-04-10,28.54,6.2642,91.2357,6110.22,-0.458075,22.8664,4,-0.536365,-0.379784,-0.625866,-0.446864,-0.824945,0.0653773,-4.82023,-10.5135,-13.8794,2.07956
2003-04-11,28.49,6.28298,91.2357,6110.22,-0.390578,22.6704,4,-0.401371,-0.379784,-0.357598,-0.445145,-0.824945,0.0653773,-5.18505,-10.2345,-13.5278,1.61775
2003-04-14,28.49,6.23696,90.6434,6011.78,-0.667244,21.9862,4,-0.336479,-0.99801,-0.223599,-0.449358,-1.53842,-0.457603,-5.32576,-9.94146,-13.8021,1.05546
2003-04-15,28.54,6.23764,90.6434,6011.78,-0.725708,21.0736,4,-0.204847,-1.24657,0.0396028,-0.449296,-1.48284,-1.0103,-5.37665,-9.6357,-14.0012,0.0871998
2003-04-16,28.54,6.21934,90.6434,6011.78,-0.895998,19.8909,4,-0.545427,-1.24657,-0.639883,-0.450972,-1.48284,-1.0103,-5.81228,-9.27731,-14.1555,-0.864052
2003-04-17,28.54,6.19766,90.6434,6011.78,-0.80155,19.1087,4,-0.356531,-1.24657,-0.260104,-0.452958,-1.48284,-1.0103,-5.78483,-8.95613,-14.3492,-1.8011
2003-04-21,28.49,6.1732,90.6434,6011.78,-0.780923,18.4286,4,-0.3537,-1.20815,-0.252204,-0.455197,-1.45996,-0.956334,-5.83398,-8.5901,-14.6191,-2.52826
2003-04-22,28.63,6.42959,90.6434,6011.78,-0.63234,18.2109,4,-0.15174,-1.11294,0.128239,-0.43172,-1.32351,-0.902368,-5.43958,-8.27531,-14.853,-3.22119
2003-04-23,28.73,6.26762,90.6434,6011.78,-0.578314,17.9292,4,-0.0958452,-1.06078,0.254861,-0.446551,-1.2192,-0.902368,-5.14488,-8.01763,-15,-3.90831
2003-04-24,28.88,6.43037,90.6434,6011.78,-0.473717,17.6169,4,0.109948,-1.05738,0.651544,-0.431648,-1.2124,-0.902368,-4.8514,-7.76022,-15.1818,-4.58966
2003-04-25,29.03,6.65989,90.6434,6011.78,-0.369832,17.4937,4,0.317718,-1.05738,1.04607,-0.41063,-1.2124,-0.902368,-4.28573,-7.50699,-15.4367,-5.2769
2003-04-28,29.18,6.8809,90.6434,6011.78,-0.233122,17.7293,4,0.591139,-1.05738,1.57267,-0.390392,-1.2124,-0.902368,-3.25966,-7.27128,-15.7545,-5.98519
2003-04-29,29.38,7.22955,90.6434,6011.78,-0.19042,17.9107,4,0.676543,-1.05738,1.71155,-0.358465,-1.2124,-0.902368,-2.31938,-7.01281,-16.0642,-6.69296
2003-04-30,29.43,7.16998,90.6434,6011.78,-0.231888,18.0686,4,0.593606,-1.05738,1.55113,-0.36392,-1.2124,-0.902368,-1.39299,-6.76638,-16.3706,-7.40145
2003-05-02,29.03,8.70808,90.6434,6011.78,-0.551582,17.8041,4,-0.0480124,-1.05515,0.12705,-0.223074,-1.2124,-0.897904,-1.10472,-6.41238,-16.6047,-8.07413
2003-05-05,29.28,8.53396,90.6434,6011.78,-0.490516,17.899,4,0.0719093,-1.05294,0.382838,-0.23902,-1.2124,-0.893484,-0.250152,-6.17658,-16.9008,-8.77348
2003-05-06,29.49,8.45781,90.6434,6011.78,-0.451193,18.2819,4,0.143506,-1.04589,0.533003,-0.245992,-1.2124,-0.879384,1.00883,-5.98637,-17.2483,-9.49228
2003-05-07,29.59,8.37946,90.6434,6011.78,-0.513464,18.6833,4,0.0121316,-1.03906,0.27743,-0.253167,-1.2124,-0.865723,2.28217,-5.79123,-17.5999,-10.2078
2003-05-08,29.54,8.37566,90.6434,6011.78,-0.578369,19.1643,4,-0.117678,-1.03906,0.0181592,-0.253515,-1.2124,-0.865723,3.66651,-5.60021,-17.9658,-10.9362
2003-05-09,29.19,9.30028,90.6434,6011.78,-0.523274,19.1924,4,-0.00748855,-1.03906,0.153869,-0.168846,-1.2124,-0.865723,4.45004,-5.38405,-18.2539,-11.6197
2003-05-12,29.19,9.0563,90.6434,6011.78,-0.693508,18.6657,4,-0.347955,-1.03906,-0.504723,-0.191188,-1.2124,-0.865723,4.5153,-5.17053,-18.442,-12.2371
2003-05-13,29.345,9.1046,90.6434,6011.78,-0.72796,17.9267,4,-0.41686,-1.03906,-0.646955,-0.186765,-1.2124,-0.865723,4.27263,-4.94531,-18.5833,-12.8173
2003-05-14,29.395,9.08797,90.6434,6011.78,-0.759699,17.7275,4,-0.480338,-1.03906,-0.772388,-0.188288,-1.2124,-0.865723,3.86849,-4.74696,-18.3097,-13.0844
2003-05-15,29.34,9.16872,91.2639,5979.79,-0.646858,17.8973,4,-0.477841,-0.815875,-0.774789,-0.180893,-0.601217,-1.03053,3.28787,-4.56181,-17.7064,-13.1224
2003-05-16,29.44,9.18023,91.2639,5979.79,-0.350677,19.0999,4,0.0997359,-0.80109,0.379311,-0.17984,-0.601217,-1.00096,4.07206,-4.41928,-17.2779,-13.2751
2003-05-19,29.54,9.18309,91.2639,5979.79,-0.279338,20.2967,4,0.227631,-0.786306,0.634839,-0.179578,-0.601217,-0.971395,4.77839,-4.26683,-16.8201,-13.3948
2003-05-20,29.59,9.09112,91.2639,5979.79,-0.453894,21.0686,4,0.0876001,-0.995387,0.363199,-0.187999,-0.323367,-1.66741,5.26812,-4.09702,-16.0887,-14.0138
2003-05-21,29.44,9.34038,91.2639,5979.79,-0.575886,21.2035,4,-0.156384,-0.995387,-0.147594,-0.165175,-0.323367,-1.66741,5.06887,-3.90334,-15.3628,-14.5992
2003-05-22,29.185,9.95953,91.2639,5979.79,-0.690316,20.9363,4,-0.385245,-0.995387,-0.662012,-0.108478,-0.323367,-1.66741,4.37656,-3.64345,-14.6628,-15.1341
2003-05-23,29.185,9.82349,91.2639,5979.79,-0.754297,20.2755,4,-0.513207,-0.995387,-0.90548,-0.120935,-0.323367,-1.66741,3.20185,-3.39304,-13.9218,-15.6115
2003-05-26,29.035,9.85875,91.2639,5979.79,-0.910811,19.0372,4,-0.826235,-0.995387,-1.53476,-0.117707,-0.323367,-1.66741,1.28173,-3.14036,-13.1134,-15.9908
2003-05-27,28.73,10.3374,91.2639,5979.79,-1.1229,17.1043,4,-1.25041,-0.995387,-2.42694,-0.0738797,-0.323367,-1.66741,-1.60465,-2.85179,-12.2178,-16.2215
2003-05-28,28.53,10.1504,91.2639,5979.79,-1.15521,15.1557,4,-1.31503,-0.995387,-2.53907,-0.0909968,-0.323367,-1.66741,-4.53943,-2.59988,-11.3182,-16.3869
2003-05-29,28.23,10.5684,91.2639,5979.79,-1.17462,13.3999,4,-1.35385,-0.995387,-2.65498,-0.0527198,-0.323367,-1.66741,-7.30397,-2.32639,-10.4455,-16.5242
2003-05-30,27.885,10.376,91.2639,5979.79,-1.39974,11.9444,4,-1.80409,-0.995387,-3.53785,-0.0703423,-0.323367,-1.66741,-9.58891,-2.17301,-9.62111,-16.6726
2003-06-02,27.8,9.59387,91.2639,5979.79,-1.37333,10.5518,4,-1.75127,-0.995387,-3.36058,-0.141962,-0.323367,-1.66741,-11.7992,-2.0579,-8.81219,-16.7789
2003-06-03,27.53,9.18564,91.2639,5979.79,-1.35762,9.24816,4,-1.71986,-0.995387,-3.26037,-0.179344,-0.323367,-1.66741,-13.9095,-1.96345,-8.0244,-16.8545
2003-06-04,27.485,8.85797,91.2639,5979.79,-1.26536,8.2605,4,-1.53534,-0.995387,-2.86132,-0.20935,-0.323367,-1.66741,-15.5591,-1.89377,-7.29849,-16.9882
2003-06-05,26.635,13.1917,91.2639,5979.79,-1.44985,7.21758,4,-1.90768,-0.992015,-4,0.184633,-0.323367,-1.66066,-17.5939,-1.58005,-6.57352,-17.0349
2003-06-06,26.59,12.9965,91.2639,5979.79,-1.32679,6.3483,4,-1.68921,-0.964377,-3.54282,0.164395,-0.323367,-1.60539,-19.3547,-1.34511,-5.88996,-17.0619
2003-06-09,26.39,12.9131,91.2639,5979.79,-1.3923,5.66058,4,-1.84314,-0.941469,-3.8423,0.156018,-0.323367,-1.55957,-20.8731,-1.11569,-5.2505,-17.1001
2003-06-10,26.35,12.4062,91.2639,5979.79,-1.25488,5.18193,4,-1.56829,-0.941469,-3.24243,0.105842,-0.323367,-1.55957,-22.0105,-0.931092,-4.6594,-17.217
2003-06-11,26.2,12.1205,91.2639,5979.79,-1.32068,4.70829,4,-1.69989,-0.941469,-3.47426,0.0744862,-0.323367,-1.55957,-23.1375,-0.76798,-4.08126,-17.305
2003-06-12,26.4,12.9607,91.2639,5979.79,-0.640155,4.71373,4,-0.338842,-0.941469,-0.825849,0.148165,-0.323367,-1.55957,-23.1709,-0.584156,-3.92677,-17.6044
2003-06-13,26.7,13.9292,91.2639,5979.79,-0.402434,4.6718,4,0.136601,-0.941469,0.0441806,0.229022,-0.323367,-1.55957,-23.3203,-0.354973,-3.76528,-17.8876
2003-06-16,26.41,13.7264,91.2315,6090.78,-0.268497,4.68056,4,0.0149532,-0.551948,-0.173744,0.20365,-0.488593,-0.615303,-23.7798,-0.141096,-3.70367,-17.6949
2003-06-18,26.56,14.0743,91.2315,6090.78,-0.131104,4.94741,4,0.267074,-0.529282,0.299332,0.234815,-0.488593,-0.56997,-24.058,0.0959742,-3.83459,-17.256
2003-06-20,26.56,14.2046,91.2315,6090.78,-0.0339981,5.42254,4,0.461285,-0.529282,0.677306,0.245265,-0.488593,-0.56997,-23.995,0.333087,-3.99479,-16.9207
2003-06-23,26.66,14.4771,91.2315,6090.78,-0.0923653,5.98799,4,0.344551,-0.529282,0.4204,0.268702,-0.488593,-0.56997,-23.8105,0.559741,-4.16595,-16.5953
2003-06-24,26.5,14.385,91.2315,6090.78,-0.382607,6.36211,4,-0.235932,-0.529282,-0.730632,0.258768,-0.488593,-0.56997,-23.9802,0.790615,-4.31139,-16.1369
2003-06-25,26.45,14.4218,91.2315,6090.78,-0.232297,7.09166,4,0.0646883,-0.529282,-0.131091,0.260467,-0.488593,-0.56997,-23.6323,1.03527,-4.50083,-15.8105
2003-06-26,26.44,14.322,91.2315,6090.78,-0.33504,8.01754,4,-0.140798,-0.529282,-0.532128,0.250531,-0.488593,-0.56997,-23.024,1.26033,-4.71,-15.5088
2003-06-27,26.84,15.7981,91.2315,6090.78,-0.0522608,9.46337,4,0.42476,-0.529282,0.464149,0.385371,-0.488593,-0.56997,-21.8587,1.6053,-4.96895,-15.3142
2003-06-30,27.04,15.9529,91.2315,6090.78,0.0128869,11.2256,4,0.552947,-0.527173,0.706531,0.399362,-0.484376,-0.56997,-20.3808,1.95772,-5.24312,-15.1082
2003-07-01,26.79,15.7335,91.2315,6090.78,-0.0440711,13.5102,4,0.432236,-0.520378,0.485743,0.378729,-0.470786,-0.56997,-18.3778,2.33659,-5.53631,-14.9123
2003-07-02,26.89,15.857,91.2315,6090.78,0.0541875,16.2404,4,0.624067,-0.515692,0.858087,0.390046,-0.461413,-0.56997,-16.0516,2.7976,-5.83353,-14.6721
2003-07-03,26.79,15.5908,91.2315,6090.78,4.1655e-05,19.1485,4,0.502066,-0.501983,0.636625,0.367507,-0.433996,-0.56997,-13.7082,3.28487,-6.09737,-14.3307
2003-07-04,26.59,15.7424,91.2315,6090.78,-0.368276,21.2347,4,-0.234568,-0.501983,-0.853463,0.384326,-0.433996,-0.56997,-12.4735,3.7891,-6.29535,-13.7855
2003-07-07,26.59,11.1437,91.2315,6090.78,-0.598331,23.3326,4,-0.694679,-0.501983,-1.34591,-0.0434501,-0.433996,-0.56997,-10.6729,3.6797,-6.48411,-13.1901
2003-07-08,26.59,11.1275,91.2315,6090.78,-0.444545,25.6223,4,-0.387107,-0.501983,-0.728949,-0.0452645,-0.433996,-0.56997,-8.67901,3.57694,-6.67213,-12.6035
2003-07-09,26.64,10.7768,91.2315,6090.78,-0.483442,28.0982,4,-0.464901,-0.501983,-0.850817,-0.0789854,-0.433996,-0.56997,-6.47339,3.4465,-6.85715,-12.0178
2003-07-10,26.84,11.0269,91.2315,6090.78,-0.29217,30.8406,4,-0.0823565,-0.501983,-0.107685,-0.0570278,-0.433996,-0.56997,-4.08346,3.36545,-7.03975,-11.4016
2003-07-11,26.79,10.8025,91.2315,6090.78,-0.204633,34.1582,4,0.0927166,-0.501983,0.26562,-0.0801869,-0.433996,-0.56997,-1.14047,3.28744,-7.22471,-10.764
2003-07-14,26.74,10.5683,91.2315,6090.78,-0.24079,35.3776,4,0.0204033,-0.501983,0.14185,-0.101044,-0.433996,-0.56997,-0.366056,3.10068,-7.34435,-10.0127
2003-07-15,26.74,9.7891,91.1697,6321.06,-0.00685557,36.6003,4,-0.0174035,0.00369235,0.142224,-0.177031,-0.494854,0.502239,-0.288213,2.78438,-7.51125,-8.38457
2003-07-16,26.74,8.88822,91.1697,6321.06,0.194921,38.0502,4,-0.126462,0.516304,0.0171956,-0.27012,0.0610772,0.971531,-0.134414,2.41121,-7.09575,-7.13082
2003-07-17,26.79,8.70279,91.1697,6321.06,0.0938888,38.7604,4,-0.32384,0.511618,-0.355547,-0.292133,0.0517042,0.971531,-0.667145,1.9871,-6.66926,-5.89031
2003-07-21,26.84,8.7157,91.1697,6321.06,0.153856,39.3562,4,-0.19711,0.504823,-0.106755,-0.287466,0.0381142,0.971531,-1.30653,1.55614,-6.24987,-4.6435
2003-07-22,26.99,8.82811,91.1697,6321.06,0.279886,40.5442,4,0.0570574,0.502714,0.387877,-0.273762,0.033897,0.971531,-1.33647,1.11732,-5.83952,-3.39709
2003-07-23,27.09,8.52829,91.1697,6321.06,0.332961,42.8516,4,0.163208,0.502714,0.633297,-0.306881,0.033897,0.971531,-0.223905,0.658239,-5.43526,-2.14745
2003-07-24,27.14,8.45737,91.1697,6321.06,0.361628,44.7859,4,0.220541,0.502714,0.75005,-0.308967,0.033897,0.971531,0.499665,0.191939,-5.01968,-0.886073
2003-07-25,27.19,8.43606,91.1697,6321.06,0.360622,47.067,4,0.218529,0.502714,0.744127,-0.307068,0.033897,0.971531,1.55155,-0.26683,-4.59928,0.381511
2003-07-28,27.24,6.74158,91.1697,6321.06,0.312716,48.2681,4,0.122717,0.502714,0.740658,-0.495224,0.033897,0.971531,1.78029,-0.992523,-4.1715,1.6518
2003-07-29,27.29,6.28288,91.1697,6321.06,0.237301,49.0074,4,-0.0281127,0.502714,0.489697,-0.545922,0.033897,0.971531,1.60197,-1.77173,-3.74528,2.92248
2003-07-30,27.39,5.20713,91.1697,6321.06,0.205603,49.8304,4,-0.0915077,0.502714,0.481987,-0.665002,0.033897,0.971531,1.59903,-2.63212,-3.3297,4.19324
2003-07-31,27.44,5.12337,91.1697,6321.06,0.203358,50.3222,4,-0.0959986,0.502714,0.482143,-0.67414,0.033897,0.971531,1.28918,-3.50917,-2.92146,5.46366
2003-08-01,27.39,4.93095,91.1697,6321.06,0.138092,50.7773,4,-0.22653,0.502714,0.240659,-0.69372,0.033897,0.971531,0.96279,-4.38356,-2.53571,6.73376
2003-08-04,27.49,3.8123,91.1697,6321.06,0.138327,52.4459,4,-0.22606,0.502714,0.362493,-0.814613,0.033897,0.971531,1.96378,-5.36861,-2.14889,7.99963
2003-08-05,27.94,6.37055,91.1697,6321.06,0.450253,55.8828,4,0.397792,0.502714,1.32611,-0.530528,0.033897,0.971531,4.15206,-5.75241,-1.7582,9.24137
2003-08-06,28.24,6.92393,91.1697,6321.06,0.583038,59.2086,4,0.663363,0.502714,1.7958,-0.469077,0.033897,0.971531,6.19202,-6.0678,-1.36662,10.451
2003-08-07,28.245,6.98687,91.1697,6321.06,0.556465,62.5079,4,0.610215,0.502714,1.68252,-0.462088,0.033897,0.971531,8.19685,-6.331,-0.976787,11.6189
2003-08-08,28,7.89227,91.1697,6321.06,0.463413,64.8505,4,0.424111,0.502714,1.20977,-0.361546,0.033897,0.971531,9.19838,-6.53082,-0.59333,12.7762
2003-08-11,27.8,8.45176,91.1697,6321.06,0.298183,66.3793,4,0.0936528,0.502714,0.488166,-0.300861,0.033897,0.971531,9.32649,-6.67192,-0.215669,13.9404
2003-08-12,27.9,8.35478,91.1697,6321.06,0.0835133,67.3514,4,-0.335688,0.502714,-0.358817,-0.312558,0.033897,0.971531,8.89198,-6.81525,0.158165,15.1165
2003-08-13,27.85,8.43908,91.1697,6321.06,-0.119906,67.0138,4,-0.742527,0.502714,-1.18166,-0.30339,0.033897,0.971531,7.84713,-6.92533,0.580482,15.5115
2003-08-14,27.6,9.29126,90.8368,6384.54,-0.282647,65.5727,4,-0.993031,0.427736,-1.77665,-0.209408,-0.294002,1.14947,6.44985,-6.91411,0.29863,15.7384
2003-08-15,27.6,9.30729,90.8368,6384.54,-0.281023,64.4252,4,-0.70045,0.138404,-1.19159,-0.209306,-0.905182,1.18199,5.8014,-6.8744,-0.471227,15.9695
2003-08-18,27.65,9.30702,90.8368,6384.54,-0.134853,63.5325,4,-0.407083,0.137378,-0.604407,-0.209759,-0.903428,1.17818,5.41554,-6.83087,-1.23333,16.1812
2003-08-19,27.7,9.18288,90.8368,6384.54,-0.166266,62.1386,4,-0.472766,0.140234,-0.722262,-0.223269,-0.897717,1.17818,4.53649,-6.81707,-1.994,16.4132
2003-08-20,27.75,9.14174,90.8368,6384.54,-0.10645,60.7501,4,-0.357181,0.14428,-0.488219,-0.226142,-0.889624,1.17818,3.63933,-6.77512,-2.75276,16.6386
2003-08-21,27.75,9.14804,90.8368,6384.54,0.0475486,59.7491,4,-0.0558924,0.15099,0.111977,-0.223762,-0.876205,1.17818,3.12685,-6.72071,-3.50143,16.8444
2003-08-22,27.75,9.15191,90.8368,6384.54,0.0500644,58.7529,4,-0.0554884,0.155617,0.108984,-0.219961,-0.86695,1.17818,2.61384,-6.66287,-4.24484,17.0468
2003-08-26,27.85,9.19399,90.8368,6384.54,0.0914542,58.0397,4,0.00642389,0.176484,0.224923,-0.212075,-0.825215,1.17818,2.19504,-6.43967,-4.95352,17.2379
2003-08-27,27.9,9.19358,90.8368,6384.54,0.102656,57.6044,4,0.00795945,0.197352,0.224055,-0.208136,-0.78348,1.17818,1.97904,-6.16766,-5.62669,17.4197
2003-08-29,27.85,9.1965,90.8368,6384.54,0.0437188,57.0798,4,-0.109914,0.197352,-0.0168619,-0.202967,-0.78348,1.17818,1.5717,-5.79394,-6.30142,17.6034
2003-09-01,27.7,9.44735,90.8368,6384.54,-0.0395763,56.2902,4,-0.276504,0.197352,-0.37856,-0.174448,-0.78348,1.17818,0.867049,-5.39033,-6.97935,17.7928
2003-09-02,27.7,9.41069,90.8368,6384.54,-0.040823,55.7071,4,-0.278998,0.197352,-0.37856,-0.179435,-0.78348,1.17818,0.359095,-4.97192,-7.65588,17.9758
2003-09-03,27.7,9.34107,90.8368,6384.54,-0.102707,54.9195,4,-0.403893,0.198478,-0.619475,-0.18831,-0.781228,1.17818,-0.447843,-4.46145,-8.33276,18.1616
2003-09-04,27.75,7.26601,90.8368,6384.54,-0.163239,52.907,4,-0.526139,0.199661,-0.618825,-0.433452,-0.778861,1.17818,-2.05013,-4.38892,-9.01585,18.3619
2003-09-05,27.85,6.1975,90.8368,6384.54,-0.104533,50.6428,4,-0.408791,0.199725,-0.257777,-0.559804,-0.778734,1.17818,-3.7443,-4.46739,-9.69317,18.5477
2003-09-08,27.85,6.19451,90.8368,6384.54,-0.0157613,48.7566,4,-0.231248,0.199725,0.0988333,-0.561329,-0.778734,1.17818,-5.04887,-4.54864,-10.3617,18.7158
2003-09-09,27.9,5.47382,90.8368,6384.54,-0.00957702,47.1994,4,-0.218879,0.199725,0.210037,-0.647795,-0.778734,1.17818,-5.86882,-4.78136,-11.024,18.8736
2003-09-10,27.85,4.86182,90.8368,6384.54,-0.067344,45.9988,4,-0.31731,0.182622,0.0842114,-0.71883,-0.778734,1.14398,-6.19615,-5.12116,-11.6832,18.9993
2003-09-11,27.9,4.73027,90.8368,6384.54,-0.0854645,45.4449,4,-0.325673,0.154744,0.0814989,-0.732844,-0.778734,1.08822,-5.83095,-5.46424,-12.3456,19.0857
2003-09-12,27.8,4.86182,90.8368,6384.54,-0.208593,45.1546,4,-0.557306,0.14012,-0.397836,-0.716776,-0.778734,1.05897,-5.18485,-5.80253,-13.0102,19.1521
2003-09-15,27.8,3.5396,91.0024,6554.43,-0.0669252,45.8612,4,-0.632939,0.499088,-0.396082,-0.869795,-0.618672,1.61685,-4.05254,-6.34971,-13.286,19.5495
2003-09-16,27.75,3.6207,91.0024,6554.43,-0.124352,46.3753,4,-0.747793,0.499088,-0.638643,-0.856942,-0.618672,1.61685,-3.59914,-6.8854,-13.0558,19.9156
2003-09-17,27.65,3.82078,91.0024,6554.43,-0.14543,46.3405,4,-0.789063,0.498203,-0.747913,-0.830213,-0.618672,1.61508,-3.71715,-7.39586,-12.8211,20.2746
2003-09-18,27.6,3.80962,91.0024,6554.43,-0.298355,45.9071,4,-0.903329,0.306619,-0.978075,-0.828582,-0.587325,1.20056,-3.9263,-7.89126,-12.5612,20.2859
2003-09-19,27.65,3.81007,91.0024,6554.43,-0.210856,45.5649,4,-0.722007,0.300294,-0.616372,-0.827642,-0.565026,1.16562,-4.0305,-8.38355,-12.2903,20.2693
2003-09-22,27.8,4.29696,91.0024,6554.43,-0.105479,45.0639,4,-0.511772,0.300813,-0.254021,-0.769522,-0.542727,1.14435,-4.32938,-8.82805,-12.0101,20.2314
2003-09-23,28,4.9767,91.0024,6554.43,0.0630744,45.1065,4,-0.173242,0.299391,0.342894,-0.689378,-0.541068,1.13985,-4.13727,-9.21434,-11.7427,20.2008
2003-09-24,28.1,4.97402,91.0024,6554.43,0.173453,45.3749,4,0.0624224,0.284484,0.813205,-0.68836,-0.539409,1.10838,-3.65463,-9.60849,-11.5109,20.1489
2003-09-25,28.15,4.97345,91.0024,6554.43,0.223533,45.7709,4,0.178318,0.268748,1.04263,-0.685999,-0.539409,1.0769,-2.98259,-10.0051,-11.3143,20.073
2003-09-26,28.15,4.90662,91.0024,6554.43,0.191282,46.255,4,0.113816,0.268748,0.917937,-0.690306,-0.539409,1.0769,-2.2145,-10.4103,-11.1181,19.9978
2003-09-29,28.2,4.38899,91.0024,6554.43,0.117535,46.7709,4,-0.0336772,0.268748,0.679502,-0.746857,-0.539409,1.0769,-1.34426,-10.8855,-10.9214,19.922
2003-09-30,28.05,4.91047,91.0024,6554.43,-0.0711897,46.6711,4,-0.411127,0.268748,-0.136195,-0.68606,-0.539409,1.0769,-1.14465,-11.3018,-10.7197,19.8373
2003-10-01,27.95,5.12978,91.0024,6554.43,-0.183066,46.4072,4,-0.63488,0.268748,-0.608636,-0.661123,-0.539409,1.0769,-1.13551,-11.6888,-10.5186,19.7501
2003-10-02,28.05,5.22911,91.0024,6554.43,-0.150426,46.4493,4,-0.5696,0.268748,-0.489372,-0.649829,-0.539409,1.0769,-1.029,-11.8672,-10.3218,19.6673
2003-10-03,28.04,5.10925,91.0024,6554.43,-0.159646,46.2684,4,-0.58804,0.268748,-0.512622,-0.663457,-0.539409,1.0769,-1.23858,-11.9509,-10.1234,19.5813
2003-10-06,27.94,5.2948,91.0024,6554.43,-0.242534,45.5247,4,-0.753816,0.268748,-0.865273,-0.642359,-0.539409,1.0769,-2.03071,-12.0098,-9.92011,19.4854
2003-10-07,28.03,5.3764,91.0024,6554.43,-0.0979689,45.2353,4,-0.464686,0.268748,-0.296291,-0.633081,-0.539409,1.0769,-2.44644,-11.9944,-9.72053,19.3966
2003-10-08,28.13,5.44433,91.0024,6554.43,0.0224802,45.5294,4,-0.223788,0.268748,0.177781,-0.625357,-0.539409,1.0769,-2.37019,-11.9209,-9.52649,19.347
2003-10-09,28.28,5.69344,91.0024,6554.43,0.0578812,45.9993,4,-0.152986,0.268748,0.29106,-0.597032,-0.539409,1.0769,-2.19876,-11.8142,-9.33357,19.3458
2003-10-10,28.18,5.68866,91.0024,6554.43,0.00380713,46.6966,4,-0.261134,0.268748,0.0753077,-0.597575,-0.539409,1.0769,-1.81043,-11.7224,-9.14155,19.371
2003-10-13,28.13,5.75135,91.0024,6554.43,0.0354849,47.0332,4,-0.197778,0.268748,0.194891,-0.590447,-0.539409,1.0769,-1.32422,-11.495,-9.07831,18.9307
2003-10-14,28.13,5.68726,91.0024,6554.43,-0.0189123,47.3799,4,-0.306573,0.268748,-0.0154109,-0.597734,-0.539409,1.0769,-0.811202,-11.2838,-9.01488,18.4898
2003-10-15,28.13,5.46614,90.9825,6637.06,-0.197243,47.2095,4,-0.436952,0.0424672,-0.251029,-0.622876,-0.498889,0.583823,-0.401939,-11.112,-8.91536,17.6388
2003-10-16,28.08,5.46415,90.9825,6637.06,-0.315975,47.1516,4,-0.674418,0.0424672,-0.725733,-0.623103,-0.498889,0.583823,-0.194127,-10.9424,-8.84223,17.1303
2003-10-17,28.08,5.46028,90.9825,6637.06,-0.257741,46.9974,4,-0.55795,0.0424672,-0.492356,-0.623543,-0.498889,0.583823,-0.0919951,-10.7733,-8.78694,16.6496
2003-10-20,28.08,5.18127,90.9825,6637.06,-0.229102,46.5912,4,-0.515877,0.0576726,-0.376486,-0.655268,-0.468478,0.583823,-0.192779,-10.6763,-8.72341,16.1837
2003-10-21,28.23,4.90069,90.9825,6637.06,-0.137241,45.9337,4,-0.347359,0.0728781,-0.0101177,-0.684601,-0.438067,0.583823,-0.483118,-10.6669,-8.63416,15.7178
2003-10-22,28.43,5.33678,90.9825,6637.06,0.00597996,45.3849,4,-0.0784593,0.0904192,0.478283,-0.635202,-0.402985,0.583823,-0.758291,-10.6178,-8.51764,15.2786
2003-10-23,28.43,5.32131,90.9825,6637.06,0.0486842,44.8128,4,-0.0177967,0.115165,0.601361,-0.636954,-0.353493,0.583823,-1.1205,-10.5712,-8.35981,14.8643
2003-10-24,28.4,5.34746,90.9825,6637.06,0.0344597,44.3006,4,-0.0534506,0.12237,0.52709,-0.633991,-0.339083,0.583823,-1.44087,-10.5187,-8.19034,14.4506
2003-10-27,28.48,5.39428,90.9825,6637.06,0.082619,44.1867,4,0.042868,0.12237,0.714424,-0.628688,-0.339083,0.583823,-1.41199,-10.4202,-8.02468,14.0436
2003-10-28,28.48,4.94349,90.9825,6637.06,-0.02172,44.3481,4,-0.16581,0.12237,0.348133,-0.679754,-0.339083,0.583823,-1.01443,-10.4171,-7.86171,13.6413
2003-10-29,28.63,4.91011,90.9825,6637.06,-0.0537904,44.7703,4,-0.229951,0.12237,0.223632,-0.683534,-0.339083,0.583823,-0.330963,-10.4405,-7.7009,13.2428
2003-10-30,28.63,4.84474,90.9825,6637.06,-0.0564076,45.0778,4,-0.235185,0.12237,0.220569,-0.690939,-0.339083,0.583823,0.252554,-10.4778,-7.53876,12.8418
2003-10-31,28.53,5.08586,90.9825,6637.06,-0.0924135,45.2978,4,-0.307197,0.12237,0.0492316,-0.663626,-0.339083,0.583823,0.714601,-10.4803,-7.37572,12.4392
2003-11-03,28.385,5.28686,90.9825,6637.06,-0.22226,45.3642,4,-0.56689,0.12237,-0.492924,-0.640856,-0.339083,0.583823,1.02084,-10.4797,-7.21147,12.0345
2003-11-04,28.54,5.47834,90.9825,6637.06,-0.123517,45.2805,4,-0.369376,0.122342,-0.119586,-0.619165,-0.339139,0.583823,1.16605,-10.4674,-7.04621,11.6281
2003-11-05,28.7,5.65356,90.9825,6637.06,-0.113028,44.8372,4,-0.347883,0.121827,-0.09645,-0.599316,-0.340169,0.583823,0.940126,-10.4412,-6.8792,11.2175
2003-11-06,28.85,5.64301,90.9825,6637.06,-0.0255314,44.5647,4,-0.172399,0.121337,0.255713,-0.600511,-0.34115,0.583823,0.910797,-10.4408,-6.71421,10.8089
2003-11-07,28.74,5.67343,90.9825,6637.06,-0.0324594,44.4463,4,-0.186255,0.121337,0.224555,-0.597065,-0.34115,0.583823,1.03328,-10.439,-6.55041,10.4024
2003-11-10,28.69,5.67121,90.9825,6637.06,0.0249628,44.4119,4,-0.071411,0.121337,0.454495,-0.597317,-0.34115,0.583823,1.24649,-10.4442,-6.38729,9.99691
2003-11-11,28.835,5.83497,90.9825,6637.06,0.0226682,44.5477,4,-0.0760003,0.121337,0.426766,-0.578767,-0.34115,0.583823,1.60998,-10.4303,-6.22541,9.59338
2003-11-12,28.89,5.82055,90.9825,6637.06,-0.0408957,45.0587,4,-0.203128,0.121337,0.174144,-0.5804,-0.34115,0.583823,1.96041,-10.4012,-6.09923,9.59877
2003-11-13,28.94,5.70382,90.9825,6637.06,-0.0708136,45.8617,4,-0.324581,0.182954,-0.0555393,-0.593623,-0.0174552,0.383364,2.51328,-10.385,-5.70785,9.44123
2003-11-14,28.84,5.95215,91.008,6678.07,-0.0191895,46.6446,4,-0.295616,0.257237,-0.0257399,-0.565492,0.00754052,0.506933,2.89895,-10.3436,-5.29448,9.38377
2003-11-17,28.79,6.03508,91.008,6678.07,-0.016734,47.3428,4,-0.290712,0.257244,-0.0253256,-0.556099,0.00755516,0.506933,3.18943,-10.2665,-4.90477,9.32458
2003-11-18,28.84,5.84475,91.008,6678.07,-0.0787867,47.5351,4,-0.414818,0.257244,-0.251976,-0.577659,0.00755516,0.506933,2.99055,-10.1795,-4.53825,9.26222
2003-11-19,28.99,5.62385,91.008,6678.07,-0.0288535,47.4205,4,-0.314951,0.257244,-0.0272205,-0.602682,0.00755516,0.506933,2.57404,-10.1521,-4.19985,9.19833
2003-11-20,29.14,5.80073,91.008,6678.07,0.0343624,47.3734,4,-0.188519,0.257244,0.205607,-0.582645,0.00755516,0.506933,2.24804,-10.1071,-3.90239,9.13477
2003-11-21,29.24,5.78427,91.008,6678.07,0.151143,47.7573,4,0.0450416,0.257244,0.674593,-0.584509,0.00755516,0.506933,2.36998,-10.0683,-3.61762,9.07322
2003-11-24,29.04,6.46345,91.008,6678.07,0.0798884,47.7483,4,-0.0974675,0.257244,0.312637,-0.507572,0.00755516,0.506933,2.03901,-9.96848,-3.33206,9.00985
2003-11-25,29.04,6.46345,91.008,6678.07,0.0492349,47.9819,4,-0.158775,0.257244,0.190023,-0.507572,0.00755516,0.506933,1.90897,-9.82767,-3.04684,8.94744
2003-11-26,29.04,6.26817,91.008,6678.07,-0.0458055,48.0082,4,-0.348855,0.257244,-0.168017,-0.529694,0.00755516,0.506933,1.58633,-9.70104,-2.7613,8.8842
2003-11-27,29.04,6.26817,91.008,6678.07,-0.13391,47.753,4,-0.525065,0.257244,-0.520436,-0.529694,0.00755516,0.506933,0.975759,-9.56712,-2.47545,8.81985
2003-11-28,28.94,6.26379,91.008,6678.07,-0.253262,47.2238,4,-0.763768,0.257244,-0.997345,-0.53019,0.00755516,0.506933,0.113622,-9.45456,-2.1893,8.75407
2003-12-01,28.99,5.88109,91.008,6678.07,-0.11507,47.5765,4,-0.487385,0.257244,-0.401228,-0.573542,0.00755516,0.506933,0.189171,-9.40094,-1.90421,8.69243
2003-12-02,29.09,5.72364,91.008,6678.07,-0.0597847,47.7862,4,-0.376814,0.257244,-0.16225,-0.591378,0.00755516,0.506933,0.154046,-9.37901,-1.61881,8.62998
2003-12-03,29.14,5.46691,91.008,6678.07,-0.0372601,48.0356,4,-0.331764,0.257244,-0.0430685,-0.620461,0.00755516,0.506933,0.198041,-9.39745,-1.33252,8.56757
2003-12-04,29.19,5.22471,91.008,6678.07,-0.0158494,48.0675,4,-0.288943,0.257244,0.0700107,-0.647897,0.00755516,0.506933,0.0450523,-9.43661,-1.04526,8.50434
2003-12-05,29.14,5.03937,91.008,6678.07,0.00849193,48.2024,4,-0.24026,0.257244,0.188371,-0.668892,0.00755516,0.506933,0.0152433,-9.49629,-0.758014,8.44144
2003-12-08,29.14,4.96526,91.008,6678.07,-0.0239017,48.0415,4,-0.305048,0.257244,0.0655364,-0.675632,0.00755516,0.506933,-0.305199,-9.56021,-0.470688,8.37756
2003-12-09,29.14,4.70692,91.008,6678.07,-0.0917633,47.6648,4,-0.440771,0.257244,-0.176908,-0.704633,0.00755516,0.506933,-0.802396,-9.66226,-0.183379,8.3128
2003-12-10,29.24,4.7961,91.008,6678.07,-0.058961,47.6053,4,-0.375166,0.257244,-0.0562835,-0.694049,0.00755516,0.506933,-0.99217,-9.75559,0.103848,8.24923
2003-12-11,29.24,4.78146,91.008,6678.07,-0.26167,46.9776,4,-0.435643,-0.0876965,-0.177323,-0.693962,-0.155535,-0.0198579,-1.09209,-9.83472,-0.00988198,7.91428
2003-12-12,29.19,4.62624,91.008,6678.07,-0.26289,46.1771,4,-0.443048,-0.082732,-0.177116,-0.70898,-0.155535,-0.00992894,-1.21603,-9.94714,-0.144073,7.48439
2003-12-15,29.24,4.55642,90.9152,6757.89,-0.197561,45.5842,4,-0.385834,-0.00928812,-0.0562835,-0.715384,-0.24696,0.228384,-1.24087,-10.073,-0.353335,7.25143
2003-12-16,29.24,4.54957,90.9152,6757.89,-0.194531,45.2052,4,-0.384174,-0.00488802,-0.0528211,-0.715527,-0.23816,0.228384,-1.07667,-10.1827,-0.555228,7.01974
2003-12-17,29.24,4.23067,90.9152,6757.89,-0.244787,44.4993,4,-0.52357,0.0339958,-0.296487,-0.750652,-0.160392,0.228384,-1.29706,-10.2964,-0.69278,6.78551
2003-12-18,29.29,3.88166,90.9152,6757.89,-0.205616,43.7168,4,-0.479711,0.0684794,-0.169946,-0.789475,-0.0914251,0.228384,-1.60403,-10.4561,-0.773341,6.55027
2003-12-19,29.29,3.69678,90.9152,6757.89,-0.176149,42.6536,4,-0.423201,0.0709023,-0.0365173,-0.809884,-0.0865794,0.228384,-2.1843,-10.6247,-0.849292,6.31191
2003-12-22,29.29,2.63636,90.9152,6757.89,-0.233955,41.6391,4,-0.541234,0.0733252,-0.154808,-0.927661,-0.0817337,0.228384,-2.563,-10.9503,-0.920892,6.07328
2003-12-23,29.34,2.6689,90.9152,6757.89,-0.201803,40.8316,4,-0.476931,0.0733252,-0.0314448,-0.922417,-0.0817337,0.228384,-2.74001,-11.2725,-0.992428,5.83651
2003-12-24,29.34,2.6689,90.9152,6757.89,-0.201101,40.334,4,-0.475527,0.0733252,-0.0315902,-0.919463,-0.0817337,0.228384,-2.62591,-11.5792,-1.06429,5.60331
2003-12-26,29.34,2.6689,90.9152,6757.89,-0.234331,40.013,4,-0.537023,0.0683607,-0.156375,-0.917672,-0.0817337,0.218455,-2.32724,-11.8876,-1.13637,5.36424
2003-12-29,29.34,2.23511,90.9152,6757.89,-0.246019,40.0361,4,-0.560398,0.0683607,-0.156375,-0.964422,-0.0817337,0.218455,-1.64154,-12.2424,-1.20924,5.12926
2003-12-30,29.34,2.21247,90.9152,6757.89,-0.246012,39.6186,4,-0.560385,0.0683607,-0.156375,-0.964396,-0.0817337,0.218455,-1.44053,-12.5495,-1.28088,4.88949
2003-12-31,29.34,1.94725,90.9152,6757.89,-0.283461,38.908,4,-0.635283,0.0683607,-0.280817,-0.989748,-0.0817337,0.218455,-1.53458,-12.8527,-1.35138,4.64672
2004-01-02,29.09,3.68496,90.9152,6757.89,-0.390733,37.7928,4,-0.849827,0.0683607,-0.901072,-0.798582,-0.0817337,0.218455,-2.22612,-12.9606,-1.41995,4.39951
2004-01-05,29.09,3.62361,90.9152,6757.89,-0.391043,36.6202,4,-0.850447,0.0683607,-0.897811,-0.803083,-0.0817337,0.218455,-3.00111,-13.043,-1.48742,4.1517
2004-01-07,29.24,4.03105,90.9152,6757.89,-0.285315,35.7104,4,-0.638991,0.0683607,-0.522563,-0.755419,-0.0817337,0.218455,-3.56577,-13.0761,-1.55521,3.90747
2004-01-08,29.44,4.66846,90.9152,6757.89,-0.141805,35.3476,4,-0.35197,0.0683607,-0.0245293,-0.679411,-0.0817337,0.218455,-3.63407,-13.0636,-1.62526,3.67058
2004-01-09,29.44,4.66846,90.9152,6757.89,-0.140405,35.1983,4,-0.349171,0.0683607,-0.0234707,-0.674871,-0.0817337,0.218455,-3.50878,-13.0332,-1.69631,3.4366
2004-01-12,29.44,4.54152,90.9152,6757.89,0.0138098,35.4217,4,-0.040741,0.0683607,0.605422,-0.686904,-0.0817337,0.218455,-2.97847,-13.0371,-1.76948,3.20682
2004-01-13,29.49,4.56452,90.9152,6757.89,0.0458804,36.3716,4,0.0234001,0.0683607,0.730155,-0.683355,-0.0817337,0.218455,-2.25439,-13.0678,-1.71519,3.40898
2004-01-14,29.44,4.56362,91.1594,6909.44,0.091808,37.4775,4,-0.227448,0.411064,0.228091,-0.682987,0.1588,0.663329,-1.93327,-13.0888,-1.46598,3.96555
2004-01-15,29.44,4.54008,91.1594,6909.44,-0.093315,37.8045,4,-0.481828,0.295197,-0.278577,-0.685078,0.178372,0.412023,-2.11531,-13.0759,-1.1223,4.11805
2004-01-16,29.44,4.54008,91.1594,6909.44,-0.0942545,38.1199,4,-0.483707,0.295197,-0.282907,-0.684506,0.178372,0.412023,-2.30386,-13.0617,-0.785101,4.27057
2004-01-19,29.49,4.56308,91.1594,6909.44,-0.0610688,38.6998,4,-0.417335,0.295197,-0.153762,-0.680908,0.178372,0.412023,-2.19122,-13.0242,-0.510849,4.42616
2004-01-20,29.54,4.56255,91.1594,6909.44,-0.0610096,39.1581,4,-0.417217,0.295197,-0.154803,-0.67963,0.178372,0.412023,-2.18133,-12.9493,-0.291831,4.58053
2004-01-21,29.54,4.56255,91.1594,6909.44,-0.0269619,39.6324,4,-0.349121,0.295197,-0.02376,-0.674483,0.178372,0.412023,-2.17332,-12.8531,-0.0762734,4.73518
2004-01-22,29.54,4.56255,91.1594,6909.44,-0.0255778,40.2975,4,-0.346353,0.295197,-0.0240352,-0.668671,0.178372,0.412023,-2.06976,-12.6604,0.135852,4.89187
2004-01-23,29.48,4.61606,91.1594,6909.44,-0.0646786,40.7368,4,-0.424555,0.295197,-0.186335,-0.662775,0.178372,0.412023,-2.19812,-12.4598,0.348401,5.04625
2004-01-26,29.38,4.79347,91.1594,6909.44,-0.161738,40.8631,4,-0.618673,0.295197,-0.595268,-0.642078,0.178372,0.412023,-2.65914,-12.2363,0.560968,5.19753
2004-01-27,29.48,4.93667,91.1594,6909.44,-0.123181,41.2202,4,-0.541559,0.295197,-0.457378,-0.62574,0.178372,0.412023,-2.90703,-12.0061,0.77398,5.35935
2004-01-28,29.43,4.98407,91.1594,6909.44,-0.155861,41.5104,4,-0.606919,0.295197,-0.593341,-0.620497,0.178372,0.412023,-3.26599,-11.7313,0.987138,5.52055
2004-01-29,29.435,4.98374,91.1594,6909.44,-0.150237,41.8193,4,-0.595671,0.295197,-0.580755,-0.610588,0.178372,0.412023,-3.61509,-11.4482,1.20054,5.68201
2004-01-30,29.435,4.98374,91.1594,6909.44,-0.106793,42.3902,4,-0.508783,0.295197,-0.417616,-0.59995,0.178372,0.412023,-3.73063,-11.1399,1.41476,5.84605
2004-02-02,29.54,3.91327,91.1594,6909.44,0.006221,43.6788,4,-0.282755,0.295197,0.141376,-0.706887,0.178372,0.412023,-2.88222,-11.086,1.63094,6.0161
2004-02-03,29.54,3.91327,91.1594,6909.44,-0.0579859,44.7652,4,-0.411169,0.295197,-0.129936,-0.692402,0.178372,0.412023,-2.25502,-11.0098,1.84687,6.18318
2004-02-04,29.59,3.57889,91.1594,6909.44,0.00425736,45.713,4,-0.286683,0.295197,0.145716,-0.719082,0.178372,0.412023,-1.70745,-10.9904,2.06258,6.3483
2004-02-05,29.64,2.76739,91.1594,6909.44,0.0152576,46.2282,4,-0.264682,0.295197,0.270505,-0.79987,0.178372,0.412023,-1.4654,-11.0943,2.27754,6.51037
2004-02-06,29.59,2.85819,91.1594,6909.44,-0.0153485,46.6388,4,-0.325895,0.295197,0.132316,-0.784105,0.178372,0.412023,-1.33761,-11.1877,2.49236,6.67172
2004-02-09,29.54,2.94,91.1594,6909.44,-0.119665,46.2005,4,-0.534528,0.295197,-0.298466,-0.770589,0.178372,0.412023,-2.081,-11.2528,2.70558,6.82881
2004-02-10,29.53,2.88807,91.1594,6909.44,-0.127376,45.6324,4,-0.54995,0.295197,-0.3274,-0.7725,0.178372,0.412023,-2.94985,-11.3207,2.91821,6.98469
2004-02-11,29.58,2.86384,91.1594,6909.44,-0.127626,44.9141,4,-0.55045,0.295197,-0.327729,-0.773172,0.178372,0.412023,-3.40458,-11.3867,2.9322,6.77313
2004-02-12,29.48,3.13999,91.1594,6909.44,-0.222827,44.4909,4,-0.740851,0.295197,-0.740798,-0.740904,0.178372,0.412023,-3.7827,-11.4272,2.93081,6.76992
2004-02-13,29.49,3.14133,91.1594,6909.44,-0.177835,44.2181,4,-0.650867,0.295197,-0.571765,-0.729969,0.178372,0.412023,-4.0187,-11.4608,2.92986,6.76771
2004-02-16,29.49,3.08304,90.9695,6971.48,-0.180374,43.8292,4,-0.577723,0.216975,-0.429921,-0.725525,-0.0338294,0.467779,-4.24342,-11.4917,2.75422,6.81015
2004-02-17,29.44,3.07086,90.9695,6971.48,-0.206134,43.357,4,-0.629244,0.216975,-0.539783,-0.718705,-0.0338294,0.467779,-4.55651,-11.5164,2.57838,6.85151
2004-02-18,29.44,3.07086,90.9695,6971.48,-0.238687,42.6697,4,-0.694349,0.216975,-0.678736,-0.709962,-0.0338294,0.467779,-5.08861,-11.5337,2.40184,6.8902
2004-02-19,29.44,3.07086,90.9695,6971.48,-0.168082,42.2084,4,-0.553138,0.216975,-0.399247,-0.707029,-0.0338294,0.467779,-5.39208,-11.5566,2.22628,6.93073
2004-02-20,29.49,3.05602,90.9695,6971.48,-0.135223,41.9804,4,-0.495879,0.225432,-0.286956,-0.704802,-0.0169147,0.467779,-5.47237,-11.5865,2.06556,6.9737
2004-02-25,29.48,2.78342,90.9695,6971.48,-0.144702,42.0354,4,-0.523295,0.23389,-0.314348,-0.732241,0,0.467779,-5.24291,-11.6614,1.91973,7.02
2004-02-26,29.48,2.50852,90.9695,6971.48,-0.117416,42.0541,4,-0.468721,0.23389,-0.174547,-0.762895,0,0.467779,-5.01152,-11.7741,1.77376,7.06587
2004-02-27,29.49,2.42863,90.9695,6971.48,-0.112078,42.1956,4,-0.458046,0.23389,-0.146162,-0.76993,0,0.467779,-4.64653,-11.8992,1.62812,7.11321
2004-03-01,29.53,2.46916,90.9695,6971.48,-0.0825246,42.4146,4,-0.398939,0.23389,-0.0343357,-0.763542,0,0.467779,-4.20059,-12.0288,1.48259,7.16145
2004-03-02,29.58,2.52687,90.9695,6971.48,-0.0807916,42.4988,4,-0.395473,0.23389,-0.0342389,-0.756707,0,0.467779,-3.88707,-12.1589,1.33665,7.2081
2004-03-03,29.58,2.20258,90.9695,6971.48,-0.0823077,42.2123,4,-0.398505,0.23389,-0.00497299,-0.792037,0,0.467779,-4.00509,-12.2229,1.18996,7.25039
2004-03-04,29.58,2.20258,90.9695,6971.48,-0.0805591,42.1394,4,-0.395008,0.23389,-0.00377285,-0.786243,0,0.467779,-3.9013,-12.2983,1.04376,7.29515
2004-03-05,29.58,2.1174,90.9695,6971.48,-0.0885372,41.8396,4,-0.410964,0.23389,-0.0316048,-0.790323,0,0.467779,-4.04441,-12.3502,0.89725,7.33704
2004-03-08,29.58,2.01962,90.9695,6971.48,-0.119514,41.4052,4,-0.472918,0.23389,-0.144757,-0.801079,0,0.467779,-4.38084,-12.3416,0.750688,7.3769
2004-03-09,29.58,1.93061,90.9695,6971.48,-0.157905,40.9467,4,-0.5497,0.23389,-0.288849,-0.810551,0,0.467779,-4.72113,-12.3525,0.604299,7.41604
2004-03-10,29.58,1.82662,90.9695,6971.48,-0.160991,40.8141,4,-0.555871,0.23389,-0.290165,-0.821577,0,0.467779,-4.71312,-12.3909,0.458444,7.45965
2004-03-11,29.63,1.90683,90.9695,6971.48,-0.122951,40.8283,4,-0.479792,0.23389,-0.147117,-0.812467,0,0.467779,-4.56599,-12.4239,0.312755,7.50541
2004-03-12,29.635,1.82019,90.9695,6971.48,-0.122188,40.8457,4,-0.478265,0.23389,-0.134548,-0.821982,0,0.467779,-4.40834,-12.4642,0.167059,7.55121
2004-03-15,29.635,1.27774,90.9695,6971.48,-0.137696,41.1192,4,-0.509281,0.23389,-0.136721,-0.881842,0,0.467779,-3.91697,-12.586,0.021364,7.60079
2004-03-16,29.635,1.2807,91.0625,7113.53,-0.0119427,41.6533,4,-0.509093,0.485208,-0.137318,-0.880869,0.098023,0.872393,-3.56542,-12.7219,-0.0443492,7.98494
2004-03-17,29.685,1.37426,91.0625,7113.53,0.0280434,42.3265,4,-0.429121,0.485208,0.0111602,-0.869403,0.098023,0.872393,-3.20826,-12.8544,0.0635942,8.32556
2004-03-18,29.685,1.15726,91.0625,7113.53,-0.0489476,42.8357,4,-0.515177,0.417282,-0.137754,-0.892599,0.200483,0.63408,-2.8813,-13.0073,0.255716,8.4686
2004-03-19,29.735,1.22928,91.0625,7113.53,-0.0121079,43.5718,4,-0.443928,0.419713,-0.00349958,-0.884357,0.205345,0.63408,-2.33028,-13.1643,0.452252,8.61408
2004-03-22,29.735,1.22928,91.0625,7113.53,-0.0119497,44.0803,4,-0.443612,0.419713,-0.00298655,-0.884237,0.205345,0.63408,-2.00644,-13.3186,0.648949,8.75638
2004-03-23,29.785,1.22712,91.0625,7113.53,0.025653,44.6053,4,-0.368644,0.41995,0.146931,-0.88422,0.205821,0.63408,-1.6512,-13.4744,0.832369,8.89853
2004-03-24,29.73,1.45869,91.0625,7113.53,-0.045828,44.9285,4,-0.513841,0.422185,-0.169672,-0.858011,0.210291,0.63408,-1.53288,-13.5826,1.00551,9.0384
2004-03-25,29.73,1.45869,91.0625,7113.53,-0.0432171,45.1712,4,-0.512853,0.426418,-0.169877,-0.855828,0.218757,0.63408,-1.52943,-13.6624,1.18562,9.17742
2004-03-26,29.73,1.4662,91.0625,7113.53,-0.0791343,45.279,4,-0.587105,0.428836,-0.322047,-0.852163,0.223593,0.63408,-1.67421,-13.7315,1.3696,9.31515
2004-03-29,29.735,1.42411,91.0625,7113.53,-0.0764042,45.299,4,-0.581988,0.42918,-0.308042,-0.855934,0.224279,0.63408,-1.8993,-13.8078,1.55404,9.45208
2004-03-30,29.73,1.34163,91.0625,7113.53,-0.121136,45.167,4,-0.671623,0.429352,-0.479147,-0.8641,0.224624,0.63408,-2.26483,-13.8942,1.73851,9.58755
2004-03-31,29.68,1.50661,91.0625,7113.53,-0.112882,45.067,4,-0.655116,0.429352,-0.466323,-0.843909,0.224624,0.63408,-2.64386,-13.9354,1.92299,9.72327
2004-04-01,29.685,1.50529,91.0625,7113.53,-0.106568,44.9819,4,-0.642488,0.429352,-0.451203,-0.833773,0.224624,0.63408,-3.01141,-13.9733,2.10746,9.8591
2004-04-02,29.68,1.50911,91.0625,7113.53,-0.110282,44.9108,4,-0.649917,0.429352,-0.467628,-0.832206,0.224624,0.63408,-3.36956,-14.0066,2.29192,9.99504
2004-04-05,29.68,1.50911,91.0625,7113.53,-0.111137,44.9382,4,-0.651626,0.429352,-0.483133,-0.820119,0.224624,0.63408,-3.64779,-14.0227,2.47662,10.132
2004-04-06,29.63,1.64653,91.0625,7113.53,-0.141685,44.9912,4,-0.712722,0.429352,-0.623977,-0.801467,0.224624,0.63408,-3.92348,-14.016,2.6614,10.2693
2004-04-07,29.63,1.64653,91.0625,7113.53,-0.101428,45.1861,4,-0.632208,0.429352,-0.46827,-0.796146,0.224624,0.63408,-4.0707,-13.9979,2.84662,10.4081
2004-04-08,29.63,1.53351,91.0625,7113.53,-0.106865,45.2387,4,-0.643082,0.429352,-0.483691,-0.802474,0.224624,0.63408,-4.34765,-13.9905,3.03146,10.5454
2004-04-12,29.63,1.53222,91.0625,7113.53,-0.101158,45.3076,4,-0.631668,0.429352,-0.463511,-0.799824,0.224624,0.63408,-4.61845,-13.9732,3.21637,10.6829
2004-04-13,29.63,1.53222,91.0625,7113.53,-0.0988279,45.4348,4,-0.627008,0.429352,-0.454616,-0.7994,0.224624,0.63408,-4.88045,-13.9072,3.4015,10.8209
2004-04-14,29.68,1.6461,91.1396,7324.05,0.15397,45.9786,4,-0.460478,0.768419,-0.134766,-0.78619,0.31773,1.21911,-4.88075,-13.8361,3.58394,11.1115
2004-04-15,29.685,1.53355,91.1396,7324.05,-0.0407503,45.7531,4,-0.453238,0.371737,-0.117447,-0.789029,0.0225461,0.720929,-4.98559,-13.7673,3.52115,10.9848
2004-04-16,29.685,1.53355,91.1396,7324.05,-0.0493517,45.7517,4,-0.447222,0.348518,-0.115132,-0.779312,0.0225461,0.674491,-4.96697,-13.6741,3.37477,11.018
2004-04-20,29.64,1.48777,91.1396,7324.05,-0.0850408,45.5127,4,-0.5186,0.348518,-0.25703,-0.78017,0.0225461,0.674491,-5.17439,-13.5854,3.22369,11.0488
2004-04-21,29.65,1.49737,91.1396,7324.05,-0.0760764,45.3027,4,-0.500718,0.348566,-0.226285,-0.775152,0.0226405,0.674491,-5.35695,-13.4929,3.0728,11.0798
2004-04-22,29.65,1.33612,91.1396,7324.05,-0.120089,44.826,4,-0.589188,0.349009,-0.385603,-0.792773,0.0235278,0.674491,-5.79195,-13.411,2.92145,11.1075
2004-04-23,29.61,1.26579,91.1396,7324.05,-0.158127,44.4591,4,-0.665688,0.349434,-0.531788,-0.799587,0.0243773,0.674491,-6.08703,-13.3575,2.76751,11.1361
2004-04-26,29.46,2.14004,91.1396,7324.05,-0.250112,43.7844,4,-0.849659,0.349434,-0.997969,-0.701349,0.0243773,0.674491,-6.76164,-13.2195,2.60563,11.1599
2004-04-27,29.51,2.26877,91.1396,7324.05,-0.158468,43.5262,4,-0.666534,0.349598,-0.649375,-0.683693,0.0247047,0.674491,-7.02787,-13.0766,2.44153,11.1892
2004-04-28,29.71,3.39938,91.1396,7324.05,0.0348669,43.8885,4,-0.279864,0.349598,-0.00461755,-0.55511,0.0247047,0.674491,-6.78218,-12.836,2.27888,11.2278
2004-04-29,29.76,3.45326,91.1396,7324.05,0.0780211,44.5381,4,-0.193555,0.349598,0.161367,-0.548478,0.0247047,0.674491,-6.26134,-12.5869,2.11644,11.2699
2004-04-30,29.76,3.39233,91.1396,7324.05,0.113862,45.2795,4,-0.121874,0.349598,0.298905,-0.542652,0.0247047,0.674491,-5.63713,-12.3492,1.95374,11.3121
2004-05-03,29.61,3.85958,91.1396,7324.05,0.132413,46.0627,4,-0.0847721,0.349598,0.302863,-0.472407,0.0247047,0.674491,-5.02069,-12.0607,1.79064,11.3535
2004-05-04,29.65,3.89486,91.1396,7324.05,0.128377,46.8464,4,-0.0928441,0.349598,0.268939,-0.454627,0.0247047,0.674491,-4.4172,-11.7569,1.62709,11.3934
2004-05-05,29.7,3.94338,91.1396,7324.05,0.00647679,47.233,4,-0.336644,0.349598,-0.239805,-0.433484,0.0247047,0.674491,-4.21788,-11.4413,1.46284,11.4294
2004-05-06,29.65,3.94331,91.1396,7324.05,-0.0724021,47.4609,4,-0.494402,0.349598,-0.57717,-0.411634,0.0247047,0.674491,-4.17986,-11.1217,1.29837,11.4641
2004-05-07,29.75,4.1168,91.1396,7324.05,0.022193,47.8678,4,-0.305212,0.349598,-0.234363,-0.376061,0.0247047,0.674491,-3.98801,-10.7779,1.13394,11.4997
2004-05-10,29.85,4.26462,91.1396,7324.05,0.243988,49.0235,4,0.138379,0.349598,0.633944,-0.357186,0.0247047,0.674491,-3.06847,-10.415,0.969616,11.5373
2004-05-11,29.85,4.26462,91.1396,7324.05,0.210201,50.0499,4,0.0708045,0.349598,0.499425,-0.357816,0.0247047,0.674491,-2.27515,-10.0517,0.804944,11.5718
2004-05-12,29.8,4.325,91.1396,7324.05,0.121932,50.7776,4,-0.105734,0.349598,0.138702,-0.350169,0.0247047,0.674491,-1.78604,-9.68086,0.640135,11.6044
2004-05-13,29.8,4.29391,91.1396,7324.05,0.166432,50.8187,4,-0.0167344,0.349598,0.319518,-0.352987,0.0247047,0.674491,-1.41165,-9.32379,0.398644,11.1555
2004-05-14,29.8,4.2945,91.1396,7324.05,0.0772568,51.2076,4,-0.195084,0.349598,-0.0375385,-0.35263,0.0247047,0.674491,-1.34568,-8.9634,0.400389,11.1163
2004-05-18,29.71,4.44416,91.4501,7383.53,0.0500364,51.535,4,-0.525861,0.625934,-0.716452,-0.33527,0.436038,0.815829,-1.84103,-8.59668,0.741057,11.2317
2004-05-19,29.71,4.40603,91.4501,7383.53,0.0517206,51.9854,4,-0.522492,0.625934,-0.70799,-0.336994,0.436038,0.815829,-2.21224,-8.23015,1.08158,11.3462
2004-05-20,29.76,4.44061,91.4501,7383.53,0.166305,52.7831,4,-0.336415,0.669026,-0.3459,-0.32693,0.678446,0.659606,-2.30986,-7.85775,1.62121,11.3295
2004-05-21,29.81,4.4712,91.4501,7383.53,0.213392,53.8786,4,-0.242241,0.669026,-0.164885,-0.319597,0.678446,0.659606,-2.12646,-7.46236,2.15888,11.3085
2004-05-24,29.81,4.43187,91.4501,7383.53,0.211786,55.0903,4,-0.244462,0.668034,-0.165325,-0.3236,0.676463,0.659606,-1.82282,-7.06259,2.69238,11.2833
2004-05-25,29.86,3.96072,91.4501,7383.53,0.309411,56.9138,4,-0.0163474,0.63517,0.34509,-0.377785,0.674491,0.595849,-0.71725,-6.78088,3.21925,11.1927
2004-05-26,29.81,4.02568,91.4501,7383.53,0.251039,58.2393,4,-0.101214,0.603292,0.165131,-0.367558,0.674491,0.532093,-0.0492287,-6.50767,3.74405,11.0522
2004-05-27,29.81,3.28003,91.4501,7383.53,0.185702,58.7253,4,-0.234857,0.60626,-0.0203873,-0.449326,0.674491,0.53803,-0.0620776,-6.41543,4.27197,10.9309
2004-05-28,29.76,3.29123,91.4501,7383.53,0.0942778,58.7776,4,-0.42074,0.609296,-0.398661,-0.442819,0.674491,0.5441,-0.519874,-6.32843,4.80272,10.8232
2004-05-31,29.71,3.34492,91.4501,7383.53,0.0476162,58.5644,4,-0.514063,0.609296,-0.596747,-0.43138,0.674491,0.5441,-1.25253,-6.23995,5.33602,10.7209
2004-06-01,29.71,2.78304,91.4501,7383.53,-0.00636,58.1169,4,-0.635831,0.623111,-0.776974,-0.494689,0.674491,0.571732,-2.13732,-6.26318,5.87211,10.6453
2004-06-02,29.825,3.05431,91.4501,7383.53,0.166794,58.2409,4,-0.306917,0.640505,-0.152352,-0.461481,0.674491,0.60652,-2.48159,-6.26743,6.40253,10.5874
2004-06-03,29.77,3.09791,91.4501,7383.53,0.117731,58.5995,4,-0.407172,0.642635,-0.360433,-0.453911,0.674491,0.610778,-2.57862,-6.28007,6.92974,10.5285
2004-06-04,29.77,3.02475,91.4501,7383.53,0.164521,59.3607,4,-0.313593,0.642635,-0.171189,-0.455997,0.674491,0.610778,-2.24333,-6.30706,7.45012,10.4609
2004-06-07,29.82,2.84439,91.4501,7383.53,0.255763,60.1076,4,-0.131109,0.642635,0.210561,-0.472778,0.674491,0.610778,-1.87708,-6.376,7.96815,10.3926
2004-06-08,29.82,2.57428,91.4501,7383.53,0.248661,60.1225,4,-0.145312,0.642635,0.212399,-0.503023,0.674491,0.610778,-2.22068,-6.49468,8.49761,10.3403
2004-06-09,29.77,2.63807,91.4501,7383.53,0.0914946,59.7434,4,-0.459645,0.642635,-0.43014,-0.48915,0.674491,0.610778,-2.98091,-6.60713,9.0347,10.2967
2004-06-10,29.77,2.57443,91.4501,7383.53,0.143991,59.8139,4,-0.354652,0.642635,-0.217877,-0.491428,0.674491,0.610778,-3.27135,-6.72138,9.56342,10.2432
2004-06-11,29.715,2.65214,91.4501,7383.53,0.092424,59.5772,4,-0.457787,0.642635,-0.439892,-0.475681,0.674491,0.610778,-3.89279,-6.82486,10.0985,10.1963
2004-06-14,29.71,2.65161,91.3591,7459.93,0.0619349,59.5281,4,-0.562861,0.686731,-0.658913,-0.466809,0.556189,0.817273,-4.40038,-6.91875,10.5334,10.3139
2004-06-15,29.71,2.42451,91.3591,7459.93,0.0545199,59.5425,4,-0.577691,0.686731,-0.662296,-0.493086,0.556189,0.817273,-4.35605,-7.04736,10.6311,10.3148
2004-06-16,29.7,2.42746,91.3591,7459.93,-0.0484793,59.2213,4,-0.497496,0.400538,-0.501336,-0.493656,0.424459,0.376616,-4.19009,-7.1799,10.6286,9.96274
2004-06-17,29.65,2.40912,91.3591,7459.93,-0.110497,58.331,4,-0.598038,0.377044,-0.701354,-0.494721,0.413515,0.340573,-4.48795,-7.32925,10.4297,9.71848
2004-06-18,29.65,2.30846,91.3591,7459.93,-0.0576454,57.455,4,-0.492335,0.377044,-0.480974,-0.503696,0.413515,0.340573,-4.75358,-7.49094,10.2281,9.47147
2004-06-21,29.75,2.64533,91.3591,7459.93,0.0607645,56.9653,4,-0.258292,0.379821,-0.0589012,-0.457683,0.419069,0.340573,-4.66989,-7.60652,10.0247,9.21701
2004-06-22,29.75,2.56161,91.3591,7459.93,0.0604919,56.1558,4,-0.263042,0.384026,-0.0591882,-0.466897,0.427479,0.340573,-5.00703,-7.68826,9.83327,9.01786
2004-06-23,29.75,2.50055,91.3591,7459.93,0.0704624,55.567,4,-0.244471,0.385396,-0.0181601,-0.470782,0.430218,0.340573,-5.16127,-7.77868,9.63979,8.86713
2004-06-24,29.7,2.56209,91.3591,7459.93,0.073391,55.2001,4,-0.238614,0.385396,-0.0178164,-0.459411,0.430218,0.340573,-5.16131,-7.79022,9.44307,8.70856
2004-06-25,29.75,2.57986,91.3591,7459.93,0.124068,55.2974,4,-0.137261,0.385396,0.18636,-0.460881,0.430218,0.340573,-4.68002,-7.80422,9.24132,8.54037
2004-06-28,29.75,2.50388,91.3591,7459.93,0.0179188,55.2004,4,-0.349558,0.385396,-0.22378,-0.475336,0.430218,0.340573,-4.37401,-7.84119,9.04156,8.37402
2004-06-29,29.75,2.50388,91.3591,7459.93,0.0175776,55.2786,4,-0.350241,0.385396,-0.223728,-0.476753,0.430218,0.340573,-3.91899,-7.82577,8.84005,8.18334
2004-06-30,29.7,2.13546,91.3591,7459.93,-0.046059,54.5823,4,-0.477514,0.385396,-0.430515,-0.524512,0.430218,0.340573,-4.15058,-7.88328,8.64558,7.97057
2004-07-01,29.65,2.11982,91.3591,7459.93,-0.0473167,54.0414,4,-0.480029,0.385396,-0.432863,-0.527196,0.430218,0.340573,-4.21222,-7.94745,8.44885,7.75218
2004-07-02,29.56,2.3442,91.3591,7459.93,-0.186785,52.8876,4,-0.760571,0.387001,-1.02191,-0.499233,0.432083,0.341919,-4.91629,-7.98974,8.25634,7.5373
2004-07-05,29.51,2.26053,91.3591,7459.93,-0.24045,51.2541,4,-0.87186,0.39096,-1.23395,-0.509766,0.437138,0.344783,-6.11011,-8.02589,8.06662,7.32346
2004-07-06,29.51,2.26053,91.3591,7459.93,-0.237445,49.6517,4,-0.871504,0.396614,-1.23395,-0.509054,0.443403,0.349824,-7.30307,-8.03208,7.87739,7.10951
2004-07-07,29.51,2.22495,91.3591,7459.93,-0.178763,48.761,4,-0.761911,0.404386,-1.00969,-0.514133,0.45098,0.357792,-7.77956,-8.05148,7.69204,6.89998
2004-07-08,29.51,2.22495,91.3591,7459.93,-0.122238,47.8841,4,-0.657173,0.412698,-0.800643,-0.513704,0.463117,0.362278,-8.25724,-8.06735,7.51554,6.69315
2004-07-09,29.51,2.16548,91.3591,7459.93,-0.0269934,47.4911,4,-0.473896,0.419909,-0.428675,-0.519117,0.47754,0.362278,-8.24643,-8.10158,7.35189,6.4872
2004-07-12,29.46,2.21613,91.3591,7459.93,-0.0240492,47.2082,4,-0.471408,0.423309,-0.430865,-0.511951,0.48434,0.362278,-8.05733,-8.13748,7.29157,6.11149
2004-07-13,29.41,2.25487,91.3591,7459.93,-0.0873003,46.7421,4,-0.580017,0.405417,-0.651804,-0.508231,0.48434,0.326494,-8.04631,-8.14754,7.23026,5.70564
2004-07-14,29.41,2.26141,91.3591,7459.93,-0.273875,46.0021,4,-0.583056,0.0353058,-0.657981,-0.50813,0.36643,-0.295819,-8.17065,-8.15485,7.17843,5.14915
2004-07-15,29.41,2.22213,91.417,7461.9,-0.254383,45.5304,4,-0.585245,0.076479,-0.658663,-0.511828,0.443141,-0.290183,-8.1321,-8.16549,7.19978,4.62822
2004-07-16,29.46,2.34191,91.417,7461.9,-0.198306,45.0699,4,-0.467085,0.0704732,-0.439998,-0.494172,0.431129,-0.290183,-8.0947,-8.15393,7.21097,4.10758
2004-07-19,29.41,1.93947,91.417,7461.9,-0.211437,44.1807,4,-0.493348,0.0704732,-0.440407,-0.546288,0.431129,-0.290183,-8.39983,-8.21846,7.21359,3.58542
2004-07-20,29.46,2.09382,91.417,7461.9,-0.0964736,43.6693,4,-0.263421,0.0704732,-0.00108855,-0.525752,0.431129,-0.290183,-8.34662,-8.26135,7.21183,3.0654
2004-07-21,29.51,2.22862,91.417,7461.9,-0.0352374,43.3254,4,-0.144064,0.0735889,0.218739,-0.506866,0.437361,-0.290183,-8.14832,-8.28702,7.21427,2.54653
2004-07-22,29.46,2.22966,91.417,7461.9,-0.0882201,42.8007,4,-0.253236,0.076796,-0.000902716,-0.50557,0.443775,-0.290183,-8.12815,-8.31844,7.21979,2.02754
2004-07-23,29.36,2.32622,91.417,7461.9,-0.25026,41.5904,4,-0.580254,0.0797339,-0.668103,-0.492405,0.449651,-0.290183,-8.81072,-8.32744,7.22112,1.50748
2004-07-26,29.31,2.34074,91.417,7461.9,-0.241545,40.7561,4,-0.580748,0.0976569,-0.673845,-0.487651,0.485497,-0.290183,-9.16435,-8.32432,7.25484,0.989941
2004-07-27,29.41,2.75932,91.417,7461.9,-0.15948,40.1891,4,-0.439015,0.120054,-0.448672,-0.429357,0.530292,-0.290183,-9.33717,-8.27595,7.32802,0.474233
2004-07-28,29.41,2.73428,91.417,7461.9,-0.213345,39.6553,4,-0.552379,0.125688,-0.672134,-0.432624,0.54156,-0.290183,-9.52316,-8.19143,7.4102,-0.0402742
2004-07-29,29.46,2.80123,91.417,7461.9,-0.0982692,39.4931,4,-0.322227,0.125688,-0.224151,-0.420303,0.54156,-0.290183,-9.34966,-8.10135,7.49816,-0.554024
2004-07-30,29.46,2.61133,91.417,7461.9,0.00883984,40.1169,4,-0.108009,0.125688,0.224859,-0.440876,0.54156,-0.290183,-8.34565,-8.06494,7.59781,-1.07036
2004-08-02,29.21,3.93137,91.417,7461.9,-0.17113,40.3385,4,-0.46757,0.12531,-0.675545,-0.259595,0.54156,-0.29094,-7.89388,-7.86457,7.68658,-1.58963
2004-08-03,29.31,4.17019,91.417,7461.9,-0.162699,40.5778,4,-0.450168,0.12477,-0.673818,-0.226517,0.54156,-0.29202,-7.44046,-7.63778,7.77052,-2.11444
2004-08-04,29.26,4.19569,91.417,7461.9,-0.217895,40.4525,4,-0.560399,0.12461,-0.89933,-0.221468,0.54156,-0.29234,-7.34848,-7.39694,7.84245,-2.64455
2004-08-05,29.26,4.19569,91.417,7461.9,-0.273451,39.9691,4,-0.671512,0.12461,-1.12369,-0.219332,0.54156,-0.29234,-7.60436,-7.14934,7.89839,-3.17561
2004-08-06,29.26,4.19569,91.417,7461.9,-0.273519,39.1843,4,-0.669453,0.122415,-1.12286,-0.216046,0.54156,-0.29673,-8.15588,-6.88996,7.93646,-3.70636
2004-08-09,29.21,4.19628,91.417,7461.9,-0.0488269,39.1056,4,-0.217807,0.120153,-0.223166,-0.212448,0.54156,-0.301254,-7.98534,-6.64494,7.98155,-4.24564
2004-08-10,29.16,4.19687,91.417,7461.9,-0.217759,38.6923,4,-0.555671,0.120153,-0.900564,-0.210777,0.54156,-0.301254,-8.17957,-6.39647,8.02007,-4.75173
2004-08-11,29.06,4.3257,91.417,7461.9,-0.272439,38.6968,4,-0.660301,0.115423,-1.12869,-0.191913,0.5321,-0.301254,-8.56234,-6.13946,8.15485,-4.7562
2004-08-12,28.96,4.43413,91.417,7461.9,-0.384567,38.2857,4,-0.879828,0.110693,-1.58379,-0.175866,0.52264,-0.301254,-9.30479,-5.86025,8.21096,-4.76026
2004-08-13,28.86,4.43108,91.417,7461.9,-0.692445,36.7372,4,-1.10742,-0.277473,-2.03924,-0.175595,-0.074529,-0.480417,-10.5584,-5.57762,7.76701,-4.89379
2004-08-16,28.72,4.6323,91.2778,7459.42,-0.860725,34.7354,4,-1.301,-0.420453,-2.45501,-0.146981,-0.353128,-0.487778,-12.1095,-5.22107,7.08714,-5.02122
2004-08-17,28.46,5.27955,91.2778,7459.42,-1.08462,31.7703,4,-1.743,-0.426234,-3.42881,-0.0571894,-0.364691,-0.487778,-14.6937,-4.78919,6.37398,-5.12077
2004-08-18,28.46,5.16686,91.2778,7459.42,-0.975193,29.0541,4,-1.5239,-0.426487,-2.97509,-0.0727059,-0.365196,-0.487778,-17.0111,-4.38773,5.66344,-5.2105
2004-08-19,28.61,5.74459,91.2778,7459.42,-0.667646,27.4357,4,-0.908551,-0.42674,-1.82623,0.00912612,-0.365703,-0.487778,-18.2812,-3.94924,4.98465,-5.3185
2004-08-20,28.71,5.95333,91.2778,7459.42,-0.430254,26.9422,4,-0.433767,-0.42674,-0.906456,0.0389211,-0.365703,-0.487778,-18.4136,-3.52611,4.33841,-5.45644
2004-08-23,28.86,6.35568,91.2778,7459.42,-0.0834224,27.3755,4,0.259895,-0.42674,0.423166,0.0966247,-0.365703,-0.487778,-17.6076,-3.08099,3.68792,-5.62375
2004-08-24,29.06,6.76896,91.2778,7459.42,0.459609,29.1045,4,1.34596,-0.42674,2.53559,0.156323,-0.365703,-0.487778,-15.4329,-2.65066,3.01991,-5.83182
2004-08-26,29.11,6.81646,91.2778,7459.42,0.516705,31.2065,4,1.46318,-0.429772,2.76256,0.163803,-0.365703,-0.49384,-12.8679,-2.20496,2.33166,-6.05231
2004-08-27,28.72,8.16186,91.2778,7459.42,-0.0562719,31.3294,4,0.32287,-0.435414,0.287792,0.357949,-0.365703,-0.505125,-12.4691,-1.58918,1.61367,-6.22602
2004-08-30,27.52,16.7852,91.2778,7459.42,-0.818543,28.9479,4,-1.19909,-0.438001,-4,1.60183,-0.365703,-0.510298,-15.6385,0.0298925,0.884235,-6.3277
2004-08-31,28.82,24.1712,91.2778,7459.42,0.347274,30.4301,4,1.13255,-0.438001,-0.402134,2.66723,-0.365703,-0.510298,-15.5378,2.34093,0.174432,-6.54746
2004-09-01,28.57,24.2822,91.2778,7459.42,-0.164454,30.4251,4,0.109092,-0.438001,-2.46506,2.68325,-0.365703,-0.510298,-16.9516,4.63816,-0.541866,-6.71964
2004-09-02,28.42,24.3233,91.2778,7459.42,-0.391101,29.9261,4,-0.344202,-0.438001,-3.37758,2.68918,-0.365703,-0.510298,-18.8631,6.91959,-1.25516,-6.87527
2004-09-03,28.32,24.3275,91.2778,7459.42,-0.0599502,30.5417,4,0.3181,-0.438001,-2.05358,2.68978,-0.365703,-0.510298,-19.6531,9.23797,-1.97553,-7.06767
2004-09-06,28.26,24.3203,91.2778,7459.42,1.2791,35.1757,4,2.9962,-0.438001,3.30366,2.68874,-0.365703,-0.510298,-16.4583,11.7481,-2.74252,-7.37159
2004-09-07,28.51,24.6068,91.2778,7459.42,0.0563897,35.4988,4,0.55078,-0.438001,-1.62851,2.73007,-0.365703,-0.510298,-17.608,14.131,-3.47632,-7.54788
2004-09-08,28.51,24.6097,91.2778,7459.42,0.344136,37.2418,4,1.12627,-0.438001,-0.477939,2.73048,-0.365703,-0.510298,-17.3595,16.5883,-4.22957,-7.75736
2004-09-09,28.26,24.75,91.2778,7459.42,0.234715,38.8379,4,0.907431,-0.438001,-0.93586,2.75072,-0.365703,-0.510298,-17.2757,19.0512,-4.97753,-7.96002
2004-09-13,28.11,24.7796,91.2778,7459.42,0.166099,40.5925,4,0.795951,-0.463752,-1.16308,2.75498,-0.178644,-0.748861,-17.0001,21.519,-5.56965,-8.35674
2004-09-14,27.96,24.8086,91.3793,7510.67,0.148715,43.3083,4,0.585044,-0.287613,-1.58908,2.75917,0.0149558,-0.590181,-16.7107,24.0273,-5.52239,-8.48601
2004-09-15,27.76,24.8627,91.3793,7510.67,-0.381048,44.8722,4,-0.467005,-0.295091,-3.70099,2.76698,0,-0.590181,-17.7675,26.4694,-5.24298,-8.58681
2004-09-16,27.71,24.7094,91.3793,7510.67,-0.43643,46.9977,4,-0.57777,-0.295091,-3.9004,2.74486,0,-0.590181,-18.1882,28.8249,-4.95225,-8.68678
2004-09-17,28.01,25.0794,91.3793,7510.67,0.234286,50.982,4,0.763664,-0.295091,-1.27091,2.79824,0,-0.590181,-16.7991,31.2151,-4.65548,-8.77851
2004-09-20,27.96,24.9783,91.3793,7510.67,0.347447,54.3201,4,0.989985,-0.295091,-0.803687,2.78366,0,-0.590181,-15.9268,33.4394,-4.34602,-8.84643
2004-09-21,27.71,25.0633,91.3793,7510.67,0.230541,56.4783,4,0.756174,-0.295091,-1.28357,2.79591,0,-0.590181,-16.197,35.6192,-4.03524,-8.90867
2004-09-22,27.61,24.9326,91.3793,7510.67,0.343563,57.863,4,0.982216,-0.295091,-0.812627,2.77706,0,-0.590181,-17.1746,37.7386,-3.72727,-8.97368
2004-09-23,27.51,24.7009,91.3793,7510.67,0.274886,57.265,4,0.844863,-0.295091,-1.05391,2.74363,0,-0.590181,-20.1332,39.8956,-3.43115,-9.06629
2004-09-24,27.61,24.7558,91.3793,7510.67,0.0409727,55.7176,4,0.377036,-0.295091,-1.99749,2.75156,0,-0.590181,-24.0858,42.1063,-3.13811,-9.16479
2004-09-27,27.61,24.4332,91.3793,7510.67,0.0883679,56.1891,4,0.471827,-0.295091,-1.76136,2.70502,0,-0.590181,-25.7535,44.0079,-2.83606,-9.22915
2004-09-28,27.61,19.1208,91.3793,7510.67,0.193363,59.4597,4,0.681817,-0.295091,-0.575092,1.93873,0,-0.590181,-22.8169,44.0425,-2.52202,-9.24396
2004-09-29,27.56,8.38419,91.3793,7510.67,-0.135417,57.9063,4,0.0298338,-0.300669,-0.337241,0.396909,0,-0.601337,-22.83,42.3116,-2.22993,-9.34533
2004-09-30,27.41,8.12633,91.3793,7510.67,-0.205371,57.7741,4,-0.104281,-0.306461,-0.574282,0.365719,0,-0.612922,-21.2866,40.4231,-1.93094,-9.43144
2004-10-01,27.31,8.06233,91.3793,7510.67,-0.448913,57.587,4,-0.591364,-0.306461,-1.54004,0.357313,0,-0.612922,-19.7879,38.5253,-1.63196,-9.5184
2004-10-04,27.22,8.05707,91.3793,7510.67,-0.558256,55.9681,4,-0.810051,-0.306461,-1.97773,0.357632,0,-0.612922,-19.7719,36.7005,-1.3355,-9.62491
2004-10-05,27.22,8.0873,91.3793,7510.67,-0.557083,49.9372,4,-0.807705,-0.306461,-1.97773,0.362324,0,-0.612922,-24.199,34.9211,-1.03912,-9.74568
2004-10-06,27.17,7.03691,91.3793,7510.67,-0.597424,47.783,4,-0.888386,-0.306461,-1.98118,0.204409,0,-0.612922,-24.4771,32.8226,-0.737333,-9.8252
2004-10-07,27.02,7.0601,91.3793,7510.67,-0.599032,44.6883,4,-0.891602,-0.306461,-1.9916,0.208393,0,-0.612922,-25.6609,30.6697,-0.435017,-9.88545
2004-10-08,26.71,7.4312,91.3793,7510.67,-0.844228,41.1884,4,-1.38199,-0.306461,-3.03077,0.266782,0,-0.612922,-27.2384,28.478,-0.1338,-9.91738
2004-10-12,26.76,7.54771,91.3793,7510.67,-0.667924,38.5288,4,-1.02939,-0.306461,-2.34651,0.287733,0,-0.612922,-28.0411,26.3068,0.0121537,-9.74901
2004-10-13,26.71,7.47171,91.3793,7510.67,-0.731677,35.779,4,-1.15689,-0.306461,-2.59398,0.280193,0,-0.612922,-28.6324,24.1026,0,-9.69122
2004-10-14,26.96,8.28882,91.3793,7510.67,-0.326089,35.9487,4,-0.345716,-0.306461,-1.10464,0.41321,0,-0.612922,-26.5533,22.2167,0,-9.71479
2004-10-15,27.31,9.72669,91.298,7514.7,0.268729,38.1494,4,0.989053,-0.451595,1.3347,0.6434,-0.296825,-0.606365,-22.4718,20.6517,-0.240978,-9.78961
2004-10-18,28.01,12.868,91.298,7514.7,1.05993,40.7752,4,2.57145,-0.451595,4,1.14289,-0.296825,-0.606365,-18.3025,19.4245,-0.484867,-9.86198
2004-10-19,27.71,13.4167,91.298,7514.7,1.08174,43.1462,4,2.61507,-0.451595,4,1.23013,-0.296825,-0.606365,-14.4379,18.2299,-0.730276,-9.91559
2004-10-20,27.46,13.4235,91.298,7514.7,0.975292,45.5764,4,2.40218,-0.451595,3.57313,1.23123,-0.296825,-0.606365,-10.4853,16.996,-0.976531,-9.95773
2004-10-21,27.16,13.9003,91.298,7514.7,0.325165,45.5162,4,1.09417,-0.443836,0.881305,1.30703,-0.281306,-0.606365,-9.09155,15.786,-1.20783,-9.97047
2004-10-22,27.105,13.869,91.298,7514.7,-0.173205,44.0517,4,0.104166,-0.450576,-1.09372,1.30205,-0.265788,-0.635363,-9.10957,14.5768,-1.42412,-9.99148
2004-10-25,27.3,14.0723,91.298,7514.7,-0.770568,41.4213,4,-1.07985,-0.461287,-3.49409,1.33439,-0.2553,-0.667274,-10.2964,13.3586,-1.62711,-10.0139
2004-10-26,27.31,14.0749,91.298,7514.7,-0.399507,39.8575,4,-0.342971,-0.456044,-2.02074,1.33479,-0.244813,-0.667274,-10.4753,12.1995,-1.82154,-10.0451
2004-10-27,27.21,14.1162,91.298,7514.7,-0.219409,38.5469,4,0.0172263,-0.456044,-1.30691,1.34136,-0.244813,-0.667274,-11.0378,11.6765,-2.01489,-10.0768
2004-10-28,26.91,14.5865,91.298,7514.7,-0.202698,38.3345,4,0.0506473,-0.456044,-1.31486,1.41615,-0.244813,-0.667274,-11.8259,12.498,-2.21265,-10.125
2004-10-29,26.96,14.5339,91.298,7514.7,-0.0727554,38.7535,4,0.310533,-0.456044,-0.786718,1.40778,-0.244813,-0.667274,-12.0111,13.3585,-2.41403,-10.1798
2004-11-01,27.06,14.5786,91.298,7514.7,-0.185318,39.5903,4,0.0854068,-0.456044,-1.24408,1.4149,-0.244813,-0.667274,-11.7937,14.2465,-2.61826,-10.2442
2004-11-03,27.31,14.9264,91.298,7514.7,0.125414,41.7821,4,0.706872,-0.456044,-0.0564479,1.47019,-0.244813,-0.667274,-10.2736,15.2198,-2.83015,-10.334
2004-11-04,27.16,15.0619,91.298,7514.7,0.0725433,43.8237,4,0.60113,-0.456044,-0.289476,1.49174,-0.244813,-0.667274,-8.92002,16.1947,-3.03999,-10.411
2004-11-05,27.01,15.175,91.298,7514.7,0.257983,46.6229,4,0.97201,-0.456044,0.434296,1.50972,-0.244813,-0.667274,-6.95685,17.315,-3.25011,-10.4852
2004-11-08,26.96,15.0622,91.298,7514.7,0.130766,49.0249,4,0.717576,-0.456044,-0.0566351,1.49179,-0.244813,-0.667274,-5.3699,18.3917,-3.45543,-10.5415
2004-11-09,26.81,14.604,91.298,7514.7,-0.192607,51.1728,4,0.0708294,-0.456044,-1.27728,1.41894,-0.244813,-0.667274,-3.92468,19.3403,-3.65701,-10.5858
2004-11-10,26.76,14.6072,91.298,7514.7,-0.559204,51.531,4,-0.662364,-0.456044,-2.74416,1.41943,-0.244813,-0.667274,-4.25194,20.2708,-3.85836,-10.6295
2004-11-11,26.66,14.654,91.298,7514.7,-0.497542,52.302,4,-0.53904,-0.456044,-2.50497,1.42689,-0.244813,-0.667274,-4.1773,21.2091,-4.05882,-10.671
2004-11-12,26.51,14.3386,91.298,7514.7,-0.512524,51.6881,4,-0.569004,-0.456044,-2.51474,1.37673,-0.244813,-0.667274,-5.34019,22.0084,-4.26157,-10.7185
2004-11-15,26.06,14.482,90.6519,7450.65,-1.27912,46.59,4,-1.30024,-1.258,-4,1.39953,-1.62203,-0.893976,-9.72664,22.6105,-5.34851,-10.9454
2004-11-16,26.2,10.6557,90.6519,7450.65,-1.20307,39.2586,4,-1.14814,-1.258,-3.08442,0.788147,-1.62203,-0.893976,-15.3865,22.0721,-6.36828,-11.0587
2004-11-17,26.2,10.341,90.6519,7450.65,-1.07981,32.592,4,-1.05444,-1.10518,-2.83786,0.728987,-1.32519,-0.885175,-20.5146,21.2107,-7.05465,-11.0495
2004-11-18,26.2,10.111,90.6519,7450.65,-0.968219,27.0332,4,-0.831255,-1.10518,-2.34233,0.67982,-1.32519,-0.885175,-24.5482,20.2104,-7.66168,-10.9673
2004-11-19,26.1,9.6067,90.6519,7450.65,-0.927334,23.7208,4,-0.749485,-1.10518,-2.10141,0.602438,-1.32519,-0.885175,-26.2881,19.2443,-8.29046,-10.9449
2004-11-22,26.2,9.82577,90.6519,7450.65,-0.223949,23.5915,4,0.648923,-1.09682,0.661795,0.636051,-1.30847,-0.885175,-24.9324,18.7213,-9.07333,-11.1241
2004-11-23,26.46,10.1899,90.6519,7450.65,-0.0587817,25.4407,4,0.970893,-1.08846,1.25753,0.684259,-1.29174,-0.885175,-21.6018,18.4611,-9.98513,-11.4335
2004-11-24,27.06,13.2821,90.6519,7450.65,0.742525,28.559,4,2.57351,-1.08846,4,1.14701,-1.29174,-0.885175,-17.2926,18.656,-10.9888,-11.8156
2004-11-25,26.81,13.6074,90.6519,7450.65,0.50168,30.6174,4,2.09182,-1.08846,2.99035,1.19329,-1.29174,-0.885175,-14.075,18.7313,-11.9294,-12.1095
2004-11-26,26.65,13.2076,90.6519,7450.65,0.415243,32.4317,4,1.91894,-1.08846,2.70523,1.13265,-1.29174,-0.885175,-10.9851,18.6548,-12.8584,-12.3796
2004-11-29,26.75,13.2689,90.6519,7450.65,0.414068,33.8913,4,1.91659,-1.08846,2.69484,1.13834,-1.29174,-0.885175,-8.25883,18.5454,-13.7705,-12.6248
2004-11-30,26.76,13.1851,90.6519,7450.65,0.0968558,34.7487,4,1.28217,-1.08846,1.44173,1.12261,-1.29174,-0.885175,-6.1261,18.3676,-14.654,-12.8388
2004-12-01,26.71,12.6746,90.6519,7450.65,-0.727375,32.1831,4,-0.366293,-1.08846,-1.76148,1.02889,-1.29174,-0.885175,-7.42308,17.8374,-15.3443,-12.887
2004-12-02,26.7,12.5689,90.6519,7450.65,-0.442087,30.674,4,0.204283,-1.08846,-0.586717,0.995283,-1.29174,-0.885175,-7.60885,17.3268,-16.0701,-12.9739
2004-12-03,26.71,12.4514,90.6519,7450.65,-0.236954,29.2529,4,0.614548,-1.08846,0.252403,0.976693,-1.29174,-0.885175,-7.69928,16.7892,-16.7814,-13.0557
2004-12-06,26.66,12.4517,90.6519,7450.65,-0.422426,27.7017,4,0.243605,-1.08846,-0.489066,0.976277,-1.29174,-0.885175,-7.97229,16.2491,-17.4577,-13.1174
2004-12-07,26.66,12.31,90.6519,7450.65,-0.44088,27.0189,4,0.206697,-1.08846,-0.538616,0.952009,-1.29174,-0.885175,-7.36829,15.8234,-18.2012,-13.235
2004-12-08,26.66,12.296,90.6519,7450.65,-0.380551,27.5094,4,0.327356,-1.08846,-0.29183,0.946541,-1.29174,-0.885175,-5.48213,15.5006,-19.067,-13.442
2004-12-09,26.72,12.2499,90.6519,7450.65,-0.29644,28.0667,4,0.495576,-1.08846,0.05446,0.936693,-1.29174,-0.885175,-3.50267,15.1666,-19.9432,-13.654
2004-12-10,26.72,12.0607,90.6519,7450.65,-0.316609,28.6149,4,0.455239,-1.08846,0.00413301,0.906345,-1.29174,-0.885175,-1.5423,14.8435,-20.8214,-13.8649
2004-12-13,26.63,10.2665,90.6519,7450.65,-0.429742,31.0483,4,0.228973,-1.08846,-0.193538,0.651485,-1.29174,-0.885175,1.45309,14.4293,-20.8098,-14.0243
2004-12-14,26.62,10.1509,90.6519,7450.65,-0.545679,32.9912,4,0.195973,-1.28733,-0.24311,0.635056,-1.50814,-1.06652,3.73335,14.4262,-20.8906,-14.2778
2004-12-15,26.62,10.1509,90.4058,7380.54,-0.739462,34.0158,4,0.195988,-1.67491,-0.24308,0.635056,-2.03287,-1.31695,5.82749,14.4073,-21.5393,-14.6796
2004-12-16,26.62,10.1509,90.4058,7380.54,-0.814108,34.4837,4,0.0466955,-1.67491,-0.541665,0.635056,-2.03287,-1.31695,7.28286,14.3956,-22.1438,-15.051
2004-12-17,26.62,10.0099,90.4058,7380.54,-0.816429,34.8219,4,0.0420534,-1.67491,-0.530916,0.615023,-2.03287,-1.31695,8.55373,14.4227,-22.7387,-15.4158
2004-12-20,26.63,9.95489,90.4058,7380.54,-0.694087,33.3968,4,0.286738,-1.67491,-0.0337392,0.607214,-2.03287,-1.31695,7.95335,14.3251,-23.2003,-15.6813
2004-12-21,26.62,9.36494,90.4058,7380.54,-0.705953,31.4739,4,0.255957,-1.66786,-0.0114952,0.523409,-2.01878,-1.31695,6.88406,14.0848,-23.5945,-15.9004
2004-12-22,26.57,4.41753,90.4058,7380.54,-0.938719,26.717,4,-0.219516,-1.65792,-0.260784,-0.178248,-1.99889,-1.31695,3.41916,12.7177,-23.5704,-15.8495
2004-12-23,26.52,3.16055,90.4058,7380.54,-1.04142,22.6956,4,-0.427817,-1.65503,-0.499048,-0.356586,-1.99311,-1.31695,0.698763,11.2075,-23.4633,-15.7474
2004-12-24,26.52,2.42131,90.4058,7380.54,-1.06736,19.1761,4,-0.479696,-1.65503,-0.499048,-0.460345,-1.99311,-1.31695,-1.66359,9.70928,-23.2762,-15.5934
2004-12-27,26.37,2.65905,90.4058,7380.54,-1.25824,15.6339,4,-0.861454,-1.65503,-1.29828,-0.424631,-1.99311,-1.31695,-4.40887,8.24425,-22.8921,-15.3093
2004-12-28,26.33,2.64101,90.4058,7380.54,-1.2957,13.0359,4,-0.936363,-1.65503,-1.44764,-0.425084,-1.99311,-1.31695,-6.21878,6.90935,-22.5796,-15.075
2004-12-29,26.13,3.57297,90.4058,7380.54,-1.45209,11.8091,4,-1.24915,-1.65503,-2.2056,-0.292696,-1.99311,-1.31695,-6.39615,5.89753,-22.6167,-15.0755
2004-12-30,26.43,5.70463,90.4058,7380.54,-0.937303,11.0193,4,-0.219575,-1.65503,-0.449264,0.0101143,-1.99311,-1.31695,-6.22011,5.17112,-22.7745,-15.1572
2004-12-31,26.43,5.69849,90.4058,7380.54,-0.937661,9.96747,4,-0.220291,-1.65503,-0.449825,0.00924222,-1.99311,-1.31695,-6.55226,4.44762,-22.7858,-15.1421
2005-01-03,26.08,7.28738,90.4058,7380.54,-1.13512,8.97491,4,-0.615214,-1.65503,-1.46327,0.232839,-1.99311,-1.31695,-7.03522,3.8885,-22.769,-15.1093
2005-01-04,25.82,7.92665,90.4058,7380.54,-1.39284,7.7663,4,-1.13066,-1.65503,-2.58496,0.323649,-1.99311,-1.31695,-8.09803,3.39562,-22.5728,-14.9585
2005-01-05,25.46,9.03935,90.4058,7380.54,-1.56481,6.44025,4,-1.4746,-1.65503,-3.43091,0.481713,-1.99311,-1.31695,-9.67401,3.00117,-22.197,-14.6899
2005-01-07,25.1,9.80113,90.4058,7380.54,-1.68003,5.12171,4,-1.70504,-1.65503,-4,0.589925,-1.99311,-1.31695,-11.5708,2.67869,-21.6661,-14.3201
2005-01-10,25.25,10.2702,90.4058,7380.54,-1.66387,4.05361,4,-1.67272,-1.65503,-4,0.654562,-1.99311,-1.31695,-13.2689,2.43042,-21.1477,-13.9602
2005-01-11,25.65,12.192,90.4058,7380.54,-1.14511,3.5646,4,-0.635194,-1.65503,-2.19493,0.924545,-1.99311,-1.31695,-14.0351,2.52102,-21.0453,-13.876
2005-01-12,26.31,15.5771,90.4058,7380.54,0.140078,4.03234,4,1.93519,-1.65503,2.48203,1.38835,-1.99311,-1.31695,-12.863,2.98607,-21.7728,-14.318
2005-01-13,26.31,15.5771,90.4058,7380.54,0.516584,5.01759,4,2.6882,-1.65503,4,1.3764,-1.99311,-1.31695,-10.9827,3.52592,-22.6295,-14.8961
2005-01-14,26.26,15.5822,90.157,7393.39,0.434723,6.1786,4,2.6871,-1.81766,4,1.37421,-2.35022,-1.2851,-8.74628,4.09963,-23.7093,-15.4654
2005-01-17,26.21,15.5858,90.157,7393.39,0.442721,7.55152,4,2.68603,-1.80059,4,1.37207,-2.31609,-1.2851,-6.31904,4.7213,-24.8037,-16.047
2005-01-18,25.95,15.9136,90.157,7393.39,-0.152198,8.20942,4,1.47512,-1.77952,1.53519,1.41506,-2.27394,-1.2851,-5.44766,5.29911,-25.355,-16.2871
2005-01-19,25.4,17.4337,90.157,7393.39,-1.47536,7.28758,4,-1.18976,-1.76097,-4,1.62048,-2.23684,-1.2851,-7.74383,5.84475,-24.9139,-15.8995
2005-01-20,24.65,19.9975,90.157,7393.39,-1.37688,6.79925,4,-1.01476,-1.739,-4,1.97048,-2.1929,-1.2851,-9.8805,7.05427,-24.7029,-15.6716
2005-01-21,25.15,21.7155,90.157,7393.39,-1.31798,6.50428,4,-0.896966,-1.739,-4,2.20607,-2.1929,-1.2851,-11.876,8.51641,-24.6147,-15.5215
2005-01-24,25.35,22.0236,90.157,7393.39,-1.30767,6.25613,4,-0.87634,-1.739,-4,2.24732,-2.1929,-1.2851,-13.852,10.0496,-24.5523,-15.3892
2005-01-25,25.6,22.388,90.157,7393.39,-0.744276,6.7961,4,0.250448,-1.739,-1.7928,2.29369,-2.1929,-1.2851,-14.3667,11.8354,-25.0595,-15.613
2005-01-26,25.19,22.9853,90.157,7393.39,-0.551698,7.6406,4,0.635604,-1.739,-1.09608,2.36729,-2.1929,-1.2851,-14.4765,13.8123,-25.7485,-15.9467
2005-01-27,25,22.9836,90.157,7393.39,0.184863,9.77639,4,2.10873,-1.739,1.86141,2.35605,-2.1929,-1.2851,-12.5722,16.1869,-27.1337,-16.7046
2005-01-28,25.15,22.6346,90.157,7393.39,-0.294029,10.7258,4,1.15094,-1.739,0,2.30189,-2.1929,-1.2851,-12.5075,17.9798,-27.7585,-16.988
2005-01-31,24.7,23.2704,90.157,7393.39,-1.13026,10.4349,4,-0.521513,-1.739,-3.42941,2.38638,-2.1929,-1.2851,-14.3779,19.4293,-27.74,-16.8765
2005-02-01,24.4,23.2107,90.157,7393.39,-1.27592,10.2258,4,-0.812843,-1.739,-4,2.37431,-2.1929,-1.2851,-15.9641,20.7397,-27.7602,-16.7895
2005-02-02,24.55,23.301,90.157,7393.39,-1.12733,10.6226,4,-0.515651,-1.739,-3.39769,2.36638,-2.1929,-1.2851,-16.6132,22.2268,-28.0973,-16.8937
2005-02-03,24.4,22.9488,90.157,7393.39,-1.09748,11.3479,4,-0.455957,-1.739,-3.20724,2.29532,-2.1929,-1.2851,-16.6806,23.7134,-28.5933,-17.0915
2005-02-04,24.35,22.4988,90.157,7393.39,-1.3126,11.9425,4,-0.886198,-1.739,-4,2.2276,-2.1929,-1.2851,-16.8474,25.0437,-29.0126,-17.2412
2005-02-09,24.6,22.7359,90.157,7393.39,-0.439428,14.0811,4,0.860145,-1.739,-0.535832,2.25612,-2.1929,-1.2851,-15.0075,26.9614,-30.0933,-17.7796
2005-02-10,24.85,22.2613,90.157,7393.39,0.280997,16.8821,4,2.30099,-1.739,2.41376,2.18823,-2.1929,-1.2851,-12.2494,28.816,-31.2994,-18.3852
2005-02-11,24.8,19.8492,90.157,7393.39,-0.0535772,16.482,4,1.60112,-1.70827,1.33823,1.864,-2.1929,-1.22364,-13.0063,29.0232,-31.2994,-18.2356
2005-02-14,24.76,19.8256,89.4775,7307.81,-0.311942,14.8403,4,1.89443,-2.51832,1.93452,1.85435,-3.58866,-1.44798,-14.186,28.7796,-31.7886,-17.9646
2005-02-15,24.76,19.8515,89.4775,7307.81,0.13775,14.2795,4,2.02717,-1.75167,2.20546,1.84888,-2.26137,-1.24197,-15.3212,28.8947,-31.4921,-17.802
2005-02-16,24.66,19.8512,89.4775,7307.81,-0.335875,12.8778,4,1.07992,-1.75167,0.32176,1.83808,-2.26137,-1.24197,-17.5091,28.6378,-30.8309,-17.42
2005-02-17,24.66,19.7051,89.4775,7307.81,-0.676556,11.9894,4,0.398557,-1.75167,-1.01377,1.81088,-2.26137,-1.24197,-18.97,28.5067,-30.3967,-17.1506
2005-02-18,25.155,19.9105,89.4775,7307.81,0.0513039,14.7006,4,1.85428,-1.75167,1.87647,1.83208,-2.26137,-1.24197,-15.651,29.8031,-31.6393,-17.8121
2005-02-21,25.5,17.1724,89.4775,7307.81,0.465228,18.4823,4,2.68212,-1.75167,3.88638,1.47787,-2.26137,-1.24197,-10.6217,30.7679,-33.0928,-18.5711
2005-02-22,25.7,15.9381,89.4775,7307.81,0.453818,22.641,4,2.6593,-1.75167,4,1.31861,-2.26137,-1.24197,-4.99527,31.2489,-34.3803,-19.2322
2005-02-23,25.45,16.1671,89.4775,7307.81,0.470768,27.3002,4,2.67302,-1.73149,4,1.34605,-2.26137,-1.20161,1.06037,31.5382,-35.5221,-19.7763
2005-02-24,25.35,15.8152,89.4775,7307.81,0.368943,30.4407,4,2.46937,-1.73149,3.63976,1.29898,-2.26137,-1.20161,5.36729,31.2743,-36.1635,-20.0374
2005-02-25,25.35,14.6943,89.4775,7307.81,-0.322775,31.106,4,1.08594,-1.73149,1.01849,1.15339,-2.26137,-1.20161,7.05847,30.4088,-36.3286,-20.0327
2005-02-28,25.46,14.4522,89.4775,7307.81,-0.63765,28.7461,4,0.456187,-1.73149,-0.207114,1.11949,-2.26137,-1.20161,5.35825,29.093,-35.9669,-19.7383
2005-03-02,25.61,14.4472,89.4775,7307.81,-0.702553,27.6063,4,0.326382,-1.73149,-0.462962,1.11573,-2.26137,-1.20161,4.96482,27.9898,-35.7973,-19.551
2005-03-03,25.66,12.5909,89.4775,7307.81,-0.376112,29.7274,4,0.979263,-1.73149,1.08448,0.87405,-2.26137,-1.20161,8.57261,27.1155,-36.2549,-19.7058
2005-03-04,25.71,11.4338,89.4775,7307.81,-0.220932,32.8132,4,1.28962,-1.73149,1.86094,0.718305,-2.26137,-1.20161,13.3669,26.1698,-36.8114,-19.9121
2005-03-07,25.82,11.3769,89.4775,7307.81,-0.0836033,35.9862,4,1.56428,-1.73149,2.42367,0.704891,-2.26137,-1.20161,18.2157,25.1269,-37.2852,-20.0711
2005-03-08,25.72,11.1764,89.4775,7307.81,-0.355063,38.3051,4,1.01,-1.72013,1.34047,0.679543,-2.26137,-1.17889,22.0301,23.9813,-37.5883,-20.1181
2005-03-09,25.62,11.2975,89.4775,7307.81,-0.668215,40.3527,4,0.372766,-1.7092,0.0515056,0.694026,-2.26137,-1.15702,25.4415,22.8442,-37.8235,-20.1095
2005-03-10,25.51,11.1643,89.4775,7307.81,-0.878545,38.9541,4,-0.0478937,-1.7092,-0.773269,0.677481,-2.26137,-1.15702,25.1684,21.4883,-37.7604,-19.9422
2005-03-11,25.51,10.7366,89.4775,7307.81,-0.955734,35.0966,4,-0.202273,-1.7092,-1.02936,0.624818,-2.26137,-1.15702,22.12,19.9928,-37.3976,-19.6185
2005-03-14,25.47,10.7195,89.4775,7307.81,-1.14566,31.8121,4,-0.582126,-1.7092,-1.78587,0.621617,-2.26137,-1.15702,19.362,18.7563,-36.9854,-19.3208
2005-03-15,25.47,10.6759,89.4775,7307.81,-1.0177,29.7612,4,-0.326212,-1.7092,-1.26807,0.615643,-2.26137,-1.15702,16.6598,17.6053,-35.5935,-18.9104
2005-03-16,25.46,10.6837,89.4775,7307.81,-0.90357,26.8508,4,-0.0979444,-1.7092,-0.812112,0.616223,-2.26137,-1.15702,14.0617,16.3752,-35.0371,-18.5489
2005-03-17,25.46,10.5054,88.4588,7411.97,-1.12105,24.7552,4,0.172429,-2.41453,-0.254332,0.59919,-4,-0.829069,13.4358,15.2121,-35.9041,-17.9886
2005-03-18,25.45,10.5142,88.4588,7411.97,-1.03897,23.8182,4,0.15129,-2.22923,-0.305258,0.607838,-3.84852,-0.609944,13.8866,14.1995,-36.8762,-17.3917
2005-03-21,25.45,7.9909,88.4588,7411.97,-1.06737,21.0523,4,0.0944887,-2.22923,-0.101833,0.29081,-3.84852,-0.609944,12.1192,12.7502,-37.2671,-16.55
2005-03-22,25.45,6.33405,88.4588,7411.97,-1.10961,17.496,4,-0.0108083,-2.20841,-0.101833,0.0802162,-3.84852,-0.568304,8.84848,11.3194,-37.1598,-15.512
2005-03-23,25.35,5.73231,88.4588,7411.97,-1.23354,14.1371,4,-0.279486,-2.18759,-0.561293,0.00232085,-3.84852,-0.526664,5.34953,9.96008,-36.7725,-14.4
2005-03-24,25.35,4.61843,88.4588,7411.97,-1.26917,11.1619,4,-0.350741,-2.18759,-0.561293,-0.140188,-3.84852,-0.526664,2.10458,8.53394,-36.1676,-13.309
2005-03-28,25.4,4.45714,88.4588,7411.97,-1.1978,8.89208,4,-0.208001,-2.18759,-0.254932,-0.161069,-3.84852,-0.526664,-0.441179,7.24455,-35.6034,-12.3079
2005-03-29,25.55,4.9072,88.4588,7411.97,-0.992591,8.0341,4,0.202408,-2.18759,0.508365,-0.103549,-3.84852,-0.526664,-0.747891,6.3271,-35.8932,-11.6519
2005-03-30,25.55,4.68199,88.4588,7411.97,-0.999836,7.59702,4,0.18792,-2.18759,0.508365,-0.132526,-3.84852,-0.526664,-0.302428,5.49392,-36.4799,-11.1146
2005-03-31,25.55,4.17018,88.4588,7411.97,-0.889147,7.37903,4,0.409296,-2.18759,1.01712,-0.198529,-3.84852,-0.526664,0.599189,4.66426,-37.242,-10.6424
2005-04-01,25.5,4.14388,88.4588,7411.97,-0.953772,6.73443,4,0.280048,-2.18759,0.762589,-0.202493,-3.84852,-0.526664,0.396503,3.94044,-37.5472,-10.0553
2005-04-04,25.41,4.20393,88.4588,7411.97,-1.12999,5.80929,4,-0.0723797,-2.18759,0.0508792,-0.195638,-3.84852,-0.526664,-0.666252,3.30114,-37.4386,-9.387
2005-04-05,25.4,3.79552,88.4588,7411.97,-1.34647,4.69333,4,-0.505352,-2.18759,-0.760702,-0.250002,-3.84852,-0.526664,-2.41959,2.6402,-36.8798,-8.64748
2005-04-06,25.4,3.6267,88.4588,7411.97,-1.35196,3.93972,4,-0.516329,-2.18759,-0.759356,-0.273302,-3.84852,-0.526664,-3.48131,2.04248,-36.5953,-8.0262
2005-04-07,25.4,3.41854,88.4588,7411.97,-1.35873,3.47784,4,-0.529876,-2.18759,-0.758134,-0.301618,-3.84852,-0.526664,-3.83444,1.47081,-36.6406,-7.51796
2005-04-08,25.4,3.09844,88.4588,7411.97,-1.30648,3.2146,4,-0.425373,-2.18759,-0.505918,-0.344827,-3.84852,-0.526664,-3.64276,0.916798,-36.9728,-7.08668
2005-04-11,25.3,3.36674,88.4588,7411.97,-1.31099,3.00877,4,-0.434393,-2.18759,-0.558596,-0.31019,-3.84852,-0.526664,-3.35848,0.423504,-37.3752,-6.68109
2005-04-12,25.1,4.28902,88.4588,7411.97,-1.52338,2.80203,4,-0.859174,-2.18759,-1.52979,-0.188555,-3.84852,-0.526664,-3.18747,0.00497773,-37.7363,-6.27918
2005-04-13,25.15,4.39101,88.4588,7411.97,-1.45606,2.57708,4,-0.724529,-2.18759,-1.27356,-0.175495,-3.84852,-0.526664,-3.14584,-0.393195,-38.0094,-5.87452
2005-04-14,25.15,4.39606,88.7172,7444.41,-1.27403,2.39894,4,-0.724481,-1.82358,-1.27356,-0.175399,-3.31774,-0.329407,-3.33825,-0.782217,-38.0868,-5.39376
2005-04-15,25.1,4.41599,88.7172,7444.41,-1.31353,2.31054,4,-0.851501,-1.77557,-1.52979,-0.173209,-3.31774,-0.233386,-3.94812,-1.15915,-37.5159,-5.06626
2005-04-19,25.1,4.42195,88.7172,7444.41,-1.18619,2.2448,4,-0.597059,-1.77532,-1.02188,-0.172238,-3.31774,-0.232899,-4.28209,-1.53743,-37.0787,-4.857
2005-04-20,25.1,4.42195,88.7172,7444.41,-0.812784,2.35951,4,-0.0859129,-1.53965,0,-0.171826,-2.80659,-0.272718,-4.26659,-1.77943,-36.865,-4.72946
2005-04-21,25.1,4.42195,88.7172,7444.41,-0.876771,2.46869,4,-0.213886,-1.53965,-0.256644,-0.171129,-2.80659,-0.272718,-4.37583,-1.91831,-36.62,-4.61713
2005-04-22,25.1,4.25654,88.7172,7444.41,-0.88216,2.64147,4,-0.224665,-1.53965,-0.256644,-0.192686,-2.80659,-0.272718,-4.27138,-2.03854,-36.5076,-4.54102
2005-04-25,25.1,4.25654,88.7172,7444.41,-0.817895,2.87808,4,-0.0961356,-1.53965,0,-0.192271,-2.80659,-0.272718,-4.04576,-2.09488,-36.5044,-4.47688
2005-04-26,25.1,4.16154,88.7172,7444.41,-0.82083,3.08901,4,-0.102005,-1.53965,0,-0.204009,-2.80659,-0.272718,-3.96255,-2.14256,-36.4065,-4.39941
2005-04-27,25.1,3.40034,88.7172,7444.41,-0.846122,3.17434,4,-0.152589,-1.53965,0,-0.305179,-2.80659,-0.272718,-4.24614,-2.25772,-36.0341,-4.28767
2005-04-28,25.1,3.40034,88.7172,7444.41,-0.845788,3.26618,4,-0.151922,-1.53965,0,-0.303844,-2.80659,-0.272718,-4.53339,-2.3586,-35.666,-4.17579
2005-04-29,25.1,3.40034,88.7172,7444.41,-0.845315,3.29271,4,-0.150975,-1.53965,0,-0.30195,-2.80659,-0.272718,-5.0733,-2.41616,-35.1694,-4.04842
2005-05-02,25,3.55815,88.7172,7444.41,-0.968451,3.28381,4,-0.397247,-1.53965,-0.515738,-0.278757,-2.80659,-0.272718,-5.7412,-2.45501,-34.6066,-3.91337
2005-05-03,24.9,3.60659,88.7172,7444.41,-1.09351,3.30597,4,-0.647367,-1.53965,-1.03354,-0.261191,-2.80659,-0.272718,-6.31715,-2.49228,-34.1,-3.78462
2005-05-04,24.8,3.75114,88.7172,7444.41,-1.21611,3.38618,4,-0.892565,-1.53965,-1.55343,-0.231698,-2.80659,-0.272718,-6.76136,-2.49303,-33.6929,-3.66654
2005-05-05,24.81,3.77086,88.7172,7444.41,-1.19952,3.48201,4,-0.859384,-1.53965,-1.49049,-0.228282,-2.80659,-0.272718,-7.1816,-2.48133,-33.3052,-3.54989
2005-05-06,24.81,3.77086,88.7172,7444.41,-1.19396,3.58808,4,-0.848271,-1.53965,-1.46878,-0.227766,-2.80659,-0.272718,-7.59782,-2.45506,-32.9257,-3.43335
2005-05-09,24.71,3.87501,88.7172,7444.41,-1.18921,3.66517,4,-0.838762,-1.53965,-1.46393,-0.213591,-2.80659,-0.272718,-8.13829,-2.39411,-32.492,-3.31047
2005-05-10,24.66,3.76465,88.7172,7444.41,-1.12822,3.78802,4,-0.716785,-1.53965,-1.20555,-0.228021,-2.80659,-0.272718,-8.53355,-2.36389,-32.1213,-3.19325
2005-05-11,24.56,3.03725,88.7172,7444.41,-1.15306,4.04723,4,-0.766467,-1.53965,-1.20854,-0.324396,-2.80659,-0.272718,-8.45972,-2.46574,-31.9344,-3.09288
2005-05-12,24.51,2.82506,88.7172,7444.41,-1.23763,4.20675,4,-0.935614,-1.53965,-1.52276,-0.348465,-2.80659,-0.272718,-8.65495,-2.5776,-31.5854,-2.97526
2005-05-13,24.26,4.20948,88.7172,7444.41,-1.50697,4.0368,4,-1.47428,-1.53965,-2.79062,-0.157945,-2.80659,-0.272718,-9.41616,-2.54916,-31.0753,-2.92256
2005-05-17,23.81,7.33736,88.559,7292.7,-1.90481,3.63036,4,-1.8689,-1.94073,-4,0.2622,-3.13158,-0.749884,-10.559,-2.26938,-30.3975,-3.14376
2005-05-18,24.16,9.5331,88.559,7292.7,-1.03153,3.73329,4,-0.955097,-1.10796,-2.46733,0.557137,-1.73582,-0.480093,-11.3862,-1.88947,-29.6993,-3.29182
2005-05-19,24.45,10.7172,88.559,7292.7,-0.492848,3.9538,4,0.122262,-1.10796,-0.466897,0.711421,-1.73582,-0.480093,-11.7554,-1.43032,-29.4227,-3.43779
2005-05-20,24.6,11.0318,88.559,7292.7,-0.225445,4.43542,4,0.657068,-1.10796,0.562752,0.751384,-1.73582,-0.480093,-11.5471,-0.949979,-29.4434,-3.62407
2005-05-23,24.55,11.0308,88.559,7292.7,0.0286243,5.187,4,1.16521,-1.10796,1.58184,0.74857,-1.73582,-0.480093,-10.8359,-0.441934,-29.688,-3.84717
2005-05-24,24.5,11.0274,88.559,7292.7,0.55361,6.50572,4,2.21518,-1.10796,3.6848,0.745556,-1.73582,-0.480093,-9.11708,0.0956765,-30.3362,-4.13665
2005-05-25,24.36,11.1312,88.559,7292.7,-0.0940891,7.30291,4,0.91978,-1.10796,1.08209,0.75747,-1.73582,-0.480093,-8.66311,0.681253,-30.3608,-4.35444
2005-05-26,24.26,11.1536,88.559,7292.7,-0.593808,7.59652,4,-0.0796579,-1.10796,-0.917204,0.757888,-1.73582,-0.480093,-9.28954,1.3364,-29.9361,-4.51422
2005-05-27,24.25,11.1462,88.559,7292.7,-0.791256,7.66114,4,-0.473376,-1.10914,-1.70101,0.754253,-1.71405,-0.504219,-10.3464,1.98657,-29.3157,-4.66334
2005-05-30,24.2,11.128,88.559,7292.7,-0.792472,7.72416,4,-0.465482,-1.11946,-1.67924,0.748278,-1.70802,-0.530898,-11.3927,2.63388,-28.688,-4.82904
2005-05-31,24.05,11.2131,88.559,7292.7,-0.922234,7.7796,4,-0.720635,-1.12383,-2.19623,0.754956,-1.70802,-0.539641,-12.4405,3.27244,-28.0527,-4.99963
2005-06-01,24.1,11.2719,88.559,7292.7,-0.681981,8.28663,4,-0.235612,-1.12835,-1.23033,0.75911,-1.70802,-0.548676,-12.715,3.94682,-27.7128,-5.23236
2005-06-02,24.15,11.3081,88.559,7292.7,-0.491489,9.23922,4,0.145372,-1.12835,-0.470828,0.761572,-1.70802,-0.548676,-12.2983,4.66153,-27.6051,-5.51895
2005-06-03,24.15,11.3008,88.559,7292.7,-0.479774,10.2633,4,0.168803,-1.12835,-0.421932,0.759538,-1.70802,-0.548676,-11.8597,5.39798,-27.4632,-5.81177
2005-06-06,24.15,11.3008,88.559,7292.7,-0.41528,11.4615,4,0.29779,-1.12835,-0.163511,0.759091,-1.70802,-0.548676,-11.2533,6.16886,-27.3331,-6.12091
2005-06-07,24.15,11.2641,88.559,7292.7,-0.218164,13.091,4,0.692022,-1.12835,0.630749,0.753295,-1.70802,-0.548676,-10.1249,6.98755,-27.3029,-6.46884
2005-06-08,24.1,11.2646,88.559,7292.7,-0.359156,14.4903,4,0.410037,-1.12835,0.0678621,0.752213,-1.70802,-0.548676,-9.44332,7.80557,-27.0835,-6.78848
2005-06-09,24.05,11.2184,88.559,7292.7,-0.494972,15.7649,4,0.138406,-1.12835,-0.468085,0.744898,-1.70802,-0.548676,-9.07589,8.68607,-26.7516,-7.09361
2005-06-10,24,11.219,88.559,7292.7,-0.562669,17.1466,4,0.00301225,-1.12835,-0.736956,0.74298,-1.70802,-0.548676,-8.65947,9.60685,-26.3956,-7.40517
2005-06-13,24,10.6811,88.559,7292.7,-0.579877,19.1665,4,-0.0314029,-1.12835,-0.736956,0.67415,-1.70802,-0.548676,-7.3407,10.4165,-26.1471,-7.76227
2005-06-14,23.91,8.37357,88.6854,7298.43,-0.704509,21.9883,4,-0.420969,-0.988049,-1.22234,0.3804,-1.44823,-0.527868,-5.44453,10.7667,-25.543,-7.79095
2005-06-15,23.81,6.55035,88.6854,7298.43,-0.830958,22.482,4,-0.673868,-0.988049,-1.49604,0.148306,-1.44823,-0.527868,-4.73545,10.5014,-25.4266,-7.85734
2005-06-16,23.96,5.28676,88.6854,7298.43,-0.600567,22.2161,4,-0.213086,-0.988049,-0.416602,-0.00956982,-1.44823,-0.527868,-4.68783,9.93846,-25.1578,-7.87681
2005-06-17,24.06,4.97391,88.6854,7298.43,0.0155285,22.8135,4,0.160077,-0.129019,0.367025,-0.0468724,0.644635,-0.902674,-4.85719,9.3829,-23.4802,-8.23203
2005-06-20,24.26,5.96745,88.6854,7298.43,0.315621,23.5366,4,0.758993,-0.127751,1.43838,0.0796042,0.647173,-0.902674,-4.99219,8.92657,-21.8009,-8.59683
2005-06-21,24.46,6.70211,88.6854,7298.43,0.729194,23.9852,4,1.58014,-0.121754,2.98716,0.173126,0.659167,-0.902674,-5.5388,8.52012,-20.0502,-8.94593
2005-06-22,24.46,6.36153,88.6854,7298.43,0.85524,26.4894,4,1.82738,-0.116896,3.52498,0.12977,0.668881,-0.902674,-3.74222,8.17612,-18.5236,-9.42086
2005-06-23,24.51,6.17997,88.6854,7298.43,0.712129,30.1388,4,1.54115,-0.116896,2.97565,0.106658,0.668881,-0.902674,-0.747634,7.82583,-16.9973,-9.94204
2005-06-24,24.65,6.43384,88.6854,7298.43,0.768245,34.7699,4,1.65339,-0.116896,3.1678,0.138975,0.668881,-0.902674,3.15053,7.48182,-15.4091,-10.4533
2005-06-27,24.65,6.35241,88.6854,7298.43,0.498758,38.7884,4,1.11441,-0.116896,2.10021,0.128609,0.668881,-0.902674,6.26137,7.06705,-13.6599,-10.8802
2005-06-28,24.66,5.77392,88.6854,7298.43,0.228719,42.4761,4,0.574334,-0.116896,1.0937,0.0549679,0.668881,-0.902674,9.00358,6.54653,-11.8149,-11.2591
2005-06-29,24.66,5.78165,88.6854,7298.43,0.228934,45.4439,4,0.574764,-0.116896,1.09358,0.0559512,0.668881,-0.902674,10.949,5.99322,-9.90524,-11.5931
2005-06-30,24.6,5.90623,88.6854,7298.43,0.0885201,47.348,4,0.293936,-0.116896,0.516061,0.0718113,0.668881,-0.902674,11.7776,5.43381,-7.96201,-11.9014
2005-07-01,24.55,5.99194,88.6854,7298.43,-0.158197,48.4066,4,-0.199497,-0.116896,-0.481717,0.082722,0.668881,-0.902674,11.7339,4.87871,-6.0073,-12.1987
2005-07-04,24.6,5.99847,88.6854,7298.43,-0.0922727,49.471,4,-0.0676492,-0.116896,-0.218852,0.0835532,0.668881,-0.902674,11.6911,4.32312,-4.04979,-12.4934
2005-07-05,24.81,6.55778,88.6854,7298.43,0.187106,50.807,4,0.491109,-0.116896,0.827464,0.154753,0.668881,-0.902674,11.8527,3.82968,-2.09079,-12.7846
2005-07-06,24.96,6.62736,88.6854,7298.43,0.384105,53.2538,4,0.885106,-0.116896,1.6066,0.163611,0.668881,-0.902674,13.1072,3.34112,-0.131798,-13.0627
2005-07-07,24.81,7.06418,88.6854,7298.43,0.281943,55.7981,4,0.680781,-0.116896,1.14235,0.219217,0.668881,-0.902674,14.3979,2.90129,1.82058,-13.3217
2005-07-08,24.71,7.23008,88.6854,7298.43,0.226174,58.3571,4,0.561811,-0.109464,0.883287,0.240336,0.668881,-0.887809,15.668,2.4789,3.75811,-13.5479
2005-07-11,24.66,7.31944,88.6854,7298.43,0.101499,60.5398,4,0.30527,-0.102273,0.358828,0.251712,0.668881,-0.873426,16.4908,2.12382,5.6773,-13.7521
2005-07-12,24.61,7.18381,88.6854,7298.43,-0.232564,62.0329,4,-0.384801,-0.0803264,-1.00405,0.234446,0.668881,-0.829534,16.6072,1.99757,7.37436,-13.9463
2005-07-13,24.51,7.1715,88.6854,7298.43,-0.549819,62.914,4,-1.03916,-0.0604805,-2.3112,0.232879,0.668881,-0.789842,15.9071,2.06118,9.07026,-14.1245
2005-07-14,24.61,7.01531,88.6854,7298.43,-0.390996,63.5665,4,-0.395526,-0.386467,-1.00405,0.212996,0.118144,-0.891078,15.4019,2.23704,10.3184,-14.3908
2005-07-15,24.61,6.9482,87.8522,7281.83,-0.719665,61.2615,4,-0.138369,-1.30096,-0.481191,0.204453,-1.65806,-0.943856,14.81,2.45558,8.51158,-14.5156
2005-07-19,24.61,6.41994,87.8522,7281.83,-0.670906,58.1065,4,-0.0408507,-1.30096,-0.218907,0.137205,-1.65806,-0.943856,13.5518,2.51901,6.68131,-14.6456
2005-07-20,24.4,6.58303,87.8522,7281.83,-0.876966,52.8656,4,-0.452971,-1.30096,-1.06391,0.157967,-1.65806,-0.943856,10.2988,2.52194,4.81402,-14.7691
2005-07-21,24.5,6.75109,87.8522,7281.83,-0.606753,48.0491,4,0.0874535,-1.30096,-0.00445454,0.179362,-1.65806,-0.943856,7.39583,2.56396,2.8992,-14.8099
2005-07-22,24.5,6.71124,87.8522,7281.83,-0.725062,43.3416,4,-0.166142,-1.28398,-0.506573,0.174289,-1.62411,-0.943856,4.50769,2.60849,1.00582,-14.7804
2005-07-25,24.55,6.41723,87.8522,7281.83,-0.660128,38.7546,4,-0.0532536,-1.267,-0.243368,0.136861,-1.59015,-0.943856,1.69434,2.58378,-0.839857,-14.6836
2005-07-26,24.6,6.46623,87.8522,7281.83,-0.592735,35.349,4,0.0815317,-1.267,0.0199645,0.143099,-1.59015,-0.943856,0.00287207,2.57025,-2.65057,-14.5736
2005-07-27,24.55,6.49878,87.8522,7281.83,-0.380241,33.4967,4,0.506519,-1.267,0.865796,0.147242,-1.59015,-0.943856,-0.179444,2.62719,-4.44013,-14.5109
2005-07-28,24.5,6.5297,87.8522,7281.83,-0.577392,31.1052,4,0.112217,-1.267,0.0732562,0.151178,-1.59015,-0.943856,-0.985754,2.67667,-6.18542,-14.4003
2005-07-29,24.55,6.53106,87.8522,7281.83,-0.510006,29.3796,4,0.246989,-1.267,0.342626,0.151351,-1.59015,-0.943856,-1.1139,2.71721,-7.90917,-14.3146
2005-08-01,24.5,6.53122,87.8522,7281.83,-0.638171,28.0286,4,-0.00934115,-1.267,-0.170054,0.151372,-1.59015,-0.943856,-0.862926,2.75146,-9.61489,-14.2451
2005-08-02,24.5,6.4827,87.8522,7281.83,-0.705643,26.3472,4,-0.144284,-1.267,-0.433762,0.145195,-1.59015,-0.943856,-1.02053,2.77233,-11.2662,-14.1385
2005-08-03,24.45,5.62927,87.8522,7281.83,-0.729384,23.9344,4,-0.191767,-1.267,-0.420088,0.0365541,-1.59015,-0.943856,-1.9527,2.63867,-12.8053,-13.9463
2005-08-04,24.35,5.14338,87.8522,7281.83,-0.807261,20.9872,4,-0.347521,-1.267,-0.669717,-0.0253243,-1.59015,-0.943856,-3.59924,2.4383,-14.1921,-13.6597
2005-08-05,24.35,4.83452,87.8522,7281.83,-0.878957,18.3317,4,-0.490912,-1.267,-0.917001,-0.064822,-1.59015,-0.943856,-5.00357,2.17283,-15.4821,-13.3554
2005-08-08,24.4,4.79926,87.8522,7281.83,-0.741533,16.2862,4,-0.216065,-1.267,-0.362675,-0.069455,-1.59015,-0.943856,-5.77635,1.90541,-16.742,-13.1009
2005-08-09,24.45,4.85968,87.8522,7281.83,-0.67182,14.7627,4,-0.0766379,-1.267,-0.091457,-0.0618188,-1.59015,-0.943856,-5.98195,1.65186,-18.0014,-12.9059
2005-08-10,24.45,4.82421,87.8522,7281.83,-0.605054,14.064,4,0.0568947,-1.267,0.178477,-0.0646877,-1.59015,-0.943856,-5.11147,1.43037,-19.3904,-12.8645
2005-08-11,24.35,4.82697,87.8522,7281.83,-0.604237,13.9638,4,0.0585274,-1.267,0.1787,-0.061645,-1.59015,-0.943856,-3.39115,1.22574,-20.918,-12.9527
2005-08-12,24.25,4.71077,87.8522,7281.83,-0.743028,13.3277,4,-0.219054,-1.267,-0.363779,-0.0743284,-1.59015,-0.943856,-2.92406,1.01879,-21.8948,-12.8723
2005-08-15,24.21,4.71297,87.9845,7271.19,-0.59514,13.5504,4,-0.461673,-0.728606,-0.849816,-0.0735311,-0.956641,-0.500572,-3.18565,0.831901,-21.4854,-12.6105
2005-08-16,24.11,4.84469,87.9845,7271.19,-0.788574,13.3398,4,-0.859429,-0.717719,-1.66267,-0.0561831,-0.937927,-0.497512,-4.16067,0.697484,-20.9291,-12.2678
2005-08-17,24.26,4.62677,87.9845,7271.19,-0.563174,13.9063,4,-0.45797,-0.668378,-0.835527,-0.0804136,-0.932962,-0.403794,-4.0373,0.53923,-20.5999,-11.9957
2005-08-18,24.31,4.4236,87.9845,7271.19,-0.333637,14.4125,4,-0.0609398,-0.606334,-0.0189453,-0.102934,-0.903382,-0.309287,-4.07531,0.347534,-20.2202,-11.6396
2005-08-19,24.36,4.50692,87.9845,7271.19,-0.106399,15.6045,4,0.352097,-0.564895,0.793386,-0.0891931,-0.824354,-0.305436,-3.2242,0.167666,-19.9691,-11.3699
2005-08-22,24.41,4.50772,87.9845,7271.19,0.0112982,16.9697,4,0.595166,-0.57257,1.27572,-0.0853841,-0.824354,-0.320785,-2.19103,0.0116217,-19.7432,-11.1076
2005-08-23,24.41,4.42591,87.9845,7271.19,0.141829,18.5484,4,0.864714,-0.581056,1.82287,-0.093439,-0.824354,-0.337759,-0.918483,-0.159971,-19.5189,-10.8542
2005-08-24,24.36,4.4267,87.9845,7271.19,-0.133375,19.0988,4,0.317088,-0.583837,0.725137,-0.0909622,-0.824354,-0.34332,-1.02618,-0.334777,-19.0657,-10.4746
2005-08-26,24.3,4.45037,87.9845,7271.19,-0.287435,19.7579,4,0.0118405,-0.586711,0.109424,-0.0857428,-0.824354,-0.349069,-1.00601,-0.51095,-18.6221,-10.103
2005-08-29,24.25,4.38865,87.9845,7271.19,-0.421876,19.961,4,-0.257041,-0.586711,-0.423244,-0.0908378,-0.824354,-0.349069,-1.57168,-0.690189,-18.0932,-9.68401
2005-08-30,24.25,4.36049,87.9845,7271.19,-0.489467,20.3064,4,-0.392223,-0.586711,-0.694477,-0.089969,-0.824354,-0.349069,-1.96384,-0.87056,-17.5842,-9.27505
2005-08-31,24.25,4.36049,87.9845,7271.19,-0.486762,20.8212,4,-0.386813,-0.586711,-0.690179,-0.0834473,-0.824354,-0.349069,-2.16295,-1.04411,-17.0959,-8.87589
2005-09-01,24.21,4.34443,87.9845,7271.19,-0.470753,21.4394,4,-0.354796,-0.586711,-0.627651,-0.0819404,-0.824354,-0.349069,-2.32909,-1.13795,-16.6146,-8.47899
2005-09-02,24.2,4.1305,87.9845,7271.19,-0.407633,22.4152,4,-0.228555,-0.586711,-0.347777,-0.109332,-0.824354,-0.349069,-2.10552,-1.21008,-16.1703,-8.09892
2005-09-05,24.2,4.1305,87.9845,7271.19,-0.339263,23.7723,4,-0.0918156,-0.586711,-0.0747507,-0.10888,-0.824354,-0.349069,-1.48756,-1.2559,-15.7541,-7.73012
2005-09-06,24.2,4.03819,87.9845,7271.19,-0.342077,24.805,4,-0.0974416,-0.586711,-0.0747965,-0.120087,-0.824354,-0.349069,-1.27814,-1.30367,-15.2821,-7.33101
2005-09-07,24.21,3.94686,87.9845,7271.19,-0.331224,25.7042,4,-0.0757357,-0.586711,-0.0198607,-0.131611,-0.824354,-0.349069,-1.23062,-1.36506,-14.7833,-6.91679
2005-09-08,24.16,3.98068,87.9845,7271.19,-0.343995,26.4047,4,-0.10128,-0.586711,-0.0753177,-0.127241,-0.824354,-0.349069,-1.43209,-1.41937,-14.2564,-6.48752
2005-09-09,24.11,3.80536,87.9845,7271.19,-0.404438,26.9473,4,-0.222165,-0.586711,-0.295178,-0.149152,-0.824354,-0.349069,-1.80407,-1.49182,-13.7092,-6.04762
2005-09-12,24.11,3.5585,87.9845,7271.19,-0.411431,27.86,4,-0.236152,-0.586711,-0.293439,-0.178864,-0.824354,-0.349069,-1.75872,-1.58109,-13.1844,-5.61586
2005-09-13,24.16,3.61451,87.9845,7271.19,-0.405382,28.3889,4,-0.0920724,-0.718691,-0.0140439,-0.170101,-1.06751,-0.369876,-1.1107,-1.66114,-13.3092,-5.53
2005-09-14,24.16,3.28517,88.0687,7322.06,-0.335871,29.67,4,-0.136885,-0.534858,-0.0612818,-0.212488,-0.905772,-0.163944,0.141642,-1.79512,-13.3723,-5.30431
2005-09-15,24.16,2.36762,88.0687,7322.06,-0.291328,30.4517,4,-0.0584495,-0.524207,0.213878,-0.330777,-0.905772,-0.142643,0.970798,-1.99959,-13.4013,-5.11815
2005-09-16,24.11,2.29635,88.0687,7322.06,-0.29551,30.5621,4,-0.0668124,-0.524207,0.207298,-0.340923,-0.905772,-0.142643,1.15004,-2.18864,-13.4102,-4.98915
2005-09-19,24.11,2.11191,88.0687,7322.06,-0.297223,30.0115,4,-0.0806088,-0.513838,0.205154,-0.366371,-0.905772,-0.121904,0.68353,-2.40132,-13.4392,-4.83149
2005-09-20,24.06,1.9485,88.0687,7322.06,-0.438737,28.731,4,-0.374005,-0.503469,-0.3582,-0.38981,-0.905772,-0.101166,-0.600025,-2.62417,-13.4164,-4.62841
2005-09-21,24.05,1.9336,88.0687,7322.06,-0.454808,27.0744,4,-0.406147,-0.503469,-0.418664,-0.393629,-0.905772,-0.101166,-2.33331,-2.83301,-13.3567,-4.40252
2005-09-22,24.06,1.91044,88.0687,7322.06,-0.441846,26.2371,4,-0.380224,-0.503469,-0.362384,-0.398064,-0.905772,-0.101166,-3.16098,-3.05584,-13.3526,-4.19355
2005-09-23,23.96,2.20125,88.0687,7322.06,-0.50568,25.6527,4,-0.507892,-0.503469,-0.654726,-0.361057,-0.905772,-0.101166,-3.73703,-3.25637,-13.3663,-3.98756
2005-09-26,23.86,2.48521,88.0687,7322.06,-0.639043,25.0781,4,-0.774423,-0.503663,-1.22446,-0.324391,-0.905772,-0.101555,-4.33691,-3.42314,-13.3788,-3.78305
2005-09-27,23.9,2.62488,88.0687,7322.06,-0.502849,25.0429,4,-0.501838,-0.503859,-0.698879,-0.304796,-0.905772,-0.101947,-4.33927,-3.58689,-13.4381,-3.59289
2005-09-28,23.95,2.80059,88.0687,7322.06,-0.409482,25.2465,4,-0.315105,-0.503859,-0.34947,-0.280741,-0.905772,-0.101947,-4.08379,-3.74303,-13.5186,-3.40818
2005-09-29,24.1,3.67996,88.0687,7322.06,-0.176425,26.0296,4,0.151008,-0.503859,0.465959,-0.163942,-0.905772,-0.101947,-3.26132,-3.82504,-13.6492,-3.23481
2005-09-30,23.95,4.25583,88.0687,7322.06,-0.229967,26.5084,4,0.0439262,-0.503859,0.175542,-0.0876899,-0.905772,-0.101947,-2.86635,-3.81959,-13.7524,-3.0533
2005-10-03,23.9,4.28655,88.0687,7322.06,-0.15339,27.014,4,0.197078,-0.503859,0.478151,-0.0839947,-0.905772,-0.101947,-2.44627,-3.81182,-13.8571,-2.87089
2005-10-04,23.9,4.28655,88.0687,7322.06,-0.213504,27.3665,4,0.0768504,-0.503859,0.237091,-0.0833897,-0.905772,-0.101947,-2.20894,-3.79112,-13.9487,-2.68475
2005-10-05,23.9,4.27579,88.0687,7322.06,-0.288668,27.4837,4,-0.073476,-0.503859,-0.0651765,-0.0817755,-0.905772,-0.101947,-2.24565,-3.75491,-14.0214,-2.49441
2005-10-06,23.85,4.27699,88.0687,7322.06,-0.594795,26.7967,4,-0.685731,-0.503859,-1.2935,-0.0779588,-0.905772,-0.101947,-3.1801,-3.70175,-14.0284,-2.29307
2005-10-07,23.75,4.43508,88.0687,7322.06,-0.514077,26.4991,4,-0.524294,-0.503859,-0.992699,-0.0558887,-0.905772,-0.101947,-3.71364,-3.62304,-14.0663,-2.09793
2005-10-11,23.8,4.54388,88.0687,7322.06,-0.357946,26.644,4,-0.212033,-0.503859,-0.383448,-0.0406192,-0.905772,-0.101947,-3.78653,-3.51925,-14.1416,-1.90856
2005-10-12,23.76,4.44018,88.0687,7322.06,-0.424523,26.5921,4,-0.345186,-0.503859,-0.636418,-0.0539542,-0.905772,-0.101947,-4.26675,-3.42831,-14.0121,-1.70072
2005-10-13,23.71,4.4506,88.0687,7322.06,-0.497588,26.1555,4,-0.491316,-0.503859,-0.930344,-0.0522884,-0.905772,-0.101947,-4.9258,-3.29559,-13.9748,-1.64837
2005-10-14,23.71,4.4506,88.0687,7322.06,-0.419515,25.812,4,-0.335171,-0.503859,-0.619769,-0.0505741,-0.905772,-0.101947,-5.55694,-3.07282,-13.9448,-1.6135
2005-10-17,23.46,5.61536,87.8345,7370.77,-0.268731,25.8835,4,-0.705871,0.16841,-1.52592,0.114176,0.201004,0.135816,-6.89424,-2.72373,-13.0987,-1.39978
2005-10-18,23.46,5.61536,87.8345,7370.77,-0.338506,25.7733,4,-0.848713,0.1717,-1.81329,0.115865,0.207585,0.135816,-8.4428,-2.35071,-12.2328,-1.20047
2005-10-19,23.46,5.6289,87.8345,7370.77,-0.272492,26.2188,4,-0.717237,0.172253,-1.55235,0.117873,0.20869,0.135816,-9.38792,-1.96548,-11.4068,-1.02093
2005-10-20,23.51,5.75085,87.8345,7370.77,-0.114237,27.1438,4,-0.402808,0.174335,-0.941301,0.135685,0.212854,0.135816,-9.84569,-1.56564,-10.6022,-0.842707
2005-10-21,23.51,5.73785,87.8345,7370.77,-0.113676,28.0502,4,-0.403255,0.175903,-0.941301,0.134791,0.215991,0.135816,-10.3479,-1.15806,-9.7817,-0.662191
2005-10-24,23.46,5.64095,87.8345,7370.77,0.177713,29.9834,4,0.179419,0.176007,0.237173,0.121666,0.215991,0.136024,-9.74911,-0.789379,-8.99616,-0.481973
2005-10-25,23.41,5.53618,87.8345,7370.77,0.098879,32.136,4,0.0216462,0.176112,-0.0641501,0.107443,0.215991,0.136233,-8.92131,-0.453551,-8.19166,-0.297512
2005-10-26,23.36,5.46115,87.8345,7370.77,0.0201436,33.6994,4,-0.135825,0.176112,-0.369094,0.0974445,0.215991,0.136233,-8.71286,-0.134382,-7.34469,-0.108703
2005-10-27,23.31,5.33405,87.8345,7370.77,-0.136953,34.5256,4,-0.450017,0.176112,-0.978659,0.0786254,0.215991,0.136233,-9.24426,0.153752,-6.46613,0.0822056
2005-10-28,23.31,4.55856,87.8345,7370.77,-0.165618,34.5585,4,-0.507348,0.176112,-0.978659,-0.0360364,0.215991,0.136233,-10.4054,0.256478,-5.5661,0.273473
2005-10-31,23.31,4.25579,87.8345,7370.77,-0.10099,34.9522,4,-0.378091,0.176112,-0.674861,-0.0813207,0.215991,0.136233,-11.1034,0.261949,-4.6717,0.465365
2005-11-01,23.46,5.05619,87.8345,7370.77,0.235462,36.1491,4,0.294813,0.176112,0.550187,0.0394388,0.215991,0.136233,-11.0886,0.362612,-3.78441,0.659449
2005-11-03,23.41,5.0609,87.8345,7370.77,0.23911,37.5594,4,0.302109,0.176112,0.563887,0.0403305,0.215991,0.136233,-10.8695,0.464394,-2.89078,0.855235
2005-11-04,23.26,5.39009,87.8345,7370.77,0.0942591,38.7657,4,0.0124065,0.176112,-0.066858,0.091671,0.215991,0.136233,-10.905,0.606887,-1.98774,1.05159
2005-11-07,23.21,5.39117,87.8345,7370.77,0.0155143,40.7105,4,-0.145083,0.176112,-0.383671,0.0935046,0.215991,0.136233,-10.2094,0.749549,-1.08029,1.25067
2005-11-08,23.21,5.30302,87.8345,7370.77,0.0123333,42.4068,4,-0.151445,0.176112,-0.383544,0.0806534,0.215991,0.136233,-9.74182,0.863706,-0.164706,1.44963
2005-11-09,23.42,6.33132,87.8345,7370.77,0.149201,44.0545,4,0.12229,0.176112,-0.00161382,0.246193,0.215991,0.136233,-9.45144,1.10126,0.755994,1.64864
2005-11-10,23.63,7.19706,87.8345,7370.77,0.591683,47.3843,4,1.00725,0.176112,1.62784,0.386671,0.215991,0.136233,-7.61509,1.46747,1.68214,1.84977
2005-11-11,23.61,7.16835,87.8345,7370.77,0.782329,51.6015,4,1.38855,0.176112,2.39342,0.383672,0.215991,0.136233,-4.87989,1.82734,2.60717,2.04685
2005-11-14,23.61,7.16835,87.4883,7445.42,0.738029,55.4014,4,1.53403,-0.0579683,2.68277,0.385279,-0.521952,0.406015,-2.15271,2.18034,2.91524,2.45849
2005-11-15,23.61,6.02758,87.4883,7445.42,0.630129,58.32,4,1.43976,-0.179498,2.67917,0.200349,-0.804152,0.445156,1.29685,2.24157,2.08047,2.70111
2005-11-16,23.61,6.02758,87.4883,7445.42,0.308979,60.3953,4,0.797456,-0.179498,1.3944,0.200512,-0.804152,0.445156,3.90482,2.30116,1.24747,2.94184
2005-11-17,23.61,6.02758,87.4883,7445.42,-0.00928975,61.2309,4,0.160919,-0.179498,0.121269,0.200569,-0.804152,0.445156,5.258,2.36387,0.421448,3.18758
2005-11-18,23.66,6.02704,87.4883,7445.42,0.0965459,61.8964,4,0.37259,-0.179498,0.544368,0.200812,-0.804152,0.445156,6.45513,2.41275,-0.404822,3.43332
2005-11-21,23.66,6.02704,87.4883,7445.42,0.0968744,62.5576,4,0.373247,-0.179498,0.544368,0.202126,-0.804152,0.445156,7.64748,2.46301,-1.23073,3.67786
2005-11-22,23.66,5.9594,87.4883,7445.42,0.0944744,62.2966,4,0.368447,-0.179498,0.544368,0.192526,-0.804152,0.445156,7.90206,2.52224,-2.05884,3.93117
2005-11-23,23.66,5.8856,87.4883,7445.42,0.0930698,62.2784,4,0.362631,-0.176492,0.544368,0.180894,-0.804152,0.451169,8.39592,2.58193,-2.8862,4.18676
2005-11-24,23.61,5.88424,87.4883,7445.42,0.0219258,62.284,4,0.211504,-0.167653,0.242209,0.1808,-0.804152,0.468847,8.8915,2.64948,-3.71341,4.45642
2005-11-25,23.56,5.88288,87.4883,7445.42,-0.126186,62.3178,4,-0.0907669,-0.161606,-0.362544,0.18101,-0.804152,0.48094,9.39026,2.73226,-4.54024,4.73551
2005-11-28,23.56,5.88288,87.4883,7445.42,-0.126025,62.442,4,-0.0904441,-0.161606,-0.362338,0.18145,-0.804152,0.48094,9.88664,2.90762,-5.3656,5.01331
2005-11-29,23.46,6.12288,87.4883,7445.42,-0.267712,61.9182,4,-0.373817,-0.161606,-0.969311,0.221677,-0.804152,0.48094,9.66155,3.15766,-6.20121,5.30017
2005-11-30,23.46,5.68379,87.4883,7445.42,-0.285168,60.2687,4,-0.40873,-0.161606,-0.966254,0.148795,-0.804152,0.48094,8.46442,3.25943,-7.05743,5.60233
2005-12-01,23.46,5.62775,87.4883,7445.42,-0.210099,58.8306,4,-0.258591,-0.161606,-0.656935,0.139753,-0.804152,0.48094,7.4917,3.35038,-7.91225,5.90074
2005-12-02,23.46,5.07299,87.4883,7445.42,-0.155689,58.025,4,-0.149772,-0.161606,-0.346269,0.0467255,-0.804152,0.48094,7.2739,3.31848,-8.75885,6.19151
2005-12-05,23.46,4.98457,87.4883,7445.42,-0.159502,57.459,4,-0.157398,-0.161606,-0.346735,0.03194,-0.804152,0.48094,7.31098,3.27114,-9.6029,6.47974
2005-12-06,23.46,4.98457,87.4883,7445.42,-0.009191,57.3892,4,0.143224,-0.161606,0.254426,0.032022,-0.804152,0.48094,7.83456,3.23165,-10.4399,6.76292
2005-12-07,23.41,3.93058,87.4883,7445.42,-0.128221,56.4886,4,-0.0948364,-0.161606,-0.0448202,-0.144853,-0.804152,0.48094,7.80954,2.9151,-11.2909,7.05477
2005-12-08,23.36,2.14762,87.4883,7445.42,-0.279284,53.641,4,-0.396961,-0.161606,-0.353898,-0.440025,-0.804152,0.48094,6.20237,2.2436,-12.1649,7.36001
2005-12-09,23.36,2.15441,87.4883,7445.42,-0.277463,50.1523,4,-0.393321,-0.161606,-0.353241,-0.433401,-0.804152,0.48094,3.94726,1.57331,-13.0226,7.65434
2005-12-12,23.36,2.15441,87.4883,7445.42,-0.27486,46.8165,4,-0.393953,-0.155766,-0.352992,-0.434913,-0.792473,0.48094,1.44374,0.896382,-13.2315,7.70791
2005-12-13,23.37,2.1737,87.4883,7445.42,-0.254418,43.9208,4,-0.36082,-0.148016,-0.290413,-0.431227,-0.776971,0.48094,-0.99828,0.375342,-13.1718,7.7155
2005-12-14,23.37,2.1737,87.4883,7445.42,-0.268571,42.0465,4,-0.204205,-0.332938,0.0204199,-0.428829,-0.945184,0.279309,-2.12033,-0.140934,-13.2504,7.55814
2005-12-15,23.22,3.01276,86.9016,7477.7,-0.608987,40.1192,4,-0.445054,-0.772919,-0.605802,-0.284307,-1.95027,0.404433,-2.70554,-0.535903,-14.1363,7.49702
2005-12-16,23.42,4.40332,86.9016,7477.7,-0.193205,39.1963,4,0.300618,-0.687027,0.643667,-0.0424316,-1.77849,0.404433,-2.61911,-0.732784,-14.9001,7.44834
2005-12-19,23.71,6.33532,86.9016,7477.7,0.330611,39.9404,4,1.34825,-0.687027,2.40691,0.289592,-1.77849,0.404433,-1.10493,-0.662707,-15.7197,7.42771
2005-12-20,23.71,6.33532,86.9016,7477.7,0.310084,40.63,4,1.30719,-0.687027,2.32767,0.286724,-1.77849,0.404433,0.349559,-0.586753,-16.538,7.40523
2005-12-21,23.82,6.53499,86.9016,7477.7,0.482982,41.8844,4,1.65299,-0.687027,2.98476,0.321219,-1.77849,0.404433,2.34771,-0.47329,-17.3745,7.38446
2005-12-22,23.82,6.47254,86.9016,7477.7,0.697094,44.0753,4,2.08121,-0.687027,3.85384,0.308588,-1.77849,0.404433,5.32105,-0.369913,-18.2316,7.35581
2005-12-23,23.87,6.42399,86.9016,7477.7,0.455394,45.9775,4,1.59782,-0.687027,2.8972,0.29843,-1.77849,0.404433,8.01373,-0.274043,-19.0697,7.30757
2005-12-26,24.02,6.7176,86.9016,7477.7,0.254366,47.227,4,1.19576,-0.687027,2.04793,0.343588,-1.77849,0.404433,10.0058,-0.140765,-19.8891,7.2511
2005-12-27,24.13,6.53578,86.9016,7477.7,0.400704,49.4283,4,1.48844,-0.687027,2.67146,0.305409,-1.77849,0.404433,13.014,-0.0718669,-20.7075,7.19364
2005-12-28,24.18,6.51792,86.9016,7477.7,0.306249,51.3777,4,1.29953,-0.687027,2.29846,0.300592,-1.77849,0.404433,15.702,0.0532274,-21.507,7.12942
2005-12-29,24.18,6.51792,86.9016,7477.7,0.299399,53.0547,4,1.28582,-0.687027,2.27288,0.298764,-1.77849,0.404433,18.1021,0.184111,-22.2924,7.06087
2005-12-30,24.17,6.53228,86.9016,7477.7,0.211601,54.2604,4,1.11023,-0.687027,1.91976,0.300697,-1.77849,0.404433,19.9494,0.392858,-23.0732,6.99138
2006-01-02,24.17,6.53228,86.9016,7477.7,0.000392724,54.7841,4,0.687812,-0.687027,1.07588,0.299742,-1.77849,0.404433,21.1091,0.612847,-23.8628,6.92499
2006-01-03,24.17,6.53228,86.9016,7477.7,-0.152088,54.3161,4,0.382852,-0.687027,0.467369,0.298335,-1.77849,0.404433,21.2937,0.832181,-24.675,6.86517
2006-01-04,24.17,6.41818,86.9016,7477.7,-0.227339,53.9911,4,0.23235,-0.687027,0.191687,0.273012,-1.77849,0.404433,21.4944,1.17624,-25.4837,6.80417
2006-01-05,24.17,6.29685,86.9016,7477.7,-0.234301,54.1386,4,0.218425,-0.687027,0.191687,0.245163,-1.77849,0.404433,21.9405,1.73979,-26.282,6.74037
2006-01-09,24.17,6.29685,86.9016,7477.7,-0.221642,54.3216,4,0.243744,-0.687027,0.247661,0.239827,-1.77849,0.404433,22.4312,2.29327,-27.0792,6.67634
2006-01-10,24.17,6.29685,86.9016,7477.7,-0.222198,54.4942,4,0.242631,-0.687027,0.249327,0.235935,-1.77849,0.404433,22.923,2.84463,-27.8858,6.61234
2006-01-11,24.16,6.3265,86.9016,7477.7,-0.191372,54.7006,4,0.218671,-0.601414,0.195463,0.241879,-1.60726,0.404433,23.3179,3.39753,-28.5629,6.54811
2006-01-12,24.16,6.3265,86.9016,7477.7,-0.1186,55.1912,4,0.219426,-0.456627,0.195463,0.24339,-1.31769,0.404433,23.4498,3.94825,-28.8544,6.64759
2006-01-13,24.16,5.60456,86.9016,7477.7,-0.121716,56.7794,4,0.154021,-0.397452,0.195463,0.112579,-1.19934,0.404433,24.0598,4.26582,-28.1804,6.6342
2006-01-16,24.21,5.0366,86.7414,7412.99,-0.136812,56.9625,4,0.245607,-0.519232,0.481753,0.00946212,-0.999717,-0.0387464,23.9206,4.30723,-27.5343,6.26903
2006-01-17,24.2,3.13476,86.7414,7412.99,-0.222094,55.1617,4,0.0441083,-0.488296,0.425991,-0.337775,-0.940351,-0.0362419,22.348,3.8016,-26.9093,5.92139
2006-01-18,24.19,3.156,86.7414,7412.99,-0.220579,53.4225,4,0.0455315,-0.48669,0.426062,-0.334999,-0.939643,-0.0337374,20.8179,3.29581,-26.2612,5.57003
2006-01-19,24.19,2.86481,86.7414,7412.99,-0.233908,51.0632,4,0.0185207,-0.486336,0.426062,-0.389021,-0.938935,-0.0337374,18.7324,2.71418,-25.5985,5.21514
2006-01-20,24.19,2.86481,86.7414,7412.99,-0.234059,47.9945,4,0.0182187,-0.486336,0.426062,-0.389625,-0.938935,-0.0337374,15.9029,2.13815,-24.8991,4.85258
2006-01-23,24.2,2.82347,86.7414,7412.99,-0.296964,45.5228,4,-0.107591,-0.486336,0.197841,-0.413023,-0.938935,-0.0337374,13.656,1.54942,-24.1667,4.48404
2006-01-24,24.2,1.90991,86.7414,7412.99,-0.333098,43.6043,4,-0.179861,-0.486336,0.254843,-0.614564,-0.938935,-0.0337374,12.1545,0.75972,-23.4245,4.11458
2006-01-25,24.2,1.0922,86.7414,7412.99,-0.359703,41.1438,4,-0.23307,-0.486336,0.311869,-0.778009,-0.938935,-0.0337374,10.1772,-0.128845,-22.6445,3.73998
2006-01-26,24.2,0.822016,86.7414,7412.99,-0.373204,38.9741,4,-0.260072,-0.486336,0.311869,-0.832013,-0.938935,-0.0337374,8.5136,-1.04965,-21.8559,3.36607
2006-01-27,24.2,0.822016,86.7414,7412.99,-0.373204,36.8596,4,-0.260072,-0.486336,0.311869,-0.832013,-0.938935,-0.0337374,6.87941,-1.95852,-21.054,2.99271
2006-01-30,24.2,0.804578,86.7414,7412.99,-0.388144,35.0068,4,-0.289951,-0.486336,0.255597,-0.835499,-0.938935,-0.0337374,5.50089,-2.86087,-20.256,2.62286
2006-01-31,24.2,0.804578,86.7414,7412.99,-0.387755,33.8262,4,-0.289174,-0.486336,0.25715,-0.835499,-0.938935,-0.0337374,4.82214,-3.75808,-19.4988,2.26095
2006-02-01,24.19,0.821991,86.7414,7412.99,-0.403102,33.071,4,-0.319867,-0.486336,0.192283,-0.832018,-0.938935,-0.0337374,4.58858,-4.64991,-18.7722,1.90453
2006-02-02,24.2,0.832261,86.7414,7412.99,-0.38966,32.5863,4,-0.292983,-0.486336,0.243999,-0.829965,-0.938935,-0.0337374,4.62139,-5.52002,-18.0667,1.55161
2006-02-03,24.2,0.832261,86.7414,7412.99,-0.389197,32.1264,4,-0.292058,-0.486336,0.245848,-0.829965,-0.938935,-0.0337374,4.65571,-6.36482,-17.3646,1.2001
2006-02-06,24.2,0.832261,86.7414,7412.99,-0.389197,31.632,4,-0.292058,-0.486336,0.245848,-0.829965,-0.938935,-0.0337374,4.64446,-7.20064,-16.6615,0.849735
2006-02-07,24.2,0.832261,86.7414,7412.99,-0.389197,31.1426,4,-0.292058,-0.486336,0.245848,-0.829965,-0.938935,-0.0337374,4.63167,-8.02942,-15.9605,0.500817
2006-02-08,24.2,0.813635,86.7414,7412.99,-0.375258,30.6074,4,-0.26418,-0.486336,0.305329,-0.833688,-0.938935,-0.0337374,4.70717,-8.85969,-15.3934,0.153357
2006-02-09,24.2,0.813635,86.7414,7412.99,-0.383049,29.8451,4,-0.29392,-0.472179,0.245848,-0.833688,-0.91062,-0.0337374,4.72974,-9.67551,-15.017,-0.192177
2006-02-10,24.2,0.813635,86.7414,7412.99,-0.308602,29.3116,4,-0.29392,-0.323285,0.245848,-0.833688,-0.322799,-0.323771,4.75675,-10.3929,-14.2889,-0.763471
2006-02-13,24.2,0.334862,86.7414,7412.99,-0.317263,28.8007,4,-0.341769,-0.292757,0.245848,-0.929386,-0.26318,-0.322335,4.55949,-11.1008,-13.6745,-0.983559
2006-02-14,24.2,0.301043,86.3547,7433.41,-0.440315,28.1885,4,-0.345148,-0.535482,0.245848,-0.936145,-0.828181,-0.242784,4.40398,-11.5316,-13.5422,-1.14157
2006-02-15,24.2,0.258529,86.3547,7433.41,-0.44244,27.5727,4,-0.349397,-0.535482,0.245848,-0.944643,-0.828181,-0.242784,4.24874,-11.9665,-13.4093,-1.3003
2006-02-16,24.2,0.258529,86.3547,7433.41,-0.441891,27.0014,4,-0.3483,-0.535482,0.248043,-0.944643,-0.828181,-0.242784,4.09673,-12.3579,-13.2793,-1.45811
2006-02-17,24.25,0.769602,86.3547,7433.41,-0.336845,26.7213,4,-0.140902,-0.532788,0.560686,-0.84249,-0.822792,-0.242784,4.19415,-12.688,-13.1673,-1.61751
2006-02-20,24.31,1.13308,86.3547,7433.41,-0.223163,26.9223,4,0.0795439,-0.525869,0.928925,-0.769837,-0.808955,-0.242784,4.76576,-12.9797,-13.0823,-1.78146
2006-02-21,24.31,1.13308,86.3547,7433.41,-0.221913,27.2265,4,0.0794366,-0.523264,0.92871,-0.769837,-0.800613,-0.245915,5.29743,-13.1234,-12.9982,-1.94936
2006-02-22,24.31,1.13308,86.3547,7433.41,-0.22277,27.6035,4,0.0793292,-0.52487,0.928496,-0.769837,-0.800613,-0.249127,5.78865,-13.1454,-12.9187,-2.12116
2006-02-23,24.31,1.13308,86.3547,7433.41,-0.22277,28.0205,4,0.0793292,-0.52487,0.928496,-0.769837,-0.800613,-0.249127,6.28304,-13.1275,-12.8409,-2.29408
2006-02-24,24.26,1.3935,86.3547,7433.41,-0.363349,28.048,4,-0.201827,-0.52487,0.314131,-0.717786,-0.800613,-0.249127,6.28575,-13.0404,-12.735,-2.46243
2006-03-01,24.26,1.3935,86.3547,7433.41,-0.455355,27.8612,4,-0.385839,-0.52487,-0.0538934,-0.717786,-0.800613,-0.249127,6.03811,-12.9352,-12.614,-2.62772
2006-03-02,24.26,1.3935,86.3547,7433.41,-0.455301,27.674,4,-0.385732,-0.52487,-0.0536787,-0.717786,-0.800613,-0.249127,5.78985,-12.83,-12.4932,-2.79263
2006-03-03,24.26,1.38002,86.3547,7433.41,-0.455828,27.5284,4,-0.386787,-0.52487,-0.0530956,-0.720478,-0.800613,-0.249127,5.59424,-12.7327,-12.3753,-2.95785
2006-03-06,24.26,1.37714,86.3547,7433.41,-0.455759,27.3463,4,-0.386648,-0.52487,-0.0522407,-0.721055,-0.800613,-0.249127,5.35826,-12.6349,-12.255,-3.12211
2006-03-07,24.31,1.53721,86.3547,7433.41,-0.294359,27.6077,4,-0.0638478,-0.52487,0.561364,-0.68906,-0.800613,-0.249127,5.61175,-12.5441,-12.1656,-3.29436
2006-03-08,24.36,1.66474,86.3547,7433.41,-0.218055,28.0825,4,0.0887601,-0.52487,0.848168,-0.670648,-0.800613,-0.249127,6.09651,-12.453,-12.0899,-3.47112
2006-03-09,24.41,1.76688,86.3547,7433.41,-0.143756,28.7702,4,0.237358,-0.52487,1.13293,-0.658212,-0.800613,-0.249127,6.81367,-12.3645,-12.0263,-3.65261
2006-03-10,24.36,1.97144,86.3547,7433.41,-0.210253,29.237,4,0.104363,-0.52487,0.831538,-0.622812,-0.800613,-0.249127,7.24317,-12.2289,-11.9468,-3.83051
2006-03-13,24.31,2.14432,86.3547,7433.41,-0.275457,29.5432,4,-0.0260442,-0.52487,0.53807,-0.590159,-0.800613,-0.249127,7.48409,-12.0563,-11.8788,-4.00575
2006-03-14,24.31,2.14432,86.3547,7433.41,-0.348682,29.429,4,-0.174629,-0.522735,0.243999,-0.593257,-0.796342,-0.249127,7.47835,-11.8605,-12.244,-3.94481
2006-03-15,24.31,2.14432,86.3547,7433.41,-0.413309,29.156,4,-0.31904,-0.507577,-0.0418919,-0.596188,-0.766028,-0.249127,7.24224,-11.5827,-12.6216,-3.88191
2006-03-16,24.25,2.34865,86.3547,7433.41,-0.552184,28.8396,4,-0.615888,-0.488479,-0.677583,-0.554194,-0.739984,-0.236973,6.50705,-11.2646,-12.5319,-3.87101
2006-03-17,24.2,2.47173,86.3044,7672.12,-0.145754,29.6823,4,-0.603004,0.311495,-0.675547,-0.53046,0.0280938,0.594897,5.81015,-10.9871,-11.9121,-3.22865
2006-03-20,24.25,2.57802,86.3044,7672.12,0.00597804,30.9753,4,-0.299539,0.311495,-0.0888158,-0.510263,0.0280938,0.594897,5.57926,-10.7109,-11.3076,-2.58546
2006-03-21,24.25,2.47173,86.3044,7672.12,0.000217901,31.9643,4,-0.31106,0.311495,-0.088573,-0.533546,0.0280938,0.594897,5.0874,-10.5119,-10.6804,-1.93079
2006-03-22,24.25,2.29325,86.3044,7672.12,-0.0103879,32.5954,4,-0.332271,0.311495,-0.0883516,-0.576191,0.0280938,0.594897,4.28993,-10.3851,-10.0412,-1.26818
2006-03-23,24.2,2.39335,86.3044,7672.12,0.00837993,33.2841,4,-0.294736,0.311495,-0.0300312,-0.55944,0.0280938,0.594897,3.53539,-10.2453,-9.40635,-0.59964
2006-03-24,24.2,2.39335,86.3044,7672.12,0.0813483,34.2022,4,-0.148799,0.311495,0.263677,-0.561275,0.0280938,0.594897,3.01438,-10.1133,-8.77408,0.0751888
2006-03-27,24.2,2.39335,86.3044,7672.12,0.00796189,34.9051,4,-0.295572,0.311495,-0.0284426,-0.562701,0.0280938,0.594897,2.2525,-9.97182,-8.12956,0.753942
2006-03-28,24.25,2.42202,86.3044,7672.12,0.0822307,36.277,4,-0.147034,0.311495,0.265266,-0.559334,0.0280938,0.594897,2.22309,-9.88837,-7.49661,1.4389
2006-03-29,24.3,2.53219,86.3044,7672.12,0.159853,38.2002,4,0.0082108,0.311495,0.558369,-0.541948,0.0280938,0.594897,2.73235,-9.79953,-6.86463,2.13206
2006-03-30,24.25,2.64416,86.3044,7672.12,0.164873,40.1689,4,0.0182513,0.311495,0.558974,-0.522472,0.0280938,0.594897,3.24483,-9.68582,-6.22058,2.83049
2006-03-31,24.2,2.74172,86.3044,7672.12,0.0964097,41.9434,4,-0.118676,0.311495,0.265266,-0.502618,0.0280938,0.594897,3.51652,-9.54065,-5.56354,3.53104
2006-04-03,24.1,3.08893,86.3044,7672.12,-0.0313611,43.3185,4,-0.374218,0.311495,-0.322158,-0.426277,0.0280938,0.594897,3.30272,-9.31949,-4.8958,4.23103
2006-04-04,24.1,2.96149,86.3044,7672.12,-0.111027,43.9151,4,-0.533549,0.311495,-0.611032,-0.456066,0.0280938,0.594897,2.34289,-9.13575,-4.21942,4.92737
2006-04-05,24.1,2.81888,86.3044,7672.12,-0.191036,44.0031,4,-0.693567,0.311495,-0.898659,-0.488475,0.0280938,0.594897,0.908913,-8.9872,-3.53948,5.62092
2006-04-06,24.05,2.69447,86.3044,7672.12,-0.198232,43.8257,4,-0.70796,0.311495,-0.899095,-0.516825,0.0280938,0.594897,-0.759321,-8.86909,-2.85841,6.31247
2006-04-07,24.11,2.87824,86.3044,7672.12,-0.0253609,44.4286,4,-0.362217,0.311495,-0.247938,-0.476496,0.0280938,0.594897,-1.64666,-8.75555,-2.17978,7.01056
2006-04-10,24.11,2.82444,86.3044,7672.12,0.119667,45.7212,4,-0.072161,0.311495,0.346097,-0.49042,0.0280938,0.594897,-1.8068,-8.68528,-1.50103,7.71428
2006-04-11,24.11,2.82444,86.3044,7672.12,0.119346,47.258,4,-0.0750653,0.313757,0.348653,-0.498784,0.0280938,0.59942,-1.72266,-8.61734,-0.823792,8.42184
2006-04-12,24.11,2.82444,86.3044,7672.12,0.120026,49.0142,4,-0.0766114,0.316663,0.356614,-0.509837,0.0280938,0.605232,-1.39544,-8.5521,-0.16993,9.13169
2006-04-13,24.11,2.71989,86.3044,7672.12,0.193706,51.4728,4,0.0692073,0.318205,0.676221,-0.537807,0.0280938,0.608316,-0.279747,-8.53752,0.462978,9.82705
2006-04-18,24.11,2.63875,86.3533,7568.24,0.00677556,51.9751,4,-0.128023,0.141574,0.301029,-0.557074,0.098028,0.185119,0.524844,-8.5579,0.520508,9.48768
2006-04-19,24.11,2.50355,86.3533,7568.24,0.127647,52.3756,4,-0.144151,0.399446,0.302136,-0.590439,0.327436,0.471455,0.84677,-8.62237,0.766978,9.38426
2006-04-20,24.16,2.63963,86.3533,7568.24,0.214386,53.08,4,0.0293258,0.399446,0.618531,-0.55988,0.327436,0.471455,1.42863,-8.64058,1.01313,9.27884
2006-04-21,24.16,2.63963,86.3533,7568.24,0.213739,53.8161,4,0.0280327,0.399446,0.618531,-0.562466,0.327436,0.471455,2.00957,-8.62467,1.25893,9.17231
2006-04-24,24.16,2.54483,86.3533,7568.24,0.205864,54.4637,4,0.0122828,0.399446,0.618531,-0.593966,0.327436,0.471455,2.54184,-8.6482,1.50441,9.06561
2006-04-25,24.11,2.64035,86.3533,7568.24,0.130002,54.623,4,-0.139443,0.399446,0.302136,-0.581021,0.327436,0.471455,2.57308,-8.66312,1.75034,8.96271
2006-04-26,24.06,2.72248,86.3533,7568.24,0.0550414,54.7771,4,-0.289363,0.399446,-0.0131238,-0.565602,0.327436,0.471455,2.58528,-8.66418,1.99619,8.85985
2006-04-27,24.01,2.64349,86.3533,7568.24,-0.109316,54.1496,4,-0.618078,0.399446,-0.644209,-0.591948,0.327436,0.471455,1.8386,-8.69613,2.24363,8.76353
2006-04-28,23.96,2.51816,86.3533,7568.24,-0.198469,52.9731,4,-0.796383,0.399446,-0.962583,-0.630183,0.327436,0.471455,0.587852,-8.77645,2.49209,8.66961
2006-05-02,23.91,2.52027,86.3533,7568.24,-0.278934,51.5124,4,-0.957314,0.399446,-1.28162,-0.633004,0.327436,0.471455,-0.928354,-8.87356,2.74046,8.57386
2006-05-03,23.96,2.65121,86.3533,7568.24,-0.113782,50.8198,4,-0.62701,0.399446,-0.651501,-0.602519,0.327436,0.471455,-1.68403,-8.95739,2.98762,8.47358
2006-05-04,24.01,2.42839,86.3533,7568.24,0.0322647,51.0295,4,-0.334917,0.399446,-0.00773824,-0.662095,0.327436,0.471455,-1.42486,-9.15136,3.23418,8.37151
2006-05-05,23.96,2.51817,86.3533,7568.24,0.0376492,51.5194,4,-0.324147,0.399446,-0.00770514,-0.64059,0.327436,0.471455,-0.927544,-9.30221,3.4804,8.2687
2006-05-08,23.92,2.562,86.3533,7568.24,0.0561698,52.3334,4,-0.287106,0.399446,0.0560107,-0.630223,0.327436,0.471455,-0.140874,-9.41591,3.72583,8.16431
2006-05-09,23.87,2.56339,86.3533,7568.24,0.0560332,53.1696,4,-0.287379,0.399446,0.0554722,-0.630231,0.327436,0.471455,0.645095,-9.50473,3.97048,8.05873
2006-05-10,23.87,2.33625,86.3533,7568.24,-0.0389239,53.125,4,-0.477294,0.399446,-0.265233,-0.689355,0.327436,0.471455,0.630875,-9.68026,4.21706,7.95734
2006-05-11,23.87,2.33625,86.3533,7568.24,-0.118866,52.3405,4,-0.637177,0.399446,-0.584999,-0.689355,0.327436,0.471455,-0.135787,-9.84848,4.46552,7.85924
2006-05-12,23.92,2.50747,86.3533,7568.24,0.0528935,52.1218,4,-0.293659,0.399446,0.0574689,-0.644786,0.327436,0.471455,-0.375674,-9.96977,4.71258,7.75463
2006-05-15,23.97,2.65629,86.4428,7730.99,0.413213,53.0862,4,0.0165531,0.809874,0.641356,-0.60825,0.455537,1.16421,-0.141033,-10.0455,5.06203,8.21078
2006-05-16,24.02,2.78639,86.4428,7730.99,0.583085,54.3642,4,0.356296,0.809874,1.29006,-0.57747,0.455537,1.16421,0.364008,-10.0681,5.40854,8.65979
2006-05-17,24.02,2.78639,86.4428,7730.99,0.582662,56.2458,4,0.35545,0.809874,1.29006,-0.579161,0.455537,1.16421,1.17503,-10.065,5.69058,9.44516
2006-05-18,24.01,2.7866,86.4428,7730.99,0.563659,57.6612,4,0.317445,0.809874,1.21472,-0.579826,0.455537,1.16421,1.92004,-10.0352,5.78359,9.99281
2006-05-19,23.96,2.72555,86.4428,7730.99,0.514769,58.6307,4,-0.0123814,1.04192,0.571522,-0.596285,1.00918,1.07466,1.87836,-10.048,6.33126,10.4691
2006-05-23,24.05,3.1005,86.4428,7730.99,0.600902,59.8726,4,0.159884,1.04192,0.820551,-0.500784,1.00918,1.07466,2.03849,-9.97286,6.87167,10.9353
2006-05-24,24.1,3.2066,86.4428,7730.99,0.606474,61.1471,4,0.171028,1.04192,0.818544,-0.476488,1.00918,1.07466,2.19523,-9.8483,7.40613,11.394
2006-05-25,24.06,3.1767,86.4428,7730.99,0.541842,62.4449,4,0.0417646,1.04192,0.568793,-0.485263,1.00918,1.07466,2.40399,-9.7376,7.93385,11.8447
2006-05-26,24.01,3.17706,86.4428,7730.99,0.477752,63.7625,4,-0.0864171,1.04192,0.312586,-0.48542,1.00918,1.07466,2.65778,-9.63555,8.45393,12.2864
2006-05-29,23.96,3.17742,86.4428,7730.99,0.477502,65.5647,4,-0.0869169,1.04192,0.312586,-0.48642,1.00918,1.07466,3.40993,-9.49351,8.95082,12.6974
2006-05-30,23.86,3.42818,86.4428,7730.99,0.190473,66.7402,4,-0.660974,1.04192,-0.900612,-0.421337,1.00918,1.07466,3.44462,-9.28529,9.45668,13.1242
2006-05-31,23.76,3.65603,86.4428,7730.99,-0.0321925,67.4776,4,-1.10631,1.04192,-1.85147,-0.361142,1.00918,1.07466,2.98047,-9.04148,9.97222,13.5664
2006-06-01,23.81,3.65718,86.4428,7730.99,0.113126,68.1498,4,-0.815668,1.04192,-1.27019,-0.36115,1.00918,1.07466,2.48051,-8.82433,10.4859,14.0077
2006-06-02,23.91,3.90824,86.4428,7730.99,0.367474,69.1319,4,-0.306973,1.04192,-0.320238,-0.293708,1.00918,1.07466,2.22253,-8.49462,10.9798,14.4241
2006-06-05,23.91,3.84507,86.4428,7730.99,0.441916,70.2983,4,-0.158088,1.04192,-0.00455457,-0.311622,1.00918,1.07466,2.21271,-8.18881,11.4555,14.8189
2006-06-06,23.86,3.87073,86.4428,7730.99,0.523019,71.6196,4,0.0041177,1.04192,0.312968,-0.304732,1.00918,1.07466,2.39847,-7.87883,11.9103,15.1896
2006-06-07,23.77,4.02754,86.4428,7730.99,0.549639,72.9853,4,0.0573574,1.04192,0.377162,-0.262447,1.00918,1.07466,2.62957,-7.53337,12.3479,15.5412
2006-06-08,23.82,4.11028,86.4428,7730.99,0.555132,74.584,4,0.0683439,1.04192,0.377027,-0.24034,1.00918,1.07466,3.09689,-7.11463,12.7501,15.8517
2006-06-09,23.87,4.1841,86.4428,7730.99,0.480145,76.1445,4,-0.0816296,1.04192,0.0571856,-0.220445,1.00918,1.07466,3.55203,-6.68319,13.1332,16.1424
2006-06-12,23.87,4.11059,86.4428,7730.99,0.474928,77.2116,4,-0.0920633,1.04192,0.0571856,-0.241312,1.00918,1.07466,3.52392,-6.32659,13.544,16.4703
2006-06-13,23.76,4.32016,86.4428,7730.99,0.39305,77.1612,4,-0.255821,1.04192,-0.327311,-0.18433,1.00918,1.07466,2.79487,-6.00937,13.9666,16.4091
2006-06-14,23.81,4.32159,86.5184,7758.52,0.673518,77.3866,4,0.193134,1.1539,0.570906,-0.184638,1.11742,1.19039,2.24872,-5.7033,14.4407,16.4005
2006-06-15,23.82,4.32982,86.5184,7758.52,0.609823,77.454,4,0.0657432,1.1539,0.314118,-0.182632,1.11742,1.19039,1.51331,-5.40201,14.9311,16.4116
2006-06-16,23.87,4.42089,86.5184,7758.52,0.616058,77.5839,4,0.0782134,1.1539,0.314118,-0.157692,1.11742,1.19039,0.834912,-5.07928,15.4135,16.4147
2006-06-20,23.92,4.44488,86.5184,7758.52,0.697562,78.0333,4,0.241221,1.1539,0.633692,-0.151249,1.11742,1.19039,0.878502,-4.72793,15.4397,16.443
2006-06-21,23.96,4.26475,86.5184,7758.52,0.685449,78.2395,4,0.695575,0.675322,1.59307,-0.201924,1.18935,0.161296,1.45462,-4.49661,15.5487,15.7327
2006-06-22,23.97,4.18788,86.5184,7758.52,0.602148,78.2289,4,0.554949,0.649346,1.33454,-0.224636,1.13428,0.164414,1.84056,-4.30868,15.6436,15.0535
2006-06-23,23.97,4.15611,86.5184,7758.52,0.564927,78.285,4,0.514978,0.614875,1.26481,-0.234849,1.06534,0.164414,2.3599,-4.11956,15.6784,14.3663
2006-06-26,23.97,4.0956,86.5184,7758.52,0.471212,78.2691,4,0.346297,0.596126,0.945042,-0.252447,1.02784,0.164414,2.83295,-3.94595,15.6944,13.6878
2006-06-27,23.97,4.02677,86.5184,7758.52,0.381015,78.034,4,0.175695,0.586336,0.623565,-0.272176,1.00826,0.164414,3.07124,-3.79302,15.7236,13.0322
2006-06-28,23.92,3.79901,86.5184,7758.52,0.220475,78.1073,4,-0.14359,0.584541,0.0515835,-0.338764,1.00467,0.164414,3.7821,-3.72898,15.711,12.3432
2006-06-29,23.87,3.54599,86.5184,7758.52,0.106417,78.444,4,-0.370367,0.583201,-0.32724,-0.413495,1.00199,0.164414,4.90941,-3.75783,15.6625,11.6299
2006-06-30,23.87,3.47669,86.5184,7758.52,0.101554,78.416,4,-0.380093,0.583201,-0.326547,-0.433639,1.00199,0.164414,5.61504,-3.81281,15.6607,10.953
2006-07-03,23.96,3.41308,86.5184,7758.52,0.240121,78.1065,4,-0.102958,0.583201,0.246099,-0.452016,1.00199,0.164414,6.05311,-3.94093,15.6949,10.2994
2006-07-04,24.01,3.4841,86.5184,7758.52,0.324513,77.819,4,0.0658254,0.583201,0.563307,-0.431657,1.00199,0.164414,6.49306,-4.04006,15.7257,9.64029
2006-07-05,24.07,3.46269,86.5184,7758.52,0.495429,77.7511,4,0.407657,0.583201,1.25349,-0.438177,1.00199,0.164414,7.20249,-4.14239,15.7287,8.96225
2006-07-06,23.97,3.52682,86.5184,7758.52,0.417541,77.4244,4,0.251882,0.583201,0.923817,-0.420054,1.00199,0.164414,7.63227,-4.27159,15.7635,8.3002
2006-07-07,23.92,3.57496,86.5184,7758.52,0.343248,76.8949,4,0.103295,0.583201,0.613443,-0.406853,1.00199,0.164414,7.84172,-4.41465,15.8218,7.64599
2006-07-10,23.92,3.50493,86.5184,7758.52,0.198073,76.1792,4,-0.187055,0.583201,0.0540676,-0.428178,1.00199,0.164414,7.88056,-4.59562,15.8995,6.99481
2006-07-11,23.87,3.59086,86.5184,7758.52,0.0457956,75.0676,4,-0.49161,0.583201,-0.576886,-0.406334,1.00199,0.164414,7.4561,-4.75741,16.0167,6.35214
2006-07-12,23.87,3.1501,86.5184,7758.52,-0.0816736,73.8064,4,-0.746548,0.583201,-0.954456,-0.53864,1.00199,0.164414,7.03288,-5.06953,16.1416,5.70148
2006-07-13,23.92,3.14934,86.5184,7758.52,0.154596,72.3913,4,-0.274008,0.583201,-0.0081442,-0.539872,1.00199,0.164414,6.64142,-5.38853,16.1874,4.95108
2006-07-14,23.92,3.14952,86.5184,7758.52,0.233982,71.3435,4,-0.115237,0.583201,0.310037,-0.54051,1.00199,0.164414,6.67639,-5.69956,16.1901,4.17664
2006-07-17,23.97,3.14882,86.2927,7780.3,0.269046,70.3597,4,0.0444498,0.493642,0.631004,-0.542104,0.729835,0.25745,6.95936,-6.03071,15.967,3.46397
2006-07-19,23.97,3.06942,86.2927,7780.3,0.341239,69.3336,4,0.188836,0.493642,0.945431,-0.567759,0.729835,0.25745,7.2401,-6.38967,15.7395,2.74366
2006-07-20,23.97,3.01311,86.2927,7780.3,0.430772,68.5907,4,0.177877,0.683667,0.941968,-0.586215,0.670917,0.696416,6.7481,-6.71594,15.3813,3.17728
2006-07-21,23.97,3.00947,86.2927,7780.3,0.350397,67.8489,4,0.0171265,0.683667,0.622835,-0.588582,0.670917,0.696416,6.20343,-7.02694,15.0618,3.61068
2006-07-24,23.92,3.0994,86.2927,7780.3,0.277461,66.9931,4,-0.128744,0.683667,0.30462,-0.562108,0.670917,0.696416,5.45847,-7.31271,14.7994,4.048
2006-07-25,23.97,3.19586,86.2927,7780.3,0.284684,66.433,4,-0.114299,0.683667,0.305111,-0.533709,0.670917,0.696416,4.95829,-7.55359,14.5459,4.48243
2006-07-26,23.97,3.19586,86.2927,7780.3,0.284266,66.141,4,-0.115134,0.683667,0.305111,-0.535379,0.670917,0.696416,4.70865,-7.77268,14.2916,4.91346
2006-07-27,23.92,3.19586,86.2927,7780.3,0.203242,66.0889,4,-0.277182,0.683667,-0.0170569,-0.537307,0.670917,0.696416,4.65456,-7.93324,14.027,5.34061
2006-07-28,23.92,3.09899,86.2927,7780.3,0.194837,66.356,4,-0.293993,0.683667,-0.0152332,-0.572752,0.670917,0.696416,4.89964,-8.0528,13.748,5.76107
2006-07-31,24.02,3.41774,86.2927,7780.3,0.458845,67.4266,4,0.234024,0.683667,0.948815,-0.480766,0.670917,0.696416,5.89559,-8.05668,13.4267,6.16097
2006-08-01,24.12,3.4725,86.2927,7780.3,0.540005,68.3142,4,0.396343,0.683667,1.25667,-0.463985,0.670917,0.696416,6.67608,-8.03623,13.1139,6.56048
2006-08-02,24.07,3.50792,86.2927,7780.3,0.462199,68.7183,4,0.240732,0.683667,0.937957,-0.456493,0.670917,0.696416,6.96121,-8.04168,12.8282,6.97053
2006-08-03,24.06,3.3974,86.2927,7780.3,0.515937,68.7783,4,0.348208,0.683667,1.19125,-0.494838,0.670917,0.696416,6.91003,-8.08443,12.5625,7.39023
2006-08-04,24.02,3.09566,86.2927,7780.3,0.427841,68.8084,4,0.172016,0.683667,0.933704,-0.589673,0.670917,0.696416,6.91693,-8.21773,12.2985,7.81074
2006-08-07,23.97,3.09525,86.2927,7780.3,0.189787,68.3584,4,-0.304093,0.683667,-0.0182527,-0.589932,0.670917,0.696416,6.42918,-8.37938,12.0601,8.24858
2006-08-08,23.97,3.09525,86.2927,7780.3,0.0316985,67.8675,4,-0.62027,0.683667,-0.650607,-0.589932,0.670917,0.696416,5.88207,-8.52563,11.822,8.68911
2006-08-09,23.97,2.98544,86.2927,7780.3,0.101333,68.0318,4,-0.481,0.683667,-0.331893,-0.630108,0.670917,0.696416,6.07276,-8.69762,11.5506,9.10602
2006-08-10,23.97,2.98544,86.2927,7780.3,0.116647,68.6153,4,-0.450372,0.683667,-0.270637,-0.630108,0.670917,0.696416,6.59969,-8.74821,11.2589,9.50491
2006-08-11,23.97,2.90157,86.2927,7780.3,0.174058,68.6723,4,-0.33555,0.683667,-0.0145574,-0.656543,0.670917,0.696416,6.59294,-8.83849,10.9936,9.92427
2006-08-14,23.91,3.0463,86.1508,7759.18,0.104085,68.2909,4,-0.345624,0.553794,-0.0803243,-0.610923,0.49969,0.607898,6.29397,-8.90918,10.6131,10.293
2006-08-15,23.91,2.94299,86.1508,7759.18,-0.0999019,67.1971,4,-0.361946,0.162142,-0.0804035,-0.643488,0.391769,-0.0674851,5.75517,-9.03068,10.3918,10.0807
2006-08-16,23.91,2.94299,86.1508,7759.18,-0.0999046,65.8696,4,-0.361951,0.162142,-0.0804144,-0.643488,0.391769,-0.0674851,4.9619,-9.13725,10.1735,9.87141
2006-08-17,23.91,2.94299,86.1508,7759.18,-0.0991338,64.2488,4,-0.36041,0.162142,-0.0773313,-0.643488,0.391769,-0.0674851,4.16766,-9.23416,10.005,9.31034
2006-08-18,23.91,2.94299,86.1508,7759.18,-0.0992373,62.853,4,-0.360617,0.162142,-0.0777451,-0.643488,0.391769,-0.0674851,3.61809,-9.3177,9.8213,8.73127
2006-08-21,23.96,2.947,86.1508,7759.18,0.0815253,62.2392,4,0.000908358,0.162142,0.644041,-0.642224,0.391769,-0.0674851,3.89953,-9.39855,9.61165,8.12661
2006-08-22,24.01,2.94668,86.1508,7759.18,0.163323,61.8575,4,0.164504,0.162142,0.971331,-0.642323,0.391769,-0.0674851,4.44434,-9.49625,9.39476,7.51468
2006-08-23,24.01,2.94668,86.1508,7759.18,0.162768,61.4742,4,0.163394,0.162142,0.969112,-0.642323,0.391769,-0.0674851,4.9883,-9.59248,9.17714,6.90129
2006-08-24,23.96,2.94634,86.1508,7759.18,0.0797304,61.0835,4,-0.00268129,0.162142,0.637068,-0.64243,0.391769,-0.0674851,5.52519,-9.68725,8.95893,6.28658
2006-08-28,23.96,2.94634,86.1508,7759.18,0.0790989,60.7162,4,-0.00394449,0.162142,0.632862,-0.640751,0.391769,-0.0674851,6.05765,-9.75107,8.7395,5.67016
2006-08-29,23.96,2.51983,86.1508,7759.18,-0.0337174,59.1431,4,-0.229577,0.162142,0.296706,-0.75586,0.391769,-0.0674851,5.54548,-10.0088,8.54109,5.06536
2006-08-30,23.96,1.95141,86.1508,7759.18,-0.15694,56.8924,4,-0.476022,0.162142,-0.0365313,-0.915512,0.391769,-0.0674851,4.50646,-10.4179,8.34525,4.45853
2006-08-31,23.96,1.84161,86.1508,7759.18,-0.163085,54.8536,4,-0.488311,0.162142,-0.0367928,-0.93983,0.391769,-0.0674851,3.71654,-10.8417,8.13696,3.84183
2006-09-01,24.01,2.01381,86.1508,7759.18,0.0197063,53.2262,4,-0.12273,0.162142,0.635552,-0.881011,0.391769,-0.0674851,3.26419,-11.1747,7.91842,3.21825
2006-09-04,24.01,1.92764,86.1508,7759.18,0.0166955,51.8736,4,-0.128751,0.162142,0.639964,-0.897466,0.391769,-0.0674851,3.02455,-11.4363,7.69417,2.59123
2006-09-05,24.01,1.76709,86.1508,7759.18,0.00699892,51.2715,4,-0.148144,0.162142,0.642229,-0.938517,0.391769,-0.0674851,3.56941,-11.7259,7.46567,1.96226
2006-09-06,23.96,1.92776,86.1508,7759.18,-0.0645384,50.9543,4,-0.291219,0.162142,0.302525,-0.884963,0.391769,-0.0674851,4.35515,-11.9699,7.23618,1.33288
2006-09-07,23.96,1.92776,86.1508,7759.18,-0.0613168,50.4182,4,-0.284776,0.162142,0.298343,-0.867894,0.391769,-0.0674851,4.8749,-12.1668,7.00668,0.703406
2006-09-08,23.96,1.92776,86.1508,7759.18,-0.141828,49.5661,4,-0.445798,0.162142,-0.0372792,-0.854317,0.391769,-0.0674851,5.06721,-12.3515,6.77661,0.0738298
2006-09-11,23.91,2.06266,86.1508,7759.18,-0.210027,48.3004,4,-0.594102,0.174048,-0.380033,-0.808171,0.391769,-0.0436737,4.76466,-12.473,6.54469,-0.53597
2006-09-12,23.91,1.86094,86.1508,7759.18,-0.216665,47.2447,4,-0.619283,0.185954,-0.381383,-0.857182,0.391769,-0.0198623,4.51438,-12.6696,6.45259,-1.05268
2006-09-13,23.91,1.86094,86.1508,7759.18,-0.128463,47.1508,4,-0.442879,0.185954,-0.0383297,-0.847429,0.391769,-0.0198623,4.54878,-12.8368,6.45223,-1.0134
2006-09-14,23.91,1.86094,86.0785,7743.37,-0.215161,46.7719,4,-0.436004,0.00568176,-0.0350449,-0.836964,0.213366,-0.202002,4.58503,-12.993,6.3038,-1.1239
2006-09-15,23.91,1.86094,86.0785,7743.37,-0.213285,46.397,4,-0.430299,0.00372959,-0.0350707,-0.825527,0.213366,-0.205906,4.61858,-13.1394,6.15526,-1.23753
2006-09-18,23.96,2.00323,86.0785,7743.37,-0.0295767,46.6257,4,-0.0608539,0.00170047,0.652355,-0.774063,0.213366,-0.209965,5.22036,-13.2491,6.00944,-1.35502
2006-09-19,23.96,1.86094,86.0785,7743.37,-0.0403086,46.2257,4,-0.0823177,0.00170047,0.647419,-0.812055,0.213366,-0.209965,5.22157,-13.3848,5.86081,-1.47187
2006-09-20,23.96,1.69053,86.0785,7743.37,-0.0543544,45.5119,4,-0.10905,0.000341402,0.638484,-0.856584,0.213366,-0.212683,4.94459,-13.5527,5.71045,-1.59037
2006-09-21,23.86,2.22402,86.0785,7743.37,-0.185398,44.3734,4,-0.369744,-0.00105332,-0.0552467,-0.684241,0.213366,-0.215472,4.09713,-13.5707,5.55696,-1.71
2006-09-22,23.86,2.1247,86.0785,7743.37,-0.192779,43.4855,4,-0.384504,-0.00105332,-0.0552931,-0.713716,0.213366,-0.215472,3.52438,-13.6137,5.40423,-1.82947
2006-09-25,23.86,2.1247,86.0785,7743.37,-0.279746,42.3213,4,-0.558438,-0.00105332,-0.403197,-0.71368,0.213366,-0.215472,2.66959,-13.6495,5.24861,-1.94746
2006-09-26,23.91,2.27654,86.0785,7743.37,-0.181821,41.8427,4,-0.362588,-0.00105332,-0.0548356,-0.67034,0.213366,-0.215472,2.37973,-13.5684,5.09835,-2.06699
2006-09-27,23.91,2.27654,86.0785,7743.37,-0.182739,41.7594,4,-0.364424,-0.00105332,-0.0551504,-0.673698,0.213366,-0.215472,2.36415,-13.3686,4.95162,-2.18778
2006-09-28,23.91,2.27654,86.0785,7743.37,-0.0086297,42.2584,4,-0.0162061,-0.00105332,0.640601,-0.673013,0.213366,-0.215472,2.92093,-13.1615,4.80974,-2.31084
2006-09-29,23.91,2.12595,86.0785,7743.37,-0.0203444,42.1289,4,-0.0396355,-0.00105332,0.638539,-0.71781,0.213366,-0.215472,2.92274,-13.025,4.66263,-2.43152
2006-10-02,23.91,2.12595,86.0785,7743.37,-0.0199518,42.0104,4,-0.0388502,-0.00105332,0.638682,-0.716383,0.213366,-0.215472,2.92111,-12.8741,4.51564,-2.55217
2006-10-03,23.85,2.27509,86.0785,7743.37,-0.203812,41.3307,4,-0.40657,-0.00105332,-0.142927,-0.670213,0.213366,-0.215472,2.2756,-12.6391,4.3643,-2.67007
2006-10-04,23.85,2.18075,86.0785,7743.37,-0.211122,40.8595,4,-0.421191,-0.00105332,-0.143376,-0.699005,0.213366,-0.215472,1.90929,-12.4758,4.21462,-2.78855
2006-10-05,23.85,2.18075,86.0785,7743.37,-0.211078,40.3795,4,-0.421102,-0.00105332,-0.143455,-0.698749,0.213366,-0.215472,1.54688,-12.3257,4.06493,-2.90662
2006-10-06,23.86,2.19167,86.0785,7743.37,-0.189643,40.2266,4,-0.383529,0.00424339,-0.0717125,-0.695346,0.213366,-0.204879,1.51829,-12.192,3.91808,-3.01778
2006-10-09,23.86,2.07643,86.0785,7743.37,-0.195935,40.2716,4,-0.401411,0.00954009,-0.0717125,-0.731109,0.213366,-0.194285,1.77,-12.1303,3.77289,-3.14095
2006-10-10,23.86,2.07643,86.0785,7743.37,-0.088127,40.6833,4,-0.185794,0.00954009,0.358832,-0.73042,0.213366,-0.194285,2.37597,-12.0371,3.6304,-3.28605
2006-10-11,23.86,2.07643,86.0785,7743.37,-0.0878621,40.8135,4,-0.185264,0.00954009,0.359126,-0.729655,0.213366,-0.194285,2.70123,-11.944,3.48562,-3.42937
2006-10-12,23.86,2.07643,86.0785,7743.37,-0.0873215,41.2242,4,-0.184183,0.00954009,0.359075,-0.727441,0.213366,-0.194285,3.02556,-11.8639,3.48839,-3.42579
2006-10-13,23.86,2.07643,86.0785,7743.37,-0.104285,41.5752,4,-0.218111,0.00954009,0.287294,-0.723515,0.213366,-0.194285,3.29121,-11.7882,3.49065,-3.4185
2006-10-17,23.86,1.90941,85.5583,7818.37,-0.146005,41.2003,4,-0.242636,-0.0493733,0.287377,-0.772649,-0.141881,0.0431339,2.99059,-11.7789,3.19784,-3.20924
2006-10-18,23.86,1.90941,85.5583,7818.37,-0.144639,40.8651,4,-0.239904,-0.0493733,0.286042,-0.76585,-0.141881,0.0431339,2.69344,-11.7335,2.90557,-3.00041
2006-10-19,23.86,1.90941,85.5583,7818.37,-0.142445,40.5826,4,-0.235942,-0.0489486,0.284563,-0.756447,-0.141881,0.0439834,2.40297,-11.6451,2.61389,-2.78916
2006-10-20,23.81,1.4129,85.5583,7818.37,-0.26931,40.3139,4,-0.490889,-0.0477317,-0.0773407,-0.904437,-0.141881,0.0464172,2.38361,-11.8183,2.32257,-2.57392
2006-10-23,23.81,1.4129,85.5583,7818.37,-0.268218,40.0728,4,-0.490097,-0.0463392,-0.0782201,-0.901974,-0.141881,0.0492022,2.36369,-11.9658,2.03165,-2.35674
2006-10-24,23.81,1.4129,85.5583,7818.37,-0.266376,40.1155,4,-0.487002,-0.0457503,-0.0767363,-0.897268,-0.141881,0.05038,2.63018,-12.1167,1.74208,-2.14012
2006-10-25,23.81,1.15229,85.5583,7818.37,-0.285161,39.7857,4,-0.524572,-0.0457503,-0.0754145,-0.97373,-0.141881,0.05038,2.61152,-12.3552,1.45129,-1.92189
2006-10-26,23.86,1.41381,85.5583,7818.37,-0.171974,39.82,4,-0.298197,-0.0457503,0.295612,-0.892005,-0.141881,0.05038,2.89763,-12.5341,1.16183,-1.70534
2006-10-27,23.91,1.61528,85.5583,7818.37,0.0301077,39.9436,4,0.105966,-0.0457503,1.03712,-0.825188,-0.141881,0.05038,3.22171,-12.6616,0.872495,-1.48904
2006-10-30,23.91,1.61528,85.5583,7818.37,0.0313969,40.1088,4,0.108544,-0.0457503,1.03712,-0.820031,-0.141881,0.05038,3.54796,-12.7495,0.583056,-1.27273
2006-10-31,23.86,1.778,85.5583,7818.37,-0.0489388,40.0162,4,-0.0521274,-0.0457503,0.665469,-0.769724,-0.141881,0.05038,3.5691,-12.7905,0.293247,-1.05569
2006-11-01,23.86,1.53359,85.5583,7818.37,-0.0677636,40.4512,4,-0.0897768,-0.0457503,0.6637,-0.843253,-0.141881,0.05038,4.23077,-12.9435,0.00355727,-0.839662
2006-11-03,23.91,1.70071,85.5583,7818.37,-0.054951,40.952,4,-0.0641517,-0.0457503,0.66202,-0.790324,-0.141881,0.05038,4.89306,-13.0311,-0.28669,-0.623294
2006-11-06,23.91,1.70071,85.5583,7818.37,-0.1488,41.1521,4,-0.25185,-0.0457503,0.284746,-0.788447,-0.141881,0.05038,5.24494,-13.1094,-0.577163,-0.406239
2006-11-07,23.91,1.69761,85.5583,7818.37,-0.151348,41.2753,4,-0.256947,-0.0457503,0.272548,-0.786442,-0.141881,0.05038,5.52761,-13.1869,-0.867727,-0.197647
2006-11-08,23.91,1.69761,85.5583,7818.37,-0.0592924,41.7155,4,-0.0728345,-0.0457503,0.639513,-0.785182,-0.141881,0.05038,6.11398,-13.2418,-1.15909,0.00237983
2006-11-09,23.91,1.69761,85.5583,7818.37,-0.066985,41.7837,4,-0.0882197,-0.0457503,0.608633,-0.785072,-0.141881,0.05038,6.31913,-13.2881,-1.44993,0.20259
2006-11-10,23.91,1.69761,85.5583,7818.37,-0.160445,41.5496,4,-0.275139,-0.0457503,0.234678,-0.784956,-0.141881,0.05038,6.21469,-13.3278,-1.7399,0.402632
2006-11-13,23.87,1.81152,85.5583,7818.37,-0.224704,41.1075,4,-0.403658,-0.0457503,-0.0644227,-0.742894,-0.141881,0.05038,5.86346,-13.3294,-2.0288,0.602262
2006-11-14,23.87,1.81152,85.5331,7802.37,-0.172346,40.8888,4,-0.382907,0.0382149,-0.0308757,-0.734938,-0.00113178,0.0775616,5.60105,-13.3331,-2.20317,0.82409
2006-11-15,23.97,2.33678,85.5331,7802.37,0.0548701,41.5349,4,0.0712424,0.0384978,0.712967,-0.570482,-0.000565892,0.0775616,5.956,-13.1841,-2.09028,0.853256
2006-11-16,24.02,2.42498,85.5331,7802.37,0.146022,42.4738,4,0.253263,0.0387808,1.05025,-0.543727,0,0.0775616,6.59166,-13.0233,-1.9774,0.882833
2006-11-17,24.12,2.77255,85.5331,7802.37,0.342945,44.051,4,0.647109,0.0387808,1.73109,-0.436875,0,0.0775616,7.79433,-12.7903,-1.86538,0.912402
2006-11-20,24.27,3.24837,85.5331,7802.37,0.723351,47.3033,4,1.40792,0.0387808,3.10157,-0.285727,0,0.0775616,10.4355,-12.3188,-1.75408,0.940761
2006-11-21,24.26,3.2677,85.5331,7802.37,0.705637,50.5118,4,1.37249,0.0387808,3.02281,-0.277829,0,0.0775616,12.9989,-11.8135,-1.63843,0.964825
2006-11-22,24.31,3.2712,85.5331,7802.37,0.604869,53.38,4,1.16917,0.0405641,2.61263,-0.274279,0,0.0811282,15.1975,-11.2868,-1.51972,0.989008
2006-11-23,24.32,3.2571,85.5331,7802.37,0.52365,56.0273,4,1.0038,0.0435026,2.28234,-0.274745,0,0.0870052,17.0934,-10.6833,-1.39924,1.01648
2006-11-24,24.32,3.25354,85.5331,7802.37,0.339543,57.6885,4,0.634553,0.0445325,1.54294,-0.273829,0,0.089065,18.0736,-10.1511,-1.27965,1.0457
2006-11-27,24.32,3.2412,85.5331,7802.37,0.0640156,57.7982,4,0.0834987,0.0445325,0.441568,-0.27457,0,0.089065,17.5826,-9.69836,-1.16323,1.07719
2006-11-28,24.37,3.25173,85.5331,7802.37,0.172039,58.2524,4,0.30665,0.0374284,0.882076,-0.268777,0,0.0748569,17.442,-9.23973,-1.04623,1.09638
2006-11-29,24.37,3.07154,85.5331,7802.37,0.0625448,58.6117,4,0.0947651,0.0303244,0.515413,-0.325883,0,0.0606488,17.308,-8.87079,-0.929535,1.10407
2006-11-30,24.37,3.07154,85.5331,7802.37,0.0464373,58.979,4,0.0625502,0.0303244,0.441813,-0.316712,0,0.0606488,17.1146,-8.43437,-0.812951,1.11169
2006-12-01,24.37,3.06779,85.5331,7802.37,0.0487153,59.3118,4,0.0671061,0.0303244,0.442021,-0.307809,0,0.0606488,16.9238,-8.03481,-0.696557,1.11935
2006-12-04,24.43,3.09058,85.5331,7802.37,0.16087,60.3016,4,0.291415,0.0303244,0.882499,-0.299668,0,0.0606488,17.3754,-7.61964,-0.579476,1.12537
2006-12-05,24.42,3.11282,85.5331,7802.37,0.0538884,60.954,4,0.0774524,0.0303244,0.441475,-0.28657,0,0.0606488,17.4866,-7.20142,-0.463158,1.13202
2006-12-06,24.42,3.11282,85.5331,7802.37,0.0567332,61.3215,4,0.083142,0.0303244,0.441534,-0.27525,0,0.0606488,17.31,-6.78043,-0.347403,1.13936
2006-12-07,24.42,3.11282,85.5331,7802.37,0.0586126,61.7182,4,0.0869007,0.0303244,0.44173,-0.267928,0,0.0606488,17.1571,-6.35365,-0.23183,1.14656
2006-12-08,24.42,3.11282,85.5331,7802.37,0.0598723,62.411,4,0.0894202,0.0303244,0.44193,-0.263089,0,0.0606488,17.2936,-5.91892,-0.11639,1.15277
2006-12-11,24.42,2.97162,85.5331,7802.37,-0.0602843,62.9255,4,-0.150893,0.0303244,0.000760582,-0.302546,0,0.0606488,17.3214,-5.55394,-0.00137421,1.15942
2006-12-12,24.42,2.97162,85.5331,7802.37,-0.0406982,63.3358,4,-0.111721,0.0303244,0.0743089,-0.29775,0,0.0606488,17.3857,-5.19383,-0.000457523,1.14436
2006-12-13,24.47,2.77169,85.5331,7802.37,0.0358774,63.2767,4,0.0414304,0.0303244,0.441719,-0.358858,0,0.0606488,17.1694,-5.02361,0,1.13089
2006-12-14,24.47,2.76553,85.5331,7802.37,0.083998,63.0835,4,0.0463244,0.121672,0.442744,-0.350095,0.0876824,0.155661,16.6876,-4.86979,0.0709436,1.19472
2006-12-15,24.47,2.50343,85.3542,7871.16,0.112117,62.3616,4,0.0065725,0.217662,0.442575,-0.42943,-0.129181,0.564505,15.6769,-4.87367,-0.0336452,1.59194
2006-12-18,24.47,1.44883,85.3542,7871.16,0.0266573,60.1572,4,-0.166965,0.22028,0.442575,-0.776506,-0.129181,0.569741,13.5948,-5.30028,-0.139132,2.00181
2006-12-19,24.47,1.42499,85.3542,7871.16,0.0283637,57.9827,4,-0.168579,0.225306,0.442575,-0.779733,-0.129181,0.579794,11.5405,-5.73373,-0.245477,2.42148
2006-12-20,24.47,1.29446,85.3542,7871.16,-0.0723745,55.7837,4,-0.372454,0.227705,0.0739086,-0.818816,-0.129181,0.584591,9.49272,-6.19946,-0.352363,2.84278
2006-12-21,24.48,1.29443,85.3542,7871.16,-0.0538013,53.8942,4,-0.335307,0.227705,0.147182,-0.817797,-0.129181,0.584591,7.75412,-6.6583,-0.459342,3.25772
2006-12-22,24.48,1.29443,85.3542,7871.16,-0.0568643,52.5917,4,-0.333813,0.220084,0.146913,-0.814538,-0.129181,0.56935,6.61125,-7.10953,-0.566144,3.65617
2006-12-26,24.47,1.3161,85.3542,7871.16,-0.0829481,52.1081,4,-0.378359,0.212463,0.0366531,-0.793372,-0.129181,0.554108,6.27927,-7.53861,-0.672697,4.04014
2006-12-27,24.47,1.14551,85.3542,7871.16,-0.102329,51.2044,4,-0.417122,0.212463,0,-0.834244,-0.129181,0.554108,5.55436,-8.00695,-0.77936,4.43634
2006-12-28,24.47,1.14551,85.3542,7871.16,-0.10134,50.6643,4,-0.415144,0.212463,0,-0.830288,-0.129181,0.554108,5.13018,-8.4235,-0.885905,4.84349
2006-12-29,24.47,1.14551,85.3542,7871.16,-0.109356,50.1507,4,-0.431176,0.212463,-0.0371027,-0.82525,-0.129181,0.554108,4.73569,-8.84299,-0.992412,5.25039
2007-01-02,24.47,1.14551,85.3542,7871.16,-0.107472,49.6358,4,-0.427408,0.212463,-0.0371027,-0.817713,-0.129181,0.554108,4.34076,-9.26313,-1.09887,5.65702
2007-01-03,24.47,0.776953,85.3542,7871.16,-0.128637,48.6816,4,-0.469738,0.212463,0,-0.939476,-0.129181,0.554108,3.61283,-9.78879,-1.20513,6.0627
2007-01-04,24.47,0.755929,85.3542,7871.16,-0.130374,48.0747,4,-0.473211,0.212463,0,-0.946421,-0.129181,0.554108,3.24838,-10.3304,-1.31131,6.46798
2007-01-05,24.47,0.755929,85.3542,7871.16,-0.130374,47.4588,4,-0.473211,0.212462,0,-0.946421,-0.129184,0.554108,2.88379,-10.8802,-1.41733,6.87254
2007-01-08,24.52,1.02032,85.3542,7871.16,-0.0156066,47.2147,4,-0.243617,0.212404,0.37184,-0.859073,-0.129301,0.554108,2.82584,-11.3655,-1.52361,7.27797
2007-01-09,24.51,1.04121,85.3542,7871.16,-0.0329909,46.9094,4,-0.27713,0.211148,0.297911,-0.85217,-0.131812,0.554108,2.70673,-11.8484,-1.63185,7.68288
2007-01-10,24.51,1.04121,85.3542,7871.16,-0.0333624,46.9978,4,-0.275468,0.208744,0.297911,-0.848848,-0.136621,0.554108,2.95155,-12.2989,-1.74444,8.08963
2007-01-11,24.51,1.04121,85.3542,7871.16,-0.0345961,47.0179,4,-0.273515,0.204323,0.297911,-0.844941,-0.145462,0.554108,3.1357,-12.7496,-1.86424,8.49605
2007-01-12,24.51,0.775427,85.3542,7871.16,-0.0543075,46.7215,4,-0.309407,0.200792,0.301119,-0.919932,-0.152524,0.554108,3.01934,-13.209,-1.98944,8.90063
2007-01-15,24.51,0.775427,85.3368,7921.18,-0.0771757,46.1923,4,-0.495433,0.341082,-0.0762351,-0.914631,-0.177544,0.859708,2.59108,-13.6684,-2.20691,9.4765
2007-01-16,24.51,0.775427,85.3368,7921.18,-0.0574285,45.6363,4,-0.455938,0.341082,0,-0.911877,-0.177544,0.859708,2.22581,-14.0587,-2.24564,9.71478
2007-01-17,24.46,1.0821,85.3368,7921.18,-0.0600006,45.3524,4,-0.600947,0.480946,-0.392557,-0.809338,0.567172,0.39472,1.53847,-14.0819,-1.67242,9.56824
2007-01-18,24.46,1.0821,85.3368,7921.18,-0.0588386,45.067,4,-0.598623,0.480946,-0.393042,-0.804205,0.567172,0.39472,0.851094,-14.0979,-1.09949,9.41333
2007-01-19,24.41,1.29901,85.3368,7921.18,-0.13814,44.8519,4,-0.75689,0.48061,-0.786887,-0.726892,0.566501,0.39472,0.143428,-14.0192,-0.527466,9.25512
2007-01-22,24.36,1.45009,85.3368,7921.18,-0.228518,44.2813,4,-0.92923,0.472193,-1.18154,-0.676919,0.565829,0.378558,-0.948,-13.8943,0.0437201,9.07983
2007-01-23,24.35,1.44818,85.3368,7921.18,-0.251848,43.6459,4,-0.967921,0.464225,-1.26057,-0.675274,0.565829,0.362621,-2.10231,-13.7687,0.614061,8.90279
2007-01-24,24.35,1.45012,85.3368,7921.18,-0.150344,43.4266,4,-0.769142,0.468453,-0.867527,-0.670756,0.565829,0.371077,-2.84349,-13.6639,1.18408,8.74995
2007-01-25,24.3,1.58151,85.3368,7921.18,-0.235172,42.995,4,-0.944293,0.473948,-1.26315,-0.625431,0.565829,0.382068,-3.8774,-13.4842,1.75319,8.60344
2007-01-26,24.3,1.58151,85.3368,7921.18,-0.13553,42.8841,4,-0.746213,0.475152,-0.869308,-0.623118,0.565829,0.384476,-4.58939,-13.3121,2.32265,8.46294
2007-01-29,24.3,1.58151,85.3368,7921.18,-0.0368987,43.1193,4,-0.54895,0.475152,-0.481596,-0.616303,0.565829,0.384476,-4.95552,-13.1454,2.89342,8.3268
2007-01-30,24.3,1.58151,85.3368,7921.18,-0.0174533,43.4118,4,-0.510059,0.475152,-0.410561,-0.609557,0.565829,0.384476,-5.26398,-12.9802,3.46483,8.19112
2007-01-31,24.25,1.68679,85.3368,7921.18,-0.111174,43.4686,4,-0.6975,0.475152,-0.821967,-0.573033,0.565829,0.384476,-5.9388,-12.6805,4.03534,8.05259
2007-02-01,24.3,1.90435,85.3368,7921.18,0.112535,44.2599,4,-0.250081,0.475152,0,-0.500163,0.565829,0.384476,-5.94492,-12.3271,4.61032,7.92157
2007-02-02,24.3,1.90435,85.3368,7921.18,0.113103,45.0553,4,-0.248946,0.475152,0,-0.497892,0.565829,0.384476,-5.95026,-11.9695,5.18581,7.78924
2007-02-05,24.3,1.69043,85.3368,7921.18,0.0956533,45.4195,4,-0.283846,0.475152,0,-0.567691,0.565829,0.384476,-6.25823,-11.7342,5.75935,7.6526
2007-02-06,24.29,1.69042,85.3368,7921.18,0.0739881,45.77,4,-0.327176,0.475152,-0.0852816,-0.56907,0.565829,0.384476,-6.57549,-11.5052,6.33513,7.51554
2007-02-07,24.29,1.69042,85.3368,7921.18,0.179699,46.4691,4,-0.115754,0.475152,0.341478,-0.572986,0.565829,0.384476,-6.54339,-11.2847,6.91693,7.38021
2007-02-08,24.29,1.69042,85.3368,7921.18,0.0732202,46.8233,4,-0.328712,0.475152,-0.0866735,-0.57075,0.565829,0.384476,-6.86165,-11.0617,7.50427,7.2424
2007-02-09,24.29,1.69042,85.3368,7921.18,0.0770603,47.2552,4,-0.321032,0.475152,-0.0872201,-0.554843,0.565829,0.384476,-7.1833,-10.7641,8.09786,7.10465
2007-02-12,24.29,1.69042,85.3368,7921.18,0.081436,47.777,4,-0.315228,0.4781,-0.0885447,-0.541912,0.571725,0.384476,-7.19539,-10.46,8.71727,6.71511
2007-02-13,24.3,1.71116,85.3368,7921.18,0.166317,48.5138,4,-0.221368,0.554001,0.089905,-0.532641,0.618683,0.489318,-7.12338,-10.1505,9.37585,6.41184
2007-02-14,24.29,1.60185,84.9055,7970.13,0.0548488,48.8923,4,-0.284571,0.394269,0,-0.569142,-0.0160761,0.804613,-6.80062,-9.95358,8.89618,6.75028
2007-02-15,24.29,1.60185,84.9055,7970.13,0.0547525,49.2666,4,-0.284764,0.394269,0,-0.569527,-0.0160761,0.804613,-6.47719,-9.76089,8.41615,7.08857
2007-02-16,24.29,1.4738,84.9055,7970.13,0.0431761,49.8643,4,-0.307916,0.394269,0,-0.615833,-0.0160761,0.804613,-5.82901,-9.66989,7.93646,7.42678
2007-02-21,24.29,1.31172,84.9055,7970.13,0.0286588,50.7121,4,-0.336709,0.394026,0,-0.673417,-0.0165609,0.804613,-4.85497,-9.66651,7.45609,7.77752
2007-02-22,24.29,1.30874,84.9055,7970.13,0.00416701,51.5558,4,-0.385435,0.393769,-0.0971627,-0.673707,-0.0170759,0.804613,-3.89539,-9.66328,6.97431,8.14015
2007-02-23,24.29,1.30874,84.9055,7970.13,0.0291487,52.1469,4,-0.333416,0.391713,0,-0.666832,-0.0170759,0.800503,-3.17985,-9.65783,6.49252,8.49203
2007-02-26,24.29,1.09163,84.9055,7970.13,0.0111962,52.9574,4,-0.367266,0.389658,0,-0.734531,-0.0170759,0.796392,-2.13836,-9.74347,6.00973,8.82951
2007-02-27,24.34,1.31746,84.9055,7970.13,0.156133,53.9153,4,-0.0773925,0.389658,0.502582,-0.657367,-0.0170759,0.796392,-1.00802,-9.76491,5.52593,9.16235
2007-02-28,24.39,1.49048,84.9055,7970.13,0.295846,55.0054,4,0.202033,0.389658,1.00413,-0.600066,-0.0170759,0.796392,0.214285,-9.74156,5.04111,9.49155
2007-03-01,24.39,1.49048,84.9055,7970.13,0.296521,56.0305,4,0.203385,0.389658,1.00413,-0.597362,-0.0170759,0.796392,1.37552,-9.71989,4.55651,9.81839
2007-03-02,24.39,1.23682,84.9055,7970.13,0.275015,57.2858,4,0.160372,0.389658,1.00413,-0.683389,-0.0170759,0.796392,2.86969,-9.79308,4.07069,10.1386
2007-03-05,24.39,1.04698,84.9055,7970.13,0.258331,57.7579,4,0.127005,0.389658,1.00413,-0.750123,-0.0170759,0.796392,3.68984,-9.99036,3.59024,10.4682
2007-03-06,24.39,1.04698,84.9055,7970.13,0.134288,57.8264,4,-0.121083,0.389658,0.50425,-0.746415,-0.0170759,0.796392,4.10232,-10.1927,3.11251,10.8043
2007-03-07,24.39,1.04698,84.9055,7970.13,0.00939631,57.5474,4,-0.370865,0.389658,0,-0.741731,-0.0170759,0.796392,4.1042,-10.34,2.63641,11.1467
2007-03-08,24.39,1.02586,84.9055,7970.13,0.00782244,57.333,4,-0.374013,0.389658,0,-0.748026,-0.0170759,0.796392,4.17549,-10.4901,2.15962,11.4881
2007-03-09,24.39,1.02586,84.9055,7970.13,0.00785592,56.7754,4,-0.373946,0.389658,0,-0.747892,-0.0170759,0.796392,3.89891,-10.6424,1.68333,11.8356
2007-03-12,24.39,1.02586,84.9055,7970.13,0.0078865,56.563,4,-0.373885,0.389658,0,-0.74777,-0.0170759,0.796392,3.9712,-10.7908,1.2056,12.1771
2007-03-13,24.34,1.30185,84.9055,7970.13,-0.100415,55.9852,4,-0.590489,0.389658,-0.529659,-0.651319,-0.0170759,0.796392,3.61098,-10.8784,0.727925,12.5247
2007-03-14,24.34,1.30185,84.9055,7970.13,-0.100238,55.3924,4,-0.590135,0.389658,-0.531567,-0.648702,-0.0170759,0.796392,3.24955,-10.9739,0.244653,12.8721
2007-03-15,24.34,1.29709,84.9055,7970.13,-0.100123,54.5208,4,-0.58982,0.389575,-0.532068,-0.647572,-0.0172424,0.796392,2.741,-11.0784,-0.278113,13.1363
2007-03-16,24.34,1.28448,84.9055,7970.13,-0.101485,54.0084,4,-0.592395,0.389425,-0.532068,-0.652722,-0.0175416,0.796392,2.30449,-11.1523,-0.279447,13.1356
2007-03-19,24.3,1.42674,84.7971,8132.2,0.016894,53.8842,4,-0.780255,0.814042,-0.95851,-0.601999,-0.198469,1.82655,1.51599,-11.1802,-0.429561,13.9779
2007-03-20,24.21,1.94696,84.7971,8132.2,-0.0809652,53.4767,4,-0.901359,0.739428,-1.38851,-0.414209,0.10149,1.37737,0.37355,-11.0177,-0.332925,14.4538
2007-03-21,24.21,1.94696,84.7971,8132.2,-0.0804281,53.1183,4,-0.900315,0.739458,-1.38851,-0.41212,0.10155,1.37737,-0.769564,-10.8053,-0.235763,14.9289
2007-03-22,24.21,1.94696,84.7971,8132.2,-0.0878572,52.8157,4,-0.900309,0.724595,-1.38851,-0.41211,0.10167,1.34752,-1.83312,-10.5919,-0.138021,15.3788
2007-03-23,24.21,1.94696,84.7971,8132.2,-0.0952857,52.4064,4,-0.900273,0.709702,-1.38851,-0.412038,0.101731,1.31767,-2.97721,-10.3844,-0.0401945,15.8083
2007-03-26,24.16,2.05882,84.7971,8132.2,-0.116399,51.9864,4,-0.934128,0.70133,-1.49668,-0.371573,0.0849862,1.31767,-4.2108,-10.0874,0.0438799,16.2408
2007-03-27,24.16,1.87176,84.7971,8132.2,0.102914,51.8112,4,-0.48713,0.692957,-0.535523,-0.438736,0.0682418,1.31767,-5.06638,-9.90801,0.114175,16.6714
2007-03-28,24.17,1.66991,84.7971,8132.2,0.110949,51.202,4,-0.471058,0.692957,-0.42833,-0.513787,0.0682418,1.31767,-6.24778,-9.83882,0.184503,17.1041
2007-03-29,24.17,1.66991,84.7971,8132.2,0.11116,50.5911,4,-0.470638,0.692957,-0.42833,-0.512947,0.0682418,1.31767,-7.42905,-9.77038,0.254839,17.5357
2007-03-30,24.11,1.80784,84.7971,8132.2,-0.037082,49.5623,4,-0.767121,0.692957,-1.07216,-0.462087,0.0682418,1.31767,-9.14036,-9.58815,0.325158,17.9656
2007-04-02,24.11,1.80784,84.7971,8132.2,0.0975301,49.0322,4,-0.497897,0.692957,-0.537139,-0.458656,0.0682418,1.31767,-10.4098,-9.34721,0.395442,18.3938
2007-04-03,24.11,1.80784,84.7971,8132.2,0.0983133,48.9137,4,-0.496331,0.692957,-0.537139,-0.455523,0.0682418,1.31767,-11.2677,-9.10726,0.46574,18.8229
2007-04-04,24.11,1.80784,84.7971,8132.2,0.0710492,49.1169,4,-0.550859,0.692957,-0.646578,-0.455141,0.0682418,1.31767,-11.801,-8.87146,0.536071,19.2533
2007-04-05,24.11,1.80784,84.7971,8132.2,0.069518,49.3202,4,-0.553922,0.692957,-0.65338,-0.454463,0.0682418,1.31767,-12.3399,-8.62982,0.606402,19.6835
2007-04-09,24.11,1.80784,84.7971,8132.2,0.233905,50.0654,4,-0.225148,0.692957,0,-0.450297,0.0682418,1.31767,-12.3405,-8.38496,0.676748,20.1141
2007-04-10,24.11,1.80784,84.7971,8132.2,0.235281,50.815,4,-0.222396,0.692957,0,-0.444793,0.0682418,1.31767,-12.3396,-8.13469,0.747012,20.5423
2007-04-11,24.16,1.94878,84.7971,8132.2,0.387142,52.4209,4,0.081326,0.692957,0.550658,-0.388006,0.0682418,1.31767,-11.4431,-7.91338,0.816879,20.9605
2007-04-12,24.16,1.94878,84.7971,8132.2,0.388284,54.026,4,0.0836112,0.692957,0.552735,-0.385512,0.0682418,1.31767,-10.5385,-7.68823,0.886188,21.3666
2007-04-13,24.16,1.94878,84.7971,8132.2,0.389743,55.629,4,0.0865277,0.692957,0.558405,-0.385349,0.0682418,1.31767,-9.62557,-7.46028,0.954961,21.7599
2007-04-16,24.11,2.03336,84.4977,8102.69,0.0819738,56.2271,4,-0.175326,0.339273,0,-0.350651,-0.453093,1.13164,-9.18161,-7.20673,0.596737,22.0187
2007-04-17,24.11,1.99122,84.4977,8102.69,0.00287391,56.1815,4,-0.181651,0.187399,0,-0.363302,-0.432623,0.807421,-8.39536,-7.01123,0.404565,21.1835
2007-04-18,24.06,1.692,84.4977,8102.69,-0.31081,55.4318,4,-0.7999,0.178281,-1.12865,-0.471151,-0.432623,0.789185,-8.1896,-7.06448,-0.0338997,20.7198
2007-04-19,24.05,1.68831,84.4977,8102.69,-0.349922,54.5503,4,-0.855873,0.156029,-1.24177,-0.469975,-0.432623,0.744681,-8.07654,-7.11863,-0.473226,20.2187
2007-04-20,24.05,1.68831,84.4977,8102.69,-0.356025,53.671,4,-0.854945,0.142895,-1.24177,-0.468119,-0.432623,0.718413,-7.96192,-7.17015,-0.913315,19.7164
2007-04-24,24.06,1.7055,84.4977,8102.69,-0.184564,53.3778,4,-0.512023,0.142895,-0.566732,-0.457315,-0.432623,0.718413,-7.28718,-7.20898,-1.35339,19.2274
2007-04-25,24.01,1.70726,84.4977,8102.69,-0.342219,52.6355,4,-0.794299,0.109861,-1.13464,-0.453956,-0.432623,0.652346,-6.99243,-7.28021,-1.78031,18.6884
2007-04-26,24.01,1.70726,84.4977,8102.69,-0.21713,51.5819,4,-0.511087,0.0768277,-0.568276,-0.453899,-0.432623,0.586279,-7.02267,-7.29609,-2.19383,18.0945
2007-04-27,24.01,1.69018,84.4977,8102.69,-0.190288,50.5892,4,-0.457403,0.0768277,-0.454715,-0.460092,-0.432623,0.586279,-7.04601,-7.25349,-2.60711,17.4958
2007-04-30,24.01,1.69018,84.4977,8102.69,-0.190272,49.5955,4,-0.457372,0.0768277,-0.454715,-0.460029,-0.432623,0.586279,-7.06789,-7.21001,-3.01996,16.8934
2007-05-02,23.96,1.62726,84.4977,8102.69,-0.366452,48.51,4,-0.809731,0.0768277,-1.137,-0.482457,-0.432623,0.586279,-7.1198,-7.22525,-3.43201,16.2871
2007-05-03,23.96,1.62726,84.4977,8102.69,-0.22432,47.4504,4,-0.525469,0.0768277,-0.569094,-0.481843,-0.432623,0.586279,-7.14292,-7.2411,-3.84299,15.6774
2007-05-04,23.96,1.62726,84.4977,8102.69,-0.22432,46.3899,4,-0.525469,0.0768277,-0.569094,-0.481843,-0.432623,0.586279,-7.16432,-7.25779,-4.25259,15.0646
2007-05-07,24.01,1.83524,84.4977,8102.69,-0.0630584,45.9499,4,-0.202945,0.0768277,0,-0.405889,-0.432623,0.586279,-6.62981,-7.2147,-4.66317,14.4575
2007-05-08,24.06,2.007,84.4977,8102.69,0.0964147,46.0381,4,0.116002,0.0768277,0.567911,-0.335907,-0.432623,0.586279,-5.6254,-7.11769,-5.07564,13.8568
2007-05-09,24.11,2.15134,84.4977,8102.69,0.395128,46.5673,4,0.713428,0.0768277,1.69826,-0.271404,-0.432623,0.586279,-4.22979,-6.97336,-5.49002,13.2605
2007-05-10,24.06,2.27404,84.4977,8102.69,0.266851,46.671,4,0.456875,0.0768277,1.13335,-0.2196,-0.432623,0.586279,-3.29711,-6.78849,-5.90274,12.6593
2007-05-11,24.06,2.12521,84.4977,8102.69,0.253779,46.2331,4,0.43073,0.0768277,1.13335,-0.271889,-0.432623,0.586279,-2.8165,-6.69071,-6.313,12.0533
2007-05-14,24.02,2.18491,84.4977,8102.69,0.00617381,44.9811,4,-0.0644801,0.0768277,0.113677,-0.242637,-0.432623,0.586279,-3.17414,-6.56552,-6.71739,11.4381
2007-05-15,24.02,2.18491,83.5252,8088.67,-0.590852,41.7938,4,-0.344871,-0.836833,-0.454526,-0.235217,-2.17129,0.497625,-3.98884,-6.41329,-8.51999,10.7159
2007-05-16,23.97,2.18622,83.5252,8088.67,-0.874783,38.7349,4,-0.912733,-0.836833,-1.59085,-0.234621,-2.17129,0.497625,-5.25665,-6.27773,-9.86222,10.1315
2007-05-17,23.92,2.27325,83.5252,8088.67,-0.867614,36.0109,4,-0.898395,-0.836833,-1.59416,-0.202628,-2.17129,0.497625,-6.50307,-6.10044,-11.1903,9.80469
2007-05-18,23.87,2.27487,83.5252,8088.67,-1.01032,33.8715,4,-1.18381,-0.836833,-2.16577,-0.201853,-2.17129,0.497625,-7.28645,-5.84031,-12.5015,9.49974
2007-05-22,23.92,2.44026,83.5252,8088.67,-0.624424,33.0455,4,-0.639941,-0.608907,-1.13964,-0.140247,-1.40014,0.18233,-7.18196,-5.55864,-13.2347,9.02081
2007-05-23,23.97,2.57961,83.5252,8088.67,-0.473372,32.6949,4,-0.327155,-0.619588,-0.569446,-0.0848648,-1.40014,0.160967,-6.63584,-5.24528,-13.9877,8.56373
2007-05-24,23.97,2.57137,83.5252,8088.67,-0.336299,32.2438,4,-0.0409756,-0.631623,0,-0.0819512,-1.40014,0.136897,-6.17252,-4.93684,-14.7319,8.08508
2007-05-25,23.97,2.47238,83.5252,8088.67,-0.202723,32.6584,4,0.227532,-0.632977,0.570935,-0.115871,-1.40014,0.134189,-4.82325,-4.67571,-15.5284,7.68574
2007-05-28,23.97,2.47238,83.5252,8088.67,-0.059733,33.1289,4,0.513511,-0.632977,1.14306,-0.116042,-1.40014,0.134189,-3.46535,-4.4146,-16.3302,7.33902
2007-05-29,24.02,2.58957,83.5252,8088.67,-0.0483645,33.5553,4,0.535128,-0.631857,1.14068,-0.0704232,-1.40014,0.136429,-2.19462,-4.11009,-17.1311,6.99118
2007-05-30,24.02,2.58957,83.5252,8088.67,-0.188906,33.5594,4,0.251135,-0.628947,0.570231,-0.0679609,-1.40014,0.142248,-1.37462,-3.79647,-17.9055,6.63603
2007-05-31,24.02,2.46762,83.5252,8088.67,-0.198994,34.0654,4,0.229117,-0.627105,0.57054,-0.112306,-1.40014,0.145934,-0.00847616,-3.50692,-18.7148,6.29555
2007-06-01,23.97,2.58947,83.5252,8088.67,-0.328867,33.7492,4,-0.0306303,-0.627105,0,-0.0612607,-1.40014,0.145934,0.447177,-3.16609,-19.4676,5.93565
2007-06-04,23.97,2.58947,83.5252,8088.67,-0.327073,33.4395,4,-0.0270409,-0.627105,0,-0.0540818,-1.40014,0.145934,0.901764,-2.8203,-20.2185,5.57655
2007-06-05,23.97,2.47219,83.5252,8088.67,-0.480061,32.1944,4,-0.333018,-0.627105,-0.571076,-0.094959,-1.40014,0.145934,0.442859,-2.55887,-20.888,5.19846
2007-06-06,23.97,2.33731,83.5252,8088.67,-0.492164,30.4708,4,-0.358187,-0.626141,-0.571622,-0.144751,-1.40014,0.147861,-0.460379,-2.38844,-21.493,4.81268
2007-06-07,23.87,2.57661,83.5252,8088.67,-0.754024,27.2301,4,-0.883913,-0.624135,-1.71845,-0.0493724,-1.40014,0.151873,-3.10542,-2.17592,-21.8831,4.39453
2007-06-08,23.87,2.5128,83.5252,8088.67,-0.613668,24.8686,4,-0.604246,-0.623091,-1.14683,-0.0616607,-1.40014,0.153962,-4.80446,-2.02326,-22.3032,3.99951
2007-06-11,23.87,2.5128,83.5252,8088.67,-0.611627,22.6584,4,-0.600164,-0.623091,-1.14683,-0.0534967,-1.40014,0.153962,-6.44563,-1.8269,-22.68,3.6109
2007-06-12,23.82,2.54625,83.5252,8088.67,-0.751728,20.8174,4,-0.880366,-0.623091,-1.72205,-0.0386838,-1.40014,0.153962,-7.71118,-1.64838,-23.0594,3.23638
2007-06-13,23.82,2.54625,83.5252,8088.67,-0.751458,20.4389,4,-0.879826,-0.623091,-1.72205,-0.0376037,-1.40014,0.153962,-8.62278,-1.49683,-22.4131,2.97161
2007-06-14,23.87,2.61503,84.3459,8142.6,0.15025,22.9243,4,-0.00522711,0.305727,0,-0.0104542,0.0672647,0.54419,-7.59987,-1.35849,-21.1852,3.06788
2007-06-15,23.92,2.63755,84.3459,8142.6,0.296164,25.9408,4,0.286601,0.305727,0.574154,-0.000951703,0.0672647,0.54419,-6.08934,-1.23171,-19.9065,3.16832
2007-06-18,23.97,2.61503,84.3459,8142.6,0.438412,29.9634,4,0.568584,0.308241,1.14683,-0.00966304,0.0722915,0.54419,-3.61709,-1.10808,-18.5879,3.27644
2007-06-20,23.97,2.51885,84.3459,8142.6,0.574233,33.4908,4,0.837306,0.31116,1.72205,-0.0474372,0.0781302,0.54419,-1.38367,-1.05086,-17.6909,3.61619
2007-06-21,23.97,2.40733,84.3459,8142.6,0.324106,35.9236,4,0.815499,-0.167288,1.72205,-0.0910512,0.303192,-0.637768,0.453041,-1.06478,-16.4673,3.00262
2007-06-22,23.92,2.51885,84.3459,8142.6,0.0488091,37.12,4,0.264906,-0.167288,0.574154,-0.0443419,0.303192,-0.637768,0.919493,-1.03817,-15.1476,2.3863
2007-06-25,24.02,2.94162,84.3459,8142.6,0.228842,38.4755,4,0.633672,-0.175988,1.14472,0.122629,0.285792,-0.637768,1.38907,-0.848179,-13.8331,1.76778
2007-06-26,23.92,3.31081,84.3459,8142.6,-0.170039,38.1276,4,-0.152293,-0.187785,-0.573064,0.268477,0.262197,-0.637768,-0.00533445,-0.535267,-12.4713,1.13952
2007-06-27,23.92,3.20921,84.3459,8142.6,-0.181838,37.708,4,-0.172361,-0.191314,-0.573064,0.228341,0.256003,-0.638631,-1.395,-0.292401,-11.1144,0.509752
2007-06-28,23.97,3.31119,84.3459,8142.6,-0.0287163,38.2118,4,0.134314,-0.191747,0,0.268628,0.256003,-0.639496,-1.85988,-0.0194872,-9.78448,-0.12433
2007-06-29,23.97,3.31119,84.3459,8142.6,0.116279,39.2092,4,0.424305,-0.191747,0.579982,0.268628,0.256003,-0.639496,-1.85679,0.29054,-8.46054,-0.763966
2007-07-02,23.87,3.55233,84.3459,8142.6,-0.439888,38.8572,4,-0.688029,-0.191747,-1.73995,0.363892,0.256003,-0.639496,-3.27033,0.636072,-7.10647,-1.40211
2007-07-03,23.97,3.87982,84.3459,8142.6,0.172487,40.4482,4,0.53672,-0.191747,0.580168,0.493271,0.256003,-0.639496,-2.80851,1.08511,-5.78016,-2.04822
2007-07-04,23.97,3.87982,84.3459,8142.6,0.172575,42.5505,4,0.536896,-0.191747,0.580521,0.493271,0.256003,-0.639496,-1.87574,1.57125,-4.44542,-2.69964
2007-07-05,23.82,4.47418,84.3459,8142.6,-0.350355,43.0103,4,-0.508964,-0.191747,-1.74521,0.727284,0.256003,-0.639496,-2.83933,2.28737,-3.09064,-3.34713
2007-07-06,23.82,4.23466,84.3459,8142.6,-0.373985,44.2471,4,-0.556224,-0.191747,-1.74521,0.632765,0.256003,-0.639496,-2.86606,2.85145,-1.73561,-4.00269
2007-07-09,23.87,4.30635,84.3459,8142.6,0.0693908,46.4834,4,0.330528,-0.191747,0,0.661057,0.256003,-0.639496,-1.92838,3.45257,-0.376225,-4.66456
2007-07-10,23.92,4.36994,84.3459,8142.6,-0.0697887,48.2657,4,0.0521694,-0.191747,-0.581517,0.685855,0.256003,-0.639496,-1.4645,4.06512,0.987928,-5.32289
2007-07-11,23.92,4.29253,84.3459,8142.6,-0.0779655,50.4863,4,0.0358157,-0.191747,-0.583691,0.655322,0.256003,-0.639496,-0.526746,4.63827,2.35313,-5.97836
2007-07-12,23.92,4.29253,84.3459,8142.6,0.36072,54.1453,4,0.913186,-0.191747,1.17105,0.655322,0.256003,-0.639496,1.85431,5.20008,3.71144,-6.6205
2007-07-13,23.87,4.30579,84.3459,8142.6,0.213949,54.3541,4,0.623344,-0.195447,0.586139,0.66055,0.256003,-0.646896,2.33608,5.75104,3.86599,-7.59897
2007-07-16,23.82,4.29253,84.6297,8180.09,0.133123,53.8195,4,0.0328914,0.233355,-0.589539,0.655322,0.845228,-0.378519,1.37954,6.29374,4.50797,-8.36178
2007-07-17,23.82,4.20745,84.6297,8180.09,-0.0237732,52.3004,4,-0.278043,0.230497,-1.17785,0.621758,0.845228,-0.384234,-0.533988,6.82,5.14905,-9.13471
2007-07-19,23.72,4.4252,84.6297,8180.09,-0.0873578,50.1206,4,-0.826496,0.651781,-2.36065,0.707653,1.46706,-0.163497,-3.89913,7.4461,6.29662,-9.72302
2007-07-20,23.77,4.52038,84.6297,8180.09,0.0700345,49.283,4,-0.511712,0.651781,-1.76862,0.7452,1.46706,-0.163497,-6.77569,8.13489,7.25547,-9.33165
2007-07-23,23.76,4.47727,84.6297,8180.09,0.183283,49.7263,4,-0.285216,0.651781,-1.29862,0.728191,1.46706,-0.163497,-8.31949,8.77196,8.21502,-8.9412
2007-07-24,23.66,4.34549,84.6297,8180.09,-0.00618478,48.9516,4,-0.609333,0.596964,-1.89488,0.67621,1.35742,-0.163497,-10.8235,9.22722,9.09725,-8.54941
2007-07-25,23.72,4.29772,84.6297,8180.09,0.143597,49.9854,4,-0.262576,0.54977,-1.1828,0.657649,1.26304,-0.163497,-11.3272,9.54902,9.92317,-8.15951
2007-07-26,23.71,4.29486,84.6297,8180.09,0.409304,51.9335,4,0.268838,0.54977,-0.118845,0.656521,1.26304,-0.163497,-10.9486,9.89804,10.7489,-7.76488
2007-07-27,23.72,4.2045,84.6297,8180.09,0.279337,52.9471,4,0.00890461,0.54977,-0.603052,0.620861,1.26304,-0.163497,-11.4395,10.1829,11.5726,-7.3689
2007-07-30,23.77,4.30457,84.6297,8180.09,0.4701,54.109,4,0.39043,0.54977,0.120509,0.660351,1.26304,-0.163497,-11.8076,10.4964,12.3911,-6.97094
2007-07-31,23.72,4.12327,84.6297,8180.09,0.603422,57.5108,4,0.657074,0.54977,0.725342,0.588806,1.26304,-0.163497,-9.7385,10.6368,13.1643,-6.55181
2007-08-01,23.67,3.80598,84.6297,8180.09,0.239702,57.7283,4,-0.0703656,0.54977,-0.604324,0.463593,1.26304,-0.163497,-10.7051,10.6087,13.9844,-6.15965
2007-08-02,23.67,3.80598,84.6297,8180.09,0.26791,58.0365,4,-0.0139499,0.54977,-0.491493,0.463593,1.26304,-0.163497,-11.5771,10.5789,14.8014,-5.76682
2007-08-03,23.57,3.45686,84.6297,8180.09,-0.0978625,58.8501,4,-0.745495,0.54977,-1.81681,0.325823,1.26304,-0.163497,-11.6185,10.2352,15.6027,-5.36927
2007-08-06,23.61,3.54252,84.6297,8180.09,-0.111092,59.6933,4,-0.771954,0.54977,-1.90353,0.359626,1.26304,-0.163497,-11.7282,9.9951,16.3982,-4.97182
2007-08-07,23.61,3.41919,84.6297,8180.09,0.025109,59.5516,4,-0.499552,0.54977,-1.31006,0.310956,1.26304,-0.163497,-12.8009,9.71229,17.225,-4.58477
2007-08-08,23.61,3.28285,84.6297,8180.09,0.160778,60.288,4,-0.228214,0.54977,-0.713582,0.257154,1.26304,-0.163497,-12.8883,9.34757,18.0184,-4.18961
2007-08-09,23.56,3.3131,84.6297,8180.09,0.0147523,60.5832,4,-0.520265,0.54977,-1.30962,0.26909,1.26304,-0.163497,-13.4708,9.02677,18.8264,-3.79917
2007-08-10,23.51,3.33437,84.6297,8180.09,0.163877,59.9559,4,-0.217498,0.545251,-0.71248,0.277485,1.26304,-0.172535,-15.0258,8.73128,19.674,-3.42367
2007-08-13,23.61,3.7568,84.6297,8180.09,0.381148,60.4889,4,0.222094,0.540203,0,0.444188,1.26304,-0.182631,-15.4854,8.54472,20.4711,-3.04145
2007-08-14,23.65,3.79021,84.1337,8279.75,0.484028,61.6011,4,0.467231,0.500826,0.47709,0.457371,0.376358,0.625294,-14.5774,8.36101,20.0353,-2.21783
2007-08-15,23.65,3.79021,84.1337,8279.75,0.942651,64.6125,4,0.47108,1.41422,0.484789,0.457371,2.11502,0.713417,-13.1111,8.15553,20.8827,-1.31453
2007-08-16,23.71,3.63439,84.1337,8279.75,1.26048,68.6609,4,1.10673,1.41422,1.81758,0.395881,2.11502,0.713417,-9.59577,7.78221,21.0734,-0.598971
2007-08-17,23.66,3.61528,84.1337,8279.75,1.25955,72.0577,4,1.10489,1.41422,1.82143,0.388341,2.11502,0.713417,-6.63657,7.37379,21.2259,0.0946489
2007-08-20,23.66,3.61545,84.1337,8279.75,0.955677,74.1632,4,0.497133,1.41422,0.605858,0.388408,2.11502,0.713417,-5.08813,7.02087,21.4619,0.768607
2007-08-21,23.66,3.29092,84.1337,8279.75,0.802462,76.276,4,0.190704,1.41422,0.121069,0.260338,2.11502,0.713417,-3.48598,6.60579,21.7329,1.42329
2007-08-22,23.65,3.15359,84.1337,8279.75,0.755317,77.809,4,0.103073,1.40756,0,0.206145,2.10171,0.713417,-2.55843,6.19094,22.1117,2.06479
2007-08-23,23.7,3.25114,84.1337,8279.75,0.730912,78.5917,4,0.0609213,1.4009,-0.122795,0.244638,2.08839,0.713417,-2.54516,5.84464,22.5868,2.70543
2007-08-24,23.7,3.24696,84.1337,8279.75,0.885552,80.0226,4,0.370203,1.4009,0.497415,0.242991,2.08839,0.713417,-1.70339,5.49399,22.9145,3.31752
2007-08-27,23.65,3.22197,84.1337,8279.75,0.727221,80.6117,4,0.0535403,1.4009,-0.126048,0.233129,2.08839,0.713417,-1.87462,5.15116,23.3937,3.9415
2007-08-28,23.6,3.22279,84.1337,8279.75,0.569014,80.5335,4,-0.261819,1.39985,-0.757089,0.233451,2.08628,0.713417,-2.96229,4.89458,24.0142,4.58699
2007-08-29,23.65,3.24896,84.1337,8279.75,0.76034,81.6965,4,0.121889,1.39879,0,0.243778,2.08416,0.713417,-2.49092,4.67989,24.3371,5.17034
2007-08-30,23.65,3.24896,84.1337,8279.75,0.602789,82.421,4,-0.193214,1.39879,-0.630205,0.243778,2.08416,0.713417,-2.57191,4.48662,24.7444,5.76194
2007-08-31,23.6,2.96083,84.1337,8279.75,0.416478,83.498,4,-0.565836,1.39879,-1.26174,0.130073,2.08416,0.713417,-2.14703,4.2943,25.0341,6.3166
2007-09-03,23.55,2.99158,84.1337,8279.75,0.418843,84.5619,4,-0.561104,1.39879,-1.26442,0.142209,2.08416,0.713417,-1.67156,4.08754,25.294,6.85198
2007-09-04,23.4,3.72537,84.1337,8279.75,0.17244,84.8495,4,-1.05391,1.39879,-2.53961,0.431786,2.08416,0.713417,-2.52498,4.15729,25.7769,7.44027
2007-09-05,23.2,4.70585,84.1337,8279.75,-0.096015,84.346,4,-1.59082,1.39879,-4,0.818359,2.08416,0.713417,-4.85244,4.57815,26.5164,8.10383
2007-09-06,23.36,5.41914,84.1337,8279.75,0.054456,84.4245,4,-1.28988,1.39879,-3.67877,1.09901,2.08416,0.713417,-6.51258,5.15694,27.0679,8.71224
2007-09-07,23.21,5.80179,84.1337,8279.75,0.0114609,84.1215,4,-1.37587,1.39879,-4,1.24826,2.08416,0.713417,-8.85527,5.86064,27.7469,9.36923
2007-09-10,23.11,5.63909,84.1337,8279.75,-0.0143445,83.3174,4,-1.4112,1.38251,-4,1.1776,2.08416,0.680855,-11.7867,6.43813,28.5935,10.0724
2007-09-11,23.21,5.88146,84.1337,8279.75,0.391272,83.1251,4,-0.583686,1.36623,-2.43089,1.26352,2.08416,0.648294,-13.8871,7.0273,29.8741,10.1107
2007-09-12,23.21,5.88146,84.1337,8279.75,1.02436,83.2946,4,0.694592,1.35413,0.128594,1.26059,2.08416,0.624105,-14.1143,7.58589,29.7951,10.0278
2007-09-13,23.31,6.05067,84.1337,8279.75,0.364736,81.3764,4,0.339193,0.39028,-0.639388,1.31777,0.644333,0.136227,-16.1908,8.4122,29.34,9.81492
2007-09-14,23.46,6.55122,83.7935,8170.82,0.976361,80.7426,4,2.34471,-0.391991,3.19445,1.49498,0.00941819,-0.793401,-15.2871,9.27369,27.9822,8.77384
2007-09-17,23.51,6.61281,83.7935,8170.82,1.18188,81.2499,4,2.75561,-0.391845,4,1.51123,0.00971067,-0.793401,-12.742,10.0452,26.3125,7.63416
2007-09-18,23.31,7.22533,83.7935,8170.82,0.55254,80.6889,4,1.49692,-0.391845,1.25145,1.7424,0.00971067,-0.793401,-11.9844,11.1844,24.9156,6.57328
2007-09-19,22.96,8.84294,83.7935,8170.82,-0.384092,78.0041,4,-0.376339,-0.391845,-3.10149,2.34882,0.00971067,-0.793401,-14.5924,13.0552,23.9406,5.60076
2007-09-20,23.2,9.7338,83.7935,8170.82,0.140352,76.5323,4,0.672549,-0.391845,-1.33316,2.67826,0.00971067,-0.793401,-15.675,15.047,22.6375,4.52278
2007-09-21,23.15,9.73259,83.7935,8170.82,-0.46266,72.9771,4,-0.531047,-0.394273,-3.73989,2.6778,0.00485533,-0.793401,-19.3312,17.2906,21.5566,3.46113
2007-09-24,23.25,9.91576,83.7935,8170.82,-0.288124,70.1326,4,-0.182871,-0.393378,-3.10857,2.74283,0,-0.786756,-21.9769,19.5327,20.2437,2.33312
2007-09-25,23.15,9.98319,83.7935,8170.82,0.0158566,68.5277,4,0.423736,-0.392023,-1.91814,2.76561,0,-0.784046,-23.0621,21.6872,18.7399,1.16264
2007-09-26,23.05,9.9817,83.7935,8170.82,0.767322,68.5482,4,1.92667,-0.392023,1.08868,2.76466,0,-0.784046,-22.1965,23.6849,17.085,-0.0252684
2007-09-27,23.15,10.1721,83.7935,8170.82,0.362935,67.8412,4,1.11789,-0.392023,-0.600385,2.83617,0,-0.784046,-22.2402,25.8194,15.4787,-1.21676
2007-09-28,23.15,10.1709,83.7935,8170.82,0.513807,68.1289,4,1.4178,-0.390182,0,2.83559,0,-0.780364,-21.2105,27.938,13.8037,-2.40231
2007-10-01,22.95,10.5298,83.7935,8170.82,-0.351338,65.8239,4,-0.323387,-0.379289,-3.61678,2.97001,0,-0.758578,-23.2904,30.4605,12.2584,-3.60464
2007-10-02,22.95,10.3623,83.7935,8170.82,-0.0628581,65.1072,4,0.244917,-0.370633,-2.4164,2.90623,0,-0.741266,-23.2503,32.5268,10.6139,-4.78322
2007-10-03,22.85,10.055,83.7935,8170.82,-0.094784,65.111,4,0.181065,-0.370633,-2.42693,2.78906,0,-0.741266,-21.9853,34.1107,8.93822,-5.95261
2007-10-04,22.75,9.70973,83.7935,8170.82,-0.521125,63.3356,4,-0.671616,-0.370633,-4,2.65677,0,-0.741266,-22.3702,35.5644,7.30406,-7.16261
2007-10-05,22.7,9.52818,83.7935,8170.82,-0.540251,61.6066,4,-0.709868,-0.370633,-4,2.58026,0,-0.741266,-22.4771,36.8164,5.64587,-8.37856
2007-10-08,22.25,11.6286,83.7935,8170.82,-0.342535,60.5667,4,-0.314438,-0.370633,-4,3.37112,0,-0.741266,-22.5338,38.6956,3.96274,-9.55788
2007-10-09,22.3,11.5043,83.7935,8170.82,-0.358493,58.1638,4,-0.346353,-0.370633,-4,3.30729,0,-0.741266,-23.9277,40.5567,2.27641,-10.7416
2007-10-10,22.25,11.4801,83.7935,8170.82,-0.363844,53.6401,4,-0.357056,-0.370633,-4,3.28589,0,-0.741266,-27.4616,42.4541,0.574021,-11.9264
2007-10-11,22.21,11.2297,83.7935,8170.82,-0.38736,51.1655,4,-0.404086,-0.370633,-4,3.19183,0,-0.741266,-30.2653,44.0515,0.0437708,-12.6644
2007-10-12,22.06,10.8226,83.7935,8170.82,-0.649677,45.8129,4,-0.483482,-0.815873,-4,3.03304,-0.589226,-1.04252,-36.1325,45.242,-0.448783,-12.8479
2007-10-16,22.11,10.8314,83.5235,8179.63,-0.212692,41.2783,4,0.635395,-1.06078,-1.75375,3.02454,-1.14977,-0.971787,-40.6121,46.1983,-1.39393,-12.9139
2007-10-17,22.07,10.6421,83.5235,8179.63,-0.514485,37.8826,4,0.031809,-1.06078,-2.88052,2.94414,-1.14977,-0.971787,-43.6528,46.8189,-2.3239,-12.9596
2007-10-18,22.27,10.3601,83.5235,8179.63,0.240755,39.8616,4,1.54229,-1.06078,0.249786,2.83479,-1.14977,-0.971787,-41.1316,47.441,-3.28032,-13.1676
2007-10-19,22.17,9.39015,83.5235,8179.63,-0.0375865,39.2951,4,0.985606,-1.06078,-0.501629,2.47284,-1.14977,-0.971787,-40.4018,47.2129,-4.22011,-13.2959
2007-10-22,22.07,9.42379,83.5235,8179.63,0.121372,41.1622,4,1.30352,-1.06078,0.126213,2.48083,-1.14977,-0.971787,-37.4016,47.2388,-5.18057,-13.4943
2007-10-23,21.97,9.10771,83.5235,8179.63,-0.381599,40.8619,4,0.297581,-1.06078,-1.76899,2.36415,-1.14977,-0.971787,-36.2856,46.902,-6.1168,-13.6376
2007-10-24,21.97,9.14332,83.5235,8179.63,-0.252369,40.0032,4,0.55604,-1.06078,-1.26471,2.37679,-1.14977,-0.971787,-35.6884,46.5017,-7.04353,-13.7665
2007-10-25,22.07,9.45956,83.5235,8179.63,-0.536017,35.9063,4,-0.0112551,-1.06078,-2.51231,2.4898,-1.14977,-0.971787,-38.2067,45.7767,-7.89472,-13.769
2007-10-26,21.96,9.18469,83.5235,8179.63,-0.590143,33.0068,4,-0.13276,-1.04753,-2.65049,2.38497,-1.14977,-0.945281,-39.4525,44.948,-8.73187,-13.7568
2007-10-29,22.06,9.49419,83.5235,8179.63,0.0749187,31.704,4,1.18481,-1.03498,-0.126685,2.49631,-1.14977,-0.920183,-39.3414,44.4374,-9.59802,-13.794
2007-10-30,21.9,9.38419,83.5235,8179.63,-0.127188,32.3667,4,0.780602,-1.03498,-0.892048,2.45325,-1.14977,-0.920183,-37.2819,44.1504,-10.5405,-13.9613
2007-10-31,22.05,9.90826,83.5235,8179.63,0.396511,33.7422,4,1.828,-1.03498,1.01601,2.63999,-1.14977,-0.920183,-34.736,44.1766,-11.5182,-14.1803
2007-11-01,21.96,9.89998,83.5235,8179.63,-0.208446,33.3997,4,0.618085,-1.03498,-1.3915,2.62767,-1.14977,-0.920183,-33.863,43.9903,-12.4226,-14.305
2007-11-05,22.05,10.083,83.5235,8179.63,0.438804,36.3328,4,1.91259,-1.03498,1.13815,2.68702,-1.14977,-0.920183,-30.0562,44.4606,-13.4772,-14.5945
2007-11-06,21.95,10.1369,83.5235,8179.63,-0.189489,37.426,4,0.655998,-1.03498,-1.39108,2.70308,-1.14977,-0.920183,-28.0383,44.7021,-14.4518,-14.786
2007-11-07,21.95,7.473,83.5235,8179.63,0.0736294,38.7362,4,1.18224,-1.03498,0.635093,1.72938,-1.14977,-0.920183,-24.3661,43.5211,-15.4364,-14.9824
2007-11-08,22,7.4746,83.5235,8179.63,-0.245959,39.0928,4,0.54306,-1.03498,-0.634573,1.72069,-1.14977,-0.920183,-21.6485,42.2676,-16.3854,-15.1409
2007-11-09,22.05,7.52069,83.5235,8179.63,0.201854,40.8986,4,1.43868,-1.03498,1.14327,1.7341,-1.14977,-0.920183,-17.5317,41.1657,-17.389,-15.3465
2007-11-12,22.05,7.50502,83.5235,8179.63,-0.0855387,41.8703,4,0.8639,-1.03498,0,1.7278,-1.14977,-0.920183,-14.2895,40.0416,-18.3613,-15.5206
2007-11-13,22,7.1565,83.5235,8179.63,0.112998,44.3465,4,1.122,-0.896006,0.641277,1.60273,-0.119863,-1.67215,-10.5292,39.0125,-18.0426,-16.0943
2007-11-14,22,7.1007,83.0126,8265.11,0.0050056,45.0579,4,1.11132,-1.10131,0.641277,1.58137,-1.17603,-1.0266,-8.5687,37.8573,-18.0786,-16.1521
2007-11-15,22.05,7.12938,83.0126,8265.11,0.0106747,46.7799,4,1.12023,-1.09888,0.650146,1.59032,-1.17117,-1.0266,-5.67467,36.7988,-18.123,-16.2212
2007-11-16,21.95,6.43356,83.0126,8265.11,-0.539452,44.2247,4,0.0199802,-1.09888,-1.30177,1.34173,-1.17117,-1.0266,-6.9352,35.4834,-18.0966,-16.2269
2007-11-19,22,6.3551,83.0126,8265.11,-0.383563,43.0985,4,0.331759,-1.09888,-0.650146,1.31366,-1.17117,-1.0266,-7.04649,34.4791,-18.0868,-16.2473
2007-11-20,21.95,6.20959,83.0126,8265.11,-0.399591,41.4137,4,0.299703,-1.09888,-0.662314,1.26172,-1.17117,-1.0266,-7.67168,33.3862,-18.0539,-16.2469
2007-11-21,21.95,6.00128,83.0126,8265.11,-0.416207,41.3023,4,0.259879,-1.09229,-0.667592,1.18735,-1.17117,-1.01341,-6.76961,32.4171,-18.0677,-16.2775
2007-11-22,21.95,6.00128,83.0126,8265.11,-0.576907,40.2611,4,-0.0731598,-1.08065,-1.33367,1.18735,-1.17117,-0.990136,-6.81188,31.3796,-18.0478,-16.2589
2007-11-23,21.95,5.75225,83.0126,8265.11,-0.26017,41.1457,4,0.548676,-1.06902,0,1.09735,-1.17117,-0.966859,-4.77054,30.2972,-18.0973,-16.2837
2007-11-26,21.9,5.53302,83.0126,8265.11,-0.610193,41.0812,4,-0.165758,-1.05463,-1.34898,1.01746,-1.17117,-0.938084,-3.70631,29.1759,-18.1126,-16.2758
2007-11-27,21.9,5.25116,83.0126,8265.11,-0.460792,39.3686,4,0.118655,-1.04024,-0.674491,0.9118,-1.17117,-0.909308,-4.13898,27.7801,-18.0645,-16.2081
2007-11-28,21.95,4.64256,83.0126,8265.11,-0.346917,38.6718,4,0.346406,-1.04024,0,0.692812,-1.17117,-0.909308,-3.4069,26.3027,-18.0517,-16.1722
2007-11-29,22,4.00756,83.0126,8265.11,-0.234204,36.6927,4,0.571832,-1.04024,0.674491,0.469173,-1.17117,-0.909308,-3.66475,24.4062,-17.9721,-16.0766
2007-11-30,21.91,4.00878,83.0126,8265.11,-0.537893,35.6725,4,-0.0355473,-1.04024,-0.5407,0.469605,-1.17117,-0.909308,-2.96745,22.5899,-17.9328,-16.0172
2007-12-03,21.91,3.69013,83.0126,8265.11,-0.396942,33.1313,4,0.246355,-1.04024,0.135329,0.357382,-1.17117,-0.909308,-3.74173,20.5256,-17.7883,-15.8642
2007-12-04,21.85,3.46481,83.0126,8265.11,-0.620007,31.8511,4,-0.199774,-1.04024,-0.677574,0.278025,-1.17117,-0.909308,-3.15524,18.4914,-17.7124,-15.7727
2007-12-05,21.9,3.57793,83.0126,8265.11,-0.60966,29.8635,4,-0.179081,-1.04024,-0.676029,0.317866,-1.17117,-0.909308,-4.15901,17.2125,-17.5688,-15.6212
2007-12-06,21.85,3.54006,83.0126,8265.11,-0.951012,27.8739,4,-0.861784,-1.04024,-2.02809,0.304526,-1.17117,-0.909308,-5.20195,15.9311,-17.4039,-15.4514
2007-12-07,21.7,4.09328,83.0126,8265.11,-1.10902,24.3553,4,-1.1778,-1.04024,-2.85497,0.499365,-1.17117,-0.909308,-8.13752,14.6449,-17.0435,-15.1086
2007-12-10,21.76,4.27803,83.0126,8265.11,-0.887512,22.3272,4,-0.736011,-1.03901,-2.03645,0.564431,-1.16872,-0.909308,-9.54606,13.5535,-16.8044,-14.8759
2007-12-11,21.81,4.35662,83.0126,8265.11,-0.506661,20.8282,4,0.0244656,-1.03779,-0.543177,0.592108,-1.16627,-0.909308,-10.3075,12.6374,-17.3743,-14.1273
2007-12-12,21.76,4.40225,83.0126,8265.11,-0.84213,18.878,4,-0.646473,-1.03779,-1.90112,0.608179,-1.16627,-0.909308,-11.9767,11.7035,-17.0582,-13.7906
2007-12-13,21.71,4.31216,83.0126,8265.11,-0.851154,17.0139,4,-0.66452,-1.03779,-1.90549,0.576449,-1.16627,-0.909308,-13.5723,10.7536,-16.7262,-13.4412
2007-12-14,21.6,4.37775,83.0126,8265.11,-0.326583,17.463,4,-0.384842,-0.268324,-1.36923,0.599549,-0.437929,-0.0987179,-13.6876,10.2736,-16.282,-12.841
2007-12-17,21.55,4.25104,81.8269,8258.23,-1.33288,15.5178,4,-1.15991,-1.50586,-2.87474,0.554925,-2.86127,-0.150445,-14.9463,9.51304,-17.1078,-11.9411
2007-12-18,21.55,4.23958,81.8269,8258.23,-1.50175,13.446,4,-1.50633,-1.49716,-3.55512,0.542454,-2.84387,-0.150445,-16.515,8.76252,-17.7843,-11.0173
2007-12-19,21.6,4.38361,81.8269,8258.23,-1.14754,12.181,4,-0.79792,-1.49716,-2.18775,0.591909,-2.84387,-0.150445,-17.2195,8.19688,-18.5669,-10.2295
2007-12-20,21.65,4.51471,81.8269,8258.23,-0.79402,11.8221,4,-0.0908795,-1.49716,-0.820402,0.638643,-2.84387,-0.150445,-16.7776,7.78374,-19.5734,-9.6107
2007-12-21,21.65,4.51471,81.8269,8258.23,-0.410469,11.578,4,0.660236,-1.48117,0.684627,0.635845,-2.84387,-0.118475,-16.2553,7.44597,-20.6038,-9.00884
2007-12-24,21.55,4.69789,81.8269,8258.23,-0.554721,11.6677,4,0.347053,-1.4565,0,0.694107,-2.84387,-0.0691164,-15.3834,7.2423,-21.7463,-8.44497
2007-12-26,21.6,4.82101,81.8269,8258.23,-0.365883,11.8222,4,0.711769,-1.44353,0.686213,0.737324,-2.84387,-0.0431948,-14.5164,7.14465,-22.9164,-7.88965
2007-12-27,21.6,4.70113,81.8269,8258.23,-0.546281,11.4993,4,0.346706,-1.43927,0,0.693412,-2.84387,-0.0346625,-14.4382,7.1066,-23.9014,-7.26765
2007-12-28,21.55,4.58337,81.8269,8258.23,-0.899864,10.4666,4,-0.36046,-1.43927,-1.3724,0.651484,-2.84387,-0.0346625,-15.5075,7.09608,-24.5553,-6.56658
2007-12-31,21.55,4.44868,81.8269,8258.23,-0.911854,9.91681,4,-0.384439,-1.43927,-1.3724,0.603526,-2.84387,-0.0346625,-15.8809,7.10813,-25.3755,-5.93489
2008-01-02,21.41,4.86941,81.8269,8258.23,-1.01542,9.05436,4,-0.591568,-1.43927,-1.9321,0.748965,-2.84387,-0.0346625,-16.9103,7.23126,-25.9889,-5.27771
2008-01-03,21.45,4.9443,81.8269,8258.23,-1.0432,8.49717,4,-0.647128,-1.43927,-2.06578,0.771526,-2.84387,-0.0346625,-17.5709,7.45121,-26.7164,-4.66677
2008-01-04,21.483,4.88666,81.8269,8258.23,-0.935365,8.08614,4,-0.431461,-1.43927,-1.61007,0.747151,-2.84387,-0.0346625,-17.9816,7.64591,-27.4971,-4.0811
2008-01-07,21.517,4.94015,81.8269,8258.23,-0.641735,8.47607,4,0.155798,-1.43927,-0.454291,0.765887,-2.84387,-0.0346625,-17.163,8.0038,-28.7926,-3.57218
2008-01-08,21.409,4.67171,81.8269,8258.23,-1.03828,8.5672,4,-0.6373,-1.43927,-1.94595,0.671348,-2.84387,-0.0346625,-16.6297,8.12798,-29.8989,-3.03226
2008-01-09,21.265,4.955,81.8269,8258.23,-1.03163,8.3823,4,-0.623991,-1.43927,-2.01447,0.766488,-2.84387,-0.0346625,-16.546,8.21969,-30.8169,-2.4745
2008-01-10,21.121,5.16281,81.8269,8258.23,-1.51028,7.17689,4,-1.58083,-1.43974,-4,0.838349,-2.84387,-0.0356079,-18.1507,8.12715,-30.9262,-1.87338
2008-01-11,21.004,5.34698,81.8269,8258.23,-1.49464,6.46759,4,-1.54903,-1.44024,-4,0.901937,-2.84387,-0.0366064,-19.0399,8.14224,-31.3155,-1.31922
2008-01-14,21.197,6.59427,81.3634,8420.81,-1.3077,6.00457,4,-1.33316,-1.28225,-4,1.33369,-3.80647,1.24197,-20.0001,8.47189,-32.4243,-0.0429728
2008-01-15,21.351,7.06491,81.3634,8420.81,-0.468572,5.86598,4,0.345104,-1.28225,-0.804184,1.49439,-3.80647,1.24197,-19.5838,8.95587,-34.2438,0.737735
2008-01-16,21.247,7.20588,81.3634,8420.81,-0.197873,7.04658,4,0.641597,-1.03734,-0.25103,1.53422,-3.24592,1.17124,-18.6928,9.86178,-35.6827,1.56032
2008-01-17,21.256,7.21296,81.3634,8420.81,0.335341,9.33305,4,1.70803,-1.03734,1.88873,1.52732,-3.24592,1.17124,-16.2689,11.0368,-37.9228,2.48796
2008-01-18,21.202,7.15054,81.3634,8420.81,0.551609,11.8978,4,2.14056,-1.03734,2.7782,1.50292,-3.24592,1.17124,-13.7441,12.1787,-40.0268,3.48999
2008-01-21,21.134,7.08695,81.3634,8420.81,-0.371044,12.6072,4,0.295256,-1.03734,-0.880355,1.47087,-3.24592,1.17124,-13.9403,12.8782,-40.7518,4.42113
2008-01-22,21.068,7.10329,81.3634,8420.81,-1.1384,11.4042,4,-1.23946,-1.03734,-3.94646,1.46754,-3.24592,1.17124,-16.7343,13.1793,-40.2296,5.18881
2008-01-23,21.014,7.01463,81.3634,8420.81,-0.975808,10.7468,4,-0.914273,-1.03734,-3.25762,1.42907,-3.24592,1.17124,-18.672,13.5083,-40.0297,5.9402
2008-01-24,21.034,6.93859,81.3634,8420.81,-0.940564,9.89431,4,-0.843785,-1.03734,-3.08035,1.39278,-3.24592,1.17124,-20.7976,13.7144,-39.6493,6.62682
2008-01-25,21.107,7.13278,81.3634,8420.81,-0.492578,9.97181,4,0.0681597,-1.05332,-1.31757,1.45389,-3.24592,1.13929,-21.6783,14.2253,-39.9687,7.39345
2008-01-28,21.056,7.13507,81.3634,8420.81,-0.442421,10.65,4,0.183599,-1.06844,-1.08484,1.45204,-3.24592,1.10904,-21.7702,14.9314,-40.7466,8.23538
2008-01-29,21,7.14029,81.3634,8420.81,-0.408348,11.4343,4,0.251744,-1.06844,-0.948502,1.45199,-3.24592,1.10904,-21.7932,15.7012,-41.5809,9.1072
2008-01-30,21.051,6.9761,81.3634,8420.81,-0.0548817,13.0427,4,0.958677,-1.06844,0.519709,1.39765,-3.24592,1.10904,-20.6938,16.549,-42.9327,10.1201
2008-01-31,21.02,6.90426,81.3634,8420.81,-0.224904,14.5312,4,0.618633,-1.06844,-0.1366,1.37387,-3.24592,1.10904,-19.7934,17.3165,-44.1189,11.1271
2008-02-01,20.86,7.21631,81.3634,8420.81,-1.01926,14.3735,4,-0.970071,-1.06844,-3.4173,1.47715,-3.24592,1.10904,-21.0023,17.7852,-44.3044,11.895
2008-02-06,20.768,7.19399,81.3634,8420.81,-1.14825,13.4462,4,-1.22805,-1.06844,-3.9209,1.4648,-3.24592,1.10904,-23.1011,18.0346,-44.0112,12.5238
2008-02-07,20.644,7.25921,81.3634,8420.81,-1.16291,13.2245,4,-1.25738,-1.06844,-4,1.48523,-3.24592,1.10904,-24.4253,18.5307,-44.1432,13.2622
2008-02-08,20.703,7.19432,81.3634,8420.81,-1.16889,12.9832,4,-1.26934,-1.06844,-4,1.46132,-3.24592,1.10904,-25.6852,18.936,-44.2584,13.9908
2008-02-11,20.864,7.57346,81.3634,8420.81,-0.650265,14.5457,4,-0.23209,-1.06844,-2.04871,1.58453,-3.24592,1.10904,-24.9031,19.8746,-45.5216,15.0958
2008-02-12,21.125,8.63358,81.3634,8420.81,0.880641,19.494,4,2.83399,-1.07271,3.73259,1.93539,-3.24592,1.10051,-20.6512,21.762,-48.4042,16.7875
2008-02-13,21.087,7.99447,81.3634,8420.81,0.886783,24.8731,4,2.85923,-1.08567,4,1.71847,-3.24592,1.07459,-15.4356,23.01,-50.0965,17.3951
2008-02-14,21.031,7.52107,79.9801,8466.97,0.730053,28.1146,4,2.77775,-1.31765,4,1.55551,-4,1.3647,-11.9938,23.5152,-51.2435,17.8367
2008-02-15,21.021,7.36126,79.9801,8466.97,0.547219,30.2275,4,2.75085,-1.65641,4,1.50169,-4,0.687184,-8.77111,23.7452,-52.3954,17.6488
2008-02-18,20.957,7.40439,79.9801,8466.97,-0.113499,28.9461,4,1.42941,-1.65641,1.34285,1.51597,-4,0.687184,-9.14316,23.5853,-52.6531,17.1572
2008-02-19,20.874,7.46822,79.9801,8466.97,-1.23807,24.1074,4,-0.819739,-1.65641,-3.16767,1.52819,-4,0.687184,-13.4036,22.9217,-51.7027,16.2921
2008-02-20,20.955,7.58468,79.9801,8466.97,-0.842304,22.9106,4,-0.0281996,-1.65641,-1.61037,1.55397,-4,0.687184,-13.8377,22.7849,-51.8216,15.7851
2008-02-21,21.081,7.84051,79.9801,8466.97,-0.231637,25.243,4,1.19634,-1.65961,0.764508,1.62817,-4,0.680778,-10.4542,23.2861,-53.2597,15.6708
2008-02-22,21.088,7.78044,79.9801,8466.97,-0.184555,27.3761,4,1.29365,-1.66275,0.985864,1.60143,-4,0.674491,-7.29453,23.7269,-54.5476,15.4913
2008-02-25,20.971,8.03386,79.9801,8466.97,-0.336079,29.0637,4,0.990596,-1.66275,0.296108,1.68509,-4,0.674491,-4.71388,24.175,-55.642,15.2446
2008-02-26,20.971,7.92045,79.9801,8466.97,-0.0736438,30.2611,4,1.51547,-1.66275,1.38339,1.64755,-4,0.674491,-2.61115,24.4716,-56.568,14.9687
2008-02-27,21.015,7.92413,79.9801,8466.97,-0.195295,30.9776,4,1.27217,-1.66275,0.895567,1.64876,-4,0.674491,-1.05232,24.709,-57.3537,14.6747
2008-02-28,20.942,7.9644,79.9801,8466.97,-0.84065,29.7291,4,-0.0185444,-1.66275,-1.69863,1.66154,-4,0.674491,-1.63636,24.7283,-57.6091,14.2463
2008-02-29,20.838,8.08105,79.9801,8466.97,-1.19464,26.5529,4,-0.726525,-1.66275,-3.15264,1.69959,-4,0.674491,-4.44802,24.5357,-57.1995,13.6647
2008-03-03,20.808,8.08054,79.9801,8466.97,-0.912481,24.7237,4,-0.162206,-1.66275,-2.02378,1.69937,-4,0.674491,-5.83864,24.4989,-57.1102,13.1736
2008-03-04,20.872,7.71244,79.9801,8466.97,-0.732548,25.4781,4,0.197659,-1.66275,-1.18215,1.57747,-4,0.674491,-4.15097,24.6985,-57.9751,12.9057
2008-03-05,20.692,8.17028,79.9801,8466.97,-1.39914,24.8173,4,-1.13552,-1.66275,-4,1.72896,-4,0.674491,-4.19341,24.7931,-58.2997,12.5172
2008-03-06,20.708,7.88046,79.9801,8466.97,-1.16399,24.8144,4,-0.665218,-1.66275,-2.96113,1.63069,-4,0.674491,-3.39883,24.9039,-58.8753,12.1846
2008-03-07,20.642,7.89803,79.9801,8466.97,-1.04083,25.1506,4,-0.418904,-1.66275,-2.47192,1.63411,-4,0.674491,-2.23519,25.0922,-59.5853,11.8789
2008-03-10,20.718,7.47942,79.9801,8466.97,-0.724521,24.9554,4,0.213712,-1.66275,-1.06634,1.49376,-4,0.674491,-1.48029,24.9902,-60.0854,11.5309
2008-03-11,20.786,5.95471,79.9801,8466.97,-0.836818,20.6731,4,-0.0108807,-1.66275,-1.00916,0.987403,-4,0.674491,-4.94542,23.4826,-58.7078,10.8437
2008-03-12,20.789,5.95177,79.9801,8466.97,-0.24405,18.1078,4,1.18896,-1.67706,1.39378,0.984145,-4,0.645879,-6.71086,22.3871,-57.8414,10.273
2008-03-13,20.746,5.92985,79.9801,8466.97,-0.447931,15.6581,4,0.795504,-1.69137,0.616404,0.974603,-4,0.617268,-8.90896,21.3714,-56.273,9.46867
2008-03-14,20.732,5.92935,79.9801,8466.97,-0.282228,14.0706,4,1.13848,-1.70294,1.30354,0.973422,-4,0.594123,-10.5858,20.5725,-55.1279,9.21187
2008-03-17,20.707,5.86796,80.3472,8750.62,-0.125341,14.0488,4,0.459622,-0.710303,-0.0298803,0.949124,-4,2.57939,-11.5283,20.1758,-55.1114,10.5126
2008-03-18,20.623,5.8754,80.3472,8750.62,-0.627262,15.2056,4,-0.54422,-0.710303,-2.03646,0.948023,-4,2.57939,-10.9141,20.0799,-55.9578,11.9976
2008-03-19,20.564,5.6778,80.3472,8750.62,-0.281434,16.3221,4,-0.989103,0.426236,-2.85473,0.876521,-1.77769,2.63017,-11.9451,19.8732,-55.1448,13.5387
2008-03-20,20.564,5.07295,80.3472,8750.62,-0.188353,16.4104,4,-0.802941,0.426236,-2.27397,0.668086,-1.77769,2.63017,-14.1139,19.2122,-53.6241,14.9362
2008-03-24,20.563,5.05908,80.3472,8750.62,-0.140094,16.5014,4,-0.706424,0.426236,-2.07369,0.66084,-1.77769,2.63017,-16.3024,18.5641,-52.1016,16.3413
2008-03-25,20.56,4.80713,80.3472,8750.62,-0.0774513,17.0375,4,-0.581138,0.426236,-1.74024,0.577966,-1.77769,2.63017,-17.857,17.8855,-50.8295,17.8385
2008-03-26,20.452,5.02205,80.3472,8750.62,-0.14796,16.8823,4,-0.70822,0.4123,-2.06789,0.651449,-1.77769,2.60229,-20.2888,17.1438,-49.1559,19.1832
2008-03-27,20.395,4.88762,80.3472,8750.62,-0.160773,16.9543,4,-0.720202,0.398657,-2.04765,0.607248,-1.77769,2.57501,-22.407,16.4138,-47.6084,20.5559
2008-03-28,20.248,5.25724,80.3472,8750.62,-0.576339,17.5118,4,-1.63588,0.483205,-4,0.728235,-1.6086,2.57501,-24.1976,15.8437,-46.1814,22.0471
2008-03-31,20.352,5.62769,80.3472,8750.62,-0.17224,19.7761,4,-0.8788,0.534321,-2.60924,0.851638,-1.50637,2.57501,-24.3502,15.5819,-45.4023,23.9467
2008-04-01,20.305,5.64153,80.3472,8750.62,-0.316536,21.174,4,-1.16739,0.534321,-3.19029,0.855504,-1.50637,2.57501,-25.5208,15.1477,-44.1114,25.6584
2008-04-02,20.276,5.40851,80.3472,8750.62,-0.0735889,22.7851,4,-0.681499,0.534321,-2.14014,0.777146,-1.50637,2.57501,-26.5754,14.7419,-42.8067,27.4252
2008-04-03,20.147,5.05432,80.3472,8750.62,-0.339145,25.5156,4,-1.21261,0.534321,-3.0855,0.660275,-1.50637,2.57501,-26.3875,14.2063,-41.7198,29.4166
2008-04-04,20.056,5.11102,80.3472,8750.62,-0.117686,28.3699,4,-0.769693,0.534321,-2.21816,0.678773,-1.50637,2.57501,-26.2552,13.7039,-40.4801,31.4013
2008-04-07,20.018,5.07805,80.3472,8750.62,-0.565628,29.7148,4,-1.66558,0.534321,-4,0.668845,-1.50637,2.57501,-27.6404,13.0398,-38.8,33.1153
2008-04-08,20.049,4.83908,80.3472,8750.62,-0.321015,30.8793,4,-1.17635,0.534321,-2.94158,0.588875,-1.50637,2.57501,-29.2774,12.3962,-37.0423,34.8027
2008-04-09,20.055,4.54416,80.3472,8750.62,-0.227548,32.6742,4,-0.989417,0.534321,-2.46726,0.488424,-1.50637,2.57501,-30.6668,12.0945,-35.3412,36.5877
2008-04-10,19.964,4.5843,80.3472,8750.62,-0.101963,33.0988,4,-0.738247,0.534321,-1.97946,0.502968,-1.50637,2.57501,-33.4127,11.7306,-33.4094,38.1903
2008-04-11,19.859,4.72729,80.3472,8750.62,-0.120615,34.0852,4,-0.77555,0.534321,-2.10405,0.552954,-1.50637,2.57501,-35.7184,11.4364,-31.5352,39.9024
2008-04-14,19.853,4.7449,80.0571,8878.23,0.0906467,35.2223,4,-0.537419,0.718712,-1.62766,0.552822,-2.00149,3.43892,-38.2196,11.1434,-30.0523,42.3507
2008-04-15,19.805,4.73189,80.0571,8878.23,-0.248791,34.8443,4,-1.03015,0.532566,-2.6044,0.54411,-1.21039,2.27552,-40.24,10.8036,-27.7715,42.0522
2008-04-16,19.756,4.68341,80.0571,8878.23,-0.423277,35.4697,4,-1.37912,0.532566,-3.28782,0.529575,-1.21039,2.27552,-41.3326,10.4893,-25.5829,41.8959
2008-04-17,19.74,4.69843,80.0571,8878.23,-0.188898,35.7547,4,-0.915935,0.538138,-2.3678,0.53593,-1.19924,2.27552,-40.9782,10.2244,-25.1401,41.6486
2008-04-18,19.757,4.75768,80.0571,8878.23,0.200975,36.9623,4,-0.14496,0.546911,-0.84654,0.55662,-1.1817,2.27552,-39.9742,10.1719,-24.7506,41.5153
2008-04-21,19.751,4.74464,80.0571,8878.23,0.204805,38.043,4,-0.14085,0.55046,-0.830187,0.548486,-1.1746,2.27552,-39.0845,10.1111,-24.3351,41.3516
2008-04-22,19.622,4.95055,80.0571,8878.23,-0.00881312,38.2593,4,-0.568782,0.551156,-1.75443,0.616861,-1.17321,2.27552,-39.1181,10.1484,-23.8579,41.0869
2008-04-23,19.597,4.8385,80.0571,8878.23,0.0697902,38.9476,4,-0.411923,0.551503,-1.40193,0.578089,-1.17251,2.27552,-38.6436,10.1062,-23.4066,40.8917
2008-04-24,19.74,5.86655,80.0571,8878.23,0.609093,41.4079,4,0.658745,0.55944,0.38493,0.932559,-1.15664,2.27552,-36.8571,10.4252,-23.0216,40.8614
2008-04-25,19.994,7.42737,80.0571,8878.23,1.39507,47.8405,4,2.22297,0.567165,2.97346,1.47248,-1.14119,2.27552,-31.3841,11.1151,-22.8061,40.9157
2008-04-28,20.123,7.57483,80.0571,8878.23,1.66705,53.8968,4,2.7619,0.572205,4,1.5238,-1.13111,2.27552,-25.9109,11.6559,-22.4722,40.624
2008-04-29,20.092,7.55618,80.0571,8878.23,1.66952,60.3322,4,2.75772,0.581322,4,1.51544,-1.11288,2.27552,-19.7995,12.0801,-21.9326,39.9842
2008-04-30,19.956,7.87417,80.0571,8878.23,1.73642,65.9657,4,2.81189,0.660947,4,1.62377,-0.953627,2.27552,-14.5538,12.5607,-21.1301,39.0889
2008-05-02,19.953,7.59341,80.0571,8878.23,1.39113,71.0385,4,2.06397,0.7183,2.60454,1.5234,-0.838921,2.27552,-9.7729,12.9602,-20.141,37.9922
2008-05-05,20,7.49966,80.0571,8878.23,0.834719,73.6702,4,0.951137,0.7183,0.413861,1.48841,-0.838921,2.27552,-7.59618,13.3944,-19.3286,37.2006
2008-05-06,20.056,7.53875,80.0571,8878.23,0.646451,76.8335,4,0.574601,0.7183,-0.349468,1.49867,-0.838921,2.27552,-4.6758,13.7378,-18.4145,36.186
2008-05-07,20.01,7.56394,80.0571,8878.23,0.602705,79.0945,4,0.48711,0.7183,-0.52901,1.50323,-0.838921,2.27552,-2.80096,14.1699,-17.5884,35.314
2008-05-08,20.01,7.56261,80.0571,8878.23,0.973475,81.8313,4,1.22865,0.7183,0.955782,1.50152,-0.838921,2.27552,-0.253351,14.543,-16.6589,34.2005
2008-05-09,19.963,7.4308,80.0571,8878.23,0.847706,83.8284,4,0.977112,0.7183,0.498921,1.4553,-0.838921,2.27552,1.50625,14.9011,-15.8247,33.2457
2008-05-12,19.957,7.16797,80.0571,8878.23,0.671051,85.3795,4,0.623802,0.7183,-0.116138,1.36374,-0.838921,2.27552,2.85747,15.1789,-15.0585,32.4017
2008-05-13,19.907,7.23285,80.0571,8878.23,0.372024,85.9059,4,0.0257471,0.7183,-1.33444,1.38594,-0.838921,2.27552,3.03944,15.6462,-14.151,31.3713
2008-05-14,19.896,7.17544,80.0571,8878.23,0.479135,87.2075,4,0.23997,0.7183,-0.885541,1.36548,-0.838921,2.27552,4.14568,15.9107,-13.6363,30.7875
2008-05-15,19.86,7.14595,79.4251,9084.71,0.880486,89.3249,4,0.0621485,1.69882,-1.2305,1.3548,0.0764452,3.3212,5.34569,15.8986,-12.3238,30.4043
2008-05-16,19.857,7.13665,79.4251,9084.71,0.997314,91.0205,4,0.295803,1.69882,-0.759025,1.35063,0.0764452,3.3212,6.18478,15.8873,-11.1106,30.059
2008-05-19,19.857,7.13415,79.4251,9084.71,1.01538,92.0629,4,0.331927,1.69882,-0.683443,1.3473,0.0764452,3.3212,6.13967,16.0006,-10.0731,29.9958
2008-05-20,19.875,7.13457,79.4251,9084.71,1.18854,93.1968,4,0.678247,1.69882,0.0115059,1.34499,0.0764452,3.3212,6.46522,16.0126,-9.03154,29.7505
2008-05-21,19.857,6.681,79.4251,9084.71,1.1301,94.3485,4,0.561367,1.69882,-0.0617852,1.18452,0.0764452,3.3212,7.22199,15.7914,-7.99919,29.3343
2008-05-22,19.81,6.73275,79.4251,9084.71,1.10424,95.2561,4,0.509651,1.69882,-0.179793,1.1991,0.0764452,3.3212,7.67671,15.6375,-7.04596,28.9878
2008-05-23,19.758,6.32493,79.4251,9084.71,0.937656,95.5185,4,0.176487,1.69882,-0.699342,1.05232,0.0764452,3.3212,6.99702,15.5429,-6.29031,29.2689
2008-05-26,19.705,4.22862,79.4251,9084.71,0.613607,94.8742,4,-0.47161,1.69882,-1.26272,0.319502,0.0764452,3.3212,4.76558,15.2743,-5.75519,30.5895
2008-05-27,19.747,3.47034,79.4251,9084.71,0.611958,93.8898,4,-0.474908,1.69882,-1.00552,0.0557047,0.0764452,3.3212,1.98749,14.9207,-5.23806,32.2197
2008-05-28,19.755,3.49452,79.4251,9084.71,0.682998,92.8412,4,-0.332828,1.69882,-0.729837,0.0641802,0.0764452,3.3212,-0.811244,14.4979,-4.67865,33.8332
2008-05-29,19.766,2.72489,79.4251,9084.71,0.767715,91.6824,4,-0.163394,1.69882,-0.120124,-0.206664,0.0764452,3.3212,-3.39843,13.7827,-4.17448,35.4726
2008-05-30,19.752,2.72318,79.4251,9084.71,0.876537,91.012,4,0.0542496,1.69882,0.315765,-0.207265,0.0764452,3.3212,-4.89532,12.8978,-3.65941,36.6689
2008-06-02,19.608,3.44442,79.4251,9084.71,0.672245,90.7922,4,-0.354334,1.69882,-0.751139,0.04247,0.0764452,3.3212,-5.65756,12.0409,-3.09575,37.5046
2008-06-03,19.543,3.2304,79.4251,9084.71,0.365334,90.4026,4,-0.968157,1.69882,-1.90347,-0.0328463,0.0764452,3.3212,-6.69735,11.1585,-2.53523,38.4766
2008-06-04,19.456,3.40604,79.4251,9084.71,0.143945,89.7409,4,-1.41093,1.69882,-2.836,0.0141304,0.0764452,3.3212,-8.27979,10.3392,-1.97515,39.6566
2008-06-05,19.491,3.56054,79.4251,9084.71,0.222668,88.5876,4,-1.25349,1.69882,-2.57548,0.0685004,0.0764452,3.3212,-10.7898,9.608,-1.41095,41.1804
2008-06-06,19.608,4.37485,79.4251,9084.71,0.645691,88.2621,4,-0.407442,1.69882,-1.16996,0.355072,0.0764452,3.3212,-11.9594,8.92885,-0.80975,42.1023
2008-06-09,19.628,4.42355,79.4251,9084.71,1.09276,88.9342,4,0.481465,1.70405,0.59072,0.37221,0.0868977,3.3212,-11.3579,8.17474,-0.191625,42.309
2008-06-10,19.52,4.69547,79.4251,9084.71,0.999791,89.883,4,0.288276,1.71131,0.108647,0.467904,0.101409,3.3212,-10.2286,7.43991,0.419402,42.2523
2008-06-11,19.469,4.72749,79.4251,9084.71,1.10393,90.767,4,0.495732,1.71214,0.512292,0.479172,0.103071,3.3212,-9.16091,6.74613,1.01007,42.1717
2008-06-12,19.469,4.7343,79.4251,9084.71,1.00649,90.9382,4,0.30038,1.7126,0.119194,0.481566,0.103989,3.3212,-8.27392,6.16929,1.02384,42.019
2008-06-13,19.472,4.74274,79.4251,9084.71,0.700298,90.531,4,-0.312704,1.7133,-1.10994,0.484536,0.105397,3.3212,-8.5687,5.66958,1.05108,42.379
2008-06-16,19.469,4.73883,78.7131,9194.07,-0.123891,88.8439,4,-0.428647,0.180866,-1.34046,0.483162,-1.7072,2.06893,-9.27942,5.28427,-0.0897146,42.9288
2008-06-17,19.46,4.69099,78.7131,9194.07,0.137784,87.1065,4,0.0947021,0.180866,-0.276922,0.466327,-1.7072,2.06893,-9.74006,4.83999,-1.30075,43.3073
2008-06-18,19.45,4.69471,78.7131,9194.07,0.24729,85.5083,4,0.313713,0.180866,0.159793,0.467634,-1.7072,2.06893,-9.80938,4.45392,-2.56663,43.4304
2008-06-20,19.407,4.68913,78.7131,9194.07,0.131849,83.5996,4,0.0828318,0.180866,-0.300009,0.465673,-1.7072,2.06893,-10.1299,4.04024,-3.89394,43.5832
2008-06-23,19.475,4.91075,78.7131,9194.07,0.328154,82.3236,4,0.471277,0.18503,0.398892,0.543663,-1.69887,2.06893,-9.48379,3.73171,-5.22723,43.3029
2008-06-24,19.597,5.4324,78.7131,9194.07,0.70643,82.5218,4,1.22367,0.189194,1.72403,0.723299,-1.69054,2.06893,-7.31852,4.01383,-6.48529,42.3118
2008-06-25,19.561,5.38186,78.7131,9194.07,0.627518,82.5549,4,1.06584,0.189194,1.42975,0.701936,-1.69054,2.06893,-5.56743,4.47639,-7.75165,41.3976
2008-06-26,19.409,5.96132,78.7131,9194.07,0.304967,81.7395,4,0.420741,0.189194,-0.0616798,0.903162,-1.69054,2.06893,-5.1314,5.12238,-9.09779,40.8463
2008-06-27,19.36,5.96303,78.7131,9194.07,0.289092,80.6736,4,0.388991,0.189194,-0.125274,0.903256,-1.69054,2.06893,-5.18935,5.9887,-10.4869,40.3612
2008-06-30,19.428,6.17771,78.7131,9194.07,0.310322,79.3647,4,0.431451,0.189194,-0.113521,0.976423,-1.69054,2.06893,-5.5696,6.93726,-11.9215,39.9186
2008-07-01,19.355,5.79985,78.7131,9194.07,-0.264433,77.0877,4,-0.71806,0.189194,-2.27979,0.843668,-1.69054,2.06893,-6.82715,7.67158,-13.4778,39.7211
2008-07-02,19.357,5.71746,78.7131,9194.07,-0.163526,75.7423,4,-0.516245,0.189194,-1.8463,0.813806,-1.69054,2.06893,-6.85069,8.39202,-14.9564,39.1574
2008-07-03,19.31,5.57343,78.7131,9194.07,0.113986,75.6648,4,0.0387782,0.189194,-0.684551,0.762108,-1.69054,2.06893,-5.21439,8.9667,-16.3114,38.2239
2008-07-04,19.26,5.56416,78.7131,9194.07,0.113265,75.3807,4,0.0373356,0.189194,-0.681011,0.755682,-1.69054,2.06893,-3.77766,9.50908,-17.6929,37.3422
2008-07-07,19.286,5.05718,78.7131,9194.07,-0.0421006,73.5549,4,-0.273395,0.189194,-1.12819,0.581402,-1.69054,2.06893,-3.79007,9.79649,-19.2677,36.8162
2008-07-08,19.257,5.01407,78.7131,9194.07,0.0722059,70.7243,4,-0.0395548,0.183967,-0.645693,0.566583,-1.69054,2.05847,-4.82098,10.1048,-20.9693,36.4099
2008-07-09,19.257,4.72205,78.7131,9194.07,0.0296359,67.9099,4,-0.100736,0.160008,-0.66767,0.466197,-1.69054,2.01056,-5.50176,10.2361,-22.67,35.8455
2008-07-10,19.233,4.67228,78.7131,9194.07,0.0781104,64.8179,4,0.0149436,0.141277,-0.4192,0.449087,-1.69054,1.97309,-6.31589,10.3319,-24.3792,35.1811
2008-07-11,19.331,5.0899,78.7131,9194.07,0.527888,63.3396,4,0.914499,0.141277,1.23635,0.592649,-1.69054,1.97309,-5.44226,10.4701,-25.9443,34.256
2008-07-14,19.305,5.09782,78.7131,9194.07,0.290687,62.0583,4,0.628417,-0.0470441,0.661464,0.595371,-1.20327,1.10918,-4.02457,10.5979,-27.0998,32.5848
2008-07-15,19.255,5.15349,79.168,9381.95,0.729048,64.7097,4,0.522555,0.93554,0.430601,0.61451,-0.445209,2.31629,-2.56712,10.6201,-25.8702,32.527
2008-07-16,19.255,5.15718,79.168,9381.95,0.729299,66.5083,4,0.523189,0.935408,0.430601,0.615777,-0.445472,2.31629,-1.9848,10.6718,-24.6958,32.5171
2008-07-17,19.207,5.20416,79.168,9381.95,0.664469,67.7547,4,0.393794,0.935144,0.15566,0.631928,-0.446001,2.31629,-1.97826,10.7497,-23.5697,32.5529
2008-07-21,19.163,5.20748,79.168,9381.95,0.251187,68.1076,4,-0.432638,0.935011,-1.48603,0.620749,-0.446266,2.31629,-2.91787,10.8569,-22.5325,32.7011
2008-07-22,19.196,5.05654,79.168,9381.95,0.409375,68.347,4,-0.116262,0.935011,-0.797893,0.565368,-0.446266,2.31629,-3.86501,10.863,-21.5149,32.8639
2008-07-23,19.244,4.51808,79.168,9381.95,0.660542,68.2118,4,0.352631,0.968452,0.327257,0.378005,-0.36382,2.30072,-4.97682,10.595,-20.4736,33.0672
2008-07-24,19.234,4.50632,79.168,9381.95,0.646811,68.2687,4,0.291624,1.002,0.213872,0.369377,-0.281375,2.28537,-5.94122,10.3283,-19.3494,33.231
2008-07-25,19.214,3.68616,79.168,9381.95,0.657052,69.2982,4,0.312108,1.002,0.543252,0.0809628,-0.281375,2.28537,-5.43574,9.63097,-18.1466,33.2496
2008-07-28,19.171,3.6666,79.168,9381.95,0.66099,70.3693,4,0.319982,1.002,0.568927,0.0710375,-0.281375,2.28537,-4.86192,8.92712,-16.9454,33.2495
2008-07-29,19.208,3.4763,79.168,9381.95,0.661119,71.3637,4,0.320241,1.002,0.637462,0.00302084,-0.281375,2.28537,-4.24956,8.12005,-15.7566,33.2498
2008-07-30,19.239,3.34222,79.168,9381.95,0.596847,73.7355,4,0.191697,1.002,0.426776,-0.0433815,-0.281375,2.28537,-2.10303,7.32598,-14.4567,32.9693
2008-07-31,19.212,3.36085,79.168,9381.95,0.545798,75.6105,4,0.0895995,1.002,0.216133,-0.0369336,-0.281375,2.28537,-0.504725,6.58815,-13.2063,32.7334
2008-08-01,19.155,3.40978,79.168,9381.95,0.435083,76.4349,4,-0.131831,1.002,-0.243663,-0.0199992,-0.281375,2.28537,-0.167538,5.95682,-12.061,32.7066
2008-08-04,19.117,3.3646,79.168,9381.95,0.446334,77.2736,4,-0.109329,1.002,-0.18302,-0.035637,-0.281375,2.28537,0.208685,5.32345,-10.924,32.6655
2008-08-05,19.109,3.30257,79.168,9381.95,0.307296,78.135,4,-0.387405,1.002,-0.717706,-0.0571042,-0.281375,2.28537,0.514436,4.80967,-9.79572,32.6066
2008-08-06,19.119,3.296,79.168,9381.95,0.244079,78.5517,4,-0.513839,1.002,-0.968302,-0.0593758,-0.281375,2.28537,0.2721,4.32647,-8.71145,32.6646
2008-08-07,19.124,3.30109,79.168,9381.95,0.336594,79.2844,4,-0.328809,1.002,-0.602336,-0.0552832,-0.281375,2.28537,0.31883,3.91313,-7.61301,32.6654
2008-08-08,19.146,3.32392,79.168,9381.95,0.586676,80.4651,4,0.171356,1.002,0.386565,-0.0438527,-0.281375,2.28537,0.906264,3.51016,-6.49895,32.5477
2008-08-11,19.121,2.68215,79.168,9381.95,0.569467,80.5598,4,0.146486,0.992449,0.558922,-0.26595,-0.30047,2.28537,0.409182,2.87803,-5.47482,32.7474
2008-08-12,19.119,2.66922,79.168,9381.95,0.581731,81.2148,4,0.186805,0.976656,0.644035,-0.270425,-0.332056,2.28537,0.393917,2.22963,-4.80611,33.3974
2008-08-13,19.119,2.55365,79.168,9381.95,0.536087,80.7821,4,0.100673,0.9715,0.511767,-0.31042,-0.342368,2.28537,0.454913,1.56286,-4.75118,33.5155
2008-08-14,19.096,2.5672,78.3883,9572.86,0.327507,79.8617,4,-0.0792544,0.734268,0.147221,-0.30573,-0.64929,2.11783,0.249882,0.896848,-4.9423,33.6573
2008-08-15,19.164,2.80406,78.3883,9572.86,0.497479,79.4716,4,0.260691,0.734268,0.745501,-0.22412,-0.64929,2.11783,0.687171,0.266589,-5.10994,33.6277
2008-08-18,19.224,2.90301,78.3883,9572.86,0.77647,80.6837,4,0.818673,0.734268,1.82751,-0.190167,-0.64929,2.11783,3.10419,-0.329722,-5.20209,33.1114
2008-08-19,19.312,3.26001,78.3883,9572.86,1.08742,82.1822,4,1.43529,0.739541,2.93688,-0.0662982,-0.638743,2.11783,5.75017,-0.780146,-5.26343,32.4756
2008-08-21,19.415,3.64348,78.3883,9572.86,1.38829,83.7066,4,2.03176,0.744814,4,0.063522,-0.628197,2.11783,8.25702,-0.989979,-5.36268,31.8022
2008-08-22,19.533,4.12914,78.3883,9572.86,1.42999,85.2494,4,2.11517,0.744814,4,0.230345,-0.628197,2.11783,10.7342,-1.06799,-5.50272,31.0859
2008-08-26,19.46,4.38981,78.3883,9572.86,1.4259,86.6656,4,2.10698,0.744814,3.89318,0.320779,-0.628197,2.11783,12.8113,-0.883809,-5.63293,30.371
2008-08-27,19.277,5.59613,78.3883,9572.86,0.813927,86.9358,4,0.88304,0.744814,1.02731,0.738771,-0.628197,2.11783,13.0719,-0.426739,-5.84618,30.1368
2008-08-28,19.239,5.61465,78.3883,9572.86,0.44611,86.5549,4,0.147405,0.744814,-0.439289,0.734099,-0.628197,2.11783,12.4095,0.0702446,-6.11577,30.1909
2008-08-29,19.279,5.63385,78.3883,9572.86,0.267796,85.9573,4,-0.209222,0.744814,-1.15086,0.732415,-0.628197,2.11783,11.4277,0.605234,-6.40638,30.3307
2008-09-01,19.274,5.60779,78.3883,9572.86,-0.0833679,84.7651,4,-0.91155,0.744814,-2.54425,0.721148,-0.628197,2.11783,9.67692,1.14526,-6.7504,30.6933
2008-09-02,19.31,5.51147,78.3883,9572.86,0.224168,84.3508,4,-0.296478,0.744814,-1.27724,0.684282,-0.628197,2.11783,8.99982,1.64651,-7.02911,30.7336
2008-09-04,19.359,5.48512,78.3883,9572.86,0.890905,85.2154,4,1.04192,0.739887,1.40974,0.674103,-0.628197,2.10797,10.0103,2.12243,-7.19417,30.2769
2008-09-05,19.466,5.73324,78.3883,9572.86,1.29641,87.0225,4,1.91998,0.672842,3.08819,0.751776,-0.628197,1.97388,12.3429,2.6183,-7.25029,29.3116
2008-09-08,19.527,5.78338,78.3883,9572.86,1.32028,88.8081,4,2.0311,0.609472,3.29938,0.762814,-0.628197,1.84714,14.8051,3.08584,-7.27293,28.1901
2008-09-09,19.592,5.82954,78.3883,9572.86,1.49804,90.5301,4,2.38785,0.608224,4,0.775694,-0.628197,1.84464,17.2677,3.51725,-7.26143,27.0067
2008-09-10,19.864,7.34233,78.3883,9572.86,1.62987,91.9029,4,2.65152,0.608224,4,1.30304,-0.628197,1.84464,18.9887,4.24593,-7.25931,25.9276
2008-09-11,20.394,11.2731,78.3883,9572.86,1.97165,93.5043,4,3.34021,0.603081,4,2.68043,-0.628197,1.83436,20.2482,5.81947,-7.15459,24.5912
2008-09-12,20.481,11.2085,78.3883,9572.86,1.96151,94.8286,4,3.32509,0.597937,4,2.65018,-0.628197,1.82407,21.3123,7.23772,-7.02461,23.3033
2008-09-15,21.445,18.7136,77.7479,9646.32,2.07873,96.0451,4,4,0.157455,4,4,-1.95799,2.2729,22.191,9.2295,-7.56664,22.1912
2008-09-16,20.705,23.613,77.7479,9646.32,2.07873,97.1326,4,4,0.157455,4,4,-1.95799,2.2729,22.9595,10.934,-7.82609,21.0652
2008-09-17,20.813,23.6157,77.7479,9646.32,2.07873,97.8889,4,4,0.157455,4,4,-1.95799,2.2729,23.4123,12.4521,-8.07755,20.102
2008-09-18,21.092,23.8344,77.7479,9646.32,2.27092,98.4412,4,4,0.541831,4,4,-0.486654,1.57032,23.334,13.8199,-7.6269,18.9142
2008-09-19,20.752,24.9614,77.7479,9646.32,2.05579,98.7286,4,3.57053,0.541055,3.14105,4,-0.488205,1.57032,22.724,15.2358,-7.32963,18.0985
2008-09-22,20.583,25.2953,77.7479,9646.32,0.272068,98.3927,4,0,0.544136,-4,4,-0.482044,1.57032,19.806,17.6189,-7.52428,18.4921
2008-09-23,20.697,25.2872,77.7479,9646.32,1.35231,98.3668,4,2.14118,0.563436,0.282351,4,-0.443444,1.57032,18.116,19.4257,-7.45643,18.2816
2008-09-24,20.916,25.2977,77.7479,9646.32,1.64914,98.4404,4,2.68346,0.614824,1.36691,4,-0.340667,1.57032,16.8149,20.9975,-7.2703,17.8984
2008-09-25,20.998,24.8232,77.7479,9646.32,1.17412,98.5533,4,1.71237,0.635865,-0.575269,4,-0.277282,1.54901,15.8885,22.2572,-7.02681,17.4344
2008-09-26,21.208,24.7859,77.7479,9646.32,2.30849,99.0314,4,4,0.616983,4,4,-0.274126,1.50809,16.912,22.4118,-6.47558,16.1832
2008-09-29,21.421,24.8268,77.7479,9646.32,2.30358,99.3904,4,4,0.607153,4,4,-0.274126,1.48843,17.9892,22.3908,-5.94105,14.9513
2008-09-30,21.467,24.7704,77.7479,9646.32,2.30358,99.6572,4,4,0.607153,4,4,-0.274126,1.48843,19.25,22.1136,-5.40305,13.6967
2008-10-01,21.528,24.7545,77.7479,9646.32,2.30358,99.7984,4,4,0.607153,4,4,-0.274126,1.48843,20.0392,22.0375,-4.96795,12.6896
2008-10-02,21.437,24.9754,77.7479,9646.32,2.30358,99.8616,4,4,0.607153,4,4,-0.274126,1.48843,20.1735,22.3496,-4.65832,11.9968
2008-10-03,21.344,25.198,77.7479,9646.32,1.69577,99.8758,4,2.80318,0.588358,1.60637,4,-0.274126,1.45084,19.4545,23.2184,-4.48823,11.6912
2008-10-06,21.53,25.2318,77.7479,9646.32,1.59844,99.8849,4,2.66049,0.536387,1.32097,4,-0.274126,1.3469,18.6424,24.142,-4.3355,11.436
2008-10-07,21.572,25.2478,77.7479,9646.32,1.56947,99.8872,4,2.63352,0.505421,1.26705,4,-0.274126,1.28497,17.685,25.1844,-4.20783,11.2256
2008-10-08,21.964,25.49,77.7479,9646.32,2.24694,99.9049,4,4,0.493886,4,4,-0.274126,1.2619,17.4008,25.6751,-4.02265,10.8517
2008-10-09,22.093,24.2248,77.7479,9646.32,2.23856,99.9118,4,4,0.477125,4,4,-0.274126,1.22838,17.2805,25.9326,-3.87808,10.5768
2008-10-10,22.479,24.6826,77.7479,9646.32,2.23503,99.9183,4,4,0.470062,4,4,-0.274126,1.21425,17.1587,26.1918,-3.73484,10.3027
2008-10-13,22.316,19.5609,77.7479,9646.32,2.23427,99.9219,4,4,0.468531,4,4,-0.274126,1.21119,17.0902,26.0872,-3.17083,9.9153
2008-10-14,22.005,15.2026,77.7479,9646.32,2.19458,99.9244,4,3.92062,0.468531,4,3.84125,-0.274126,1.21119,17.0395,25.9582,-2.61396,9.54069
2008-10-15,22.1,15.189,77.7556,9697.46,1.62037,99.9139,4,2.64351,0.597232,1.45309,3.83394,-0.257424,1.45189,16.4039,26.2117,-2.08554,9.38386
2008-10-16,22.133,14.6958,77.7556,9697.46,0.89269,99.8738,4,2.14055,-0.35517,0.620708,3.66039,-1.23672,0.526381,15.856,27.0624,-2.41829,9.37376
2008-10-17,22.294,13.0088,77.7556,9697.46,0.265262,99.7964,4,0.899889,-0.369364,-1.26663,3.06641,-1.23672,0.497992,15.0683,28.0778,-2.80697,9.45727
2008-10-20,22.563,12.5525,77.7556,9697.46,1.13301,99.8379,4,2.61682,-0.350808,2.32868,2.90496,-1.17596,0.474346,16.9299,27.039,-2.98412,8.85305
2008-10-21,22.597,12.594,77.7556,9697.46,1.59082,99.8479,4,3.45891,-0.277276,4,2.91783,-1.0289,0.474346,18.1126,26.4885,-3.16831,8.41508
2008-10-22,22.927,12.9252,77.7556,9697.46,1.64661,99.8478,4,3.51647,-0.223257,4,3.03294,-0.920861,0.474346,19.0289,26.1542,-3.37017,8.03478
2008-10-23,22.928,13.0246,77.7556,9697.46,1.66221,99.8666,4,3.53381,-0.20939,4,3.06763,-0.893126,0.474346,20.3498,25.4929,-3.53739,7.56127
2008-10-24,22.908,12.979,77.7556,9697.46,1.65792,99.841,4,3.52523,-0.20939,4,3.05045,-0.893126,0.474346,20.71,25.6128,-3.81608,7.33429
2008-10-27,23.134,12.9681,77.7556,9697.46,1.65524,99.8112,4,3.51987,-0.20939,4,3.03973,-0.893126,0.474346,21.0805,25.7298,-4.10428,7.10517
2008-10-28,23.207,12.9555,77.7556,9697.46,1.65218,99.7761,4,3.51374,-0.20939,4,3.02748,-0.893126,0.474346,21.4646,25.8468,-4.40301,6.86776
2008-10-29,23.191,13.0539,77.7556,9697.46,1.23711,99.7059,4,2.68361,-0.20939,2.30942,3.05779,-0.893126,0.474346,21.4898,26.2849,-4.76827,6.69943
2008-10-30,23.159,12.861,77.7556,9697.46,1.13923,99.607,4,2.48786,-0.20939,1.989,2.98671,-0.893126,0.474346,21.4481,26.7915,-5.1697,6.53714
2008-10-31,23.173,12.5582,77.7556,9697.46,1.16188,99.5525,4,2.53314,-0.20939,2.18747,2.87881,-0.893126,0.474346,22.0137,26.7746,-5.4936,6.25773
2008-11-03,23.272,12.4426,77.7556,9697.46,0.906119,99.4717,4,2.02163,-0.20939,1.20667,2.83659,-0.893126,0.474346,22.4239,26.8641,-5.85481,6.03853
2008-11-04,23.467,12.5171,77.7556,9697.46,1.12443,99.4131,4,2.45825,-0.20939,2.05582,2.86069,-0.893126,0.474346,23.0438,26.7623,-6.18398,5.79102
2008-11-05,23.379,11.692,77.7556,9697.46,0.922632,99.2035,4,2.05465,-0.20939,1.54224,2.56707,-0.893126,0.474346,22.9513,27.2544,-6.69833,5.69614
2008-11-06,23.476,11.6545,77.7556,9697.46,1.14897,98.9842,4,2.50734,-0.20939,2.4667,2.54797,-0.893126,0.474346,23.0669,27.5525,-7.19718,5.56196
2008-11-07,23.66,10.5443,77.7556,9697.46,1.34273,98.7671,4,2.89485,-0.20939,3.63638,2.15331,-0.893126,0.474346,23.5554,27.5025,-7.67802,5.38726
2008-11-10,23.517,10.4018,77.7556,9697.46,0.898729,98.3675,4,2.00685,-0.20939,1.91496,2.09874,-0.893126,0.474346,23.594,27.797,-8.29802,5.2745
2008-11-11,23.613,8.33737,77.7556,9697.46,0.538822,97.7225,4,1.28703,-0.20939,1.21032,1.36375,-0.893126,0.474346,23.4968,28.0815,-9.05281,5.19696
2008-11-12,23.727,8.34564,77.7556,9697.46,0.890131,97.3761,4,1.98993,-0.209671,2.61824,1.36163,-0.892596,0.473253,24.6402,27.4974,-9.58735,4.82585
2008-11-13,23.8,8.3127,77.7556,9697.46,0.840485,97.3497,4,1.89066,-0.209689,2.43693,1.34439,-0.891538,0.472161,25.5996,26.3725,-9.42886,4.80651
2008-11-14,23.775,8.3556,79.8282,9868.34,1.65923,97.9821,4,1.16778,2.15067,0.982671,1.3529,3.96573,0.335614,25.5715,24.3945,-6.5024,4.51851
2008-11-17,23.773,7.75071,79.8282,9868.34,1.83392,98.2484,4,1.55135,2.11649,1.96411,1.13859,3.91204,0.320927,24.8345,23.0207,-3.95297,4.3462
2008-11-18,23.714,7.95305,79.8282,9868.34,1.56913,98.2407,4,1.04791,2.09036,0.886629,1.20919,3.85979,0.320927,23.3785,22.2281,-1.64248,4.2766
2008-11-19,23.762,6.54724,79.8282,9868.34,1.31386,98.1178,4,0.568738,2.05897,0.423921,0.713556,3.79702,0.320927,21.9172,21.3556,0.596186,4.24876
2008-11-20,23.742,6.58598,79.8282,9868.34,1.03864,97.8678,4,0.252244,1.82504,-0.218111,0.722599,3.32915,0.320927,20.2999,20.6407,2.66788,4.25929
2008-11-21,23.763,6.52261,79.8282,9868.34,1.02697,97.5868,4,0.392464,1.66148,0.0993127,0.685615,3.00204,0.320927,18.7719,19.8841,4.6611,4.2697
2008-11-24,23.771,5.81278,79.8282,9868.34,0.980394,97.2525,4,0.299304,1.66148,0.168465,0.430142,3.00204,0.320927,17.2328,18.9908,6.74402,4.28486
2008-11-25,23.754,5.81665,79.8282,9868.34,1.05077,96.9228,4,0.440051,1.66148,0.458962,0.42114,3.00204,0.320927,15.7314,18.0082,8.89465,4.28853
2008-11-26,23.891,5.99097,79.8282,9868.34,1.21524,96.9102,4,0.768989,1.66148,1.07112,0.466854,3.00204,0.320927,15.0999,16.6765,10.9219,4.21192
2008-11-27,23.903,5.90813,79.8282,9868.34,1.26186,96.9802,4,0.862231,1.66148,1.2918,0.432662,3.00204,0.320927,14.6805,15.2912,12.8924,4.11615
2008-11-28,23.98,5.92359,79.8282,9868.34,1.35841,97.0897,4,1.05534,1.66148,1.67466,0.436023,3.00204,0.320927,14.3252,13.9408,14.8121,4.01157
2008-12-01,24.056,5.87344,79.8282,9868.34,1.46934,97.3851,4,1.2772,1.66148,2.13888,0.415521,3.00204,0.320927,14.5396,12.4706,16.5125,3.86254
2008-12-02,24.127,5.34727,79.8282,9868.34,1.57329,97.6023,4,1.48509,1.66148,2.74016,0.230027,3.00204,0.320927,14.6725,10.9847,18.2138,3.73118
2008-12-03,24.193,5.00447,79.8282,9868.34,1.41914,97.8246,4,1.17679,1.66148,2.24451,0.109069,3.00204,0.320927,14.7852,9.60878,19.8333,3.59734
2008-12-04,24.403,5.52268,79.8282,9868.34,1.7984,98.0889,4,1.93531,1.66148,3.58096,0.289663,3.00204,0.320927,15.016,8.32914,21.2937,3.45001
2008-12-05,24.548,5.29286,79.8282,9868.34,1.88291,98.2875,4,2.10433,1.66148,4,0.208667,3.00204,0.320927,14.9315,7.27088,22.7662,3.31892
2008-12-08,24.415,5.17147,79.8282,9868.34,1.52274,98.4946,4,1.384,1.66148,2.60235,0.165664,3.00204,0.320927,14.9565,6.23543,24.1196,3.18303
2008-12-09,24.43,5.12183,79.8282,9868.34,1.42077,98.7505,4,1.18006,1.66148,2.21239,0.147722,3.00204,0.320927,14.9968,5.51816,25.2087,3.02685
2008-12-10,24.474,4.98866,79.8282,9868.34,1.37085,98.8734,4,1.08021,1.66148,2.06062,0.0998115,3.00204,0.320927,14.526,4.87727,26.5559,2.91423
2008-12-11,24.421,5.12158,79.8282,9868.34,1.06096,98.9262,4,0.221724,1.90019,0.300773,0.142676,3.8274,-0.0270072,13.4875,4.31563,28.4482,2.67484
2008-12-12,24.423,5.06848,79.8282,9868.34,0.804059,98.7087,4,-0.262816,1.87093,-0.645969,0.120337,3.76888,-0.0270072,13.118,3.8762,29.1308,2.58367
2008-12-15,24.428,5.05871,82.2702,10268.1,1.54201,98.6263,4,0.193847,2.89017,0.271731,0.115964,4,1.78034,12.468,3.44602,29.4398,3.2725
2008-12-16,24.409,4.92111,82.2702,10268.1,1.4731,98.5982,4,0.0560397,2.89017,0.0450832,0.0669962,4,1.78034,12.1212,2.93445,29.5931,3.94942
2008-12-17,24.408,4.94342,82.2702,10268.1,1.3964,98.6223,4,-0.0884868,2.88128,-0.250589,0.0736153,4,1.76256,11.7822,2.63511,29.6087,4.59631
2008-12-18,24.379,4.96522,82.2702,10268.1,1.43764,98.7343,4,0.00288828,2.87239,-0.0742542,0.0800307,4,1.74478,11.7,2.31299,29.5414,5.17993
2008-12-19,24.326,5.11767,82.2702,10268.1,1.36456,98.8227,4,-0.143274,2.87239,-0.418462,0.131913,4,1.74478,11.3462,2.04201,29.6749,5.75961
2008-12-22,24.32,5.13444,82.2702,10268.1,1.35106,98.9136,4,-0.170272,2.87239,-0.477312,0.136768,4,1.74478,10.9313,1.88934,29.7728,6.32023
2008-12-23,24.318,5.10892,82.2702,10268.1,1.37997,98.9891,4,-0.112446,2.87239,-0.352349,0.127457,4,1.74478,10.4663,1.7421,29.9044,6.87636
2008-12-24,24.318,4.82547,82.2702,10268.1,1.35876,99.0206,4,-0.154863,2.87239,-0.335825,0.0260987,4,1.74478,9.8094,1.54313,30.2045,7.46358
2008-12-26,24.315,4.83716,82.2702,10268.1,1.40133,99.0504,4,-0.0697266,2.87239,-0.158732,0.019279,4,1.74478,9.1405,1.3579,30.5055,8.04652
2008-12-29,24.348,4.76117,82.2702,10268.1,1.53825,99.0876,4,0.204099,2.87239,0.416338,-0.00813964,4,1.74478,8.54926,1.15956,30.7651,8.61363
2008-12-30,24.362,4.67581,82.2702,10268.1,1.56405,99.1067,4,0.255714,2.87239,0.55007,-0.0386423,4,1.74478,7.84376,0.961639,31.1029,9.19841
2008-12-31,24.362,4.59866,82.2702,10268.1,1.56049,99.1041,4,0.248589,2.87239,0.563458,-0.0662797,4,1.74478,6.91409,0.835044,31.5428,9.81219
2009-01-02,24.362,4.52323,82.2702,10268.1,1.55369,99.1307,4,0.234979,2.87239,0.563458,-0.0934997,4,1.74478,6.1681,0.745145,31.8382,10.3792
2009-01-05,24.27,3.54603,82.2702,10268.1,1.31674,99.0323,4,-0.238915,2.87239,-0.0315302,-0.446299,4,1.74478,4.6958,0.437533,32.7475,11.1515
2009-01-07,24.132,3.23925,82.2702,10268.1,1.00123,98.8267,4,-0.869486,2.87194,-1.17723,-0.561739,4,1.74388,2.52159,0.106727,34.1031,12.0953
2009-01-08,24.06,2.87698,82.2702,10268.1,0.824295,98.638,4,-1.2229,2.87149,-1.75232,-0.693467,4,1.74297,0.595837,-0.281868,35.3134,13.0106
2009-01-09,24.056,2.84165,82.2702,10268.1,0.815292,98.4537,4,-1.2409,2.87149,-1.77549,-0.706312,4,1.74297,-1.24245,-0.683457,36.4581,13.9214
2009-01-12,24.004,2.71136,82.2702,10268.1,0.716985,98.231,4,-1.43752,2.87149,-2.12134,-0.753688,4,1.74297,-3.249,-1.10199,37.6952,14.8868
2009-01-13,23.6,6.29912,82.2702,10268.1,0.571505,98.0469,4,-1.72848,2.87149,-4,0.543046,4,1.74297,-5.36879,-0.926713,38.3704,15.9721
2009-01-14,23.275,7.58716,82.8735,10385.2,0.817322,98.0521,4,-1.49465,3.12929,-4,1.0107,4,2.25859,-6.97919,-0.498221,38.4653,17.0642
2009-01-15,23.142,7.60864,82.8735,10385.2,0.758435,97.7243,4,-1.4922,3.00907,-4,1.0156,4,2.01814,-9.26197,-0.067325,39.4398,17.6138
2009-01-16,23.049,7.58693,82.8735,10385.2,0.755854,97.3847,4,-1.49736,3.00907,-4,1.00528,4,2.01814,-11.5174,0.404419,40.3552,18.1426
2009-01-19,22.997,7.51791,82.8735,10385.2,0.749457,97.043,4,-1.51015,3.00907,-4,0.979691,4,2.01814,-13.6892,0.879495,41.1991,18.6536
2009-01-20,22.912,7.49151,82.8735,10385.2,0.718003,96.6201,4,-1.51781,2.95381,-4,0.964384,4,1.90763,-16.0763,1.36597,42.1572,19.1732
2009-01-21,22.838,7.48356,82.8735,10385.2,1.00495,96.3909,4,-0.887881,2.89778,-2.72854,0.952776,4,1.79557,-17.493,1.81927,42.6433,19.4213
2009-01-22,22.8,7.42714,82.8735,10385.2,1.16329,96.2662,4,-0.57042,2.89701,-2.06966,0.928817,4,1.79402,-18.4517,2.2549,42.8989,19.5641
2009-01-23,22.8,7.43181,82.8735,10385.2,1.32544,96.2293,4,-0.246125,2.89701,-1.41837,0.926122,4,1.79402,-19.0564,2.68783,42.9733,19.6246
2009-01-26,22.707,7.33775,82.8735,10385.2,1.24241,96.1497,4,-0.412197,2.89701,-1.71,0.885603,4,1.79402,-19.8679,3.1612,43.1325,19.7238
2009-01-27,22.7,7.32699,82.8735,10385.2,1.3771,96.1329,4,-0.142806,2.89701,-1.16191,0.876293,4,1.79402,-20.4245,3.62606,43.1658,19.7656
2009-01-28,22.7,7.22443,82.8735,10385.2,1.48944,96.099,4,0.0958481,2.88304,-0.643011,0.834707,4,1.76607,-21.0286,4.08716,43.2327,19.8077
2009-01-29,22.703,7.19292,82.8735,10385.2,1.54982,96.0891,4,0.23349,2.86616,-0.355446,0.822426,4,1.73231,-21.5277,4.55455,43.2523,19.81
2009-01-30,22.7,7.18447,82.8735,10385.2,1.53965,96.0745,4,0.220366,2.85892,-0.377303,0.818034,4,1.71785,-22.0509,5.03599,43.2809,19.8085
2009-02-02,22.703,7.19324,82.8735,10385.2,1.70793,96.1814,4,0.560815,2.85504,0.302346,0.819284,4,1.71008,-22.0837,5.50279,43.0694,19.693
2009-02-03,22.698,7.28694,82.8735,10385.2,1.71945,96.4495,4,0.583868,2.85504,0.31687,0.850865,4,1.71008,-21.6173,6.12217,42.5209,19.4238
2009-02-04,22.703,7.33626,82.8735,10385.2,1.72949,96.8951,4,0.603947,2.85504,0.345146,0.862749,4,1.71008,-20.3301,6.72125,41.544,18.96
2009-02-05,22.7,7.40925,82.8735,10385.2,1.71968,97.3785,4,0.584328,2.85504,0.286394,0.882261,4,1.71008,-18.7273,7.32667,40.3711,18.4081
2009-02-06,22.759,7.60709,82.8735,10385.2,1.84176,97.8536,4,0.82848,2.85504,0.716039,0.940922,4,1.71008,-16.9058,7.89448,39.0674,17.7976
2009-02-09,22.852,7.98639,82.8735,10385.2,2.03046,98.3536,4,1.20588,2.85504,1.34894,1.06281,4,1.71008,-14.5879,8.42177,37.4668,17.053
2009-02-10,23.014,6.63602,82.8735,10385.2,2.20063,98.8323,4,1.54621,2.85504,2.52032,0.572108,4,1.71008,-10.9569,8.01312,35.5913,16.1847
2009-02-11,23.425,8.00058,82.8735,10385.2,2.68915,99.2288,4,2.52326,2.85504,4,1.04652,4,1.71008,-6.98156,7.57738,33.589,15.0439
2009-02-12,23.406,7.69164,82.8735,10385.2,2.65999,99.5051,4,2.46493,2.85504,4,0.929868,4,1.71008,-3.42106,7.12172,31.7199,14.0846
2009-02-13,23.273,7.84542,82.8735,10385.2,2.63887,99.6881,4,2.42271,2.85504,3.8639,0.981523,4,1.71008,-0.286849,6.73244,30.0258,13.2167
2009-02-16,23.266,7.78521,82.3676,10534.2,2.42053,99.7968,4,2.05579,2.78527,3.15232,0.959255,4,1.57055,2.28733,6.41555,28.6451,12.4487
2009-02-17,23.551,8.62152,82.3676,10534.2,2.68156,99.8799,4,2.58953,2.77359,3.93382,1.24524,4,1.54717,4.86211,6.17808,27.1591,11.6806
2009-02-18,23.69,8.58236,82.3676,10534.2,2.19844,99.9138,4,1.63499,2.7619,2.0473,1.22269,4,1.5238,6.28369,6.07653,26.3223,11.2313
2009-02-19,23.548,8.94815,82.3676,10534.2,1.93829,99.9308,4,1.28496,2.59161,1.22307,1.34686,3.6651,1.51812,7.22203,6.09172,25.696,10.9211
2009-02-20,23.672,9.01645,82.3676,10534.2,2.27907,99.9475,4,2.12481,2.43334,2.88341,1.3662,3.35812,1.50855,8.40532,6.08579,24.8843,10.5721
2009-02-25,23.785,8.7843,82.3676,10534.2,2.43921,99.9632,4,2.44509,2.43334,3.60934,1.28084,3.35812,1.50855,9.78812,6.0302,23.9665,10.1783
2009-02-26,23.703,8.97789,82.3676,10534.2,1.86089,99.9682,4,1.28844,2.43334,1.23389,1.343,3.35812,1.50855,10.3986,6.10126,23.4944,9.97394
2009-02-27,23.756,8.94149,82.3676,10534.2,1.71927,99.9703,4,1.00519,2.43334,0.684419,1.32597,3.35812,1.50855,10.7405,6.21544,23.1726,9.84182
2009-03-02,23.926,9.06345,82.3676,10534.2,2.21626,99.9758,4,1.99918,2.43334,2.63433,1.36403,3.35812,1.50855,11.4567,6.27826,22.6195,9.62137
2009-03-03,24.064,9.06681,82.3676,10534.2,2.23327,99.9805,4,2.03321,2.43334,2.70532,1.3611,3.35812,1.50855,12.17,6.33548,22.0692,9.40585
2009-03-04,24.153,9.00963,82.3676,10534.2,2.18535,99.9832,4,1.9405,2.4302,2.54164,1.33936,3.35812,1.50227,12.6815,6.41586,21.6428,9.24307
2009-03-05,24.192,8.94339,82.3676,10534.2,2.36323,99.9864,4,2.30139,2.42507,3.28845,1.31433,3.35812,1.49201,13.34,6.45398,21.1457,9.04667
2009-03-06,24.184,8.96974,82.3676,10534.2,2.26563,99.9885,4,2.10913,2.42214,2.90373,1.31454,3.35812,1.48615,13.8974,6.50328,20.7124,8.87549
2009-03-09,24.116,9.14915,82.3676,10534.2,1.90541,99.9892,4,1.39737,2.41345,1.42916,1.36558,3.35812,1.46877,14.1589,6.61131,20.4476,8.77142
2009-03-10,23.992,9.6,82.3676,10534.2,1.53455,99.9881,4,0.669924,2.39918,-0.169382,1.50923,3.35812,1.44023,14.0075,6.81659,20.408,8.75598
2009-03-11,23.861,10.0005,82.3676,10534.2,1.22796,99.9846,4,0.0650169,2.39091,-1.49906,1.62909,3.35812,1.42369,13.4488,7.10349,20.5979,8.83433
2009-03-12,23.972,9.87917,82.3676,10534.2,1.33053,99.9797,4,0.270145,2.39091,-1.04094,1.58123,3.35812,1.42369,12.681,7.54192,20.8273,8.92947
2009-03-13,23.897,8.10766,82.3676,10534.2,1.07948,99.9666,4,-0.231955,2.39091,-1.44198,0.978073,3.35812,1.42369,11.5224,7.81393,21.4411,9.18923
2009-03-16,23.75,8.48081,82.3676,10534.2,0.987169,99.9452,4,-0.416568,2.39091,-1.92906,1.09592,3.35812,1.42369,10.1312,8.19379,22.1365,9.48371
2009-03-17,23.712,8.1886,81.7359,10807.5,1.19714,99.9171,4,-0.209718,2.60401,-1.40848,0.989044,2.73939,2.46863,8.78041,8.50183,22.5487,10.0861
2009-03-18,23.888,8.48493,81.7359,10807.5,1.67222,99.8977,4,0.772352,2.5721,0.462807,1.0819,2.73195,2.41225,8.05391,8.70996,22.5681,10.5657
2009-03-19,23.767,7.73413,81.7359,10807.5,0.253747,99.803,4,-0.0663187,0.573813,-0.946354,0.813716,0.346558,0.801069,6.85637,9.1444,22.7889,11.0133
2009-03-20,23.864,7.59089,81.7359,10807.5,0.48567,99.6941,4,0.424876,0.546465,0.0982613,0.751491,0.346558,0.746371,6.46469,9.41904,22.5449,11.2654
2009-03-23,24.004,7.43514,81.7359,10807.5,0.891325,99.6033,4,1.25864,0.524007,1.82451,0.69277,0.346558,0.701456,6.89532,9.45574,21.9562,11.2961
2009-03-24,24.143,7.47731,81.7359,10807.5,1.14821,99.4788,4,1.7724,0.524007,2.85026,0.694547,0.346558,0.701456,7.11571,9.50808,21.4983,11.3567
2009-03-25,24.024,7.61916,81.7359,10807.5,0.7156,99.2218,4,0.907193,0.524007,1.08554,0.728846,0.346558,0.701456,6.43463,9.7836,21.3799,11.6237
2009-03-26,23.867,7.90689,81.7359,10807.5,0.678889,98.9865,4,0.833771,0.524007,0.853998,0.813545,0.346558,0.701456,6.50771,9.91571,20.8601,11.703
2009-03-27,24.007,8.12262,81.7359,10807.5,0.753012,98.7502,4,0.982018,0.524007,1.09328,0.870756,0.346558,0.701456,6.89073,10.0149,20.1458,11.6988
2009-03-30,24.125,7.9183,81.7359,10807.5,0.699166,98.2832,4,0.874325,0.524007,0.958947,0.789703,0.346558,0.701456,6.43931,10.2358,19.7153,11.8927
2009-03-31,24.071,7.70928,81.7359,10807.5,0.399794,97.5269,4,0.275581,0.524007,-0.163501,0.714662,0.346558,0.701456,5.39351,10.5295,19.3981,12.2059
2009-04-01,24.035,7.60027,81.7359,10807.5,0.511321,96.6094,4,0.498635,0.524007,0.32248,0.67479,0.346558,0.701456,4.51998,10.758,18.8767,12.4548
2009-04-02,23.997,7.58126,81.7359,10807.5,0.682845,95.4237,4,0.841682,0.524007,1.02152,0.661849,0.346558,0.701456,3.50679,10.9842,18.2356,12.6971
2009-04-03,23.921,7.64441,81.7359,10807.5,0.366024,93.7044,4,0.20804,0.524007,-0.25939,0.675471,0.346558,0.701456,1.85402,11.2754,17.5683,13.0066
2009-04-06,24.008,7.73258,81.7359,10807.5,0.328442,91.926,4,0.132877,0.524007,-0.432834,0.698588,0.346558,0.701456,0.792232,11.4108,16.559,13.164
2009-04-07,24.062,7.55083,81.7359,10807.5,0.471569,90.5285,4,0.419131,0.524007,0.204378,0.633883,0.346558,0.701456,1.05556,11.2103,15.157,13.1057
2009-04-08,24.046,7.2635,81.7359,10807.5,0.475148,89.4361,4,0.426289,0.524007,0.315161,0.537416,0.346558,0.701456,2.26062,10.7395,13.5197,12.9163
2009-04-13,23.994,7.13535,81.7359,10807.5,0.441211,88.0316,4,0.358415,0.524007,0.224334,0.492496,0.346558,0.701456,3.16121,10.2768,11.8415,12.7521
2009-04-14,23.934,7.10155,82.32,10917.2,0.696106,87.3872,4,0.396794,0.995419,0.315206,0.478382,0.907896,1.08294,4.3791,10.0452,10.31,12.653
2009-04-15,23.971,6.71905,82.32,10917.2,0.587813,86.6907,4,0.184738,0.990888,0.0173581,0.352117,0.898836,1.08294,5.75197,9.64354,8.74164,12.5535
2009-04-16,23.967,6.67977,82.32,10917.2,0.498026,85.4085,4,0.00636601,0.989685,-0.325362,0.338094,0.896429,1.08294,6.60682,9.36487,7.6196,11.8172
2009-04-17,23.991,6.17537,82.32,10917.2,0.263945,82.5811,4,0.0403207,0.487568,-0.0870955,0.167737,0.320452,0.654685,6.439,9.03031,6.15034,10.9615
2009-04-20,24.158,6.28125,82.32,10917.2,0.5886,83.2831,4,0.693886,0.483313,1.19794,0.189827,0.320452,0.646175,7.91643,8.5161,6.08417,10.7664
2009-04-21,24.159,6.16594,82.32,10917.2,0.661765,83.6448,4,0.84324,0.48029,1.54317,0.143305,0.320452,0.640127,8.90848,8.04945,6.04045,10.6464
2009-04-22,24.114,5.8995,82.32,10917.2,0.516245,82.8682,4,0.547413,0.485078,1.04384,0.050985,0.320452,0.649703,8.42849,7.66127,6.07508,10.7033
2009-04-23,24.124,5.52626,82.32,10917.2,0.503756,81.4797,4,0.518521,0.488992,1.10745,-0.0704124,0.320452,0.657532,7.28702,7.21849,6.14543,10.8288
2009-04-24,24.068,5.29147,82.32,10917.2,0.373559,80.7152,4,0.255973,0.491145,0.658726,-0.146781,0.320452,0.661838,7.0295,6.63214,6.17246,10.8811
2009-04-27,24.116,4.7045,82.32,10917.2,0.159962,79.5191,4,-0.171222,0.491145,-0.00474696,-0.337696,0.320452,0.661838,6.47199,5.85392,6.2213,10.9719
2009-04-28,24.123,4.26225,82.32,10917.2,0.131439,78.0299,4,-0.228267,0.491145,0.0250069,-0.481541,0.320452,0.661838,5.75367,4.91508,6.28031,11.0808
2009-04-29,23.988,4.36971,82.32,10917.2,0.0137324,76.3178,4,-0.46368,0.491145,-0.480772,-0.446589,0.320452,0.661838,4.73685,4.0416,6.343,11.1963
2009-04-30,23.927,4.38914,82.32,10917.2,-0.0834632,75.0679,4,-0.658071,0.491145,-0.875873,-0.440269,0.320452,0.661838,4.23294,3.1929,6.37836,11.2637
2009-05-04,23.862,4.45439,82.32,10917.2,-0.0891634,73.4672,4,-0.669472,0.491145,-0.919898,-0.419045,0.320452,0.661838,3.31564,2.37981,6.42346,11.3483
2009-05-05,23.939,4.60363,82.32,10917.2,-0.0346074,71.4887,4,-0.56036,0.491145,-0.750214,-0.370505,0.320452,0.661838,1.96773,1.59948,6.47573,11.4457
2009-05-06,23.918,4.47211,82.32,10917.2,-0.0797896,70.2248,4,-0.650724,0.491145,-0.888164,-0.413284,0.320452,0.661838,1.48564,0.752971,6.49726,11.4889
2009-05-07,23.821,4.47623,82.32,10917.2,-0.0259964,69.2021,4,-0.543138,0.491145,-0.674332,-0.411943,0.320452,0.661838,1.30189,-0.121657,6.50829,11.5136
2009-05-08,23.74,4.48417,82.32,10917.2,-0.0518959,67.6643,4,-0.594937,0.491145,-0.780511,-0.409362,0.320452,0.661838,0.526482,-0.953114,6.53132,11.5596
2009-05-11,23.718,4.48506,82.32,10917.2,0.00539206,66.2579,4,-0.480361,0.491145,-0.551651,-0.40907,0.320452,0.661838,-0.164588,-1.71618,6.54667,11.592
2009-05-12,23.718,4.45617,82.32,10917.2,-0.0970208,64.6183,4,-0.685186,0.491145,-0.951906,-0.418467,0.320452,0.661838,-1.11271,-2.45967,6.56351,11.6272
2009-05-13,23.808,4.65096,82.32,10917.2,0.0659774,62.6639,4,-0.35919,0.491145,-0.36327,-0.35511,0.320452,0.661838,-1.66897,-3.14955,6.12687,11.3555
2009-05-14,23.812,4.60541,82.32,10917.2,0.195765,61.4309,4,-0.0996151,0.491145,0.170697,-0.369928,0.320452,0.661838,-1.54982,-3.7467,5.67688,11.0505
2009-05-15,23.774,4.62651,83.1967,11167.7,0.683561,62.0159,4,0.0179501,1.34917,0.398964,-0.363064,1.15749,1.54085,-0.959699,-4.31005,5.88019,11.4055
2009-05-19,23.723,4.63466,83.1967,11167.7,0.641843,63.1989,4,-0.0563124,1.34,0.24779,-0.360414,1.15749,1.5225,-0.685673,-4.72302,6.53783,12.0698
2009-05-20,23.624,3.86534,83.1967,11167.7,0.441541,62.74,4,-0.445697,1.32878,-0.280755,-0.610638,1.15749,1.50006,-1.88417,-5.37756,7.22439,12.7773
2009-05-21,23.594,3.84115,83.1967,11167.7,0.273851,61.5208,4,-0.764509,1.31221,-0.91051,-0.618509,1.15749,1.46693,-3.88403,-6.01412,7.92811,13.4908
2009-05-22,23.574,3.83418,83.1967,11167.7,0.222536,60.59,4,-0.82184,1.26691,-1.0229,-0.620775,1.64049,0.893338,-5.57586,-6.57471,9.02094,13.7196
2009-05-25,23.574,3.81477,83.1967,11167.7,0.210523,59.6546,4,-0.718483,1.13953,-0.809877,-0.627089,1.64049,0.638572,-7.15195,-7.0425,10.1167,13.7323
2009-05-26,23.537,3.79341,83.1967,11167.7,0.164804,58.9852,4,-0.686601,1.01621,-0.739167,-0.634035,1.64049,0.391931,-8.30386,-7.45014,11.209,13.5303
2009-05-27,23.518,3.61518,83.1967,11167.7,0.252604,59.2826,4,-0.511002,1.01621,-0.330468,-0.691536,1.64049,0.391931,-8.565,-7.73475,12.2804,13.3019
2009-05-28,23.524,3.61321,83.1967,11167.7,0.299761,59.8215,4,-0.416687,1.01621,-0.142443,-0.690931,1.64049,0.391931,-8.69208,-7.89696,13.3436,13.067
2009-05-29,23.418,3.45553,83.1967,11167.7,0.172011,60.3266,4,-0.672187,1.01621,-0.605298,-0.739077,1.64049,0.391931,-8.78397,-8.12659,14.4045,12.8326
2009-06-01,23.358,3.45653,83.1967,11167.7,0.0949582,60.8939,4,-0.826293,1.01621,-0.916521,-0.736065,1.64049,0.391931,-8.80554,-8.35667,15.4599,12.5962
2009-06-02,23.214,3.85396,83.1967,11167.7,-0.00899575,61.148,4,-1.0342,1.01621,-1.46029,-0.608112,1.64049,0.391931,-9.23966,-8.50532,16.524,12.369
2009-06-03,23.179,3.45,83.1967,11167.7,-0.049865,61.0997,4,-1.11594,1.01621,-1.4969,-0.734983,1.64049,0.391931,-9.84808,-8.80278,17.5997,12.1509
2009-06-04,23.129,3.44376,83.1967,11167.7,-0.115191,60.9875,4,-1.24659,1.01621,-1.75941,-0.733774,1.64049,0.391931,-10.5596,-9.06592,18.6784,11.9346
2009-06-05,23.129,3.37159,83.1967,11167.7,0.0147497,61.1166,4,-0.98671,1.01621,-1.21962,-0.753802,1.64049,0.391931,-10.9998,-9.34115,19.7462,11.7113
2009-06-08,23.224,3.82338,83.1967,11167.7,0.247396,62.0613,4,-0.521417,1.01621,-0.432659,-0.610175,1.64049,0.391931,-10.6912,-9.48168,20.77,11.4642
2009-06-09,23.226,3.84626,83.1967,11167.7,0.434254,63.4024,4,-0.147701,1.01621,0.307498,-0.602901,1.64049,0.391931,-9.95633,-9.60256,21.7586,11.2028
2009-06-10,23.26,3.9332,83.1967,11167.7,0.528861,65.3302,4,0.041512,1.01621,0.658288,-0.575264,1.64049,0.391931,-8.60094,-9.66881,22.6837,10.9163
2009-06-11,23.248,3.51668,83.1967,11167.7,0.543046,66.7738,4,0.0698824,1.01621,0.845154,-0.705389,1.64049,0.391931,-7.58974,-9.89744,23.6182,10.6427
2009-06-12,23.285,3.62413,83.1967,11167.7,0.59526,67.9638,4,0.174311,1.01621,1.01996,-0.671341,1.64049,0.391931,-6.8779,-10.0895,24.5543,10.3769
2009-06-15,23.385,4.09248,83.0328,11175.2,0.597061,67.7077,4,0.255955,0.938167,1.03484,-0.522931,1.45876,0.417571,-6.37908,-10.2276,24.8205,9.49386
2009-06-16,23.464,4.31869,83.0328,11175.2,0.694754,67.8644,4,0.477182,0.912325,1.40561,-0.451251,1.40708,0.417571,-5.45381,-10.2932,25.0028,8.60863
2009-06-17,23.619,4.78332,83.0328,11175.2,0.843214,69.0442,4,0.828051,0.858377,1.96012,-0.30402,1.29918,0.417571,-3.65222,-9.9976,24.9864,7.70763
2009-06-18,23.435,5.52047,83.0328,11175.2,0.571091,69.9049,4,0.518693,0.623488,1.10782,-0.0704343,1.79667,-0.549691,-2.04655,-9.52538,25.3898,6.087
2009-06-22,23.712,6.98361,83.0328,11175.2,0.964134,72.0036,4,1.31688,0.611391,2.24849,0.38526,1.77247,-0.549691,0.526468,-8.6383,25.2193,4.8962
2009-06-23,23.655,7.0489,83.0328,11175.2,0.778913,73.5626,4,0.946434,0.611391,1.49446,0.398407,1.77247,-0.549691,2.30245,-7.76812,25.0944,3.9339
2009-06-24,23.543,7.2405,83.0328,11175.2,0.565181,74.6336,4,0.518972,0.611391,0.581741,0.456202,1.77247,-0.549691,3.30088,-6.8791,25.0271,3.18471
2009-06-25,23.611,7.30334,83.0328,11175.2,0.46511,75.1927,4,0.31992,0.610301,0.165774,0.474066,1.77029,-0.549691,3.66818,-5.9623,25.0339,2.45285
2009-06-26,23.581,7.32181,83.0328,11175.2,0.648708,76.0962,4,0.688205,0.609211,0.898844,0.477565,1.76811,-0.549691,4.43663,-5.03708,24.9747,1.72194
2009-06-29,23.522,7.18643,83.0328,11175.2,0.238503,76.2663,4,-0.132205,0.609211,-0.69642,0.43201,1.76811,-0.549691,4.36206,-4.14204,25.0412,1.00511
2009-06-30,23.425,7.28783,83.0328,11175.2,0.196633,76.5251,4,-0.215945,0.609211,-0.888127,0.456236,1.76811,-0.549691,4.37539,-3.23096,25.0909,0.289837
2009-07-01,23.321,7.112,83.0328,11175.2,0.192917,77.0345,4,-0.223378,0.609211,-0.841187,0.394432,1.76811,-0.549691,4.82612,-2.46207,25.0924,-0.421952
2009-07-02,23.482,7.45508,83.0328,11175.2,0.334144,77.9858,4,0.0590771,0.609211,-0.383899,0.502053,1.76811,-0.549691,5.62437,-1.51714,25.0029,-1.12429
2009-07-03,23.421,7.47876,83.0328,11175.2,0.298771,78.9857,4,-0.0116691,0.609211,-0.531716,0.508378,1.76811,-0.549691,6.49024,-0.581708,24.8918,-1.81467
2009-07-06,23.448,7.47712,83.0328,11175.2,0.399965,79.8916,4,0.190719,0.609211,-0.125153,0.50659,1.76811,-0.549691,7.24553,0.351971,24.7885,-2.49437
2009-07-07,23.356,7.53393,83.0328,11175.2,0.411562,80.2705,4,0.213914,0.609211,-0.0958017,0.52363,1.76811,-0.549691,7.46789,1.18361,24.7964,-3.17743
2009-07-08,23.52,7.90041,83.0328,11175.2,0.755921,81.0002,4,0.90263,0.609211,1.16836,0.636904,1.76811,-0.549691,8.04435,2.07989,24.7184,-3.84241
2009-07-09,23.428,8.05455,83.0328,11175.2,0.467957,80.8633,4,0.328419,0.607495,-0.0238074,0.680645,1.76468,-0.549691,7.55676,3.00004,24.8418,-4.53533
2009-07-10,23.479,8.07235,83.0328,11175.2,0.599995,80.9913,4,0.594203,0.605787,0.507075,0.681331,1.76127,-0.549691,7.30076,4.00804,24.8992,-5.2167
2009-07-13,23.429,8.11335,83.0328,11175.2,0.508309,80.7957,4,0.415282,0.601337,0.142012,0.688552,1.75237,-0.549691,6.67282,5.00962,25.0281,-5.91483
2009-07-14,23.379,8.01546,83.0328,11175.2,0.50162,80.5795,4,0.496929,0.506311,0.337112,0.656747,1.56231,-0.549691,6.17552,5.88399,25.1555,-6.63549
2009-07-15,23.334,7.93897,83.2643,11505.7,0.319812,79.716,4,-0.0179005,0.657525,-0.664933,0.629132,1.14576,0.169285,4.69609,6.72854,25.1631,-6.87169
2009-07-16,23.392,7.59481,83.2643,11505.7,0.464988,78.8222,4,0.285822,0.644154,0.054786,0.516858,1.14576,0.142544,3.31506,7.3918,25.2452,-7.12993
2009-07-17,23.435,7.11579,83.2643,11505.7,0.407739,78.4291,4,0.184693,0.630784,0.00485356,0.364533,1.14576,0.115804,2.50259,7.74078,24.8423,-6.65657
2009-07-20,23.382,5.63014,83.2643,11505.7,0.287079,76.7555,4,-0.0566268,0.630784,-0.0100205,-0.103233,1.14576,0.115804,0.827391,7.47335,24.6957,-6.24097
2009-07-21,23.363,5.5944,83.2643,11505.7,0.321463,75.585,4,0.0121413,0.630784,0.13877,-0.114487,1.14576,0.115804,-0.199628,7.14505,24.4255,-5.78591
2009-07-22,23.429,5.49838,83.2643,11505.7,0.447343,75.2785,4,0.263902,0.630784,0.672523,-0.144718,1.14576,0.115804,-0.130663,6.70076,23.9978,-5.28942
2009-07-23,23.363,5.4407,83.2643,11505.7,0.292199,74.8249,4,-0.0463857,0.630784,0.0701067,-0.162878,1.14576,0.115804,-0.204399,6.23279,23.5918,-4.79528
2009-07-24,23.329,5.44445,83.2643,11505.7,0.199944,73.6276,4,-0.230897,0.630784,-0.300096,-0.161698,1.14576,0.115804,-1.13209,5.78651,23.2909,-4.31777
2009-07-27,23.333,5.39884,83.2643,11505.7,0.264791,73.6985,4,-0.101202,0.630784,-0.0263457,-0.176059,1.14576,0.115804,-0.614218,5.31449,22.8003,-3.80205
2009-07-28,23.379,5.27287,83.2643,11505.7,0.333098,74.0651,4,0.0354107,0.630784,0.286544,-0.215723,1.14576,0.115804,0.292108,4.78475,22.269,-3.28073
2009-07-29,23.428,5.06411,83.2643,11505.7,0.295645,74.3394,4,-0.0394943,0.630784,0.202462,-0.28145,1.14576,0.115804,1.0942,4.25667,21.7518,-2.76325
2009-07-30,23.387,4.45019,83.2643,11505.7,0.277996,74.1897,4,-0.0747924,0.630784,0.325161,-0.474746,1.14576,0.115804,1.64105,3.50882,21.2934,-2.25361
2009-07-31,23.273,4.68148,83.2643,11505.7,0.198022,73.9199,4,-0.23474,0.630784,-0.0675538,-0.401926,1.14576,0.115804,2.00173,2.81286,20.8496,-1.74429
2009-08-03,23.147,4.98081,83.2643,11505.7,0.063412,73.0084,4,-0.50396,0.630784,-0.700241,-0.30768,1.14576,0.115804,1.56692,2.19708,20.4824,-1.23795
2009-08-04,23.123,4.83132,83.2643,11505.7,-0.0320468,71.7831,4,-0.694878,0.630784,-1.03501,-0.354745,1.14576,0.115804,0.84455,1.52659,20.1389,-0.726991
2009-08-05,23.075,3.95824,83.2643,11505.7,-0.216946,69.0058,4,-1.06468,0.630784,-1.49971,-0.629641,1.14576,0.115804,-1.25571,0.545258,19.9266,-0.21031
2009-08-06,22.945,4.17201,83.2643,11505.7,-0.316181,66.6845,4,-1.24544,0.613082,-1.92855,-0.562335,1.11036,0.115804,-2.79051,-0.442961,19.5984,0.319583
2009-08-07,22.798,4.40342,83.2643,11505.7,-0.345427,63.799,4,-1.28729,0.59644,-2.08512,-0.489473,1.07708,0.115804,-4.9114,-1.39268,19.243,0.860093
2009-08-10,22.861,4.64201,83.2643,11505.7,-0.0954935,61.913,4,-0.787427,0.59644,-1.1605,-0.414352,1.07708,0.115804,-5.99517,-2.29544,18.7987,1.40493
2009-08-11,23,5.29522,83.2643,11505.7,0.150587,60.803,4,-0.294136,0.59531,-0.379587,-0.208684,1.07482,0.115804,-6.59511,-3.00621,18.4538,1.9505
2009-08-12,22.92,5.36689,83.2643,11505.7,0.113061,60.145,4,-0.36308,0.589202,-0.540041,-0.186119,1.07256,0.10584,-6.50319,-3.6753,18.4218,1.90171
2009-08-13,22.855,5.25397,83.2643,11505.7,0.180369,59.2346,4,-0.223483,0.58422,-0.225293,-0.221672,1.07256,0.095876,-6.74436,-4.28551,18.3972,1.86722
2009-08-14,22.87,5.18084,83.0616,11646.9,0.0793994,58.178,4,0.158669,0.000129358,0.562037,-0.244698,0.300352,-0.300094,-6.30173,-4.79256,17.7418,1.53056
2009-08-17,22.97,5.52628,83.0616,11646.9,0.149475,57.7335,4,0.298821,0.000129358,0.733576,-0.135934,0.300352,-0.300094,-5.69752,-4.82297,17.0628,1.19111
2009-08-18,22.879,5.63309,83.0616,11646.9,-0.120901,56.2978,4,-0.241932,0.000129358,-0.381559,-0.102304,0.300352,-0.300094,-6.1368,-4.82333,16.4056,0.85233
2009-08-19,22.82,5.46505,83.0616,11646.9,-0.108452,54.4824,4,-0.217033,0.000129358,-0.278851,-0.155214,0.300352,-0.300094,-6.93197,-4.84195,15.7443,0.512047
2009-08-20,22.843,5.49417,83.0616,11646.9,0.00076393,53.5265,4,0.0013985,0.000129358,0.14884,-0.146043,0.300352,-0.300094,-6.87275,-4.832,15.0612,0.170135
2009-08-21,22.72,5.70007,83.0616,11646.9,-0.149787,52.3768,4,-0.299704,0.000129358,-0.518191,-0.081216,0.300352,-0.300094,-7.05729,-4.76916,14.3755,-0.172313
2009-08-24,22.667,5.68235,83.0616,11646.9,-0.335345,50.3997,4,-0.671134,0.000444555,-1.25547,-0.0867941,0.300983,-0.300094,-8.07436,-4.69833,13.6876,-0.515179
2009-08-26,22.67,5.57216,83.0616,11646.9,-0.227977,48.5503,4,-0.456716,0.000761079,-0.791943,-0.121489,0.301616,-0.300094,-8.96138,-4.61973,12.9892,-0.85777
2009-08-27,22.67,5.43905,83.0616,11646.9,-0.165276,47.0333,4,-0.331312,0.000761079,-0.499227,-0.163398,0.301616,-0.300094,-9.53286,-4.51928,12.285,-1.19962
2009-08-28,22.66,5.4555,83.0616,11646.9,-0.201713,45.4589,4,-0.408848,0.0054212,-0.659475,-0.158221,0.310936,-0.300094,-10.3308,-4.25335,11.5832,-1.54016
2009-08-31,22.552,5.44687,83.0616,11646.9,-0.182186,44.216,4,-0.374751,0.0103785,-0.588565,-0.160938,0.320851,-0.300094,-10.7447,-4.04967,10.89,-1.87964
2009-09-01,22.363,5.81787,83.0616,11646.9,-0.319174,42.9711,4,-0.648726,0.0103785,-1.25333,-0.0441251,0.320851,-0.300094,-11.1799,-3.82673,10.1952,-2.21745
2009-09-02,22.454,6.16845,83.0616,11646.9,-0.182137,42.4846,4,-0.374653,0.0103785,-0.814254,0.0649472,0.320851,-0.300094,-10.9907,-3.48,9.51173,-2.55651
2009-09-03,22.442,6.17254,83.0616,11646.9,-0.195122,42.5552,4,-0.400622,0.0103785,-0.86281,0.0615658,0.320851,-0.300094,-10.47,-2.91405,8.8369,-2.89757
2009-09-04,22.396,5.97215,83.0616,11646.9,-0.254262,42.7559,4,-0.518903,0.0103785,-1.03484,-0.00296249,0.320851,-0.300094,-9.74083,-2.45649,8.19258,-3.23935
2009-09-07,22.37,5.64571,83.0616,11646.9,-0.18025,43.2921,4,-0.370879,0.0103785,-0.636015,-0.105743,0.320851,-0.300094,-8.55994,-2.14369,7.5788,-3.58308
2009-09-08,22.314,5.49451,83.0616,11646.9,-0.0316998,43.4995,4,-0.0737781,0.0103785,0.0057927,-0.153349,0.320851,-0.300094,-7.60547,-1.93016,6.96051,-3.92537
2009-09-09,22.104,5.53113,83.0616,11646.9,-0.393392,41.7371,4,-0.797162,0.0103785,-1.45251,-0.141818,0.320851,-0.300094,-8.46229,-1.87009,6.3243,-4.25479
2009-09-10,22.025,5.53469,83.0616,11646.9,-0.471903,39.8604,4,-0.954184,0.0103785,-1.76767,-0.140699,0.320851,-0.300094,-9.43159,-1.82612,5.688,-4.56989
2009-09-11,21.99,5.52705,83.0616,11646.9,-0.460151,37.8321,4,-0.930681,0.0103785,-1.71826,-0.143103,0.320851,-0.300094,-10.5961,-1.75337,5.05016,-4.86854
2009-09-14,22.022,5.58353,83.2041,11793.3,-0.21558,36.9089,4,-0.781753,0.350594,-1.43819,-0.12532,0.555038,0.146149,-12.1871,-1.65227,5.24321,-4.49495
2009-09-15,22.019,5.1249,83.2041,11793.3,-0.188467,35.8603,4,-0.727528,0.350594,-1.1844,-0.270657,0.555038,0.146149,-13.6952,-1.75566,5.43192,-4.12074
2009-09-16,21.919,5.15693,83.2041,11793.3,-0.0560336,36.0608,4,-0.462661,0.350594,-0.664351,-0.260971,0.555038,0.146149,-13.932,-1.88482,5.64088,-3.76322
2009-09-17,21.872,5.15433,83.2041,11793.3,-0.0185013,36.3394,4,-0.387596,0.350594,-0.513062,-0.26213,0.555038,0.146149,-14.1332,-1.9728,5.85145,-3.40602
2009-09-18,21.822,5.01999,83.2041,11793.3,-0.0487937,36.1858,4,-0.448181,0.350594,-0.59088,-0.305483,0.555038,0.146149,-14.7237,-2.10059,6.0543,-3.04415
2009-09-21,21.819,4.93396,83.2041,11793.3,-0.0979465,36.3465,4,-0.546487,0.350594,-0.759233,-0.33374,0.555038,0.146149,-14.9257,-2.30559,6.26301,-2.68521
2009-09-22,21.716,5.02653,83.2041,11793.3,-0.212222,36.7291,4,-0.775039,0.350594,-1.24972,-0.30036,0.555038,0.146149,-14.9382,-2.48094,6.47565,-2.32744
2009-09-23,21.595,5.09274,83.2041,11793.3,-0.234674,36.7082,4,-0.819942,0.350594,-1.36117,-0.278716,0.555038,0.146149,-15.3976,-2.60792,6.68017,-1.96647
2009-09-24,21.489,5.08097,83.2041,11793.3,-0.31034,36.2577,4,-0.971273,0.350594,-1.66017,-0.282372,0.555038,0.146149,-16.3141,-2.70045,6.87574,-1.60345
2009-09-25,21.508,5.17905,83.2041,11793.3,-0.214111,36.2193,4,-0.778815,0.350594,-1.30769,-0.249942,0.555038,0.146149,-16.8356,-2.77419,7.07202,-1.24296
2009-09-28,21.508,5.19135,83.2041,11793.3,-0.208586,36.1375,4,-0.767767,0.350594,-1.29297,-0.242566,0.555038,0.146149,-17.3999,-2.83938,7.25926,-0.88244
2009-09-29,21.509,4.73301,83.2041,11793.3,-0.11609,36.7681,4,-0.582774,0.350594,-0.777314,-0.388234,0.555038,0.146149,-17.0481,-3.1231,7.46252,-0.523227
2009-09-30,21.458,4.167,83.2041,11793.3,-0.0770538,37.0957,4,-0.504701,0.350594,-0.437257,-0.572146,0.555038,0.146149,-16.7592,-3.64181,7.6592,-0.162484
2009-10-01,21.347,4.23683,83.2041,11793.3,-0.0786173,37.4601,4,-0.507828,0.350594,-0.469246,-0.54641,0.555038,0.146149,-16.4575,-4.13822,7.85684,0.19896
2009-10-02,21.315,4.2491,83.2041,11793.3,-0.14101,37.8154,4,-0.632614,0.350594,-0.726441,-0.538786,0.555038,0.146149,-16.2233,-4.57686,8.05442,0.561116
2009-10-05,21.184,4.41222,83.2041,11793.3,-0.290126,37.4707,4,-0.930845,0.350594,-1.38076,-0.480926,0.555038,0.146149,-16.8116,-4.8766,8.23663,0.922211
2009-10-06,21.001,4.88961,83.2041,11793.3,-0.480614,36.073,4,-1.31182,0.350594,-2.30228,-0.321366,0.555038,0.146149,-18.6052,-4.99217,8.3918,1.27856
2009-10-07,20.925,4.27282,83.2041,11793.3,-0.567122,35.5369,4,-1.47315,0.338901,-2.42398,-0.522309,0.555038,0.122763,-19.3561,-5.29019,8.56614,1.61706
2009-10-08,20.813,4.36544,83.2041,11793.3,-0.570286,35.2346,4,-1.46778,0.327208,-2.44312,-0.492437,0.555038,0.0993778,-19.8805,-5.56801,8.7461,1.93696
2009-10-09,20.708,4.40814,83.2041,11793.3,-0.660331,34.6223,4,-1.64787,0.327208,-2.8204,-0.475337,0.555038,0.0993778,-20.7241,-5.82322,8.9159,2.25376
2009-10-13,20.572,4.2512,83.2041,11793.3,-0.683345,33.2075,4,-1.6939,0.327208,-2.8654,-0.522396,0.555038,0.0993778,-21.7565,-6.11014,8.86945,2.20465
2009-10-14,20.492,4.07348,83.2041,11793.3,-0.890793,31.1279,4,-1.47009,-0.311492,-2.3585,-0.581686,0.3781,-1.00108,-22.4979,-6.30353,8.65242,1.27685
2009-10-15,20.414,4.05885,82.648,11934.6,-0.891053,28.732,4,-1.48297,-0.299139,-2.37846,-0.587476,-0.0469404,-0.551337,-23.5788,-6.486,8.08075,0.71599
2009-10-16,20.442,4.3987,82.648,11934.6,-0.678139,26.9033,4,-1.06769,-0.288584,-1.66394,-0.471443,-0.0258299,-0.551337,-24.2312,-6.58234,7.54856,0.168218
2009-10-19,20.527,5.14163,82.648,11934.6,-0.364808,26.0483,4,-0.452768,-0.276849,-0.687517,-0.218018,-0.00235969,-0.551337,-24.1802,-6.48083,7.07977,-0.370356
2009-10-20,20.845,8.29268,82.648,11934.6,0.482071,27.6281,4,1.23981,-0.275669,1.64071,0.83891,0,-0.551337,-22.5405,-5.62936,6.71456,-0.916616
2009-10-21,20.904,8.42956,82.648,11934.6,0.671663,30.1224,4,1.61899,-0.275669,2.35317,0.884824,0,-0.551337,-19.9953,-4.76874,6.36494,-1.4785
2009-10-22,20.78,8.45149,82.648,11934.6,0.616804,32.6167,4,1.50928,-0.275669,2.12637,0.892178,0,-0.551337,-17.4372,-3.88831,5.99314,-2.05089
2009-10-23,20.613,8.67062,82.648,11934.6,0.384413,34.7119,4,1.04449,-0.275669,1.12331,0.96568,0,-0.551337,-15.3389,-2.91636,5.59463,-2.6275
2009-10-26,20.61,8.63155,82.648,11934.6,0.267621,36.1931,4,0.81091,-0.275669,0.669245,0.952575,0,-0.551337,-13.8175,-1.95972,5.17378,-3.20342
2009-10-27,20.848,9.87971,82.648,11934.6,0.269114,37.6826,4,0.813896,-0.275669,0.25656,1.37123,0,-0.551337,-12.621,-0.659678,4.74615,-3.78285
2009-10-28,21.119,11.1334,82.648,11934.6,0.641217,40.0812,4,1.5581,-0.275669,1.32446,1.79175,0,-0.551337,-10.9806,1.11442,4.32123,-4.37383
2009-10-29,20.945,11.4289,82.648,11934.6,0.603605,42.2697,4,1.48288,-0.275669,1.07488,1.89088,0,-0.551337,-9.78793,3.13623,3.88465,-4.96327
2009-10-30,20.816,11.48,82.648,11934.6,0.656677,44.6607,4,1.58902,-0.275669,1.27004,1.90801,0,-0.551337,-8.39132,5.16347,3.4415,-5.55291
2009-11-03,20.889,11.6027,82.648,11934.6,0.762214,47.6238,4,1.8001,-0.275669,1.65104,1.94916,0,-0.551337,-6.45325,7.2252,2.99262,-6.14081
2009-11-04,20.763,11.596,82.648,11934.6,0.301151,49.5716,4,0.877971,-0.275669,-0.19097,1.94691,0,-0.551337,-5.47637,9.23027,2.53689,-6.71917
2009-11-05,20.71,11.2575,82.648,11934.6,-0.134119,50.7139,4,0.00743097,-0.275669,-1.8185,1.83336,0,-0.551337,-5.07749,11.0057,2.07938,-7.29376
2009-11-06,20.698,11.2042,82.648,11934.6,0.0641751,52.7928,4,0.404019,-0.275669,-1.00746,1.8155,0,-0.551337,-3.9071,12.9225,1.62072,-7.84331
2009-11-09,20.586,11.2076,82.648,11934.6,0.0849173,54.9424,4,0.445503,-0.275669,-0.925626,1.81663,0,-0.551337,-2.65279,14.7981,1.16161,-8.36451
2009-11-10,20.526,11.1188,82.648,11934.6,-0.0888488,56.8058,4,0.0979711,-0.275669,-1.59091,1.78686,0,-0.551337,-1.63827,16.6192,0.7037,-8.87882
2009-11-11,20.46,10.9346,82.648,11934.6,-0.0288975,58.921,4,0.217874,-0.275669,-1.2893,1.72505,0,-0.551337,-0.3444,18.3968,0.2476,-9.37907
2009-11-12,20.545,10.9537,82.648,11934.6,0.146624,62.2191,4,0.568917,-0.275669,-0.593644,1.73148,0,-0.551337,1.08961,20.1338,-0.0609349,-8.94334
2009-11-13,20.66,11.0127,82.648,11934.6,0.311338,65.9317,4,0.898344,-0.275669,0.045417,1.75127,0,-0.551337,3.01985,21.7734,-0.0225965,-8.83893
2009-11-16,20.56,11.1752,81.9669,11968.5,0.160091,68.434,4,0.955364,-0.635182,0.104958,1.80577,-0.365494,-0.904871,4.39358,23.3638,-0.291931,-9.03147
2009-11-17,20.548,11.0842,81.9669,11968.5,0.213032,70.1118,4,1.06125,-0.635182,0.347248,1.77525,-0.365494,-0.904871,5.17452,24.7531,-0.575639,-9.24015
2009-11-18,20.41,9.726,81.9669,11968.5,0.00794669,68.7381,4,0.651076,-0.635182,-0.017523,1.31967,-0.365494,-0.904871,3.89357,25.2933,-0.86901,-9.57975
2009-11-19,20.443,9.67126,81.9669,11968.5,-0.0622137,66.56,4,0.510755,-0.635182,-0.279804,1.30131,-0.365494,-0.904871,1.82317,25.8551,-1.16916,-9.94911
2009-11-20,20.355,9.57981,81.9669,11968.5,-0.325511,63.6803,4,-0.0158402,-0.635182,-1.30232,1.27064,-0.365494,-0.904871,-0.927928,26.4177,-1.47597,-10.3335
2009-11-23,20.205,9.51707,81.9669,11968.5,-0.396251,61.2337,4,-0.157319,-0.635182,-1.56423,1.24959,-0.365494,-0.904871,-3.1195,26.8272,-1.78314,-10.6909
2009-11-24,20.139,9.54452,81.9669,11968.5,-0.463019,58.9025,4,-0.290855,-0.635182,-1.84051,1.2588,-0.365494,-0.904871,-5.18657,27.2144,-2.09095,-11.0344
2009-11-25,20.155,8.34641,81.9669,11968.5,-0.36859,56.8415,4,-0.101997,-0.635182,-1.06093,0.85693,-0.365494,-0.904871,-6.28509,26.8872,-2.39797,-11.3627
2009-11-26,20.208,6.56803,81.9669,11968.5,-0.489324,53.1451,4,-0.343465,-0.635182,-0.948141,0.26121,-0.365494,-0.904871,-8.18075,25.7323,-2.70827,-11.6982
2009-11-27,20.265,6.38619,81.9669,11968.5,-0.319467,50.1052,4,-0.00375235,-0.635182,-0.208129,0.200624,-0.365494,-0.904871,-9.24666,24.3659,-3.0123,-12.0017
2009-11-30,20.103,6.59042,81.9669,11968.5,-0.318016,46.8951,4,-0.00084901,-0.635182,-0.27186,0.270162,-0.365494,-0.904871,-10.5068,22.9928,-3.31019,-12.2806
2009-12-01,19.93,6.71746,81.9669,11968.5,-0.44417,42.952,4,-0.253157,-0.635182,-0.821025,0.31471,-0.365494,-0.904871,-12.4892,21.5556,-3.59586,-12.5186
2009-12-02,19.86,6.59142,81.9669,11968.5,-0.564934,40.1616,4,-0.494686,-0.635182,-1.25782,0.268447,-0.365494,-0.904871,-13.2964,20.0777,-3.87585,-12.7438
2009-12-03,19.907,6.78692,81.9669,11968.5,-0.554907,38.8228,4,-0.474631,-0.635182,-1.28331,0.334051,-0.365494,-0.904871,-12.8206,18.797,-4.16124,-12.9924
2009-12-04,19.822,6.81287,81.9669,11968.5,-0.728531,36.3378,4,-0.830747,-0.626316,-2.00447,0.34298,-0.365494,-0.887138,-13.5387,17.4799,-4.42816,-13.1753
2009-12-07,19.723,6.78783,81.9669,11968.5,-0.646869,34.0933,4,-0.675948,-0.61779,-1.68436,0.332459,-0.365494,-0.870086,-14.0457,16.1593,-4.68805,-13.3323
2009-12-08,19.639,6.82512,81.9669,11968.5,-0.529821,32.767,4,-0.441851,-0.61779,-1.22063,0.336925,-0.365494,-0.870086,-13.6792,14.9211,-4.95584,-13.519
2009-12-09,19.743,7.30811,81.9669,11968.5,-0.266269,32.0618,4,0.0852515,-0.61779,-0.326345,0.496848,-0.365494,-0.870086,-12.8738,13.9011,-5.23216,-13.7334
2009-12-10,19.736,6.99156,81.9669,11968.5,-0.361162,30.575,4,-0.104534,-0.61779,-0.59557,0.386503,-0.365494,-0.870086,-12.7907,12.747,-5.48652,-13.8949
2009-12-11,19.707,6.39912,81.9669,11968.5,-0.341079,28.711,4,-0.0643687,-0.61779,-0.309669,0.180931,-0.365494,-0.870086,-12.9508,11.4004,-5.72211,-14.0165
2009-12-14,19.657,6.33204,81.9669,11968.5,-0.425267,27.0858,4,0.0485965,-0.899131,-0.0561151,0.153308,-0.474434,-1.32383,-12.9595,10.0161,-5.75522,-14.2156
2009-12-15,19.704,6.52057,81.2452,12053.4,-0.316818,25.6555,4,0.412997,-1.04663,0.613321,0.212673,-1.02604,-1.06723,-12.642,8.72729,-6.21309,-14.2167
2009-12-16,19.602,6.39635,81.2452,12053.4,-0.594744,24.0776,4,-0.142856,-1.04663,-0.451398,0.165686,-1.02604,-1.06723,-12.839,7.75726,-6.65023,-14.1904
2009-12-17,19.658,6.50379,81.2452,12053.4,-0.50467,22.9538,4,0.0372932,-1.04663,-0.124489,0.199075,-1.02604,-1.06723,-12.6169,6.86204,-7.0944,-14.197
2009-12-18,19.614,6.44555,81.2452,12053.4,-0.528237,22.4488,4,-0.00984126,-1.04663,-0.197595,0.177913,-1.02604,-1.06723,-11.7375,6.01401,-7.56352,-14.2641
2009-12-21,19.642,6.19534,81.2452,12053.4,-0.450939,22.3137,4,0.144755,-1.04663,0.201741,0.0877687,-1.02604,-1.06723,-10.3989,5.13515,-8.05157,-14.371
2009-12-22,19.82,7.16674,81.2452,12053.4,-0.20009,22.9676,4,0.646453,-1.04663,0.874454,0.418451,-1.02604,-1.06723,-8.4023,4.52682,-8.59081,-14.5661
2009-12-23,19.653,7.63194,81.2452,12053.4,-0.244861,23.279,4,0.556911,-1.04663,0.536606,0.577217,-1.02604,-1.06723,-7.21332,4.32577,-9.11055,-14.7229
2009-12-24,19.564,7.57144,81.2452,12053.4,-0.438795,23.4068,4,0.168838,-1.04643,-0.217245,0.554921,-1.02604,-1.06682,-6.66666,4.55226,-9.61934,-14.8594
2009-12-28,19.544,7.39366,81.2452,12053.4,-0.420946,23.1505,4,0.199354,-1.04125,-0.0930402,0.491749,-1.02604,-1.05645,-6.56703,4.76366,-10.1003,-14.9458
2009-12-29,19.611,7.23236,81.2452,12053.4,-0.384854,22.9825,4,0.266653,-1.03636,0.101991,0.431314,-1.02604,-1.04668,-6.27656,4.8793,-10.5862,-15.034
2009-12-30,19.637,6.72676,81.2452,12053.4,-0.628368,22.5231,4,-0.230519,-1.02622,-0.684592,0.223554,-1.02604,-1.02639,-6.1519,4.79361,-11.0459,-15.0727
2009-12-31,19.637,6.64954,81.2452,12053.4,-0.414769,22.8972,4,0.173077,-1.00261,0.179827,0.166326,-1.02604,-0.979191,-5.08508,4.73035,-11.576,-15.1721
2010-01-04,19.515,6.84465,81.2452,12053.4,-0.428375,23.2152,4,0.119656,-0.976406,0.00684341,0.232469,-1.02604,-0.926775,-4.12166,4.66485,-12.1031,-15.2249
2010-01-05,19.407,6.93972,81.2452,12053.4,-0.519195,23.7465,4,-0.0909677,-0.947422,-0.446433,0.264497,-1.02604,-0.868806,-2.95499,4.62344,-12.6517,-15.2703
2010-01-07,19.514,7.14567,81.2452,12053.4,-0.438492,24.282,4,0.0523448,-0.929329,-0.230049,0.334739,-1.02604,-0.832621,-1.85803,4.64272,-13.203,-15.2997
2010-01-08,19.556,7.06337,81.2452,12053.4,-0.424062,24.5562,4,0.0785527,-0.926676,-0.14576,0.302865,-1.02604,-0.827315,-1.04096,4.62552,-13.7323,-15.296
2010-01-11,19.529,6.76579,81.2452,12053.4,-0.489515,23.9793,4,-0.0523529,-0.926676,-0.286903,0.182197,-1.02604,-0.827315,-1.00679,4.36771,-14.1795,-15.2022
2010-01-12,19.654,7.19939,81.2452,12053.4,-0.135649,24.5621,4,0.655378,-0.926676,0.996256,0.3145,-1.02604,-0.827315,0.204419,4.3305,-14.7415,-15.2313
2010-01-13,19.631,7.1932,81.2452,12053.4,-0.0286164,25.3821,4,0.869444,-0.926676,1.43395,0.304935,-1.02604,-0.827315,1.54404,4.44944,-15.3294,-15.282
2010-01-14,19.616,7.1438,80.5478,12151.8,-0.271668,25.7904,4,0.535274,-1.07861,0.787911,0.282636,-1.55893,-0.598285,2.19771,4.56065,-16.2043,-14.7637
2010-01-15,19.627,7.08846,80.5478,12151.8,-0.31929,25.7838,4,0.440029,-1.07861,0.625859,0.254199,-1.55893,-0.598285,2.20726,4.59242,-16.6138,-14.4021
2010-01-18,19.636,6.83983,80.5478,12151.8,-0.276322,26.6408,4,0.481066,-1.03371,0.805795,0.156336,-1.13389,-0.933526,3.19168,4.60954,-16.7853,-14.3751
2010-01-19,19.635,6.76129,80.5478,12151.8,-0.447359,26.7966,4,0.138991,-1.03371,0.15051,0.127472,-1.13389,-0.933526,3.40763,4.55839,-16.8845,-14.2849
2010-01-20,19.558,6.85942,80.5478,12151.8,-0.511133,26.8432,4,0.0114439,-1.03371,-0.130851,0.153739,-1.13389,-0.933526,3.46027,4.54092,-16.9727,-14.1853
2010-01-21,19.603,6.89277,80.5478,12151.8,-0.434795,26.8872,4,0.164119,-1.03371,0.18076,0.147478,-1.13389,-0.933526,3.44492,4.58837,-17.0607,-14.0854
2010-01-22,19.602,5.99428,80.5478,12151.8,-0.525269,26.0079,4,-0.0168295,-1.03371,0.117671,-0.15133,-1.13389,-0.933526,2.84328,4.12476,-17.0529,-13.9072
2010-01-25,19.612,5.22035,80.5478,12151.8,-0.590639,25.0896,4,-0.147568,-1.03371,0.121868,-0.417003,-1.13389,-0.933526,2.50876,3.33871,-17.035,-13.7229
2010-01-26,19.602,4.95562,80.5478,12151.8,-0.62565,24.6005,4,-0.217591,-1.03371,0.0747255,-0.509908,-1.13389,-0.933526,2.7235,2.51458,-17.0615,-13.5761
2010-01-27,19.602,4.93823,80.5478,12151.8,-0.523896,24.3333,4,-0.0140825,-1.03371,0.478205,-0.50637,-1.13389,-0.933526,3.15394,1.74913,-17.1124,-13.4574
2010-01-28,19.614,4.78962,80.5478,12151.8,-0.577978,23.8362,4,-0.122247,-1.03371,0.306698,-0.551192,-1.13389,-0.933526,3.29841,0.996701,-17.1345,-13.3244
2010-01-29,19.6,4.76989,80.5478,12151.8,-0.598732,23.9121,4,-0.163754,-1.03371,0.232365,-0.559873,-1.13389,-0.933526,3.99709,0.401828,-17.2257,-13.2611
2010-02-01,19.6,4.76989,80.5478,12151.8,-0.613898,23.4046,4,-0.194087,-1.03371,0.174038,-0.562211,-1.13389,-0.933526,3.97806,-0.151313,-17.2443,-13.1779
2010-02-02,19.551,4.29332,80.5478,12151.8,-0.704659,22.7104,4,-0.375608,-1.03371,-0.0319549,-0.719261,-1.13389,-0.933526,3.92815,-0.867453,-17.2359,-13.1144
2010-02-03,19.5,3.88892,80.5478,12151.8,-0.805014,22.0046,4,-0.576318,-1.03371,-0.302969,-0.849667,-1.13389,-0.933526,4.01393,-1.69732,-17.2215,-13.0905
2010-02-04,19.617,3.97844,80.5478,12151.8,-0.657589,21.4722,4,-0.281468,-1.03371,0.249931,-0.812866,-1.13389,-0.933526,4.35455,-2.54594,-17.2273,-13.1091
2010-02-05,19.916,6.59858,80.5478,12151.8,-0.00701944,22.492,4,1.01967,-1.03371,1.88194,0.157405,-1.13389,-0.933526,5.91524,-2.67627,-17.4501,-13.2968
2010-02-08,19.9,6.57508,80.5478,12151.8,-0.0192743,23.6742,4,0.971599,-1.01015,1.7944,0.148798,-1.13389,-0.886402,7.54703,-2.72545,-17.6874,-13.46
2010-02-09,19.82,6.47025,80.5478,12151.8,-0.0577109,23.8734,4,0.872618,-0.988039,1.63509,0.110148,-1.13389,-0.842186,8.04322,-2.88462,-17.7946,-13.4906
2010-02-10,19.729,6.69296,80.5478,12151.8,-0.0894537,23.7178,4,0.808325,-0.987232,1.422,0.194653,-1.13389,-0.840571,8.02518,-2.9651,-17.8567,-13.4856
2010-02-11,19.788,6.7498,80.5478,12151.8,-0.161733,23.9993,4,0.663235,-0.986701,1.11007,0.216399,-1.13389,-0.83951,8.28633,-3.02144,-17.5694,-13.6962
2010-02-12,19.9,6.9988,80.5478,12151.8,-0.38136,23.8402,4,0.222924,-0.985644,0.134242,0.311606,-1.13389,-0.837396,7.9035,-2.97441,-17.2266,-13.8623
2010-02-17,19.85,7.09091,78.4037,12008.5,-0.900385,22.2725,4,0.153282,-1.95405,-0.0425488,0.349113,-2.77246,-1.13564,7.17409,-2.79486,-18.255,-13.8517
2010-02-18,19.85,7.09037,78.4037,12008.5,-0.684977,21.6914,4,0.35965,-1.7296,0.368628,0.350673,-2.25202,-1.20718,7.30366,-2.61506,-19.0055,-13.9917
2010-02-19,19.839,6.90676,78.4037,12008.5,-0.599412,21.4777,4,0.53078,-1.7296,0.780089,0.281471,-2.25202,-1.20718,7.97031,-2.51519,-19.8061,-14.1712
2010-02-22,19.757,7.08671,78.4037,12008.5,-0.765789,20.6877,4,0.198026,-1.7296,0.0432782,0.352774,-2.25202,-1.20718,7.8151,-2.34624,-20.502,-14.2792
2010-02-23,19.746,7.09317,78.4037,12008.5,-0.924715,19.7575,4,-0.119825,-1.7296,-0.596093,0.356442,-2.25202,-1.20718,7.22565,-1.95364,-21.153,-14.3615
2010-02-24,19.777,7.10597,78.4037,12008.5,-0.815761,19.2446,4,0.0980816,-1.7296,-0.165747,0.36191,-2.25202,-1.20718,6.98056,-1.37467,-21.8688,-14.4924
2010-02-25,19.832,7.14467,78.4037,12008.5,-0.738741,18.9901,4,0.252122,-1.7296,0.126347,0.377896,-2.25202,-1.20718,7.0011,-0.723707,-22.6308,-14.6565
2010-02-26,19.81,7.16751,78.4037,12008.5,-0.750026,18.4873,4,0.229553,-1.7296,0.0676894,0.391416,-2.25202,-1.20718,6.66843,-0.0684913,-23.3302,-14.7825
2010-03-02,19.731,7.34476,78.4037,12008.5,-0.728326,18.1577,4,0.272952,-1.7296,0.0783189,0.467584,-2.25202,-1.20718,6.48092,0.668709,-24.061,-14.931
2010-03-03,19.65,7.50426,78.4037,12008.5,-0.806286,17.7087,4,0.117032,-1.7296,-0.300111,0.534175,-2.25202,-1.20718,6.06725,1.45331,-24.7536,-15.0583
2010-03-04,19.705,7.56332,78.4037,12008.5,-0.765623,17.3849,4,0.198357,-1.7296,-0.164196,0.560909,-2.25202,-1.20718,5.80357,2.25414,-25.4703,-15.2025
2010-03-05,19.75,7.52144,78.4037,12008.5,-0.781541,17.2223,4,0.166522,-1.7296,-0.214077,0.547121,-2.25202,-1.20718,5.66286,3.1572,-26.2261,-15.3716
2010-03-08,19.683,7.56969,78.4037,12008.5,-0.836014,17.157,4,0.0575756,-1.7296,-0.453108,0.568259,-2.25202,-1.20718,5.55135,4.1698,-27.0076,-15.5565
2010-03-09,19.651,7.3119,78.4037,12008.5,-0.798261,16.8628,4,0.133081,-1.7296,-0.197286,0.463449,-2.25202,-1.20718,5.21419,5.06672,-27.7172,-15.701
2010-03-10,19.6,4.72588,78.4037,12008.5,-1.02042,14.8394,4,-0.311228,-1.7296,-0.0309655,-0.591491,-2.25202,-1.20718,3.75673,4.4232,-27.8275,-15.513
2010-03-11,19.6,4.73439,78.4037,12008.5,-1.08321,12.8972,4,-0.457842,-1.70857,-0.328355,-0.58733,-2.25202,-1.16512,2.21785,3.80601,-27.8401,-15.2866
2010-03-12,19.55,4.62712,78.4037,12008.5,-1.21292,10.9963,4,-0.736877,-1.68896,-0.842826,-0.630927,-2.25202,-1.12589,0.522425,3.20288,-27.7234,-15.0056
2010-03-15,19.548,4.39171,78.4037,12008.5,-1.14123,9.44835,4,-0.593509,-1.68896,-0.495327,-0.69169,-2.25202,-1.12589,-0.715524,2.54441,-27.6297,-14.7509
2010-03-16,19.5,4.24782,78.4037,12008.5,-1.16581,8.12649,4,-0.649577,-1.68204,-0.584359,-0.714794,-2.25202,-1.11205,-1.74449,1.89448,-27.5279,-14.4956
2010-03-17,19.551,3.75144,79.1156,12392.3,-0.75732,7.66918,4,-0.470099,-1.04454,-0.0265825,-0.913615,-1.708,-0.381087,-1.82367,1.123,-27.5746,-14.0555
2010-03-18,19.65,4.24423,79.1156,12392.3,-0.569334,8.07081,4,-0.0941263,-1.04454,0.517758,-0.70601,-1.708,-0.381087,-1.49506,0.481394,-27.1881,-13.7274
2010-03-19,19.678,4.29654,79.1156,12392.3,-0.456129,8.35759,4,0.132285,-1.04454,0.946934,-0.682365,-1.708,-0.381087,-1.14502,-0.158689,-27.033,-13.3057
2010-03-22,19.709,4.35474,79.1156,12392.3,-0.311231,8.72954,4,0.22836,-0.850822,1.11486,-0.658138,-1.15639,-0.545253,-0.944454,-0.750129,-26.5735,-13.0024
2010-03-23,19.635,4.31248,79.1156,12392.3,-0.353137,9.28346,4,0.144548,-0.850822,0.964101,-0.675004,-1.15639,-0.545253,-0.370548,-1.41234,-26.1959,-12.7377
2010-03-24,19.606,4.33183,79.1156,12392.3,-0.461025,9.93643,4,-0.0712274,-0.850822,0.526126,-0.668581,-1.15639,-0.545253,0.347247,-2.09125,-25.8387,-12.4808
2010-03-25,19.605,4.27416,79.1156,12392.3,-0.602826,10.2473,4,-0.354829,-0.850822,-0.0172885,-0.692369,-1.15639,-0.545253,0.445519,-2.78688,-25.2843,-12.1271
2010-03-26,19.582,4.10695,79.1156,12392.3,-0.688276,10.322,4,-0.52573,-0.850822,-0.291007,-0.760453,-1.15639,-0.545253,0.175369,-3.52939,-24.6092,-11.7148
2010-03-29,19.509,4.25046,79.1156,12392.3,-0.814911,10.226,4,-0.775607,-0.854215,-0.850218,-0.700997,-1.15639,-0.552038,-0.419408,-4.23045,-23.8549,-11.2692
2010-03-30,19.455,4.14805,79.1156,12392.3,-0.799187,10.122,4,-0.74416,-0.854215,-0.744894,-0.743425,-1.15639,-0.552038,-0.950645,-5.00475,-23.0993,-10.8233
2010-03-31,19.457,3.95388,79.1156,12392.3,-0.779219,10.1616,4,-0.702142,-0.856296,-0.580415,-0.823869,-1.15639,-0.5562,-1.13268,-5.88698,-22.4083,-10.4105
2010-04-05,19.355,4.09601,79.1156,12392.3,-0.904959,9.95866,4,-0.951391,-0.858527,-1.1378,-0.764984,-1.15639,-0.560662,-1.75552,-6.71817,-21.6145,-9.95313
2010-04-06,19.271,4.09007,79.1156,12392.3,-0.990588,9.65975,4,-1.12265,-0.858527,-1.47785,-0.767448,-1.15639,-0.560662,-2.55457,-7.52043,-20.785,-9.48022
2010-04-07,19.307,4.14603,79.1156,12392.3,-0.83484,9.66141,4,-0.811154,-0.858527,-0.878047,-0.744261,-1.15639,-0.560662,-2.82683,-8.36135,-20.084,-9.06643
2010-04-08,19.357,4.32271,79.1156,12392.3,-0.6748,9.83716,4,-0.491072,-0.858527,-0.306553,-0.675592,-1.15639,-0.560662,-2.90699,-9.12284,-19.4503,-8.68272
2010-04-09,19.321,4.28877,79.1156,12392.3,-0.732486,10.2561,4,-0.606445,-0.858527,-0.523141,-0.689749,-1.15639,-0.560662,-3.24961,-9.26087,-18.8989,-8.33455
2010-04-12,19.294,4.28649,79.1156,12392.3,-0.627862,10.9449,4,-0.397198,-0.858527,-0.103698,-0.690698,-1.15639,-0.560662,-3.1436,-9.44673,-18.4207,-8.04409
2010-04-13,19.384,4.64123,79.1156,12392.3,-0.345896,12.3469,4,0.166735,-0.858527,0.87716,-0.54369,-1.15639,-0.560662,-2.06273,-9.61258,-18.1223,-7.85547
2010-04-14,19.41,4.68266,79.0253,12471.4,-0.324769,13.778,4,0.14429,-0.793828,0.815077,-0.526497,-1.18757,-0.400085,-1.20778,-9.70608,-17.7818,-7.5264
2010-04-15,19.412,4.61781,79.0253,12471.4,-0.391095,15.2368,4,-0.00616128,-0.776029,0.5421,-0.554423,-1.15197,-0.400085,-0.443204,-9.784,-17.3603,-7.17564
2010-04-16,19.409,4.49509,79.0253,12471.4,-0.358894,16.0256,4,0.0582415,-0.776029,0.723766,-0.607283,-1.15197,-0.400085,0.0826446,-9.66247,-17.1359,-7.25867
2010-04-20,19.409,4.02053,79.0253,12471.4,-0.371575,16.4269,4,0.0316708,-0.77482,0.869739,-0.806397,-1.14956,-0.400085,0.332894,-9.77931,-16.8203,-7.30639
2010-04-21,19.373,3.96794,79.0253,12471.4,-0.483657,16.3707,4,-0.339849,-0.627465,0.148762,-0.82846,-0.649658,-0.605272,-0.233551,-9.87658,-16.0585,-7.46067
2010-04-22,19.407,3.98255,79.0253,12471.4,-0.472142,16.0444,4,-0.316819,-0.627465,0.188695,-0.822332,-0.649658,-0.605272,-0.887171,-9.95484,-15.639,-7.47456
2010-04-23,19.409,3.83116,79.0253,12471.4,-0.487731,15.7748,4,-0.347997,-0.627465,0.187681,-0.883675,-0.649658,-0.605272,-1.43123,-10.0697,-15.2316,-7.4927
2010-04-26,19.311,4.14138,79.0253,12471.4,-0.591768,15.5157,4,-0.556072,-0.627465,-0.359436,-0.752707,-0.649658,-0.605272,-2.04853,-10.0969,-14.8276,-7.51116
2010-04-27,19.344,4.22734,79.0253,12471.4,-0.535394,15.649,4,-0.442941,-0.627846,-0.169101,-0.716782,-0.649658,-0.606034,-2.15866,-10.1306,-14.4955,-7.56621
2010-04-28,19.354,4.24319,79.0253,12471.4,-0.469177,16.0871,4,-0.309059,-0.629294,0.0907955,-0.708914,-0.651024,-0.607565,-1.90011,-10.1477,-14.2148,-7.65025
2010-04-29,19.301,4.15928,79.0253,12471.4,-0.603163,16.5181,4,-0.576647,-0.629678,-0.415716,-0.737579,-0.651024,-0.608333,-1.60093,-10.2249,-13.9273,-7.72881
2010-04-30,19.214,4.32656,79.0253,12471.4,-0.714693,16.6921,4,-0.802474,-0.626912,-0.936565,-0.668383,-0.651024,-0.602801,-1.74059,-10.1918,-13.5952,-7.78033
2010-05-03,19.17,4.3567,79.0253,12471.4,-0.640261,16.9809,4,-0.641558,-0.638964,-0.627196,-0.655919,-0.651024,-0.626904,-1.77966,-10.1049,-13.2784,-7.85613
2010-05-04,19.162,4.01723,79.0253,12471.4,-0.741259,17.3252,4,-0.827175,-0.655343,-0.863912,-0.790438,-0.651024,-0.659661,-1.59002,-10.1615,-12.9664,-7.95692
2010-05-05,19.354,5.23032,79.0253,12471.4,-0.351996,18.7103,4,-0.0486494,-0.655343,0.195082,-0.29238,-0.651024,-0.659661,-0.396095,-9.96304,-12.7864,-8.14412
2010-05-06,19.683,7.88889,79.0253,12471.4,0.470322,21.7469,4,1.59599,-0.655343,2.40093,0.791049,-0.651024,-0.659661,2.0442,-9.0911,-12.7626,-8.44358
2010-05-07,19.583,8.14627,79.0253,12471.4,0.478375,24.6522,4,1.61209,-0.655343,2.32969,0.8945,-0.651024,-0.659661,4.10288,-8.09067,-12.6559,-8.70406
2010-05-10,19.231,10.5017,79.0253,12471.4,0.272186,27.3436,4,1.19971,-0.655343,0.543579,1.85585,-0.651024,-0.659661,5.00136,-6.25044,-12.4784,-8.9289
2010-05-11,19.135,10.632,79.0253,12471.4,0.156324,29.5409,4,0.96799,-0.655343,0.0266521,1.90933,-0.651024,-0.659661,5.16313,-4.28059,-12.2291,-9.11259
2010-05-12,19.063,10.5193,79.0253,12471.4,-0.242697,29.836,4,0.17022,-0.655615,-1.52264,1.86308,-0.651024,-0.660206,3.28136,-2.39205,-11.849,-9.20427
2010-05-13,19.119,10.5781,79.0253,12471.4,-0.630083,28.9669,4,-0.604278,-0.655888,-3.09574,1.88719,-0.651024,-0.660751,0.201571,-0.489653,-11.3767,-9.36836
2010-05-14,19.213,10.7654,79.0253,12471.4,-0.326209,29.1506,4,0.00346948,-0.655888,-1.95715,1.96409,-0.651024,-0.660751,-1.75911,1.48586,-10.9944,-9.58175
2010-05-18,19.225,10.7724,78.0124,12669.3,0.13539,30.5676,4,1.06752,-0.796744,0.168075,1.96697,-1.37579,-0.217697,-2.21036,3.52996,-11.2477,-9.5043
2010-05-19,19.239,10.7798,78.0124,12669.3,0.298908,32.5368,4,1.39312,-0.795303,0.816245,1.97,-1.37291,-0.217697,-2.27208,5.77286,-11.5229,-9.44108
2010-05-20,19.299,10.8374,78.0124,12669.3,0.496252,35.5034,4,1.78781,-0.795303,1.58198,1.99364,-1.37291,-0.217697,-1.14236,8.1094,-12.2315,-9.23209
2010-05-21,19.32,10.8241,78.0124,12669.3,0.452371,38.3857,4,1.67763,-0.772888,1.36707,1.98819,-1.32808,-0.217697,-0.19471,10.4607,-12.8854,-8.99482
2010-05-24,19.318,10.8235,78.0124,12669.3,0.765301,42.3941,4,1.39455,0.136052,0.801151,1.98795,0.155718,0.116385,0.306183,12.9005,-12.3336,-8.47899
2010-05-25,19.372,10.7174,78.0124,12669.3,0.81443,46.9862,4,1.49281,0.136052,1.04121,1.94441,0.155718,0.116385,1.46105,15.1881,-11.7343,-7.92869
2010-05-26,19.267,10.8791,78.0124,12669.3,0.651993,50.8977,4,1.17856,0.125425,0.346338,2.01078,0.134465,0.116385,1.88709,17.4491,-11.0983,-7.34023
2010-05-27,19.164,11.0268,78.0124,12669.3,0.425135,53.8401,4,0.735471,0.114798,-0.600481,2.07142,0.113212,0.116385,1.31548,19.7115,-10.4532,-6.73375
2010-05-28,19.164,10.9955,78.0124,12669.3,0.392691,57.0913,4,0.670584,0.114798,-0.717421,2.05859,0.113212,0.116385,1.0632,21.9298,-9.78739,-6.11433
2010-05-31,19.163,10.8851,78.0124,12669.3,0.383812,60.6218,4,0.652825,0.114798,-0.707586,2.01324,0.113212,0.116385,1.24253,23.9663,-9.09939,-5.48766
2010-06-01,19.187,10.8645,78.0124,12669.3,0.339788,63.7004,4,0.564778,0.114798,-0.87523,2.00479,0.113212,0.116385,1.03199,25.918,-8.40734,-4.84224
2010-06-02,19.258,10.9391,78.0124,12669.3,0.597264,67.7627,4,1.07973,0.114798,0.124058,2.0354,0.113212,0.116385,1.80331,27.7906,-7.67701,-4.15428
2010-06-03,19.282,10.3324,78.0124,12669.3,0.715502,70.8595,4,1.31621,0.114798,0.846081,1.78633,0.113212,0.116385,2.28835,29.0255,-6.96804,-3.48624
2010-06-04,19.432,8.72,78.0124,12669.3,0.760753,71.6774,4,1.40671,0.114798,1.6891,1.12432,0.113212,0.116385,1.72246,29.1611,-6.34111,-2.86505
2010-06-07,19.714,10.0463,78.0124,12669.3,1.28798,73.8975,4,2.46117,0.114798,3.25349,1.66884,0.113212,0.116385,2.41284,29.3852,-5.67062,-2.22992
2010-06-08,20.037,9.02428,78.0124,12669.3,1.36971,76.7575,4,2.62462,0.114798,4,1.24925,0.113212,0.116385,4.98052,28.3604,-4.98338,-1.60003
2010-06-09,20.063,8.6397,78.0124,12669.3,1.32885,79.6101,4,2.54289,0.114798,4,1.08579,0.113212,0.116385,7.80262,27.1018,-4.30441,-0.989869
2010-06-10,20.073,8.36604,78.0124,12669.3,1.29166,83.0102,4,2.46824,0.115072,4,0.936483,0.113212,0.116932,11.4886,25.5386,-3.6153,-0.401757
2010-06-11,20.784,14.1768,78.0124,12669.3,1.87665,87.7324,4,3.63786,0.115449,4,3.27572,0.113212,0.117685,15.5518,24.9185,-2.88281,0.144989
2010-06-14,20.564,15.1137,78.8099,12845.9,2.20664,91.4816,4,3.82651,0.586783,4,3.65301,0.658931,0.514635,18.2105,24.268,-1.86662,0.869746
2010-06-15,20.802,15.3408,78.8099,12845.9,2.22936,93.8713,4,3.87093,0.587784,4,3.74187,0.658931,0.516637,19.3505,23.8315,-0.558569,1.24781
2010-06-16,21.094,15.6866,78.8099,12845.9,2.26397,95.6037,4,3.94016,0.587784,4,3.88032,0.658931,0.516637,19.9583,23.4699,0.596405,1.57908
2010-06-17,20.991,16.041,78.8099,12845.9,2.29389,96.8201,4,4,0.587784,4,4,0.658931,0.516637,20.1106,23.2125,1.62275,1.87428
2010-06-18,20.852,16.4692,78.8099,12845.9,1.0647,97.1648,4,2.23771,-0.10831,0.47542,4,0.170862,-0.387482,19.2648,23.7912,2.35774,1.75113
2010-06-21,20.91,16.4099,78.8099,12845.9,1.41361,97.4953,4,2.93553,-0.10831,1.87107,4,0.170862,-0.387482,19.4051,24.3105,2.31692,1.46283
2010-06-22,20.936,16.4337,78.8099,12845.9,1.14481,97.6509,4,2.39793,-0.10831,0.795859,4,0.170862,-0.387482,19.0795,25.0736,2.30007,1.19775
2010-06-23,20.955,16.1078,78.8099,12845.9,0.790161,97.7135,4,1.68863,-0.10831,-0.554088,3.93135,0.170862,-0.387482,18.5512,25.9106,2.30788,0.943874
2010-06-24,21.005,15.7283,78.8099,12845.9,0.940262,97.9347,4,1.97866,-0.0981364,0.200792,3.75653,0.170862,-0.367135,18.6372,26.3055,2.29819,0.693803
2010-06-25,20.912,15.9768,78.8099,12845.9,1.02264,98.1804,4,2.1335,-0.0882186,0.429655,3.83734,0.170351,-0.346788,18.8123,26.6286,2.27968,0.459689
2010-06-28,20.981,15.8981,78.8099,12845.9,1.02211,98.4034,4,2.1327,-0.0884842,0.483222,3.78218,0.16984,-0.346809,18.9898,26.9187,2.26032,0.234554
2010-06-29,21.06,15.8543,78.8099,12845.9,1.07739,98.6315,4,2.24328,-0.0884942,0.740009,3.74654,0.16984,-0.346829,19.2878,27.0915,2.23402,0.018208
2010-06-30,21.127,15.8596,78.8099,12845.9,1.13184,98.7788,4,2.35017,-0.086489,0.972102,3.72823,0.173851,-0.346829,19.3461,27.3982,2.22395,-0.189522
2010-07-01,21.219,15.8099,78.8099,12845.9,1.16728,98.8923,4,2.42105,-0.086489,1.16868,3.67343,0.173851,-0.346829,19.2172,27.847,2.21952,-0.39138
2010-07-02,21.296,15.7751,78.8099,12845.9,1.36192,99.0291,4,2.81032,-0.086489,1.99029,3.63036,0.173851,-0.346829,18.9919,28.4174,2.2047,-0.584863
2010-07-05,21.337,15.3606,78.8099,12845.9,1.27912,99.0272,4,2.64389,-0.0856552,1.83424,3.45354,0.175518,-0.346829,18.3819,29.1988,2.23232,-0.785808
2010-07-06,21.293,14.7809,78.8099,12845.9,1.06962,98.9607,4,2.22405,-0.0848052,1.23824,3.20986,0.177218,-0.346829,17.3456,30.3298,2.28121,-0.995825
2010-07-07,21.184,15.0551,78.8099,12845.9,0.881726,98.8544,4,1.85057,-0.0871236,0.389699,3.31145,0.177218,-0.351465,15.9873,31.7429,2.34162,-1.21737
2010-07-08,21.12,15.1755,78.8099,12845.9,0.703177,98.7002,4,1.49812,-0.0917653,-0.35871,3.35495,0.17759,-0.361121,14.3152,33.4268,2.41431,-1.45607
2010-07-09,21.096,9.24368,78.8099,12845.9,0.00119445,98.0835,4,0.0964821,-0.0940932,-0.843567,1.03653,0.177964,-0.36615,12.8685,34.3991,2.59315,-1.77724
2010-07-12,21.058,8.28206,78.8099,12845.9,-0.187532,96.9498,4,-0.280971,-0.0940932,-1.2237,0.661757,0.177964,-0.36615,11.1876,35.5864,2.55039,-2.37459
2010-07-13,20.923,7.74792,78.8099,12845.9,-0.350041,95.1574,4,-0.607565,-0.0925179,-1.66745,0.452316,0.181114,-0.36615,8.95747,36.7736,2.49947,-3.07318
2010-07-14,20.894,5.84253,78.8099,12845.9,-0.472597,92.4238,4,-0.791343,-0.153852,-1.28539,-0.297295,0.251625,-0.559328,6.5122,37.442,2.46951,-3.99992
2010-07-15,20.985,5.8364,78.355,12912.4,-0.331387,88.8241,4,-0.417965,-0.24481,-0.534171,-0.301758,-0.0869503,-0.40267,4.0341,37.5374,2.17128,-4.91869
2010-07-16,21.103,5.60627,78.355,12912.4,-0.183939,86.737,4,-0.123068,-0.24481,0.14809,-0.394225,-0.0869503,-0.40267,3.94779,35.8157,2.06921,-5.09569
2010-07-19,21.247,5.9829,78.355,12912.4,0.0686014,84.2045,4,0.38654,-0.249337,1.0172,-0.244119,-0.0869503,-0.411724,3.48137,34.052,1.95843,-5.2873
2010-07-20,21.258,5.98131,78.355,12912.4,0.239373,82.3316,4,0.73282,-0.254073,1.7106,-0.244962,-0.0869503,-0.421196,4.21439,31.7273,1.81489,-5.42497
2010-07-21,21.13,6.4491,78.355,12912.4,0.188111,81.0117,4,0.584425,-0.208204,1.22709,-0.0582379,-0.0869503,-0.329457,5.57053,29.2457,1.65134,-5.45591
2010-07-22,20.982,6.91672,78.355,12912.4,-0.0337389,78.7518,4,0.0970992,-0.164577,0.0746821,0.119516,-0.0869503,-0.242204,5.59173,27.1422,1.49352,-5.47562
2010-07-23,21.028,6.758,78.355,12912.4,-0.141769,75.8541,4,-0.111961,-0.171577,-0.269915,0.0459921,-0.0869503,-0.256203,5.18519,24.8677,1.3313,-5.53006
2010-07-26,21.051,6.67228,78.355,12912.4,-0.295685,72.3316,4,-0.415955,-0.175414,-0.836464,0.00455411,-0.0869503,-0.263878,4.27439,22.4855,1.16131,-5.58964
2010-07-27,21.083,6.55878,78.355,12912.4,-0.280531,68.4566,4,-0.385596,-0.175465,-0.730104,-0.041088,-0.0869503,-0.26398,3.19113,19.9182,0.980175,-5.63285
2010-07-28,20.977,6.68733,78.355,12912.4,-0.24256,64.3165,4,-0.309656,-0.175465,-0.623869,0.00455732,-0.0869503,-0.26398,1.95505,17.231,0.785421,-5.65494
2010-07-29,20.904,6.53309,78.355,12912.4,-0.167423,60.1271,4,-0.159381,-0.175465,-0.260977,-0.0577857,-0.0869503,-0.26398,0.811808,14.3852,0.581746,-5.65172
2010-07-30,20.86,6.33843,78.355,12912.4,-0.294406,54.7665,4,-0.413347,-0.175465,-0.689588,-0.137107,-0.0869503,-0.26398,-1.38465,11.411,0.372303,-5.63208
2010-08-02,20.812,6.25385,78.355,12912.4,-0.385761,49.2894,4,-0.596058,-0.175465,-1.02009,-0.172021,-0.0869503,-0.26398,-3.74023,8.44972,0.156865,-5.57697
2010-08-03,20.813,6.26212,78.355,12912.4,-0.419365,44.3991,4,-0.663264,-0.175465,-1.15788,-0.168651,-0.0869503,-0.26398,-5.6964,5.647,-0.0606476,-5.49082
2010-08-04,20.694,6.31641,78.355,12912.4,-0.428222,40.1639,4,-0.680979,-0.175465,-1.21543,-0.146529,-0.0869503,-0.26398,-6.96603,2.78685,-0.275715,-5.38117
2010-08-05,20.762,6.46559,78.355,12912.4,-0.246022,37.1628,4,-0.316578,-0.175465,-0.547414,-0.0857429,-0.0869503,-0.26398,-7.06709,-0.0196738,-0.487858,-5.26255
2010-08-06,20.784,6.49978,78.355,12912.4,-0.164448,36.6464,4,-0.153431,-0.175465,-0.23505,-0.0718122,-0.0869503,-0.26398,-6.56452,-0.915691,-0.701297,-5.17205
2010-08-09,20.901,6.86268,78.355,12912.4,0.0657763,37.4371,4,0.307017,-0.175465,0.541045,0.0729899,-0.0869503,-0.26398,-5.1495,-1.39485,-0.917553,-5.10104
2010-08-10,20.826,6.59942,78.355,12912.4,-0.0503144,38.3794,4,0.074836,-0.175465,0.183952,-0.0342798,-0.0869503,-0.26398,-3.65849,-1.79363,-1.13762,-5.03086
2010-08-11,20.851,6.60327,78.355,12912.4,0.119037,40.2593,4,0.413539,-0.175465,0.859791,-0.0327122,-0.0869503,-0.26398,-1.92429,-1.58563,-1.41884,-4.81194
2010-08-12,20.932,6.56336,78.355,12912.4,0.128091,41.7352,4,0.431647,-0.175465,0.912266,-0.0489723,-0.0869503,-0.26398,-0.746283,-1.38333,-1.42291,-4.71225
2010-08-13,20.976,6.26842,78.355,12912.4,0.166899,42.8702,4,0.418085,-0.0842878,1.00532,-0.169149,0.666939,-0.835515,-0.0449537,-1.20141,-0.80756,-5.07589
2010-08-16,20.913,5.739,78.9433,13007.3,0.0774473,42.8989,4,-0.111637,0.266532,0.161596,-0.384871,1.10483,-0.571764,-0.746377,-1.31685,0.16942,-5.20731
2010-08-17,20.825,5.84083,78.9433,13007.3,0.0674102,42.3417,4,-0.127039,0.26186,0.089297,-0.343376,1.10483,-0.581108,-2.0737,-1.3963,1.14543,-5.33372
2010-08-18,20.833,5.54768,78.9433,13007.3,0.0151533,41.7829,4,-0.227866,0.258172,0.00709228,-0.462824,1.10483,-0.588483,-3.07005,-1.72605,2.11958,-5.54062
2010-08-19,20.943,5.40446,78.9433,13007.3,0.0342717,42.0024,4,-0.192581,0.261125,0.13602,-0.521182,1.10483,-0.582578,-3.02101,-2.25119,3.09599,-5.82137
2010-08-20,20.96,5.34909,78.9433,13007.3,-0.00272959,42.4521,4,-0.265972,0.260513,0.011797,-0.543742,1.0977,-0.576673,-2.79248,-2.736,4.0688,-6.08826
2010-08-23,20.91,5.38339,78.9433,13007.3,0.0112903,43.4482,4,-0.229116,0.251696,0.0715351,-0.529767,1.09057,-0.587179,-2.0517,-3.17848,5.04099,-6.36262
2010-08-24,20.86,5.38375,78.9433,13007.3,0.0515581,44.5305,4,-0.141176,0.244292,0.247269,-0.529621,1.09057,-0.601987,-1.25153,-3.58424,6.01538,-6.64911
2010-08-26,20.868,5.11903,78.9433,13007.3,0.0479661,45.4807,4,-0.195138,0.29107,0.247207,-0.637484,1.09057,-0.508431,-0.53641,-4.11585,6.98981,-6.85681
2010-08-27,20.906,5.02111,78.9433,13007.3,-0.0249249,45.9478,4,-0.380462,0.330612,-0.0851169,-0.675807,1.07126,-0.41004,-0.391946,-4.62607,7.94569,-6.97988
2010-08-30,20.86,5.02656,78.9433,13007.3,-0.100454,46.5844,4,-0.522056,0.321149,-0.370728,-0.673384,1.05263,-0.410332,-0.129668,-5.06983,8.88773,-7.10384
2010-08-31,20.807,5.04187,78.9433,13007.3,-0.102319,47.5162,4,-0.525786,0.321149,-0.384409,-0.667164,1.05263,-0.410332,0.393835,-5.48058,9.83147,-7.22849
2010-09-01,20.758,5.10993,78.9433,13007.3,-0.0925552,48.5923,4,-0.505154,0.320044,-0.370804,-0.639504,1.05042,-0.410332,1.04256,-5.87097,10.773,-7.35226
2010-09-02,20.783,4.67622,78.9433,13007.3,-0.113776,49.6287,4,-0.546495,0.318944,-0.279353,-0.813637,1.04822,-0.410332,1.81424,-6.42191,11.7106,-7.4743
2010-09-03,20.76,4.5524,78.9433,13007.3,-0.197465,49.7887,4,-0.713873,0.318944,-0.56618,-0.861566,1.04822,-0.410332,1.79879,-7.06138,12.6463,-7.59499
2010-09-06,20.711,4.60806,78.9433,13007.3,-0.198346,49.677,4,-0.710609,0.313916,-0.584231,-0.836987,1.03816,-0.410332,1.511,-7.69197,13.5735,-7.71556
2010-09-07,20.792,4.35618,78.9433,13007.3,-0.0665805,49.2407,4,-0.442146,0.308985,0.0542714,-0.938563,1.0283,-0.410332,1.10976,-8.52523,14.4919,-7.83579
2010-09-08,20.784,4.17568,78.9433,13007.3,-0.0363537,49.2867,4,-0.381692,0.308985,0.24797,-1.01135,1.0283,-0.410332,1.16253,-9.33053,15.4112,-7.95646
2010-09-09,20.76,4.16204,78.9433,13007.3,-0.0966392,48.5759,4,-0.502263,0.308985,0.0123262,-1.01685,1.0283,-0.410332,0.464031,-10.14,16.3277,-8.07579
2010-09-10,20.713,3.92472,78.9433,13007.3,-0.427668,46.7471,4,-0.60796,-0.247376,-0.103363,-1.11256,0.46862,-0.963372,-0.372512,-11.0065,16.7704,-8.64432
2010-09-13,20.66,3.85938,78.9433,13007.3,-0.439224,44.7604,4,-0.631072,-0.247376,-0.123237,-1.13891,0.46862,-0.963372,-1.29929,-11.7839,16.5776,-8.73404
2010-09-14,20.61,3.81955,79.2555,13292.7,-0.340112,43.3991,4,-0.950829,0.270605,-0.74669,-1.15497,0.637584,-0.096375,-2.04223,-12.3955,16.166,-8.32913
2010-09-15,20.61,3.59568,79.2555,13292.7,-0.365273,41.9967,4,-0.97607,0.245524,-0.706891,-1.24525,0.587423,-0.096375,-2.68954,-13.1068,15.7072,-7.91415
2010-09-16,20.519,3.83291,79.2555,13292.7,-0.421652,40.5912,4,-1.08883,0.245524,-1.02808,-1.14958,0.587423,-0.096375,-3.52764,-13.6331,15.2435,-7.49158
2010-09-17,20.539,3.18624,79.2555,13292.7,-0.405283,39.189,4,-1.05609,0.245524,-0.701816,-1.41036,0.587423,-0.096375,-4.19876,-14.3149,14.7756,-7.07283
2010-09-20,20.56,3.20272,79.2555,13292.7,-0.313714,38.2053,4,-0.872952,0.245524,-0.34522,-1.40068,0.587423,-0.096375,-4.47844,-14.976,14.3253,-6.66565
2010-09-21,20.515,3.19183,79.2555,13292.7,-0.306672,37.2072,4,-0.858868,0.245524,-0.318756,-1.39898,0.587423,-0.096375,-4.78238,-15.6393,13.8791,-6.25019
2010-09-22,20.421,3.41128,79.2555,13292.7,-0.396658,35.815,4,-1.03884,0.245524,-0.774511,-1.30317,0.587423,-0.096375,-5.58633,-16.1977,13.4154,-5.81633
2010-09-23,20.339,3.5203,79.2555,13292.7,-0.372694,34.5252,4,-0.990216,0.244827,-0.730553,-1.24988,0.587423,-0.0977694,-6.34726,-16.6195,12.9535,-5.46149
2010-09-24,20.255,3.45844,79.2555,13292.7,-0.501434,33.0857,4,-1.25367,0.250806,-1.2399,-1.26744,0.587423,-0.0858106,-7.23557,-17.0031,12.4978,-5.17338
2010-09-27,20.309,3.76056,79.2555,13292.7,-0.42595,32.1165,4,-1.1094,0.257503,-1.07414,-1.14466,0.587423,-0.0724165,-7.76671,-17.3113,12.0787,-4.88425
2010-09-28,20.309,3.76081,79.2555,13292.7,-0.370513,31.3268,4,-0.997924,0.256898,-0.852902,-1.14295,0.587423,-0.0736269,-8.11169,-17.6296,11.6688,-4.60071
2010-09-29,20.31,3.76055,79.2555,13292.7,-0.253099,30.8582,4,-0.76247,0.256272,-0.38353,-1.14141,0.587423,-0.0748784,-8.10465,-17.9894,11.2779,-4.32563
2010-09-30,20.306,3.67918,79.2555,13292.7,-0.165706,30.7073,4,-0.587684,0.256272,-0.00224431,-1.17312,0.587423,-0.0748784,-7.87996,-18.2611,10.9058,-4.05743
2010-10-01,20.305,3.70034,79.2555,13292.7,-0.0592585,31.1097,4,-0.374789,0.256272,0.411921,-1.1615,0.587423,-0.0748784,-7.11978,-18.5322,10.5609,-3.7992
2010-10-04,20.31,3.69888,79.2555,13292.7,-0.119748,31.3395,4,-0.495557,0.256062,0.167357,-1.15847,0.587423,-0.0752999,-6.53122,-18.8061,10.2144,-3.53749
2010-10-05,20.31,3.24772,79.2555,13292.7,-0.172968,31.0286,4,-0.586764,0.240827,0.16452,-1.33805,0.55738,-0.0757262,-6.43484,-19.0963,9.82733,-3.26765
2010-10-06,20.26,3.26467,79.2555,13292.7,-0.24148,30.4329,4,-0.708765,0.225805,-0.0881855,-1.32934,0.527336,-0.0757262,-6.68258,-19.2949,9.40481,-2.9945
2010-10-08,20.21,3.29147,79.2555,13292.7,-0.294879,29.862,4,-0.815372,0.225614,-0.315458,-1.31529,0.527336,-0.076108,-6.92239,-19.4771,8.98464,-2.72314
2010-10-12,20.158,3.30482,79.2555,13292.7,-0.356428,30.0666,4,-0.938082,0.225226,-0.571441,-1.30472,0.527336,-0.0768834,-7.29819,-19.6479,9.03984,-2.02715
2010-10-13,20.017,3.8534,79.2555,13292.7,-0.485775,29.9328,4,-1.19658,0.225029,-1.31463,-1.07853,0.527336,-0.077277,-8.23187,-19.5876,9.08024,-1.32791
2010-10-14,20.243,5.93941,79.2555,13292.7,0.0136657,30.956,4,-0.197698,0.225029,-0.160035,-0.235361,0.527336,-0.077277,-7.80729,-18.9543,9.0368,-1.3192
2010-10-15,20.427,6.91007,78.8508,13417.2,0.464192,33.4124,4,0.593025,0.335358,1.02858,0.157466,0.562542,0.108174,-6.50018,-18.0284,9.11023,-1.16926
2010-10-18,20.358,6.84006,78.8508,13417.2,0.434342,36.024,4,0.531895,0.33679,0.934366,0.129425,0.562542,0.111037,-4.97594,-17.1608,9.17325,-1.01256
2010-10-19,20.263,6.98284,78.8508,13417.2,0.393902,38.5229,4,0.451015,0.33679,0.714217,0.187812,0.562542,0.111037,-3.86043,-15.9835,9.21792,-0.851174
2010-10-20,20.233,6.95858,78.8508,13417.2,0.533744,41.2256,4,0.730699,0.33679,1.28334,0.178058,0.562542,0.111037,-2.55213,-14.7881,9.2525,-0.686693
2010-10-21,20.208,6.94153,78.8508,13417.2,0.211813,42.9008,4,0.0868369,0.33679,0.0024468,0.171227,0.562542,0.111037,-2.29608,-13.543,9.25847,-0.518613
2010-10-22,20.236,6.82643,78.8508,13417.2,0.00335452,44.2022,4,-0.33008,0.33679,-0.78454,0.124379,0.562542,0.111037,-2.30841,-12.3948,9.25455,-0.3492
2010-10-25,20.208,6.70668,78.8508,13417.2,0.0438204,45.5639,4,-0.249149,0.33679,-0.573849,0.0755522,0.562542,0.111037,-2.18293,-11.3229,9.24773,-0.177977
2010-10-26,20.158,6.60651,78.8508,13417.2,0.0906877,47.5084,4,-0.155414,0.33679,-0.345514,0.0346858,0.562542,0.111037,-1.44937,-10.2665,9.24035,-0.0160986
2010-10-27,20.108,6.559,78.8508,13417.2,0.0613643,49.1134,4,-0.214061,0.33679,-0.443443,0.0153205,0.562542,0.111037,-0.930431,-9.31637,9.2251,0.135077
2010-10-28,20.058,6.59341,78.8508,13417.2,0.0351468,50.4506,4,-0.266496,0.33679,-0.562479,0.0294874,0.562542,0.111037,-0.691134,-8.35067,9.20515,0.287277
2010-10-29,20.009,6.61917,78.8508,13417.2,-0.0619973,51.0805,4,-0.460784,0.33679,-0.96166,0.0400921,0.562542,0.111037,-1.16749,-7.37618,9.18372,0.440456
2010-11-01,19.991,6.61613,78.8508,13417.2,-0.0472025,51.471,4,-0.431195,0.33679,-0.901494,0.0391049,0.562542,0.111037,-1.90834,-6.37655,9.16226,0.593601
2010-11-03,20.008,6.637,78.8508,13417.2,0.0352411,51.7823,4,-0.250456,0.320938,-0.549028,0.048117,0.530839,0.111037,-2.69986,-5.37927,9.11467,0.746714
2010-11-05,19.91,6.78641,78.8508,13417.2,-0.0264157,52.0896,4,-0.343832,0.291001,-0.798276,0.110611,0.470965,0.111037,-3.49501,-4.33314,9.01759,0.900124
2010-11-08,19.937,6.82966,78.8508,13417.2,0.0710273,52.8924,4,-0.134861,0.276916,-0.398663,0.128942,0.442794,0.111037,-3.9573,-3.12332,8.91945,1.05354
2010-11-09,19.852,6.91328,78.8508,13417.2,0.0295188,53.7826,4,-0.217878,0.276916,-0.600178,0.164423,0.442794,0.111037,-4.37616,-1.8921,8.84431,1.20657
2010-11-10,19.883,6.94885,78.8508,13417.2,0.100361,55.0775,4,-0.0761929,0.276916,-0.332075,0.179689,0.442794,0.111037,-4.38453,-0.661025,8.76413,1.35894
2010-11-11,19.801,7.02272,78.8508,13417.2,-0.0249072,56.1595,4,-0.32673,0.276916,-0.864587,0.211127,0.442794,0.111037,-4.61953,0.584164,8.68346,1.51145
2010-11-12,19.81,6.64921,78.8508,13417.2,0.0813858,57.9996,4,-0.114144,0.276916,-0.282145,0.0538573,0.442794,0.111037,-3.76152,1.50953,8.59018,1.66142
2010-11-15,19.856,5.14326,78.3213,13604.4,0.0169615,58.0102,4,-0.377261,0.411184,-0.176672,-0.57785,0.0711884,0.751179,-3.77507,1.22914,8.21663,2.33955
2010-11-16,19.889,3.70219,78.3213,13604.4,0.0248133,56.5861,4,-0.354033,0.403659,0.473704,-1.18177,0.0711884,0.73613,-4.23868,0.133145,7.83175,2.85993
2010-11-17,20.003,4.38091,78.3213,13604.4,0.208408,55.8504,4,0.0206812,0.396134,0.92955,-0.888188,0.0711884,0.72108,-4.24675,-0.702397,7.43585,3.36368
2010-11-18,20.088,4.49764,78.3213,13604.4,0.264384,55.4277,4,0.508217,0.0205507,1.84813,-0.831697,-0.341697,0.382798,-3.31725,-1.5404,6.69666,3.58866
2010-11-19,20.158,4.68509,78.3213,13604.4,0.368225,54.8866,4,0.715899,0.0205507,2.17991,-0.748108,-0.341697,0.382798,-2.58213,-2.30272,5.95723,3.8142
2010-11-22,20.136,4.68107,78.3213,13604.4,0.275297,55.0942,4,0.530043,0.0205507,1.80566,-0.745572,-0.341697,0.382798,-1.09946,-3.05576,5.21271,4.03673
2010-11-23,20.058,4.81901,78.3213,13604.4,0.140498,55.5423,4,0.260445,0.0205507,1.19769,-0.676796,-0.341697,0.382798,0.529524,-3.7124,4.46724,4.25795
2010-11-24,20.081,4.83703,78.3213,13604.4,0.0190429,55.4614,4,0.017535,0.0205507,0.696385,-0.661315,-0.341697,0.382798,1.57319,-4.31815,3.72474,4.48163
2010-11-25,20.005,4.93645,78.3213,13604.4,-0.190596,54.5414,4,-0.401743,0.0205507,-0.184417,-0.619069,-0.341697,0.382798,1.7072,-4.85999,2.98473,4.70948
2010-11-26,20.002,4.87372,78.3213,13604.4,-0.29452,53.374,4,-0.609592,0.0205507,-0.583312,-0.635871,-0.341697,0.382798,1.59372,-5.40078,2.24327,4.93778
2010-11-29,20.01,4.80619,78.3213,13604.4,-0.258315,52.4091,4,-0.53718,0.0205507,-0.418745,-0.655616,-0.341697,0.382798,1.71305,-5.96824,1.49979,5.16452
2010-11-30,19.96,4.80982,78.3213,13604.4,-0.218758,51.8931,4,-0.458067,0.0205507,-0.26491,-0.651223,-0.341697,0.382798,2.28748,-6.53918,0.755164,5.38962
2010-12-01,19.934,4.82059,78.3213,13604.4,-0.284718,51.1106,4,-0.589987,0.0205507,-0.538045,-0.641928,-0.341697,0.382798,2.58755,-7.10201,0.0101958,5.61489
2010-12-02,19.959,4.83372,78.3213,13604.4,-0.141977,50.5265,4,-0.302508,0.0185534,0.0256619,-0.630678,-0.345692,0.382798,3.06144,-7.66215,-0.712197,5.83943
2010-12-03,19.96,4.49062,78.3213,13604.4,-0.172891,50.0436,4,-0.36229,0.0165088,0.0480165,-0.772597,-0.349781,0.382798,3.75902,-8.39029,-1.38866,6.06358
2010-12-06,19.96,4.4671,78.3213,13604.4,-0.185571,49.1978,4,-0.387651,0.0165088,0.00333748,-0.778639,-0.349781,0.382798,4.09006,-9.13768,-2.04174,6.28713
2010-12-07,19.962,4.16432,78.3213,13604.4,-0.146315,48.6183,4,-0.306263,0.013633,0.29407,-0.906597,-0.355532,0.382798,4.82639,-10.019,-2.6993,6.51023
2010-12-08,19.967,4.13661,78.3213,13604.4,-0.10678,47.9361,4,-0.223993,0.0104332,0.467689,-0.915675,-0.361932,0.382798,5.48405,-10.9189,-3.36157,6.73251
2010-12-09,19.917,3.94611,78.3213,13604.4,-0.224089,47.2806,4,-0.473321,0.0251431,0.04751,-0.994152,-0.332512,0.382798,6.23339,-11.9079,-3.99896,6.9541
2010-12-10,19.962,4.00733,78.3213,13604.4,-0.138909,46.5566,4,-0.334712,0.056893,0.295599,-0.965023,-0.269012,0.382798,6.70604,-12.741,-4.58301,7.17454
2010-12-13,19.965,3.94169,78.3213,13604.4,-0.131754,46.0684,4,-0.337213,0.0737045,0.315011,-0.989437,-0.235389,0.382798,7.10807,-13.0749,-4.83353,6.86871
2010-12-14,19.962,3.90946,78.3213,13604.4,-0.140953,45.525,4,-0.355611,0.0737045,0.28814,-0.999362,-0.235389,0.382798,6.95204,-12.9185,-5.08335,6.57481
2010-12-16,19.965,3.31954,77.7098,13613.4,-0.32142,43.7941,4,-0.483972,-0.158867,0.277159,-1.2451,-0.69055,0.372815,6.40295,-13.1863,-5.69868,6.2761
2010-12-17,19.997,2.97691,77.7098,13613.4,-0.5481,41.1638,4,-0.31976,-0.776439,0.745492,-1.38501,-0.922945,-0.629934,5.47468,-13.5829,-6.14975,5.42185
2010-12-20,19.962,2.67725,77.7098,13613.4,-0.693721,37.7867,4,-0.611003,-0.776439,0.289093,-1.5111,-0.922945,-0.629934,3.89889,-14.097,-6.57377,4.55865
2010-12-21,19.96,2.67074,77.7098,13613.4,-0.700597,34.7628,4,-0.624755,-0.776439,0.261786,-1.5113,-0.922945,-0.629934,2.62222,-14.582,-6.98006,3.70269
2010-12-22,19.986,2.40522,77.7098,13613.4,-0.685,32.2777,4,-0.59356,-0.776439,0.4337,-1.62082,-0.922945,-0.629934,1.98942,-15.1963,-7.37709,2.86172
2010-12-23,20.008,2.40192,77.7098,13613.4,-0.656026,30.3021,4,-0.535613,-0.776439,0.550446,-1.62167,-0.922945,-0.629934,1.85686,-15.8212,-7.77119,2.03758
2010-12-24,20.01,1.98773,77.7098,13613.4,-0.742536,28.7282,4,-0.708632,-0.776439,0.37527,-1.79253,-0.922945,-0.629934,2.28045,-16.6157,-8.16527,1.22877
2010-12-27,20.023,1.99929,77.7098,13613.4,-0.668762,27.6836,4,-0.561084,-0.776439,0.660292,-1.78246,-0.922945,-0.629934,3.23557,-17.414,-8.57143,0.43347
2010-12-28,20.094,2.3513,77.7098,13613.4,-0.52421,26.9528,4,-0.27198,-0.776439,1.08781,-1.63177,-0.922945,-0.629934,4.3898,-18.0976,-8.986,-0.353375
2010-12-29,20.058,2.25438,77.7098,13613.4,-0.626038,25.8526,4,-0.475637,-0.776439,0.717886,-1.66916,-0.922945,-0.629934,5.11716,-18.7603,-9.37344,-1.13079
2010-12-30,20.103,2.28241,77.7098,13613.4,-0.57869,25.0732,4,-0.401176,-0.756205,0.842071,-1.64442,-0.922945,-0.589466,6.14874,-19.434,-9.7716,-1.86995
2010-12-31,20.103,2.26516,77.7098,13613.4,-0.583149,23.9272,4,-0.410093,-0.756205,0.820335,-1.64052,-0.922945,-0.589466,6.70457,-20.0493,-10.1338,-2.59431
2011-01-03,19.957,3.53837,77.7098,13613.4,-0.679902,22.6464,4,-0.6036,-0.756205,-0.0906465,-1.11655,-0.922945,-0.589466,6.53688,-20.119,-10.4697,-3.30185
2011-01-04,19.956,3.5384,77.7098,13613.4,-0.781583,21.1915,4,-0.806961,-0.756205,-0.500289,-1.11363,-0.922945,-0.589466,6.08585,-20.1335,-10.774,-3.98682
2011-01-05,19.957,3.53823,77.7098,13613.4,-0.728026,19.8257,4,-0.699846,-0.756205,-0.288763,-1.11093,-0.922945,-0.589466,5.58447,-20.0427,-11.0622,-4.65392
2011-01-07,20.003,3.63218,77.7098,13613.4,-0.708528,18.4702,4,-0.676783,-0.740273,-0.281726,-1.07184,-0.891081,-0.589466,4.96821,-19.8961,-11.3028,-5.29914
2011-01-10,20.003,3.50105,77.7098,13613.4,-0.713825,17.4107,4,-0.703307,-0.724342,-0.281726,-1.12489,-0.859218,-0.589466,4.67732,-19.7714,-11.5566,-5.93872
2011-01-11,20.008,3.41732,77.7098,13613.4,-0.506459,16.6414,4,-0.288576,-0.724342,0.58111,-1.15826,-0.859218,-0.589466,4.84075,-19.7408,-11.8784,-6.58014
2011-01-12,19.957,3.54586,77.7098,13613.4,-0.565129,15.763,4,-0.405917,-0.724342,0.293259,-1.10509,-0.859218,-0.589466,4.77572,-19.6196,-12.1958,-7.19735
2011-01-13,19.953,3.54615,77.7098,13613.4,-0.572099,14.9199,4,-0.419856,-0.724342,0.264506,-1.10422,-0.859218,-0.589466,4.7092,-19.487,-12.5027,-7.79951
2011-01-14,19.907,3.63647,77.0466,13668.8,-0.770975,14.0735,4,-0.664594,-0.877356,-0.263831,-1.06536,-1.35282,-0.401897,4.28366,-19.145,-12.8191,-8.24606
2011-01-17,19.901,3.57748,77.0466,13668.8,-0.784334,13.642,4,-0.691313,-0.877356,-0.296126,-1.0865,-1.35282,-0.401897,3.54444,-18.8255,-13.0366,-8.04033
2011-01-18,19.857,3.60697,77.0466,13668.8,-0.882459,13.3039,4,-0.822701,-0.942217,-0.57367,-1.07173,-1.05158,-0.832856,2.93912,-18.4346,-13.061,-8.13962
2011-01-19,19.857,3.60775,77.0466,13668.8,-0.802729,13.1233,4,-0.663241,-0.942217,-0.257718,-1.06876,-1.05158,-0.832856,2.57815,-18.085,-13.1139,-8.25603
2011-01-20,19.807,3.64347,77.0466,13668.8,-0.866704,12.8063,4,-0.791191,-0.942217,-0.530498,-1.05189,-1.05158,-0.832856,1.91352,-17.6143,-13.1387,-8.3542
2011-01-21,19.807,3.60209,77.0466,13668.8,-0.804605,12.551,4,-0.666993,-0.942217,-0.265453,-1.06853,-1.05158,-0.832856,1.35613,-17.1727,-13.1741,-8.45833
2011-01-24,19.843,3.69071,77.0466,13668.8,-0.733951,12.5657,4,-0.525685,-0.942217,-0.0184894,-1.03288,-1.05158,-0.832856,1.09099,-16.6645,-13.2638,-8.59705
2011-01-25,19.805,3.70457,77.0466,13668.8,-0.728186,12.4645,4,-0.514156,-0.942217,-0.00100488,-1.02731,-1.05158,-0.832856,0.644168,-16.13,-13.3296,-8.72013
2011-01-26,19.755,3.43285,77.0466,13668.8,-0.826566,11.9585,4,-0.710915,-0.942217,-0.303467,-1.11836,-1.05158,-0.832856,-0.289933,-15.6576,-13.3084,-8.78555
2011-01-27,19.702,3.4797,77.0466,13668.8,-0.823664,11.6358,4,-0.70511,-0.942217,-0.326346,-1.08387,-1.05158,-0.832856,-0.981896,-15.1857,-13.323,-8.87362
2011-01-28,19.652,3.31831,77.0466,13668.8,-0.898425,11.1268,4,-0.888756,-0.908094,-0.633551,-1.14396,-0.998381,-0.817806,-1.94487,-14.7244,-13.2571,-8.94693
2011-01-31,19.671,3.3793,77.0466,13668.8,-0.900574,10.6374,4,-0.927178,-0.87397,-0.736214,-1.11814,-0.945182,-0.802757,-2.94373,-14.255,-13.1559,-9.00804
2011-02-01,19.655,2.45932,77.0466,13668.8,-0.959136,10.2199,4,-1.0443,-0.87397,-0.603244,-1.48536,-0.945182,-0.802757,-3.25279,-14.383,-13.0681,-9.07618
2011-02-02,19.652,2.45565,77.0466,13668.8,-0.879095,10.077,4,-0.884221,-0.87397,-0.316497,-1.45194,-0.945182,-0.802757,-3.1252,-14.5621,-13.0466,-9.18906
2011-02-03,19.652,2.4535,77.0466,13668.8,-0.789945,9.98697,4,-0.705921,-0.87397,0.00430013,-1.41614,-0.945182,-0.802757,-2.93082,-14.7335,-13.0382,-9.31052
2011-02-04,19.645,2.17797,77.0466,13668.8,-0.751423,9.92496,4,-0.628876,-0.87397,0.266168,-1.52392,-0.945182,-0.802757,-2.5745,-15.0067,-13.0573,-9.43658
2011-02-07,19.652,2.20111,77.0466,13668.8,-0.767475,9.84781,4,-0.66098,-0.87397,0.190538,-1.5125,-0.945182,-0.802757,-2.26698,-15.2331,-13.0927,-9.55938
2011-02-08,19.629,2.16135,77.0466,13668.8,-0.780491,9.46054,4,-0.687012,-0.87397,0.146008,-1.52003,-0.945182,-0.802757,-2.52692,-15.3455,-13.0458,-9.62117
2011-02-09,19.586,2.1297,77.0466,13668.8,-0.842947,9.07951,4,-0.811924,-0.87397,-0.105688,-1.51816,-0.945182,-0.802757,-2.7593,-15.485,-12.9965,-9.67968
2011-02-10,19.552,2.12896,77.0466,13668.8,-0.892028,8.65496,4,-0.910086,-0.87397,-0.321122,-1.49905,-0.945182,-0.802757,-3.101,-15.5896,-12.9304,-9.72404
2011-02-11,19.552,2.10049,77.0466,13668.8,-0.880897,8.51257,4,-0.887825,-0.87397,-0.276947,-1.4987,-0.945182,-0.802757,-3.09926,-15.8105,-12.6343,-9.94342
2011-02-14,19.504,2.15774,75.8037,13582.2,-1.32825,7.83375,4,-1.05022,-1.60628,-0.625902,-1.47454,-1.47613,-1.73643,-3.25284,-15.7979,-12.5093,-10.6062
2011-02-15,19.47,2.12923,75.8037,13582.2,-1.34569,7.28869,4,-1.0851,-1.60628,-0.688826,-1.48137,-1.47613,-1.73643,-3.27803,-15.8295,-12.5951,-11.0087
2011-02-16,19.518,2.43727,75.8037,13582.2,-1.16643,6.88146,4,-0.72659,-1.60628,-0.114726,-1.33846,-1.47613,-1.73643,-3.1565,-15.8187,-12.7125,-11.4308
2011-02-17,19.582,2.76033,75.8037,13582.2,-0.974219,6.7645,4,-0.342159,-1.60628,0.501129,-1.18545,-1.47613,-1.73643,-2.52929,-15.8471,-12.9251,-11.934
2011-02-18,19.647,3.08306,75.8037,13582.2,-0.838937,6.72748,4,-0.0715953,-1.60628,0.901624,-1.04481,-1.47613,-1.73643,-1.82943,-15.8165,-13.1653,-12.4614
2011-02-21,19.652,2.982,75.8037,13582.2,-0.762696,6.69661,4,0.077323,-1.60271,1.22905,-1.07441,-1.469,-1.73643,-1.08319,-15.8274,-13.4029,-12.9898
2011-02-22,19.6,3.0395,75.8037,13582.2,-0.780204,6.64101,4,0.0387422,-1.59915,1.11899,-1.04151,-1.46188,-1.73643,-0.414013,-15.8109,-13.6263,-13.5078
2011-02-23,19.563,2.99165,75.8037,13582.2,-0.90854,6.55412,4,-0.231243,-1.58584,0.591283,-1.05377,-1.46188,-1.7098,0.118914,-15.7331,-13.8362,-13.9954
2011-02-24,19.572,2.89184,75.8037,13582.2,-0.995844,6.37449,4,-0.419166,-1.57252,0.249926,-1.08826,-1.46188,-1.68317,0.459068,-15.6533,-14.0064,-14.4249
2011-02-25,19.529,2.85958,75.8037,13582.2,-1.16663,6.10234,4,-0.760747,-1.57252,-0.42749,-1.094,-1.46188,-1.68317,0.576167,-15.4958,-14.1636,-14.8144
2011-02-28,19.5,2.84642,75.8037,13582.2,-1.21986,5.7903,4,-0.86779,-1.57193,-0.640866,-1.09472,-1.46188,-1.68199,0.625903,-15.3306,-14.325,-15.18
2011-03-01,19.449,2.94844,75.8037,13582.2,-1.2028,5.56071,4,-0.834255,-1.57135,-0.618952,-1.04956,-1.46188,-1.68082,0.612145,-14.9642,-14.5152,-15.5721
2011-03-02,19.45,2.95276,75.8037,13582.2,-1.13534,5.32708,4,-0.699336,-1.57135,-0.357995,-1.04068,-1.46188,-1.68082,0.58356,-14.6103,-14.6955,-15.9507
2011-03-03,19.401,3.029,75.8037,13582.2,-1.21841,4.95389,4,-0.865481,-1.57135,-0.728195,-1.00277,-1.46188,-1.68082,0.162508,-14.1828,-14.7917,-16.2341
2011-03-04,19.397,3.03135,75.8037,13582.2,-1.15499,4.62175,4,-0.738631,-1.57135,-0.478736,-0.998527,-1.46188,-1.68082,-0.254543,-13.7115,-14.8933,-16.5188
2011-03-09,19.366,3.02599,75.8037,13582.2,-1.15923,4.31668,4,-0.747124,-1.57135,-0.495108,-0.99914,-1.46188,-1.68082,-0.628717,-13.2607,-14.9948,-16.7992
2011-03-10,19.302,3.1594,75.8037,13582.2,-1.16578,4.03272,4,-0.760207,-1.57135,-0.575493,-0.944922,-1.46188,-1.68082,-1.01331,-12.7873,-15.0939,-17.0728
2011-03-11,19.278,3.12325,75.8037,13582.2,-1.20809,3.77778,4,-0.844841,-1.57135,-0.730488,-0.959194,-1.46188,-1.68082,-1.33736,-12.3395,-15.1975,-17.3478
2011-03-14,19.252,3.11069,75.8037,13582.2,-1.16927,3.59314,4,-0.767185,-1.57135,-0.571325,-0.963045,-1.46188,-1.68082,-1.45888,-11.9456,-15.3392,-17.6631
2011-03-15,19.306,3.35252,75.8037,13582.2,-1.04558,3.48701,4,-0.519816,-1.57135,-0.178678,-0.860954,-1.46188,-1.68082,-1.39918,-11.5452,-15.5327,-18.0359
2011-03-16,19.278,3.29845,75.8037,13582.2,-1.04423,3.67169,4,-0.517119,-1.57135,-0.156883,-0.877356,-1.46188,-1.68082,-1.16113,-11.3308,-15.6662,-18.1701
2011-03-17,19.352,3.61643,76.3768,14112.3,-0.235046,4.47213,4,0.00358863,-0.473681,0.756767,-0.74959,-1.03534,0.0879795,-0.402152,-11.3316,-15.9834,-17.8107
2011-03-18,19.426,3.78199,76.3768,14112.3,0.0509776,5.505,4,0.363299,-0.261343,1.40422,-0.677624,-0.580181,0.0574939,0.456112,-11.3916,-16.0889,-17.4706
2011-03-21,19.441,3.5725,76.3768,14112.3,0.0998558,6.56511,4,0.461055,-0.261343,1.67563,-0.753523,-0.580181,0.0574939,1.16985,-11.5174,-16.0966,-16.9907
2011-03-22,19.455,3.32892,76.3768,14112.3,0.0157684,7.51664,4,0.281131,-0.249594,1.40938,-0.847123,-0.556768,0.0575799,1.51024,-11.6976,-15.9561,-16.3399
2011-03-23,19.371,3.58057,76.3768,14112.3,-0.0452036,8.39371,4,0.147437,-0.237844,1.03935,-0.744472,-0.533355,0.0576661,1.42441,-11.743,-15.7153,-15.5723
2011-03-24,19.276,3.82466,76.3768,14112.3,-0.300364,9.02179,4,-0.362884,-0.237844,-0.0776361,-0.648132,-0.533355,0.0576661,0.688116,-11.6595,-15.3495,-14.6573
2011-03-25,19.303,3.88198,76.3768,14112.3,-0.372684,9.76371,4,-0.507524,-0.237844,-0.388264,-0.626783,-0.533355,0.0576661,0.0700667,-11.5658,-14.9909,-13.7496
2011-03-28,19.305,3.87028,76.3768,14112.3,-0.394127,10.6491,4,-0.550411,-0.237844,-0.475154,-0.625667,-0.533355,0.0576661,-0.40204,-11.461,-14.6403,-12.8476
2011-03-29,19.275,3.84355,76.3768,14112.3,-0.468386,11.7474,4,-0.698927,-0.237844,-0.767956,-0.629898,-0.533355,0.0576661,-0.636339,-11.3735,-14.3053,-11.9375
2011-03-30,19.205,3.97884,76.3768,14112.3,-0.431879,13.0805,4,-0.625915,-0.237844,-0.679314,-0.572515,-0.533355,0.0576661,-0.67591,-11.2591,-13.9767,-11.0078
2011-03-31,19.198,3.91934,76.3768,14112.3,-0.290252,14.7507,4,-0.34266,-0.237844,-0.0902726,-0.595047,-0.533355,0.0576661,-0.324158,-11.2078,-13.6597,-10.0577
2011-04-01,19.155,3.94939,76.3768,14112.3,-0.403992,16.1883,4,-0.570141,-0.237844,-0.55974,-0.580541,-0.533355,0.0576661,-0.472797,-11.0834,-13.2478,-9.00773
2011-04-04,19.105,3.95491,76.3768,14112.3,-0.488832,17.7104,4,-0.73982,-0.237844,-0.907938,-0.571703,-0.533355,0.0576661,-0.610315,-10.9629,-12.8062,-7.91028
2011-04-05,19.055,4.00194,76.3768,14112.3,-0.512777,19.1225,4,-0.78771,-0.237844,-1.03711,-0.53831,-0.533355,0.0576661,-1.0269,-10.7843,-12.312,-6.75423
2011-04-06,19.044,3.99433,76.3768,14112.3,-0.409276,20.8563,4,-0.580708,-0.237844,-0.631388,-0.530028,-0.533355,0.0576661,-1.14439,-10.6081,-11.8193,-5.5719
2011-04-07,18.998,3.9332,76.3768,14112.3,-0.47903,22.5225,4,-0.720215,-0.237844,-0.88979,-0.550641,-0.533355,0.0576661,-1.39652,-10.4572,-11.2831,-4.34072
2011-04-08,19.04,4.06933,76.3768,14112.3,-0.319948,24.7849,4,-0.402052,-0.237844,-0.316359,-0.487746,-0.533355,0.0576661,-1.10294,-10.2694,-10.7596,-3.08315
2011-04-11,19.099,4.26482,76.3768,14112.3,-0.112239,27.6281,4,0.013367,-0.237844,0.426936,-0.400202,-0.533355,0.0576661,-0.345663,-10.0135,-10.2278,-1.78496
2011-04-12,19.055,4.14007,76.3768,14112.3,-0.112053,30.2654,4,0.0137375,-0.237844,0.473036,-0.445561,-0.533355,0.0576661,0.163715,-9.82392,-9.63632,-0.438066
2011-04-13,19.007,4.18462,76.3768,14112.3,-0.169766,32.8333,4,-0.101688,-0.237844,0.216212,-0.419589,-0.533355,0.0576661,0.463225,-9.56958,-9.00429,0.943982
2011-04-14,18.932,3.97163,76.1674,14150.3,-0.248952,32.7918,4,-0.244441,-0.253463,0.013456,-0.502339,-0.68918,0.182254,-0.12978,-9.37076,-8.72666,1.01903
2011-04-15,19.003,3.95966,76.1674,14150.3,-0.12293,32.2744,4,-0.145035,-0.100825,0.218364,-0.508433,-0.195583,-0.00606793,-1.07345,-9.21633,-8.40212,0.966283
2011-04-19,18.992,3.90357,76.1674,14150.3,-0.24926,31.246,4,-0.397593,-0.100928,-0.267733,-0.527453,-0.195583,-0.00627283,-2.60881,-8.99646,-8.06022,0.91148
2011-04-20,18.909,3.99505,76.1674,14150.3,-0.307738,30.3059,4,-0.514548,-0.100928,-0.544339,-0.484757,-0.195583,-0.00627283,-4.13916,-8.67169,-7.74042,0.85716
2011-04-25,18.907,3.86707,76.1674,14150.3,-0.238302,29.7509,4,-0.376723,-0.0998816,-0.216986,-0.53646,-0.19349,-0.00627283,-5.11673,-8.48474,-7.45221,0.804546
2011-04-26,18.892,3.61179,76.1674,14150.3,-0.158903,30.157,4,-0.21897,-0.0988355,0.204587,-0.642526,-0.191398,-0.00627283,-4.90431,-8.49709,-7.1973,0.755719
2011-04-27,18.926,3.64956,76.1674,14150.3,-0.218231,30.6033,4,-0.337627,-0.0988355,-0.0524354,-0.622819,-0.191398,-0.00627283,-4.6493,-8.5119,-6.94229,0.706792
2011-04-28,18.957,3.74947,76.1674,14150.3,-0.132664,31.3654,4,-0.166493,-0.0988355,0.243147,-0.576134,-0.191398,-0.00627283,-4.09586,-8.50211,-6.69521,0.658543
2011-04-29,18.957,3.75459,76.1674,14150.3,0.0126437,32.7882,4,0.124123,-0.0988355,0.81909,-0.570844,-0.191398,-0.00627283,-2.85454,-8.50611,-6.46268,0.611499
2011-05-02,18.907,3.67149,76.1674,14150.3,-0.0790111,33.8482,4,-0.0591867,-0.0988355,0.481834,-0.600207,-0.191398,-0.00627283,-1.93622,-8.56314,-6.21527,0.562793
2011-05-03,18.868,3.69539,76.1674,14150.3,-0.116961,34.3735,4,-0.135069,-0.0988529,0.313962,-0.584099,-0.191398,-0.00630759,-1.61554,-8.57073,-5.95275,0.512532
2011-05-04,18.893,3.73595,76.1674,14150.3,-0.125424,35.2243,4,-0.153563,-0.0972848,0.253935,-0.561061,-0.191398,-0.00317137,-0.965415,-8.58027,-5.69504,0.465076
2011-05-05,18.991,4.19783,76.1674,14150.3,0.0438589,36.8718,4,0.183417,-0.0956991,0.725806,-0.358972,-0.191398,0,0.351284,-8.4525,-5.44783,0.420828
2011-05-06,18.957,4.14706,76.1674,14150.3,-0.0186988,38.4218,4,0.0583015,-0.0956991,0.489008,-0.372405,-0.191398,0,1.59262,-8.35353,-5.1931,0.375762
2011-05-09,18.907,4.23197,76.1674,14150.3,-0.00838863,39.6933,4,0.0789219,-0.0956991,0.491384,-0.33354,-0.191398,0,2.5124,-8.21882,-4.93023,0.329913
2011-05-10,18.857,4.24754,76.1674,14150.3,-0.0261042,41.143,4,0.0434907,-0.0956991,0.412845,-0.325863,-0.191398,0,3.58465,-8.05981,-4.66556,0.283772
2011-05-11,18.916,4.3329,76.1674,14150.3,0.0434522,42.3152,4,0.182603,-0.0956991,0.655237,-0.29003,-0.191398,0,4.38789,-7.91465,-4.39519,0.237132
2011-05-12,18.897,4.14388,76.1674,14150.3,-0.18379,42.0838,4,-0.27188,-0.0956991,-0.174383,-0.369377,-0.191398,0,3.89388,-7.88636,-4.11353,0.189827
2011-05-13,18.945,4.22459,76.1674,14150.3,-0.0301968,42.3485,4,0.0353055,-0.0956991,0.406105,-0.335494,-0.191398,0,3.84077,-7.79968,-3.83525,0.142677
2011-05-16,18.957,4.15125,76.0152,14221.3,0.108764,43.2517,4,0.237879,-0.0203499,0.842038,-0.36628,-0.304705,0.264005,4.35942,-7.76677,-3.65303,0.312119
2011-05-17,18.896,4.06932,76.0152,14221.3,0.0795072,44.3214,4,0.179038,-0.0200236,0.75875,-0.400675,-0.304705,0.264658,4.97774,-7.69423,-3.34238,0.380245
2011-05-19,18.845,3.90275,76.0152,14221.3,-0.134122,44.2849,4,-0.248311,-0.0199323,-0.0260261,-0.470596,-0.304705,0.26484,4.7768,-7.66281,-3.43186,0.602737
2011-05-20,18.844,3.90432,76.0152,14221.3,0.211894,45.7933,4,-0.186742,0.61053,0.0964509,-0.469934,0.620353,0.600706,5.08395,-7.62762,-2.76607,1.10302
2011-05-23,18.857,3.6219,76.0152,14221.3,0.119476,47.1962,4,-0.371578,0.61053,-0.154667,-0.588489,0.620353,0.600706,5.4101,-7.72093,-2.09701,1.604
2011-05-24,18.857,3.62222,76.0152,14221.3,0.097642,48.3019,4,-0.415246,0.61053,-0.242136,-0.588355,0.620353,0.600706,5.3922,-7.76772,-1.42756,2.10495
2011-05-25,18.782,3.8683,76.0152,14221.3,0.0973811,49.1463,4,-0.415768,0.61053,-0.346478,-0.485057,0.620353,0.600706,4.93928,-7.6397,-0.758907,2.60564
2011-05-26,18.732,3.87292,76.0152,14221.3,0.0987667,50.1913,4,-0.412996,0.61053,-0.342876,-0.483117,0.620353,0.600706,4.70027,-7.52512,-0.0899401,3.10608
2011-05-27,18.689,3.83463,76.0152,14221.3,0.0175876,50.6866,4,-0.575354,0.61053,-0.651519,-0.49919,0.620353,0.600706,3.96273,-7.46137,0.579056,3.60617
2011-05-30,18.7,3.85475,76.0152,14221.3,0.0178557,50.7038,4,-0.574818,0.61053,-0.658894,-0.490743,0.620353,0.600706,2.74467,-7.39533,1.24804,4.1064
2011-05-31,18.607,4.09511,76.0152,14221.3,-0.125355,50.551,4,-0.861239,0.61053,-1.33263,-0.389849,0.620353,0.600706,1.24934,-7.22212,1.91707,4.60672
2011-06-01,18.607,4.07605,76.0152,14221.3,0.0163495,50.9904,4,-0.58793,0.620629,-0.77801,-0.39785,0.623846,0.617413,0.349364,-7.06812,2.58877,5.12039
2011-06-02,18.557,4.06119,76.0152,14221.3,0.0253258,51.4871,4,-0.591261,0.641912,-0.777686,-0.404836,0.64875,0.635075,-0.500719,-6.93848,3.2807,5.64564
2011-06-03,18.5,3.4327,76.0152,14221.3,-0.0614562,51.1401,4,-0.776265,0.653352,-0.88316,-0.669369,0.67163,0.635075,-1.82665,-7.19493,3.99221,6.16952
2011-06-06,18.523,3.54337,76.0152,14221.3,-0.0278788,51.1099,4,-0.70911,0.653352,-0.794507,-0.623712,0.67163,0.635075,-2.88437,-7.40207,4.70343,6.69291
2011-06-07,18.553,3.62846,76.0152,14221.3,0.203463,51.8078,4,-0.246426,0.653352,0.096003,-0.588854,0.67163,0.635075,-3.20951,-7.61085,5.41347,7.21471
2011-06-08,18.552,3.58354,76.0152,14221.3,0.195154,52.5362,4,-0.263044,0.653352,0.0831658,-0.609254,0.67163,0.635075,-3.47997,-7.84173,6.12248,7.73538
2011-06-09,18.507,3.3052,76.0152,14221.3,0.173064,52.9624,4,-0.307224,0.653352,0.112547,-0.726995,0.67163,0.635075,-3.92598,-8.1996,6.8316,8.25641
2011-06-10,18.559,3.58372,76.0152,14221.3,0.402074,54.8843,4,0.150795,0.653352,0.913092,-0.611501,0.67163,0.635075,-3.02572,-8.38564,7.53027,8.76541
2011-06-13,18.535,3.34623,76.0152,14221.3,0.289095,55.9272,4,-0.0751615,0.653352,0.562025,-0.712348,0.67163,0.635075,-2.89409,-8.68509,8.22995,9.27644
2011-06-14,18.509,3.28432,75.5977,14439.3,0.306262,56.5703,4,-0.297683,0.910206,0.143268,-0.738633,0.335167,1.48524,-3.46491,-8.98318,8.7479,10.2705
2011-06-15,18.544,3.36611,75.5977,14439.3,0.379758,57.5446,4,-0.150689,0.910206,0.402525,-0.703904,0.335167,1.48524,-3.75167,-9.21845,9.2593,11.2554
2011-06-16,18.609,3.64382,75.5977,14439.3,0.612441,59.946,4,0.314676,0.910206,1.21658,-0.587229,0.335167,1.48524,-2.72137,-9.27202,9.73941,12.1999
2011-06-17,18.559,3.70812,75.5977,14439.3,0.419216,60.6066,4,-0.0511202,0.889553,0.459778,-0.562019,0.335167,1.44394,-2.42149,-9.33335,9.49283,12.8686
2011-06-20,18.559,3.68029,75.5977,14439.3,-0.175124,59.667,4,0.0312033,-0.381451,0.638478,-0.576072,-0.126624,-0.636278,-1.77928,-9.34252,8.90292,11.8859
2011-06-21,18.559,3.68029,75.5977,14439.3,-0.1256,58.9512,4,0.120524,-0.371723,0.818791,-0.577743,-0.107168,-0.636278,-0.914853,-9.34729,8.3212,10.8921
2011-06-22,18.559,3.48923,75.5977,14439.3,-0.207193,57.9698,4,-0.0522965,-0.362089,0.557802,-0.662395,-0.0878999,-0.636278,-0.176194,-9.50914,7.75623,9.89887
2011-06-23,18.559,3.40697,75.5977,14439.3,-0.336864,56.5576,4,-0.311545,-0.362183,0.0748129,-0.697903,-0.0880871,-0.636278,0.16611,-9.70619,7.19198,8.90567
2011-06-24,18.505,3.45757,75.5977,14439.3,-0.339112,55.3949,4,-0.316041,-0.362183,0.0439797,-0.676062,-0.0880871,-0.636278,0.737814,-9.86582,6.62048,7.90243
2011-06-27,18.512,3.44963,75.5977,14439.3,-0.326712,54.2673,4,-0.291241,-0.362183,0.0970059,-0.679488,-0.0880871,-0.636278,1.36047,-10.0324,6.04534,6.89398
2011-06-28,18.462,3.1376,75.5977,14439.3,-0.452434,53.1938,4,-0.542686,-0.362183,-0.271196,-0.814175,-0.0880871,-0.636278,2.23548,-10.3902,5.46718,5.88139
2011-06-29,18.412,3.2388,75.5977,14439.3,-0.535456,51.3778,4,-0.70873,-0.362183,-0.648332,-0.769128,-0.0880871,-0.636278,2.34429,-10.7052,4.88531,4.85346
2011-06-30,18.412,3.13966,75.5977,14439.3,-0.545118,49.4975,4,-0.728053,-0.362183,-0.646331,-0.809776,-0.0880871,-0.636278,2.45295,-11.0408,4.27889,3.80651
2011-07-01,18.361,3.10702,75.5977,14439.3,-0.547577,47.8959,4,-0.72387,-0.371284,-0.627267,-0.820472,-0.0880871,-0.65448,2.66268,-11.1605,3.65116,2.74252
2011-07-04,18.311,3.15175,75.5977,14439.3,-0.647698,45.859,4,-0.924113,-0.371284,-1.056,-0.792229,-0.0880871,-0.65448,2.444,-11.2842,3.02127,1.67795
2011-07-05,18.363,3.29072,75.5977,14439.3,-0.431843,43.7825,4,-0.492401,-0.371284,-0.268368,-0.716435,-0.0880871,-0.65448,2.13936,-11.3633,2.39082,0.615641
2011-07-06,18.476,4.05106,75.5977,14439.3,-0.0356294,43.0321,4,0.300025,-0.371284,0.98266,-0.38261,-0.0880871,-0.65448,2.87466,-11.1655,1.76537,-0.44239
2011-07-07,18.464,3.96998,75.5977,14439.3,-0.0670827,42.254,4,0.237118,-0.371284,0.887384,-0.413148,-0.0880871,-0.65448,3.50571,-10.8948,1.14104,-1.49794
2011-07-08,18.514,3.96022,75.5977,14439.3,0.125029,41.36,4,0.621343,-0.371284,1.65909,-0.416402,-0.0880871,-0.65448,4.1102,-10.7182,0.518046,-2.55003
2011-07-11,18.595,4.23778,75.5977,14439.3,0.404901,41.7332,4,1.18108,-0.371284,2.65003,-0.287861,-0.0880871,-0.65448,5.82145,-10.3782,-0.103225,-3.60691
2011-07-12,18.564,4.25177,75.5977,14439.3,0.248807,41.5479,4,0.868898,-0.371284,2.00682,-0.269022,-0.0880871,-0.65448,7.34382,-9.99059,-0.449395,-5.35592
2011-07-13,18.538,4.23348,75.5977,14439.3,-0.0159654,40.2774,4,0.339353,-0.371284,0.944308,-0.265603,-0.0880871,-0.65448,7.76763,-9.60815,-0.793622,-7.08846
2011-07-14,18.474,4.18736,75.5977,14439.3,-0.11879,37.9574,4,0.133703,-0.371284,0.545113,-0.277706,-0.0880871,-0.65448,7.18009,-9.30419,-1.13271,-8.78578
2011-07-15,18.499,4.13503,75.6997,14760.4,0.155524,37.1308,4,0.0265168,0.284532,0.352101,-0.299068,-0.00561828,0.574682,7.0766,-9.07016,-1.40603,-9.46956
2011-07-19,18.462,4.18539,75.6997,14760.4,-0.056082,37.5033,4,-0.409591,0.297427,-0.543879,-0.275303,0.170437,0.424416,6.12577,-8.8359,-1.16675,-8.61984
2011-07-20,18.514,4.32548,75.6997,14760.4,0.119352,38.2733,4,-0.061918,0.300622,0.0891562,-0.212992,0.170437,0.430807,5.54582,-8.55786,-0.943705,-7.77097
2011-07-21,18.467,4.40931,75.6997,14760.4,0.0910504,39.2171,4,-0.121814,0.303915,-0.0687669,-0.174861,0.170437,0.437393,5.0487,-8.18091,-0.735614,-6.91508
2011-07-22,18.465,4.40867,75.6997,14760.4,0.210565,40.9657,4,0.117215,0.303915,0.407154,-0.172725,0.170437,0.437393,5.33923,-7.78257,-0.52715,-6.06383
2011-07-25,18.414,4.39712,75.6997,14760.4,0.0643236,42.2661,4,-0.175268,0.303915,-0.177026,-0.17351,0.170437,0.437393,5.17073,-7.38922,-0.316659,-5.19872
2011-07-26,18.365,4.4718,75.6997,14760.4,0.0529954,43.4979,4,-0.197924,0.303915,-0.262377,-0.133471,0.170437,0.437393,4.88552,-6.95503,-0.10513,-4.32749
2011-07-27,18.446,4.6917,75.6997,14760.4,0.136342,45.4199,4,-0.0312312,0.303915,-0.0285059,-0.0339566,0.170437,0.437393,5.09613,-6.32911,0.107232,-3.45431
2011-07-28,18.423,4.60931,75.6997,14760.4,0.17329,47.7476,4,0.0426654,0.303915,0.147614,-0.0622828,0.170437,0.437393,5.76031,-5.75745,0.320367,-2.57567
2011-07-29,18.43,4.61095,75.6997,14760.4,0.192828,50.1791,4,0.0817416,0.303915,0.217205,-0.0537224,0.170437,0.437393,6.47506,-5.13737,0.533605,-1.69214
2011-08-01,18.414,4.50463,75.6997,14760.4,0.249275,52.8038,4,0.194635,0.303915,0.487661,-0.0983918,0.170437,0.437393,7.38788,-4.53853,0.74606,-0.791604
2011-08-02,18.459,4.44083,75.6997,14760.4,0.425462,56.3174,4,0.54701,0.303915,1.2113,-0.117276,0.170437,0.437393,9.22373,-3.96926,0.955715,0.107185
2011-08-03,18.414,4.45234,75.6997,14760.4,0.186159,58.3201,4,0.0680107,0.304308,0.239336,-0.103315,0.171223,0.437393,9.61031,-3.45524,1.16489,1.00017
2011-08-04,18.538,4.55877,75.6997,14760.4,0.481576,59.98,4,0.657643,0.305508,1.37004,-0.0547552,0.173624,0.437393,9.8948,-3.17659,1.3745,1.8873
2011-08-05,18.627,4.83021,75.6997,14760.4,0.665493,62.2999,4,1.02466,0.306328,1.98527,0.0640465,0.175263,0.437393,10.7293,-2.77174,1.5803,2.76204
2011-08-08,19.044,9.08863,75.6997,14760.4,1.634,66.9329,4,2.96036,0.307646,4,1.92071,0.177899,0.437393,12.4356,-0.863287,1.76868,3.59198
2011-08-09,19.408,10.989,75.6997,14760.4,1.83924,71.1096,4,3.36918,0.309303,4,2.73837,0.181214,0.437393,13.2593,1.52409,1.9464,4.37989
2011-08-10,19.339,11.0961,75.6997,14760.4,1.84958,75.4548,4,3.38955,0.309604,4,2.7791,0.181816,0.437393,14.4399,3.81178,2.10239,5.10078
2011-08-11,19.243,11.3138,75.6997,14760.4,1.87236,80.0921,4,3.43511,0.309604,4,2.87022,0.181816,0.437393,16.1661,5.98125,2.22497,5.71975
2011-08-12,18.929,12.9471,75.6997,14760.4,1.72592,84.0704,4,3.14223,0.309604,2.71231,3.57216,0.181816,0.437393,17.0352,8.45388,2.32456,6.25668
2011-08-15,18.603,14.5303,74.9581,14797.3,0.291612,84.3417,4,0.610525,-0.0273019,-2.77895,4,-0.347234,0.29263,14.777,11.4502,2.07665,6.03778
2011-08-17,18.468,14.7595,74.9581,14797.3,-0.0138455,84.4253,4,0,-0.0276911,-4,4,-0.348012,0.29263,12.3333,14.4427,1.71022,5.939
2011-08-18,18.819,16.1876,74.9581,14797.3,0.157811,84.5011,4,0.344721,-0.0290984,-3.31056,4,-0.350827,0.29263,9.93505,17.3869,1.34267,5.83645
2011-08-19,18.788,16.1661,74.9581,14797.3,0.284683,84.8793,4,0.57582,-0.00645431,-2.84836,4,-0.305539,0.29263,7.94594,20.2219,1.00375,5.70772
2011-08-22,18.714,16.2538,74.9581,14797.3,0.73076,85.8646,4,1.44428,0.0172366,-1.11143,4,-0.258157,0.29263,6.79609,22.839,0.695202,5.53427
2011-08-23,18.701,16.2123,74.9581,14797.3,1.3077,88.0403,4,2.59816,0.0172366,1.19633,4,-0.258157,0.29263,7.49608,24.8965,0.386838,5.26092
2011-08-24,18.701,16.1649,74.9581,14797.3,1.56039,90.3468,4,3.10354,0.0172366,2.20707,4,-0.258157,0.29263,8.77112,26.5259,0.0965555,4.95318
2011-08-26,18.782,16.1627,74.9581,14797.3,1.05584,91.5829,4,2.09445,0.0172366,0.188906,4,-0.258157,0.29263,8.6768,28.3463,-0.173252,4.73308
2011-08-29,18.719,16.2172,74.9581,14797.3,0.996425,92.5851,4,1.97561,0.0172366,-0.0487752,4,-0.258157,0.29263,8.34829,30.1358,-0.429919,4.53097
2011-08-30,18.678,16.2517,74.9581,14797.3,1.05645,93.5359,4,2.09566,0.0172366,0.191313,4,-0.258157,0.29263,8.1178,31.7627,-0.672957,4.32837
2011-08-31,18.659,16.2536,74.9581,14797.3,1.0454,94.3258,4,2.07356,0.0172366,0.147121,4,-0.258157,0.29263,7.72451,33.366,-0.904661,4.13997
2011-09-01,18.728,16.2778,74.9581,14797.3,1.17468,94.9978,4,2.33212,0.0172366,0.664237,4,-0.258157,0.29263,7.2372,34.924,-1.12606,3.9627
2011-09-02,18.906,16.5174,74.9581,14797.3,1.35074,95.9147,4,2.68424,0.0172366,1.36848,4,-0.258157,0.29263,7.59168,35.9014,-1.31944,3.74105
2011-09-05,18.97,16.4151,74.9581,14797.3,1.57731,96.6481,4,3.13738,0.0172366,2.27477,4,-0.258157,0.29263,7.80768,36.8052,-1.50145,3.53671
2011-09-06,19.106,16.5053,74.9581,14797.3,1.89672,97.3392,4,3.77621,0.0172366,3.55242,4,-0.258157,0.29263,8.29916,37.3758,-1.66276,3.32698
2011-09-07,18.986,14.7272,74.9581,14797.3,1.70673,97.376,4,3.39623,0.0172366,2.79246,4,-0.258157,0.29263,7.6704,38.3384,-1.87899,3.24618
2011-09-08,19.053,12.9921,74.9581,14797.3,1.55737,97.231,4,3.09749,0.0172366,2.76612,3.42887,-0.258157,0.29263,7.11148,39.0374,-2.11978,3.20186
2011-09-09,19.234,13.4548,74.9581,14797.3,1.60443,97.0995,4,3.19162,0.0172366,2.76464,3.6186,-0.258157,0.29263,6.53336,39.7757,-2.36231,3.15277
2011-09-12,19.284,13.3719,74.9581,14797.3,1.55772,96.9232,4,3.0982,0.0172366,2.63846,3.55795,-0.258157,0.29263,5.89347,40.5345,-2.61431,3.10959
2011-09-13,19.334,11.8683,74.9581,14797.3,1.23738,96.6319,4,2.45753,0.0172366,2.00079,2.91427,-0.258157,0.29263,5.61143,40.8254,-2.88713,3.08224
2011-09-14,19.426,9.71398,75.0433,14906.7,1.39441,97.2595,4,2.76395,0.0248684,3.50546,2.02243,0.208745,-0.159009,8.61211,38.406,-2.50448,2.74588
2011-09-15,19.354,9.32846,75.0433,14906.7,1.10572,97.7938,4,2.18657,0.0248684,2.51442,1.85873,0.208745,-0.159009,11.5046,36.0047,-2.14327,2.42775
2011-09-16,19.324,7.08775,75.0433,14906.7,0.499211,97.938,4,0.973553,0.0248684,1.00266,0.944444,0.208745,-0.159009,13.4726,34.1316,-1.84853,2.18228
2011-09-19,19.767,10.274,75.0433,14906.7,1.50877,98.3914,4,2.99267,0.0248684,3.74417,2.24118,0.208745,-0.159009,16.0344,32.0068,-1.5379,1.88814
2011-09-20,19.72,10.1572,75.0433,14906.7,1.32524,98.5788,4,2.62561,0.0248684,3.05874,2.19249,0.208745,-0.159009,17.6454,30.5827,-1.29542,1.64613
2011-09-21,19.954,10.576,75.0433,14906.7,1.60219,98.6645,4,3.17952,0.0248684,4,2.35903,0.208745,-0.159009,18.7545,29.5556,-1.0716,1.42599
2011-09-22,20.403,12.454,75.0433,14906.7,1.79109,98.7285,4,3.55732,0.0248684,4,3.11463,0.208745,-0.159009,19.4266,28.9431,-0.853538,1.21224
2011-09-23,20.307,12.8637,75.0433,14906.7,1.83046,98.9242,4,3.63606,0.0248684,4,3.27211,0.208745,-0.159009,20.6372,27.9302,-0.627819,0.984646
2011-09-26,20.243,12.8487,75.0433,14906.7,1.72311,99.0834,4,3.42135,0.0248684,3.58476,3.25795,0.208745,-0.159009,21.7392,26.9887,-0.413118,0.768554
2011-09-27,20.071,13.4322,75.0433,14906.7,1.57343,99.1838,4,3.11579,0.0310697,2.74491,3.48667,0.208745,-0.146606,22.4766,26.3456,-0.209056,0.570589
2011-09-28,20.097,13.3517,75.0433,14906.7,1.2097,99.2136,4,2.38213,0.0372711,1.31378,3.45048,0.208745,-0.134203,22.8549,25.9821,-0.011456,0.388042
2011-09-29,20.08,13.4494,75.0433,14906.7,0.432649,99.071,4,0.828027,0.0372711,-1.83212,3.48817,0.208745,-0.134203,22.3072,26.3612,0.189366,0.213167
2011-09-30,20.268,13.4412,75.0433,14906.7,0.906913,98.9752,4,1.77655,0.0372711,0.0794146,3.47369,0.208745,-0.134203,22.0532,26.4964,0.39586,0.0297433
2011-10-03,20.357,13.4449,75.0433,14906.7,1.1601,98.8775,4,2.28292,0.0372711,1.1031,3.46274,0.208745,-0.134203,21.8233,26.6053,0.607574,-0.15868
2011-10-04,20.446,13.3818,75.0433,14906.7,1.59133,98.801,4,3.14539,0.0372711,2.85688,3.4339,0.208745,-0.134203,21.7221,26.6078,0.821923,-0.350827
2011-10-05,20.291,13.515,75.0433,14906.7,1.29944,98.6919,4,2.5616,0.0372711,1.64287,3.48033,0.208745,-0.134203,21.4816,26.715,1.0437,-0.548418
2011-10-06,20.096,14.2774,75.0433,14906.7,1.0725,98.5509,4,2.10772,0.0372711,0.439773,3.77567,0.208745,-0.134203,20.7438,27.2857,1.27423,-0.752913
2011-10-07,20.052,14.1407,75.0433,14906.7,0.660224,98.2385,4,1.28318,0.0372711,-1.13594,3.7023,0.208745,-0.134203,19.528,28.1543,1.53391,-0.977794
2011-10-11,20.098,14.1396,75.0433,14906.7,0.583373,97.8576,4,1.12948,0.0372711,-1.42206,3.68101,0.208745,-0.134203,18.1618,29.1026,1.81024,-1.21702
2011-10-12,20.037,14.2528,75.0433,14906.7,0.338936,97.4468,4,0.640601,0.0372711,-2.43534,3.71654,0.208745,-0.134203,16.4623,30.3539,2.09758,-1.46694
2011-10-13,20.016,14.2415,75.0433,14906.7,0.55678,97.0063,4,1.07629,0.0372711,-1.53718,3.68975,0.208745,-0.134203,14.307,32.0387,2.15455,-1.49398
2011-10-14,19.92,14.2998,75.0433,14906.7,0.722,96.7844,4,1.40673,0.0372711,-0.873409,3.68687,0.208745,-0.134203,12.7136,33.3891,2.18114,-1.49946
2011-10-17,19.947,14.2563,74.8943,14955.3,0.849659,96.9876,4,1.63752,0.0617984,-0.387946,3.66298,0.0703883,0.0532085,11.8536,34.4217,2.08537,-1.37312
2011-10-18,20.1,12.1521,74.8943,14955.3,0.485293,96.3625,4,1.58962,-0.619037,0.339409,2.83984,-0.0245391,-1.21353,10.4298,35.8842,2.03009,-1.98159
2011-10-19,20.02,12.2217,74.8943,14955.3,0.455227,95.751,4,1.52957,-0.61912,0.204759,2.85439,-0.0247051,-1.21353,9.15577,37.2521,1.95883,-2.61572
2011-10-20,20.063,11.5256,74.8943,14955.3,0.495959,94.8563,4,1.60486,-0.612944,0.641391,2.56833,-0.0123526,-1.21353,7.57167,38.6896,1.90255,-3.30742
2011-10-21,19.926,8.35924,74.8943,14955.3,0.123562,93.2319,4,0.85389,-0.606767,0.358445,1.34934,0,-1.21353,5.79286,39.6735,1.878,-4.1125
2011-10-24,19.793,8.4987,74.8943,14955.3,-0.140351,90.8311,4,0.316929,-0.597631,-0.75984,1.3937,0,-1.19526,3.12302,40.8662,1.85848,-5.0166
2011-10-25,19.69,8.58998,74.8943,14955.3,-0.575557,87.2955,4,-0.562348,-0.588766,-2.54576,1.42107,0,-1.17753,-0.813983,42.3037,1.83927,-6.03351
2011-10-26,19.723,8.21957,74.8943,14955.3,-0.414441,83.5518,4,-0.240116,-0.588766,-1.75928,1.27905,0,-1.17753,-4.05367,42.8938,1.78486,-7.07324
2011-10-27,19.412,9.74155,74.8943,14955.3,-0.834019,79.0258,4,-1.07927,-0.588766,-4,1.84146,0,-1.17753,-8.18733,43.6752,1.71206,-8.1741
2011-10-28,19.269,9.93769,74.8943,14955.3,-0.821727,75.9178,4,-1.05469,-0.588766,-4,1.89062,0,-1.17753,-10.0372,43.5278,1.59509,-9.16793
2011-10-31,19.345,9.28221,74.8943,14955.3,-0.601908,71.8698,4,-0.616319,-0.587497,-2.86319,1.63055,0,-1.17499,-12.5897,43.2007,1.47292,-10.2142
2011-11-01,19.777,12.5369,74.8943,14955.3,0.649527,70.4292,4,1.88528,-0.586229,0.925873,2.84469,0,-1.17246,-12.8241,43.0411,1.31992,-11.1076
2011-11-03,19.699,12.3723,74.8943,14955.3,0.429122,67.0302,4,1.44447,-0.586229,0.134502,2.75445,0,-1.17246,-15.193,43.1558,1.17343,-12.106
2011-11-04,19.776,12.3376,74.8943,14955.3,1.11629,66.4805,4,2.8188,-0.586229,2.89604,2.74156,0,-1.17246,-14.223,42.6568,1.00895,-12.9624
2011-11-07,19.772,11.9367,74.8943,14955.3,1.34557,67.2987,4,3.24608,-0.554942,3.89931,2.59285,0,-1.10988,-11.4189,41.5772,0.839273,-13.6989
2011-11-08,19.71,11.956,74.8943,14955.3,1.11618,68.6465,4,2.75601,-0.523655,2.91202,2.6,0,-1.04731,-8.14452,40.4671,0.668998,-14.3451
2011-11-09,19.779,12.0056,74.8943,14955.3,0.47265,68.3214,4,1.46896,-0.523655,0.31952,2.61839,0,-1.04731,-6.77331,39.681,0.504208,-15.0905
2011-11-10,19.747,11.981,74.8943,14955.3,0.55227,68.9465,4,1.6282,-0.523655,0.64712,2.60927,0,-1.04731,-4.31391,38.6947,0.337531,-15.7719
2011-11-11,19.649,12.0756,74.8943,14955.3,0.252564,68.0535,4,1.02878,-0.523655,-0.586794,2.64436,0,-1.04731,-3.57536,38.0155,0.172922,-16.5595
2011-11-14,19.746,12.1545,75.8086,14902.2,0.605069,67.7074,4,1.40298,-0.192839,0.132333,2.67362,0.860551,-1.24623,-2.77993,37.2641,0.692052,-17.4689
2011-11-15,19.819,12.2282,75.8086,14902.2,0.851907,67.7141,4,1.89665,-0.192839,1.09233,2.70098,0.860551,-1.24623,-1.60149,36.4973,1.32103,-18.5028
2011-11-16,19.856,11.8967,75.8086,14902.2,0.903546,68.9446,4,1.72067,0.0864215,0.863319,2.57802,1.5586,-1.38575,-1.17814,36.096,2.56755,-18.5408
2011-11-17,19.941,11.9469,75.8086,14902.2,1.11517,70.8434,4,2.14392,0.0864215,1.69121,2.59663,1.5586,-1.38575,-0.00114016,35.5653,3.78646,-18.5072
2011-11-18,19.917,11.9189,75.8086,14902.2,1.2411,72.9199,4,2.39578,0.0864215,2.20532,2.58625,1.5586,-1.38575,1.21206,35.1771,4.96228,-18.4315
2011-11-21,20.06,11.9448,75.8086,14902.2,1.31917,76.0897,4,2.55191,0.0864215,2.50799,2.59584,1.5586,-1.38575,2.82114,35.411,6.04619,-18.1886
2011-11-22,20.086,11.6541,75.8086,14902.2,1.19967,79.3871,4,2.32965,0.069684,2.17129,2.48801,1.52512,-1.38575,4.91887,35.3099,7.01984,-17.8616
2011-11-23,20.28,11.8369,75.8086,14902.2,1.47689,83.8798,4,2.9018,0.0519769,3.24777,2.55583,1.48971,-1.38575,8.79681,34.5335,7.75961,-17.21
2011-11-24,20.206,11.9755,75.8086,14902.2,1.20829,86.9414,4,2.36627,0.0503109,2.12531,2.60723,1.48637,-1.38575,11.0855,34.0625,8.46064,-16.6672
2011-11-25,20.224,10.1369,75.8086,14902.2,1.1108,90.0488,4,2.1713,0.0503109,2.41737,1.92522,1.48637,-1.38575,14.6482,32.3609,8.98209,-15.9423
2011-11-28,20.047,10.32,75.8086,14902.2,0.568649,91.9129,4,1.08699,0.0503109,0.180857,1.99312,1.48637,-1.38575,16.6584,31.1496,9.54808,-15.4432
2011-11-29,19.957,10.5398,75.8086,14902.2,0.385786,93.0677,4,0.721262,0.0503109,-0.632162,2.07469,1.48637,-1.38575,17.5144,30.5105,10.1635,-15.1207
2011-11-30,19.864,7.45606,75.8086,14902.2,-0.401294,91.8344,4,-0.850437,0.0478503,-2.63164,0.930761,1.48145,-1.38575,15.867,30.2964,11.4058,-15.7348
2011-12-01,19.829,7.33314,75.8086,14902.2,-0.349381,90.8189,4,-0.733063,0.0343006,-2.35129,0.885163,1.45435,-1.38575,14.6544,29.8057,12.5898,-16.2309
2011-12-02,19.707,7.55077,75.8086,14902.2,-0.578953,88.2898,4,-1.18143,0.0235243,-3.32875,0.965891,1.4328,-1.38575,11.226,30.0706,14.1532,-17.1601
2011-12-05,19.808,7.78034,75.8086,14902.2,-0.0746126,85.8194,4,-0.166051,0.016826,-1.38315,1.05105,1.41941,-1.38575,8.00557,30.1454,15.6687,-18.0003
2011-12-07,19.907,7.8669,75.8086,14902.2,0.257781,84.1661,4,0.508551,0.00701033,-0.0660579,1.08316,1.39977,-1.38575,6.07771,29.7217,16.991,-18.6244
2011-12-08,19.906,7.788,75.8086,14902.2,0.407743,84.0361,4,0.811688,0.00379869,0.569484,1.05389,1.39335,-1.38575,6.26368,28.6635,18.0013,-18.8924
2011-12-09,19.87,7.7946,75.8086,14902.2,0.40656,83.7418,4,0.809322,0.00379869,0.562305,1.05634,1.39335,-1.38575,6.22542,27.6632,19.0512,-19.198
2011-12-12,19.98,7.74082,75.8086,14902.2,0.811068,84.8508,4,1.61834,0.00379869,2.20029,1.03639,1.39335,-1.38575,8.09002,26.1683,19.7696,-19.1771
2011-12-13,20.005,7.59182,75.8086,14902.2,0.658482,84.9541,4,1.31317,0.00379869,1.6573,0.969031,1.39335,-1.38575,9.1439,24.944,20.1155,-19.2493
2011-12-14,20.143,7.84094,75.8086,14902.2,0.745246,84.7473,4,1.48669,0.00379869,1.91686,1.05653,1.39335,-1.38575,9.74498,23.8585,20.5412,-19.3975
2011-12-15,20.105,7.88705,75.3716,15194.4,0.740454,84.4273,4,1.36018,0.120732,1.64871,1.07164,0.953908,-0.712445,10.3357,22.8951,20.1982,-19.0016
2011-12-16,20.026,7.92157,75.3716,15194.4,0.66597,83.5234,4,1.21121,0.120732,1.34299,1.07943,0.953908,-0.712445,10.2001,22.065,19.9871,-18.7289
2011-12-19,20.061,7.92081,75.3716,15194.4,0.530685,82.0258,4,0.940639,0.120732,0.809489,1.07179,0.953908,-0.712445,9.36094,21.3364,19.8809,-18.5524
2011-12-20,20.01,7.55732,75.3716,15194.4,0.364026,79.8822,4,0.607321,0.120732,0.27862,0.936022,0.953908,-0.712445,7.91414,20.561,19.8528,-18.4458
2011-12-21,20.005,7.53869,75.3716,15194.4,0.109788,77.2576,4,0.104365,0.11521,-0.718564,0.927294,0.942865,-0.712445,5.91156,19.8393,19.8527,-18.346
2011-12-23,20.027,6.61824,75.3716,15194.4,0.129099,73.7606,4,0.14851,0.109689,-0.300949,0.597969,0.931823,-0.712445,3.31657,18.8115,19.9058,-18.2732
2011-12-26,20.005,6.52466,75.3716,15194.4,0.215461,71.019,4,0.330324,0.100598,0.0961577,0.56449,0.913641,-0.712445,1.77777,17.5043,19.768,-18.0311
2011-12-27,19.999,6.50467,75.3716,15194.4,0.13741,68.2072,4,0.182964,0.0918553,-0.191409,0.557337,0.896156,-0.712445,-0.270815,16.6519,19.5637,-17.7375
2011-12-28,20.064,5.85523,75.3716,15194.4,0.282611,67.3596,4,0.473367,0.0918553,0.621757,0.324978,0.896156,-0.712445,0.0797101,15.381,19.1624,-17.2636
2011-12-29,20.039,5.63009,75.3716,15194.4,0.225383,66.8803,4,0.358911,0.0918553,0.473396,0.244426,0.896156,-0.712445,0.962895,13.9485,18.7276,-16.7588
2011-12-30,19.903,5.91954,75.3716,15194.4,-0.0280465,67.9912,4,-0.147948,0.0918553,-0.643884,0.347987,0.896156,-0.712445,2.53905,13.4222,18.1777,-16.1478
2012-01-02,19.852,5.95971,75.3716,15194.4,-0.0743649,68.7996,4,-0.240585,0.0918553,-0.84353,0.36236,0.896156,-0.712445,3.72477,12.9609,17.6716,-15.5576
2012-01-03,19.702,6.1729,75.3716,15194.4,-0.310153,69.5812,4,-0.712162,0.0918553,-1.86296,0.438634,0.896156,-0.712445,4.86865,12.4982,17.1846,-14.9703
2012-01-04,19.691,5.86922,75.3716,15194.4,-0.469535,68.43,4,-1.03093,0.0918553,-2.39183,0.329983,0.896156,-0.712445,4.09363,11.9913,16.8593,-14.5143
2012-01-05,19.709,5.55265,75.3716,15194.4,-0.421218,66.4088,4,-0.934292,0.0918553,-2.0853,0.21672,0.896156,-0.712445,2.51167,11.397,16.5955,-14.0954
2012-01-09,19.652,5.61366,75.3716,15194.4,-0.276609,64.3226,4,-0.645074,0.0918553,-1.52869,0.238547,0.896156,-0.712445,0.838873,10.8233,16.3163,-13.6559
2012-01-10,19.595,5.65714,75.3716,15194.4,-0.284286,62.1722,4,-0.660428,0.0918553,-1.57496,0.254104,0.896156,-0.712445,-0.889455,10.2414,16.0168,-13.1966
2012-01-11,19.564,5.16193,75.3716,15194.4,-0.11872,59.2186,4,-0.329294,0.0918553,-0.735514,0.0769256,0.896156,-0.712445,-3.29346,9.52856,15.7214,-12.7379
2012-01-12,19.589,5.16351,75.3716,15194.4,-0.0545621,56.9165,4,-0.200979,0.0918553,-0.47945,0.0774911,0.896156,-0.712445,-5.05878,8.83546,15.3764,-12.2365
2012-01-13,19.602,4.2971,75.3716,15194.4,-0.139931,54.0265,4,-0.371717,0.0918553,-0.514367,-0.229067,0.896156,-0.712445,-7.07609,7.80733,15.0189,-11.7236
2012-01-16,19.572,4.29316,75.3824,15248.1,-0.0365247,51.4716,4,-0.267996,0.194947,-0.317056,-0.218936,0.904971,-0.515078,-8.7063,6.75544,15.0007,-11.5783
2012-01-17,19.539,4.18583,75.3824,15248.1,0.000650009,49.2786,4,-0.193647,0.194947,-0.147739,-0.239554,0.904971,-0.515078,-9.93636,5.6696,14.963,-11.4176
2012-01-18,19.533,4.05349,75.3824,15248.1,0.0199351,47.5962,4,-0.124432,0.164303,0.0308795,-0.279744,1.02553,-0.696929,-10.5722,4.55325,15.0137,-11.3986
2012-01-19,19.533,4.05326,75.3824,15248.1,-0.0321327,46.2941,4,-0.213234,0.148969,-0.147862,-0.278606,0.994866,-0.696929,-10.9144,3.54982,15.0349,-11.3763
2012-01-20,19.564,4.16164,75.3824,15248.1,0.000101744,45.9342,4,-0.128121,0.128324,-0.0187606,-0.237481,0.953578,-0.696929,-10.3354,2.59046,15.0393,-11.3601
2012-01-23,19.576,4.13082,75.3824,15248.1,0.067812,45.7333,4,0.0139873,0.121637,0.274481,-0.246506,0.940203,-0.696929,-9.86022,1.89534,15.0435,-11.3454
2012-01-24,19.682,4.73862,75.3824,15248.1,0.36838,46.2348,4,0.616501,0.120259,1.26012,-0.0271181,0.937447,-0.696929,-8.90652,1.40928,15.0695,-11.3374
2012-01-25,19.723,4.847,75.3824,15248.1,0.45935,47.2927,4,0.798442,0.120259,1.58523,0.0116568,0.937447,-0.696929,-7.4498,0.960908,15.1144,-11.3328
2012-01-26,19.623,4.85066,75.3824,15248.1,0.283179,47.2945,4,0.446099,0.120259,0.879231,0.0129669,0.937447,-0.696929,-7.23776,0.703954,15.1484,-11.32
2012-01-27,19.593,4.85275,75.3824,15248.1,0.175672,47.131,4,0.231085,0.120259,0.448456,0.0137149,0.937447,-0.696929,-7.25761,0.513905,15.1809,-11.3062
2012-01-30,19.628,4.46058,75.3824,15248.1,0.182533,47.8239,4,0.244806,0.120259,0.613915,-0.124303,0.937447,-0.696929,-6.22414,0.125038,15.2205,-11.2976
2012-01-31,19.613,4.40591,75.3824,15248.1,-0.0370157,47.9468,4,-0.19429,0.120259,-0.248332,-0.140248,0.937447,-0.696929,-5.73415,-0.289009,15.2554,-11.2854
2012-02-01,19.551,3.7003,75.3824,15248.1,-0.281869,48.0399,4,-0.683997,0.120259,-0.981781,-0.386213,0.937447,-0.696929,-5.00842,-0.968565,15.29,-11.273
2012-02-02,19.493,3.81271,75.3824,15248.1,-0.194862,48.9448,4,-0.509983,0.120259,-0.677503,-0.342463,0.937447,-0.696929,-3.59711,-1.52299,15.3284,-11.2635
2012-02-03,19.449,3.82246,75.3824,15248.1,-0.217624,49.6159,4,-0.555508,0.120259,-0.777633,-0.333383,0.937447,-0.696929,-2.51975,-1.97652,15.364,-11.2518
2012-02-06,19.459,3.74929,75.3824,15248.1,-0.264072,49.6572,4,-0.648402,0.120259,-0.943595,-0.353209,0.937447,-0.696929,-2.03754,-2.46423,15.398,-11.2391
2012-02-07,19.448,3.64012,75.3824,15248.1,-0.264403,49.7227,4,-0.649065,0.120259,-0.908141,-0.389989,0.937447,-0.696929,-1.48797,-2.99508,15.4321,-11.2263
2012-02-08,19.418,3.63841,75.3824,15248.1,-0.204913,49.4386,4,-0.530086,0.120259,-0.677206,-0.382965,0.937447,-0.696929,-1.43988,-3.37402,15.4658,-11.2133
2012-02-09,19.412,3.5861,75.3824,15248.1,-0.115518,49.2377,4,-0.351296,0.120259,-0.308209,-0.394383,0.937447,-0.696929,-1.29872,-3.76281,15.4994,-11.2002
2012-02-10,19.466,3.74836,75.3824,15248.1,0.0733868,49.9409,4,0.0265146,0.120259,0.387742,-0.334713,0.937447,-0.696929,-0.555302,-3.85011,15.5344,-11.1881
2012-02-13,19.474,3.73039,75.3824,15248.1,0.0683967,50.2868,4,0.0165344,0.120259,0.373493,-0.340424,0.937447,-0.696929,0.0138309,-3.9502,15.561,-11.3378
2012-02-14,19.502,3.73566,73.772,15226.5,-0.344737,49.1482,4,0.156356,-0.84583,0.650099,-0.337386,-1.10568,-0.585982,0.671338,-4.03056,13.9029,-11.3955
2012-02-15,19.504,3.7354,73.772,15226.5,-0.289181,48.1298,4,0.271947,-0.850309,0.874244,-0.33035,-1.10568,-0.59494,1.36597,-4.07108,12.1431,-11.3082
2012-02-16,19.495,3.73778,73.772,15226.5,-0.295008,47.2646,4,0.260293,-0.850309,0.850814,-0.330229,-1.10568,-0.59494,2.18783,-4.1119,10.4081,-11.2195
2012-02-17,19.45,3.76091,73.772,15226.5,-0.468681,45.7252,4,-0.087053,-0.850309,0.149469,-0.323575,-1.10568,-0.59494,2.32374,-4.17805,8.70238,-11.1228
2012-02-22,19.441,3.74591,73.772,15226.5,-0.500617,43.8674,4,-0.150925,-0.850309,0.0293865,-0.331236,-1.10568,-0.59494,2.11779,-4.23908,7.00512,-11.0164
2012-02-23,19.417,3.0766,73.772,15226.5,-0.650552,40.5734,4,-0.450794,-0.850309,-0.336383,-0.565205,-1.10568,-0.59494,0.802785,-4.6552,5.29875,-10.8729
2012-02-24,19.376,2.93477,73.772,15226.5,-0.738906,36.7851,4,-0.627503,-0.850309,-0.642583,-0.612423,-1.10568,-0.59494,-1.00655,-5.1164,3.59673,-10.6887
2012-02-27,19.35,2.49256,73.772,15226.5,-0.80708,33.4455,4,-0.763851,-0.850309,-0.762994,-0.764707,-1.10568,-0.59494,-2.30861,-5.68102,1.92249,-10.4874
2012-02-28,19.299,2.57136,73.772,15226.5,-0.809919,30.5344,4,-0.769529,-0.850309,-0.808008,-0.73105,-1.10568,-0.59494,-3.27278,-6.19962,0.285009,-10.2782
2012-02-29,19.288,2.39239,73.772,15226.5,-0.828699,27.6706,4,-0.807089,-0.850309,-0.821224,-0.792953,-1.10568,-0.59494,-4.342,-6.62943,-1.30946,-10.0485
2012-03-01,19.315,2.52505,73.772,15226.5,-0.720713,25.812,4,-0.591117,-0.850309,-0.446491,-0.735743,-1.10568,-0.59494,-4.44659,-7.01463,-2.86774,-9.85905
2012-03-02,19.372,2.6817,73.772,15226.5,-0.532161,25.1481,4,-0.214013,-0.850309,0.241779,-0.669805,-1.10568,-0.59494,-3.48973,-7.20198,-4.42148,-9.73869
2012-03-05,19.438,2.83957,73.772,15226.5,-0.352633,24.7343,4,0.145043,-0.850309,0.893786,-0.603701,-1.10568,-0.59494,-2.27906,-7.38178,-5.97097,-9.63385
2012-03-06,19.571,3.6533,73.772,15226.5,0.0479602,25.433,4,0.94623,-0.850309,2.19551,-0.303052,-1.10568,-0.59494,-0.00653424,-7.39271,-7.56758,-9.6002
2012-03-07,19.587,3.6571,73.772,15226.5,0.0956249,26.3954,4,1.04156,-0.850309,2.38311,-0.299987,-1.10568,-0.59494,2.56353,-7.39647,-9.19198,-9.57968
2012-03-08,19.588,3.64365,73.772,15226.5,0.0480272,27.2462,4,0.946364,-0.850309,2.19627,-0.30354,-1.10568,-0.59494,4.98704,-7.36683,-10.825,-9.54904
2012-03-09,19.554,3.65767,73.772,15226.5,-0.112248,27.5011,4,0.625813,-0.850309,1.54599,-0.294367,-1.10568,-0.59494,6.72315,-7.30871,-12.4296,-9.4837
2012-03-12,19.705,4.47762,73.772,15226.5,0.105757,28.1145,4,1.06182,-0.850309,2.1226,0.00104081,-1.10568,-0.59494,8.64294,-7.02524,-14.0665,-9.43666
2012-03-13,19.579,5.07441,73.772,15226.5,-0.291508,27.1065,4,0.267294,-0.850309,0.320233,0.214355,-1.10568,-0.59494,8.54145,-6.55933,-15.5717,-9.3039
2012-03-14,19.567,5.08416,73.772,15226.5,-0.341573,25.9958,4,0.171639,-0.854786,0.125435,0.217843,-1.10568,-0.603893,8.29315,-6.08521,-17.0421,-9.16997
2012-03-15,19.477,5.34167,73.772,15226.5,-0.479578,25.6357,4,-0.0997564,-0.859399,-0.5094,0.309887,-1.10568,-0.613119,7.38272,-5.57367,-17.0033,-9.16997
2012-03-16,19.417,5.44729,75.1302,15763.5,0.273931,27.1566,4,-0.171018,0.71888,-0.689677,0.34764,-0.00654692,1.44431,6.23784,-5.09947,-16.3089,-7.67286
2012-03-19,19.477,5.57083,75.1302,15763.5,-0.0697084,27.7775,4,-0.458831,0.319414,-1.30946,0.391798,0.347116,0.291713,4.57748,-4.55522,-15.2353,-7.00953
2012-03-20,19.56,5.70253,75.1302,15763.5,0.301911,29.9518,4,0.284408,0.319414,0.12994,0.438875,0.347116,0.291713,4.61435,-4.00663,-14.2648,-6.39111
2012-03-21,19.55,5.7034,75.1302,15763.5,0.30681,32.3094,4,0.29082,0.322801,0.142455,0.439185,0.353889,0.291713,4.75354,-3.43598,-13.2548,-5.75334
2012-03-22,19.568,5.67874,75.1302,15763.5,0.491326,35.7666,4,0.65633,0.326322,0.88229,0.43037,0.360931,0.291713,5.79668,-2.67706,-12.2412,-5.11177
2012-03-23,19.56,5.61099,75.1302,15763.5,0.571823,39.8825,4,0.817324,0.326322,1.22849,0.406153,0.360931,0.291713,7.38653,-1.87647,-11.1818,-4.44581
2012-03-26,19.53,5.61964,75.1302,15763.5,0.412247,43.8162,4,0.508329,0.316164,0.607412,0.409246,0.340616,0.291713,8.56242,-0.925769,-10.0718,-3.74868
2012-03-27,19.528,5.50489,75.1302,15763.5,0.248226,47.2817,4,0.190446,0.306006,0.0160285,0.364864,0.3203,0.291713,9.26897,-0.0262637,-8.93026,-3.03071
2012-03-28,19.539,5.48789,75.1302,15763.5,0.281691,50.9402,4,0.257377,0.306006,0.159086,0.355667,0.3203,0.291713,10.0832,0.920294,-7.7612,-2.30209
2012-03-29,19.591,5.52882,75.1302,15763.5,0.343543,54.4396,4,0.38108,0.306006,0.392762,0.369397,0.3203,0.291713,10.7535,1.82742,-6.57304,-1.5683
2012-03-30,19.54,5.58193,75.1302,15763.5,0.273661,57.0679,4,0.241316,0.306006,0.0959422,0.386689,0.3203,0.291713,10.5995,2.68772,-5.38294,-0.836366
2012-04-02,19.499,5.53517,75.1302,15763.5,0.247952,59.0074,4,0.189898,0.306006,0.0196308,0.360166,0.3203,0.291713,9.84993,3.46635,-4.19982,-0.10909
2012-04-03,19.48,4.95158,75.1302,15763.5,0.163898,59.3794,4,0.0217893,0.306006,-0.0981018,0.14168,0.3203,0.291713,7.96992,3.82692,-3.03241,0.614945
2012-04-04,19.487,4.94135,75.1302,15763.5,0.153939,59.5662,4,0.00187254,0.306006,-0.12432,0.128066,0.3203,0.291713,5.92034,4.17483,-1.86738,1.33839
2012-04-09,19.477,4.94076,75.1302,15763.5,0.0446481,59.5554,4,-0.21671,0.306006,-0.552233,0.118813,0.3203,0.291713,3.67712,4.51965,-0.703525,2.06211
2012-04-10,19.511,4.95947,75.1302,15763.5,0.19392,60.5325,4,0.0810956,0.306745,0.0372038,0.124987,0.321777,0.291713,2.44043,4.8516,0.460596,2.77989
2012-04-11,19.488,4.01887,75.1302,15763.5,0.145397,60.6586,4,-0.0251595,0.315953,0.161225,-0.211544,0.326289,0.305617,0.842693,4.67709,1.62643,3.51234
2012-04-12,19.493,3.37445,75.1302,15763.5,0.13464,62.0063,4,-0.0558614,0.325141,0.330386,-0.442108,0.329369,0.320912,0.848119,4.12875,2.78557,4.24385
2012-04-13,19.546,3.52643,75.1302,15763.5,0.212179,63.7358,4,0.133294,0.291063,0.654318,-0.38773,0.334323,0.247803,1.27102,3.61939,3.93468,4.91071
2012-04-16,19.6,3.22043,74.6001,15905.5,0.306985,66.1443,4,0.300811,0.313159,1.09993,-0.498312,-0.133719,0.760038,2.54972,2.94266,4.68123,5.97067
2012-04-17,19.717,3.53703,74.6001,15905.5,0.479324,66.763,4,0.645712,0.312937,1.67621,-0.384787,-0.134164,0.760038,4.43429,2.35049,4.56828,5.40989
2012-04-18,19.941,5.1046,74.6001,15905.5,0.989423,69.8782,4,1.7861,0.192748,3.39641,0.175778,-0.143942,0.529439,8.08482,2.14867,4.11989,5.52477
2012-04-19,19.902,5.08432,74.6001,15905.5,0.908377,71.6005,4,1.62549,0.191266,3.0879,0.16308,-0.143942,0.526474,10.3259,1.9144,3.70019,5.66004
2012-04-20,19.905,5.06592,74.6001,15905.5,0.810457,72.9941,4,1.43113,0.189784,2.71625,0.146009,-0.143942,0.52351,12.2411,1.67213,3.2853,5.79561
2012-04-24,19.88,5.12336,74.6001,15905.5,0.670259,73.4808,4,1.1509,0.189623,2.14233,0.159464,-0.144265,0.52351,13.1798,1.45783,2.88519,5.95803
2012-04-25,19.863,5.13966,74.6001,15905.5,0.432726,73.1028,4,0.677544,0.187908,1.19093,0.164154,-0.147694,0.52351,13.1805,1.27361,2.49759,6.15114
2012-04-26,19.856,5.08623,74.6001,15905.5,0.0324571,72.0572,4,-0.121373,0.186287,-0.387022,0.144276,-0.150936,0.52351,12.4844,1.07469,2.12938,6.36875
2012-04-27,19.817,5.17371,74.6001,15905.5,0.0422146,71.4819,4,-0.101858,0.186287,-0.377735,0.174019,-0.150936,0.52351,12.2156,0.928822,1.76755,6.56995
2012-04-30,19.793,5.21966,74.6001,15905.5,-0.00169456,70.6814,4,-0.189676,0.186287,-0.560253,0.180901,-0.150936,0.52351,11.7017,0.79546,1.40488,6.77938
2012-05-02,19.893,5.40656,74.6001,15905.5,0.2278,70.3515,4,0.269314,0.186287,0.311238,0.22739,-0.150936,0.52351,11.6569,0.68508,1.03656,6.97292
2012-05-03,19.905,5.25912,74.6001,15905.5,0.262476,70.3195,4,0.338665,0.186287,0.515128,0.162202,-0.150936,0.52351,11.9885,0.50859,0.666011,7.15637
2012-05-04,19.862,5.26391,74.6001,15905.5,0.199456,70.1807,4,0.212624,0.186287,0.263077,0.162171,-0.150936,0.52351,12.1884,0.353073,0.295503,7.34374
2012-05-07,19.848,5.25187,74.6001,15905.5,0.242045,70.4042,4,0.297802,0.186287,0.43866,0.156944,-0.150936,0.52351,12.597,0.364686,-0.0753782,7.51791
2012-05-08,19.89,5.26324,74.6001,15905.5,0.358463,70.9856,4,0.530638,0.186287,0.899444,0.161832,-0.150936,0.52351,13.3626,0.390087,-0.44462,7.67752
2012-05-09,19.992,5.42207,74.6001,15905.5,0.3722,71.9053,4,0.558112,0.186287,0.897939,0.218285,-0.150936,0.52351,14.4287,0.46579,-0.810108,7.82087
2012-05-10,19.921,5.68533,74.6001,15905.5,0.249492,72.0599,4,0.312697,0.186287,0.310991,0.314404,-0.150936,0.52351,14.6299,0.613051,-1.17792,7.99491
2012-05-11,19.924,5.63585,74.6001,15905.5,0.324193,72.5546,4,0.4621,0.186287,0.630554,0.293646,-0.150936,0.52351,14.9541,1.00407,-1.54563,8.14208
2012-05-14,20.029,5.81252,74.6001,15905.5,0.541645,73.6643,4,0.897003,0.186287,1.43753,0.356477,-0.150936,0.52351,15.7113,1.61423,-1.90645,8.24527
2012-05-15,20.053,5.79038,73.7279,16039.6,0.43803,74.2701,4,0.826081,0.0499786,1.30494,0.347224,-0.971871,1.07183,16.1525,2.1736,-2.9042,8.84814
2012-05-16,20.05,5.78392,73.7279,16039.6,0.254859,74.1309,4,0.459739,0.0499786,0.57891,0.340568,-0.971871,1.07183,15.7656,2.82149,-3.55218,9.09603
2012-05-17,20.089,5.5097,73.7279,16039.6,0.414914,73.9584,4,0.779849,0.0499786,1.33208,0.227621,-0.971871,1.07183,15.5173,3.29664,-4.2018,9.34623
2012-05-18,20.173,4.14363,73.7279,16039.6,0.427422,72.4286,4,0.804866,0.0499786,1.88064,-0.270913,-0.971871,1.07183,14.48,2.97928,-4.88428,9.8536
2012-05-22,20.264,4.25214,73.7279,16039.6,0.814627,72.1692,4,0.775041,0.854213,1.77669,-0.226604,0.543971,1.16446,13.4796,2.68004,-4.35548,10.365
2012-05-23,20.708,8.49507,73.7279,16039.6,1.76784,74.7611,4,2.6885,0.847182,4,1.377,0.543971,1.15039,14.2543,3.5824,-3.76008,10.6844
2012-05-24,20.605,8.78171,73.7279,16039.6,1.76734,77.5669,4,2.69452,0.840152,3.90371,1.48533,0.543971,1.13633,15.2947,4.50774,-3.16793,10.9324
2012-05-25,20.395,9.73732,73.7279,16039.6,1.43781,79.9743,4,2.02655,0.849071,2.2066,1.8465,0.561809,1.13633,15.7355,5.65634,-2.58168,11.1642
2012-05-28,20.348,9.80637,73.7279,16039.6,1.22703,82.6242,4,1.59475,0.85932,1.3169,1.8726,0.582306,1.13633,16.5494,6.74945,-1.98858,11.314
2012-05-29,20.546,10.1689,73.7279,16039.6,1.43585,85.4192,4,2.01166,0.860048,2.01367,2.00964,0.583764,1.13633,17.6644,7.80113,-1.41341,11.3671
2012-05-30,21.06,12.935,73.7279,16039.6,1.79494,88.5522,4,2.73912,0.850755,2.42318,3.05506,0.565176,1.13633,18.8292,9.34605,-0.874495,11.2514
2012-05-31,21.235,13.0498,73.7279,16039.6,2.19507,91.397,4,3.54922,0.840919,4,3.09844,0.545504,1.13633,20.1219,10.639,-0.391095,11.0272
2012-06-01,21.438,13.1914,73.7279,16039.6,2.20845,93.6548,4,3.57597,0.840919,4,3.15195,0.545504,1.13633,21.0429,11.8038,0.0425046,10.7656
2012-06-04,21.431,13.0987,73.7279,16039.6,2.19969,95.465,4,3.55847,0.840919,4,3.11694,0.545504,1.13633,21.8489,12.7326,0.426614,10.4568
2012-06-05,21.465,13.0192,73.7279,16039.6,2.19218,96.8049,4,3.54344,0.840919,4,3.08688,0.545504,1.13633,22.3951,13.4969,0.764435,10.1485
2012-06-06,21.635,13.0744,73.7279,16039.6,2.14143,97.7261,4,3.44194,0.840919,3.77612,3.10776,0.545504,1.13633,22.5718,14.2009,1.06536,9.88807
2012-06-07,21.641,13.1424,73.7279,16039.6,1.8778,98.3191,4,2.91468,0.840919,2.69593,3.13343,0.545504,1.13633,22.3588,14.9051,1.34265,9.71262
2012-06-08,21.649,12.9163,73.7279,16039.6,1.54553,98.7183,4,2.25015,0.840919,1.45231,3.04798,0.545504,1.13633,21.9764,15.5398,1.60286,9.59929
2012-06-11,21.495,13.4639,73.7279,16039.6,1.36852,98.9776,4,1.89612,0.840919,0.537279,3.25496,0.545504,1.13633,21.2301,16.3335,1.8554,9.55859
2012-06-12,21.505,13.5023,73.7279,16039.6,1.33373,99.1425,4,1.82655,0.840919,0.383637,3.26946,0.545504,1.13633,20.2677,17.1792,2.10717,9.58842
2012-06-13,21.602,13.4767,73.7279,16039.6,1.21633,99.2813,4,1.59175,0.840919,-0.076278,3.25978,0.545504,1.13633,19.2164,17.9865,2.68872,9.38969
2012-06-14,21.639,13.4219,74.7156,16124.4,1.60871,99.4761,4,1.67633,1.5411,0.113593,3.23907,1.60131,1.48089,18.2633,18.4258,3.60889,9.17813
2012-06-15,21.579,13.6123,74.7156,16124.4,1.5202,99.5987,4,1.49931,1.5411,-0.312424,3.31104,1.60131,1.48089,17.0422,19.0268,4.48776,9.04198
2012-06-18,21.647,13.6112,74.7156,16124.4,1.87399,99.7202,4,2.20688,1.5411,1.10313,3.31064,1.60131,1.48089,16.0585,19.5783,5.25864,8.8247
2012-06-20,21.626,13.6976,74.7156,16124.4,1.8214,99.784,4,2.1244,1.51841,0.905535,3.34326,1.55593,1.48089,15.2964,20.3185,5.4766,8.69246
2012-06-21,21.721,11.8659,74.7156,16124.4,0.725763,99.7177,4,1.7702,-0.318679,0.889405,2.651,0.145123,-0.782481,14.5969,21.3956,5.49146,8.23366
2012-06-22,21.731,11.5708,74.7156,16124.4,0.654832,99.6271,4,1.62834,-0.318679,0.717221,2.53947,0.145123,-0.782481,13.85,22.4943,5.51696,7.76581
2012-06-25,21.852,10.5476,74.7156,16124.4,0.844746,99.5689,4,2.00817,-0.318679,1.86358,2.15276,0.145123,-0.782481,13.9581,23.0066,5.45086,7.15335
2012-06-26,21.995,10.3726,74.7156,16124.4,0.944386,99.5384,4,2.20745,-0.318679,2.32828,2.08662,0.145123,-0.782481,14.4723,23.2828,5.32451,6.45877
2012-06-27,22.086,10.1462,74.7156,16124.4,1.11112,99.501,4,2.51557,-0.293336,3.03011,2.00103,0.145123,-0.731795,15.0154,23.5041,5.2018,5.77963
2012-06-28,22.102,6.41985,74.7156,16124.4,0.638066,99.3447,4,1.56066,-0.284525,2.52651,0.594802,0.149355,-0.718404,15.5873,23.3219,5.21433,5.22128
2012-06-29,21.917,7.09518,74.7156,16124.4,0.397055,99.0158,4,1.07863,-0.284525,1.30631,0.85096,0.149355,-0.718404,15.3002,23.6664,5.33755,4.71161
2012-07-02,21.823,6.73141,74.7156,16124.4,0.0245247,98.4295,4,0.333574,-0.284525,-0.0458292,0.712977,0.149355,-0.718404,14.5039,24.2105,5.53181,4.18331
2012-07-03,21.856,6.71895,74.7156,16124.4,-0.148846,97.4871,4,-0.0131667,-0.284525,-0.734586,0.708253,0.149355,-0.718404,13.259,24.8857,5.76335,3.57913
2012-07-04,21.959,6.84593,74.7156,16124.4,-0.116545,96.1385,4,0.0514353,-0.284525,-0.653546,0.756417,0.149355,-0.718404,11.7631,25.5324,5.99057,2.85243
2012-07-05,21.986,6.36623,74.7156,16124.4,-0.143195,94.2739,4,-0.00186634,-0.284525,-0.581114,0.577381,0.149355,-0.718404,10.1127,25.965,6.20656,1.98967
2012-07-06,22.066,6.44032,74.7156,16124.4,0.283256,92.5971,4,0.851037,-0.284525,1.09079,0.611284,0.149355,-0.718404,9.63953,25.7229,6.27447,0.960269
2012-07-09,21.979,6.67233,74.7156,16124.4,0.316183,91.0661,4,0.916891,-0.284525,1.13322,0.700563,0.149355,-0.718404,9.79377,25.1907,6.25598,-0.174365
2012-07-10,21.947,6.05706,74.7156,16124.4,0.154573,89.3346,4,0.59367,-0.284525,0.71714,0.470199,0.149355,-0.718404,10.2544,24.2552,6.21654,-1.39153
2012-07-11,21.819,6.53266,74.7156,16124.4,-0.159291,86.8887,4,-0.0340573,-0.284525,-0.731877,0.663763,0.149355,-0.718404,9.9168,23.479,6.20227,-2.70934
2012-07-12,21.742,6.53939,74.7156,16124.4,-0.316066,84.0013,4,-0.347607,-0.284525,-1.36704,0.671827,0.149355,-0.718404,9.39279,22.5689,6.16493,-4.12527
2012-07-13,21.688,6.59077,74.7156,16124.4,-0.51732,79.3557,4,-0.750115,-0.284525,-2.19251,0.692278,0.149355,-0.718404,8.1414,21.7798,5.38924,-5.95471
2012-07-16,21.687,6.50266,76.0778,16396.5,0.237686,76.2029,4,-0.496511,0.971883,-1.65191,0.658891,1.60562,0.338147,7.33024,20.3169,5.5289,-6.97319
2012-07-17,21.735,6.45571,76.0778,16396.5,0.359445,72.1629,4,-0.252993,0.971883,-1.14679,0.640804,1.60562,0.338147,5.76755,18.7641,5.67572,-8.04443
2012-07-19,21.734,6.44174,76.0778,16396.5,0.551462,68.5362,4,0.140363,0.962561,-0.354736,0.635463,2.17232,-0.247198,4.87265,16.9571,6.26782,-9.56143
2012-07-20,21.717,6.26046,76.0778,16396.5,0.612983,68.2045,4,0.294181,0.931784,0.024222,0.564141,2.11077,-0.247198,4.19238,15.3238,7.83835,-9.14999
2012-07-23,21.854,6.64826,76.0778,16396.5,0.940343,69.0412,4,0.977982,0.902703,1.23653,0.719436,2.0526,-0.247198,4.58792,13.8267,9.31913,-8.69256
2012-07-24,21.952,6.5451,76.0778,16396.5,1.08311,69.7323,4,1.26608,0.900141,1.85404,0.678124,2.04748,-0.247198,4.56566,12.619,10.79,-8.24236
2012-07-25,21.857,6.29013,76.0778,16396.5,0.812948,69.3521,4,0.761792,0.864105,0.945832,0.577752,1.97541,-0.247198,3.48123,11.449,12.2559,-7.83406
2012-07-26,21.632,6.9934,76.0778,16396.5,0.51498,67.6018,4,0.197216,0.832744,-0.465794,0.860226,1.91269,-0.247198,0.723819,10.6285,13.7578,-7.50836
2012-07-27,21.516,7.12355,76.0778,16396.5,0.369968,66.8015,4,-0.0928088,0.832744,-1.09812,0.912502,1.91269,-0.247198,-2.16982,10.9165,15.2108,-7.15597
2012-07-30,21.61,6.88212,76.0778,16396.5,0.278731,66.4458,4,-0.275282,0.832744,-1.36365,0.813084,1.91269,-0.247198,-4.30891,10.9011,16.6424,-6.78876
2012-07-31,21.566,6.7715,76.0778,16396.5,0.0431949,66.502,4,-0.746354,0.832744,-2.25996,0.767252,1.91269,-0.247198,-6.07904,10.9422,18.0493,-6.4104
2012-08-01,21.428,7.02517,76.0778,16396.5,0.0158232,66.9963,4,-0.839135,0.870781,-2.54658,0.868308,1.91269,-0.171124,-7.51403,11.049,19.4225,-5.96121
2012-08-02,21.278,6.99847,76.0778,16396.5,0.149739,67.7893,4,-0.609341,0.908818,-2.07488,0.856194,1.91269,-0.0950504,-8.62097,11.0929,20.7634,-5.446
2012-08-03,20.866,9.37747,76.0778,16396.5,-0.0954921,67.9305,4,-1.0998,0.908818,-4,1.8004,1.91269,-0.0950504,-11.335,12.059,22.1535,-4.94701
2012-08-06,20.804,9.08239,76.0778,16396.5,-0.127945,66.7048,4,-1.16471,0.908818,-4,1.67058,1.91269,-0.0950504,-15.4601,12.9655,23.6727,-4.47332
2012-08-07,20.791,9.11021,76.0778,16396.5,-0.130238,65.3537,4,-1.16929,0.908818,-4,1.66141,1.91269,-0.0950504,-19.6603,13.8019,25.207,-3.99489
2012-08-08,20.843,9.29263,76.0778,16396.5,0.000776688,64.8835,4,-0.907265,0.908818,-3.53671,1.72219,1.91269,-0.0950504,-23.1145,14.8314,26.6664,-3.49983
2012-08-09,20.874,9.31519,76.0778,16396.5,0.290133,66.2508,4,-0.328551,0.908818,-2.37461,1.71751,1.91269,-0.0950504,-24.3178,15.6033,27.949,-2.98379
2012-08-10,20.967,9.59168,76.0778,16396.5,1.12175,70.4757,4,1.33467,0.908818,0.862329,1.80702,1.91269,-0.0950504,-22.1225,16.2115,28.8262,-2.43945
2012-08-13,21.1,10.0105,76.0778,16396.5,1.47146,75.8809,4,2.0341,0.908818,2.11145,1.95674,1.91269,-0.0950504,-18.1448,16.6595,29.2537,-1.88761
2012-08-14,21.241,10.4038,76.3567,16507.7,1.92554,80.0093,4,2.5902,1.26088,3.08199,2.0984,2.17518,0.346585,-14.0681,17.1769,28.7203,-1.81992
2012-08-15,21.484,11.2571,76.3567,16507.7,2.30173,84.1938,4,3.20627,1.39719,4,2.41254,2.99612,-0.201733,-9.83638,17.6869,28.4654,-2.12211
2012-08-16,21.424,11.2821,76.3567,16507.7,2.20308,87.2636,4,3.04113,1.36502,3.66916,2.4131,2.93177,-0.201733,-6.71507,18.1665,27.8168,-2.00476
2012-08-17,21.424,11.2849,76.3567,16507.7,2.03221,89.5481,4,2.73343,1.33098,3.06876,2.3981,2.86369,-0.201733,-4.48129,18.6731,27.2558,-1.89947
2012-08-20,21.411,10.9816,76.3567,16507.7,1.7602,90.7243,4,2.19263,1.32778,2.13166,2.2536,2.85729,-0.201733,-3.80961,19.2194,27.1415,-1.82698
2012-08-21,21.438,10.8263,76.3567,16507.7,1.55607,91.3567,4,1.78436,1.32778,1.39851,2.17022,2.85729,-0.201733,-4.04337,19.8935,27.2802,-1.77365
2012-08-22,21.548,10.9803,76.3567,16507.7,1.3562,92.0426,4,1.38463,1.32778,0.554202,2.21505,2.85729,-0.201733,-4.22096,20.5886,27.3925,-1.71753
2012-08-23,21.611,10.4324,76.3567,16507.7,1.49487,93.1745,4,1.66196,1.32778,1.31165,2.01228,2.85729,-0.201733,-3.03409,20.6832,27.166,-1.64061
2012-08-24,21.581,10.2568,76.3567,16507.7,1.41897,94.2441,4,1.53428,1.30367,1.12513,1.94342,2.80908,-0.201733,-1.64844,20.6276,26.8274,-1.56238
2012-08-27,21.61,10.1479,76.3567,16507.7,1.44932,95.2771,4,1.63969,1.25896,1.37804,1.90134,2.71965,-0.201733,-0.0558524,20.4968,26.3171,-1.48095
2012-08-28,21.665,10.1561,76.3567,16507.7,1.48194,96.3372,4,1.72508,1.23881,1.54902,1.90113,2.67935,-0.201733,1.98225,20.1904,25.5553,-1.39072
2012-08-29,21.703,9.85644,76.3567,16507.7,1.3358,97.1304,4,1.44533,1.22628,1.10004,1.79062,2.6543,-0.201733,3.76888,19.8298,24.8807,-1.34902
2012-08-30,21.61,9.61972,76.3567,16507.7,1.07385,97.5961,4,0.921424,1.22628,0.138559,1.70429,2.6543,-0.201733,4.76015,19.6739,24.5248,-1.36279
2012-08-31,21.418,7.03316,76.3567,16507.7,0.591467,97.8996,4,-0.0433473,1.22628,-0.860837,0.774142,2.6543,-0.201733,6.18441,18.7472,24.353,-1.38511
2012-09-03,21.323,7.16983,76.3567,16507.7,0.412285,98.1149,4,-0.401711,1.22628,-1.61919,0.815769,2.6543,-0.201733,7.21757,18.0181,24.2917,-1.41247
2012-09-04,21.373,7.14522,76.3567,16507.7,0.405344,98.3095,4,-0.415592,1.22628,-1.62652,0.795332,2.6543,-0.201733,8.21177,17.3064,24.2301,-1.43878
2012-09-05,21.429,7.1478,76.3567,16507.7,0.434261,98.4542,4,-0.357759,1.22628,-1.4968,0.781281,2.6543,-0.201733,9.04583,16.6337,24.2433,-1.46862
2012-09-06,21.389,7.24017,76.3567,16507.7,0.522158,98.5272,4,-0.181737,1.22605,-1.16866,0.805188,2.6543,-0.20219,9.53494,16.092,24.4075,-1.50721
2012-09-07,21.305,7.355,76.3567,16507.7,0.692705,98.3898,4,0.159638,1.22577,-0.517058,0.836334,2.6543,-0.202751,9.02153,15.859,25.0874,-1.57809
2012-09-10,21.366,7.10861,76.3567,16507.7,0.908836,98.1932,4,0.591951,1.22572,0.435712,0.74819,2.6543,-0.202853,8.38799,15.5708,25.8921,-1.65777
2012-09-11,21.323,6.79188,76.3567,16507.7,0.743151,97.7124,4,0.260581,1.22572,-0.122027,0.643189,2.6543,-0.202853,7.12957,15.4514,27.124,-1.99261
2012-09-12,21.308,5.35566,76.3567,16507.7,0.515845,96.7851,4,-0.194031,1.22572,-0.55513,0.167067,2.6543,-0.202853,5.16895,15.1866,28.5398,-2.11032
2012-09-13,21.252,5.34622,76.3567,16507.7,0.19191,95.39,4,-0.245371,0.62919,-0.65468,0.163938,1.8077,-0.549319,3.10196,14.9354,29.7956,-2.44302
2012-09-14,21.079,6.01051,76.7646,16739.2,0.426453,93.9575,4,-0.408209,1.26111,-1.20058,0.384158,2.15735,0.364876,0.761663,14.5223,30.9101,-2.2366
2012-09-17,21.095,6.03618,76.7646,16739.2,0.362176,92.4454,4,-0.536763,1.26111,-1.46619,0.392666,2.15735,0.364876,-1.40283,14.0146,31.8211,-1.98738
2012-09-18,21.152,6.12049,76.7646,16739.2,0.520947,91.1516,4,-0.21922,1.26111,-0.855237,0.416796,2.15735,0.364876,-2.86535,13.3441,32.3649,-1.69209
2012-09-19,21.213,5.88679,76.7646,16739.2,0.614011,90.1269,4,-0.0330919,1.26111,-0.395234,0.32905,2.15735,0.364876,-3.53765,12.4179,32.6106,-1.36402
2012-09-20,21.174,5.73007,76.7646,16739.2,0.624277,88.8174,4,-0.0125597,1.26111,-0.294426,0.269307,2.15735,0.364876,-4.68294,11.5743,32.9502,-1.02412
2012-09-21,21.103,5.78918,76.7646,16739.2,0.79114,87.7989,4,0.311278,1.271,0.32998,0.292576,2.15735,0.38465,-5.29613,10.666,33.0777,-0.648613
2012-09-24,21.126,5.77556,76.7646,16739.2,0.80666,86.6906,4,0.331298,1.28202,0.372844,0.289751,2.15735,0.40669,-6.07165,9.74908,33.2581,-0.244894
2012-09-25,21.129,5.63414,76.7646,16739.2,0.71398,85.2778,4,0.140068,1.28789,0.0413236,0.238813,2.15735,0.418429,-7.23929,8.78553,33.5502,0.181384
2012-09-26,21.175,5.66592,76.7646,16739.2,0.685023,84.0046,4,0.0908559,1.27919,-0.050102,0.231814,2.12752,0.430865,-8.16761,7.82535,33.7158,0.631083
2012-09-27,21.063,5.74897,76.7646,16739.2,0.575115,82.9814,4,-0.128284,1.27851,-0.499203,0.242635,2.11775,0.439275,-8.72007,6.87343,33.7314,1.09665
2012-09-28,20.988,5.07997,76.7646,16739.2,0.507186,82.8045,4,-0.264141,1.27851,-0.529278,0.000995681,2.11775,0.439275,-8.4997,6.33326,33.4132,1.55777
2012-10-01,20.674,7.05083,76.7646,16739.2,0.155965,82.2592,4,-0.966583,1.27851,-2.63756,0.704391,2.11775,0.439275,-9.28323,6.29032,33.2234,2.02863
2012-10-02,20.517,7.20764,76.7646,16739.2,-0.0834145,81.1894,4,-1.44534,1.27851,-3.6504,0.759719,2.11775,0.439275,-10.8587,6.33338,33.1971,2.51764
2012-10-03,20.497,7.00965,76.7646,16739.2,-0.188615,79.7698,4,-1.65574,1.27851,-4,0.688511,2.11775,0.439275,-12.8518,6.34999,33.2471,3.02447
2012-10-04,20.464,7.01197,76.7646,16739.2,-0.0790618,78.3405,4,-1.43664,1.27851,-3.55899,0.685714,2.11775,0.439275,-14.796,6.33907,33.2564,3.54098
2012-10-05,20.464,7.02273,76.7646,16739.2,0.039437,76.7231,4,-1.19964,1.27851,-3.0822,0.68292,2.11775,0.439275,-16.9243,6.30342,33.2724,4.0716
2012-10-08,20.551,7.16574,76.7646,16739.2,0.673352,76.1241,4,0.0681904,1.27851,-0.591432,0.727813,2.11775,0.439275,-17.7786,6.31546,33.0099,4.57727
2012-10-09,20.571,7.23994,76.7646,16739.2,0.955905,76.6657,4,0.633297,1.27851,0.515791,0.750802,2.11775,0.439275,-17.2261,6.37213,32.4744,5.0453
2012-10-10,20.435,7.42496,76.7646,16739.2,0.786649,77.3451,4,0.294785,1.27851,-0.223444,0.813015,2.11775,0.439275,-16.8883,6.82595,31.9044,5.50302
2012-10-11,20.262,7.76613,76.7646,16739.2,0.590313,78.324,4,-0.0978867,1.27851,-1.12723,0.931458,2.11775,0.439275,-17.1106,7.34654,31.8891,6.19903
2012-10-12,20.024,8.22047,76.7646,16739.2,-0.369997,76.3426,4,-0.792545,0.0525503,-2.677,1.09191,0.971481,-0.866381,-18.4937,7.99639,31.4797,5.36027
2012-10-16,19.971,8.12605,76.6436,16962.1,-0.370984,74.4339,4,-1.25658,0.514615,-3.56125,1.04808,0.869687,0.159543,-20.3463,8.60492,30.9026,5.27271
2012-10-17,19.936,7.88099,76.6436,16962.1,-0.479649,71.7049,4,-1.47391,0.514615,-3.89425,0.94642,0.869687,0.159543,-23.0505,9.15841,30.399,5.19801
2012-10-18,19.73,7.98337,76.6436,16962.1,-0.498695,68.5149,4,-1.512,0.514615,-4,0.97599,0.869687,0.159543,-26.2724,9.81553,29.855,5.11677
2012-10-19,19.833,8.56303,76.6436,16962.1,-0.0874465,66.3974,4,-0.689508,0.514615,-2.56036,1.18135,0.869687,0.159543,-28.3135,10.6305,29.0835,4.99684
2012-10-22,19.758,8.56497,76.6436,16962.1,0.1736,64.5166,4,-0.167416,0.514615,-1.51602,1.18119,0.869687,0.159543,-29.9887,11.4169,28.2396,4.84872
2012-10-24,19.74,8.45798,76.6436,16962.1,0.217386,62.6882,4,-0.0798424,0.514615,-1.28856,1.12888,0.869687,0.159543,-31.5015,12.1602,27.3539,4.67555
2012-10-25,19.77,8.54792,76.6436,16962.1,0.326614,61.4702,4,0.138614,0.514615,-0.869105,1.14633,0.869687,0.159543,-32.3436,12.9372,26.3963,4.48034
2012-10-26,19.863,8.80565,76.6436,16962.1,0.828894,61.924,4,1.14317,0.514615,1.05031,1.23604,0.869687,0.159543,-31.4128,13.7373,25.3446,4.25489
2012-10-29,19.93,9.06479,76.6436,16962.1,0.787477,62.5908,4,1.06034,0.514615,0.802718,1.31796,0.869687,0.159543,-30.3013,14.5838,24.2877,4.02058
2012-10-30,19.917,9.08957,76.6436,16962.1,0.88583,63.7702,4,1.25705,0.514615,1.18853,1.32556,0.869687,0.159543,-28.8097,15.6029,23.1961,3.78083
2012-10-31,19.906,7.82388,76.6436,16962.1,0.782852,65.694,4,1.05109,0.514615,1.23421,0.867967,0.869687,0.159543,-25.5195,15.6345,22.0467,3.53227
2012-11-01,19.877,7.52535,76.6436,16962.1,0.660369,67.9245,4,0.806123,0.514615,0.855485,0.756761,0.869687,0.159543,-21.715,15.497,20.8634,3.27924
2012-11-05,19.745,7.73226,76.6436,16962.1,0.319004,69.4111,4,0.123394,0.514615,-0.581304,0.828092,0.869687,0.159543,-18.8712,15.5054,19.7402,3.03667
2012-11-06,19.779,7.83672,76.6436,16962.1,0.278435,70.4394,4,0.0422547,0.514615,-0.778961,0.86347,0.869687,0.159543,-16.5922,15.5685,18.6613,2.80173
2012-11-07,19.872,8.1428,76.6436,16962.1,0.471206,71.6596,4,0.436281,0.50613,-0.0965579,0.96912,0.852718,0.159543,-14.1549,15.6938,17.5552,2.5655
2012-11-08,19.848,7.86082,76.6436,16962.1,0.420244,70.9472,4,0.342517,0.49797,-0.180548,0.865582,0.836398,0.159543,-13.886,15.8609,16.6165,2.3558
2012-11-09,19.903,7.96804,76.6436,16962.1,0.559214,69.8141,4,0.620458,0.49797,0.348159,0.892756,0.836398,0.159543,-14.0966,16.0624,15.6998,2.1485
2012-11-12,19.9,7.75994,76.6436,16962.1,0.744976,69.694,4,0.991982,0.49797,1.1693,0.814664,0.836398,0.159543,-13.0057,16.0729,14.6977,1.929
2012-11-13,19.951,7.38778,76.6436,16962.1,0.738263,70.1196,4,0.978556,0.49797,1.27431,0.6828,0.836398,0.159543,-11.088,15.8442,13.6586,1.70478
2012-11-14,19.909,6.1659,76.5963,17251.6,0.540637,72.6778,4,0.335132,0.746142,0.403227,0.267036,0.572402,0.919881,-8.54558,14.9896,13.1643,3.06938
2012-11-15,19.841,6.21099,76.5963,17251.6,0.465812,74.9286,4,0.198385,0.733238,0.114391,0.282379,0.572402,0.894075,-5.61162,14.1959,12.7547,3.58969
2012-11-16,19.785,6.25519,76.5963,17251.6,0.277462,76.8772,4,-0.153864,0.708788,-0.605146,0.297418,0.572402,0.845174,-3.04973,13.512,12.3561,4.05885
2012-11-19,19.708,5.21633,76.5963,17251.6,0.060493,78.2604,4,-0.56498,0.685966,-1.08416,-0.0458042,0.572402,0.79953,-0.837287,12.6029,12.0011,4.49364
2012-11-20,19.655,4.90359,76.5963,17251.6,-0.134427,78.1461,4,-0.953918,0.685063,-1.758,-0.149836,0.572402,0.797724,-0.237719,11.6186,11.7899,4.97531
2012-11-21,19.699,4.82538,76.5963,17251.6,0.00274345,77.7274,4,-0.679576,0.685063,-1.19671,-0.162447,0.572402,0.797724,0.00120169,10.6489,11.6062,5.47109
2012-11-22,19.659,4.8651,76.5963,17251.6,0.05385,77.3223,4,-0.577363,0.685063,-1.01914,-0.135586,0.572402,0.797724,0.204107,9.73025,11.419,5.96899
2012-11-23,19.694,4.87819,76.5963,17251.6,0.20237,77.0118,4,-0.280323,0.685063,-0.430328,-0.130318,0.572402,0.797724,0.535816,8.78956,11.2216,6.46487
2012-11-26,19.676,4.52675,76.5963,17251.6,0.268332,75.5818,4,-0.148399,0.685063,-0.0488324,-0.247966,0.572402,0.797724,-0.296955,7.74887,11.1112,7.01868
2012-11-27,19.693,4.3279,76.5963,17251.6,0.365227,74.4738,4,0.0453916,0.685063,0.399698,-0.308915,0.572402,0.797724,-0.608825,6.55629,10.9652,7.56109
2012-11-28,19.705,4.34892,76.5963,17251.6,0.312756,72.9289,4,-0.0595522,0.685063,0.182658,-0.301763,0.572402,0.797724,-1.39488,5.35648,10.8391,8.12819
2012-11-29,19.679,4.35786,76.5963,17251.6,0.335879,71.6924,4,-0.0133062,0.685063,0.27404,-0.300652,0.572402,0.797724,-2.15461,4.48105,10.6826,8.68341
2012-11-30,19.653,4.35447,76.5963,17251.6,0.237464,70.4981,4,-0.210136,0.685063,-0.116134,-0.304138,0.572402,0.797724,-2.93172,3.67515,10.5155,9.23915
2012-12-03,19.558,4.05445,76.5963,17251.6,0.084771,69.8268,4,-0.515521,0.685063,-0.618687,-0.412356,0.572402,0.797724,-2.97085,2.70908,10.3157,9.77283
2012-12-04,19.494,4.08343,76.5963,17251.6,-0.0453702,68.8876,4,-0.775804,0.685063,-1.14937,-0.402241,0.572402,0.797724,-3.2772,1.71846,10.1254,10.321
2012-12-05,19.466,3.5498,76.5963,17251.6,-0.157436,67.0292,4,-0.999936,0.685063,-1.41136,-0.588512,0.572402,0.797724,-4.35257,0.488612,9.98139,10.9117
2012-12-06,19.469,3.5737,76.5963,17251.6,-0.107353,65.4361,4,-0.899769,0.685063,-1.21937,-0.580172,0.572402,0.797724,-5.21272,-0.669436,9.82892,11.4893
2012-12-07,19.47,3.31853,76.5963,17251.6,-0.0824743,63.4612,4,-0.850012,0.685063,-1.03078,-0.669243,0.572402,0.797724,-6.3608,-1.93616,9.67898,12.0792
2012-12-10,19.371,3.5848,76.5963,17251.6,-0.0661005,60.9137,4,-0.817264,0.685063,-1.05823,-0.576296,0.572402,0.797724,-8.21717,-3.08135,9.53067,12.6815
2012-12-11,19.113,5.33198,76.5963,17251.6,-0.242172,57.7715,4,-1.16941,0.685063,-2.36551,0.0266998,0.572402,0.797724,-11.2502,-3.63825,9.37509,13.2848
2012-12-12,19.159,5.57135,76.5963,17251.6,-0.0951437,55.7057,4,-0.875351,0.685063,-1.85897,0.10827,0.572402,0.797724,-13.1416,-3.77944,9.4029,13.2239
2012-12-13,19.187,5.66555,76.5963,17251.6,-0.043806,54.0383,4,-0.772675,0.685063,-1.68567,0.140317,0.572402,0.797724,-14.6452,-3.90282,9.41904,13.1673
2012-12-14,19.202,5.71292,76.5963,17251.6,-0.0176411,53.0694,4,-0.720345,0.685063,-1.58555,0.144854,0.572402,0.797724,-15.463,-4.03126,9.42586,13.1378
2012-12-17,19.273,5.92084,75.6794,17235.4,-0.233815,52.1012,4,-0.131396,-0.336234,-0.46665,0.203858,-0.499711,-0.172758,-14.9625,-3.82771,8.54762,12.3437
2012-12-18,19.291,5.93266,75.6794,17235.4,0.219257,53.2645,4,0.774749,-0.336234,1.344,0.205498,-0.499711,-0.172758,-12.3989,-3.53267,7.6594,11.5367
2012-12-19,19.258,5.81719,75.6794,17235.4,0.0755081,53.5035,4,0.487251,-0.336234,0.811748,0.162753,-0.499711,-0.172758,-10.7436,-3.26439,6.77563,10.7359
2012-12-20,19.228,5.80989,75.6794,17235.4,-0.0222142,53.2536,4,0.291806,-0.336234,0.433144,0.150467,-0.499711,-0.172758,-9.54993,-3.02948,5.8942,9.93885
2012-12-21,19.203,5.70888,75.6794,17235.4,-0.0992227,52.2618,4,0.137789,-0.336234,0.172017,0.103561,-0.499711,-0.172758,-9.05925,-2.83856,5.01445,9.14514
2012-12-24,19.195,5.71563,75.6794,17235.4,-0.229156,50.6229,4,-0.122077,-0.336234,-0.343012,0.0988577,-0.499711,-0.172758,-9.30618,-2.55414,4.13337,8.34986
2012-12-26,19.204,5.69807,75.6794,17235.4,-0.247954,48.6017,4,-0.159675,-0.336234,-0.400527,0.0811778,-0.499711,-0.172758,-9.96404,-2.23228,3.24926,7.54881
2012-12-27,19.242,5.77761,75.6794,17235.4,-0.127797,47.1515,4,0.0806394,-0.336234,0.0620275,0.0992513,-0.499711,-0.172758,-10.0569,-1.90062,2.36431,6.74477
2012-12-28,19.401,6.67369,75.6794,17235.4,0.253316,46.8801,4,0.842867,-0.336234,1.27129,0.414447,-0.499711,-0.172758,-9.23417,-1.31153,1.4812,5.94459
2012-12-31,19.401,6.67415,75.6794,17235.4,0.290433,47.0542,4,0.9171,-0.336234,1.42139,0.412805,-0.499711,-0.172758,-7.96915,-0.721324,0.598557,5.14613
2013-01-02,19.402,6.48919,75.6794,17235.4,0.287212,47.7202,4,0.910659,-0.336234,1.47885,0.342469,-0.499711,-0.172758,-6.24427,-0.0998188,-0.284351,4.3486
2013-01-03,19.419,6.41196,75.6794,17235.4,0.288432,48.8195,4,0.913098,-0.336234,1.51509,0.311111,-0.499711,-0.172758,-4.05111,0.487983,-1.16794,3.5506
2013-01-04,19.397,6.40504,75.6794,17235.4,0.186076,49.9518,4,0.716747,-0.344595,1.13075,0.302744,-0.516432,-0.172758,-1.95656,1.2226,-2.0655,2.75128
2013-01-07,19.395,6.40393,75.6794,17235.4,-0.0711671,50.0711,4,0.2112,-0.353535,0.12295,0.299451,-0.534311,-0.172758,-0.850258,1.94757,-2.97763,1.95143
2013-01-08,19.385,6.40425,75.6794,17235.4,-0.0897698,50.0471,4,0.179497,-0.359036,0.0605723,0.298421,-0.545314,-0.172758,0.0492074,2.74509,-3.89882,1.15158
2013-01-09,19.384,6.13939,75.6794,17235.4,-0.124292,49.8552,4,0.122165,-0.370748,0.0480987,0.196231,-0.568738,-0.172758,0.961015,3.38178,-4.83931,0.351735
2013-01-10,19.382,3.54345,75.6794,17235.4,-0.389217,49.3705,4,-0.401445,-0.37699,-0.0608691,-0.742021,-0.581222,-0.172758,2.86033,2.74811,-5.78987,-0.448092
2013-01-11,19.377,3.49927,75.6794,17235.4,-0.366489,48.4763,4,-0.355988,-0.37699,0.0460134,-0.757989,-0.581222,-0.172758,4.42941,2.03378,-6.73926,-1.24765
2013-01-14,19.381,3.48503,75.8204,17311.5,-0.252934,47.7876,4,-0.339254,-0.166614,0.0846278,-0.763136,-0.448471,0.115242,5.8865,1.28901,-7.57838,-1.80951
2013-01-15,19.393,3.48378,75.8204,17311.5,-0.217176,47.1312,4,-0.267737,-0.166614,0.228113,-0.763586,-0.448471,0.115242,7.37792,0.540496,-8.41638,-2.37088
2013-01-16,19.396,3.27331,75.8204,17311.5,-0.228992,47.147,4,-0.291369,-0.166614,0.256919,-0.839657,-0.448471,0.115242,7.97383,-0.318803,-8.37427,-2.13374
2013-01-17,19.359,3.35691,75.8204,17311.5,-0.468812,44.8903,4,-0.395939,-0.541684,0.0175639,-0.809443,-0.334604,-0.748763,6.86853,-1.15239,-8.22273,-2.60313
2013-01-18,19.304,3.46381,75.8204,17311.5,-0.54119,42.8814,4,-0.540697,-0.541684,-0.310591,-0.770804,-0.334604,-0.748763,5.93059,-1.9147,-8.06598,-3.06855
2013-01-21,19.272,3.47042,75.8204,17311.5,-0.599749,41.0165,4,-0.657815,-0.541684,-0.547213,-0.768416,-0.334604,-0.748763,5.11046,-2.65941,-7.90517,-3.52938
2013-01-22,19.272,3.43054,75.8204,17311.5,-0.62298,39.3426,4,-0.704277,-0.541684,-0.625725,-0.782828,-0.334604,-0.748763,4.44275,-3.3717,-7.74264,-3.98585
2013-01-23,19.271,3.42458,75.8204,17311.5,-0.63007,38.0742,4,-0.718456,-0.541684,-0.651927,-0.784985,-0.334604,-0.748763,4.1781,-4.07856,-7.5844,-4.44092
2013-01-24,19.29,3.4349,75.8204,17311.5,-0.534777,37.1746,4,-0.52787,-0.541684,-0.274486,-0.781254,-0.334604,-0.748763,4.2699,-4.76685,-7.43209,-4.8964
2013-01-25,19.293,3.37185,75.8204,17311.5,-0.445322,36.1867,4,-0.348961,-0.541684,0.10612,-0.804041,-0.334604,-0.748763,4.293,-5.48215,-7.27704,-5.3471
2013-01-28,19.284,1.49005,75.8204,17311.5,-0.577543,33.6465,4,-0.613403,-0.541684,0.257375,-1.48418,-0.334604,-0.748763,3.44435,-6.95422,-7.08188,-5.76179
2013-01-29,19.242,1.62614,75.8204,17311.5,-0.634387,30.9047,4,-0.727091,-0.541684,-0.0191864,-1.43499,-0.334604,-0.748763,2.26543,-8.33752,-6.87098,-6.15227
2013-01-30,19.169,2.01029,75.8204,17311.5,-0.718563,28.0395,4,-0.895443,-0.541684,-0.494735,-1.29615,-0.334604,-0.748763,0.693745,-9.4965,-6.64407,-6.51366
2013-01-31,19.143,1.94755,75.8204,17311.5,-0.796799,25.1,4,-1.05083,-0.542772,-0.782826,-1.31883,-0.336781,-0.748763,-1.07921,-10.5782,-6.40225,-6.84034
2013-02-01,19.149,1.97393,75.8204,17311.5,-0.787342,22.609,4,-1.03081,-0.543875,-0.752324,-1.30929,-0.338987,-0.748763,-2.47754,-11.6048,-6.15561,-7.15309
2013-02-04,19.133,1.96444,75.8204,17311.5,-0.798117,20.8436,4,-1.05236,-0.543875,-0.791996,-1.31272,-0.338987,-0.748763,-3.1209,-12.6348,-5.92259,-7.47807
2013-02-05,19.115,1.96553,75.8204,17311.5,-0.760008,19.2904,4,-0.97614,-0.543875,-0.639951,-1.31233,-0.338987,-0.748763,-3.5897,-13.6363,-5.68878,-7.79479
2013-02-06,19.115,1.96787,75.8204,17311.5,-0.643196,18.1378,4,-0.742518,-0.543875,-0.173554,-1.31148,-0.338987,-0.748763,-3.70925,-14.572,-5.45803,-8.1229
2013-02-07,19.113,1.96782,75.8204,17311.5,-0.604776,17.672,4,-0.665676,-0.543875,-0.0198495,-1.3115,-0.338987,-0.748763,-3.66172,-14.9111,-5.25718,-8.49802
2013-02-08,19.07,2.03476,75.8204,17311.5,-0.677432,17.0135,4,-0.810989,-0.543875,-0.33467,-1.28731,-0.338987,-0.748763,-3.90767,-15.1831,-5.04663,-8.8491
2013-02-13,19.081,2.06306,75.8204,17311.5,-0.631543,16.2332,4,-0.719211,-0.543875,-0.161344,-1.27708,-0.338987,-0.748763,-4.04725,-15.4126,-4.92436,-9.38263
2013-02-14,19.08,2.0159,73.9376,17162.5,-1.19853,14.3209,4,-0.673203,-1.72385,-0.0522825,-1.29412,-2.13437,-1.31333,-4.14502,-15.4134,-5.97313,-10.1476
2013-02-15,19.07,1.98685,73.9376,17162.5,-1.48242,12.1083,4,-0.711057,-2.25377,-0.117491,-1.30462,-2.08922,-2.41833,-4.26282,-15.2308,-6.87992,-11.5182
2013-02-18,19.078,1.99372,73.9376,17162.5,-1.4656,10.5292,4,-0.67742,-2.25377,-0.0527014,-1.30214,-2.08922,-2.41833,-4.19408,-15.1426,-7.83793,-12.2962
2013-02-19,19.136,2.24378,73.9376,17162.5,-1.28206,9.45603,4,-0.310352,-2.25377,0.591056,-1.21176,-2.08922,-2.41833,-3.53215,-15.1104,-8.79484,-13.1066
2013-02-20,19.159,2.26676,73.9376,17162.5,-1.26087,8.56846,4,-0.267968,-2.25377,0.667519,-1.20346,-2.08922,-2.41833,-2.70517,-15.0967,-9.72638,-13.9033
2013-02-21,19.135,2.28876,73.9376,17162.5,-1.29601,7.73053,4,-0.338237,-2.25377,0.519032,-1.19551,-2.08922,-2.41833,-1.94977,-15.0534,-10.6118,-14.6545
2013-02-22,19.124,2.28705,73.9376,17162.5,-1.29773,6.96228,4,-0.341684,-2.25377,0.512754,-1.19612,-2.08922,-2.41833,-1.21078,-15.0023,-11.4566,-15.3681
2013-02-25,19.118,2.22973,73.9376,17162.5,-1.32638,6.12916,4,-0.398989,-2.25377,0.41886,-1.21684,-2.08922,-2.41833,-0.774943,-14.9005,-12.2135,-15.9819
2013-02-26,19.124,2.23611,73.9376,17162.5,-1.41145,5.22031,4,-0.56912,-2.25377,0.0762932,-1.21453,-2.08922,-2.41833,-0.769099,-14.6953,-12.8532,-16.4621
2013-02-27,19.114,2.23629,73.9376,17162.5,-1.46472,4.48322,4,-0.675673,-2.25377,-0.136877,-1.21447,-2.08922,-2.41833,-0.966428,-14.1425,-13.4726,-16.9353
2013-02-28,19.116,2.14608,73.9376,17162.5,-1.43219,3.89419,4,-0.610615,-2.25377,0.0258445,-1.24707,-2.08922,-2.41833,-0.918001,-13.6883,-14.0846,-17.415
2013-03-01,19.112,1.70958,73.9376,17162.5,-1.46137,3.40397,4,-0.66896,-2.25377,0.0669167,-1.40484,-2.08922,-2.41833,-0.600212,-13.4257,-14.6812,-17.8889
2013-03-04,19.126,1.67422,73.9376,17162.5,-1.43345,3.02528,4,-0.613133,-2.25377,0.19135,-1.41762,-2.08922,-2.41833,-0.0844847,-13.2066,-15.2917,-18.392
2013-03-05,19.079,1.87328,73.9376,17162.5,-1.50178,2.64259,4,-0.74978,-2.25377,-0.153891,-1.34567,-2.08922,-2.41833,0.219821,-12.9266,-15.8306,-18.8201
2013-03-06,19.065,1.86892,73.9376,17162.5,-1.50719,2.30365,4,-0.760606,-2.25377,-0.173966,-1.34725,-2.08922,-2.41833,0.520187,-12.6537,-16.3401,-19.2227
2013-03-07,19.069,1.85115,73.9376,17162.5,-1.50493,1.98777,4,-0.756085,-2.25377,-0.158502,-1.35367,-2.08922,-2.41833,0.740192,-12.3761,-16.8002,-19.5761
2013-03-08,19.076,1.85889,73.9376,17162.5,-1.48493,1.67583,4,-0.71609,-2.25377,-0.0813088,-1.35087,-2.08922,-2.41833,0.763944,-12.0675,-17.178,-19.8426
2013-03-11,19.061,1.87471,73.9376,17162.5,-1.53036,1.38211,4,-0.806944,-2.25377,-0.268733,-1.34515,-2.08922,-2.41833,0.628388,-11.7345,-17.4804,-20.0313
2013-03-12,19.019,1.86782,73.9376,17162.5,-1.52198,1.15398,4,-0.790179,-2.25377,-0.232712,-1.34765,-2.08922,-2.41833,0.657228,-11.4542,-17.8003,-20.2487
2013-03-13,18.998,1.87831,73.9376,17162.5,-1.53013,0.94786,4,-0.80649,-2.25377,-0.269126,-1.34385,-2.08922,-2.41833,0.592564,-11.1674,-18.0656,-20.4117
2013-03-14,18.961,1.97438,73.9376,17162.5,-1.59018,0.868606,4,-0.92658,-2.25377,-0.544031,-1.30913,-2.08922,-2.41833,0.375617,-11.0397,-17.8294,-20.638
2013-03-15,18.906,2.17849,73.9376,17162.5,-1.67499,0.831814,4,-1.0962,-2.25377,-0.957037,-1.23536,-2.08922,-2.41833,0.0172808,-10.9451,-17.7242,-20.5162
2013-03-18,18.86,2.26459,74.125,17695.9,-1.17301,0.888272,4,-1.18079,-1.16523,-1.15734,-1.20424,-1.91057,-0.419895,-0.455365,-11.0022,-17.8079,-19.8463
2013-03-19,18.915,2.23875,74.125,17695.9,-1.01429,0.942856,4,-0.863358,-1.16523,-0.513136,-1.21358,-1.91057,-0.419895,-0.93568,-11.0943,-17.8786,-19.1486
2013-03-20,18.912,2.14527,74.125,17695.9,-0.759805,1.05292,4,-0.822221,-0.697388,-0.397076,-1.24737,-1.03621,-0.358564,-1.41698,-11.2873,-17.6971,-18.5457
2013-03-21,19.004,2.8846,74.125,17695.9,-0.47998,1.25616,4,-0.262571,-0.697388,0.455007,-0.980149,-1.03621,-0.358564,-1.48237,-11.4821,-17.6808,-18.0986
2013-03-22,19.001,2.88396,74.125,17695.9,-0.395356,1.51963,4,-0.093324,-0.697388,0.793732,-0.98038,-1.03621,-0.358564,-1.39516,-11.7135,-17.7038,-17.6679
2013-03-25,18.947,3.0198,74.125,17695.9,-0.399613,1.83831,4,-0.101838,-0.697388,0.727606,-0.931282,-1.03621,-0.358564,-1.28971,-11.9272,-17.7307,-17.214
2013-03-26,18.933,3.00762,74.125,17695.9,-0.515046,2.19903,4,-0.332298,-0.697794,0.271088,-0.935685,-1.03621,-0.359376,-1.23163,-12.1365,-17.7288,-16.704
2013-03-27,18.95,3.04829,74.125,17695.9,-0.484322,2.66021,4,-0.260591,-0.708052,0.399803,-0.920986,-1.03621,-0.379892,-0.999367,-12.3747,-17.7609,-16.2049
2013-04-01,18.984,3.14497,74.125,17695.9,-0.578946,3.12486,4,-0.438851,-0.719042,0.00834167,-0.886043,-1.03621,-0.401872,-1.03611,-12.5293,-17.7048,-15.6049
2013-04-02,18.977,3.14456,74.125,17695.9,-0.590479,3.66639,4,-0.4522,-0.728758,-0.0182083,-0.886192,-1.03621,-0.421305,-1.1108,-12.605,-17.6407,-14.9771
2013-04-03,18.99,3.14243,74.125,17695.9,-0.478742,4.34584,4,-0.228726,-0.728758,0.42951,-0.886962,-1.03621,-0.421305,-1.01374,-12.7002,-17.6029,-14.3373
2013-04-04,19.156,4.39874,74.125,17695.9,-0.0657917,5.55546,4,0.597175,-0.728758,1.62724,-0.432891,-1.03621,-0.421305,-0.0339139,-12.7586,-17.806,-13.8461
2013-04-05,19.088,4.58832,74.125,17695.9,-0.190346,6.88503,4,0.348067,-0.728758,1.06233,-0.366198,-1.03621,-0.421305,0.706523,-12.6955,-17.9077,-13.2182
2013-04-08,19.028,4.72656,74.125,17695.9,-0.335023,8.26093,4,0.0587116,-0.728758,0.437236,-0.319812,-1.03621,-0.421305,1.1018,-12.5042,-17.8897,-12.447
2013-04-09,18.964,4.86094,74.125,17695.9,-0.405123,9.70576,4,-0.109408,-0.700838,0.0554854,-0.274301,-1.03621,-0.365464,1.22444,-12.2107,-17.7822,-11.5258
2013-04-10,19.013,4.96162,74.125,17695.9,-0.32274,11.5321,4,0.0274384,-0.672917,0.291631,-0.236754,-1.03621,-0.309623,1.63777,-11.8929,-17.6914,-10.5214
2013-04-11,19.017,4.90105,74.125,17695.9,-0.599021,13.0838,4,-0.525124,-0.672917,-0.790904,-0.259344,-1.03621,-0.309623,1.29923,-11.4492,-17.4159,-9.35031
2013-04-12,18.954,5.02825,74.125,17695.9,-0.578889,14.8282,4,-0.48486,-0.672917,-0.757812,-0.211908,-1.03621,-0.309623,0.99088,-10.9417,-17.1095,-8.11148
2013-04-15,18.955,4.98142,74.2908,17876,-0.248225,17.5426,4,-0.29123,-0.205221,-0.35309,-0.22937,-0.878094,0.467652,1.16034,-10.5214,-16.7953,-6.30096
2013-04-16,18.944,4.8697,74.2908,17876,-0.170405,20.9371,4,-0.135589,-0.205221,-0.000141536,-0.271036,-0.878094,0.467652,1.90926,-10.1536,-16.4519,-4.3666
2013-04-17,18.962,4.78334,74.2908,17876,-0.348612,22.9504,4,-0.255563,-0.441662,-0.207883,-0.303243,-1.01258,0.129259,2.65701,-9.63973,-16.0433,-4.02357
2013-04-18,19.026,4.81948,74.2908,17876,-0.244731,24.9239,4,-0.0477995,-0.441662,0.194166,-0.289765,-1.01258,0.129259,3.2359,-9.069,-15.5829,-3.66017
2013-04-19,19.011,4.83247,74.2908,17876,-0.162047,26.5169,4,0.117567,-0.441662,0.520053,-0.284918,-1.01258,0.129259,3.97795,-8.41733,-15.7234,-3.32033
2013-04-23,18.947,4.6753,74.2908,17876,-0.28714,27.0416,4,-0.132618,-0.441662,0.0782971,-0.343533,-1.01258,0.129259,3.69824,-7.94995,-15.7543,-2.95238
2013-04-24,18.926,4.68768,74.2908,17876,-0.303241,27.2941,4,-0.16482,-0.441662,0.00927541,-0.338916,-1.01258,0.129259,3.09438,-7.4634,-15.7591,-2.57783
2013-04-25,18.953,4.61223,74.2908,17876,-0.295322,27.5813,4,-0.148981,-0.441662,0.0690912,-0.367053,-1.01258,0.129259,2.58716,-7.0367,-15.7666,-2.20255
2013-04-26,18.953,4.60364,74.2908,17876,-0.405363,27.885,4,-0.369063,-0.441662,-0.367869,-0.370258,-1.01258,0.129259,2.09363,-6.60806,-15.7751,-1.82551
2013-04-29,18.944,4.59601,74.2908,17876,-0.395423,28.1323,4,-0.349184,-0.441662,-0.325265,-0.373103,-1.01258,0.129259,1.53067,-6.18953,-15.7781,-1.43068
2013-04-30,18.945,4.54644,74.2908,17876,-0.289007,28.9462,4,-0.136353,-0.441662,0.118885,-0.39159,-1.01258,0.129259,1.62396,-5.8289,-15.8282,-1.02062
2013-05-02,18.953,4.54897,74.2908,17876,-0.23961,29.9457,4,-0.0375582,-0.441662,0.31553,-0.390646,-1.01258,0.129259,1.89503,-5.46791,-15.8893,-0.592079
2013-05-03,18.957,4.54174,74.2908,17876,-0.280483,30.5174,4,-0.119304,-0.441662,0.154735,-0.393343,-1.01258,0.129259,1.68317,-5.09296,-15.914,-0.158832
2013-05-06,19,3.29212,74.2908,17876,-0.321179,29.7819,4,-0.200696,-0.441662,0.445781,-0.847173,-1.01258,0.129259,0.747349,-5.40109,-15.8394,0.27506
2013-05-07,18.987,3.07891,74.2908,17876,-0.345356,29.3396,4,-0.24905,-0.441662,0.415846,-0.913947,-1.01258,0.129259,0.237993,-5.81935,-15.7859,0.706832
2013-05-08,18.961,2.91861,74.2908,17876,-0.405722,29.1388,4,-0.369782,-0.441662,0.226018,-0.965583,-1.01258,0.129259,0.0720429,-6.32003,-15.7512,1.13805
2013-05-09,18.954,2.66674,74.2908,17876,-0.454496,28.999,4,-0.467329,-0.441662,0.118237,-1.0529,-1.01258,0.129259,0.121186,-6.92588,-15.7214,1.52507
2013-05-10,18.976,2.52656,74.2908,17876,-0.436187,28.6789,4,-0.430713,-0.441662,0.23884,-1.10027,-1.01258,0.129259,0.0796668,-7.59014,-15.6766,1.86602
2013-05-13,18.976,2.52426,74.2908,17876,-0.509373,28.9317,4,-0.577083,-0.441662,-0.0549819,-1.09918,-1.01258,0.129259,0.656511,-8.25837,-15.6789,2.21244
2013-05-14,18.96,2.24411,74.2908,17876,-0.516919,29.1071,4,-0.633628,-0.40021,-0.0756118,-1.19164,-0.929679,0.129259,1.19223,-9.03437,-15.6095,2.55871
2013-05-15,18.975,2.26095,73.8721,17790.2,-0.602301,28.1119,4,-0.485562,-0.71904,0.206063,-1.17719,-1.19811,-0.239968,1.62225,-9.72636,-15.777,1.9931
2013-05-16,18.966,2.25732,73.8721,17790.2,-0.605454,26.9122,4,-0.491868,-0.71904,0.19233,-1.17607,-1.19811,-0.239968,1.76037,-10.3616,-15.9177,1.43116
2013-05-17,18.982,2.25206,73.8721,17790.2,-0.616362,26.1869,4,-0.513683,-0.71904,0.149415,-1.17678,-1.19811,-0.239968,2.02835,-10.9903,-15.9913,1.14001
2013-05-20,18.989,1.88844,73.8721,17790.2,-0.0894334,26.6064,4,-0.553322,0.374455,0.19698,-1.30362,0.325524,0.423386,2.03573,-11.8027,-14.9971,1.37045
2013-05-21,19.028,2.0154,73.8721,17790.2,0.0176255,27.0959,4,-0.339204,0.374455,0.578242,-1.25665,0.325524,0.423386,2.08679,-12.5909,-14.0026,1.60262
2013-05-22,19.015,1.59241,73.8721,17790.2,-0.0660264,27.7045,4,-0.506508,0.374455,0.384661,-1.39768,0.325524,0.423386,2.33259,-13.4555,-13.0098,1.8372
2013-05-23,19.092,2.02932,73.8721,17790.2,0.122517,28.8948,4,-0.12942,0.374455,0.972186,-1.23103,0.325524,0.423386,3.10214,-14.2415,-12.0454,2.07953
2013-05-24,19.295,4.1316,73.8721,17790.2,0.617779,31.5256,4,0.861103,0.374455,2.22773,-0.505527,0.325524,0.423386,4.85423,-14.5317,-11.1362,2.33925
2013-05-27,19.534,5.76588,73.8721,17790.2,1.13699,36.1838,4,1.91027,0.363715,3.76755,0.0529914,0.304044,0.423386,8.27761,-14.4437,-10.2677,2.61755
2013-05-28,19.943,8.87116,73.8721,17790.2,1.45344,42.044,4,2.55391,0.352975,4,1.10782,0.282564,0.423386,11.9349,-13.4344,-9.35171,2.89514
2013-05-29,20.201,9.52885,73.8721,17790.2,1.50556,47.9076,4,2.65815,0.352975,4,1.3163,0.282564,0.423386,15.2069,-12.1115,-8.34332,3.15556
2013-05-30,20.624,11.3012,73.8721,17790.2,1.65007,54.129,4,2.94716,0.352975,4,1.89432,0.282564,0.423386,18.2179,-10.2156,-7.2667,3.39334
2013-05-31,20.296,13.3511,73.8721,17790.2,1.8167,60.9104,4,3.28042,0.352975,4,2.56084,0.282564,0.423386,21.1489,-7.70053,-6.13376,3.5958
2013-06-03,20.318,13.3712,73.8721,17790.2,1.81609,67.4942,4,3.27921,0.352975,4,2.55842,0.282564,0.423386,23.5392,-4.82628,-4.97375,3.75506
2013-06-04,20.333,13.3236,73.8721,17790.2,1.44673,72.631,4,2.52624,0.367216,2.52636,2.52611,0.282564,0.451868,24.5962,-2.03373,-3.84422,3.91275
2013-06-05,20.369,13.22,73.8721,17790.2,1.08302,76.5687,4,1.79459,0.371455,1.11055,2.47863,0.282564,0.460347,24.6439,0.626286,-2.76605,4.06452
2013-06-06,20.498,13.1678,73.8721,17790.2,0.631985,79.232,4,0.879648,0.384322,-0.673908,2.4332,0.305698,0.462946,23.5382,3.19786,-1.73043,4.22643
2013-06-07,20.725,13.3575,73.8721,17790.2,1.47747,83.4633,4,2.55633,0.398608,2.64487,2.4678,0.332959,0.464257,24.2744,5.60161,-0.702472,4.28968
2013-06-10,20.544,14.0846,73.8721,17790.2,1.227,86.7815,4,2.05539,0.398608,1.42145,2.68932,0.332959,0.464257,24.2565,7.94479,0.243195,4.33696
2013-06-11,20.724,14.0603,73.8721,17790.2,1.45397,89.9549,4,2.50934,0.398608,2.34889,2.66979,0.332959,0.464257,24.5587,10.0234,1.04541,4.32742
2013-06-12,20.595,14.5173,73.8721,17790.2,1.243,92.3853,4,2.08739,0.398608,1.3668,2.80799,0.332959,0.464257,23.9874,11.9381,1.92743,4.53241
2013-06-13,20.671,14.4184,73.8721,17790.2,1.15555,94.2602,4,1.9125,0.398608,1.05655,2.76845,0.332959,0.464257,23.2381,13.6029,2.7147,4.70448
2013-06-14,20.726,14.375,74.3745,18144.8,1.43891,95.9667,4,1.4094,1.46843,0.0683926,2.7504,0.812037,2.12482,21.7436,14.8888,3.63802,5.69639
2013-06-17,20.775,14.3182,74.3745,18144.8,1.76139,97.1269,4,2.05436,1.46843,1.38333,2.72539,0.812037,2.12482,21.1057,16.1004,3.67889,6.24194
2013-06-18,20.845,14.2961,74.3745,18144.8,1.59671,97.8836,4,1.72499,1.46843,0.744268,2.70571,0.812037,2.12482,20.1471,17.2381,3.73476,6.76353
2013-06-20,21.201,14.798,74.3745,18144.8,1.63124,98.5017,4,3.17078,0.0917103,3.49043,2.85113,0.633383,-0.449963,20.5223,18.2938,3.68064,6.00498
2013-06-21,21.063,15.3944,74.3745,18144.8,1.35834,98.8476,4,2.62496,0.0917103,2.2203,3.02963,0.633383,-0.449963,20.2941,19.4882,3.67703,5.38826
2013-06-24,20.967,15.5927,74.3745,18144.8,1.15761,98.9755,4,2.2235,0.0917103,1.37162,3.07538,0.633383,-0.449963,19.5817,20.7267,3.7501,4.91703
2013-06-25,20.859,15.6143,74.3745,18144.8,0.936313,98.9295,4,1.78092,0.0917103,0.495167,3.06666,0.633383,-0.449963,18.2666,22.1805,3.91828,4.5641
2013-06-26,20.573,15.3064,74.3745,18144.8,0.417236,98.6622,4,0.742762,0.0917103,-1.47678,2.9623,0.633383,-0.449963,16.3834,23.7538,4.20674,4.31826
2013-06-27,20.48,14.8412,74.3745,18144.8,-0.231212,98.0845,4,-0.554134,0.0917103,-3.91921,2.81095,0.633383,-0.449963,13.513,25.8147,4.61303,4.14383
2013-06-28,20.568,12.9205,74.3745,18144.8,-0.0665286,97.3177,4,-0.224768,0.0917103,-2.65834,2.2088,0.633383,-0.449963,10.902,27.4297,5.05088,3.93508
2013-07-01,20.562,11.4798,74.3745,18144.8,-0.0596712,96.202,4,-0.211053,0.0917103,-2.16432,1.74221,0.633383,-0.449963,8.25951,28.6828,5.55138,3.70828
2013-07-02,20.651,11.5532,74.3745,18144.8,0.210957,94.9703,4,0.330204,0.0917103,-1.0838,1.74421,0.633383,-0.449963,5.81231,29.7127,6.03838,3.40685
2013-07-03,20.806,11.7926,74.3745,18144.8,0.825,94.415,4,1.56439,0.0856118,1.32241,1.80637,0.633383,-0.46216,5.23144,29.8786,6.35884,2.94619
2013-07-04,20.715,11.9509,74.3745,18144.8,0.831178,94.1768,4,1.58318,0.0791734,1.32639,1.83997,0.633383,-0.475037,5.39785,29.741,6.61254,2.42543
2013-07-05,20.818,11.8782,74.3745,18144.8,0.837207,94.3715,4,1.59524,0.0791734,1.3872,1.80328,0.633383,-0.475037,6.55441,29.1889,6.76001,1.8682
2013-07-08,20.748,11.3178,74.3745,18144.8,0.705094,93.6111,4,1.33101,0.0791734,1.04168,1.62035,0.633383,-0.475037,5.76363,29.3897,7.10034,1.35746
2013-07-09,20.808,10.8591,74.3745,18144.8,0.625078,92.9649,4,1.17098,0.0791734,0.870764,1.4712,0.633383,-0.475037,5.53815,29.1979,7.41233,0.81656
2013-07-10,21.195,12.2718,74.3745,18144.8,1.02142,92.4703,4,1.96367,0.0791734,2.05075,1.87659,0.633383,-0.475037,5.42855,29.0953,7.69258,0.253899
2013-07-11,21.414,12.3574,74.3745,18144.8,1.41768,92.6732,4,2.75619,0.0791734,3.62226,1.89012,0.633383,-0.475037,6.76977,28.3863,7.83489,-0.317768
2013-07-12,21.381,12.3994,74.3745,18144.8,1.23577,92.7649,4,2.39237,0.0791734,2.89249,1.89226,0.633383,-0.475037,7.8656,27.7872,7.99802,-0.885976
2013-07-15,21.159,13.1143,75.5401,18557.3,1.86606,93.2386,4,2.099,1.63312,2.11736,2.08063,1.7448,1.52144,8.99005,27.0307,8.45331,-1.23544
2013-07-16,21.011,13.4078,75.5401,18557.3,1.35129,92.7843,4,1.59842,1.10416,1.04811,2.14872,1.58668,0.621635,8.89913,27.0184,9.02765,-2.16091
2013-07-17,20.964,13.4001,75.5401,18557.3,0.795063,91.8291,4,0.485968,1.10416,-1.16536,2.13729,1.58668,0.621635,7.92994,27.3183,9.72595,-3.14514
2013-07-19,21.051,11.9869,75.5401,18557.3,0.522052,90.3543,4,-0.0600541,1.10416,-1.82227,1.70216,1.58668,0.621635,4.78719,27.4748,10.654,-2.56171
2013-07-22,21.086,11.778,75.5401,18557.3,0.565179,89.1857,4,0.0675124,1.06284,-1.47579,1.61081,1.50405,0.621635,2.47507,27.1645,11.4639,-1.91779
2013-07-23,21.114,11.6564,75.5401,18557.3,0.845978,88.6997,4,0.670425,1.02153,-0.217251,1.5581,1.42143,0.621635,1.44715,26.3963,12.0829,-1.22666
2013-07-24,21.161,11.4866,75.5401,18557.3,1.07883,88.9238,4,1.13613,1.02153,0.769999,1.50227,1.42143,0.621635,1.62229,25.2644,12.5542,-0.517004
2013-07-25,21.345,10.4391,75.5401,18557.3,1.29057,90.2281,4,1.55961,1.02153,1.93332,1.1859,1.42143,0.621635,3.77221,23.5151,12.7575,0.183342
2013-07-26,21.352,10.1851,75.5401,18557.3,1.16464,92.0731,4,1.30774,1.02153,1.52621,1.08928,1.42143,0.621635,6.97926,21.5203,12.7368,0.836643
2013-07-29,21.363,10.1649,75.5401,18557.3,1.13045,93.434,4,1.23936,1.02153,1.40385,1.07488,1.42143,0.621635,9.14836,20.0858,12.7555,1.44433
2013-07-30,21.36,10.1607,75.5401,18557.3,1.05678,94.5331,4,1.15778,0.95577,1.24719,1.06837,1.2899,0.621635,10.7996,19.0203,12.702,2.01128
2013-07-31,21.532,10.3604,75.5401,18557.3,1.19235,95.3742,4,1.48355,0.901148,1.8592,1.10789,1.18066,0.621635,12.113,18.0907,12.6229,2.54758
2013-08-01,21.5,10.2298,75.5401,18557.3,0.913114,95.4444,4,0.912406,0.913823,0.773923,1.05089,1.18066,0.646985,11.7747,17.6208,12.8921,3.15684
2013-08-02,21.577,9.99562,75.5401,18557.3,0.973928,95.5562,4,1.04124,0.906616,1.11019,0.972288,1.13874,0.674491,11.6022,17.0617,13.1137,3.77856
2013-08-05,21.668,9.97002,75.5401,18557.3,1.05521,95.7226,4,1.22332,0.887093,1.4871,0.95954,1.0997,0.674491,11.5775,16.4811,13.2799,4.38415
2013-08-06,21.724,9.76668,75.5401,18557.3,1.10806,96.017,4,1.331,0.885123,1.76079,0.901213,1.09575,0.674491,11.8207,15.882,13.3623,4.95207
2013-08-07,21.632,10.034,75.5401,18557.3,0.802152,96.1411,4,0.721138,0.883166,0.478785,0.963491,1.09184,0.674491,11.543,15.5191,13.5347,5.54433
2013-08-08,21.479,8.43513,75.5401,18557.3,0.532557,95.7907,4,0.213163,0.851951,-0.107611,0.533937,1.02941,0.674491,10.541,15.0261,13.963,6.26065
2013-08-09,21.288,8.28625,75.5401,18557.3,0.181466,94.7892,4,-0.461179,0.824112,-1.41374,0.491377,0.973734,0.674491,8.09065,14.8249,14.7102,7.1634
2013-08-12,21.579,9.61577,75.5401,18557.3,0.511636,94.1197,4,0.19916,0.824112,-0.435324,0.833644,0.973734,0.674491,6.33622,14.5452,15.2427,7.9957
2013-08-13,21.594,8.71181,75.5401,18557.3,0.401341,92.5612,4,-0.0214308,0.824112,-0.632316,0.589454,0.973734,0.674491,4.95032,14.2995,15.4673,7.84407
2013-08-14,21.714,8.30647,75.332,18758.6,1.03814,92.1903,4,0.431882,1.64439,0.387185,0.47658,1.11074,2.17805,4.59048,13.4058,15.3198,8.87432
2013-08-15,21.906,8.54296,75.332,18758.6,1.45249,92.9532,4,1.28955,1.61542,2.0423,0.536793,1.0528,2.17805,6.43431,12.18,14.6995,9.63947
2013-08-16,21.884,8.58288,75.332,18758.6,1.64671,94.1238,4,1.70669,1.58673,2.86897,0.544404,0.995417,2.17805,8.94924,11.0948,13.8592,10.2206
2013-08-19,21.598,10.1204,75.332,18758.6,1.04691,94.576,4,0.507095,1.58673,0.07585,0.938341,0.995417,2.17805,9.70696,10.5446,13.3621,10.9623
2013-08-20,21.623,10.1203,75.332,18758.6,1.05796,94.766,4,0.529197,1.58673,0.124209,0.934186,0.995417,2.17805,9.83772,10.1196,13.0314,11.7773
2013-08-21,22.048,12.0248,75.332,18758.6,1.54483,95.1652,4,1.50292,1.58673,1.57824,1.4276,0.995417,2.17805,10.1493,9.93125,12.6035,12.4811
2013-08-22,22.451,13.1311,75.332,18758.6,1.85992,95.6194,4,2.13311,1.58673,2.55053,1.71568,0.995417,2.17805,10.3096,10.0471,12.1446,13.1181
2013-08-23,22.045,15.058,75.332,18758.6,1.53511,95.8961,4,1.48349,1.58673,0.749571,2.21741,0.995417,2.17805,9.76598,10.5453,11.7708,13.814
2013-08-26,22.112,15.0605,75.332,18758.6,1.95798,96.4629,4,2.32922,1.58673,2.44036,2.21808,0.995417,2.17805,10.063,10.8788,11.239,14.2821
2013-08-27,22.214,15.0768,75.332,18758.6,2.04899,97.0563,4,2.51125,1.58673,2.80019,2.22231,0.995417,2.17805,10.5484,11.1333,10.7369,14.6376
2013-08-28,22.162,14.9727,75.332,18758.6,1.47293,97.2082,4,1.35913,1.58673,0.523036,2.19522,0.995417,2.17805,9.77268,11.5884,10.5465,15.3006
2013-08-29,22.412,15.3182,75.332,18758.6,1.31498,97.4144,4,1.04322,1.58673,-0.198746,2.28518,0.995417,2.17805,9.1581,12.0618,10.3185,15.876
2013-08-30,22.606,15.4873,75.332,18758.6,2.03037,97.8965,4,2.47401,1.58673,2.61881,2.32922,0.995417,2.17805,9.58825,12.3216,9.90603,16.0806
2013-09-02,22.575,15.5242,75.332,18758.6,1.9164,98.231,4,2.24607,1.58673,2.15333,2.33881,0.995417,2.17805,9.64416,12.6412,9.58844,16.3572
2013-09-03,22.666,15.5391,75.332,18758.6,1.90097,98.4978,4,2.21521,1.58673,2.08772,2.34271,0.995417,2.17805,9.5556,12.9929,9.30395,16.6453
2013-09-04,22.602,15.4702,75.332,18758.6,1.88308,98.8053,4,2.17943,1.58673,2.03411,2.32475,0.995417,2.17805,9.93018,13.1659,8.94965,16.7596
2013-09-05,22.664,15.0756,75.332,18758.6,1.63468,99.0611,4,1.68262,1.58673,1.14323,2.22201,0.995417,2.17805,10.1349,13.45,8.63322,16.843
2013-09-06,22.555,14.7219,75.332,18758.6,1.25889,99.2635,4,0.931055,1.58673,-0.267795,2.12991,0.995417,2.17805,10.2833,13.6962,8.36142,16.9225
2013-09-09,22.406,14.5223,75.332,18758.6,1.07128,99.3526,4,0.629686,1.51288,-0.818563,2.07794,0.995417,2.03035,9.953,13.9762,8.22956,17.1939
2013-09-10,22.343,14.6135,75.332,18758.6,0.864045,99.4189,4,0.286404,1.44169,-1.52887,2.10168,0.981961,1.90141,9.45263,14.3947,8.11908,17.4525
2013-09-11,22.361,14.5451,75.332,18758.6,0.949754,99.4067,4,0.467769,1.43174,-1.14834,2.08387,0.962065,1.90141,8.85483,15.085,8.08033,17.3866
2013-09-12,22.367,14.2875,75.332,18758.6,0.867287,99.3202,4,0.306235,1.42834,-1.40432,2.01679,0.955266,1.90141,7.58948,15.9647,8.18397,17.5821
2013-09-13,22.394,14.267,75.332,18758.6,0.52955,99.1236,4,0.620601,0.438498,-0.770258,2.01146,0.636149,0.240848,6.29824,17.1458,8.31465,17.3649
2013-09-16,22.147,14.009,76.1322,18843.3,0.618952,99.036,4,0.355732,0.882171,-1.2328,1.94427,1.14443,0.619909,5.8155,17.8093,8.48977,16.9214
2013-09-17,22.126,14.0309,76.1322,18843.3,0.67043,98.9502,4,0.458689,0.882171,-1.03259,1.94996,1.14443,0.619909,5.37903,18.4699,8.65779,16.4435
2013-09-18,22,12.4265,76.1322,18843.3,0.397653,98.656,4,-0.0868656,0.882171,-1.70593,1.5322,1.14443,0.619909,4.08416,19.1927,9.04204,16.3371
2013-09-19,21.803,10.7692,76.1322,18843.3,0.0491613,98.0473,4,-0.783848,0.882171,-2.66836,1.10066,1.14443,0.619909,1.81521,20.0311,9.64804,16.553
2013-09-20,21.567,9.48766,76.1322,18843.3,-0.348494,97.1803,4,-1.57916,0.882171,-3.92528,0.766958,1.14443,0.619909,-0.460306,20.5333,10.3229,16.7844
2013-09-23,21.49,9.39568,76.1322,18843.3,-0.158728,95.8457,4,-1.19963,0.882171,-3.14226,0.743009,1.14443,0.619909,-3.54337,21.1601,11.1248,17.1042
2013-09-24,21.526,9.20196,76.1322,18843.3,-0.101763,94.0066,4,-1.0857,0.882171,-2.86396,0.692565,1.14443,0.619909,-7.10074,21.7381,11.9859,17.3834
2013-09-25,21.667,9.63231,76.1322,18843.3,0.246841,92.7028,4,-0.388488,0.882171,-1.5816,0.804624,1.14443,0.619909,-8.64746,21.7202,12.5316,17.0984
2013-09-26,21.724,8.59912,76.1322,18843.3,0.483056,91.7014,4,0.0839403,0.882171,-0.368211,0.536091,1.14443,0.619909,-8.96914,21.1757,12.9378,16.557
2013-09-27,22.002,9.33383,76.1322,18843.3,1.14616,90.5273,4,1.41015,0.882171,2.09271,0.727582,1.14443,0.619909,-9.53767,20.7035,13.3687,15.9927
2013-09-30,22.06,9.44045,76.1322,18843.3,1.31481,89.6612,4,1.74745,0.882171,2.74022,0.754665,1.14443,0.619909,-9.32049,20.0308,13.6949,15.256
2013-10-01,21.995,9.256,76.1322,18843.3,1.18223,88.5529,4,1.4823,0.882171,2.25796,0.706636,1.14443,0.619909,-9.3946,19.3492,14.068,14.5303
2013-10-02,21.853,9.41458,76.1322,18843.3,0.853493,86.8218,4,0.824815,0.882171,0.901702,0.747928,1.14443,0.619909,-10.4261,18.8138,14.5603,13.8738
2013-10-03,21.65,9.63477,76.1322,18843.3,0.557386,84.8256,4,0.232601,0.882171,-0.340063,0.805265,1.14443,0.619909,-11.7511,18.3428,15.0665,13.1674
2013-10-04,21.594,9.58944,76.1322,18843.3,0.145333,82.5611,4,-0.567215,0.857882,-1.92789,0.793461,1.09586,0.619909,-13.2579,17.8749,15.5424,12.4017
2013-10-07,21.63,9.5306,76.1322,18843.3,0.103003,80.4263,4,-0.621548,0.827554,-2.02123,0.778138,1.0352,0.619909,-14.4276,17.3091,15.9087,11.6361
2013-10-08,21.552,9.54646,76.1322,18843.3,0.0751388,78.5749,4,-0.651092,0.80137,-2.08445,0.78227,0.98283,0.619909,-15.0796,16.6106,16.1715,10.8723
2013-10-09,21.621,9.67002,76.1322,18843.3,0.327196,77.0444,4,-0.126694,0.781087,-1.06783,0.814443,0.942264,0.619909,-15.203,15.8554,16.354,10.0379
2013-10-10,21.588,9.64294,76.1322,18843.3,0.531014,76.1929,4,0.280941,0.781087,-0.245509,0.807391,0.942264,0.619909,-14.4185,15.0366,16.447,9.12783
2013-10-11,21.61,9.63547,76.1322,18843.3,-0.030491,74.7372,4,0.4652,-0.526182,0.124953,0.805446,0.218821,-1.27118,-13.8764,14.2623,16.2917,8.05953
2013-10-14,21.679,9.12535,76.1322,18843.3,-0.0251572,73.0067,4,0.475867,-0.526182,0.27849,0.673244,0.218821,-1.27118,-12.8544,13.4308,15.75,6.68032
2013-10-15,21.71,9.16839,77.2792,19026.6,0.491674,72.5162,4,0.746362,0.236986,0.80826,0.684463,0.930795,-0.456823,-11.4597,12.485,15.6287,5.86211
2013-10-16,21.67,9.00328,77.2792,19026.6,0.34907,72.3821,4,0.461154,0.236986,0.280167,0.642141,0.930795,-0.456823,-9.92292,11.802,15.4743,5.02872
2013-10-17,21.584,8.55946,77.2792,19026.6,0.255693,72.9498,4,0.274401,0.236986,0.0214159,0.527385,0.930795,-0.456823,-7.80438,11.3188,15.2582,4.17722
2013-10-18,21.544,7.66026,77.2792,19026.6,0.122924,74.2236,4,0.00886269,0.236986,-0.276563,0.294288,0.930795,-0.456823,-4.93597,10.8675,14.9757,3.31625
2013-10-21,21.551,7.5466,77.2792,19026.6,0.0398117,74.7505,4,-0.157363,0.236986,-0.58218,0.267455,0.930795,-0.456823,-2.95568,10.4659,14.7611,2.47917
2013-10-22,21.559,7.52566,77.2792,19026.6,0.010798,75.0467,4,-0.21539,0.236986,-0.694692,0.263912,0.930795,-0.456823,-1.28934,10.1173,14.5687,1.65009
2013-10-23,21.571,7.13497,77.2792,19026.6,0.048133,74.5226,4,-0.14072,0.236986,-0.440958,0.159519,0.930795,-0.456823,-0.417631,9.65669,14.4548,0.828709
2013-10-24,21.629,7.13807,77.2792,19026.6,0.224978,73.8333,4,0.21297,0.236986,0.264641,0.161299,0.930795,-0.456823,0.0687789,9.40973,14.3531,0.00164813
2013-10-25,21.627,5.26076,77.2792,19026.6,0.143578,71.0677,4,0.0501705,0.236986,0.448529,-0.348188,0.930795,-0.456823,-1.21867,8.71563,14.4129,-0.842159
2013-10-28,21.67,5.2086,77.2792,19026.6,0.182724,67.7893,4,0.128463,0.236986,0.619112,-0.362186,0.930795,-0.456823,-2.92545,7.96136,14.4654,-1.71201
2013-10-29,21.659,5.1524,77.2792,19026.6,0.156098,64.692,4,0.0752094,0.236986,0.524718,-0.3743,0.930795,-0.456823,-4.35487,7.18384,14.4618,-2.59878
2013-10-30,21.504,5.26093,77.2792,19026.6,-0.0435386,61.9014,4,-0.324063,0.236986,-0.306412,-0.341714,0.930795,-0.456823,-5.37172,6.35898,14.4085,-3.49439
2013-10-31,21.553,4.28921,77.2792,19026.6,-0.121104,59.7478,4,-0.474796,0.232587,-0.342498,-0.607095,0.921998,-0.456823,-5.40109,5.23908,14.3004,-4.39069
2013-11-01,21.626,4.3753,77.2792,19026.6,-0.022725,59.2094,4,-0.273721,0.228271,0.0305864,-0.578029,0.913366,-0.456823,-3.80739,4.12465,14.1672,-5.27499
2013-11-04,21.586,4.3837,77.2792,19026.6,-0.130224,58.4595,4,-0.479088,0.21864,-0.381578,-0.576598,0.913366,-0.476086,-2.47167,3.02243,14.0877,-6.17897
2013-11-05,21.637,4.26019,77.2792,19026.6,-0.0684179,57.9963,4,-0.344996,0.20816,-0.0738443,-0.616148,0.913366,-0.497046,-0.827777,1.88014,14.0424,-7.09838
2013-11-06,21.597,4.16447,77.2792,19026.6,0.0675612,57.1559,4,-0.0730376,0.20816,0.495319,-0.641394,0.913366,-0.497046,0.452455,0.689304,14.0378,-8.02364
2013-11-07,21.578,4.14039,77.2792,19026.6,-0.021315,55.3576,4,-0.25079,0.20816,0.147392,-0.648972,0.913366,-0.497046,0.776379,-0.505724,14.0476,-8.96061
2013-11-08,21.554,4.13839,77.2792,19026.6,-0.146298,54.9791,4,-0.499236,0.206641,-0.34333,-0.655143,0.910327,-0.497046,0.391758,-1.70658,14.6218,-8.32796
2013-11-11,21.55,3.94859,77.2792,19026.6,-0.33045,53.979,4,-0.435571,-0.225329,-0.162337,-0.708805,1.03403,-1.48469,0.0294137,-2.84535,15.3064,-8.5115
2013-11-12,21.537,3.89623,77.2792,19026.6,-0.414681,50.9975,4,-0.604032,-0.225329,-0.484309,-0.723756,1.03403,-1.48469,-1.03573,-4.01028,15.4154,-9.37182
2013-11-13,21.475,3.96415,77.2792,19026.6,-0.436987,48.4067,4,-0.648644,-0.225329,-0.59862,-0.698669,1.03403,-1.48469,-1.75965,-5.1144,15.4979,-10.2172
2013-11-14,21.344,4.27734,77.3098,19227.2,-0.309593,46.547,4,-0.883287,0.264101,-1.1705,-0.596075,1.05267,-0.524467,-2.73903,-6.03414,15.583,-10.2628
2013-11-15,21.178,4.98064,77.3098,19227.2,-0.438767,44.7066,4,-1.14164,0.264101,-1.90545,-0.37782,1.05267,-0.524467,-4.07292,-6.57621,15.6567,-10.301
2013-11-18,20.974,5.85506,77.3098,19227.2,-0.634913,42.5111,4,-1.53393,0.264101,-2.94975,-0.118101,1.05267,-0.524467,-6.00056,-6.87252,15.71,-10.3258
2013-11-19,20.993,5.879,77.3098,19227.2,-0.584427,40.5932,4,-1.43296,0.264101,-2.76184,-0.104073,1.05267,-0.524467,-7.66746,-7.14911,15.7549,-10.3452
2013-11-20,21.129,6.47329,77.3098,19227.2,-0.278956,39.5485,4,-0.822014,0.264101,-1.71495,0.0709184,1.05267,-0.524467,-8.68807,-7.20523,15.8188,-10.377
2013-11-21,21.421,8.25565,77.3098,19227.2,0.393398,40.0855,4,0.525271,0.261525,0.450613,0.59993,1.04752,-0.524467,-8.54671,-6.85605,15.9328,-10.4445
2013-11-22,21.174,9.14561,77.3098,19227.2,0.352561,40.7545,4,0.446148,0.258974,0.0283885,0.863908,1.04241,-0.524467,-8.9017,-5.8756,16.0461,-10.5143
2013-11-25,21.167,9.08005,77.3098,19227.2,0.60307,42.1081,4,0.947684,0.258455,1.05091,0.844461,1.04138,-0.524467,-8.57036,-4.9023,16.1766,-10.5959
2013-11-26,21.192,9.11619,77.3098,19227.2,0.611757,43.586,4,0.965059,0.258455,1.07494,0.85518,1.04138,-0.524467,-8.13818,-3.90444,16.3039,-10.6753
2013-11-27,21.188,8.82981,77.3098,19227.2,0.410609,45.0679,4,0.562763,0.258455,0.355291,0.770236,1.04138,-0.524467,-7.60872,-2.9973,16.4238,-10.7499
2013-11-28,21.218,8.79602,77.3098,19227.2,0.0722315,45.701,4,-0.113992,0.258455,-0.988197,0.760213,1.04138,-0.524467,-8.14454,-1.87443,16.5321,-10.8122
2013-11-29,21.188,8.65853,77.3098,19227.2,0.341738,46.8973,4,0.42502,0.258455,0.130611,0.71943,1.04138,-0.524467,-8.06978,-0.807927,16.653,-10.8779
2013-12-02,21.189,8.66067,77.3098,19227.2,0.352514,48.486,4,0.446572,0.258455,0.173081,0.720064,1.04138,-0.524467,-7.61897,0.259869,16.7713,-10.9262
2013-12-03,21.287,8.80988,77.3098,19227.2,0.460253,50.2285,4,0.662051,0.258455,0.559778,0.764323,1.04138,-0.524467,-7.09854,1.39767,16.8807,-10.9513
2013-12-04,21.519,9.71704,77.3098,19227.2,0.833346,52.7509,4,1.41498,0.251711,1.79656,1.0334,1.04138,-0.537955,-6.02135,2.7758,16.9728,-10.9764
2013-12-05,21.524,9.71444,77.3098,19227.2,0.796449,55.4321,4,1.34829,0.244611,1.66394,1.03263,1.04138,-0.552155,-4.76142,4.15103,17.0388,-10.9963
2013-12-06,21.313,10.3093,77.3098,19227.2,0.600441,57.8592,4,0.95627,0.244611,0.703469,1.20907,1.04138,-0.552155,-3.88799,5.66324,17.0877,-11.0038
2013-12-09,21.242,10.3546,77.3098,19227.2,0.508097,60.5491,4,0.771583,0.244611,0.320652,1.22251,1.04138,-0.552155,-3.47391,7.20603,17.0027,-10.1857
2013-12-10,21.215,10.3563,77.3098,19227.2,0.343935,62.9404,4,0.44326,0.244611,-0.336505,1.22302,1.04138,-0.552155,-3.3329,8.73748,16.904,-9.36821
2013-12-11,21.331,10.5499,77.3098,19227.2,0.207263,64.9331,4,0.169915,0.244611,-0.940601,1.28043,1.04138,-0.552155,-3.58731,10.2753,16.805,-8.55992
2013-12-12,21.311,10.3312,77.3098,19227.2,-0.0707144,65.6619,4,0.0718689,-0.213298,-1.07185,1.21559,0.55977,-0.986365,-3.49907,11.7029,16.367,-8.90886
2013-12-13,21.302,9.92284,77.3098,19227.2,0.164012,67.4749,4,0.539951,-0.211928,-0.0145459,1.09445,0.562509,-0.986365,-1.96817,12.7951,15.8633,-9.21533
2013-12-16,21.261,9.24825,77.0141,19424.9,0.354371,70.3611,4,0.516348,0.192394,0.138345,0.89435,0.385149,-0.000360801,0.486138,13.4258,15.133,-8.68387
2013-12-17,21.272,9.24801,77.0141,19424.9,0.404864,73.124,4,0.617333,0.192394,0.340385,0.894282,0.385149,-0.000360801,2.88251,13.9995,14.3905,-8.14849
2013-12-18,21.343,9.05264,77.0141,19424.9,0.330503,74.7591,4,0.468612,0.192394,0.100892,0.836331,0.385149,-0.000360801,4.24593,14.4445,13.7326,-7.66389
2013-12-19,21.453,7.81848,77.0141,19424.9,0.410691,74.8048,4,0.628989,0.192394,0.787344,0.470634,0.385149,-0.000360801,4.50283,14.3411,13.2206,-7.25976
2013-12-20,21.45,6.49567,77.0141,19424.9,0.320507,74.7202,4,0.448621,0.192394,0.819252,0.077989,0.385149,-0.000360801,5.11204,13.7461,12.7237,-6.86172
2013-12-23,21.407,6.55611,77.0141,19424.9,0.322766,73.9741,4,0.453138,0.192394,0.810205,0.0960713,0.385149,-0.000360801,4.95094,13.2349,12.2787,-6.49053
2013-12-24,21.404,6.55639,77.0141,19424.9,0.304298,73.1429,4,0.416202,0.192394,0.735967,0.0964363,0.385149,-0.000360801,4.71343,12.7142,11.8326,-6.11741
2013-12-26,21.481,6.64064,77.0141,19424.9,0.318037,72.89,4,0.443681,0.192394,0.765197,0.122164,0.385149,-0.000360801,5.03848,12.2303,11.3411,-5.71987
2013-12-27,21.531,6.6617,77.0141,19424.9,0.240246,73.3481,4,0.288099,0.192394,0.447223,0.128974,0.385149,-0.000360801,6.13552,11.7088,10.8026,-5.29885
2013-12-30,21.424,6.92915,77.0141,19424.9,0.125305,72.7573,4,0.0582161,0.192394,-0.0932116,0.209644,0.385149,-0.000360801,5.98313,11.3538,10.3307,-4.91038
2013-12-31,21.424,6.92963,77.0141,19424.9,0.180576,72.2834,4,0.168758,0.192394,0.127025,0.21049,0.385149,-0.000360801,5.96346,10.9878,9.84775,-4.51561
2014-01-02,21.513,6.89509,77.0141,19424.9,0.296896,71.8294,4,0.401398,0.192394,0.602744,0.200052,0.385149,-0.000360801,6.01199,10.575,9.36032,-4.11789
2014-01-03,21.364,6.22558,77.0141,19424.9,-0.0501606,69.314,4,-0.292715,0.192394,-0.587635,0.00220499,0.385149,-0.000360801,4.20397,9.89462,8.96088,-3.74542
2014-01-07,21.326,6.24109,77.0141,19424.9,-0.163065,66.4757,4,-0.518523,0.192394,-1.04394,0.00689238,0.385149,-0.000360801,2.08825,9.19291,8.54355,-3.34899
2014-01-08,21.403,5.31515,77.0141,19424.9,0.010659,64.6818,4,-0.172888,0.194206,-0.0728561,-0.272921,0.388789,-0.000376075,1.4766,8.05859,8.07282,-2.92618
2014-01-09,21.541,5.57447,77.0141,19424.9,0.211361,63.7665,4,0.226669,0.196053,0.647895,-0.194558,0.392498,-0.0003927,1.74516,6.938,7.57255,-2.48924
2014-01-10,21.568,5.52792,77.0141,19424.9,0.124684,63.085,4,0.0533198,0.196048,0.315262,-0.208623,0.392498,-0.000403208,2.27606,5.79383,7.06301,-2.04791
2014-01-13,21.596,5.25666,77.0141,19424.9,0.330913,63.4698,4,0.465783,0.196042,1.22216,-0.290597,0.392498,-0.000414294,4.02136,4.51758,6.53057,-1.59967
2014-01-14,21.566,5.27681,76.5177,19353.6,0.161089,64.1876,4,0.489918,-0.16774,1.26434,-0.284507,0.0843826,-0.419863,5.8963,3.2979,6.13273,-1.13931
2014-01-15,21.499,5.42969,76.5177,19353.6,-0.467962,62.2197,4,0.139941,-1.07587,0.518192,-0.23831,-0.627591,-1.52414,6.36258,2.23609,5.20306,-1.58208
2014-01-16,21.494,5.36382,76.5177,19353.6,-0.660175,58.995,4,-0.244485,-1.07587,-0.230755,-0.258215,-0.627591,-1.52414,6.10858,1.31102,4.41445,-2.83903
2014-01-17,21.451,5.43959,76.5177,19353.6,-0.748152,55.2562,4,-0.420439,-1.07587,-0.605559,-0.235318,-0.627591,-1.52414,5.36603,0.390211,3.60736,-4.10743
2014-01-20,21.305,5.89468,76.5177,19353.6,-0.946169,51.0625,4,-0.816472,-1.07587,-1.53515,-0.0977924,-0.627591,-1.52414,4.03279,-0.378489,2.78286,-5.37461
2014-01-21,21.373,5.70242,76.5177,19353.6,-0.82715,46.9848,4,-0.578435,-1.07587,-1.00098,-0.155892,-0.627591,-1.52414,2.55694,-0.894048,1.94665,-6.62479
2014-01-22,21.467,5.92939,76.5177,19353.6,-0.59779,43.9776,4,-0.119715,-1.07587,-0.152127,-0.0873033,-0.627591,-1.52414,1.75209,-1.0272,1.10959,-7.85688
2014-01-23,21.595,6.22962,76.5177,19353.6,-0.402333,41.6266,4,0.2712,-1.07587,0.541789,0.000610551,-0.627591,-1.52414,1.52619,-1.10159,0.277096,-9.07514
2014-01-24,21.699,6.41338,76.5177,19353.6,-0.200267,40.0075,4,0.675332,-1.07587,1.29687,0.0537971,-0.627591,-1.52414,1.97869,-1.13284,-0.549635,-10.2887
2014-01-27,22.11,9.04637,76.5177,19353.6,0.672764,41.1441,4,2.42139,-1.07587,4,0.842787,-0.627591,-1.52414,4.62722,-0.546463,-1.37866,-11.5579
2014-01-28,22.172,9.05409,76.5177,19353.6,0.672422,42.5389,4,2.42071,-1.07587,4,0.841419,-0.627591,-1.52414,7.54944,0.0359364,-2.21181,-12.8347
2014-01-29,22.324,8.90804,76.5177,19353.6,0.660131,44.2778,4,2.39458,-1.07432,4,0.789159,-0.624494,-1.52414,10.9298,0.512002,-3.04646,-14.1175
2014-01-30,22.197,9.3042,76.5177,19353.6,0.429952,45.0926,4,1.93626,-1.07635,2.98482,0.88769,-0.628564,-1.52414,13.2891,1.06919,-3.88261,-15.3831
2014-01-31,22.211,9.26887,76.5177,19353.6,0.304453,45.1173,4,1.68893,-1.08002,2.52017,0.857677,-0.635898,-1.52414,14.8658,1.60986,-4.72213,-16.6362
2014-02-03,22.14,8.89856,76.5177,19353.6,-0.319348,44.2378,4,0.441322,-1.08002,0.141776,0.740868,-0.635898,-1.52414,15.4502,2.21493,-5.55604,-17.8712
2014-02-04,22.164,8.80398,76.5177,19353.6,-0.373224,43.5531,4,0.333572,-1.08002,-0.045117,0.712261,-0.635898,-1.52414,16.2561,2.79177,-6.38896,-19.1058
2014-02-05,22.199,8.78214,76.5177,19353.6,-0.519434,41.8351,4,0.0411518,-1.08002,-0.621762,0.704066,-0.635898,-1.52414,15.7634,3.58385,-7.21045,-20.3017
2014-02-06,22.173,8.66759,76.5177,19353.6,-0.401459,39.8684,4,0.277101,-1.08002,-0.114647,0.668849,-0.635898,-1.52414,15.0808,4.27383,-8.0209,-21.4653
2014-02-07,22.158,8.70029,76.5177,19353.6,-0.435289,38.0934,4,0.209441,-1.08002,-0.256817,0.675698,-0.635898,-1.52414,14.5521,4.97344,-8.82149,-22.6106
2014-02-10,22.228,8.72375,76.5177,19353.6,-0.25994,36.2474,4,0.560139,-1.08002,0.444292,0.675986,-0.635898,-1.52414,13.8477,5.72788,-9.60568,-23.7226
2014-02-11,22.238,8.66879,76.5177,19353.6,-0.2833,34.8795,4,0.513419,-1.08002,0.370274,0.656563,-0.635898,-1.52414,13.0675,6.45898,-10.1421,-24.505
2014-02-12,22.27,8.49407,76.5177,19353.6,-0.301994,35.3882,4,0.476031,-1.08002,0.349261,0.602802,-0.635898,-1.52414,12.9539,7.14736,-10.1661,-24.5469
2014-02-13,22.399,8.57435,76.5177,19353.6,-0.105328,37.1074,4,0.869363,-1.08002,1.11691,0.621813,-0.635898,-1.52414,14.1136,7.8977,-10.2268,-24.6771
2014-02-14,22.409,8.46373,75.2672,18995,-0.908231,36.6085,4,0.908363,-2.72483,1.23245,0.584276,-1.44965,-4,15.5788,8.54872,-10.8764,-26.6426
2014-02-17,22.573,7.93695,75.2672,18995,-0.836798,36.9491,4,1.05123,-2.72483,1.67673,0.425726,-1.44965,-4,18.1934,8.98091,-11.5525,-28.6727
2014-02-18,22.59,7.97185,75.2672,18995,-0.831282,36.9362,4,1.06226,-2.72483,1.6905,0.434027,-1.44965,-4,20.3705,9.4579,-12.2172,-30.675
2014-02-19,22.589,8.00762,75.2672,18995,-0.874343,36.0772,4,0.976139,-2.72483,1.51316,0.439117,-1.44965,-4,21.6619,9.85832,-12.8491,-32.5939
2014-02-20,22.572,7.9836,75.2672,18995,-1.05584,34.0757,4,0.613154,-2.72483,0.799681,0.426626,-1.44965,-4,21.7225,10.1333,-13.4214,-34.3588
2014-02-21,22.517,8.08512,75.2672,18995,-1.12696,31.3137,4,0.470913,-2.72483,0.487114,0.454713,-1.44965,-4,20.8398,10.3388,-13.9243,-35.9406
2014-02-24,22.341,5.93324,75.2672,18995,-1.69378,24.7449,4,-0.662744,-2.72483,-1.146,-0.179484,-1.44965,-4,16.1619,9.18818,-14.0555,-36.5497
2014-02-25,22.367,5.87799,75.2672,18995,-1.68554,19.0137,4,-0.646261,-2.72483,-1.09675,-0.19577,-1.44965,-4,11.7072,8.01296,-14.0151,-36.6914
2014-02-26,22.432,5.46175,75.2672,18995,-1.63283,14.3015,4,-0.540842,-2.72483,-0.76324,-0.318444,-1.44965,-4,7.79945,6.82632,-13.8492,-36.4752
2014-02-27,22.629,5.77446,75.2672,18995,-1.35815,11.2253,4,0.00851731,-2.72483,0.243316,-0.226282,-1.44965,-4,5.63295,5.7779,-13.7541,-36.4315
2014-02-28,22.489,6.3117,75.2672,18995,-1.4197,8.73729,4,-0.114569,-2.72483,-0.161194,-0.067945,-1.44965,-4,3.68081,4.92171,-13.6112,-36.2541
2014-03-05,22.387,6.4365,75.2672,18995,-1.32312,7.49253,4,0.0785841,-2.72483,0.188333,-0.0311643,-1.44965,-4,3.60183,4.30735,-13.7103,-36.7063
2014-03-06,22.242,6.89983,75.2672,18995,-1.4953,6.26646,4,-0.26578,-2.72483,-0.634482,0.102923,-1.44965,-4,3.13415,3.80433,-13.7321,-36.9399
2014-03-07,22.318,6.97947,75.2672,18995,-1.47618,5.34979,4,-0.227528,-2.72483,-0.579785,0.12473,-1.44965,-4,3.06691,3.36201,-13.798,-37.2812
2014-03-10,22.388,7.02877,75.2672,18995,-1.62378,4.33699,4,-0.522734,-2.72483,-1.17962,0.134151,-1.44965,-4,2.36499,2.94103,-13.727,-37.242
2014-03-11,22.586,7.60369,75.2672,18995,-1.18265,3.7981,4,0.359517,-2.72483,0.427858,0.291176,-1.44965,-4,2.67788,2.66536,-13.8433,-37.7018
2014-03-12,22.656,7.60143,75.2672,18995,-0.982803,3.33013,4,0.759219,-2.72483,1.2364,0.282038,-1.44965,-4,3.03325,2.39762,-13.9559,-38.1449
2014-03-13,22.671,7.59994,75.2672,18995,-0.796993,3.02731,4,1.13084,-2.72483,1.98318,0.278496,-1.44965,-4,3.81785,2.16312,-14.1495,-38.8042
2014-03-14,22.64,7.6419,75.2672,18995,-0.92155,2.6928,4,0.881725,-2.72483,1.47613,0.287316,-1.44965,-4,4.31415,1.96075,-14.2843,-39.2978
2014-03-17,22.614,7.43939,76.3043,19375.7,-0.533398,2.48018,4,0.623935,-1.69073,1.022,0.225866,-0.790888,-2.59057,4.20801,1.7361,-14.1675,-39.2964
2014-03-18,22.724,7.59961,76.3043,19375.7,-0.625551,2.61894,4,0.439628,-1.69073,0.606437,0.272819,-0.790888,-2.59057,3.93038,1.59472,-13.9639,-38.9423
2014-03-19,22.776,7.22188,76.3043,19375.7,-0.676168,2.70064,4,0.338394,-1.69073,0.521964,0.154825,-0.790888,-2.59057,3.36499,1.46555,-13.7017,-38.4282
2014-03-20,22.926,7.54198,76.3043,19375.7,-0.741442,2.74726,4,0.697525,-2.18041,1.15433,0.240726,-0.60304,-3.75778,3.10197,1.37145,-13.3106,-38.4156
2014-03-21,22.896,7.57269,76.3043,19375.7,-0.739537,2.81846,4,0.701335,-2.18041,1.16064,0.242034,-0.60304,-3.75778,2.9353,1.27671,-12.9356,-38.4579
2014-03-24,22.899,7.55707,76.3043,19375.7,-0.709919,3.00823,4,0.760573,-2.18041,1.29263,0.22852,-0.60304,-3.75778,3.22256,1.18859,-12.6423,-38.7606
2014-03-25,22.816,7.63457,76.3043,19375.7,-0.934172,3.11852,4,0.312066,-2.18041,0.38374,0.240393,-0.60304,-3.75778,3.18876,1.08455,-12.2804,-38.8744
2014-03-26,22.721,7.19002,76.3043,19375.7,-1.14261,3.45239,4,-0.104806,-2.18041,-0.305687,0.0960762,-0.60304,-3.75778,3.68982,1.24956,-12.0507,-39.4363
2014-03-27,22.545,7.8107,76.3043,19375.7,-1.47856,3.58513,4,-0.776704,-2.18041,-1.82517,0.271759,-0.60304,-3.75778,3.32642,1.50675,-11.6797,-39.5684
2014-03-28,22.583,7.77075,76.3043,19375.7,-1.37452,3.75661,4,-0.625106,-2.12393,-1.50759,0.257375,-0.60304,-3.64483,2.95431,1.82829,-11.3216,-39.7044
2014-03-31,22.668,7.23845,76.3043,19375.7,-1.29173,3.80177,4,-0.508388,-2.07507,-1.11225,0.0954772,-0.60304,-3.5471,2.23133,2.00525,-10.8901,-39.5447
2014-04-01,22.748,6.93421,76.3043,19375.7,-1.10419,4.02238,4,-0.179533,-2.02885,-0.360487,0.00142024,-0.60304,-3.45466,2.14551,2.06313,-10.5397,-39.6465
2014-04-02,22.85,6.78879,76.3043,19375.7,-0.849887,4.37265,4,0.25595,-1.95572,0.553335,-0.0414358,-0.60304,-3.30841,2.37921,2.08859,-10.2318,-39.8633
2014-04-03,22.915,6.2003,76.3043,19375.7,-0.57807,5.12142,4,0.732399,-1.88854,1.67967,-0.214874,-0.60304,-3.17404,3.76249,1.96925,-10.0504,-40.5599
2014-04-04,22.753,6.85552,76.3043,19375.7,-0.764406,5.77004,4,0.359726,-1.88854,0.741222,-0.021769,-0.60304,-3.17404,4.61334,1.92827,-9.78381,-40.9878
2014-04-07,22.634,7.14309,76.3043,19375.7,-0.979853,6.41094,4,-0.0711675,-1.88854,-0.204571,0.0622356,-0.60304,-3.17404,5.28274,1.92423,-9.47815,-41.3179
2014-04-08,22.665,6.45757,76.3043,19375.7,-1.08696,6.51074,4,-0.285372,-1.88854,-0.430947,-0.139798,-0.60304,-3.17404,4.78831,1.67398,-9.00322,-40.9483
2014-04-09,22.782,6.61991,76.3043,19375.7,-1.05647,6.43381,4,-0.224396,-1.88854,-0.356839,-0.0919533,-0.60304,-3.17404,3.83375,1.44868,-8.48149,-40.3671
2014-04-10,22.779,6.61979,76.3043,19375.7,-1.13456,6.0903,4,-0.380579,-1.88854,-0.669169,-0.091989,-0.60304,-3.17404,2.23927,1.21656,-7.89789,-39.4676
2014-04-11,22.767,6.59943,76.3043,19375.7,-0.964318,6.04782,4,-0.0400976,-1.88854,0.0177961,-0.0979914,-0.60304,-3.17404,1.38244,0.989361,-7.3918,-38.9322
2014-04-14,22.79,6.5819,76.5074,19472.6,-0.650835,5.93237,4,0.282099,-1.58377,0.667353,-0.103156,-0.474055,-2.69348,1.17055,0.793838,-7.18029,-38.8517
2014-04-15,22.902,6.58642,76.5074,19472.6,-0.393521,6.16216,4,0.461915,-1.24896,1.02565,-0.101825,-0.158749,-2.33916,1.42526,0.579387,-6.86027,-38.9822
2014-04-16,22.896,6.55116,76.5074,19472.6,-0.538234,6.30202,4,0.172488,-1.24896,0.457192,-0.112216,-0.158749,-2.33916,1.39307,0.424268,-6.51632,-38.999
2014-04-21,22.893,6.11345,76.5074,19472.6,-0.570564,6.47871,4,0.107829,-1.24896,0.456876,-0.241218,-0.158749,-2.33916,0.986665,0.140619,-6.2869,-38.3617
2014-04-22,22.946,6.15128,76.5074,19472.6,-0.49391,6.73938,4,0.261137,-1.24896,0.75234,-0.230067,-0.158749,-2.33916,0.750063,-0.14046,-6.06854,-37.8017
2014-04-23,22.97,6.16027,76.5074,19472.6,-0.492598,6.97672,4,0.263762,-1.24896,0.754941,-0.227418,-0.158749,-2.33916,0.431567,-0.41566,-5.84134,-37.1979
2014-04-24,22.893,6.13872,76.5074,19472.6,-0.709349,7.22896,4,-0.169742,-1.24896,-0.105713,-0.233771,-0.158749,-2.33916,0.138065,-0.70566,-5.61196,-36.5915
2014-04-25,22.893,5.92224,76.5074,19472.6,-0.704111,7.74096,4,-0.187846,-1.22038,-0.0781216,-0.297571,-0.158749,-2.282,0.279529,-0.956527,-5.41337,-36.1687
2014-04-28,22.91,5.07862,76.5074,19472.6,-0.729174,8.67905,4,-0.266552,-1.19179,0.0130971,-0.546201,-0.158749,-2.22484,1.43894,-1.49098,-5.25536,-36.0136
2014-04-29,23.003,5.20111,76.5074,19472.6,-0.674454,9.62982,4,-0.157114,-1.19179,0.195872,-0.510101,-0.158749,-2.22484,2.55863,-2.01261,-5.07802,-35.8382
2014-04-30,23.07,5.14822,76.5074,19472.6,-0.62876,10.5988,4,-0.0657253,-1.19179,0.394239,-0.52569,-0.158749,-2.22484,3.5893,-2.45562,-4.88393,-35.651
2014-05-02,22.979,5.31997,76.5074,19472.6,-0.631605,11.3312,4,-0.0714144,-1.19179,0.332242,-0.47507,-0.158749,-2.22484,4.09404,-2.80263,-4.65441,-35.3058
2014-05-05,23.028,5.15042,76.5074,19472.6,-0.587205,11.7537,4,0.0173854,-1.19179,0.559811,-0.52504,-0.158749,-2.22484,4.12765,-3.1445,-4.39208,-34.8374
2014-05-06,23.048,5.07285,76.5074,19472.6,-0.589063,11.7358,4,0.0136685,-1.19179,0.575239,-0.547902,-0.158749,-2.22484,3.39172,-3.3651,-4.09521,-34.1956
2014-05-07,23.041,4.27118,76.5074,19472.6,-0.764026,11.7364,4,-0.336257,-1.19179,0.109947,-0.782462,-0.158749,-2.22484,2.9718,-3.87118,-3.79969,-33.5645
2014-05-08,23.001,3.78548,76.5074,19472.6,-0.923597,11.8282,4,-0.655398,-1.19179,-0.386024,-0.924772,-0.158749,-2.22484,2.85542,-4.53466,-3.50946,-32.9831
2014-05-09,22.988,3.80941,76.5074,19472.6,-0.830914,12.2524,4,-0.470033,-1.19179,-0.0244559,-0.915611,-0.158749,-2.22484,3.14777,-5.08633,-3.23557,-32.5735
2014-05-12,23.013,3.43585,76.5074,19472.6,-0.88482,12.5427,4,-0.577845,-1.19179,-0.135426,-1.02026,-0.158749,-2.22484,3.31136,-5.73516,-2.95094,-32.0826
2014-05-13,22.996,3.45745,76.5074,19472.6,-0.924354,12.9047,4,-0.656913,-1.19179,-0.303976,-1.00985,-0.158749,-2.22484,3.5772,-6.38895,-2.66624,-31.6173
2014-05-14,23.003,3.43807,76.5074,19472.6,-0.907739,13.0034,4,-0.623683,-1.19179,-0.239058,-1.00831,-0.158749,-2.22484,3.40818,-7.01619,-2.36867,-31.0199
2014-05-15,23.013,3.43316,77.3671,19782.5,-0.329258,13.5741,4,-0.500556,-0.157961,-0.00217899,-0.998932,0.387372,-0.703295,2.97852,-7.6879,-1.79899,-29.9176
2014-05-16,23.012,3.01261,77.3671,19782.5,-0.343671,13.664,4,-0.529382,-0.157961,0.0537271,-1.11249,0.387372,-0.703295,2.31637,-8.39026,-1.42709,-28.835
2014-05-19,23.06,3.07522,77.3671,19782.5,-0.31158,14.0783,4,-0.4652,-0.157961,0.160914,-1.09131,0.387372,-0.703295,2.12561,-9.11364,-1.05899,-27.8747
2014-05-20,23.069,3.06981,77.3671,19782.5,-0.280473,14.6208,4,-0.402985,-0.157961,0.28219,-1.08816,0.387372,-0.703295,2.0199,-9.76834,-0.687618,-26.9431
2014-05-21,23.063,2.99014,77.3671,19782.5,0.349896,16.2777,4,-0.440783,1.14057,0.221565,-1.10313,1.18168,1.09946,1.68573,-10.5899,0.247982,-25.0661
2014-05-22,23.047,2.99285,77.3671,19782.5,0.321351,17.9874,4,-0.497873,1.14057,0.10069,-1.09644,1.18168,1.09946,1.24535,-11.4189,1.22065,-23.0597
2014-05-23,23.025,2.72722,77.3671,19782.5,0.278712,20.2085,4,-0.583151,1.14057,0.00246626,-1.16877,1.18168,1.09946,1.35219,-12.3566,2.2361,-21.0232
2014-05-26,23.036,2.72581,77.3671,19782.5,0.237375,22.4706,4,-0.665824,1.14057,-0.166647,-1.165,1.18168,1.09946,1.31148,-13.245,3.28671,-18.8826
2014-05-27,23.033,2.72511,77.3671,19782.5,0.225421,24.904,4,-0.689732,1.14057,-0.219961,-1.1595,1.18168,1.09946,1.15641,-13.9493,4.37078,-16.6738
2014-05-28,23.029,2.33135,77.3671,19782.5,0.201536,27.2548,4,-0.737502,1.14057,-0.209331,-1.26567,1.18168,1.09946,0.858812,-14.7418,5.47612,-14.3383
2014-05-29,23.017,2.0791,77.3671,19782.5,0.189338,29.5454,4,-0.761898,1.14057,-0.18942,-1.33438,1.18168,1.09946,0.410616,-15.5603,6.59779,-11.9027
2014-05-30,22.96,1.75978,77.3671,19782.5,0.125737,31.7416,4,-0.889101,1.14057,-0.356717,-1.42149,1.18168,1.09946,-0.132351,-16.4715,7.73003,-9.38455
2014-06-02,22.985,1.62279,77.3671,19782.5,0.134808,33.8971,4,-0.870958,1.14057,-0.286862,-1.45505,1.18168,1.09946,-0.811755,-17.3591,8.87075,-6.80273
2014-06-03,22.999,1.60493,77.3671,19782.5,0.156687,36.1802,4,-0.827201,1.14057,-0.199119,-1.45528,1.18168,1.09946,-1.44321,-18.2266,10.0218,-4.17185
2014-06-04,23.031,1.68783,77.3671,19782.5,0.210972,39.2397,4,-0.71863,1.14057,-0.00720576,-1.43005,1.18168,1.09946,-1.55062,-18.9058,11.1966,-1.50051
2014-06-05,23.001,1.63552,77.3671,19782.5,0.188179,42.8104,4,-0.764215,1.14057,-0.0894328,-1.439,1.18168,1.09946,-1.31825,-19.4583,12.3729,1.21398
2014-06-06,22.976,1.66961,77.3671,19782.5,0.231802,46.2799,4,-0.675385,1.13899,0.0738795,-1.42465,1.17852,1.09946,-1.24262,-19.9553,13.5231,3.95469
2014-06-09,22.988,1.63126,77.3671,19782.5,0.213904,49.8966,4,-0.709596,1.13741,0.00724945,-1.42644,1.17535,1.09946,-1.12683,-20.3191,14.6423,6.70023
2014-06-10,22.989,1.61123,77.3671,19782.5,0.19447,53.5802,4,-0.741687,1.13063,-0.0592795,-1.4241,1.16179,1.09946,-0.923917,-20.6328,15.7095,9.42736
2014-06-11,23.005,1.62743,77.3671,19782.5,0.171408,57.1047,4,-0.781188,1.124,-0.145537,-1.41684,1.14854,1.09946,-0.843574,-20.8856,16.7188,12.1151
2014-06-12,22.983,1.65338,77.3671,19782.5,0.187225,58.7734,4,-0.749555,1.124,-0.0972955,-1.40181,1.14854,1.09946,-0.918941,-21.1558,17.2937,13.5545
2014-06-13,22.944,1.75191,77.3671,19782.5,0.178076,60.4432,4,-0.767853,1.124,-0.168208,-1.3675,1.14854,1.09946,-1.09656,-21.2903,17.8539,14.9762
2014-06-16,22.969,1.61401,77.3719,19800,0.21108,62.0969,4,-0.746091,1.16825,-0.0946387,-1.39754,1.15149,1.18501,-1.29943,-21.4521,18.4011,16.4472
2014-06-17,22.985,1.63235,77.3719,19800,-0.403924,61.7081,4,-0.69783,-0.110019,-0.00938176,-1.38628,0.507751,-0.727788,-1.53755,-21.716,18.5176,16.4441
2014-06-18,22.977,1.6332,77.3719,19800,-0.43049,59.225,4,-0.761652,-0.0993278,-0.13751,-1.38579,0.507751,-0.706406,-1.83955,-22.07,18.0722,15.0624
2014-06-20,22.971,1.62257,77.3719,19800,-0.402645,56.8874,4,-0.716654,-0.0886369,-0.0462388,-1.38707,0.507751,-0.685024,-1.96747,-22.3976,17.5926,13.6599
2014-06-23,22.922,1.74803,77.3719,19800,-0.406858,54.6513,4,-0.725079,-0.0886369,-0.100896,-1.34926,0.507751,-0.685024,-2.05785,-22.6073,17.0866,12.2299
2014-06-24,22.886,1.78977,77.3719,19800,-0.485605,52.2772,4,-0.882573,-0.0886369,-0.430257,-1.33489,0.507751,-0.685024,-2.27856,-22.7864,16.561,10.7811
2014-06-25,22.845,1.86147,77.3719,19800,-0.557348,49.6979,4,-1.02606,-0.0886369,-0.740843,-1.31128,0.507751,-0.685024,-2.70907,-22.9237,16.0144,9.31618
2014-06-26,22.849,1.87142,77.3719,19800,-0.539374,47.2575,4,-0.990111,-0.0886369,-0.67455,-1.30567,0.507751,-0.685024,-3.09008,-22.9388,15.447,7.83935
2014-06-27,22.883,1.98537,77.3719,19800,-0.47295,45.0844,4,-0.86019,-0.0857089,-0.448856,-1.27152,0.513607,-0.685024,-3.29795,-22.8469,14.8707,6.35863
2014-06-30,22.929,1.96854,77.3719,19800,-0.343462,43.5535,4,-0.601216,-0.0857089,0.0697305,-1.27216,0.513607,-0.685024,-2.94195,-22.6824,14.2951,4.88263
2014-07-01,22.967,2.02232,77.3719,19800,-0.237833,42.3443,4,-0.389957,-0.0857089,0.47567,-1.25559,0.513607,-0.685024,-2.31204,-22.4778,13.722,3.41213
2014-07-02,22.978,2.01732,77.3719,19800,-0.166439,41.3015,4,-0.247169,-0.0857089,0.761406,-1.25574,0.513607,-0.685024,-1.5225,-22.2737,13.1507,1.94693
2014-07-03,23.02,2.06385,77.3719,19800,-0.110294,40.2708,4,-0.13488,-0.0857089,0.969059,-1.23882,0.513607,-0.685024,-0.722842,-22.0721,12.5787,0.486957
2014-07-04,23.025,2.00866,77.3719,19800,-0.153125,39.1832,4,-0.220541,-0.0857089,0.809366,-1.25045,0.513607,-0.685024,0.0104757,-21.8651,12.0045,-0.966683
2014-07-07,22.985,2.07003,77.3719,19800,-0.265923,37.6123,4,-0.446137,-0.0857089,0.340367,-1.23264,0.513607,-0.685024,0.226472,-21.6222,11.4175,-2.40949
2014-07-08,22.935,2.2008,77.3719,19800,-0.386115,35.7458,4,-0.665182,-0.107048,-0.134866,-1.1955,0.470929,-0.685024,0.110646,-21.3165,10.7865,-3.83485
2014-07-09,22.894,2.27805,77.3719,19800,-0.466737,33.7279,4,-0.797018,-0.136455,-0.422557,-1.17148,0.412114,-0.685024,-0.18096,-20.9655,10.1111,-5.23671
2014-07-10,22.915,2.29099,77.3719,19800,-0.497214,31.7339,4,-0.849905,-0.144524,-0.53908,-1.16073,0.395976,-0.685024,-0.492059,-20.5946,9.43261,-6.61208
2014-07-11,22.898,2.28279,77.3719,19800,-0.525886,29.6642,4,-0.907248,-0.144524,-0.661031,-1.15346,0.395976,-0.685024,-0.930811,-20.2029,8.75071,-7.95275
2014-07-14,22.937,2.30284,77.3719,19800,-0.423947,27.9667,4,-0.683138,-0.164756,-0.223668,-1.14261,0.355512,-0.685024,-0.965814,-19.8488,8.05499,-9.27366
2014-07-15,22.956,2.28806,78.2009,20339.2,0.436471,28.5967,4,-0.492143,1.36509,0.15925,-1.14353,0.826019,1.90415,-0.770494,-19.7179,7.8279,-8.74276
2014-07-16,22.976,2.29621,78.2009,20339.2,0.373325,30.8194,4,-0.315137,1.06179,0.502899,-1.13317,0.699974,1.4236,-0.373811,-19.7355,8.0664,-7.13767
2014-07-17,22.98,2.29378,78.2009,20339.2,0.351511,33.129,4,-0.358764,1.06179,0.407276,-1.1248,0.699974,1.4236,0.0576549,-19.7214,8.29939,-5.50664
2014-07-21,22.942,2.36753,78.2009,20339.2,0.328395,35.3479,4,-0.404996,1.06179,0.280477,-1.09047,0.699974,1.4236,0.321178,-19.641,8.52082,-3.85307
2014-07-22,22.922,2.26095,78.2009,20339.2,0.240124,37.3544,4,-0.581539,1.06179,-0.0524463,-1.11063,0.699974,1.4236,0.3624,-19.5683,8.72887,-2.16852
2014-07-23,22.959,2.24988,78.2009,20339.2,0.258946,39.7064,4,-0.533204,1.0511,0.0412041,-1.10761,0.699974,1.40222,0.748751,-19.4992,8.93729,-0.480457
2014-07-24,22.993,2.1718,78.2009,20339.2,0.274904,42.3801,4,-0.501287,1.0511,0.119937,-1.12251,0.699974,1.40222,1.45771,-19.4454,9.14096,1.22678
2014-07-25,23.013,2.1795,78.2009,20339.2,0.298675,45.1082,4,-0.453746,1.0511,0.210807,-1.1183,0.699974,1.40222,2.19086,-19.362,9.33218,2.94716
2014-07-28,23.042,2.16531,78.2009,20339.2,0.393673,47.9538,4,-0.26375,1.0511,0.593257,-1.12076,0.699974,1.40222,3.05392,-19.278,9.50512,4.67278
2014-07-29,23.186,2.96574,78.2009,20339.2,0.673931,51.3067,4,0.296766,1.0511,1.50395,-0.910416,0.699974,1.40222,4.23655,-18.9849,9.66116,6.39394
2014-07-30,23.204,2.93883,78.2009,20339.2,0.646722,54.2152,4,0.242348,1.0511,1.39477,-0.910074,0.699974,1.40222,4.98549,-18.6687,9.79819,8.10021
2014-07-31,23.338,3.47856,78.2009,20339.2,0.821066,57.435,4,0.596468,1.04566,1.95297,-0.76003,0.699974,1.39135,5.94204,-18.1884,9.912,9.76938
2014-08-01,23.348,3.45798,78.2009,20339.2,0.803746,60.3722,4,0.567177,1.04031,1.89542,-0.761069,0.699974,1.38065,6.66344,-17.697,10.0082,11.3976
2014-08-04,23.312,3.5464,78.2009,20339.2,0.716145,63.1122,4,0.391976,1.04031,1.51653,-0.732583,0.699974,1.38065,7.18861,-17.1534,10.0884,12.9885
2014-08-05,23.383,3.53068,78.2009,20339.2,0.611436,65.8116,4,0.182557,1.04031,1.09691,-0.731795,0.699974,1.38065,7.73231,-16.6014,10.1495,14.5312
2014-08-06,23.434,3.36875,78.2009,20339.2,0.645825,68.8853,4,0.251335,1.04031,1.27241,-0.76974,0.699974,1.38065,8.75127,-16.0589,10.2054,15.9875
2014-08-07,23.531,3.35627,78.2009,20339.2,0.592894,71.9099,4,0.145474,1.04031,1.06109,-0.770138,0.699974,1.38065,9.77798,-15.5057,10.2774,17.3602
2014-08-08,23.582,3.36305,78.2009,20339.2,0.653771,75.0251,4,0.267227,1.04031,1.28401,-0.749556,0.699974,1.38065,10.9909,-14.9011,10.318,18.6171
2014-08-11,23.528,3.53668,78.2009,20339.2,0.644833,77.9949,4,0.249352,1.04031,1.18179,-0.683091,0.699974,1.38065,12.1351,-14.2282,10.3239,19.7642
2014-08-12,23.618,3.64223,78.2009,20339.2,0.677023,80.5932,4,0.313732,1.04031,1.27969,-0.652228,0.699974,1.38065,12.9643,-13.5504,10.3449,20.8344
2014-08-13,23.747,3.89567,78.2009,20339.2,0.796922,81.4015,4,0.55353,1.04031,1.69826,-0.591203,0.699974,1.38065,13.9812,-13.0431,10.1724,20.291
2014-08-14,23.837,3.95082,77.7882,20765.7,0.706663,82.1301,4,0.532302,0.881024,1.64187,-0.57727,-0.0898718,1.85192,14.6989,-12.5453,9.52723,20.4493
2014-08-15,23.763,4.29159,77.7882,20765.7,0.555998,82.568,4,0.230971,0.881024,0.951878,-0.489936,-0.0898718,1.85192,15.0215,-12.0313,8.91596,20.6618
2014-08-18,23.777,4.13157,77.7882,20765.7,0.639173,83.2204,4,0.397322,0.881024,1.32475,-0.530108,-0.0898718,1.85192,15.6581,-11.5456,8.28906,20.8189
2014-08-19,23.86,4.04819,77.7882,20765.7,0.623989,84.0043,4,0.366953,0.881024,1.28154,-0.547635,-0.0898718,1.85192,16.4586,-11.0435,7.65619,20.933
2014-08-20,23.925,4.05304,77.7882,20765.7,0.536505,84.5559,4,0.191986,0.881024,0.928005,-0.544033,-0.0898718,1.85192,16.9707,-10.5743,7.05089,21.1086
2014-08-21,24.025,4.114,77.7882,20765.7,0.562773,85.1145,4,0.224808,0.900738,0.978345,-0.528729,-0.0504442,1.85192,17.4491,-10.0861,6.47845,21.2731
2014-08-22,24.151,4.21757,77.7882,20765.7,0.845109,86.1374,4,0.779833,0.910385,2.05975,-0.500087,-0.0100966,1.83087,18.4815,-9.52377,5.90218,21.2775
2014-08-26,24.02,5.04892,77.7882,20765.7,0.697808,86.6855,4,0.497278,0.898338,1.27814,-0.283588,-0.0100966,1.80677,18.8046,-8.87888,5.37213,21.3876
2014-08-27,23.951,5.0904,77.7882,20765.7,0.490877,86.3574,4,0.0926258,0.889128,0.456103,-0.270851,-0.00504831,1.78331,18.1758,-8.48277,4.9146,21.7498
2014-08-28,23.831,5.60822,77.7882,20765.7,0.271829,85.6684,4,-0.347994,0.891653,-0.563243,-0.132746,0,1.78331,16.9957,-8.02641,4.47757,22.2216
2014-08-29,23.764,5.53626,77.7882,20765.7,0.0394497,84.1575,4,-0.812753,0.891653,-1.48471,-0.140798,0,1.78331,14.9024,-7.74584,4.07112,22.9297
2014-09-01,23.858,5.63616,77.7882,20765.7,0.0158053,82.5322,4,-0.858074,0.889684,-1.6148,-0.10135,0,1.77937,12.66,-7.41677,3.64448,23.6445
2014-09-02,24.013,5.85559,77.7882,20765.7,0.421063,81.8972,4,-0.0432837,0.885411,-0.0560452,-0.0305221,0,1.77082,11.608,-6.95898,3.16288,24.0853
2014-09-03,24.001,5.86539,77.7882,20765.7,0.502866,81.66,4,0.122624,0.883108,0.263081,-0.0178323,0,1.76622,11.0319,-6.45846,2.66327,24.4232
2014-09-04,24.093,5.92677,77.7882,20765.7,0.804755,82.0066,4,0.726403,0.883108,1.45394,-0.001131,0,1.76622,11.1238,-5.88045,2.14831,24.6149
2014-09-05,24.026,6.00988,77.7882,20765.7,0.811362,82.4763,4,0.739616,0.883108,1.45806,0.0211691,0,1.76622,11.3541,-5.28275,1.63469,24.7702
2014-09-08,24.045,5.99557,77.7882,20765.7,0.704188,82.5835,4,0.525267,0.883108,1.03316,0.0173769,0,1.76622,11.1609,-4.72617,1.13039,25.0184
2014-09-09,24.16,6.00972,77.7882,20765.7,0.643797,82.5813,4,0.404486,0.883108,0.787731,0.0212416,0,1.76622,10.8783,-4.22073,0.627988,25.2958
2014-09-10,24.217,5.95143,77.7882,20765.7,0.731801,82.6974,4,0.580495,0.883108,1.15548,0.00550903,0,1.76622,10.7756,-3.74391,0.125403,25.5403
2014-09-11,24.217,5.75299,77.7882,20765.7,0.592197,82.261,4,0.301287,0.883108,0.649832,-0.0472586,0,1.76622,10.071,-3.3697,-0.378158,25.9378
2014-09-12,24.321,5.78812,77.7882,20765.7,0.832487,82.5301,4,0.781866,0.883108,1.60054,-0.036812,0,1.76622,10.0125,-2.9719,-0.312531,25.802
2014-09-15,24.315,5.60453,78.1972,20894,0.989856,83.4377,4,0.684792,1.29492,1.45515,-0.085566,0.259815,2.33003,10.2699,-2.6546,-0.0607785,25.8832
2014-09-16,24.201,5.97655,78.1972,20894,0.673744,83.5087,4,0.0947034,1.25278,0.174558,0.0148493,0.2568,2.24877,9.44445,-2.26531,0.185545,26.144
2014-09-17,24.259,5.92591,78.1972,20894,0.658427,83.5792,4,0.0894811,1.22737,0.177775,0.00118667,0.260271,2.19447,8.6533,-1.8739,0.433932,26.3659
2014-09-18,24.353,5.98812,78.1972,20894,0.779957,84.0722,4,0.357906,1.20201,0.697757,0.0180558,0.263838,2.14018,8.44074,-1.46639,0.681039,26.4168
2014-09-19,24.352,5.86713,78.1972,20894,0.626109,84.1988,4,0.0502107,1.20201,0.111439,-0.0110176,0.263838,2.14018,7.81704,-1.09935,0.901457,26.5797
2014-09-22,24.445,5.74128,78.1972,20894,0.752387,84.0132,4,0.302767,1.20201,0.65068,-0.0451469,0.263838,2.14018,6.83938,-0.780524,1.09692,26.8574
2014-09-23,24.519,5.33083,78.1972,20894,0.977868,84.5695,4,0.753729,1.20201,1.66392,-0.15646,0.263838,2.14018,7.06383,-0.686085,1.28167,26.9101
2014-09-24,24.611,5.20421,78.1972,20894,1.01465,85.5752,4,0.82729,1.20201,1.84076,-0.186182,0.263838,2.14018,7.93166,-0.618627,1.45136,26.8108
2014-09-25,24.777,4.95801,78.1972,20894,1.09253,87.0603,4,0.983043,1.20201,2.21691,-0.250826,0.263838,2.14018,9.65148,-0.685806,1.60002,26.4946
2014-09-26,24.774,4.70034,78.1972,20894,1.07179,88.7732,4,0.941581,1.20201,2.20267,-0.31951,0.263838,2.14018,11.8202,-0.78497,1.7304,26.0075
2014-09-29,24.765,4.72233,78.1972,20894,0.927577,90.1457,4,0.653145,1.20201,1.61823,-0.311938,0.263838,2.14018,13.6025,-0.900686,1.85664,25.5873
2014-09-30,24.702,4.63942,78.1972,20894,0.731914,90.5843,4,0.274985,1.18884,0.884392,-0.334422,0.263838,2.11385,14.082,-1.08643,2.00843,25.5804
2014-10-01,24.507,5.67824,78.1972,20894,0.338397,90.3541,4,-0.341709,1.0185,-0.630719,-0.0526984,0.263838,1.77317,13.5759,-1.11386,2.18682,25.7052
2014-10-02,24.516,5.5854,78.1972,20894,0.068396,89.2724,4,-0.7655,0.902293,-1.45312,-0.0778766,0.263838,1.54075,11.9594,-1.18732,2.40501,26.0953
2014-10-03,24.581,5.44502,78.1972,20894,0.132149,88.1995,4,-0.604212,0.868509,-1.09248,-0.115947,0.263838,1.47318,10.4852,-1.3009,2.6258,26.3894
2014-10-06,24.364,6.50388,78.1972,20894,-0.0902203,86.8509,4,-1.01067,0.83023,-2.19094,0.169602,0.263838,1.39662,8.51544,-1.22504,2.8611,26.6994
2014-10-07,24.332,6.35046,78.1972,20894,-0.0626289,85.5654,4,-0.948304,0.823046,-2.02234,0.125731,0.263838,1.38225,6.72457,-1.17499,3.09593,26.9199
2014-10-08,24.382,6.33866,78.1972,20894,0.257667,84.6566,4,-0.307712,0.823046,-0.732284,0.11686,0.263838,1.38225,5.48127,-1.11085,3.31736,26.9688
2014-10-09,24.398,6.33828,78.1972,20894,0.266868,84.0115,4,-0.28931,0.823046,-0.695376,0.116757,0.263838,1.38225,4.57458,-1.0038,3.52991,26.9108
2014-10-10,24.455,6.21513,78.1972,20894,0.248479,82.8097,4,-0.326088,0.823046,-0.735537,0.0833597,0.263838,1.38225,2.96527,-0.93165,3.76768,27.0084
2014-10-13,24.363,6.37796,78.1972,20894,0.422224,81.5877,4,0.0214016,0.823046,-0.0847153,0.127519,0.263838,1.38225,1.88684,-0.789168,3.81938,26.6706
2014-10-14,24.382,6.1227,78.1972,20894,-0.0607111,79.9285,4,0.121749,-0.243171,0.185206,0.0582913,-0.280208,-0.206134,1.92489,-0.76979,3.48481,25.2886
2014-10-15,24.428,6.10305,78.6764,21129.8,0.177347,78.7947,4,0.107866,0.246828,0.162768,0.0529632,0.036344,0.457313,1.93291,-0.738928,3.35288,24.2478
2014-10-16,24.525,6.11046,78.6764,21129.8,0.284267,77.5881,4,0.321705,0.246828,0.588439,0.0549715,0.036344,0.457313,1.86978,-0.71846,3.21493,23.2218
2014-10-17,24.41,6.36855,78.6764,21129.8,0.0747224,76.2012,4,-0.0973834,0.246828,-0.319732,0.124965,0.036344,0.457313,1.56188,-0.622697,3.07574,22.1863
2014-10-20,24.341,6.29374,78.6764,21129.8,0.100024,74.5014,4,-0.0467798,0.246828,-0.198236,0.104676,0.036344,0.457313,0.927885,-0.514843,2.93675,21.1516
2014-10-21,24.297,6.19721,78.6764,21129.8,0.00961914,71.8661,4,-0.22759,0.246828,-0.534211,0.0790311,0.036344,0.457313,-0.772808,-0.339207,2.80562,20.1725
2014-10-22,24.203,6.10192,78.6764,21129.8,-0.183576,68.4334,4,-0.61398,0.246828,-1.28123,0.053267,0.036344,0.457313,-3.26356,-0.154933,2.67268,19.1792
2014-10-23,24.299,5.71444,78.6764,21129.8,-0.208872,64.5169,4,-0.664572,0.246828,-1.28179,-0.047349,0.036344,0.457313,-6.13084,0.00664686,2.52955,18.1116
2014-10-24,24.274,5.70555,78.6764,21129.8,-0.0899233,60.8846,4,-0.426675,0.246828,-0.805831,-0.0475188,0.036344,0.457313,-8.64222,0.228064,2.37043,16.9283
2014-10-27,24.261,5.70325,78.6764,21129.8,-0.0155193,57.8625,4,-0.277867,0.246828,-0.509179,-0.0465553,0.036344,0.457313,-10.4372,0.446759,2.1987,15.6542
2014-10-28,23.987,6.77194,78.6764,21129.8,-0.252101,54.6595,4,-0.751075,0.246873,-1.74958,0.247432,0.0364339,0.457313,-12.6476,0.927122,2.02109,14.3589
2014-10-29,23.807,6.7235,78.6764,21129.8,-0.374012,52.3202,4,-0.994983,0.24696,-2.22451,0.234542,0.0366078,0.457313,-13.9822,1.16532,1.8374,13.2997
2014-10-30,23.951,7.20936,78.6764,21129.8,-0.272775,51.1966,4,-0.792556,0.247006,-1.95538,0.370266,0.036699,0.457313,-14.4019,1.53509,1.65098,12.4124
2014-10-31,24.198,8.1839,78.6764,21129.8,0.161188,51.2923,4,0.0753676,0.247009,-0.491744,0.642479,0.0367062,0.457313,-13.9065,2.16002,1.46378,11.575
2014-11-03,24.31,7.8089,78.6764,21129.8,0.30446,52.5918,4,0.36191,0.247009,0.184841,0.538979,0.0367062,0.457313,-11.9425,2.46309,1.27594,10.7953
2014-11-04,24.406,7.92348,78.6764,21129.8,0.821838,55.492,4,1.39667,0.247009,2.21937,0.573963,0.0367062,0.457313,-8.42816,2.82527,1.08619,10.0087
2014-11-05,24.367,7.91331,78.6764,21129.8,1.01963,57.9677,4,1.79226,0.247009,3.00837,0.57615,0.0367062,0.457313,-5.33604,3.19127,0.896401,9.21611
2014-11-06,24.302,7.96299,78.6764,21129.8,0.734651,59.4728,4,1.22229,0.247009,1.85122,0.593365,0.0367062,0.457313,-3.2421,3.57136,0.708457,8.43507
2014-11-07,24.283,7.90827,78.6764,21129.8,0.365089,59.8459,4,0.483169,0.247009,0.388503,0.577834,0.0367062,0.457313,-2.32268,3.97192,0.52263,7.67401
2014-11-10,24.133,8.09213,78.6764,21129.8,0.0171986,58.5463,4,-0.212612,0.247009,-1.05525,0.630022,0.0367062,0.457313,-3.12239,4.39313,0.338226,6.93738
2014-11-11,24.053,8.13861,78.6764,21129.8,-0.219585,58.0339,4,-0.68618,0.247009,-2.02092,0.648558,0.0367062,0.457313,-4.93108,4.8803,0.597948,7.48677
2014-11-12,24.161,8.29764,78.6764,21129.8,-0.238053,56.6879,4,-0.248624,-0.227482,-1.19132,0.694071,0.314773,-0.769737,-6.05226,5.41652,0.827607,6.49607
2014-11-13,24.136,8.125,78.6764,21129.8,-0.193805,55.1293,4,-0.160128,-0.227482,-0.9719,0.651644,0.314773,-0.769737,-7.34653,5.91751,1.05806,5.50026
2014-11-14,24.176,8.03301,79.2753,21150.8,-0.00450663,54.8702,4,-0.0127157,0.00370242,-0.654284,0.628853,0.718303,-0.710898,-7.62358,6.33339,1.61901,4.54135
2014-11-17,24.039,8.20558,79.2753,21150.8,0.0327529,54.65,4,0.0442698,0.021236,-0.590543,0.679083,0.718303,-0.675831,-7.94786,6.80712,2.18014,3.61057
2014-11-18,23.907,8.37949,79.2753,21150.8,-0.0171885,54.5622,4,-0.0731466,0.0387696,-0.872598,0.726304,0.718303,-0.640764,-8.22682,7.34,2.74115,2.70785
2014-11-19,23.907,8.30393,79.2753,21150.8,-0.166651,54.6176,4,-0.372072,0.0387696,-1.44606,0.701921,0.718303,-0.640764,-8.36193,7.87302,3.3018,1.80472
2014-11-20,23.878,8.12715,79.2753,21150.8,-0.184537,54.6973,4,-0.407843,0.0387696,-1.46657,0.650887,0.718303,-0.640764,-8.51321,8.44654,3.86229,0.90167
2014-11-21,23.74,8.31325,79.2753,21150.8,-0.413289,53.6371,4,-0.865347,0.0387696,-2.42923,0.698541,0.718303,-0.640764,-9.85725,9.06843,4.42716,-0.00124122
2014-11-24,23.624,8.41671,79.2753,21150.8,-0.383183,52.4286,4,-0.805136,0.0387696,-2.32764,0.717373,0.718303,-0.640764,-11.3627,9.70464,4.99228,-0.905689
2014-11-25,23.542,7.59628,79.2753,21150.8,-0.376063,52.0205,4,-0.790896,0.0387696,-2.06493,0.483137,0.718303,-0.640764,-11.6246,9.90067,5.55497,-1.81048
2014-11-26,23.61,7.29036,79.2753,21150.8,-0.305798,52.2451,4,-0.650365,0.0387696,-1.69149,0.390764,0.718303,-0.640764,-11.1844,10.0284,6.11595,-2.71483
2014-11-27,23.558,6.90026,79.2753,21150.8,-0.366416,51.9368,4,-0.771601,0.0387696,-1.81982,0.276614,0.718303,-0.640764,-11.0742,9.95256,6.67832,-3.61985
2014-11-28,23.726,6.29216,79.2753,21150.8,0.00805654,51.4325,4,-0.0226565,0.0387696,-0.149343,0.10403,0.718303,-0.640764,-10.794,9.51065,7.24114,-4.5253
2014-12-01,23.934,6.91591,79.2753,21150.8,0.487614,52.0357,4,0.944675,0.0305541,1.60967,0.27968,0.718303,-0.657195,-9.61788,9.29495,7.80106,-5.44246
2014-12-02,24.041,6.96522,79.2753,21150.8,0.740275,51.7671,4,1.45871,0.0218354,2.6243,0.293125,0.718162,-0.674491,-9.28528,9.06456,8.36335,-6.37554
2014-12-03,23.977,6.99263,79.2753,21150.8,0.558529,50.2476,4,1.09611,0.0209431,1.89219,0.300041,0.716377,-0.674491,-10.2082,8.83991,8.9262,-7.31038
2014-12-04,24.012,7.00024,79.2753,21150.8,0.670965,50.0376,4,1.32269,0.0192412,2.34373,0.301648,0.712973,-0.674491,-9.80233,8.59954,9.48362,-8.24323
2014-12-05,23.928,7.07591,79.2753,21150.8,0.334994,49.9384,4,0.654278,0.0157107,0.988176,0.32038,0.705912,-0.674491,-9.3081,8.38735,10.0352,-9.17604
2014-12-08,23.898,6.78146,79.2753,21150.8,-0.00255358,49.8733,4,-0.018167,0.0130598,-0.267375,0.231041,0.70061,-0.674491,-8.65874,8.05851,10.5823,-10.1088
2014-12-09,23.909,6.70447,79.2753,21150.8,-0.135073,50.1519,4,-0.283205,0.0130598,-0.770506,0.204096,0.70061,-0.674491,-7.62818,7.69219,11.1295,-11.0416
2014-12-10,23.97,6.55518,79.2753,21150.8,0.0141654,50.9833,4,0.021706,0.00662475,-0.115803,0.159215,0.68774,-0.674491,-6.7411,7.25066,11.4357,-10.962
2014-12-11,24.07,6.745,79.2753,21150.8,-0.039403,51.492,4,0.218944,-0.29775,0.228076,0.209812,0.402007,-0.997507,-5.75145,6.88564,11.5061,-11.1483
2014-12-12,24.184,6.93841,79.2753,21150.8,0.251111,52.3337,4,0.769826,-0.267604,1.2772,0.262451,0.402007,-0.937215,-4.15854,6.58151,11.2417,-11.3309
2014-12-15,24.399,7.26524,79.3535,21336.1,0.741719,54.6617,4,1.4535,0.0299422,2.5652,0.341793,0.454174,-0.39429,-1.55647,6.29289,11.0053,-11.08
2014-12-16,24.597,7.31594,79.3535,21336.1,0.98776,57.9323,4,1.93993,0.0355855,3.53691,0.342958,0.454174,-0.383003,2.06041,5.95157,10.741,-10.8206
2014-12-17,24.32,8.59991,79.3535,21336.1,0.636697,60.5091,4,1.22921,0.0441846,1.76069,0.697725,0.454174,-0.365805,4.66184,5.91773,10.4709,-10.5413
2014-12-18,24.086,9.35989,79.3535,21336.1,0.250664,61.8869,4,0.448661,0.0526657,-0.00680337,0.904126,0.454174,-0.348843,5.83114,6.10337,10.2212,-10.2688
2014-12-19,23.991,9.21892,79.3535,21336.1,-0.0362775,63.0684,4,-0.130746,0.0581912,-1.12387,0.862378,0.454174,-0.337792,6.86838,6.21608,9.97426,-9.99029
2014-12-22,24.174,9.31053,79.3535,21336.1,-0.0688127,64.0443,4,-0.195817,0.0581912,-1.27552,0.883886,0.454174,-0.337792,7.69692,6.33207,9.73175,-9.7164
2014-12-23,24.228,9.15337,79.3535,21336.1,-0.266636,64.3819,4,-0.591463,0.0581912,-2.01979,0.83686,0.454174,-0.337792,7.725,6.61031,9.50841,-9.46177
2014-12-24,24.122,9.36213,79.3535,21336.1,-0.0309418,65.2249,4,-0.120075,0.0581912,-1.13082,0.890669,0.454174,-0.337792,8.1538,6.9934,9.26936,-9.19164
2014-12-26,24.035,9.44054,79.3535,21336.1,0.166646,66.8382,4,0.2751,0.0581912,-0.355546,0.905747,0.454174,-0.337792,9.2753,7.45462,9.00352,-8.89523
2014-12-29,23.999,9.19354,79.3535,21336.1,0.225926,67.4889,4,0.393662,0.0581912,-0.0420839,0.829407,0.454174,-0.337792,9.3367,8.01325,8.76971,-8.63076
2014-12-30,24.369,10.2068,79.3535,21336.1,0.538072,67.6389,4,1.01795,0.0581912,0.93381,1.1021,0.454174,-0.337792,8.79277,8.66319,8.55399,-8.37111
2014-12-31,24.369,10.1229,79.3535,21336.1,0.460172,66.8029,4,0.862154,0.0581912,0.648652,1.07566,0.454174,-0.337792,7.24381,9.31749,8.37179,-8.13019
2015-01-02,24.111,10.8429,79.3535,21336.1,0.309761,66.0534,4,0.56133,0.0581912,-0.145518,1.26818,0.454174,-0.337792,5.63172,10.1197,8.18549,-7.88352
2015-01-05,24.182,10.877,79.3535,21336.1,0.517595,65.588,4,0.976998,0.0581912,0.686033,1.26796,0.454174,-0.337792,4.31077,10.9123,7.99158,-7.62658
2015-01-07,24.222,10.7881,79.3535,21336.1,0.609436,66.419,4,1.16068,0.0581912,1.08594,1.23543,0.454174,-0.337792,4.37587,11.6112,7.76583,-7.33396
2015-01-08,24.38,10.9602,79.3535,21336.1,0.34157,67.4496,4,0.624948,0.0581912,-0.0285448,1.27844,0.454174,-0.337792,4.54852,12.399,7.53807,-7.03602
2015-01-09,24.477,11.0081,79.3535,21336.1,0.471681,69.2343,4,0.88517,0.0581912,0.482435,1.28791,0.454174,-0.337792,5.50424,13.1605,7.28509,-6.71552
2015-01-12,24.582,11.0539,79.3535,21336.1,0.944679,71.8839,4,1.85062,0.0387417,2.40376,1.29747,0.415275,-0.337792,7.39736,13.8744,6.97602,-6.36388
2015-01-13,24.724,11.1238,79.3535,21336.1,1.02278,74.7668,4,2.02626,0.0192923,2.74418,1.30833,0.376376,-0.337792,9.20007,14.4788,6.83668,-5.74876
2015-01-14,24.828,11.1041,78.8872,21345.7,1.02288,76.7594,4,2.16982,-0.124066,3.04441,1.29523,0.032632,-0.280763,10.4095,15.0598,6.46286,-5.17285
2015-01-15,24.828,10.746,78.8872,21345.7,0.538193,76.2425,4,1.69485,-0.618468,2.19717,1.19254,-0.287031,-0.949905,10.1695,15.7627,5.9246,-5.61422
2015-01-16,24.722,10.5396,78.8872,21345.7,0.26435,74.3556,4,1.14135,-0.612655,1.15297,1.12974,-0.287031,-0.938279,8.46737,16.5707,5.43098,-6.11354
2015-01-19,24.551,10.002,78.8872,21345.7,-0.121571,72.297,4,0.363701,-0.606842,-0.250371,0.977773,-0.287031,-0.926654,7.00697,16.9947,4.92144,-6.62613
2015-01-20,24.549,9.26449,78.8872,21345.7,-0.354182,70.5989,4,-0.101523,-0.606842,-0.979913,0.776867,-0.287031,-0.926654,6.30616,17.0491,4.38387,-7.14024
2015-01-21,24.483,9.1865,78.8872,21345.7,-0.575506,69.0456,4,-0.54417,-0.606842,-1.84051,0.752168,-0.287031,-0.926654,5.78608,17.0892,3.82999,-7.65962
2015-01-22,24.468,8.86266,78.8872,21345.7,-0.616884,67.4313,4,-0.626926,-0.606842,-1.91575,0.661893,-0.287031,-0.926654,5.31619,17.0315,3.26598,-8.18235
2015-01-23,24.536,8.878,78.8872,21345.7,-0.396434,67.044,4,-0.186027,-0.606842,-1.03443,0.662377,-0.287031,-0.926654,6.11098,16.9187,2.67943,-8.66511
2015-01-26,24.404,8.96051,78.8872,21345.7,-0.342986,66.1054,4,-0.0791303,-0.606842,-0.83878,0.680519,-0.287031,-0.926654,6.36691,16.8112,2.09531,-9.16801
2015-01-27,24.248,9.18659,78.8872,21345.7,-0.524652,63.9909,4,-0.442462,-0.606842,-1.61795,0.733031,-0.287031,-0.926654,5.39442,16.7936,1.51242,-9.70957
2015-01-28,24.298,9.17375,78.8872,21345.7,-0.379315,62.1035,4,-0.151789,-0.606842,-1.02704,0.723463,-0.287031,-0.926654,4.62492,16.7999,0.919373,-10.2406
2015-01-29,24.342,7.38607,78.8872,21345.7,-0.418977,59.061,4,-0.231111,-0.606842,-0.718076,0.255854,-0.287031,-0.926654,3.30785,16.2267,0.320264,-10.7938
2015-01-30,24.473,7.633,78.8872,21345.7,-0.326096,56.519,4,-0.0453495,-0.606842,-0.40278,0.312081,-0.287031,-0.926654,2.4592,15.6691,-0.286527,-11.3228
2015-02-02,24.408,6.58039,78.8872,21345.7,-0.312334,54.4879,4,-0.0178248,-0.606842,-0.0700988,0.0344493,-0.287031,-0.926654,2.52705,14.6915,-0.896796,-11.8339
2015-02-03,24.31,6.71645,78.8872,21345.7,-0.232039,52.0252,4,0.142764,-0.606842,0.22044,0.0650868,-0.287031,-0.926654,2.14775,13.7254,-1.50893,-12.339
2015-02-04,24.321,6.69702,78.8872,21345.7,-0.284183,49.0802,4,0.0384758,-0.606842,0.0216612,0.0552903,-0.287031,-0.926654,1.27142,12.7575,-2.12027,-12.8285
2015-02-05,24.44,6.51715,78.8872,21345.7,-0.205006,47.2803,4,0.19683,-0.606842,0.389128,0.00453327,-0.287031,-0.926654,1.61451,11.6996,-2.72922,-13.3046
2015-02-06,24.475,6.37916,78.8872,21345.7,-0.334043,44.6382,4,-0.0612442,-0.606842,-0.0909565,-0.0315319,-0.287031,-0.926654,1.13974,10.5892,-3.33213,-13.7586
2015-02-09,24.519,6.21673,78.8872,21345.7,-0.208265,40.9014,4,0.190312,-0.606842,0.454715,-0.0740901,-0.287031,-0.926654,-0.459112,9.40778,-3.88672,-14.1605
2015-02-10,24.595,5.94811,78.8872,21345.7,-0.00654575,37.6327,4,0.593751,-0.606842,1.3323,-0.144796,-0.287031,-0.926654,-1.60028,8.15798,-4.39495,-14.53
2015-02-11,24.835,6.76247,78.8872,21345.7,0.330318,35.4808,4,1.26748,-0.606842,2.46846,0.0664985,-0.287031,-0.926654,-2.05392,7.11573,-4.62416,-14.9568
2015-02-12,24.745,6.88515,78.8872,21345.7,0.0687124,34.0475,4,0.744267,-0.606842,1.39547,0.0930646,-0.287031,-0.926654,-2.68633,6.19924,-4.60127,-14.8641
2015-02-13,24.615,6.97187,78.8872,21345.7,-0.131002,32.858,4,0.344839,-0.606842,0.578444,0.111234,-0.287031,-0.926654,-3.13257,5.35848,-4.58041,-14.7875
2015-02-18,24.475,6.82592,77.6994,20851.2,-1.04708,30.1421,4,-0.131031,-1.96313,-0.333891,0.0718294,-1.47889,-2.44737,-3.16133,4.58075,-5.4659,-15.8114
2015-02-19,24.632,7.21133,77.6994,20851.2,-0.921844,28.528,4,0.119443,-1.96313,0.0640791,0.174808,-1.47889,-2.44737,-2.31917,4.07264,-6.35349,-16.872
2015-02-20,24.678,7.15276,77.6994,20851.2,-1.16082,26.9081,4,-0.358514,-1.96313,-0.87389,0.156863,-1.47889,-2.44737,-1.54909,3.57442,-7.21959,-17.8977
2015-02-23,24.772,7.24123,77.6994,20851.2,-0.935078,26.0473,4,0.0929756,-1.96313,0.00838806,0.177563,-1.47889,-2.44737,-0.0576768,3.18242,-8.10078,-18.9767
2015-02-24,24.659,7.41833,77.6994,20851.2,-0.903084,24.7064,4,0.156965,-1.96313,0.0889366,0.224993,-1.47889,-2.44737,0.801321,2.82053,-8.94129,-19.9741
2015-02-25,24.631,7.13727,77.6994,20851.2,-0.786165,23.5646,4,0.390802,-1.96313,0.634375,0.147228,-1.47889,-2.44737,1.91174,2.39371,-9.77343,-20.9674
2015-02-26,24.565,6.77427,77.6994,20851.2,-1.08213,22.1705,4,-0.201124,-1.96313,-0.447084,0.0448356,-1.47889,-2.44737,2.76988,1.85224,-10.5645,-21.8872
2015-02-27,24.655,6.84176,77.6994,20851.2,-1.02333,20.6203,4,-0.0835336,-1.96313,-0.227947,0.0608799,-1.47889,-2.44737,3.32603,1.33782,-11.3114,-22.7322
2015-03-02,24.537,7.10049,77.6994,20851.2,-1.259,18.6979,4,-0.554875,-1.96313,-1.23893,0.129183,-1.47889,-2.44737,2.88815,1.22194,-11.9774,-23.4347
2015-03-03,24.674,7.11944,77.6994,20851.2,-0.958909,17.3256,4,0.0453141,-1.96313,-0.038131,0.128759,-1.47889,-2.44737,3.10877,1.07321,-12.6627,-24.1937
2015-03-04,24.775,7.1364,77.6994,20851.2,-0.805893,16.301,4,0.351347,-1.96313,0.576956,0.125737,-1.47889,-2.44737,3.53176,1.1256,-13.3622,-24.9941
2015-03-05,24.718,7.00893,77.6994,20851.2,-0.80568,15.1607,4,0.351772,-1.96313,0.618564,0.0849803,-1.47889,-2.44737,3.76148,1.12402,-14.0115,-25.7132
2015-03-06,24.863,7.22849,77.6994,20851.2,-0.729013,14.3139,4,0.505107,-1.96313,0.866783,0.143431,-1.47889,-2.44737,4.30439,1.17259,-14.6814,-26.4817
2015-03-09,25.104,7.73882,77.6994,20851.2,-0.272579,14.1881,4,1.41797,-1.96313,2.55309,0.282861,-1.47889,-2.44737,5.79064,1.3627,-15.479,-27.4862
2015-03-10,25.158,7.74413,77.6994,20851.2,-0.374952,14.1123,4,1.21323,-1.96313,2.14574,0.280714,-1.47889,-2.44737,7.32684,1.57658,-16.2848,-28.5063
2015-03-11,25.125,7.80019,77.6994,20851.2,-0.534446,13.5178,4,0.89424,-1.96313,1.49745,0.29103,-1.47889,-2.44737,7.97907,1.81316,-16.9647,-29.3097
2015-03-12,25.141,7.77061,77.6994,20851.2,-0.458717,12.7225,4,1.0457,-1.96313,1.81208,0.279316,-1.47889,-2.44737,8.20992,2.07855,-17.5716,-29.9944
2015-03-13,25.35,7.57423,77.6994,20851.2,-0.407087,11.4964,4,1.14896,-1.96313,2.07372,0.224199,-1.47889,-2.44737,7.78799,2.14243,-18.018,-30.416
2015-03-16,25.273,7.52899,77.6994,20851.2,-0.774257,10.2006,4,0.414618,-1.96313,0.616946,0.21229,-1.47889,-2.44737,7.10466,2.17026,-18.3745,-30.6998
2015-03-17,25.482,7.55058,78.3054,21210.7,-0.233588,10.0505,4,0.761801,-1.22898,1.30453,0.219077,-1.07467,-1.38329,7.55283,2.23361,-18.8299,-30.906
2015-03-18,25.535,7.02101,78.3054,21210.7,-0.178411,11.3736,4,0.872154,-1.22898,1.68263,0.0616811,-1.07467,-1.38329,9.07032,2.28137,-19.0219,-30.9562
2015-03-19,25.62,6.85573,78.3054,21210.7,-0.267611,12.4489,4,0.9913,-1.52652,1.97624,0.00635636,-1.12683,-1.92621,10.5181,2.20851,-19.1226,-31.155
2015-03-20,25.533,7.11599,78.3054,21210.7,-0.581222,13.4593,4,0.36408,-1.52652,0.650023,0.0781358,-1.12683,-1.92621,11.7198,2.18846,-19.1742,-31.2748
2015-03-23,25.499,7.14845,78.3054,21210.7,-0.531821,14.1947,4,0.462881,-1.52652,0.839851,0.0859106,-1.12683,-1.92621,12.415,2.14784,-19.1296,-31.2387
2015-03-24,25.445,6.92412,78.3054,21210.7,-0.842974,14.3066,4,-0.159424,-1.52652,-0.334667,0.0158193,-1.12683,-1.92621,12.141,2.00649,-18.9152,-30.9258
2015-03-25,25.498,6.85121,78.3054,21210.7,-0.848265,14.191,4,-0.170006,-1.52652,-0.334324,-0.00568845,-1.12683,-1.92621,11.4534,1.8978,-18.6426,-30.5176
2015-03-26,25.68,6.89658,78.3054,21210.7,-0.741111,14.8336,4,0.0443006,-1.52652,0.0866865,0.0019148,-1.12683,-1.92621,11.9232,1.8842,-18.5573,-30.4165
2015-03-27,25.848,7.04898,78.3054,21210.7,-0.449266,15.9586,4,0.62799,-1.52652,1.21053,0.045449,-1.12683,-1.92621,13.1069,1.89988,-18.5706,-30.4776
2015-03-30,25.733,7.00426,78.3054,21210.7,-0.5413,17.4417,4,0.443922,-1.52652,0.856306,0.0315381,-1.12683,-1.92621,14.8337,1.86203,-18.6331,-30.6209
2015-03-31,25.709,6.9919,78.3054,21210.7,-0.498893,18.4369,4,0.50404,-1.50183,0.980737,0.027343,-1.12683,-1.87682,15.7276,1.80789,-18.5721,-30.5265
2015-04-01,25.71,6.98356,78.3054,21210.7,-0.549538,19.0066,4,0.379289,-1.47836,0.736054,0.0225228,-1.12683,-1.82989,15.9326,1.74281,-18.4203,-30.2486
2015-04-06,25.602,7.16444,78.3054,21210.7,-0.849547,18.9083,4,-0.220731,-1.47836,-0.514579,0.0731175,-1.12683,-1.82989,15.0915,1.73249,-18.1461,-29.7696
2015-04-07,25.78,7.25588,78.3054,21210.7,-0.831833,18.6793,4,-0.185303,-1.47836,-0.46915,0.0985451,-1.12683,-1.82989,14.086,1.69595,-17.8491,-29.2535
2015-04-08,25.929,6.81736,78.3054,21210.7,-0.582651,17.9991,4,0.313062,-1.47836,0.65894,-0.0328171,-1.12683,-1.82989,12.6211,1.45629,-17.4721,-28.6062
2015-04-09,26.122,7.12146,78.3054,21210.7,-0.329775,18.0972,4,0.818815,-1.47836,1.57963,0.0580025,-1.12683,-1.82989,12.2246,1.29677,-17.2353,-28.1889
2015-04-10,26.433,7.83337,78.3054,21210.7,0.0503792,19.3976,4,1.57912,-1.47836,2.88602,0.27222,-1.12683,-1.82989,13.3996,1.29977,-17.2004,-28.1014
2015-04-13,26.319,8.18292,78.3054,21210.7,0.0739234,20.6301,4,1.62501,-1.47716,2.87356,0.376453,-1.12683,-1.82748,14.3369,1.38637,-17.1338,-27.9593
2015-04-14,26.594,8.41936,78.488,21618.1,0.488388,22.8038,4,1.82948,-0.852699,3.21578,0.44317,-1.00501,-0.700392,15.4548,1.57629,-17.0837,-27.1436
2015-04-15,26.824,8.43732,78.488,21618.1,0.55895,26.2664,4,1.9706,-0.852699,3.49766,0.443542,-1.00501,-0.700392,18.0503,1.79271,-17.1287,-26.4478
2015-04-16,26.742,8.45658,78.488,21618.1,0.271354,27.6448,4,1.39541,-0.852699,2.34361,0.447206,-1.00501,-0.700392,19.0061,1.98487,-17.2142,-26.132
2015-04-17,26.664,8.66643,78.488,21618.1,-0.0442858,28.0168,4,0.621777,-0.710349,0.734744,0.50881,-0.693894,-0.726804,18.3064,2.3377,-16.953,-25.6743
2015-04-20,26.68,8.67199,78.488,21618.1,0.0836756,29.0024,4,0.8777,-0.710349,1.24679,0.508614,-0.693894,-0.726804,17.8311,2.74379,-16.703,-24.8694
2015-04-21,26.785,8.4509,78.488,21618.1,-0.107095,30.3579,4,0.496158,-0.710349,0.551835,0.440481,-0.693894,-0.726804,17.8736,3.04824,-16.4737,-24.0902
2015-04-22,26.849,8.33575,78.488,21618.1,-0.281644,31.0843,4,0.147062,-0.710349,-0.110323,0.404446,-0.693894,-0.726804,17.1812,3.31074,-16.1863,-23.2214
2015-04-23,26.717,8.60114,78.488,21618.1,-0.311693,32.6514,4,0.086963,-0.710349,-0.308908,0.482834,-0.693894,-0.726804,17.3172,3.70531,-15.9499,-22.4212
2015-04-24,26.424,9.84252,78.488,21618.1,-0.434193,33.8946,4,-0.158036,-0.710349,-1.16776,0.851687,-0.693894,-0.726804,16.7331,4.41,-15.68,-21.5685
2015-04-27,26.15,10.5278,78.488,21618.1,-0.670945,34.1071,4,-0.63154,-0.710349,-2.31448,1.05139,-0.693894,-0.726804,14.8211,5.25481,-15.3451,-20.6237
2015-04-28,25.946,10.7432,78.488,21618.1,-0.955064,32.5872,4,-1.20014,-0.709988,-3.51257,1.11229,-0.693894,-0.726083,10.9702,6.07446,-14.9105,-19.5469
2015-04-29,26.331,11.7537,78.488,21618.1,-0.552522,32.5538,4,-0.401889,-0.703156,-2.21074,1.40696,-0.693894,-0.712418,8.52452,7.16974,-14.5635,-18.577
2015-04-30,26.421,11.7528,78.488,21618.1,-0.334209,33.0455,4,0.0284926,-0.69691,-1.33924,1.39622,-0.693894,-0.699926,6.68884,8.2769,-14.2465,-17.6738
2015-05-04,26.519,11.7699,78.488,21618.1,0.0411956,34.8326,4,0.779301,-0.69691,0.166345,1.39226,-0.693894,-0.699926,6.27513,9.43254,-13.9926,-16.8824
2015-05-05,26.444,11.6904,78.488,21618.1,0.225104,38.1693,4,1.14451,-0.694305,0.929203,1.35982,-0.693894,-0.694716,7.51078,10.5726,-13.7826,-16.1315
2015-05-06,26.373,11.6091,78.488,21618.1,0.347439,41.9338,4,1.3828,-0.687923,1.43467,1.33093,-0.693894,-0.681953,9.13036,11.6676,-13.5407,-15.3234
2015-05-07,26.437,11.4925,78.488,21618.1,0.030529,43.9232,4,0.74525,-0.684192,0.197237,1.29326,-0.693894,-0.674491,8.77872,12.7913,-13.2259,-14.4209
2015-05-08,26.367,11.2976,78.488,21618.1,-0.13793,44.549,4,0.408332,-0.684192,-0.412085,1.22875,-0.693894,-0.674491,7.14904,13.7629,-12.8803,-13.4826
2015-05-11,26.447,10.5285,78.488,21618.1,-0.20978,43.7007,4,0.260523,-0.680083,-0.478859,0.999905,-0.693894,-0.666273,4.37982,14.3456,-12.5114,-12.5134
2015-05-12,26.532,10.4551,78.488,21618.1,-0.0614566,43.2604,4,0.553061,-0.675975,0.128199,0.977923,-0.693894,-0.658055,2.12531,14.8302,-12.1486,-11.5465
2015-05-13,26.523,9.76615,78.488,21618.1,-0.0534682,41.5068,4,0.569038,-0.675975,0.36344,0.774636,-0.693894,-0.658055,-0.21366,15.0591,-11.8596,-11.479
2015-05-14,26.626,9.33907,78.488,21618.1,-0.0484441,39.5613,4,0.579086,-0.675975,0.507861,0.650312,-0.693894,-0.658055,-2.64844,15.1677,-11.559,-11.3989
2015-05-15,26.591,9.29278,78.3139,21538.7,-0.0982788,38.3896,4,0.63845,-0.835007,0.640676,0.636224,-0.81007,-0.859944,-4.02437,15.2786,-11.3681,-11.4964
2015-05-19,26.682,9.3264,78.3139,21538.7,-0.0873917,38.2537,4,0.660224,-0.835007,0.674748,0.6457,-0.81007,-0.859944,-4.07169,15.3844,-11.4585,-11.6006
2015-05-20,26.708,9.33036,78.3139,21538.7,-0.145415,37.5335,4,0.544177,-0.835007,0.442508,0.645845,-0.81007,-0.859944,-4.71575,15.4661,-11.5307,-11.6862
2015-05-21,26.801,9.30682,78.3139,21538.7,-0.0554881,37.6953,4,0.724031,-0.835007,0.814128,0.633934,-0.81007,-0.859944,-4.50515,15.6298,-11.63,-11.7993
2015-05-22,26.892,9.34723,78.3139,21538.7,0.450104,40.0125,4,0.699731,0.200476,0.75861,0.640853,-0.0251942,0.426146,-3.82209,15.9111,-11.1506,-10.926
2015-05-25,26.92,9.16132,78.3139,21538.7,0.490824,42.5945,4,0.781171,0.200476,0.978726,0.583616,-0.0251942,0.426146,-2.78548,16.0707,-10.6566,-10.0341
2015-05-26,26.975,8.11845,78.3139,21538.7,0.374763,45.2298,4,0.549049,0.200476,0.828171,0.269928,-0.0251942,0.426146,-1.15392,15.6472,-10.1431,-9.12038
2015-05-27,27.03,6.89992,78.3139,21538.7,0.306283,48.4404,4,0.412091,0.200476,0.919288,-0.0951071,-0.0251942,0.426146,1.50812,14.736,-9.61384,-8.1899
2015-05-28,26.933,6.26172,78.3139,21538.7,0.0871275,51.8751,4,-0.0262208,0.200476,0.235915,-0.288357,-0.0251942,0.426146,4.59622,13.5804,-9.06182,-7.23969
2015-05-29,26.843,4.32479,78.3139,21538.7,-0.22165,52.9638,4,-0.643776,0.200476,-0.414282,-0.873271,-0.0251942,0.426146,6.07291,11.6953,-8.5062,-6.29818
2015-06-01,26.885,4.23478,78.3139,21538.7,-0.214322,53.3578,4,-0.629121,0.200476,-0.362736,-0.895506,-0.0251942,0.426146,6.87517,9.80568,-7.9535,-5.36954
2015-06-02,26.821,4.24598,78.3139,21538.7,-0.320012,52.1699,4,-0.8405,0.200476,-0.791875,-0.889126,-0.0251942,0.426146,6.09057,7.93311,-7.40813,-4.44563
2015-06-03,26.863,4.0621,78.3139,21538.7,-0.344006,50.2948,4,-0.888487,0.200476,-0.834686,-0.942289,-0.0251942,0.426146,4.63978,6.03963,-6.8606,-3.524
2015-06-04,26.821,3.95272,78.3139,21538.7,-0.300151,48.1606,4,-0.800777,0.200476,-0.629718,-0.971837,-0.0251942,0.426146,2.93736,4.14033,-6.3073,-2.60984
2015-06-05,26.848,3.90928,78.3139,21538.7,-0.191606,47.4294,4,-0.583689,0.200476,-0.189261,-0.978116,-0.0251942,0.426146,2.61805,2.26822,-5.75442,-1.70247
2015-06-08,26.74,4.09568,78.3139,21538.7,-0.31538,46.8459,4,-0.831237,0.200476,-0.745725,-0.916748,-0.0251942,0.426146,2.34244,0.501004,-5.20186,-0.795704
2015-06-09,26.7,4.06965,78.3139,21538.7,-0.294628,46.5671,4,-0.789732,0.200476,-0.657317,-0.922148,-0.0251942,0.426146,2.19509,-1.08124,-4.65041,0.103681
2015-06-10,26.726,3.94603,78.3139,21538.7,-0.318086,45.7251,4,-0.836648,0.200476,-0.715597,-0.957699,-0.0251942,0.426146,1.49949,-2.67273,-4.09716,0.995467
2015-06-11,26.809,4.05219,78.3139,21538.7,-0.19307,45.2678,4,-0.586615,0.200476,-0.24886,-0.924371,-0.0251942,0.426146,0.995379,-4.06856,-3.54556,1.8865
2015-06-12,26.797,3.86594,78.3139,21538.7,-0.243314,44.6305,4,-0.687104,0.200476,-0.39496,-0.979249,-0.0251942,0.426146,0.252875,-5.40477,-2.99369,2.77609
2015-06-15,26.892,3.976,79.9754,21831.9,0.401084,46.2659,4,-0.28826,1.09043,0.369535,-0.946055,1.01284,1.16802,0.0301323,-6.71543,-1.4982,4.4494
2015-06-16,26.851,3.89168,79.9754,21831.9,0.383552,47.8141,4,-0.300751,1.06785,0.369448,-0.970949,0.967692,1.16802,-0.221333,-8.05363,-0.0351904,6.12424
2015-06-17,26.832,3.89973,79.9754,21831.9,0.341992,49.4198,4,-0.38387,1.06785,0.198564,-0.966303,0.967692,1.16802,-0.422482,-9.38603,1.42993,7.79843
2015-06-18,26.765,3.81637,79.9754,21831.9,-0.142227,49.1339,4,-0.681138,0.396683,-0.373346,-0.98893,0.563467,0.229899,-1.40107,-10.723,2.56181,8.69624
2015-06-22,26.828,3.70786,79.9754,21831.9,-0.0762322,47.4005,4,-0.549147,0.396683,-0.0777059,-1.02059,0.563467,0.229899,-2.08897,-12.0846,3.04501,8.52914
2015-06-23,26.901,3.82339,79.9754,21831.9,-0.0882696,45.4992,4,-0.573222,0.396683,-0.163269,-0.983175,0.563467,0.229899,-3.02521,-13.356,3.52482,8.35564
2015-06-24,26.882,3.74916,79.9754,21831.9,-0.0694481,44.0474,4,-0.535579,0.396683,-0.071766,-0.999392,0.563467,0.229899,-3.7593,-14.3769,4.00252,8.1811
2015-06-25,26.867,3.65838,79.9754,21831.9,-0.0683716,42.8291,4,-0.533426,0.396683,-0.0479967,-1.01886,0.563467,0.229899,-4.54581,-15.1097,4.47826,8.00635
2015-06-26,26.903,3.4845,79.9754,21831.9,0.0219172,42.6177,4,-0.352849,0.396683,0.358146,-1.06384,0.563467,0.229899,-4.44416,-15.7402,4.95916,7.84291
2015-06-29,27.017,3.57192,79.9754,21831.9,0.0794588,43.5955,4,-0.237765,0.396683,0.557962,-1.03349,0.563467,0.229899,-3.6527,-15.8943,5.44935,7.69313
2015-06-30,27.07,3.59289,79.9754,21831.9,0.0619365,44.4961,4,-0.27281,0.396683,0.47863,-1.02425,0.563467,0.229899,-2.96563,-16.0181,5.93916,7.54065
2015-07-01,27.189,3.71317,79.9754,21831.9,0.20635,46.2194,4,0.0160175,0.396683,1.01777,-0.985739,0.563467,0.229899,-1.48141,-16.1247,6.43363,7.39189
2015-07-02,27.148,3.77596,79.9754,21831.9,0.184143,47.9558,4,-0.0283964,0.396683,0.908853,-0.965646,0.563467,0.229899,-0.0466357,-16.1611,6.92542,7.23808
2015-07-03,27.145,3.70368,79.9754,21831.9,0.138961,49.4025,4,-0.118761,0.396683,0.748019,-0.985541,0.563467,0.229899,1.0888,-16.1788,7.41333,7.07924
2015-07-06,27.284,4.03463,79.9754,21831.9,0.185585,50.646,4,-0.0255122,0.396683,0.834213,-0.885237,0.563467,0.229899,1.93228,-16.1022,7.89842,6.91746
2015-07-07,27.478,4.19369,79.9754,21831.9,0.33213,52.7784,4,0.267578,0.396683,1.37143,-0.83627,0.563467,0.229899,3.67429,-16.0236,8.37714,6.75055
2015-07-08,27.588,4.15014,79.9754,21831.9,0.318499,54.7904,4,0.240314,0.396683,1.32808,-0.847447,0.563467,0.229899,5.30077,-15.9365,8.84772,6.57839
2015-07-09,27.448,4.78721,79.9754,21831.9,0.271167,56.7125,4,0.14565,0.396683,0.94854,-0.65724,0.563467,0.229899,6.6534,-15.6528,9.30988,6.40203
2015-07-10,27.385,4.90489,79.9754,21831.9,0.221682,58.0563,4,0.0466811,0.396683,0.716546,-0.623184,0.563467,0.229899,7.42954,-15.3731,9.77202,6.22785
2015-07-13,27.337,4.97962,79.9754,21831.9,0.0464417,58.9896,4,-0.3038,0.396683,-0.00938573,-0.598213,0.563467,0.229899,7.73193,-15.0355,10.2364,6.05686
2015-07-14,27.387,4.90019,79.9754,21831.9,-0.0981447,57.3787,4,-0.592181,0.395891,-0.563824,-0.620538,0.561884,0.229899,6.98897,-14.8113,9.8958,5.30526
2015-07-15,27.5,4.93714,80.2659,22009.1,-0.226571,55.3933,4,-0.580968,0.127825,-0.551088,-0.610848,0.625823,-0.370173,6.25146,-14.5554,9.64158,4.05571
2015-07-16,27.484,4.93091,80.2659,22009.1,-0.107502,53.9217,4,-0.339597,0.124592,-0.0646639,-0.61453,0.619357,-0.370173,6.04391,-14.287,9.36891,2.79589
2015-07-17,27.557,4.75407,80.2659,22009.1,0.0152872,54.4381,4,-0.0940179,0.124592,0.482723,-0.670759,0.619357,-0.370173,6.74525,-14.0188,9.41062,2.30108
2015-07-20,27.634,4.76755,80.2659,22009.1,0.14218,55.1529,4,0.159767,0.124592,0.986018,-0.666485,0.619357,-0.370173,7.61462,-13.7177,9.44975,1.80623
2015-07-21,27.559,4.96666,80.2659,22009.1,0.0331149,55.5495,4,-0.0583626,0.124592,0.485557,-0.602283,0.619357,-0.370173,8.14422,-13.3986,9.49143,1.31245
2015-07-22,27.777,5.44011,80.2659,22009.1,0.175116,56.3468,4,0.22564,0.124592,0.904627,-0.453346,0.619357,-0.370173,8.93735,-12.937,9.52776,0.818668
2015-07-23,28.142,6.70935,80.2659,22009.1,0.652651,58.6811,4,1.18071,0.124592,2.42075,-0.0593269,0.619357,-0.370173,10.9224,-12.1041,9.53783,0.324981
2015-07-24,28.531,7.81901,80.2659,22009.1,1.04646,61.9441,4,1.96833,0.124592,3.64918,0.287486,0.619357,-0.370173,13.514,-10.9191,9.51367,-0.164438
2015-07-27,28.454,8.05088,80.2659,22009.1,0.910493,64.5309,4,1.69639,0.124592,3.0317,0.361088,0.619357,-0.370173,15.4039,-9.7128,9.4864,-0.646538
2015-07-28,28.56,8.05678,80.2659,22009.1,1.08427,67.6225,4,2.04396,0.124592,3.72451,0.363402,0.619357,-0.370173,17.8138,-8.49751,9.42323,-1.11706
2015-07-29,28.357,8.74157,80.2659,22009.1,0.72284,69.1409,4,1.32109,0.124592,2.06196,0.580209,0.619357,-0.370173,18.5227,-7.20277,9.40544,-1.58443
2015-07-30,28.426,8.63688,80.2659,22009.1,0.421002,69.8267,4,0.717411,0.124592,0.885358,0.549464,0.619357,-0.370173,18.4448,-5.98491,9.41936,-2.05255
2015-07-31,28.531,8.60143,80.2659,22009.1,0.160438,69.8885,4,0.157683,0.163193,-0.226039,0.541406,0.620889,-0.294504,17.6714,-4.77939,9.46183,-2.46534
2015-08-03,28.652,8.57165,80.2659,22009.1,0.372882,70.4254,4,0.543255,0.202509,0.552091,0.534419,0.623853,-0.218835,17.4032,-3.65062,9.48447,-2.81169
2015-08-04,28.494,8.8318,80.2659,22009.1,0.134466,69.8587,4,0.0656462,0.203286,-0.488182,0.619474,0.625408,-0.218835,15.9853,-2.51298,9.55964,-3.1733
2015-08-05,28.488,8.82029,80.2659,22009.1,0.331213,69.8953,4,0.459079,0.203348,0.299516,0.618641,0.625531,-0.218835,15.1717,-1.35681,9.60688,-3.52648
2015-08-07,28.499,8.47674,80.2659,22009.1,0.247819,69.8281,4,0.288803,0.206834,0.0668223,0.510785,0.625531,-0.211862,14.4813,-0.436184,9.65892,-3.87597
2015-08-10,28.409,8.53861,80.2659,22009.1,0.0612772,69.3644,4,-0.087766,0.21032,-0.709206,0.533674,0.625531,-0.20489,13.3862,0.477112,9.72912,-4.22807
2015-08-11,28.471,8.43278,80.2659,22009.1,-0.00480602,69.2156,4,-0.219932,0.21032,-0.940166,0.500301,0.625531,-0.20489,12.6594,1.34618,9.7849,-4.57482
2015-08-12,28.427,8.52816,80.2659,22009.1,0.118535,69.8425,4,0.026749,0.21032,-0.478518,0.532017,0.625531,-0.20489,12.6894,2.25102,9.80631,-4.90421
2015-08-13,28.451,8.4925,80.2659,22009.1,0.14816,70.9129,4,0.0860004,0.21032,-0.349393,0.521393,0.625531,-0.20489,12.7803,3.12713,9.75408,-4.74856
2015-08-14,28.483,8.4532,79.6592,22106.2,0.124204,71.5658,4,0.121717,0.126691,-0.265094,0.508528,0.216776,0.0366058,12.5799,3.99425,9.40601,-4.41435
2015-08-17,28.48,8.47233,79.6592,22106.2,0.290925,72.3332,4,0.295548,0.286303,0.0763044,0.514791,0.334111,0.238495,12.2106,4.90021,9.14439,-3.92201
2015-08-18,28.518,8.46204,79.6592,22106.2,0.266034,72.6747,4,0.245766,0.286303,-0.0214762,0.513007,0.334111,0.238495,11.4042,5.80696,8.90504,-3.44156
2015-08-19,28.522,8.32954,79.6592,22106.2,0.3026,73.4104,4,0.318897,0.286303,0.167606,0.470187,0.334111,0.238495,11.109,6.61139,8.6459,-2.95589
2015-08-20,28.482,8.06633,79.6592,22106.2,0.219463,73.5305,4,0.148193,0.290733,-0.0872372,0.383623,0.342972,0.238495,10.3343,7.25349,8.426,-2.48329
2015-08-21,28.499,6.75434,79.6592,22106.2,0.100811,72.0166,4,-0.093784,0.295405,-0.140254,-0.0473145,0.352315,0.238495,8.42843,7.32675,8.292,-2.03057
2015-08-24,28.593,4.80479,79.6592,22106.2,0.040345,69.1531,4,-0.214715,0.295405,0.258269,-0.687699,0.352315,0.238495,5.86854,6.66183,8.20129,-1.5786
2015-08-26,28.532,4.76486,79.6592,22106.2,-0.064259,66.2627,4,-0.423923,0.295405,-0.148893,-0.698953,0.352315,0.238495,3.39298,5.89358,8.08651,-1.11035
2015-08-27,28.501,4.58782,79.6592,22106.2,-0.112844,62.5788,4,-0.521825,0.296136,-0.292946,-0.750704,0.352315,0.239956,0.178686,5.0619,7.96761,-0.629371
2015-08-28,28.512,3.76171,79.6592,22106.2,-0.125096,59.8957,4,-0.547664,0.297471,-0.0778074,-1.01752,0.352315,0.242627,-1.56538,3.79227,7.80256,-0.133723
2015-08-31,28.598,3.81128,79.6592,22106.2,-0.0491805,58.3866,4,-0.396589,0.298228,0.207298,-1.00048,0.352315,0.244141,-2.12473,2.53562,7.60733,0.36842
2015-09-01,28.649,3.64312,79.6592,22106.2,-0.106951,57.5227,4,-0.512286,0.298383,0.0289464,-1.05352,0.352315,0.244451,-1.91896,1.2327,7.3985,0.810505
2015-09-02,28.659,3.32048,79.6592,22106.2,-0.056742,56.1273,4,-0.411867,0.298383,0.331734,-1.15547,0.352315,0.244451,-2.10375,-0.152061,7.1906,1.19247
2015-09-03,28.682,2.60173,79.6592,22106.2,-0.0547591,55.5101,4,-0.408656,0.299138,0.570527,-1.38784,0.352315,0.24596,-1.23558,-1.80127,6.97171,1.57523
2015-09-04,28.678,2.59989,79.6592,22106.2,-0.0692331,54.1998,4,-0.438368,0.299902,0.5056,-1.38234,0.352315,0.247488,-1.0677,-3.4498,6.75632,1.96097
2015-09-07,28.694,2.60108,79.6592,22106.2,-0.144876,52.9104,4,-0.589654,0.299902,0.196737,-1.37604,0.352315,0.247488,-0.961754,-5.00682,6.53787,2.34111
2015-09-08,28.693,2.25633,79.6592,22106.2,-0.226285,51.9642,4,-0.75468,0.30211,-0.0223254,-1.48704,0.352315,0.251905,-0.396339,-6.67399,6.31594,2.71857
2015-09-09,28.679,2.19022,79.6592,22106.2,-0.254961,51.1401,4,-0.814449,0.304526,-0.121687,-1.50721,0.352315,0.256737,0.278033,-8.33009,6.09249,3.0997
2015-09-10,28.865,2.97046,79.6592,22106.2,-0.0135946,50.7047,4,-0.331843,0.304654,0.584982,-1.24867,0.352315,0.256992,1.15452,-9.79831,5.86784,3.48062
2015-09-11,28.856,2.9946,79.6592,22106.2,-0.0161677,50.163,4,-0.336989,0.304654,0.563856,-1.23783,0.352315,0.256992,1.90725,-11.2487,5.64295,3.86146
2015-09-14,28.843,3.01757,80.8815,22281.9,0.289128,50.7066,4,-0.394683,0.97294,0.438042,-1.22741,1.2207,0.725175,2.48663,-12.6788,6.47004,4.42874
2015-09-15,28.881,3.01395,80.8815,22281.9,-0.163931,49.2072,4,-0.31089,-0.016972,0.601749,-1.22353,0.040292,-0.0742359,2.91963,-14.1112,6.22781,4.17095
2015-09-16,28.84,3.09454,80.8815,22281.9,-0.18649,47.7166,4,-0.356128,-0.0168519,0.480073,-1.19233,0.040532,-0.0742359,3.33136,-15.5091,5.98299,3.91134
2015-09-17,28.832,3.10561,80.8815,22281.9,-0.396187,45.4217,4,-0.77575,-0.0166246,-0.365139,-1.18636,0.0409867,-0.0742359,2.88774,-16.8458,5.73204,3.64769
2015-09-18,28.818,3.04593,80.8815,22281.9,-0.406704,43.378,4,-0.796891,-0.0165176,-0.389766,-1.20402,0.0412007,-0.0742359,2.63257,-18.1074,5.4706,3.38231
2015-09-21,28.842,3.04719,80.8815,22281.9,-0.365684,41.8666,4,-0.71485,-0.0165176,-0.228124,-1.20158,0.0412007,-0.0742359,2.5544,-19.0091,5.20297,3.11833
2015-09-22,28.876,2.88742,80.8815,22281.9,-0.381571,40.5098,4,-0.746624,-0.0165176,-0.246159,-1.24709,0.0412007,-0.0742359,2.13606,-19.4169,4.93564,2.85503
2015-09-23,28.903,2.71744,80.8815,22281.9,-0.320613,39.6909,4,-0.624709,-0.0165176,0.0443011,-1.29372,0.0412007,-0.0742359,2.28975,-19.8675,4.67346,2.59518
2015-09-24,29.18,4.0896,80.8815,22281.9,0.105354,40.3877,4,0.227226,-0.0165176,1.29003,-0.835576,0.0412007,-0.0742359,3.58508,-19.9667,4.42659,2.34267
2015-09-25,28.946,5.24078,80.8815,22281.9,-0.0416295,40.655,4,-0.0667414,-0.0165176,0.320681,-0.454163,0.0412007,-0.0742359,3.91243,-19.5176,4.17497,2.08522
2015-09-28,28.928,5.19178,80.8815,22281.9,-0.0921882,40.5172,4,-0.167859,-0.0165176,0.132245,-0.467963,0.0412007,-0.0742359,3.85007,-19.0774,3.91983,1.82473
2015-09-29,29.08,5.43788,80.8815,22281.9,0.0594152,41.051,4,0.135348,-0.0165176,0.652354,-0.381658,0.0412007,-0.0742359,4.3636,-18.5486,3.66974,1.56624
2015-09-30,29.126,5.44351,80.8815,22281.9,0.0799743,41.4908,4,0.176466,-0.0165176,0.73036,-0.377428,0.0412007,-0.0742359,4.69323,-17.9276,3.41832,1.30688
2015-10-01,29.096,5.48251,80.8815,22281.9,-0.258232,40.8366,4,-0.499947,-0.0165176,-0.635919,-0.363975,0.0412007,-0.0742359,3.7019,-17.069,3.15994,1.04371
2015-10-02,29.147,5.48443,80.8815,22281.9,0.0596414,41.2507,4,0.1358,-0.0165176,0.631911,-0.36031,0.0412007,-0.0742359,3.80812,-16.2471,2.90812,0.781527
2015-10-05,29.181,5.48496,80.8815,22281.9,0.119675,42.1038,4,0.251808,-0.0124579,0.861349,-0.357732,0.0412007,-0.0661165,4.35807,-15.4381,2.65783,0.525953
2015-10-06,29.203,5.47538,80.8815,22281.9,-0.0214089,42.767,4,-0.0410227,-0.00179518,0.280846,-0.362892,0.0412007,-0.044791,4.61123,-14.5332,2.40568,0.283335
2015-10-07,29.15,5.53937,80.8815,22281.9,-0.122917,43.1956,4,-0.250642,0.0048079,-0.158804,-0.342479,0.0412007,-0.0315849,4.58375,-13.5873,2.15206,0.0470476
2015-10-08,29.128,5.14115,80.8815,22281.9,-0.145943,42.766,4,-0.296694,0.0048079,-0.120919,-0.47247,0.0412007,-0.0315849,4.00223,-12.9424,1.89567,-0.189509
2015-10-09,29.133,5.13447,80.8815,22281.9,-0.195659,42.1848,4,-0.396127,0.0048079,-0.32287,-0.469384,0.0412007,-0.0315849,3.27238,-12.301,1.63914,-0.425638
2015-10-13,29.478,6.49449,80.8815,22281.9,0.265228,42.1076,4,0.525648,0.0048079,1.05311,-0.00181802,0.0412007,-0.0315849,3.77555,-11.296,0.673202,-1.04519
2015-10-14,29.47,6.51154,80.8815,22281.9,0.232802,43.3938,4,0.460797,0.0048079,0.917515,0.00407809,0.0412007,-0.0315849,4.04212,-10.3113,0.675287,-1.01228
2015-10-15,29.395,6.5793,81.0043,22377.4,0.127864,44.418,4,0.424471,-0.168742,0.821276,0.0276658,-0.0806827,-0.256801,4.32776,-9.32281,0.576607,-1.16359
2015-10-16,29.374,6.59197,81.0043,22377.4,0.129807,46.1397,4,0.428364,-0.16875,0.824577,0.0321501,-0.0806987,-0.256801,5.3142,-8.33613,0.477464,-1.31582
2015-10-19,29.427,6.57676,81.0043,22377.4,0.18282,48.0779,4,0.530877,-0.165236,1.03485,0.0269064,-0.0736708,-0.256801,6.49413,-7.33184,0.383389,-1.46778
2015-10-20,29.441,6.57951,81.0043,22377.4,-0.182809,48.6803,4,-0.20324,-0.162379,-0.434387,0.0279064,-0.0679558,-0.256801,6.3255,-6.32022,0.29352,-1.61852
2015-10-21,29.471,6.57927,81.0043,22377.4,-0.140878,49.4735,4,-0.119377,-0.162379,-0.26663,0.0278756,-0.0679558,-0.256801,6.30959,-5.27043,0.203604,-1.76922
2015-10-22,29.483,6.58284,81.0043,22377.4,-0.0443467,50.3843,4,0.0736851,-0.162379,0.117722,0.0296484,-0.0679558,-0.256801,6.37019,-4.17983,0.113644,-1.91971
2015-10-23,29.453,5.7834,81.0043,22377.4,-0.126521,49.6199,4,-0.0899335,-0.163109,0.0787399,-0.258607,-0.069416,-0.256801,5.3719,-3.70432,0.0224777,-2.07018
2015-10-26,29.414,4.89404,81.0043,22377.4,-0.308821,48.7392,4,-0.454533,-0.163109,-0.328638,-0.580428,-0.069416,-0.256801,4.83602,-3.8078,-0.0686779,-2.2203
2015-10-27,29.412,4.87658,81.0043,22377.4,-0.329297,47.9582,4,-0.495485,-0.163109,-0.399771,-0.5912,-0.069416,-0.256801,4.39643,-3.9083,-0.159787,-2.3701
2015-10-28,29.404,4.59998,81.0043,22377.4,-0.392579,46.4719,4,-0.622049,-0.163109,-0.568626,-0.675472,-0.069416,-0.256801,3.38762,-4.14674,-0.250696,-2.51831
2015-10-29,29.437,4.58927,81.0043,22377.4,-0.369006,45.0003,4,-0.574903,-0.163109,-0.478497,-0.671308,-0.069416,-0.256801,2.38945,-4.38283,-0.341293,-2.66506
2015-10-30,29.416,4.57633,81.0043,22377.4,-0.358307,44.6731,4,-0.553506,-0.163109,-0.441456,-0.665556,-0.069416,-0.256801,2.54839,-4.62908,-0.432067,-2.81412
2015-11-03,29.364,4.62382,81.0043,22377.4,-0.367085,43.2825,4,-0.571061,-0.163109,-0.500411,-0.641711,-0.069416,-0.256801,1.61507,-4.85169,-0.522035,-2.95888
2015-11-04,29.388,4.61752,81.0043,22377.4,-0.337321,41.8024,4,-0.511533,-0.163109,-0.380992,-0.642074,-0.069416,-0.256801,0.594629,-5.07296,-0.611327,-3.10796
2015-11-05,29.463,4.68168,81.0043,22377.4,-0.2376,41.1061,4,-0.312092,-0.163109,-0.00557331,-0.618611,-0.069416,-0.256801,0.359783,-5.27548,-0.700952,-3.27726
2015-11-06,29.504,4.6143,81.0043,22377.4,-0.230847,40.7595,4,-0.306481,-0.155212,0.0302911,-0.643254,-0.069416,-0.241009,0.51398,-5.51756,-0.790821,-3.44609
2015-11-09,29.507,4.5908,81.0043,22377.4,-0.20184,40.5803,4,-0.256365,-0.147316,0.139116,-0.651845,-0.069416,-0.225216,0.726096,-5.66202,-0.880847,-3.60293
2015-11-10,29.499,4.59956,81.0043,22377.4,-0.151326,40.7224,4,-0.155335,-0.147316,0.337973,-0.648643,-0.069416,-0.225216,1.266,-5.81004,-0.971437,-3.7621
2015-11-11,29.483,1.9612,81.0043,22377.4,-0.43845,38.4822,4,-0.729583,-0.147316,0.154331,-1.6135,-0.069416,-0.225216,0.529299,-7.09025,-1.05641,-3.90043
2015-11-12,29.522,2.01193,81.0043,22377.4,-0.474751,36.2678,4,-0.802186,-0.147316,-0.00942865,-1.59494,-0.069416,-0.225216,-0.222503,-8.33775,-1.13922,-4.03272
2015-11-13,29.522,1.75613,81.0043,22377.4,-0.544541,34.205,4,-0.941765,-0.147316,-0.195041,-1.68849,-0.069416,-0.225216,-1.03605,-9.65686,-1.12236,-3.97971
2015-11-16,29.527,1.72172,81.8732,22815.4,-0.0294124,33.7231,4,-0.94354,0.884716,-0.186008,-1.70107,1.10887,0.660562,-1.84326,-11.0273,-0.168046,-3.23826
2015-11-17,29.529,1.62281,81.8732,22815.4,-0.0266029,33.0933,4,-0.937921,0.884716,-0.138597,-1.73725,1.10887,0.660562,-2.77597,-12.4097,0.776781,-2.49781
2015-11-18,29.549,1.62936,81.8732,22815.4,0.0141482,33.6855,4,-0.856419,0.884716,0.0220138,-1.73485,1.10887,0.660562,-2.41696,-13.8489,1.72054,-1.76918
2015-11-19,29.522,1.6423,81.8732,22815.4,-0.0592839,33.932,4,-1.00328,0.884716,-0.276448,-1.73012,1.10887,0.660562,-2.42704,-15.2701,2.66498,-1.03582
2015-11-20,29.544,1.65537,81.8732,22815.4,-0.033231,33.9657,4,-0.951178,0.884716,-0.177018,-1.72534,1.10887,0.660562,-2.66352,-16.6782,3.60829,-0.300879
2015-11-23,29.565,1.61325,81.8732,22815.4,-0.0190233,34.2916,4,-0.922762,0.884716,-0.104781,-1.74074,1.10887,0.660562,-2.8139,-17.887,4.55783,0.434709
2015-11-24,29.606,1.5618,81.8732,22815.4,0.0181939,35.2903,4,-0.848328,0.884716,0.0629013,-1.75956,1.10887,0.660562,-2.50843,-18.8981,5.52212,1.1747
2015-11-25,29.597,1.5719,81.8732,22815.4,-0.0137808,36.2636,4,-0.912277,0.884716,-0.0686907,-1.75586,1.10887,0.660562,-2.2489,-19.8975,6.49082,1.91915
2015-11-26,29.613,1.55816,81.8732,22815.4,0.0330957,37.5908,4,-0.818524,0.884716,0.118319,-1.75537,1.10887,0.660562,-1.70072,-20.8497,7.47106,2.67022
2015-11-27,29.653,1.57508,81.8732,22815.4,0.0555226,38.9292,4,-0.77367,0.884716,0.196199,-1.74354,1.10887,0.660562,-1.15777,-21.794,8.45536,3.42567
2015-11-30,29.648,1.53697,81.8732,22815.4,0.0279451,40.1585,4,-0.828825,0.884716,0.0685257,-1.72618,1.10887,0.660562,-0.745013,-22.7202,9.44018,4.18357
2015-12-01,29.638,1.34141,81.8732,22815.4,-0.039928,41.2075,4,-0.964571,0.884716,-0.169561,-1.75958,1.10887,0.660562,-0.476135,-23.6819,10.4233,4.94229
2015-12-02,29.64,1.34166,81.8732,22815.4,-0.0239683,42.2181,4,-0.932652,0.884716,-0.111051,-1.75425,1.10887,0.660562,-0.255933,-24.6353,11.4069,5.70241
2015-12-03,29.654,1.08377,81.8732,22815.4,-0.0484004,42.8309,4,-0.981516,0.884716,-0.120486,-1.84255,1.10887,0.660562,-0.350379,-25.6627,12.3839,6.45997
2015-12-04,29.651,1.01613,81.8732,22815.4,-0.101807,43.2498,4,-1.08833,0.884716,-0.315121,-1.86154,1.10887,0.660562,-0.633911,-26.6779,13.3581,7.20346
2015-12-07,29.649,1.02114,81.8732,22815.4,-0.0934428,43.6023,4,-1.0716,0.884716,-0.291229,-1.85197,1.10887,0.660562,-0.987375,-27.6759,14.3316,7.9339
2015-12-08,29.701,1.13324,81.8732,22815.4,-0.00929339,44.0649,4,-0.903302,0.884716,0.0026331,-1.80924,1.10887,0.660562,-1.26333,-28.6456,15.3078,8.66604
2015-12-09,29.707,1.08606,81.8732,22815.4,-0.00902352,45.4683,4,-0.902763,0.884716,0.0146406,-1.82017,1.10887,0.660562,-1.38017,-28.8601,16.3006,9.40797
2015-12-10,29.722,1.02916,81.8732,22815.4,-0.0126008,46.985,4,-0.909917,0.884716,0.0113329,-1.83117,1.10887,0.660562,-1.36474,-29.0894,17.2904,10.1486
2015-12-11,29.818,1.44244,81.8732,22815.4,0.139466,49.2371,4,-0.605784,0.884716,0.469053,-1.68062,1.10887,0.660562,-0.818663,-29.1089,18.2769,10.8877
2015-12-14,29.857,1.46435,81.8732,22815.4,-0.170698,48.7715,4,-0.503995,0.162598,0.662233,-1.67022,0.132817,0.192379,-0.119596,-29.0806,17.4708,10.5008
2015-12-15,29.854,1.47297,81.8388,23101.8,-0.0562847,48.6737,4,-0.63029,0.517721,0.404357,-1.66494,0.10552,0.929922,0.327814,-29.0203,16.6436,10.7225
2015-12-16,29.862,1.47535,81.8388,23101.8,-0.0524414,48.4543,4,-0.62345,0.518568,0.415372,-1.66227,0.107213,0.929922,0.651907,-28.9585,15.8172,10.9438
2015-12-17,29.857,1.40053,81.8388,23101.8,-0.0810591,48.3826,4,-0.681481,0.519363,0.322666,-1.68563,0.108803,0.929922,1.14553,-28.9212,14.9928,11.1654
2015-12-18,29.831,1.48765,81.8388,23101.8,-0.215907,47.781,4,-0.951176,0.519363,-0.250414,-1.65194,0.108803,0.929922,1.08479,-28.8537,14.1653,11.3846
2015-12-21,29.831,1.49462,81.8388,23101.8,-0.259688,46.9894,4,-1.03874,0.519363,-0.435002,-1.64247,0.108803,0.929922,0.812421,-28.7603,13.3357,11.6015
2015-12-22,29.804,1.5249,81.8388,23101.8,-0.283901,45.9973,4,-1.08716,0.519363,-0.550522,-1.62381,0.108803,0.929922,0.307108,-28.6276,12.5032,11.8146
2015-12-23,29.813,1.50636,81.8388,23101.8,-0.283682,45.1131,4,-1.08673,0.519363,-0.54693,-1.62652,0.108803,0.929922,-0.0863103,-28.4975,11.6706,12.0263
2015-12-24,29.787,1.56665,81.8388,23101.8,-0.306124,44.0052,4,-1.12371,0.511466,-0.647053,-1.60037,0.108803,0.91413,-0.714617,-28.3339,10.8346,12.2191
2015-12-28,29.815,1.53641,81.8388,23101.8,-0.243379,43.0329,4,-0.998225,0.511466,-0.389904,-1.60655,0.108803,0.91413,-1.19424,-28.1837,10.0001,12.4107
2015-12-29,29.939,2.05076,81.8388,23101.8,-0.0504043,42.7787,4,-0.612275,0.511466,0.199495,-1.42404,0.108803,0.91413,-1.08644,-27.9252,9.17659,12.6138
2015-12-30,29.948,2.02909,81.8388,23101.8,-0.0103758,42.8745,4,-0.532218,0.511466,0.365387,-1.42982,0.108803,0.91413,-0.648062,-27.659,8.35812,12.8235
2015-12-31,29.948,2.03122,81.8388,23101.8,-0.0194971,42.889,4,-0.550007,0.511013,0.324843,-1.42486,0.108803,0.913222,-0.290737,-27.3896,7.53846,13.0309
2016-01-04,30.189,3.34742,81.8388,23101.8,0.41358,44.3926,4,0.32474,0.502419,1.59611,-0.946628,0.108803,0.896035,1.11877,-26.7093,6.73228,13.2508
2016-01-05,30.264,3.37102,81.8388,23101.8,0.471384,46.2691,4,0.448205,0.494564,1.81663,-0.920222,0.108803,0.880325,2.87521,-25.984,5.92172,13.4562
2016-01-07,30.521,4.24876,81.8388,23101.8,0.702503,48.8878,4,0.910442,0.494564,2.43252,-0.611634,0.108803,0.880325,5.12359,-24.9965,5.10548,13.6552
2016-01-08,30.551,4.25026,81.8388,23101.8,0.726601,51.3134,4,0.961356,0.491846,2.53005,-0.607342,0.108803,0.87489,7.20599,-24.0049,4.28114,13.8311
2016-01-11,30.675,4.32399,81.8388,23101.8,0.87178,54.2095,4,1.2544,0.489162,3.08711,-0.578314,0.108803,0.869521,9.72143,-22.943,3.45126,13.9798
2016-01-12,30.751,4.31414,81.8388,23101.8,0.673865,56.4521,4,0.858568,0.489162,2.29249,-0.575352,0.108803,0.869521,11.5687,-21.8545,2.62192,14.116
2016-01-13,30.766,4.29535,81.8388,23101.8,0.600322,57.9465,4,0.712035,0.48861,2.00102,-0.576947,0.108803,0.868416,12.7964,-20.9009,1.79718,14.2538
2016-01-14,30.744,4.37077,81.8811,23100.3,0.290381,59.4302,4,0.079171,0.50159,0.705813,-0.547471,0.143731,0.859449,12.7966,-19.9265,1.80112,14.759
2016-01-15,30.839,4.36584,81.8811,23100.3,0.361722,60.7638,4,0.226104,0.497339,0.998137,-0.545929,0.143731,0.850947,13.2426,-18.9574,1.82697,14.6516
2016-01-18,30.902,4.33812,81.8811,23100.3,0.20208,61.5698,4,0.0756129,0.328548,0.705693,-0.554467,0.0425062,0.614589,13.4525,-18.0201,1.77081,14.3666
2016-01-19,30.9,4.33237,81.8811,23100.3,0.110161,62.172,4,-0.108225,0.328548,0.340023,-0.556473,0.0425062,0.614589,13.4454,-17.0759,1.71425,14.0883
2016-01-20,31.011,4.26762,81.8811,23100.3,0.213898,63.5148,4,0.0992472,0.328548,0.777546,-0.579052,0.0425062,0.614589,14.2247,-16.1438,1.65413,13.7797
2016-01-21,31.075,4.20563,81.8811,23100.3,0.304974,65.2538,4,0.2814,0.328548,1.16347,-0.600668,0.0425062,0.614589,15.4292,-15.2159,1.59157,13.4489
2016-01-22,31.03,4.26026,81.8811,23100.3,0.151208,66.5724,4,-0.0261316,0.328548,0.529357,-0.58162,0.0425062,0.614589,16.2188,-14.3096,1.53092,13.1323
2016-01-25,31.072,4.22034,81.8811,23100.3,0.123793,67.7891,4,-0.0809622,0.328548,0.433616,-0.595541,0.0425062,0.614589,16.9204,-13.4197,1.47074,12.8176
2016-01-26,31.084,4.12663,81.8811,23100.3,0.129402,69.0687,4,-0.0653602,0.324163,0.497498,-0.628219,0.0425062,0.605821,17.732,-12.5757,1.41009,12.5023
2016-01-27,31.028,4.34095,81.8811,23100.3,-0.0418656,69.6532,4,-0.409783,0.326052,-0.266087,-0.55348,0.0425062,0.609598,17.7817,-11.7105,1.35394,12.2281
2016-01-28,31.058,4.27783,81.8811,23100.3,-0.0862081,69.5497,4,-0.498856,0.32644,-0.422223,-0.57549,0.0425062,0.610374,17.2994,-11.0462,1.30225,11.9942
2016-01-29,31.074,4.2683,81.8811,23100.3,-0.017564,69.5289,4,-0.361568,0.32644,-0.144321,-0.578815,0.0425062,0.610374,16.8986,-10.3752,1.25003,11.7555
2016-02-01,31.057,4.30395,81.8811,23100.3,-0.0828488,69.3453,4,-0.494022,0.328324,-0.421662,-0.566382,0.0425062,0.614142,16.3231,-9.70564,1.1987,11.5292
2016-02-02,31.169,3.70437,81.8811,23100.3,-0.01832,68.0813,4,-0.366872,0.330232,0.0392284,-0.772972,0.0425062,0.617958,15.1777,-9.62233,1.15276,11.3731
2016-02-03,31.153,3.76167,81.8811,23100.3,0.0347395,66.7816,4,-0.260753,0.330232,0.227917,-0.749423,0.0425062,0.617958,13.9887,-9.53688,1.1059,11.2238
2016-02-04,31.186,2.70048,81.8811,23100.3,-0.0459525,64.5069,4,-0.428572,0.336667,0.24305,-1.10019,0.0443488,0.628986,12.3392,-10.0083,1.06301,11.113
2016-02-05,31.322,2.93898,81.8811,23100.3,0.121516,62.6288,4,-0.100731,0.343762,0.807251,-1.00871,0.0464739,0.641051,11.0139,-10.3906,1.01858,10.9869
2016-02-10,31.466,3.0121,81.8811,23100.3,0.317827,60.8827,4,0.290447,0.345208,1.5623,-0.981401,0.048728,0.641688,9.82277,-10.7656,0.974293,10.8512
2016-02-11,31.751,4.06824,81.8811,23100.3,0.607636,60.6724,4,0.868892,0.34638,2.35892,-0.621137,0.0510716,0.641688,9.88171,-10.8082,0.927769,10.671
2016-02-12,31.894,4.1702,81.8811,23100.3,0.80337,61.3162,4,1.26036,0.34638,3.09529,-0.574573,0.0510716,0.641688,10.7561,-10.7896,0.879403,10.4703
2016-02-15,31.917,4.08559,80.9175,22549.3,0.190842,61.0009,4,1.22635,-0.84467,3.04561,-0.592902,-0.903612,-0.785728,12.6679,-10.8348,0.027982,9.13982
2016-02-16,31.9,4.14453,80.9175,22549.3,0.011707,59.8869,4,0.868084,-0.84467,2.3074,-0.571229,-0.903612,-0.785728,13.7679,-10.8829,-0.826203,7.82804
2016-02-17,31.875,4.23329,80.9175,22549.3,-0.179151,58.6642,4,0.486368,-0.84467,1.50836,-0.535623,-0.903612,-0.785728,14.4579,-10.8941,-1.60181,6.70226
2016-02-18,31.902,4.1994,80.9175,22549.3,-0.97913,55.1282,4,-0.110196,-1.84806,0.322317,-0.54271,-1.76439,-1.93173,14.5187,-10.9396,-3.09524,4.64435
2016-02-19,31.993,4.16103,80.9175,22549.3,-1.04412,50.995,4,-0.240179,-1.84806,0.0788782,-0.559235,-1.76439,-1.93173,13.9816,-10.9524,-4.59254,2.55834
2016-02-22,31.957,4.26253,80.9175,22549.3,-1.10324,46.3577,4,-0.358423,-1.84806,-0.190874,-0.525972,-1.76439,-1.93173,12.849,-10.8768,-6.07375,0.459351
2016-02-23,32,4.12815,80.9175,22549.3,-1.04685,42.4487,4,-0.245635,-1.84806,0.0833579,-0.574628,-1.76439,-1.93173,12.4241,-10.8208,-7.52591,-1.62877
2016-02-24,32.09,4.15171,80.9175,22549.3,-0.912709,39.1243,4,0.0226446,-1.84806,0.608116,-0.562827,-1.76439,-1.93173,12.4843,-10.7229,-8.94682,-3.6903
2016-02-25,32.112,4.14134,80.9175,22549.3,-0.916912,35.8473,4,0.0142384,-1.84806,0.584546,-0.556069,-1.76439,-1.93173,12.4417,-10.5678,-10.3232,-5.70342
2016-02-26,32.203,3.95473,80.9175,22549.3,-0.931412,33.1399,4,-0.014761,-1.84806,0.585798,-0.61532,-1.76439,-1.93173,13.0036,-10.5165,-11.6681,-7.67904
2016-02-29,32.345,4.03891,80.9175,22549.3,-0.720395,31.2612,4,0.407274,-1.84806,1.39843,-0.583888,-1.76439,-1.93173,14.3449,-10.4409,-13.009,-9.63374
2016-03-01,32.557,4.29619,80.9175,22549.3,-0.504619,29.8504,4,0.838826,-1.84806,2.16145,-0.483798,-1.76439,-1.93173,16.0661,-10.2976,-14.3462,-11.572
2016-03-02,32.579,4.20857,80.9175,22549.3,-0.588168,28.4181,4,0.671727,-1.84806,1.84775,-0.5043,-1.76439,-1.93173,17.7222,-10.1737,-15.6534,-13.477
2016-03-03,32.366,5.24043,80.9175,22549.3,-0.756148,26.3878,4,0.335767,-1.84806,0.782307,-0.110774,-1.76439,-1.93173,18.0913,-9.54442,-16.8682,-15.2909
2016-03-04,32.177,5.87006,80.9175,22549.3,-1.01706,23.627,4,-0.186056,-1.84806,-0.495878,0.123765,-1.76439,-1.93173,17.2127,-8.70825,-17.9313,-16.9461
2016-03-07,32.201,5.87506,80.9175,22549.3,-1.14892,20.9115,4,-0.449781,-1.84806,-1.02519,0.125627,-1.76439,-1.93173,15.9059,-7.61344,-18.8936,-18.4875
2016-03-08,32.121,5.95152,80.9175,22549.3,-1.47345,17.3276,4,-1.09883,-1.84806,-2.35178,0.154109,-1.76439,-1.93173,13.0988,-6.52025,-19.5484,-19.7025
2016-03-09,32.033,5.9767,80.9175,22549.3,-1.5968,13.5772,4,-1.34554,-1.84806,-2.85458,0.163489,-1.76439,-1.93173,9.47848,-5.43925,-19.8973,-20.5647
2016-03-10,31.86,5.55561,80.9175,22549.3,-1.59486,10.0005,4,-1.34165,-1.84806,-2.68632,0.00302588,-1.76439,-1.93173,5.67763,-4.72254,-19.9185,-21.0361
2016-03-11,31.83,5.32498,80.9175,22549.3,-1.43067,7.13061,4,-1.01327,-1.84806,-1.94726,-0.0792804,-1.76439,-1.93173,2.27276,-4.12488,-19.7562,-21.261
2016-03-14,32.158,6.47133,80.9175,22549.3,-0.976768,5.90711,4,-0.105472,-1.84806,-0.558682,0.347738,-1.76439,-1.93173,0.0921932,-3.4323,-19.5672,-21.1856
2016-03-15,32.384,6.87145,80.9175,22549.3,-0.595819,5.33915,4,0.656426,-1.84806,0.816065,0.496786,-1.76439,-1.93173,-0.762673,-2.75731,-19.6947,-21.4461
2016-03-16,32.39,6.85128,81.8866,23067.5,0.0830215,5.5787,4,0.862449,-0.696406,1.23563,0.489273,-0.80434,-0.588473,-0.926209,-2.18876,-19.7985,-21.5078
2016-03-17,32.286,6.99792,81.8866,23067.5,0.175464,6.73598,4,1.04733,-0.696406,1.55077,0.543898,-0.80434,-0.588473,-0.225553,-1.61841,-19.9391,-21.481
2016-03-18,32.236,6.98449,81.8866,23067.5,-0.0244151,7.90512,4,0.999323,-1.04815,1.45975,0.538894,-0.77029,-1.32602,0.61822,-0.992103,-19.946,-21.775
2016-03-21,32.22,6.97007,81.8866,23067.5,-0.414555,8.7777,4,0.219042,-1.04815,-0.0954377,0.533522,-0.77029,-1.32602,0.69084,-0.346258,-19.7281,-21.8387
2016-03-22,32.132,7.0475,81.8866,23067.5,-0.75934,9.16252,4,-0.470528,-1.04815,-1.50342,0.562365,-0.77029,-1.32602,-0.30932,0.37164,-19.2627,-21.6371
2016-03-23,32.124,6.98099,81.8866,23067.5,-0.780027,9.34427,4,-0.511902,-1.04815,-1.56139,0.53759,-0.77029,-1.32602,-1.6911,1.07333,-18.7036,-21.3343
2016-03-28,32.081,6.99365,81.8866,23067.5,-0.709525,9.63366,4,-0.370897,-1.04815,-1.2841,0.542306,-0.77029,-1.32602,-2.89736,1.78283,-18.1784,-21.0734
2016-03-29,32.065,6.91129,81.8866,23067.5,-0.678078,9.99604,4,-0.308004,-1.04815,-1.12763,0.511627,-0.77029,-1.32602,-4.023,2.52229,-17.6685,-20.8347
2016-03-30,31.884,6.94293,81.8866,23067.5,-0.861047,9.79364,4,-0.673941,-1.04815,-1.87129,0.523411,-0.77029,-1.32602,-6.10685,3.22338,-16.9599,-20.363
2016-03-31,31.742,6.50311,81.8866,23067.5,-0.962835,9.15509,4,-0.877518,-1.04815,-2.11462,0.359579,-0.77029,-1.32602,-8.73774,3.71601,-16.1091,-19.7141
2016-04-01,31.845,6.66638,81.8866,23067.5,-0.81899,8.84536,4,-0.589828,-1.04815,-1.60005,0.420395,-0.77029,-1.32602,-10.8505,4.27351,-15.3761,-19.2016
2016-04-04,31.403,7.87639,81.8866,23067.5,-1.16514,8.31583,4,-1.28212,-1.04815,-3.42722,0.862974,-0.77029,-1.32602,-13.3407,4.82863,-14.5751,-18.5969
2016-04-05,31.237,7.83805,81.8866,23067.5,-1.31312,7.94764,4,-1.5781,-1.04815,-4,0.843805,-0.77029,-1.32602,-15.386,5.23076,-13.8354,-18.0618
2016-04-06,31.36,8.03708,81.8866,23067.5,-0.96851,8.17051,4,-0.888867,-1.04815,-2.69172,0.913986,-0.77029,-1.32602,-16.5015,5.74752,-13.2929,-17.7826
2016-04-07,31.165,8.21734,81.8866,23067.5,-1.01094,8.76333,4,-0.973736,-1.04815,-2.92431,0.976835,-0.77029,-1.32602,-17.0861,6.3429,-12.8492,-17.6442
2016-04-08,31.028,8.27142,81.8866,23067.5,-1.27575,9.19334,4,-1.50334,-1.04815,-4,0.993325,-0.77029,-1.32602,-17.9721,6.92848,-12.3384,-17.4246
2016-04-11,31.064,8.19746,81.8866,23067.5,-0.751872,10.3964,4,-0.455592,-1.04815,-1.86047,0.949285,-0.77029,-1.32602,-17.8706,7.71098,-11.9912,-17.4528
2016-04-12,31.018,8.19687,81.8866,23067.5,-0.620537,11.6565,4,-0.192922,-1.04815,-1.31824,0.932393,-0.77029,-1.32602,-17.8555,8.55693,-11.6011,-17.4438
2016-04-13,30.998,6.98438,81.8866,23067.5,-0.888147,11.8006,4,-0.728142,-1.04815,-1.96352,0.507234,-0.77029,-1.32602,-18.8339,8.68366,-10.9669,-17.0823
2016-04-14,31.339,7.7439,82.4567,23228.7,0.0309695,12.8561,4,0.62183,-0.559891,0.471573,0.772087,-0.20548,-0.914302,-19.3838,9.01606,-10.0956,-16.6805
2016-04-15,31.875,10.1754,82.4567,23228.7,1.00166,14.5186,4,2.56321,-0.559891,3.50555,1.62087,-0.20548,-0.914302,-18.272,10.0154,-9.92101,-17.3038
2016-04-19,31.854,10.1354,82.4567,23228.7,0.92316,15.9742,4,2.42529,-0.578975,3.24729,1.6033,-0.247446,-0.910504,-17.412,10.9487,-9.71127,-17.8512
2016-04-20,31.717,10.2141,82.4567,23228.7,0.826358,17.7427,4,2.23169,-0.578975,2.83663,1.62676,-0.247446,-0.910504,-16.7696,11.9519,-9.52951,-17.9101
2016-04-21,31.871,10.4099,82.4567,23228.7,1.02987,21.0164,4,2.63871,-0.578975,3.58889,1.68852,-0.247446,-0.910504,-14.5619,13.1878,-9.44215,-18.1673
2016-04-22,31.82,10.386,82.4567,23228.7,0.578921,24.3445,4,1.73682,-0.578975,1.80657,1.66706,-0.247446,-0.910504,-12.4168,14.3724,-9.28877,-18.3223
2016-04-25,31.847,10.3967,82.4567,23228.7,0.0111762,26.4386,4,0.601328,-0.578975,-0.449621,1.65228,-0.247446,-0.910504,-11.7278,15.4307,-9.01203,-18.2523
2016-04-26,31.947,10.466,82.4567,23228.7,0.145707,28.8009,4,0.870389,-0.578975,0.0759473,1.66483,-0.247446,-0.910504,-10.8203,16.5173,-8.72372,-18.1723
2016-04-27,32.005,10.4897,82.4567,23228.7,0.359006,31.7925,4,1.29699,-0.578975,0.938121,1.65585,-0.247446,-0.910504,-9.33441,17.663,-8.43341,-18.1027
2016-04-28,31.845,10.4465,82.4567,23228.7,0.00615862,34.3898,4,0.591293,-0.578975,-0.443636,1.62622,-0.247446,-0.910504,-8.28428,18.7289,-8.10018,-17.9546
2016-04-29,31.542,10.8791,82.4567,23228.7,-0.236818,36.6231,4,0.105339,-0.578975,-1.55667,1.76735,-0.247446,-0.910504,-7.89392,20.0041,-7.73686,-17.7502
2016-05-02,31.424,10.8589,82.4567,23228.7,-0.39668,37.9439,4,-0.214385,-0.578975,-2.187,1.75823,-0.247446,-0.910504,-8.39961,21.1642,-7.34146,-17.4793
2016-05-03,31.682,10.0761,82.4567,23228.7,-0.285335,40.7395,4,0.00830565,-0.578975,-1.47925,1.49587,-0.247446,-0.910504,-6.86342,21.819,-6.96227,-17.2538
2016-05-04,31.816,9.92207,82.4567,23228.7,-0.214474,44.2962,4,0.150028,-0.578975,-1.13734,1.4374,-0.247446,-0.910504,-4.5513,22.431,-6.57254,-17.0109
2016-05-05,31.651,10.0825,82.4567,23228.7,-0.209427,46.7826,4,0.160121,-0.578975,-1.1614,1.48164,-0.247446,-0.910504,-3.30208,22.9509,-6.15749,-16.7087
2016-05-06,31.568,9.84282,82.4567,23228.7,0.0107966,50.1475,4,0.600569,-0.578975,-0.193357,1.39449,-0.247446,-0.910504,-1.05489,23.32,-5.73325,-16.3843
2016-05-09,31.664,9.6899,82.4567,23228.7,0.2312,55.1015,4,1.04137,-0.578975,0.746369,1.33638,-0.247446,-0.910504,2.84914,23.5382,-5.28785,-15.9981
2016-05-10,31.505,9.92418,82.4567,23228.7,-0.210775,56.865,4,0.157424,-0.578975,-1.08313,1.39798,-0.247446,-0.910504,3.48025,23.8536,-4.84726,-15.6215
2016-05-11,31.375,10.0457,82.4567,23228.7,-0.492116,57.2817,4,-0.405256,-0.578975,-2.22809,1.41758,-0.247446,-0.910504,2.73238,24.2363,-4.41571,-15.2712
2016-05-12,31.418,10.0387,82.4567,23228.7,-0.265322,59.2903,4,0.0483314,-0.578975,-1.30859,1.40526,-0.247446,-0.910504,3.25748,24.8833,-3.973,-14.8775
2016-05-13,31.594,9.47655,82.4567,23228.7,-0.0277517,59.1019,4,0.523472,-0.578975,-0.172298,1.21924,-0.247446,-0.910504,2.73269,25.2579,-4.00877,-14.8799
2016-05-17,31.563,7.18208,82.2853,23457.6,-0.247593,55.0503,4,-0.121258,-0.373928,-0.724877,0.482361,-0.417267,-0.330589,-0.72782,24.477,-4.20744,-14.4914
2016-05-18,31.489,7.21223,82.2853,23457.6,0.440834,53.4694,4,0.0645461,0.817122,-0.353287,0.482379,0.537416,1.09683,-3.69261,23.5891,-3.56737,-12.8597
2016-05-19,31.633,7.29023,82.2853,23457.6,0.745165,53.2027,4,0.674384,0.815946,0.843668,0.505101,0.535065,1.09683,-5.33408,22.6701,-2.92381,-11.2095
2016-05-20,31.337,7.74027,82.2853,23457.6,0.407701,51.1549,4,0.00543199,0.809969,-0.641063,0.651927,0.523112,1.09683,-8.82481,21.8371,-2.29156,-9.56582
2016-05-23,31.313,7.73512,82.2853,23457.6,0.186499,49.8614,4,-0.432171,0.805168,-1.5119,0.647559,0.51351,1.09683,-11.561,20.9999,-1.66472,-7.91275
2016-05-24,31.209,7.75884,82.2853,23457.6,0.111192,50.1911,4,-0.582784,0.805168,-1.81721,0.651637,0.51351,1.09683,-12.6881,20.1751,-1.03755,-6.25835
2016-05-25,31.25,7.65594,82.2853,23457.6,0.229556,50.4675,4,-0.346056,0.805168,-1.30755,0.615441,0.51351,1.09683,-13.8281,19.3099,-0.410389,-4.60388
2016-05-26,31.172,7.5908,82.2853,23457.6,-0.0157885,49.232,4,-0.829954,0.798377,-2.2517,0.591788,0.499927,1.09683,-16.4564,18.4322,0.205555,-2.94941
2016-05-27,31.158,7.46816,82.2853,23457.6,0.270814,50.1044,4,-0.249958,0.791586,-1.04255,0.542633,0.486345,1.09683,-16.951,17.5403,0.810339,-1.2952
2016-05-30,31.036,6.86382,82.2853,23457.6,0.11313,51.2579,4,-0.565325,0.791586,-1.46218,0.331529,0.486345,1.09683,-16.8703,16.3542,1.41488,0.359125
2016-05-31,30.788,7.26276,82.2853,23457.6,-0.0067561,52.5418,4,-0.805098,0.791586,-2.07228,0.462083,0.486345,1.09683,-16.7672,15.2783,2.01852,2.01221
2016-06-01,31.055,7.3411,82.2853,23457.6,0.245291,54.2846,4,-0.301004,0.791586,-1.08984,0.487837,0.486345,1.09683,-16.4259,14.43,2.6196,3.6609
2016-06-02,31.277,7.67936,82.2853,23457.6,0.589114,56.9072,4,0.387187,0.791041,0.17493,0.599444,0.486345,1.09574,-15.2988,13.6981,3.2132,5.29473
2016-06-03,31.028,7.9483,82.2853,23457.6,0.356876,58.7379,4,-0.0669784,0.78073,-0.813364,0.679408,0.486345,1.07512,-14.9675,13.0003,3.80327,6.90183
2016-06-06,30.645,8.91646,82.2853,23457.6,0.15527,59.2021,4,-0.460765,0.771305,-1.91357,0.992036,0.486345,1.05627,-16.3592,12.66,4.39922,8.50209
2016-06-07,30.691,8.8294,82.2853,23457.6,0.456848,59.9245,4,0.142391,0.771305,-0.674691,0.959473,0.486345,1.05627,-17.4937,12.3337,4.99112,10.0935
2016-06-08,30.607,8.74688,82.2853,23457.6,0.0805662,60.8522,4,-0.611359,0.772491,-2.15072,0.928004,0.495239,1.04974,-18.326,11.9254,5.58512,11.6677
2016-06-09,30.715,8.85629,82.2853,23457.6,-0.0215312,62.3375,4,-0.821983,0.778921,-2.6077,0.963737,0.514538,1.0433,-18.5647,11.5124,6.18187,13.2079
2016-06-10,30.846,9.01921,82.2853,23457.6,0.390533,64.377,4,-0.00309606,0.784163,-1.01981,1.01362,0.525023,1.0433,-18.2196,11.1271,6.76697,14.7025
2016-06-13,31.039,9.08422,82.2853,23457.6,0.994144,67.4725,4,1.20308,0.785208,1.37514,1.03101,0.528439,1.04198,-16.7817,10.8521,7.30917,16.093
2016-06-14,30.752,9.56191,81.8495,23509.9,0.599331,69.9508,4,0.588424,0.610237,-0.010729,1.18758,0.0607089,1.15977,-16.0349,11.2889,7.60572,17.0911
2016-06-15,30.597,9.649,81.8495,23509.9,0.528899,70.2035,4,0.452797,0.605001,-0.307747,1.21334,0.0617107,1.14829,-15.9794,11.8503,7.22193,17.1106
2016-06-16,30.722,9.61042,81.8495,23509.9,0.541344,69.6171,4,0.480228,0.602461,-0.236503,1.19696,0.0636326,1.14129,-16.8772,12.43,6.87023,17.1941
2016-06-17,30.662,9.14672,81.8495,23509.9,-0.287402,67.5798,4,0.00593071,-0.580735,-1.02888,1.04074,-1.05478,-0.106686,-17.3385,12.8519,5.67552,16.3908
2016-06-20,30.62,9.14641,81.8495,23509.9,-0.531853,65.4175,4,-0.482971,-0.580735,-1.99129,1.02535,-1.05478,-0.106686,-17.8668,13.2616,4.46298,15.5598
2016-06-21,30.552,9.11943,81.8495,23509.9,-0.305982,64.1378,4,-0.0447327,-0.567231,-1.0904,1.00094,-1.02778,-0.106686,-17.3572,13.6001,3.23905,14.6558
2016-06-22,30.687,9.29106,81.8495,23509.9,0.014352,63.4712,4,0.581061,-0.552357,0.105658,1.05646,-0.998028,-0.106686,-16.2509,13.9846,2.02415,13.7134
2016-06-23,30.721,9.29739,81.8495,23509.9,-0.0794518,63.2733,4,0.392084,-0.550987,-0.271137,1.0553,-0.995289,-0.106686,-14.6589,14.3676,0.816238,12.7483
2016-06-24,31.005,9.94451,81.8495,23509.9,0.321684,63.4315,4,1.19436,-0.550987,1.1331,1.25561,-0.995289,-0.106686,-12.8935,14.9372,-0.381703,11.7695
2016-06-27,31.095,9.9047,81.8495,23509.9,0.444319,64.4559,4,1.43995,-0.551315,1.65284,1.22707,-0.995289,-0.10734,-10.3426,15.6109,-1.57421,10.7617
2016-06-28,30.685,10.6246,81.8495,23509.9,0.155725,64.9547,4,0.862764,-0.551315,0.262857,1.46267,-0.995289,-0.10734,-8.44717,16.3899,-2.76336,9.77534
2016-06-29,30.488,10.311,81.8495,23509.9,-0.211232,63.5469,4,0.128851,-0.551315,-1.09321,1.35092,-0.995289,-0.10734,-8.48809,17.1614,-3.97299,8.84659
2016-06-30,30.617,10.0592,81.8495,23509.9,-0.137866,61.2675,4,0.275582,-0.551315,-0.703688,1.25485,-0.995289,-0.10734,-9.25567,17.8018,-5.20254,7.92388
2016-07-01,30.415,9.94494,81.8495,23509.9,-0.639858,58.0797,4,-0.728402,-0.551315,-2.66843,1.21163,-0.995289,-0.10734,-10.836,18.3567,-6.4501,7.00911
2016-07-04,30.634,9.37591,81.8495,23509.9,-0.552015,55.7836,4,-0.552715,-0.551315,-2.12062,1.01519,-0.995289,-0.10734,-11.0429,18.438,-7.68883,6.07727
2016-07-05,30.775,9.50566,81.8495,23509.9,0.00765094,54.3147,4,0.566616,-0.551315,0.0824485,1.05078,-0.995289,-0.10734,-10.4374,18.5421,-8.91962,5.12966
2016-07-06,30.676,9.5265,81.8495,23509.9,0.108427,54.406,4,0.768168,-0.551315,0.480657,1.05568,-0.995289,-0.10734,-8.27221,18.6455,-10.1448,4.17753
2016-07-07,30.508,9.63529,81.8495,23509.9,-0.184392,53.872,4,0.18253,-0.551315,-0.721756,1.08682,-0.995289,-0.10734,-6.72416,18.7555,-11.392,3.23264
2016-07-08,30.399,9.54074,81.8495,23509.9,-0.0995752,52.2611,4,0.352164,-0.551315,-0.346556,1.05088,-0.995289,-0.10734,-6.17656,18.8056,-12.6561,2.28817
2016-07-11,30.414,9.19604,81.8495,23509.9,-0.332535,47.8897,4,-0.113756,-0.551315,-1.16227,0.93476,-0.995289,-0.10734,-8.26728,18.7277,-13.9122,1.34153
2016-07-12,30.36,8.6714,81.8495,23509.9,-0.571021,44.0526,4,-0.598108,-0.543933,-1.94143,0.745212,-0.995289,-0.092578,-9.8257,18.3035,-14.734,0.308857
2016-07-13,30.379,8.52121,81.8495,23509.9,-0.465388,40.8347,4,-0.394223,-0.536552,-1.4647,0.676251,-0.995289,-0.0778158,-10.7198,17.7699,-15.5211,-0.694293
2016-07-15,30.21,8.544,81.4782,23568.3,-0.799318,36.5955,4,-0.394956,-1.20368,-1.46845,0.67854,-2.08173,-0.325629,-11.6038,17.1655,-17.0934,-1.87281
2016-07-19,29.931,9.05112,81.4782,23568.3,-0.924149,34.6346,4,-0.644619,-1.20368,-2.13447,0.84523,-2.08173,-0.325629,-12.4184,16.8997,-17.81,-2.03681
2016-07-20,29.518,10.1109,81.4782,23568.3,-1.26097,32.4391,4,-1.31826,-1.20368,-3.83196,1.19545,-2.08173,-0.325629,-13.7814,16.8949,-18.4801,-2.1943
2016-07-21,29.452,10.111,81.4782,23568.3,-1.27297,29.6199,4,-1.34226,-1.20368,-3.8778,1.19327,-2.08173,-0.325629,-15.7987,16.8319,-19.0746,-2.33865
2016-07-22,29.921,11.7234,81.4782,23568.3,-0.671263,27.6919,4,-0.163929,-1.1786,-2.04884,1.72098,-2.03157,-0.325629,-17.3156,17.1783,-19.6855,-2.48535
2016-07-25,29.732,11.8211,81.4782,23568.3,-0.671794,26.0771,4,-0.190071,-1.15352,-2.12364,1.7435,-1.9814,-0.325629,-18.5793,17.5456,-20.2586,-2.63053
2016-07-26,29.653,11.1069,81.4782,23568.3,-0.52171,23.8646,4,0.080175,-1.12359,-1.34222,1.50257,-1.92156,-0.325629,-20.1876,17.4761,-20.6655,-2.75832
2016-07-27,29.386,11.1845,81.4782,23568.3,-0.372052,21.8248,4,0.381118,-1.12522,-0.76563,1.52787,-1.92156,-0.328883,-21.6856,17.4317,-21.0398,-2.88153
2016-07-28,29.656,11.2381,81.4782,23568.3,-0.037269,21.3576,4,1.05171,-1.12625,0.557777,1.54564,-1.92156,-0.330934,-21.3826,17.4266,-21.6493,-3.03709
2016-07-29,29.812,11.3502,81.4782,23568.3,-0.333766,21.0641,4,0.458924,-1.12646,-0.664775,1.58262,-1.92156,-0.331355,-21.0113,17.5558,-22.2843,-3.1961
2016-08-01,29.71,11.1963,81.4782,23568.3,-0.262117,20.7689,4,0.602223,-1.12646,-0.326573,1.53102,-1.92156,-0.331355,-20.6784,17.7161,-22.9147,-3.3541
2016-08-02,29.561,11.1138,81.4782,23568.3,-0.338746,21.4885,4,0.449988,-1.12748,-0.601746,1.50172,-1.92156,-0.333401,-19.2632,18.0409,-23.7459,-3.54326
2016-08-03,29.637,10.7556,81.4782,23568.3,-0.0383109,22.7491,4,1.05189,-1.12852,0.734764,1.36902,-1.92156,-0.335472,-17.3061,18.4896,-24.6835,-3.75091
2016-08-04,29.484,10.5603,81.4782,23568.3,-0.468605,21.579,4,0.191306,-1.12852,-0.904186,1.2868,-1.92156,-0.335472,-17.8825,18.4947,-25.1466,-3.88653
2016-08-05,29.216,10.8448,81.4782,23568.3,-0.856812,19.3176,4,-0.582116,-1.13151,-2.53913,1.3749,-1.92156,-0.341459,-19.7375,18.3615,-25.3256,-3.98075
2016-08-08,29.117,10.7919,81.4782,23568.3,-0.851514,17.8426,4,-0.56643,-1.1366,-2.48816,1.3553,-1.92156,-0.351636,-20.7223,18.2863,-25.6228,-4.09863
2016-08-09,29.001,10.7993,81.4782,23568.3,-0.822487,16.3267,4,-0.506345,-1.13863,-2.36843,1.35574,-1.92156,-0.3557,-21.8115,18.1986,-25.8538,-4.20662
2016-08-10,28.831,10.8133,81.4782,23568.3,-1.05758,14.893,4,-0.97654,-1.13863,-3.31113,1.35805,-1.92156,-0.3557,-22.9285,18.1764,-26.0486,-4.30634
2016-08-11,28.744,10.8087,81.4782,23568.3,-0.998651,14.088,4,-0.858673,-1.13863,-3.06912,1.35177,-1.92156,-0.3557,-23.4615,18.4008,-26.4095,-4.44181
2016-08-12,28.821,10.9171,81.4782,23568.3,-0.649684,13.7504,4,-0.181988,-1.11738,-1.74662,1.38264,-1.92156,-0.313199,-23.545,18.7992,-26.9213,-4.5825
2016-08-15,28.798,10.8778,81.0788,23722,-0.59408,14.1268,4,-0.0434525,-1.14471,-1.45361,1.3667,-2.36862,0.0792099,-23.6581,19.3723,-27.2601,-4.32731
2016-08-16,28.615,10.6811,81.0788,23722,-0.76662,14.4203,4,-0.209642,-1.3236,-1.71781,1.29853,-2.17676,-0.470433,-23.4637,19.7632,-27.4344,-4.44478
2016-08-17,28.563,9.7547,81.0788,23722,-0.729913,15.4401,4,-0.136228,-1.3236,-1.26166,0.98921,-2.17676,-0.470433,-21.9708,19.8798,-27.8638,-4.60514
2016-08-18,28.441,9.79803,81.0788,23722,-0.761142,16.467,4,-0.198684,-1.3236,-1.39937,1.002,-2.17676,-0.470433,-20.4822,19.9896,-28.2756,-4.76488
2016-08-19,28.521,7.53697,81.0788,23722,-0.944403,15.9136,4,-0.565208,-1.3236,-1.37657,0.246154,-2.17676,-0.470433,-19.875,18.8194,-28.1946,-4.83615
2016-08-22,28.507,7.41626,81.0788,23722,-0.938543,15.385,4,-0.567036,-1.31005,-1.33366,0.199587,-2.14967,-0.470433,-19.1932,17.6158,-28.1311,-4.90653
2016-08-23,28.571,7.57006,81.0788,23722,-0.668791,15.0986,4,-0.0612432,-1.27634,-0.370416,0.24793,-2.08224,-0.470433,-18.4453,16.6761,-28.1421,-4.99002
2016-08-24,28.832,8.01147,81.0788,23722,-0.311657,15.2158,4,0.63286,-1.25617,0.872172,0.393549,-2.04192,-0.470433,-17.327,15.9073,-28.2681,-5.09646
2016-08-26,28.632,7.33001,81.0788,23722,-0.437012,14.4514,4,0.365576,-1.2396,0.568347,0.162805,-2.00877,-0.470433,-17.1487,14.7925,-28.0496,-5.1428
2016-08-29,28.583,6.84855,81.0788,23722,-0.576774,13.9996,4,0.0257879,-1.17934,0.0524921,-0.000916306,-1.88824,-0.470433,-16.55,13.6119,-27.8552,-5.2071
2016-08-30,28.578,6.86255,81.0788,23722,-0.546201,13.4837,4,0.0465032,-1.13891,0.0898955,0.00311081,-1.80738,-0.470433,-16.1456,12.4691,-27.5754,-5.26444
2016-08-31,28.848,7.84373,81.0788,23722,-0.253564,13.637,4,0.631778,-1.13891,0.922326,0.34123,-1.80738,-0.470433,-15.1371,11.7016,-27.5576,-5.36984
2016-09-01,28.747,7.75044,81.0788,23722,-0.627997,12.6001,4,-0.11709,-1.13891,-0.542833,0.308654,-1.80738,-0.470433,-15.7682,10.8081,-27.0608,-5.37906
2016-09-02,28.827,7.76774,81.0788,23722,-0.340561,12.8204,4,0.457784,-1.13891,0.601675,0.313893,-1.80738,-0.470433,-14.8023,10.1861,-27.0749,-5.48856
2016-09-05,29.034,7.69272,81.0788,23722,-0.0872456,14.2011,4,0.964414,-1.13891,1.64482,0.284013,-1.80738,-0.470433,-12.2103,9.63698,-27.5381,-5.68748
2016-09-06,29.181,7.82685,81.0788,23722,0.0767386,15.996,4,1.29293,-1.13946,2.25946,0.326407,-1.80738,-0.471533,-9.13939,9.13305,-28.094,-5.90363
2016-09-07,29.286,7.76241,81.0788,23722,-0.101581,17.4882,4,0.936846,-1.14001,1.57233,0.301357,-1.80738,-0.472638,-6.46435,8.53124,-28.4905,-6.08819
2016-09-08,29.25,7.42462,81.0788,23722,-0.0699851,19.6709,4,1.00004,-1.14001,1.81715,0.18292,-1.80738,-0.472638,-2.84199,7.85679,-29.0355,-6.30842
2016-09-09,29.353,7.3497,81.0788,23722,-0.056932,21.8988,4,1.02614,-1.14001,1.89748,0.15481,-1.80738,-0.472638,0.820041,7.11411,-29.5164,-6.51899
2016-09-12,29.294,7.40023,81.0788,23722,-0.31711,22.719,4,0.496349,-1.13057,0.822995,0.169703,-1.80738,-0.45376,2.76114,6.24643,-29.6215,-6.6671
2016-09-13,29.085,7.91099,81.0788,23722,-0.623273,22.6463,4,-0.125416,-1.12113,-0.596416,0.345583,-1.80738,-0.434882,3.405,5.47412,-29.1824,-7.05044
2016-09-15,28.879,7.99921,80.7638,23834.2,-0.852735,22.4326,4,-0.718023,-0.987448,-1.80847,0.372427,-1.68773,-0.287164,3.33121,4.76893,-28.7665,-6.90101
2016-09-16,28.535,9.11851,80.7638,23834.2,-1.06462,21.6133,4,-1.14003,-0.989215,-3.03768,0.757621,-1.68773,-0.290698,1.98317,4.56479,-28.2131,-6.72164
2016-09-19,28.506,8.99034,80.7638,23834.2,-1.20646,20.5504,4,-1.42371,-0.989215,-3.55313,0.705707,-1.68773,-0.290698,0.37147,4.30445,-27.5974,-6.52816
2016-09-20,28.5,8.93401,80.7638,23834.2,-1.16086,20.0452,4,-1.33252,-0.989215,-3.34217,0.677142,-1.68773,-0.290698,-1.07827,4.60257,-27.1128,-6.36634
2016-09-21,28.537,8.9445,80.7638,23834.2,-0.916801,20.0956,4,-0.844387,-0.989215,-2.36472,0.675946,-1.68773,-0.290698,-1.83869,4.95577,-26.7847,-6.23678
2016-09-22,28.457,8.96012,80.7638,23834.2,-0.763124,19.8774,4,-0.592988,-0.93326,-1.86417,0.678191,-1.57582,-0.290698,-2.93381,5.26242,-26.359,-6.09218
2016-09-23,28.533,8.34534,80.7638,23834.2,-0.370044,19.7431,4,0.144177,-0.884265,-0.177654,0.466009,-1.47783,-0.290698,-3.70145,5.30914,-25.912,-5.9526
2016-09-26,28.457,8.03946,80.7638,23834.2,-0.443602,19.728,4,-0.00293836,-0.884265,-0.366734,0.360857,-1.47783,-0.290698,-4.3878,5.45387,-25.5183,-5.81974
2016-09-27,28.492,8.03903,80.7638,23834.2,-0.400943,20.1339,4,0.0816251,-0.883511,-0.197301,0.360551,-1.47633,-0.290698,-4.5883,5.74067,-25.3096,-5.70887
2016-09-28,28.531,8.05727,80.7638,23834.2,-0.395702,20.4853,4,0.0913535,-0.882758,-0.182794,0.365501,-1.47482,-0.290698,-4.8044,6.02674,-25.1431,-5.59388
2016-09-29,28.512,7.2359,80.7638,23834.2,-0.403427,20.1354,4,0.0759043,-0.882758,0.0685129,0.0832957,-1.47482,-0.290698,-5.41893,5.81777,-24.8195,-5.44391
2016-09-30,28.437,7.19566,80.7638,23834.2,-0.561314,20.2907,4,-0.23987,-0.882758,-0.548978,0.0692392,-1.47482,-0.290698,-5.43103,5.64912,-24.6086,-5.3188
2016-10-03,28.262,7.34768,80.7638,23834.2,-0.64917,19.5782,4,-0.415477,-0.882863,-0.951261,0.120308,-1.47482,-0.290907,-6.53489,5.47042,-24.2048,-5.15256
2016-10-04,28.375,6.95794,80.7638,23834.2,-0.601934,18.4242,4,-0.3209,-0.882967,-0.628859,-0.0129408,-1.47482,-0.291117,-8.11122,5.194,-23.6936,-4.96502
2016-10-05,28.23,6.68783,80.7638,23834.2,-0.812919,16.5318,4,-0.74287,-0.882967,-1.38045,-0.105286,-1.47482,-0.291117,-10.5346,4.78244,-22.9794,-4.73666
2016-10-06,28.088,6.48845,80.7638,23834.2,-0.955264,14.8386,4,-1.02756,-0.882967,-1.88167,-0.173451,-1.47482,-0.291117,-12.7239,4.35411,-22.2781,-4.51346
2016-10-07,28.07,6.50214,80.7638,23834.2,-0.894744,13.3169,4,-0.906521,-0.882967,-1.64427,-0.168771,-1.47482,-0.291117,-14.8206,4.02424,-21.5904,-4.29631
2016-10-11,28.059,6.19872,80.7638,23834.2,-0.748358,12.1268,4,-0.620721,-0.875995,-0.968939,-0.272504,-1.47482,-0.277172,-16.4724,3.66558,-20.9784,-4.08796
2016-10-12,28.082,6.29414,80.7638,23834.2,-0.82795,11.297,4,-0.786876,-0.869023,-1.33387,-0.239882,-1.47482,-0.263227,-17.6707,3.34485,-20.4711,-3.90609
2016-10-13,28.123,6.11854,80.7638,23834.2,-0.652895,11.2501,4,-0.436768,-0.869023,-0.573617,-0.299918,-1.47482,-0.263227,-17.6414,2.91625,-20.2351,-3.78967
2016-10-14,28.113,5.78466,80.7638,23834.2,-0.543899,11.7454,4,-0.218776,-0.869023,-0.0234861,-0.414065,-1.47482,-0.263227,-16.6025,2.41755,-20.264,-3.80569
2016-10-17,28.062,4.21823,80.2052,24034.4,-0.702613,12.3453,4,-0.554283,-0.850943,-0.161719,-0.946846,-1.95937,0.257484,-14.8321,1.29601,-20.6441,-3.47451
2016-10-18,28.08,4.24973,80.2052,24034.4,-0.617528,13.3665,4,-0.48568,-0.749375,-0.0402508,-0.931109,-1.60191,0.103161,-12.6662,0.199408,-20.9068,-3.25986
2016-10-19,28.104,4.28442,80.2052,24034.4,-0.604288,14.3837,4,-0.476153,-0.732422,-0.0363648,-0.915942,-1.568,0.103161,-10.5595,-0.900211,-21.1227,-3.03388
2016-10-20,28.075,4.21972,80.2052,24034.4,-0.672307,14.8467,4,-0.634526,-0.710089,-0.334173,-0.934878,-1.52334,0.103161,-9.2103,-2.02729,-21.1375,-2.77822
2016-10-21,28.082,4.16758,80.2052,24034.4,-0.646726,15.0705,4,-0.60593,-0.687521,-0.262558,-0.949302,-1.4782,0.103161,-8.11846,-3.16957,-21.1303,-2.5112
2016-10-24,28.079,3.98593,80.2052,24034.4,-0.608862,14.6136,4,-0.531241,-0.686483,-0.0579633,-1.00452,-1.47613,0.103161,-7.98744,-4.17163,-21.0043,-2.22297
2016-10-25,28.069,3.92647,80.2052,24034.4,-0.64269,14.2399,4,-0.598898,-0.686483,-0.179483,-1.01831,-1.47613,0.103161,-7.81831,-5.10342,-20.8985,-1.93986
2016-10-26,28.114,3.95273,80.2052,24034.4,-0.617509,13.8409,4,-0.548536,-0.686483,-0.0889202,-1.00815,-1.47613,0.103161,-7.70102,-6.01563,-20.7838,-1.65868
2016-10-27,28.215,4.17635,80.2052,24034.4,-0.459082,13.7255,4,-0.231682,-0.686483,0.470579,-0.933943,-1.47613,0.103161,-7.24047,-6.89705,-20.7511,-1.38589
2016-10-28,28.401,4.88168,80.2052,24034.4,-0.212759,14.0745,4,0.260966,-0.686483,1.22186,-0.699925,-1.47613,0.103161,-6.48091,-7.47037,-20.853,-1.12122
2016-10-31,28.336,4.86044,80.2052,24034.4,-0.280284,14.5997,4,0.125915,-0.686483,0.958009,-0.706179,-1.47613,0.103161,-5.48101,-8.06154,-21.0019,-0.855826
2016-11-01,28.252,4.4522,80.2052,24034.4,-0.391842,15.0921,4,-0.0972016,-0.686483,0.645367,-0.83977,-1.47613,0.103161,-4.4009,-8.78372,-21.1372,-0.58606
2016-11-03,28.244,4.19281,80.2052,24034.4,-0.470083,15.3486,4,-0.253684,-0.686483,0.416442,-0.92381,-1.47613,0.103161,-3.68268,-9.45044,-21.2066,-0.311676
2016-11-04,28.207,3.80315,80.2052,24034.4,-0.648036,15.6734,4,-0.60959,-0.686483,-0.168412,-1.05077,-1.47613,0.103161,-2.84475,-10.1536,-21.2927,-0.0355359
2016-11-07,28.085,3.6861,80.2052,24034.4,-0.982225,15.62,4,-1.27797,-0.686483,-1.47084,-1.08509,-1.47613,0.103161,-2.55404,-10.7879,-21.2797,0.241698
2016-11-08,28.073,3.68199,80.2052,24034.4,-0.924326,15.5615,4,-1.16217,-0.686483,-1.24823,-1.07611,-1.47613,0.103161,-2.27396,-11.4177,-21.2654,0.518537
2016-11-09,28.149,3.79977,80.2052,24034.4,-0.744044,15.5701,4,-0.801606,-0.686483,-0.572145,-1.03107,-1.47613,0.103161,-1.99539,-11.9519,-21.2685,0.785834
2016-11-10,28.363,4.6225,80.2052,24034.4,-0.442304,16.344,4,-0.198125,-0.686483,0.365082,-0.761333,-1.47613,0.103161,-0.809061,-12.4328,-21.4671,1.05298
2016-11-11,28.575,5.23561,80.2052,24034.4,-0.13249,17.4273,4,0.421502,-0.686483,1.40766,-0.564651,-1.47613,0.103161,0.60331,-12.7746,-21.7302,1.32884
2016-11-14,28.819,5.88132,79.6755,23702.1,-0.0207712,18.5612,4,1.28963,-1.33117,2.93677,-0.357515,-1.89909,-0.763256,2.76066,-12.885,-22.2959,0.981396
2016-11-15,28.682,6.17064,79.6755,23702.1,-0.127952,19.8582,4,1.07527,-1.33117,2.41439,-0.263853,-1.89909,-0.763256,4.6898,-12.5439,-22.5307,0.242981
2016-11-16,28.813,6.28807,79.6755,23702.1,-0.0825652,21.1135,4,1.20063,-1.36576,2.62843,-0.227181,-1.56372,-1.16779,6.72662,-12.1603,-22.7534,-0.699444
2016-11-17,28.958,6.42233,79.6755,23702.1,-0.147761,22.2206,4,1.0622,-1.35772,2.30695,-0.182552,-1.54766,-1.16779,8.54639,-11.7207,-22.9455,-1.65956
2016-11-18,29.164,6.64137,79.6755,23702.1,-0.14041,23.5513,4,1.0769,-1.35772,2.26448,-0.110675,-1.54766,-1.16779,10.6031,-11.215,-23.1969,-2.63985
2016-11-21,29.066,6.88043,79.6755,23702.1,-0.472955,23.9954,4,0.411813,-1.35772,0.857028,-0.0334019,-1.54766,-1.16779,11.4883,-10.5543,-23.3238,-3.61479
2016-11-22,29.053,6.89349,79.6755,23702.1,-0.343805,24.6815,4,0.670113,-1.35772,1.36906,-0.028829,-1.54766,-1.16779,12.6335,-9.85913,-23.4897,-4.60315
2016-11-23,29.206,6.95824,79.6755,23702.1,-0.320003,25.5307,4,0.717717,-1.35772,1.44134,-0.00590601,-1.54766,-1.16779,13.9501,-9.13672,-23.677,-5.60566
2016-11-24,29.16,7.072,79.6755,23702.1,-0.504876,25.8307,4,0.34797,-1.35772,0.664585,0.0313553,-1.54766,-1.16779,14.5569,-8.35395,-23.7774,-6.59485
2016-11-25,29.211,7.04137,79.6755,23702.1,-0.66724,25.2777,4,0.0232423,-1.35772,0.0250814,0.0214031,-1.54766,-1.16779,14.1635,-7.59142,-23.7479,-7.54643
2016-11-28,29.14,6.94591,79.6755,23702.1,-0.647759,24.1426,4,0.0622046,-1.35772,0.132689,-0.00827958,-1.54766,-1.16779,13.2258,-7.00672,-23.6203,-8.45611
2016-11-29,29.131,6.84548,79.6755,23702.1,-0.652839,23.1929,4,0.0520437,-1.35772,0.144535,-0.0404472,-1.54766,-1.16779,12.5203,-6.45545,-23.5128,-9.35913
2016-11-30,29.014,6.94404,79.6755,23702.1,-0.921962,21.8781,4,-0.486201,-1.35772,-0.966541,-0.00586133,-1.54766,-1.16779,11.1869,-5.76585,-23.3276,-10.2153
2016-12-01,29.079,6.92395,79.6755,23702.1,-0.809171,21.0601,4,-0.260619,-1.35772,-0.509915,-0.0113238,-1.54766,-1.16779,10.4226,-5.0486,-23.223,-11.0909
2016-12-02,29.042,6.92197,79.6755,23702.1,-0.899248,20.4659,4,-0.440775,-1.35772,-0.871553,-0.00999629,-1.54766,-1.16779,9.84909,-4.25301,-23.1565,-11.9737
2016-12-05,28.939,6.84028,79.6755,23702.1,-0.939037,20.5673,4,-0.520351,-1.35772,-1.00556,-0.0351394,-1.54766,-1.16779,10.2023,-3.47969,-23.2302,-12.9251
2016-12-06,28.796,7.18904,79.6755,23702.1,-1.04872,20.2759,4,-0.739726,-1.35772,-1.56164,0.0821928,-1.54766,-1.16779,9.94457,-2.61561,-23.223,-13.83
2016-12-07,28.599,7.719,79.6755,23702.1,-1.08891,19.481,4,-0.820107,-1.35772,-1.90169,0.261478,-1.54766,-1.16779,8.89789,-1.64933,-23.1066,-14.6609
2016-12-08,28.77,7.55053,79.6755,23702.1,-0.991502,18.255,4,-0.625281,-1.35772,-1.45589,0.205329,-1.54766,-1.16779,7.47297,-0.929652,-22.8823,-15.406
2016-12-09,28.998,7.60488,79.6755,23702.1,-0.702241,17.0353,4,-0.0678678,-1.33661,-0.359491,0.223755,-1.54766,-1.12557,6.11351,-0.354134,-22.6384,-16.0857
2016-12-12,28.851,7.28663,79.6755,23702.1,-0.766101,15.5205,4,-0.216668,-1.31554,-0.549183,0.115848,-1.54766,-1.08341,3.55825,-0.0155086,-21.9942,-16.0281
2016-12-13,28.712,7.29231,79.6755,23702.1,-0.763838,14.3007,4,-0.212142,-1.31554,-0.5397,0.115417,-1.54766,-1.08341,1.46064,0.246908,-21.4078,-15.9991
2016-12-14,28.508,7.51154,79.6755,23702.1,-0.753927,13.0849,4,-0.192318,-1.31554,-0.572295,0.187659,-1.54766,-1.08341,-0.739074,0.524568,-21.0317,-15.6689
2016-12-15,28.779,8.09009,79.2722,23498.5,-0.821468,11.9386,4,0.121885,-1.76482,-0.138825,0.382595,-1.61678,-1.91286,-2.35847,0.892511,-20.7061,-15.8893
2016-12-16,28.767,7.60377,79.2722,23498.5,-1.10225,10.4279,4,-0.473188,-1.7313,-1.16325,0.216876,-1.54975,-1.91286,-4.52545,1.08223,-20.1687,-15.9602
2016-12-19,28.805,7.56651,79.2722,23498.5,-0.870683,9.84544,4,-0.0813874,-1.65998,-0.367015,0.204241,-1.4071,-1.91286,-5.26199,1.22296,-19.854,-16.2616
2016-12-20,28.745,7.58871,79.2722,23498.5,-0.763088,9.25762,4,0.095997,-1.62217,-0.0197726,0.211767,-1.33149,-1.91286,-6.08162,1.36124,-19.4805,-16.5415
2016-12-21,28.602,7.42196,79.2722,23498.5,-0.710332,8.73411,4,0.201509,-1.62217,0.24779,0.155228,-1.33149,-1.91286,-6.76303,1.44718,-19.1262,-16.8238
2016-12-22,28.584,7.42058,79.2722,23498.5,-1.02585,8.07023,4,-0.429532,-1.62217,-1.01151,0.152449,-1.33149,-1.91286,-7.69737,1.50016,-18.7027,-17.0298
2016-12-23,28.479,7.40437,79.2722,23498.5,-1.12949,7.51374,4,-0.6368,-1.62217,-1.4187,0.145102,-1.33149,-1.91286,-8.47333,1.55518,-18.3158,-17.2523
2016-12-26,28.56,7.52993,79.2722,23498.5,-1.07174,7.0295,4,-0.521316,-1.62217,-1.22832,0.185693,-1.33149,-1.91286,-9.18605,1.65236,-17.9539,-17.4829
2016-12-27,28.981,9.35905,79.2722,23498.5,-0.397938,7.31766,4,0.826297,-1.62217,0.850257,0.802338,-1.33149,-1.91286,-8.82835,2.1767,-17.9609,-18.0698
2016-12-28,29.113,9.39587,79.2722,23498.5,-0.100563,8.30787,4,1.42105,-1.62217,2.03001,0.812084,-1.33149,-1.91286,-7.18229,2.73923,-18.2698,-18.9793
2016-12-29,29.368,9.85564,79.2722,23498.5,0.232494,9.70444,4,2.07554,-1.61055,3.18733,0.963736,-1.33149,-1.88961,-5.03169,3.44803,-18.6897,-20.0222
2016-12-30,29.34,9.8487,79.2722,23498.5,0.320576,11.5502,4,2.24035,-1.5992,3.52477,0.955928,-1.33149,-1.86691,-2.28974,4.20756,-19.1911,-21.1765
2017-01-02,28.795,11.9364,79.2722,23498.5,-0.173309,12.8292,4,1.25258,-1.5992,0.852487,1.65268,-1.33149,-1.86691,-1.07937,5.43689,-19.4412,-22.0871
2017-01-03,28.599,12.0525,79.2722,23498.5,-0.823368,13.2237,4,-0.0484502,-1.59829,-1.78832,1.69142,-1.32966,-1.86691,-1.24008,6.56463,-19.4074,-22.6934
2017-01-04,28.685,11.8516,79.2722,23498.5,-0.882088,13.5931,4,-0.176552,-1.58762,-1.97749,1.62438,-1.30834,-1.86691,-1.2986,7.53271,-19.3475,-23.2935
2017-01-05,28.668,11.652,79.2722,23498.5,-1.17583,13.2636,4,-0.781207,-1.57044,-3.12019,1.55778,-1.27398,-1.86691,-2.42626,8.41833,-19.0693,-23.6592
2017-01-09,28.728,11.2955,79.2722,23498.5,-1.10733,12.5589,4,-0.653927,-1.56073,-2.74664,1.43879,-1.25892,-1.86255,-4.00978,9.14854,-18.6735,-23.9064
2017-01-10,28.75,11.1687,79.2722,23498.5,-0.519007,12.9856,4,0.520545,-1.55856,-0.355369,1.39646,-1.25892,-1.8582,-3.90441,10.077,-18.5992,-24.5878
2017-01-11,28.835,11.0798,79.2722,23498.5,-0.226509,13.9477,4,1.10491,-1.55793,0.843015,1.3668,-1.25765,-1.8582,-3.00767,11.0785,-18.6592,-25.4639
2017-01-12,28.737,10.8283,79.2722,23498.5,-0.435909,14.5395,4,0.666641,-1.53846,0.0504112,1.28287,-1.25639,-1.82053,-2.60007,11.9272,-18.6075,-26.1801
2017-01-13,28.808,10.325,79.2722,23498.5,-0.364902,15.4182,4,0.772273,-1.50208,0.429659,1.11489,-1.24649,-1.75766,-2.23085,12.576,-18.5588,-26.3682
2017-01-16,28.819,10.3241,79.1602,23171.9,-0.665544,16.2908,4,0.66636,-1.99745,0.218133,1.11459,-0.912314,-3.08258,-1.27537,13.3452,-18.3031,-27.4758
2017-01-17,28.718,10.39,79.1602,23171.9,-0.79237,16.4506,4,0.412707,-1.99745,-0.311158,1.13657,-0.912314,-3.08258,-1.23808,14.032,-17.9858,-28.3574
2017-01-18,28.7,10.3668,79.1602,23171.9,-0.901772,16.1683,4,0.193903,-1.99745,-0.741048,1.12885,-0.912314,-3.08258,-1.74448,14.6349,-17.63,-29.0921
2017-01-19,28.611,10.2697,79.1602,23171.9,-0.884688,15.8179,4,0.19847,-1.96785,-0.699507,1.09645,-0.853111,-3.08258,-2.40484,15.2372,-17.2194,-29.7952
2017-01-20,28.659,10.2831,79.1602,23171.9,-0.890979,16.0885,4,0.156287,-1.93824,-0.788343,1.10092,-0.793908,-3.08258,-2.25484,15.9572,-16.8951,-30.7188
2017-01-23,28.49,10.4226,79.1602,23171.9,-1.06582,16.2173,4,-0.193388,-1.93824,-1.53424,1.14746,-0.793908,-3.08258,-2.34008,16.6913,-16.5401,-31.5938
2017-01-24,28.382,10.4506,79.1602,23171.9,-1.07133,16.2182,4,-0.204421,-1.93824,-1.56566,1.15682,-0.793908,-3.08258,-2.57898,17.3791,-16.1595,-32.4225
2017-01-25,28.479,8.97736,79.1602,23171.9,-1.07011,14.892,4,-0.201967,-1.93824,-1.07287,0.668934,-0.793908,-3.08258,-3.87702,17.0048,-15.5234,-32.7124
2017-01-26,28.379,8.7861,79.1602,23171.9,-1.09653,13.0638,4,-0.254824,-1.93824,-1.11638,0.606735,-0.793908,-3.08258,-5.91729,16.4401,-14.77,-32.689
2017-01-27,28.399,8.00208,79.1602,23171.9,-1.19133,10.7296,4,-0.444425,-1.93824,-1.23262,0.343775,-0.793908,-3.08258,-8.58419,15.4167,-13.8632,-32.2397
2017-01-30,28.342,7.99819,79.1602,23171.9,-1.07349,8.75117,4,-0.208728,-1.93824,-0.760393,0.342938,-0.793908,-3.08258,-10.9432,14.4327,-12.987,-31.7513
2017-01-31,28.245,4.93734,79.1602,23171.9,-1.32067,7.33827,4,-0.703102,-1.93824,-0.713858,-0.692346,-0.793908,-3.08258,-11.5299,12.5274,-12.2277,-31.4315
2017-02-01,28.296,4.50954,79.1602,23171.9,-1.40483,6.69236,4,-0.871422,-1.93824,-0.906351,-0.836493,-0.793908,-3.08258,-10.803,10.8007,-11.6952,-31.6102
2017-02-02,28.397,4.57177,79.1602,23171.9,-1.18719,6.37151,4,-0.436144,-1.93824,-0.0588249,-0.813464,-0.793908,-3.08258,-9.56849,9.25928,-11.2828,-32.0365
2017-02-03,28.47,4.69951,79.1602,23171.9,-1.12037,6.42891,4,-0.302504,-1.93824,0.163394,-0.768402,-0.793908,-3.08258,-7.63985,7.89719,-11.0176,-32.8109
2017-02-06,28.402,4.66036,79.1602,23171.9,-1.13452,6.40071,4,-0.330796,-1.93824,0.117752,-0.779344,-0.793908,-3.08258,-5.93834,6.57793,-10.7332,-33.5056
2017-02-07,28.479,4.78355,79.1602,23171.9,-0.9369,5.97932,4,0.0644443,-1.93824,0.864506,-0.735618,-0.793908,-3.08258,-5.14998,5.24845,-10.3249,-33.7943
2017-02-08,28.684,5.3816,79.1602,23171.9,-0.723496,5.50681,4,0.491251,-1.93824,1.5152,-0.532699,-0.793908,-3.08258,-4.68469,4.07552,-9.90059,-33.9834
2017-02-09,28.615,5.31568,79.1602,23171.9,-0.913119,5.08136,4,0.112005,-1.93824,0.77942,-0.55541,-0.793908,-3.08258,-4.20231,2.97331,-9.49232,-34.1973
2017-02-10,28.672,5.28636,79.1602,23171.9,-0.627268,4.85884,4,0.0710858,-1.32562,0.707069,-0.564897,-0.409113,-2.24213,-4.01196,2.00456,-8.94385,-34.1899
2017-02-13,28.61,5.324,79.1602,23171.9,-0.616259,4.90004,4,0.0868624,-1.31938,0.722396,-0.548671,-0.396628,-2.24213,-3.73421,1.07108,-8.6673,-33.7695
2017-02-14,28.47,5.45474,77.2975,21754.3,-1.60859,4.25281,4,-0.353025,-2.86417,-0.201946,-0.504103,-1.72833,-4,-3.5795,0.143475,-8.89517,-33.416
2017-02-15,28.426,5.46882,77.2975,21754.3,-1.83869,3.59701,4,-0.87062,-2.80675,-1.24193,-0.499305,-1.6135,-4,-3.74144,-0.728092,-9.00803,-32.9254
2017-02-16,28.335,5.47533,77.2975,21754.3,-1.83721,3.01763,4,-0.915417,-2.75899,-1.33375,-0.497083,-1.51799,-4,-3.95716,-1.52978,-9.08187,-32.4136
2017-02-17,28.314,5.41571,77.2975,21754.3,-1.92267,2.47962,4,-1.08634,-2.75899,-1.65527,-0.517409,-1.51799,-4,-4.26214,-2.28927,-9.14905,-31.8199
2017-02-20,28.309,5.03964,77.2975,21754.3,-1.89338,2.10844,4,-1.02777,-2.75899,-1.40992,-0.645608,-1.51799,-4,-4.09033,-3.10262,-9.26276,-31.4358
2017-02-21,28.368,4.93228,77.2975,21754.3,-1.69347,1.86137,4,-0.62795,-2.75899,-0.577021,-0.678878,-1.51799,-4,-3.53802,-3.91798,-9.42644,-31.2562
2017-02-22,28.431,4.83931,77.2975,21754.3,-1.58732,1.67516,4,-0.415635,-2.75899,-0.122829,-0.708442,-1.51799,-4,-3.03418,-4.50086,-9.61269,-31.1771
2017-02-23,28.482,4.70486,77.2975,21754.3,-1.44889,1.55763,4,-0.138778,-2.75899,0.47532,-0.752875,-1.51799,-4,-2.26132,-5.08221,-9.84212,-31.2567
2017-02-24,28.552,4.77123,77.2975,21754.3,-1.34733,1.5079,4,0.0643435,-2.75899,0.857961,-0.729274,-1.51799,-4,-1.28416,-5.55302,-10.1282,-31.5267
2017-03-01,28.505,4.75001,77.2975,21754.3,-1.39235,1.41048,4,-0.0257046,-2.75899,0.680217,-0.731626,-1.51799,-4,-0.612286,-5.98892,-10.3579,-31.6304
2017-03-02,28.344,5.03942,77.2975,21754.3,-1.59929,1.32985,4,-0.439575,-2.75899,-0.24492,-0.634231,-1.51799,-4,-0.394293,-5.91022,-10.5957,-31.7699
2017-03-03,28.299,5.03787,77.2975,21754.3,-1.71065,1.24596,4,-0.662314,-2.75899,-0.690235,-0.634393,-1.51799,-4,-0.293461,-5.76292,-10.8196,-31.8781
2017-03-06,28.253,4.88631,77.2975,21754.3,-1.824,1.08586,4,-0.889001,-2.75899,-1.09651,-0.681489,-1.51799,-4,-0.744526,-5.59118,-10.925,-31.6534
2017-03-07,28.311,4.85005,77.2975,21754.3,-1.83602,0.927597,4,-0.913036,-2.75899,-1.14004,-0.68603,-1.51799,-4,-1.28942,-5.43291,-10.9969,-31.3532
2017-03-08,28.461,5.16213,77.2975,21754.3,-1.60413,0.835059,4,-0.449269,-2.75899,-0.319118,-0.579421,-1.51799,-4,-1.45631,-5.27005,-11.1463,-31.2923
2017-03-09,28.515,5.11565,77.2975,21754.3,-1.38404,0.754586,4,-0.00908696,-2.75899,0.575684,-0.593858,-1.51799,-4,-1.55743,-5.13907,-11.2979,-31.251
2017-03-10,28.419,4.50492,77.2975,21754.3,-1.48697,0.632879,4,-0.21494,-2.75899,0.364145,-0.794025,-1.51799,-4,-1.99262,-5.1283,-11.3354,-30.9108
2017-03-13,28.369,4.47361,77.2975,21754.3,-1.49471,0.552173,4,-0.230419,-2.75899,0.342434,-0.803272,-1.51799,-4,-2.13379,-5.13918,-11.4303,-30.7446
2017-03-14,28.43,4.48529,77.2975,21754.3,-1.49149,0.449103,4,-0.223979,-2.75899,0.347599,-0.795557,-1.51799,-4,-2.22063,-5.0995,-11.5755,-30.6553
2017-03-15,28.371,4.4809,77.2975,21754.3,-1.70953,0.343501,4,-0.660062,-2.75899,-0.527188,-0.792936,-1.51799,-4,-2.62522,-5.03227,-11.638,-30.361
2017-03-16,28.245,4.4231,77.2975,21754.3,-1.89855,0.319526,4,-1.0381,-2.75899,-1.26865,-0.807552,-1.51799,-4,-3.00487,-5.10467,-11.4622,-30.1088
2017-03-17,28.292,4.45899,77.4141,22191.8,-1.66007,0.334111,4,-0.729732,-2.5904,-0.666854,-0.792609,-1.1808,-4,-2.80279,-5.2419,-11.3575,-30.2637
2017-03-20,28.226,4.39226,77.4141,22191.8,-1.68199,0.347267,4,-0.773588,-2.5904,-0.734424,-0.812753,-1.1808,-4,-2.58762,-5.38536,-11.2803,-30.3995
2017-03-21,28.328,4.58713,77.4141,22191.8,-1.62163,0.374118,4,-0.652861,-2.5904,-0.560653,-0.74507,-1.1808,-4,-2.19068,-5.51978,-11.2498,-30.6656
2017-03-22,28.371,4.61656,77.4141,22191.8,-1.51082,0.410918,4,-0.431248,-2.5904,-0.130671,-0.731826,-1.1808,-4,-1.71938,-5.61508,-11.2452,-31.0094
2017-03-23,28.551,5.07941,77.4141,22191.8,-1.15108,0.468647,4,0.288235,-2.5904,1.15627,-0.579803,-1.1808,-4,-1.06436,-5.66627,-11.2931,-31.5077
2017-03-24,28.44,5.23772,77.4141,22191.8,-1.30358,0.50164,4,-0.016771,-2.5904,0.493476,-0.527018,-1.1808,-4,-0.828556,-5.64201,-11.2544,-31.7734
2017-03-27,28.459,5.20223,77.4141,22191.8,-1.21629,0.530213,4,0.157812,-2.5904,0.852911,-0.537287,-1.1808,-4,-0.683299,-5.59494,-11.1976,-31.9939
2017-03-28,28.47,5.12185,77.4141,22191.8,-1.31808,0.533905,4,-0.045771,-2.5904,0.467466,-0.559008,-1.1808,-4,-0.840199,-5.53167,-11.0724,-32.0218
2017-03-29,28.663,5.63735,77.4141,22191.8,-1.1156,0.570002,4,0.359191,-2.5904,1.0945,-0.376117,-1.1808,-4,-0.679971,-5.43411,-11.0283,-32.2876
2017-03-30,28.701,5.18855,77.4141,22191.8,-1.29742,0.611832,4,-0.00443343,-2.5904,0.496539,-0.505406,-1.1808,-4,-0.384187,-5.43111,-10.9913,-32.5815
2017-03-31,28.544,5.57879,77.4141,22191.8,-1.31014,0.671517,4,-0.029891,-2.5904,0.306935,-0.366717,-1.1808,-4,0.0221961,-5.38683,-10.986,-32.9778
2017-04-03,28.511,5.55825,77.4141,22191.8,-1.3646,0.746265,4,-0.138799,-2.5904,0.0888086,-0.366407,-1.1808,-4,0.517994,-5.33084,-10.9995,-33.4414
2017-04-04,28.546,5.53451,77.4141,22191.8,-1.33863,0.83537,4,-0.0868632,-2.5904,0.192848,-0.366575,-1.1808,-4,1.09165,-5.277,-11.0251,-33.9542
2017-04-05,28.56,5.22803,77.4141,22191.8,-1.55287,0.845064,4,-0.515339,-2.5904,-0.575919,-0.454758,-1.1808,-4,0.984208,-5.23232,-10.8991,-34.0077
2017-04-06,28.46,5.34254,77.4141,22191.8,-1.68629,0.789302,4,-0.782186,-2.5904,-1.1567,-0.407674,-1.1808,-4,0.245493,-5.10564,-10.6565,-33.694
2017-04-07,28.463,5.20045,77.4141,22191.8,-1.52743,0.782089,4,-0.464453,-2.5904,-0.47674,-0.452167,-1.1808,-4,-0.108532,-4.95552,-10.5015,-33.6523
2017-04-10,28.464,5.15513,77.4141,22191.8,-1.49513,0.782015,4,-0.399852,-2.5904,-0.333273,-0.46643,-1.1808,-4,-0.392766,-4.81377,-10.3595,-33.6519
2017-04-11,28.5,5.1195,77.4141,22191.8,-1.49663,0.781102,4,-0.402863,-2.5904,-0.32767,-0.478057,-1.1808,-4,-0.676711,-4.67948,-10.2161,-33.6466
2017-04-12,28.525,5.05813,77.4141,22191.8,-1.48826,0.821226,4,-0.386113,-2.5904,-0.274486,-0.49774,-1.1808,-4,-0.574307,-4.5863,-10.1428,-33.8754
2017-04-18,28.442,4.89461,77.1542,22076.2,-1.52073,0.893933,4,-0.366795,-2.67467,-0.19339,-0.540201,-1.34934,-4,-0.120386,-4.52536,-10.1891,-34.2713
2017-04-19,28.455,4.87029,77.1542,22076.2,-1.50869,0.924609,4,-0.34272,-2.67467,-0.149336,-0.536105,-1.34934,-4,0.101789,-4.43615,-10.3093,-34.4317
2017-04-20,28.456,4.77268,77.1542,22076.2,-1.4483,0.973777,4,-0.357932,-2.53867,-0.149334,-0.56653,-1.27673,-3.80061,0.356175,-4.36159,-10.4257,-34.5951
2017-04-21,28.463,4.62035,77.1542,22076.2,-1.49116,1.00221,4,-0.443645,-2.53867,-0.272286,-0.615004,-1.27673,-3.80061,0.483138,-4.32266,-10.5097,-34.6486
2017-04-24,28.394,4.68715,77.1542,22076.2,-1.58841,0.985217,4,-0.638143,-2.53867,-0.6854,-0.590887,-1.27673,-3.80061,0.241097,-4.25107,-10.5261,-34.4787
2017-04-25,28.257,4.36587,77.1542,22076.2,-1.67298,0.877309,4,-0.807292,-2.53867,-0.928187,-0.686397,-1.27673,-3.80061,-0.653417,-4.22861,-10.3987,-33.842
2017-04-26,28.123,4.46346,77.1542,22076.2,-1.82625,0.77977,4,-1.11383,-2.53867,-1.58369,-0.643977,-1.27673,-3.80061,-1.51644,-4.21051,-10.2736,-33.2197
2017-04-27,28.114,4.44112,77.1542,22076.2,-1.8309,0.677384,4,-1.12314,-2.53867,-1.62381,-0.622465,-1.27673,-3.80061,-2.51046,-4.16763,-10.1228,-32.5217
2017-04-28,28.123,4.43921,77.1542,22076.2,-1.82267,0.602401,4,-1.10666,-2.53867,-1.61204,-0.601288,-1.27673,-3.80061,-3.31775,-4.12184,-10.0088,-31.9492
2017-05-02,28.114,3.49042,77.1542,22076.2,-1.82939,0.508906,4,-1.12011,-2.53867,-1.34273,-0.897486,-1.27673,-3.80061,-4.21746,-4.24229,-9.83574,-31.1956
2017-05-03,28.007,3.51934,77.1542,22076.2,-1.78889,0.452272,4,-1.03911,-2.53867,-1.20922,-0.868995,-1.27673,-3.80061,-4.82548,-4.32364,-9.7314,-30.6672
2017-05-04,27.981,3.13866,77.1542,22076.2,-1.69283,0.412144,4,-0.846993,-2.53867,-0.722154,-0.971832,-1.27673,-3.80061,-5.17062,-4.50998,-9.6599,-30.2474
2017-05-05,27.823,3.54986,77.1542,22076.2,-1.82119,0.368456,4,-1.1037,-2.53867,-1.38176,-0.825652,-1.27673,-3.80061,-5.66499,-4.62612,-9.56899,-29.7714
2017-05-08,28.038,4.6989,77.1542,22076.2,-1.49049,0.354874,4,-0.442322,-2.53867,-0.455476,-0.429167,-1.27673,-3.80061,-5.88711,-4.62966,-9.56353,-29.5648
2017-05-09,28.091,4.77921,77.1542,22076.2,-1.40827,0.367796,4,-0.277879,-2.53867,-0.178717,-0.377041,-1.27673,-3.80061,-5.75987,-4.61936,-9.64037,-29.6126
2017-05-10,28.06,4.6755,77.1542,22076.2,-1.32826,0.401626,4,-0.117846,-2.53867,0.160223,-0.395915,-1.27673,-3.80061,-5.31112,-4.66319,-9.77841,-29.8457
2017-05-11,28.042,4.66577,77.1542,22076.2,-1.31815,0.422666,4,-0.0976319,-2.53867,0.193385,-0.388649,-1.27673,-3.80061,-5.0831,-4.66712,-9.87576,-29.9514
2017-05-12,27.989,4.67317,77.1542,22076.2,-1.19792,0.45424,4,0.142821,-2.53867,0.672227,-0.386586,-1.27673,-3.80061,-4.73318,-4.67673,-10,-30.1358
2017-05-15,28.056,4.75688,77.1651,22141.5,-1.31133,0.474975,4,-0.176723,-2.44594,-0.00587411,-0.347571,-1.26964,-3.62224,-4.63218,-4.6509,-10.0899,-30.152
2017-05-16,28.073,4.74528,77.1651,22141.5,-1.35068,0.490912,4,-0.255414,-2.44594,-0.170653,-0.340174,-1.26964,-3.62224,-4.60995,-4.60746,-10.1663,-30.1254
2017-05-17,28.108,4.72905,77.1651,22141.5,-1.26299,0.522057,4,-0.0956962,-2.43028,0.131218,-0.32261,-1.23831,-3.62224,-4.5158,-4.556,-10.2,-30.2061
2017-05-18,28.359,5.80245,77.1651,22141.5,-0.861204,0.608183,4,0.692954,-2.41536,1.35557,0.0303377,-1.20848,-3.62224,-3.99171,-4.41461,-10.3422,-30.6432
2017-05-19,28.259,5.92275,77.1651,22141.5,-0.903968,0.690093,4,0.607425,-2.41536,1.14483,0.0700168,-1.20848,-3.62224,-3.52249,-4.22446,-10.4855,-31.0775
2017-05-23,28.218,5.93085,77.1651,22141.5,0.213521,1.01296,4,0.362031,0.0650113,0.651226,0.0728353,-0.0588168,0.188839,-3.30918,-4.15161,-10.518,-31.0083
2017-05-24,28.238,5.8953,77.1651,22141.5,0.212837,1.49028,4,0.360663,0.0650113,0.660101,0.0612251,-0.0588168,0.188839,-2.88081,-4.09201,-10.5673,-30.9696
2017-05-25,28.246,5.64472,77.1651,22141.5,0.16611,2.1656,4,0.26721,0.0650113,0.533198,0.00122084,-0.0588168,0.188839,-2.33967,-4.00224,-10.6083,-30.8842
2017-05-26,28.252,5.36042,77.1651,22141.5,-0.132584,3.00042,4,-0.330179,0.0650113,-0.578204,-0.0821547,-0.0588168,0.188839,-1.9508,-3.93498,-10.57,-30.5438
2017-05-29,28.252,5.35727,77.1651,22141.5,-0.0150745,4.17545,4,-0.0951603,0.0650113,-0.120142,-0.0701787,-0.0588168,0.188839,-1.24443,-3.86714,-10.5331,-30.1799
2017-05-30,28.256,5.35732,77.1651,22141.5,0.0369852,5.73972,4,0.00895918,0.0650113,0.0845387,-0.0666204,-0.0588168,0.188839,-0.33537,-3.7891,-10.4587,-29.6771
2017-05-31,28.292,5.36523,77.1651,22141.5,0.056745,7.76377,4,0.0484786,0.0650113,0.158133,-0.0611753,-0.0588168,0.188839,0.566373,-3.4989,-10.3272,-28.9765
2017-06-01,28.352,5.16939,77.1651,22141.5,0.099943,10.2925,4,0.137115,0.0627714,0.397921,-0.123692,-0.0632966,0.188839,1.6403,-3.21198,-10.12,-28.0158
2017-06-02,28.313,5.18949,77.1651,22141.5,0.0444849,13.1039,4,0.0415833,0.0473865,0.191173,-0.108007,-0.0688708,0.163644,2.34002,-2.77952,-9.78631,-26.6703
2017-06-05,28.35,4.63593,77.1651,22141.5,0.026934,16.633,4,0.0380949,0.0157732,0.362915,-0.286726,-0.0692303,0.100777,3.69123,-2.52645,-9.38627,-25.1456
2017-06-06,28.419,3.9425,77.1651,22141.5,0.0438779,19.99,4,0.0719825,0.0157732,0.665253,-0.521288,-0.0692303,0.100777,4.64503,-2.68228,-8.82407,-23.1486
2017-06-07,28.494,3.98173,77.1651,22141.5,0.0923163,23.6387,4,0.168859,0.0157732,0.844205,-0.506486,-0.0692303,0.100777,5.56091,-2.86129,-8.17406,-20.8869
2017-06-08,28.518,3.92348,77.1651,22141.5,0.0457724,27.2779,4,0.0757715,0.0157732,0.676521,-0.524978,-0.0692303,0.100777,6.0946,-3.02982,-7.43138,-18.3555
2017-06-09,28.491,3.93994,77.1651,22141.5,0.0615388,31.1919,4,0.107304,0.0157732,0.732911,-0.518302,-0.0692303,0.100777,6.64504,-3.19367,-6.62464,-15.6348
2017-06-12,28.366,4.25427,77.1651,22141.5,-0.0973689,34.4772,4,-0.210511,0.0157732,-0.0125396,-0.408482,-0.0692303,0.100777,6.18317,-3.25347,-5.74287,-12.7096
2017-06-13,28.367,4.20976,77.1651,22141.5,-0.1801,37.9805,4,-0.375973,0.0157732,-0.327222,-0.424723,-0.0692303,0.100777,5.98958,-3.35143,-4.83114,-9.8265
2017-06-14,28.286,4.38006,77.0213,22053.4,-0.416373,40.9518,4,-0.707433,-0.125312,-1.04703,-0.367834,-0.173679,-0.0769446,5.3145,-3.39694,-3.96873,-6.99704
2017-06-15,28.311,4.37241,77.0213,22053.4,-0.409601,43.7124,4,-0.706487,-0.112714,-1.04159,-0.371385,-0.173679,-0.0517491,4.37603,-3.45238,-3.11294,-4.0983
2017-06-16,28.295,2.99788,77.0213,22053.4,-0.514234,44.8444,4,-0.915754,-0.112714,-0.99152,-0.839987,-0.173679,-0.0517491,2.45303,-4.17242,-2.26674,-1.16944
2017-06-20,28.323,2.73166,77.0213,22053.4,-0.360525,46.6256,4,-0.608337,-0.112714,-0.285925,-0.930748,-0.173679,-0.0517491,1.27917,-5.00293,-1.41853,1.76789
2017-06-21,28.368,2.7137,77.0213,22053.4,-0.306565,44.9208,4,-0.509446,-0.103685,-0.0820219,-0.93687,-0.155621,-0.0517491,0.674544,-5.82525,-1.49595,1.56745
2017-06-22,28.379,2.70914,77.0213,22053.4,-0.518282,42.5407,4,-0.298557,-0.738007,0.341314,-0.938427,-0.222282,-1.25373,0.411214,-6.62588,-1.62515,0.380538
2017-06-23,28.351,2.74431,77.0213,22053.4,-0.577868,40.1464,4,-0.417729,-0.738007,0.0909779,-0.926435,-0.222282,-1.25373,0.0486678,-7.35312,-1.75126,-0.797857
2017-06-26,28.333,2.75966,77.0213,22053.4,-0.575445,38.738,4,-0.421162,-0.729729,0.0788807,-0.921204,-0.205725,-1.25373,0.582762,-8.01156,-1.86505,-1.96818
2017-06-27,28.35,2.76374,77.0213,22053.4,-0.584479,36.9489,4,-0.447508,-0.72145,0.0247953,-0.919812,-0.189168,-1.25373,0.697253,-8.66073,-1.96161,-3.12606
2017-06-28,28.369,2.7693,77.0213,22053.4,-0.614389,34.9365,4,-0.507327,-0.72145,-0.0967377,-0.917917,-0.189168,-1.25373,0.547084,-9.2904,-2.054,-4.26617
2017-06-29,28.417,2.7946,77.0213,22053.4,-0.569091,33.0421,4,-0.416732,-0.72145,0.0758262,-0.90929,-0.189168,-1.25373,0.477572,-9.9032,-2.14384,-5.38846
2017-06-30,28.495,2.85869,77.0213,22053.4,-0.44018,31.4411,4,-0.158909,-0.72145,0.569623,-0.887441,-0.189168,-1.25373,0.610588,-10.4432,-2.22944,-6.49686
2017-07-03,28.591,2.99264,77.0213,22053.4,-0.297845,30.444,4,0.12576,-0.72145,1.0933,-0.841776,-0.189168,-1.25373,1.32012,-10.9753,-2.31433,-7.58658
2017-07-04,28.721,3.31231,77.0213,22053.4,-0.142797,29.9548,4,0.435856,-0.72145,1.6045,-0.732793,-0.189168,-1.25373,2.29508,-11.301,-2.4034,-8.63585
2017-07-05,28.891,3.75881,77.0213,22053.4,0.0661004,30.0187,4,0.853651,-0.72145,2.28952,-0.582218,-0.189168,-1.25373,3.57568,-11.3525,-2.49865,-9.70585
2017-07-06,29.043,4.03032,77.0213,22053.4,0.203904,30.3401,4,1.12926,-0.72145,2.7488,-0.490283,-0.189168,-1.25373,5.08429,-11.3572,-2.59716,-10.7898
2017-07-07,28.939,4.34135,77.0213,22053.4,0.020621,30.2676,4,0.762692,-0.72145,1.91216,-0.386777,-0.189168,-1.25373,6.05736,-11.2443,-2.69088,-11.8547
2017-07-10,28.935,4.30921,77.0213,22053.4,-0.0988101,29.8066,4,0.52383,-0.72145,1.44907,-0.40141,-0.189168,-1.25373,6.60761,-11.1272,-2.7793,-12.8945
2017-07-11,28.841,4.14321,77.0213,22053.4,-0.367313,29.0379,4,-0.0131756,-0.72145,0.435373,-0.461724,-0.189168,-1.25373,6.93332,-11.126,-2.86262,-13.9068
2017-07-12,28.724,4.4888,77.0213,22053.4,-0.660939,27.6921,4,-0.600427,-0.72145,-0.858828,-0.342026,-0.189168,-1.25373,6.46939,-10.9812,-2.9353,-14.8608
2017-07-13,28.775,4.30943,77.0213,22053.4,-0.780984,26.6924,4,-0.852837,-0.709132,-1.29778,-0.407897,-0.189168,-1.2291,6.23789,-10.9487,-2.93031,-15.6665
2017-07-14,28.638,4.74996,77.0213,22053.4,-0.774026,25.7117,4,-0.851238,-0.696814,-1.44856,-0.253919,-0.189168,-1.20446,5.88715,-10.7922,-2.92453,-16.4586
2017-07-17,28.635,4.73811,76.8917,22021.7,-0.818575,24.9074,4,-0.849856,-0.787295,-1.44096,-0.258749,-0.283342,-1.29125,5.51238,-10.2909,-2.99313,-17.321
2017-07-19,28.62,4.75193,76.8917,22021.7,-0.714994,23.9877,4,-0.668806,-0.761183,-1.08359,-0.254017,-0.231118,-1.29125,4.871,-9.71131,-3.0179,-18.1541
2017-07-21,28.494,5.04183,76.8917,22021.7,-0.550249,23.3663,4,-0.637726,-0.462772,-1.12489,-0.150564,0.00496394,-0.930509,4.05971,-9.07257,-2.88282,-18.738
2017-07-24,28.484,5.04542,76.8917,22021.7,-0.607895,23.1401,4,-0.77372,-0.44207,-1.39685,-0.150587,0.00496394,-0.889104,2.7393,-8.46195,-2.70624,-18.431
2017-07-25,28.494,5.02652,76.8917,22021.7,-0.443775,23.4791,4,-0.445507,-0.442044,-0.732277,-0.158736,0.00496394,-0.889052,2.12244,-7.90154,-2.54086,-18.201
2017-07-26,28.442,5.07198,76.8917,22021.7,-0.486012,23.7067,4,-0.547819,-0.424204,-0.95309,-0.142549,0.00496394,-0.853372,1.34279,-7.32369,-2.38517,-17.9273
2017-07-27,28.357,5.19257,76.8917,22021.7,-0.545922,23.8052,4,-0.684081,-0.407762,-1.26941,-0.0987543,0.00496394,-0.820489,0.360884,-6.70535,-2.23943,-17.6109
2017-07-28,28.312,5.21645,76.8917,22021.7,-0.450353,24.2267,4,-0.492944,-0.407762,-0.895358,-0.0905293,0.00496394,-0.820489,-0.246347,-6.09515,-2.09825,-17.3335
2017-07-31,28.251,5.22001,76.8917,22021.7,-0.493122,24.4233,4,-0.60862,-0.377623,-1.12732,-0.0899255,0.00496394,-0.76021,-1.16437,-5.47851,-1.95304,-16.9808
2017-08-01,28.304,5.16194,76.8917,22021.7,-0.434996,24.4367,4,-0.518383,-0.351609,-0.924778,-0.111987,0.00496394,-0.708182,-2.30442,-4.8875,-1.80514,-16.5662
2017-08-02,28.374,5.08621,76.8917,22021.7,-0.304861,24.4185,4,-0.258147,-0.351575,-0.375927,-0.140367,0.00496394,-0.708115,-3.42473,-4.35191,-1.65685,-16.148
2017-08-03,28.377,4.7501,76.8917,22021.7,-0.237541,24.1735,4,-0.123541,-0.351542,0.0191543,-0.266236,0.00496394,-0.708048,-4.62601,-3.98926,-1.50621,-15.705
2017-08-04,28.427,4.1928,76.8917,22021.7,-0.182192,23.5378,4,-0.0128416,-0.351542,0.449412,-0.475096,0.00496394,-0.708048,-5.99978,-3.88998,-1.35224,-15.2202
2017-08-07,28.615,4.46846,76.8917,22021.7,0.121391,23.3286,4,0.594323,-0.351542,1.56151,-0.372866,0.00496394,-0.708048,-6.88913,-3.79515,-1.20324,-14.7839
2017-08-08,28.619,4.34795,76.8917,22021.7,0.0547954,23.4151,4,0.461133,-0.351542,1.34037,-0.418102,0.00496394,-0.708048,-7.32653,-3.82129,-1.057,-14.3801
2017-08-09,28.764,4.78295,76.8917,22021.7,0.179158,24.1254,4,0.709857,-0.351542,1.66978,-0.250066,0.00496394,-0.708048,-7.19602,-3.72565,-0.914638,-14.0383
2017-08-10,28.849,4.78117,76.8917,22021.7,0.270464,25.7985,4,0.89247,-0.351542,2.03251,-0.24757,0.00496394,-0.708048,-6.04749,-3.60265,-0.775484,-13.7759
2017-08-11,28.895,4.55757,76.8917,22021.7,0.245456,28.2757,4,0.842455,-0.351542,2.01119,-0.326284,0.00496394,-0.708048,-3.8946,-3.64308,-0.635222,-13.5514
2017-08-14,28.765,4.82532,76.0533,21778.3,-0.352214,29.4861,4,0.192539,-0.896968,0.600293,-0.215215,-0.599125,-1.19481,-2.42752,-3.51471,-0.961434,-13.6102
2017-08-15,28.533,5.37327,76.0533,21778.3,-0.562734,30.0913,4,-0.22895,-0.896519,-0.456328,-0.00157254,-0.599125,-1.19391,-1.65262,-3.32626,-1.28745,-13.6424
2017-08-16,28.609,5.46745,76.0533,21778.3,-0.663529,30.5388,4,-0.36232,-0.964738,-0.75861,0.0339697,-0.60706,-1.32242,-1.11712,-3.10211,-1.5459,-13.696
2017-08-17,28.592,5.46832,76.0533,21778.3,-0.776018,30.3623,4,-0.587299,-0.964738,-1.2089,0.0342998,-0.60706,-1.32242,-1.2151,-2.87197,-1.84134,-13.7093
2017-08-18,28.677,5.31261,76.0533,21778.3,-0.731129,29.8418,4,-0.518701,-0.943558,-1.01603,-0.0213748,-0.5647,-1.32242,-1.12635,-2.76307,-2.28523,-13.9835
2017-08-21,28.81,5.51907,76.0533,21778.3,-0.411947,30.4059,4,0.0984842,-0.922378,0.140227,0.0567416,-0.522341,-1.32242,0.084025,-2.6069,-2.70771,-14.3636
2017-08-22,28.712,5.69713,76.0533,21778.3,-0.234844,31.0124,4,0.427906,-0.897594,0.731328,0.124485,-0.526453,-1.26873,1.24293,-2.39001,-3.13601,-14.7045
2017-08-23,28.907,6.06072,76.0533,21778.3,-0.0606733,32.2633,4,0.751496,-0.872843,1.24046,0.262529,-0.530632,-1.21505,2.9957,-2.08059,-3.57941,-15.0724
2017-08-24,28.812,6.08647,76.0533,21778.3,-0.144624,33.4621,4,0.583862,-0.873109,0.89542,0.272304,-0.531165,-1.21505,4.74143,-1.79379,-4.02533,-15.4602
2017-08-28,28.728,6.17338,76.0533,21778.3,-0.321778,33.8499,4,0.22982,-0.873377,0.154341,0.3053,-0.5317,-1.21505,5.5891,-1.47937,-4.46105,-15.7988
2017-08-29,28.769,6.08153,76.0533,21778.3,-0.431565,34.0362,4,0.0102462,-0.873377,-0.249936,0.270429,-0.5317,-1.21505,6.29615,-1.19157,-4.89424,-16.1742
2017-08-30,28.843,6.10113,76.0533,21778.3,-0.242248,34.6219,4,0.390853,-0.87535,0.503837,0.277869,-0.538061,-1.21264,7.4568,-0.880943,-5.34066,-16.6133
2017-08-31,28.849,6.07884,76.0533,21778.3,-0.450911,34.1777,4,-0.0276741,-0.874148,-0.324756,0.269408,-0.538061,-1.21023,7.48605,-0.550948,-5.76768,-16.9897
2017-09-01,28.831,6.09587,76.0533,21778.3,-0.365064,33.7917,4,0.14402,-0.874148,0.0121666,0.275874,-0.538061,-1.21023,7.46985,-0.116061,-6.19435,-17.3678
2017-09-04,28.82,6.09823,76.0533,21778.3,-0.2847,33.4826,4,0.304747,-0.874148,0.332724,0.27677,-0.538061,-1.21023,7.36783,0.485447,-6.62147,-17.7492
2017-09-05,28.776,5.72509,76.0533,21778.3,-0.413135,31.8893,4,0.0478777,-0.874148,-0.0393448,0.1351,-0.538061,-1.21023,6.04837,0.886024,-7.01058,-18.0345
2017-09-06,28.824,5.74573,76.0533,21778.3,-0.438546,30.4478,4,-0.00294511,-0.874148,-0.148826,0.142936,-0.538061,-1.21023,4.83355,1.32331,-7.39419,-18.3149
2017-09-07,28.852,5.47968,76.0533,21778.3,-0.437939,28.6868,4,-0.00172943,-0.874148,-0.0453859,0.0419271,-0.538061,-1.21023,3.44885,1.54028,-7.75456,-18.5478
2017-09-08,28.784,5.44415,76.0533,21778.3,-0.494738,26.5726,4,-0.115328,-0.874148,-0.256049,0.0253924,-0.538061,-1.21023,1.63793,1.7331,-8.08247,-18.716
2017-09-11,28.817,5.42784,76.0533,21778.3,-0.448127,24.727,4,-0.0221066,-0.874148,-0.0553649,0.0111517,-0.538061,-1.21023,0.0391911,1.97068,-8.40268,-18.8802
2017-09-12,28.852,5.19115,76.0533,21778.3,-0.386176,24.6384,4,0.101796,-0.874148,0.283133,-0.0795411,-0.538061,-1.21023,-0.2031,2.07313,-8.35099,-18.8807
2017-09-13,29.007,4.50755,76.0533,21778.3,-0.325243,25.2613,4,0.200725,-0.851211,0.743467,-0.342017,-0.492188,-1.21023,0.716355,1.82063,-8.30377,-18.9719
2017-09-14,29.011,4.45994,75.9481,21887.5,-0.309727,26.2046,4,0.139176,-0.758629,0.639077,-0.360725,-0.525044,-0.992214,1.79921,1.52701,-8.29044,-18.8312
2017-09-15,28.918,4.65299,75.9481,21887.5,-0.246845,27.6483,4,0.122862,-0.616552,0.532413,-0.286689,-0.41482,-0.818285,3.16982,1.29027,-8.21178,-18.6
2017-09-18,28.892,4.59035,75.9481,21887.5,-0.316556,28.8059,4,-0.0179141,-0.615198,0.276114,-0.311942,-0.412189,-0.818208,4.20181,1.07085,-8.14418,-18.3226
2017-09-19,28.906,4.30806,75.9481,21887.5,-0.324918,29.0518,4,-0.119161,-0.530676,0.184715,-0.423036,-0.250075,-0.811278,4.24206,0.695984,-7.94109,-17.9452
2017-09-20,28.887,4.11161,75.9481,21887.5,-0.487504,28.3407,4,-0.531139,-0.443869,-0.561365,-0.500914,-0.0879616,-0.799777,3.21627,0.204787,-7.56879,-17.5116
2017-09-21,28.916,3.34764,75.9481,21887.5,-0.53179,27.0374,4,-0.622054,-0.441526,-0.445859,-0.798249,-0.0879616,-0.79509,1.88497,-0.619385,-7.17019,-17.058
2017-09-22,28.87,3.17482,75.9481,21887.5,-0.478679,26.1318,4,-0.551601,-0.405758,-0.237693,-0.865509,-0.0879616,-0.723554,1.00071,-1.49363,-6.78929,-16.586
2017-09-25,28.896,2.97618,75.9481,21887.5,-0.422687,25.8613,4,-0.475384,-0.36999,-0.00794981,-0.942818,-0.0879616,-0.652017,0.874054,-2.45217,-6.43613,-16.1244
2017-09-26,28.953,3.0098,75.9481,21887.5,-0.372857,26.0185,4,-0.375724,-0.36999,0.178287,-0.929735,-0.0879616,-0.652017,1.20498,-3.37964,-6.10046,-15.7064
2017-09-27,29.147,3.69314,75.9481,21887.5,-0.0677877,26.4885,4,0.213109,-0.348685,1.09263,-0.666413,-0.0879616,-0.609408,1.66361,-4.11937,-5.77021,-15.2856
2017-09-28,29.191,3.70719,75.9481,21887.5,-0.0422931,27.6058,4,0.24398,-0.328566,1.15316,-0.665199,-0.090334,-0.566798,2.82447,-4.87362,-5.45973,-14.8853
2017-09-29,28.98,4.6278,75.9481,21887.5,-0.127685,28.2654,4,0.0718751,-0.327245,0.448276,-0.304526,-0.090334,-0.564156,3.17538,-5.3447,-5.13006,-14.4352
2017-10-02,29.13,4.9345,75.9481,21887.5,0.0341088,29.163,4,0.394142,-0.325924,0.971766,-0.183482,-0.090334,-0.561515,3.69184,-5.73117,-4.80308,-13.9946
2017-10-03,29.187,4.89611,75.9481,21887.5,0.0269918,30.4234,4,0.379908,-0.325924,0.958708,-0.198892,-0.090334,-0.561515,4.50274,-6.03046,-4.47943,-13.5694
2017-10-04,29.195,4.88493,75.9481,21887.5,-0.171928,31.1986,4,-0.0179324,-0.325924,0.167772,-0.203637,-0.090334,-0.561515,4.76965,-6.32656,-4.14066,-13.1038
2017-10-05,29.209,4.88362,75.9481,21887.5,-0.205518,31.8813,4,-0.085111,-0.325924,0.0346199,-0.204842,-0.090334,-0.561515,4.84748,-6.54156,-3.79723,-12.6274
2017-10-06,29.193,4.77848,75.9481,21887.5,-0.0140443,33.3126,4,0.297836,-0.325924,0.842967,-0.247296,-0.090334,-0.561515,5.7542,-6.79766,-3.46149,-12.1825
2017-10-09,29.233,4.78186,75.9481,21887.5,-0.129545,34.2749,4,0.0668346,-0.325924,0.381353,-0.247683,-0.090334,-0.561515,6.12519,-7.02971,-3.11476,-11.7058
2017-10-10,29.347,4.91155,75.9481,21887.5,-0.0566712,35.2811,4,0.212582,-0.325924,0.622179,-0.197015,-0.090334,-0.561515,6.41947,-7.14878,-2.7652,-11.2244
2017-10-11,29.326,4.63784,75.9481,21887.5,-0.11471,35.9294,4,0.0965049,-0.325924,0.500728,-0.307719,-0.090334,-0.561515,6.23717,-7.13615,-2.44685,-10.7247
2017-10-12,29.408,4.70205,75.9481,21887.5,-0.0388765,36.7695,4,0.248171,-0.325924,0.778088,-0.281745,-0.090334,-0.561515,6.3656,-7.09059,-2.10156,-10.4039
2017-10-13,29.413,4.4789,75.9481,21887.5,-0.0393574,37.4174,4,0.247209,-0.325924,0.857838,-0.363419,-0.090334,-0.561515,6.64109,-7.16593,-1.84255,-10.2152
2017-10-17,29.437,4.43124,75.7973,21659,-0.199309,37.7851,4,0.205837,-0.604455,0.791061,-0.379386,-0.197478,-1.01143,7.06544,-7.22785,-1.67026,-10.3822
2017-10-18,29.522,4.48047,75.7973,21659,-0.184491,38.227,4,0.150458,-0.519441,0.657789,-0.356873,-0.089099,-0.949782,7.45783,-7.18256,-1.54149,-10.5068
2017-10-19,29.605,4.4737,75.7973,21659,-0.0797348,39.5186,4,0.359971,-0.519441,1.07795,-0.358011,-0.089099,-0.949782,8.81663,-7.08875,-1.54727,-10.6621
2017-10-20,29.665,4.4816,75.7973,21659,-0.0985632,40.9035,4,0.315796,-0.512923,0.985775,-0.354183,-0.089099,-0.936746,10.0121,-6.7468,-1.55274,-10.8091
2017-10-23,29.647,4.41099,75.7973,21659,-0.125696,42.0404,4,0.255188,-0.506581,0.890129,-0.379753,-0.089099,-0.924064,10.9563,-6.36318,-1.55691,-10.9958
2017-10-24,29.693,4.40866,75.7973,21659,-0.102483,43.0776,4,0.301616,-0.506581,0.977394,-0.374162,-0.089099,-0.924064,11.7824,-5.90737,-1.56041,-11.237
2017-10-25,29.502,5.1975,75.7973,21659,-0.299187,43.3169,4,-0.0917935,-0.506581,-0.128474,-0.0551131,-0.089099,-0.924064,11.5348,-5.19196,-1.56188,-11.464
2017-10-26,29.406,4.93242,75.7973,21659,-0.506955,41.8941,4,-0.507329,-0.506581,-0.852332,-0.162325,-0.089099,-0.924064,9.91707,-4.76774,-1.55931,-11.6959
2017-10-27,29.414,4.91647,75.7973,21659,-0.55776,40.2377,4,-0.609609,-0.505911,-1.05419,-0.165025,-0.089099,-0.922724,8.08465,-4.34451,-1.55335,-11.9491
2017-10-30,29.226,4.7492,75.7973,21659,-0.745426,38.2758,4,-0.985611,-0.505241,-1.74042,-0.230802,-0.089099,-0.921384,6.27011,-4.26472,-1.54522,-12.1844
2017-10-31,29.176,4.45714,75.7973,21659,-0.837558,35.5588,4,-1.23572,-0.439397,-2.12481,-0.346624,-0.089099,-0.789696,3.72576,-4.36259,-1.53206,-12.2723
2017-11-01,29.23,4.45139,75.7973,21659,-0.554968,33.7839,4,-0.736382,-0.373553,-1.12974,-0.343019,-0.089099,-0.658008,2.03044,-4.45107,-1.52162,-12.2738
2017-11-03,29.199,4.46861,75.7973,21659,-0.482644,32.8505,4,-0.591734,-0.373553,-0.862011,-0.321458,-0.089099,-0.658008,1.20151,-4.52909,-1.51516,-12.3067
2017-11-06,29.196,4.46522,75.7973,21659,-0.490566,32.0036,4,-0.607579,-0.373553,-0.902166,-0.312992,-0.089099,-0.658008,0.452494,-4.59934,-1.50892,-12.3407
2017-11-07,29.209,4.46363,75.7973,21659,-0.286884,31.2015,4,-0.200214,-0.373553,-0.0877678,-0.31266,-0.089099,-0.658008,-0.286532,-4.6351,-1.50268,-12.3741
2017-11-08,29.181,4.44728,75.7973,21659,-0.265616,30.8048,4,-0.157679,-0.373553,0.001955,-0.317314,-0.089099,-0.658008,-0.586085,-4.68185,-1.499,-12.4282
2017-11-09,29.213,4.22026,75.7973,21659,-0.309144,30.0747,4,-0.244735,-0.373553,-0.083489,-0.40598,-0.089099,-0.658008,-1.14028,-4.83049,-1.49289,-12.4616
2017-11-10,29.249,4.24698,75.7973,21659,-0.239369,29.7171,4,-0.105185,-0.373553,0.184802,-0.395172,-0.089099,-0.658008,-1.38687,-4.89088,-1.48931,-12.5158
2017-11-13,29.322,4.22088,75.7973,21659,-0.165502,29.3559,4,0.0425499,-0.373553,0.490828,-0.405729,-0.089099,-0.658008,-1.60998,-4.97944,-1.48566,-12.5691
2017-11-14,29.401,4.33912,75.2552,21533.9,0.0238841,29.536,4,0.196455,-0.148687,0.75161,-0.358699,0.138614,-0.435988,-1.69495,-4.98024,-1.30703,-12.4818
2017-11-15,29.513,4.54027,75.2552,21533.9,0.183358,30.6369,4,0.515403,-0.148687,1.30861,-0.277801,0.138614,-0.435988,-1.29495,-4.92645,-1.04837,-12.0934
2017-11-16,29.41,4.59138,75.2552,21533.9,0.0513475,31.3242,4,0.251382,-0.148687,0.759963,-0.257199,0.138614,-0.435988,-1.21799,-4.86282,-0.871121,-11.7239
2017-11-17,29.386,4.45578,75.2552,21533.9,-0.0245464,31.486,4,0.0995944,-0.148687,0.511767,-0.312578,0.138614,-0.435988,-1.66803,-4.83025,-0.691091,-11.3246
2017-11-20,29.406,4.3849,75.2552,21533.9,-0.0871156,31.5196,4,-0.0255439,-0.148687,0.290735,-0.341823,0.138614,-0.435988,-2.21976,-4.82116,-0.510515,-10.929
2017-11-21,29.366,4.3969,75.2552,21533.9,-0.203698,31.2909,4,-0.258709,-0.148687,-0.179928,-0.337491,0.138614,-0.435988,-3.0657,-4.7828,-0.329505,-10.5311
2017-11-22,29.353,4.33149,75.2552,21533.9,-0.334004,30.6164,4,-0.51932,-0.148687,-0.674001,-0.36464,0.138614,-0.435988,-4.36127,-4.76062,-0.148553,-10.1131
2017-11-23,29.217,4.04395,75.2552,21533.9,-0.395247,30.3385,4,-0.641806,-0.148687,-0.801234,-0.482378,0.138614,-0.435988,-4.88652,-5.09161,0.0313483,-9.71477
2017-11-24,29.095,4.1403,75.2552,21533.9,-0.481507,30.412,4,-0.814328,-0.148687,-1.18557,-0.443089,0.138614,-0.435988,-5.15129,-5.31503,0.21113,-9.33283
2017-11-27,28.971,4.33291,75.2552,21533.9,-0.603891,30.2788,4,-1.05909,-0.148687,-1.75346,-0.364729,0.138614,-0.435988,-5.69974,-5.46924,0.390654,-8.94292
2017-11-28,28.938,3.79081,75.2552,21533.9,-0.65063,30.5528,4,-1.15257,-0.148687,-1.71695,-0.588199,0.138614,-0.435988,-5.68856,-5.75865,0.571048,-8.57103
2017-11-29,28.998,3.86683,75.2552,21533.9,-0.567758,31.3387,4,-0.986829,-0.148687,-1.41509,-0.558573,0.138614,-0.435988,-5.14626,-5.94731,0.753628,-8.32131
2017-11-30,28.998,3.78499,75.2552,21533.9,-0.435762,31.6887,4,-0.730756,-0.140767,-0.868122,-0.59339,0.140873,-0.422407,-4.94642,-6.15523,0.937388,-8.147
2017-12-01,28.992,3.77729,75.2552,21533.9,-0.318803,32.1725,4,-0.503726,-0.13388,-0.409472,-0.597981,0.141067,-0.408827,-4.59654,-6.38793,1.12245,-7.96552
2017-12-04,28.987,3.77675,75.2552,21533.9,-0.20219,33.0312,4,-0.2705,-0.13388,0.0590913,-0.600091,0.141067,-0.408827,-3.84508,-6.63947,1.31015,-7.79438
2017-12-05,28.995,3.77244,75.2552,21533.9,-0.164077,33.3997,4,-0.194274,-0.13388,0.217008,-0.605555,0.141067,-0.408827,-3.60689,-6.88318,1.49606,-7.6063
2017-12-06,28.995,3.76786,75.2552,21533.9,-0.223471,33.5265,4,-0.313063,-0.13388,-0.0158582,-0.610267,0.141067,-0.408827,-3.62289,-7.12087,1.68091,-7.41064
2017-12-07,29.094,3.96725,75.2552,21533.9,-0.105727,34.1413,4,-0.0775745,-0.13388,0.373825,-0.528974,0.141067,-0.408827,-3.26449,-7.23576,1.8693,-7.22779
2017-12-08,28.974,4.16201,75.2552,21533.9,-0.198105,34.2665,4,-0.262329,-0.13388,-0.0749447,-0.449714,0.141067,-0.408827,-3.47433,-7.28278,2.05478,-7.03117
2017-12-11,28.954,4.01191,75.2552,21533.9,-0.228644,34.0749,4,-0.323407,-0.13388,-0.132154,-0.51466,0.141067,-0.408827,-3.97131,-7.36505,2.23786,-6.82655
2017-12-12,28.959,3.83084,75.2552,21533.9,-0.25006,33.2487,4,-0.36624,-0.13388,-0.140172,-0.592308,0.141067,-0.408827,-4.67163,-7.52888,2.23287,-6.78366
2017-12-13,28.858,3.54375,75.2552,21533.9,-0.379467,31.5768,4,-0.625054,-0.13388,-0.535742,-0.714366,0.141067,-0.408827,-6.10336,-7.82375,2.21951,-6.7156
2017-12-14,28.779,3.48635,75.2552,21533.9,-0.5902,29.7162,4,-0.983403,-0.196996,-1.22804,-0.738769,0.22335,-0.617342,-7.61504,-8.13534,2.26709,-6.80052
2017-12-15,28.733,3.48945,75.4702,21530.4,-0.47654,28.4362,4,-0.83675,-0.116329,-0.936048,-0.737452,0.391446,-0.624104,-8.69671,-8.41402,2.44983,-6.90289
2017-12-18,28.74,3.46284,75.4702,21530.4,-0.450882,27.4256,4,-0.785435,-0.116329,-0.822107,-0.748764,0.391446,-0.624104,-9.51315,-8.68335,2.63267,-7.01058
2017-12-19,28.817,3.71665,75.4702,21530.4,-0.352629,27.017,4,-0.588929,-0.116329,-0.534796,-0.643062,0.391446,-0.624104,-9.76585,-8.89978,2.82251,-7.13988
2017-12-20,28.761,3.72805,75.4702,21530.4,-0.30667,27.0918,4,-0.497012,-0.116329,-0.352676,-0.641347,0.391446,-0.624104,-9.52084,-9.11834,3.01989,-7.28894
2017-12-21,28.865,3.81372,75.4702,21530.4,-0.117809,27.8564,4,-0.122373,-0.113244,0.361094,-0.60584,0.397615,-0.624104,-8.65678,-9.25438,3.23489,-7.46736
2017-12-22,28.8,3.63068,75.4702,21530.4,-0.154271,28.7715,4,-0.198481,-0.110061,0.287508,-0.684471,0.403982,-0.624104,-7.54623,-9.48928,3.45872,-7.6517
2017-12-26,28.853,3.43352,75.4702,21530.4,-0.124851,30.1362,4,-0.151199,-0.0985027,0.466771,-0.769168,0.40664,-0.603646,-5.84766,-9.87343,3.69384,-7.83652
2017-12-27,28.814,3.44203,75.4702,21530.4,-0.231332,31.3541,4,-0.375737,-0.0869269,0.0140373,-0.76551,0.409333,-0.583187,-4.50815,-10.0696,3.92929,-7.99737
2017-12-28,28.822,3.34145,75.4702,21530.4,-0.178877,32.5022,4,-0.272429,-0.0853254,0.263859,-0.808717,0.412536,-0.583187,-3.19253,-10.3183,4.16678,-8.15382
2017-12-29,28.807,3.34027,75.4702,21530.4,-0.294059,32.9248,4,-0.502793,-0.0853254,-0.196362,-0.809224,0.412536,-0.583187,-2.66183,-10.5081,4.39069,-8.29603
2018-01-02,28.763,3.36663,75.4702,21530.4,-0.270366,33.0697,4,-0.455406,-0.0853254,-0.112911,-0.7979,0.412536,-0.583187,-2.42653,-10.6737,4.60999,-8.44001
2018-01-03,28.681,3.47584,75.4702,21530.4,-0.39051,32.5076,4,-0.695695,-0.0853254,-0.640403,-0.750987,0.412536,-0.583187,-2.97841,-10.77,4.81592,-8.55995
2018-01-04,28.653,3.46571,75.4702,21530.4,-0.381002,31.865,4,-0.676679,-0.0853254,-0.59802,-0.755337,0.412536,-0.583187,-3.61807,-10.8601,5.01872,-8.67555
2018-01-05,28.655,3.46739,75.4702,21530.4,-0.386606,31.3853,4,-0.687886,-0.0853254,-0.621154,-0.754619,0.412536,-0.583187,-4.09052,-10.952,5.22354,-8.79575
2018-01-08,28.667,3.1588,75.4702,21530.4,-0.393355,30.5472,4,-0.701385,-0.0853254,-0.51559,-0.887181,0.412536,-0.583187,-4.77758,-11.1933,5.41814,-8.90005
2018-01-09,28.694,2.94181,75.4702,21530.4,-0.347259,30.1165,4,-0.609192,-0.0853254,-0.237986,-0.980397,0.412536,-0.583187,-4.89637,-11.5888,5.6211,-9.01936
2018-01-10,28.677,2.94111,75.4702,21530.4,-0.283823,29.9579,4,-0.48232,-0.0853254,0.0160569,-0.980697,0.412536,-0.583187,-4.77586,-11.9471,5.83064,-9.1498
2018-01-11,28.626,2.96516,75.4702,21530.4,-0.303811,29.8038,4,-0.522296,-0.0853254,-0.0742244,-0.970367,0.412536,-0.583187,-4.72036,-12.2357,6.03994,-9.28016
2018-01-12,28.627,2.76262,75.4702,21530.4,-0.326542,29.9555,4,-0.567758,-0.0853254,-0.0781429,-1.05737,0.412536,-0.583187,-4.36339,-12.515,6.25827,-9.42439
2018-01-15,28.595,2.63758,75.2173,21551.2,-0.425168,30.4311,4,-0.680886,-0.169449,-0.250682,-1.11109,0.204096,-0.542995,-3.60167,-12.8374,6.25732,-9.38716
2018-01-16,28.61,2.60858,75.2173,21551.2,-0.439542,30.5381,4,-0.709634,-0.169449,-0.295721,-1.12355,0.204096,-0.542995,-3.09767,-13.1489,6.11247,-9.3278
2018-01-17,28.614,2.60642,75.2173,21551.2,-0.278098,31.0404,4,-0.667765,0.11157,-0.211056,-1.12447,0.3284,-0.10526,-2.62103,-13.4767,6.07669,-8.93857
2018-01-18,28.588,2.37895,75.2173,21551.2,-0.264039,31.2992,4,-0.665964,0.137885,-0.109739,-1.22219,0.3284,-0.05263,-2.28714,-13.9514,6.03377,-8.49595
2018-01-19,28.557,2.32375,75.2173,21551.2,-0.286448,31.3585,4,-0.737096,0.1642,-0.228289,-1.2459,0.3284,0,-2.18911,-14.4344,5.98536,-8.00334
2018-01-22,28.503,1.85115,75.2173,21551.2,-0.358075,30.6579,4,-0.880349,0.1642,-0.311775,-1.44892,0.3284,0,-2.71399,-15.055,5.91169,-7.48471
2018-01-23,28.503,1.75964,75.2173,21551.2,-0.382938,29.9977,4,-0.930076,0.1642,-0.371919,-1.48823,0.3284,0,-3.22507,-15.6413,5.83366,-6.96958
2018-01-24,28.459,1.55674,75.2173,21551.2,-0.453363,29.0607,4,-1.07093,0.1642,-0.566453,-1.5754,0.3284,0,-4.02028,-16.2004,5.74505,-6.46363
2018-01-25,28.418,1.5621,75.2173,21551.2,-0.468173,28.3937,4,-1.10055,0.1642,-0.627999,-1.57309,0.3284,0,-4.50792,-16.7748,5.66166,-5.98523
2018-01-26,28.4,1.52001,75.2173,21551.2,-0.459633,27.6127,4,-1.08347,0.1642,-0.575758,-1.59118,0.3284,0,-5.14187,-17.3115,5.57187,-5.50573
2018-01-29,28.439,1.69434,75.2173,21551.2,-0.344266,27.4742,4,-0.852733,0.1642,-0.192239,-1.51323,0.3284,0,-5.13462,-17.8453,5.50207,-5.04797
2018-01-30,28.451,1.70055,75.2173,21551.2,-0.328912,27.3131,4,-0.822024,0.1642,-0.140891,-1.50316,0.3284,0,-5.15161,-18.3766,5.43164,-4.5903
2018-01-31,28.414,1.49805,75.2173,21551.2,-0.343062,27.4436,4,-0.850324,0.1642,-0.111104,-1.58954,0.3284,0,-4.74401,-19.0423,5.37031,-4.14039
2018-02-01,28.41,1.48974,75.2173,21551.2,-0.305737,27.6513,4,-0.775675,0.1642,0.0417409,-1.59309,0.3284,0,-4.2517,-19.7167,5.31116,-3.69139
2018-02-02,28.502,1.97383,75.2173,21551.2,-0.140534,28.3357,4,-0.445268,0.1642,0.496035,-1.38657,0.3284,0,-3.395,-20.285,5.26552,-3.24975
2018-02-05,28.499,1.95837,75.2173,21551.2,-0.185265,28.9208,4,-0.53473,0.1642,0.323709,-1.39317,0.3284,0,-2.74782,-20.7445,5.21593,-2.80283
2018-02-06,28.497,1.90595,75.2173,21551.2,-0.205364,29.3229,4,-0.574929,0.1642,0.265671,-1.41553,0.3284,0,-2.35799,-21.1291,5.16064,-2.35066
2018-02-07,28.54,2.01253,75.2173,21551.2,-0.111161,29.8157,4,-0.386523,0.1642,0.597016,-1.37006,0.3284,0,-1.90646,-21.4875,5.1071,-1.89735
2018-02-08,28.664,2.50266,75.2173,21551.2,0.0720016,30.9012,4,-0.0201968,0.1642,1.12057,-1.16097,0.3284,0,-0.97089,-21.749,5.06683,-1.44568
2018-02-09,28.808,3.05646,75.2173,21551.2,0.181227,32.3946,4,0.198254,0.1642,1.32121,-0.924707,0.3284,0,0.137247,-21.7848,5.03276,-0.990625
2018-02-14,28.903,3.18056,73.3,20782.9,-0.479336,32.2339,4,0.41969,-1.37836,1.71115,-0.871768,-1.24217,-1.51456,1.69852,-21.5798,3.87838,-1.7632
2018-02-15,28.504,6.03146,73.3,20782.9,-0.391907,32.3752,4,0.222723,-1.00654,0.102627,0.342819,-0.766522,-1.24655,2.01673,-20.4247,3.10771,-2.3245
2018-02-16,28.469,6.04123,73.3,20782.9,-0.455765,31.8494,4,0.065899,-0.977429,-0.214093,0.345891,-0.734635,-1.22022,2.00987,-19.2113,2.25619,-3.2053
2018-02-19,28.473,6.03762,73.3,20782.9,-0.573984,30.9409,4,-0.176329,-0.97164,-0.696344,0.343687,-0.723057,-1.22022,1.53759,-17.8952,1.41504,-4.1165
2018-02-20,28.514,6.05508,73.3,20782.9,-0.672296,29.826,4,-0.378561,-0.96603,-1.09956,0.342439,-0.711838,-1.22022,0.843606,-16.5508,0.588685,-5.05549
2018-02-21,28.519,6.01713,73.3,20782.9,-0.765081,28.6702,4,-0.564132,-0.96603,-1.44059,0.312328,-0.711838,-1.22022,-0.0447812,-15.0753,-0.228883,-5.9808
2018-02-22,28.511,6.01813,73.3,20782.9,-0.377069,28.6868,4,0.211893,-0.96603,0.116555,0.307232,-0.711838,-1.22022,0.337539,-13.6713,-1.04309,-6.93638
2018-02-23,28.434,6.0718,73.3,20782.9,-0.412834,28.8009,4,0.140363,-0.96603,-0.0481614,0.328888,-0.711838,-1.22022,0.743648,-12.1882,-1.85839,-7.89618
2018-02-26,28.396,6.06873,73.3,20782.9,-0.449702,28.853,4,0.0535827,-0.952987,-0.218796,0.325961,-0.711838,-1.19414,1.06441,-10.7038,-2.67379,-8.83379
2018-02-27,28.355,6.08608,73.3,20782.9,-0.521233,28.6794,4,-0.111534,-0.930932,-0.553519,0.33045,-0.711838,-1.15003,1.08085,-9.19008,-3.48551,-9.72582
2018-02-28,28.356,6.06225,73.3,20782.9,-0.524534,28.1743,4,-0.127385,-0.921683,-0.568535,0.313765,-0.711838,-1.13153,0.784204,-7.73916,-4.28802,-10.5827
2018-03-01,28.41,6.10329,73.3,20782.9,-0.455983,27.8209,4,0.00971713,-0.921683,-0.309938,0.329372,-0.711838,-1.13153,0.650986,-6.2965,-5.09004,-11.4436
2018-03-02,28.448,6.10466,73.3,20782.9,-0.331609,27.8526,4,0.247871,-0.91109,0.165493,0.330249,-0.711838,-1.11034,0.866614,-4.80179,-5.90145,-12.3107
2018-03-05,28.382,6.16302,73.3,20782.9,-0.354499,27.7175,4,0.202091,-0.91109,0.0492618,0.354921,-0.711838,-1.11034,0.871815,-3.2815,-6.7069,-13.1659
2018-03-06,28.319,6.08134,73.3,20782.9,-0.385637,27.0431,4,0.139816,-0.91109,-0.0365936,0.316225,-0.711838,-1.11034,0.455361,-1.9482,-7.48778,-13.9762
2018-03-07,28.339,6.09198,73.3,20782.9,-0.365585,26.5523,4,0.179919,-0.91109,0.0425207,0.317318,-0.711838,-1.11034,0.236589,-0.619793,-8.27037,-14.7941
2018-03-08,28.349,6.09578,73.3,20782.9,-0.410749,25.9988,4,0.0895907,-0.91109,-0.130808,0.309989,-0.711838,-1.11034,-0.069772,0.712131,-9.04396,-15.5996
2018-03-09,28.358,6.06455,73.3,20782.9,-0.44465,25.1129,4,0.0217901,-0.91109,-0.243008,0.286588,-0.711838,-1.11034,-0.713087,1.97758,-9.78972,-16.3618
2018-03-12,28.365,5.81689,73.3,20782.9,-0.397949,23.8922,4,0.115191,-0.91109,0.0600775,0.170305,-0.711838,-1.11034,-1.51301,2.97271,-10.4985,-17.069
2018-03-13,28.365,5.44446,73.3,20782.9,-0.374979,22.4903,4,0.161131,-0.91109,0.322192,7.01726e-05,-0.711838,-1.11034,-2.24857,3.63727,-11.1717,-17.7267
2018-03-14,28.352,5.23146,73.3,20782.9,-0.430542,22.6114,4,0.044498,-0.905583,0.18492,-0.0959238,-0.700825,-1.11034,-3.39949,4.22467,-10.7747,-17.4391
2018-03-15,28.382,2.05477,73.3,20782.9,-0.763375,21.6989,4,-0.626673,-0.900076,0.268469,-1.52182,-0.689812,-1.11034,-3.251,2.80075,-10.6395,-17.2113
2018-03-16,28.401,2.04091,73.3,20782.9,-0.752847,20.9847,4,-0.605618,-0.900076,0.31048,-1.52172,-0.689812,-1.11034,-2.84198,1.39676,-10.5429,-17.0272
2018-03-19,28.482,2.2969,74.1716,21372.5,-0.210343,21.8608,4,-0.392057,-0.0286301,0.618294,-1.40241,-0.00811893,-0.0491412,-1.87908,0.100444,-10.0851,-16.2755
2018-03-20,28.485,2.23526,74.1716,21372.5,-0.252428,22.8981,4,-0.395312,-0.109543,0.630758,-1.42138,-0.176215,-0.0428701,-0.58911,-1.22931,-9.76331,-15.5201
2018-03-21,28.509,2.25664,74.1716,21372.5,-0.211761,24.3064,4,-0.313628,-0.109893,0.776621,-1.40388,-0.176215,-0.0435709,1.09462,-2.5499,-9.45545,-14.7829
2018-03-22,28.441,2.40813,74.1716,21372.5,-0.296539,24.5152,4,-0.482349,-0.110729,0.359559,-1.32426,-0.176215,-0.0452421,1.28167,-3.79877,-9.06029,-13.9074
2018-03-23,28.349,2.49039,74.1716,21372.5,-0.400009,24.5485,4,-0.688795,-0.111223,-0.103612,-1.27398,-0.176215,-0.0462305,1.23963,-5.02326,-8.65347,-13.0144
2018-03-26,28.311,2.49065,74.1716,21372.5,-0.523258,24.3576,4,-0.933904,-0.112612,-0.604207,-1.2636,-0.178993,-0.0462305,0.944167,-6.22853,-8.23586,-12.1222
2018-03-27,28.394,2.66648,74.1716,21372.5,-0.41956,24.6217,4,-0.725076,-0.114045,-0.268026,-1.18213,-0.181859,-0.0462305,1.16393,-7.39512,-7.84603,-11.3011
2018-03-28,28.389,2.66789,74.1716,21372.5,-0.448431,24.8203,4,-0.78222,-0.114643,-0.389893,-1.17455,-0.183055,-0.0462305,1.30213,-8.54334,-7.45218,-10.4863
2018-04-02,28.386,2.57745,74.1716,21372.5,-0.384845,25.0068,4,-0.654441,-0.115249,-0.107139,-1.20174,-0.184268,-0.0462305,1.45905,-9.72648,-7.05749,-9.66829
2018-04-03,28.311,2.68045,74.1716,21372.5,-0.350641,24.9568,4,-0.586034,-0.115249,-0.0279507,-1.14412,-0.184268,-0.0462305,1.31048,-10.8519,-6.65128,-8.85049
2018-04-04,28.334,2.58695,74.1716,21372.5,-0.292804,25.119,4,-0.47036,-0.115249,0.231655,-1.17237,-0.184268,-0.0462305,1.45167,-12.034,-6.25415,-8.04456
2018-04-05,28.277,2.56507,74.1716,21372.5,-0.440301,24.9753,4,-0.765354,-0.115249,-0.364713,-1.16599,-0.184268,-0.0462305,1.19908,-13.1573,-5.84428,-7.22221
2018-04-06,28.318,2.60823,74.1716,21372.5,-0.382388,24.9312,4,-0.649526,-0.115249,-0.162634,-1.13642,-0.184268,-0.0462305,1.0417,-14.2661,-5.43877,-6.40565
2018-04-09,28.285,2.63371,74.1716,21372.5,-0.410421,24.9321,4,-0.705593,-0.115249,-0.294771,-1.11642,-0.184268,-0.0462305,0.916214,-15.3579,-5.03501,-5.59123
2018-04-10,28.249,2.65965,74.1716,21372.5,-0.356247,25.1644,4,-0.608803,-0.103691,-0.127362,-1.09024,-0.184268,-0.0231152,1.00628,-16.437,-4.63837,-4.76644
2018-04-11,28.277,2.68889,74.1716,21372.5,-0.337232,25.3247,4,-0.58233,-0.0921338,-0.105641,-1.05902,-0.184268,0,0.880169,-17.3976,-4.23841,-3.91941
2018-04-12,28.29,2.69735,74.1716,21372.5,-0.25714,25.6373,4,-0.422145,-0.0921338,0.197857,-1.04215,-0.184268,0,0.786345,-18.2342,-3.84131,-3.07357
2018-04-13,28.27,2.70278,74.1716,21372.5,-0.322821,25.9248,4,-0.553509,-0.0921338,-0.0711857,-1.03583,-0.184268,0,0.590496,-18.9915,-3.45041,-2.22386
2018-04-16,28.28,2.67263,74.1499,21531.1,-0.20395,27.444,4,-0.463202,0.0553021,0.116793,-1.0432,-0.197842,0.308447,0.47799,-18.7932,-3.09953,-1.14128
2018-04-17,28.264,2.65649,74.1499,21531.1,-0.180959,29.0413,4,-0.419774,0.0578548,0.198256,-1.0378,-0.192737,0.308447,0.394155,-18.5774,-2.73676,-0.0386982
2018-04-18,28.234,2.40388,74.1499,21531.1,-0.229049,28.9883,4,-0.599268,0.14117,-0.0609666,-1.13757,0.0140848,0.268254,-0.138443,-18.3647,-2.71861,0.210127
2018-04-19,28.224,2.39564,74.1499,21531.1,-0.254192,28.9833,4,-0.651212,0.142829,-0.165119,-1.1373,0.0140848,0.271573,-0.762331,-18.1416,-2.56936,0.456615
2018-04-20,28.165,2.41048,74.1499,21531.1,-0.295833,28.746,4,-0.736196,0.144529,-0.344317,-1.12807,0.0140848,0.274974,-1.63901,-17.9032,-2.41719,0.70545
2018-04-24,28.3,2.98331,74.1499,21531.1,-0.0979095,29.3081,4,-0.340348,0.144529,0.214879,-0.895576,0.0140848,0.274974,-1.75738,-17.6186,-2.27479,0.958938
2018-04-25,28.369,2.90772,74.1499,21531.1,-0.00931501,30.4284,4,-0.16316,0.144529,0.598217,-0.924536,0.0140848,0.274974,-1.21292,-17.4395,-2.13703,1.2178
2018-04-26,28.426,2.94022,74.1499,21531.1,0.0921068,32.2303,4,0.0396842,0.144529,0.989486,-0.910118,0.0140848,0.274974,0.0457021,-17.2981,-2.00052,1.48321
2018-04-27,28.464,2.79531,74.1499,21531.1,0.131367,33.8799,4,0.118204,0.144529,1.20448,-0.96807,0.0140848,0.274974,1.22553,-17.2392,-1.85657,1.75015
2018-04-30,28.61,3.30496,74.1499,21531.1,0.41786,36.5365,4,0.691191,0.144529,2.13617,-0.753786,0.0140848,0.274974,3.27801,-17.0531,-1.71383,2.02538
2018-05-02,28.962,5.33634,74.1499,21531.1,0.85856,40.4621,4,1.57259,0.144529,3.08563,0.0595455,0.0140848,0.274974,5.91672,-16.1934,-1.56899,2.30773
2018-05-03,29.161,5.53535,74.1499,21531.1,1.02117,44.9057,4,1.89782,0.144529,3.65435,0.14129,0.0140848,0.274974,8.98454,-15.2498,-1.4169,2.58782
2018-05-04,29.156,5.56202,74.1499,21531.1,0.953815,49.0016,4,1.7631,0.144529,3.37353,0.152667,0.0140848,0.274974,11.5973,-14.1979,-1.25716,2.85932
2018-05-07,29.351,5.70086,74.1499,21531.1,1.12478,54.1536,4,2.10503,0.144529,4,0.21006,0.0140848,0.274974,15.1683,-13.0416,-1.09184,3.11869
2018-05-08,29.959,8.72631,74.1499,21531.1,1.43519,60.0446,4,2.72586,0.144529,4,1.45172,0.0140848,0.274974,18.4274,-10.8153,-0.920393,3.35285
2018-05-09,30.455,9.82542,74.1499,21531.1,1.54797,66.1417,4,2.9514,0.144529,4,1.9028,0.0140848,0.274974,21.5422,-8.2061,-0.745273,3.55094
2018-05-10,30.006,11.7334,74.1499,21531.1,1.68599,72.0759,4,3.22745,0.144529,3.76903,2.68586,0.0140848,0.274974,24.001,-5.04246,-0.570657,3.68797
2018-05-11,30.221,11.7954,74.1499,21531.1,1.75009,77.565,4,3.35565,0.144529,4,2.71131,0.0140848,0.274974,26.2316,-2.02862,-0.401217,3.76321
2018-05-14,30.559,12.0563,74.1499,21531.1,1.77686,82.269,4,3.40919,0.144529,4,2.81837,0.0140848,0.274974,27.8704,0.836674,-0.241552,3.80351
2018-05-15,31.145,13.054,74.2362,21592.9,1.9275,86.685,4,3.61391,0.2411,4,3.22782,0.0846908,0.397509,29.1597,3.6989,-0.0453014,3.87168
2018-05-16,30.739,14.4683,74.2362,21592.9,1.38767,89.3094,4,2.53425,0.2411,1.26024,3.80826,0.0846908,0.397509,28.6869,6.7134,0.141159,3.7679
2018-05-17,31.151,14.7028,74.2362,21592.9,2.09668,92.3837,4,3.95226,0.2411,4,3.90451,0.0846908,0.397509,29.1889,9.30999,0.301896,3.58287
2018-05-18,31.407,14.5744,74.2362,21592.9,2.86091,95.417,4,3.92591,1.79592,4,3.85181,1.64184,1.95,28.8019,11.2415,1.18,4.19359
2018-05-22,31.245,14.9196,74.2362,21592.9,2.61642,97.2818,4,3.44229,1.79056,2.8911,3.99348,1.63111,1.95,27.8391,12.865,1.89796,4.67964
2018-05-23,31.244,14.8056,74.2362,21592.9,1.99612,98.2713,4,2.21455,1.7777,0.482389,3.94671,1.6054,1.95,26.2647,14.3519,2.51494,5.13982
2018-05-24,31.254,14.9062,74.2362,21592.9,2.42504,98.9878,4,3.08482,1.76525,2.18166,3.98798,1.58049,1.95,25.1184,15.3857,3.00586,5.47785
2018-05-25,31.281,14.9519,74.2362,21592.9,2.0348,99.3626,4,2.30435,1.76525,0.608709,4,1.58049,1.95,23.5983,16.4683,3.46478,5.83122
2018-05-28,31.197,15.1633,74.2362,21592.9,1.68223,99.5631,4,1.61128,1.75319,-0.777439,4,1.58049,1.92588,21.8168,17.6239,3.91619,6.20617
2018-05-29,31.148,15.2823,74.2362,21592.9,1.79046,99.7103,4,1.83951,1.74142,-0.32098,4,1.58049,1.90235,20.2266,18.647,4.31566,6.52102
2018-05-30,30.978,15.6831,74.2362,21592.9,1.61575,99.787,4,1.49009,1.74142,-1.01982,4,1.58049,1.90235,18.4205,19.7397,4.7363,6.89051
2018-05-31,31.192,15.4227,74.2362,21592.9,1.82708,99.835,4,1.91273,1.74142,-0.17454,4,1.58049,1.90235,16.7937,20.6012,5.16059,7.2795
2018-06-01,31.171,15.4508,74.2362,21592.9,1.77757,99.8653,4,1.81373,1.74142,-0.372548,4,1.58049,1.90235,15.0715,21.5091,5.59392,7.69089
2018-06-04,31.091,15.5461,74.2362,21592.9,1.78173,99.8927,4,1.82203,1.74142,-0.355936,4,1.58049,1.90235,13.4911,22.3332,5.99828,8.0701
2018-06-05,31.115,15.5132,74.2362,21592.9,1.85743,99.9125,4,1.97345,1.74142,-0.0531081,4,1.58049,1.90235,11.9,23.1585,6.40066,8.45331
2018-06-06,31.046,14.1323,74.2362,21592.9,1.86605,99.9225,4,1.99068,1.74142,0.366468,3.6149,1.58049,1.90235,10.5846,23.6075,6.84032,8.89015
2018-06-07,31.349,13.3919,74.2362,21592.9,1.88248,99.9296,4,2.02355,1.74142,0.73145,3.31564,1.58049,1.90235,9.43853,23.8628,7.28809,9.34015
2018-06-08,31.288,12.0221,74.2362,21592.9,1.70293,99.9299,4,1.66443,1.74142,0.566909,2.76196,1.58049,1.90235,8.40045,23.8771,7.79076,9.86162
2018-06-11,31.278,11.8977,74.2362,21592.9,1.76319,99.9302,4,1.78496,1.74142,0.858268,2.71165,1.58049,1.90235,7.38348,23.8692,8.2938,10.3837
2018-06-12,31.301,11.3684,74.2362,21592.9,1.70822,99.9288,4,1.67503,1.74142,0.85235,2.4977,1.58049,1.90235,6.37854,23.8073,8.81485,10.9281
2018-06-13,31.358,9.23771,74.2362,21592.9,1.61933,99.9223,4,1.49832,1.74033,1.37682,1.61982,1.57832,1.90235,5.57406,23.4717,9.37145,11.5051
2018-06-14,31.522,7.88801,73.9621,21535.9,1.25045,99.9192,4,0.93039,1.57052,0.788175,1.0726,1.34898,1.79205,5.43936,22.6599,9.8181,12.0019
2018-06-15,31.606,6.51539,73.9621,21535.9,1.25928,99.8978,4,0.95462,1.56393,1.38213,0.527113,1.33581,1.79205,4.68394,22.0294,10.4523,12.7321
2018-06-18,31.562,5.9209,73.9621,21535.9,1.1615,99.8377,4,0.762283,1.56071,1.23371,0.290856,1.32936,1.79205,3.93384,21.807,10.8285,13.2682
2018-06-20,31.716,5.77308,73.9621,21535.9,1.27695,99.7692,4,0.998432,1.55547,1.76319,0.233673,1.31888,1.79205,3.67254,21.2633,11.1229,13.7104
2018-06-21,31.674,5.81436,73.9621,21535.9,1.17364,99.7151,4,0.798958,1.54831,1.34515,0.252762,1.30457,1.79205,4.07925,20.3901,11.2722,13.9735
2018-06-22,31.451,6.4336,73.9621,21535.9,0.384878,99.5285,4,0.13054,0.639216,-0.246659,0.507739,0.653609,0.624824,3.37076,20.2611,11.5938,14.3028
2018-06-25,31.39,6.47872,73.9621,21535.9,0.241105,99.2815,4,-0.157006,0.639216,-0.84279,0.528779,0.653609,0.624824,2.95334,19.937,11.849,14.5421
2018-06-26,31.235,6.65847,73.9621,21535.9,0.144774,98.9852,4,-0.349668,0.639216,-1.30411,0.604774,0.653609,0.624824,2.86663,19.4215,12.0184,14.6786
2018-06-27,31.383,6.82689,73.9621,21535.9,0.159628,98.5594,4,-0.323825,0.643081,-1.32231,0.674661,0.653609,0.632553,2.55738,18.9136,12.223,14.8654
2018-06-28,31.308,6.55921,73.9621,21535.9,0.0998006,98.0338,4,-0.447441,0.647042,-1.46077,0.565884,0.653609,0.640476,2.47115,18.1925,12.3794,14.9907
2018-06-29,31.466,6.35103,73.9621,21535.9,0.471822,97.4339,4,0.296602,0.647042,0.109221,0.483982,0.653609,0.640476,2.72322,17.2298,12.4613,15.0197
2018-07-02,31.599,6.47371,73.9621,21535.9,0.684937,96.845,4,0.722832,0.647042,0.907259,0.538404,0.653609,0.640476,3.4865,16.04,12.4218,14.8968
2018-07-03,31.446,6.67354,73.9621,21535.9,0.707761,96.1615,4,0.76848,0.647042,0.911667,0.625294,0.653609,0.640476,4.29098,14.78,12.3549,14.7356
2018-07-04,31.45,6.67485,73.9621,21535.9,0.561884,95.1812,4,0.476725,0.647042,0.319896,0.633553,0.653609,0.640476,4.67968,13.5078,12.3508,14.6429
2018-07-05,31.375,6.68428,73.9621,21535.9,0.565883,94.0056,4,0.481138,0.650628,0.316232,0.646044,0.66078,0.640476,4.84342,12.3298,12.3229,14.5095
2018-07-06,31.495,5.89024,73.9621,21535.9,0.442399,92.4533,4,0.231545,0.653253,0.157476,0.305614,0.666029,0.640476,4.70923,11.0423,12.3148,14.387
2018-07-09,31.409,5.9353,73.9621,21535.9,0.221363,90.5545,4,-0.212142,0.654869,-0.750687,0.326402,0.669261,0.640476,4.07759,9.97826,12.2792,14.2195
2018-07-10,31.303,6.06832,73.9621,21535.9,0.284897,88.3301,4,-0.0850745,0.654869,-0.556128,0.385979,0.669261,0.640476,3.30913,8.85233,12.1899,13.9788
2018-07-11,31.374,6.1157,73.9621,21535.9,0.362377,86.0026,4,0.0698861,0.654869,-0.269817,0.409589,0.669261,0.640476,2.65563,7.73321,12.001,13.6128
2018-07-12,31.352,6.08801,73.9621,21535.9,0.417707,83.6738,4,0.180544,0.654869,-0.0381324,0.399221,0.669261,0.640476,1.73198,7.09956,11.7161,13.1261
2018-07-13,31.354,5.7677,73.9621,21535.9,0.261335,81.5781,4,-0.132198,0.654869,-0.522438,0.258042,0.669261,0.640476,0.82115,6.67193,11.4924,12.5926
2018-07-16,31.277,5.70895,75.5666,21433.9,0.5179,79.9023,4,-0.123498,1.1593,-0.480433,0.233436,1.88124,0.437356,-0.538394,6.56323,12.08,11.7975
2018-07-17,31.164,5.80779,75.5666,21433.9,0.513779,78.366,4,-0.117074,1.14463,-0.513015,0.278868,1.85191,0.437356,-1.85017,6.64179,12.6314,10.943
2018-07-19,31.221,5.51888,75.5666,21433.9,0.387811,76.1501,4,-0.211835,0.987456,-0.572428,0.148759,1.85373,0.121183,-3.65617,6.69106,13.2541,9.86111
2018-07-20,31.027,5.8476,75.5666,21433.9,0.242496,73.7022,4,-0.502464,0.987456,-1.30294,0.298016,1.85373,0.121183,-5.76062,6.83549,13.895,8.73239
2018-07-23,31.071,5.44836,75.5666,21433.9,0.242117,73.3159,4,-0.503223,0.987456,-1.12422,0.117779,1.85373,0.121183,-6.4533,6.54973,14.8564,8.3631
2018-07-24,30.911,5.66849,75.5666,21433.9,0.179993,73.1497,4,-0.627469,0.987456,-1.47321,0.218268,1.85373,0.121183,-6.94807,6.31568,15.8008,7.98122
2018-07-25,30.725,5.78653,75.5666,21433.9,0.115585,73.0701,4,-0.756286,0.987456,-1.78597,0.273396,1.85373,0.121183,-7.3248,6.06182,16.7384,7.59464
2018-07-26,30.722,5.41421,75.5666,21433.9,0.00990398,72.66,4,-0.967648,0.987456,-2.03883,0.103533,1.85373,0.121183,-7.89899,5.6326,17.7108,7.21551
2018-07-27,30.692,5.39142,75.5666,21433.9,0.180905,72.8825,4,-0.625646,0.987456,-1.34465,0.0933613,1.85373,0.121183,-7.79872,5.25872,18.6192,6.8033
2018-07-30,30.538,5.07329,75.5666,21433.9,-0.0659683,71.3903,4,-1.11939,0.987456,-2.18993,-0.0488562,1.85373,0.121183,-9.66253,4.88568,19.7134,6.45374
2018-07-31,30.553,4.67321,75.5666,21433.9,0.0745603,69.6508,4,-0.838335,0.987456,-1.44868,-0.22799,1.85373,0.121183,-11.6066,4.32363,20.8333,6.10045
2018-08-01,30.497,4.52197,75.5666,21433.9,0.195011,68.1541,4,-0.597434,0.987456,-0.897924,-0.296945,1.85373,0.121183,-13.1229,3.6201,21.9278,5.72911
2018-08-02,30.719,5.47565,75.5666,21433.9,0.546398,68.1084,4,0.10534,0.987456,0.0647376,0.145942,1.85373,0.121183,-13.3283,3.23329,22.8858,5.31753
2018-08-03,30.568,5.62246,75.5666,21433.9,0.433565,67.7169,4,-0.120326,0.987456,-0.455273,0.21462,1.85373,0.121183,-13.9644,2.8952,23.8732,4.91293
2018-08-06,30.401,5.46571,75.5666,21433.9,0.400267,67.5919,4,-0.186922,0.987456,-0.515802,0.141959,1.85373,0.121183,-14.5078,2.76635,24.8315,4.50188
2018-08-07,30.041,6.54533,75.5666,21433.9,0.117696,67.2833,4,-0.752064,0.987456,-2.15381,0.649678,1.85373,0.121183,-15.645,3.02762,25.8072,4.09343
2018-08-08,30.166,6.90545,75.5666,21433.9,0.357638,67.4999,4,-0.27218,0.987456,-1.36317,0.818813,1.85373,0.121183,-16.2742,3.36982,26.7283,3.67609
2018-08-09,30.686,9.56892,75.5666,21433.9,0.995103,69.3588,4,1.00275,0.987456,-0.0642371,2.06974,1.85373,0.121183,-15.9803,4.65464,27.4485,3.236
2018-08-10,31.14,11.0933,75.5666,21433.9,1.82416,73.3118,4,2.66087,0.987456,2.53605,2.7857,1.85373,0.121183,-13.657,6.40519,27.7966,2.76706
2018-08-13,31.432,11.6138,75.5666,21433.9,2.25126,78.4274,4,3.51506,0.987456,4,3.03013,1.85373,0.121183,-9.79692,8.24752,27.6955,2.28132
2018-08-14,31.306,11.6727,74.9133,21370.1,2.1053,82.0661,4,3.52891,0.681697,4,3.05782,1.36961,-0.00621258,-6.23801,10.0121,26.4066,1.88544
2018-08-15,31.565,11.9349,74.9133,21370.1,2.08945,85.2702,4,3.59046,0.588441,4,3.18092,1.30563,-0.128748,-2.87143,11.6619,25.0571,1.42264
2018-08-16,31.459,12.0083,74.9133,21370.1,1.92864,88.0087,4,3.26883,0.588441,3.32223,3.21543,1.30563,-0.128748,-0.157412,13.2547,23.7114,1.20006
2018-08-17,31.585,11.8085,74.9133,21370.1,1.55157,90.0358,4,2.51469,0.588441,1.90778,3.1216,1.30563,-0.128748,1.91703,14.6044,22.5179,0.996489
2018-08-20,31.71,11.8576,74.9133,21370.1,1.38012,91.5842,4,2.1718,0.588441,1.19896,3.14465,1.30563,-0.128748,3.30398,16.0213,21.4505,0.808519
2018-08-21,31.837,11.6687,74.9133,21370.1,1.62118,93.2768,4,2.65392,0.588441,2.25195,3.0559,1.30563,-0.128748,5.39004,17.0417,20.2199,0.625183
2018-08-23,31.904,11.3264,74.9133,21370.1,1.37894,94.5326,4,2.16943,0.588441,1.44371,2.89515,1.30563,-0.128748,7.04055,17.8992,19.135,0.457769
2018-08-24,31.91,11.3202,74.9133,21370.1,1.49508,95.7633,4,2.40173,0.588441,1.9112,2.89226,1.30563,-0.128748,8.88636,18.6138,17.9633,0.299858
2018-08-27,31.778,11.4816,74.9133,21370.1,1.24601,96.4997,4,1.90358,0.588441,0.839099,2.96806,1.30563,-0.128748,9.74854,19.5187,17.0751,0.157372
2018-08-28,31.933,11.2427,74.9133,21370.1,1.2481,97.26,4,1.90776,0.588441,0.959675,2.85585,1.30563,-0.128748,10.9489,20.1929,16.0944,0.0238385
2018-08-29,32.001,11.2241,74.9133,21370.1,1.18381,97.7897,4,1.77919,0.588441,0.711286,2.84709,1.30563,-0.128748,11.6271,20.9978,15.2644,-0.0996255
2018-08-30,32.192,11.1824,74.9133,21370.1,1.30445,98.2302,4,2.02045,0.588441,1.21337,2.82754,1.30563,-0.128748,12.2229,21.7477,14.4742,-0.214533
2018-08-31,32.339,11.0774,74.9133,21370.1,1.43357,98.5264,4,2.281,0.586127,1.78379,2.77821,1.301,-0.128748,12.6754,22.3565,13.8182,-0.323668
2018-09-03,32.452,10.719,74.9133,21370.1,1.64139,98.8605,4,2.69702,0.585757,2.78418,2.60986,1.29716,-0.125641,13.6393,22.5855,13.0567,-0.421033
2018-09-04,32.711,10.3658,74.9133,21370.1,1.70109,99.1447,4,2.8147,0.58749,3.18539,2.444,1.29716,-0.122175,14.6761,22.673,12.3036,-0.508012
2018-09-05,32.818,8.58909,74.9133,21370.1,1.52963,99.381,4,2.47126,0.587994,3.33297,1.60955,1.29716,-0.121168,16.2967,22.1107,11.559,-0.585493
2018-09-06,32.525,9.81819,74.9133,21370.1,1.18046,99.4902,4,1.7726,0.588318,1.36863,2.17657,1.29716,-0.120521,16.9877,22.1135,11.0565,-0.667448
2018-09-07,32.388,8.84808,74.9133,21370.1,0.777009,99.463,4,0.965701,0.588318,0.213226,1.71818,1.29716,-0.120521,17.2094,22.1167,10.9055,-0.768612
2018-09-10,32.703,8.09471,74.9133,21370.1,0.89171,99.332,4,1.1951,0.588318,1.02548,1.36472,1.29716,-0.120521,17.0761,22.1597,10.9861,-0.890018
2018-09-11,32.861,7.73617,74.9133,21370.1,0.74653,99.0605,4,0.904742,0.588318,0.615269,1.19421,1.29716,-0.120521,16.4209,22.4121,11.2638,-1.03622
2018-09-12,32.832,7.47655,74.9133,21370.1,0.578842,98.691,4,0.569367,0.588318,0.0674006,1.07133,1.29716,-0.120521,15.4426,22.6065,11.7803,-1.13847
2018-09-13,32.991,7.21562,74.9133,21370.1,1.00252,98.3567,4,1.41672,0.588318,1.88407,0.949376,1.29716,-0.120521,14.9915,22.3516,12.188,-1.1744
2018-09-14,33.154,6.96207,74.6302,21269.9,1.24842,98.1122,4,1.95591,0.540931,3.08151,0.830306,1.29039,-0.208533,15.2042,21.6991,12.4472,-1.23825
2018-09-17,33.15,7.00763,74.6302,21269.9,0.931167,97.863,4,1.3214,0.540931,1.79429,0.848518,1.29039,-0.208533,15.4527,21.0236,12.6886,-1.30194
2018-09-18,33.123,7.07328,74.6302,21269.9,0.750528,97.5821,4,0.960125,0.540931,1.04574,0.874506,1.29039,-0.208533,15.6906,20.3207,12.9389,-1.36813
2018-09-19,33.102,7.10643,74.6302,21269.9,0.759112,97.1478,4,0.977292,0.540931,1.06944,0.885148,1.29039,-0.208533,15.5241,19.7779,13.293,-1.44723
2018-09-20,32.883,7.73107,74.6302,21269.9,0.457424,96.6137,4,0.373917,0.540931,-0.418895,1.16673,1.29039,-0.208533,15.0062,19.4578,13.6822,-1.53254
2018-09-21,32.786,7.8814,74.6302,21269.9,0.215559,95.7382,4,-0.109813,0.540931,-1.45018,1.23055,1.29039,-0.208533,13.7835,19.353,14.2417,-1.63994
2018-09-24,32.625,7.95781,74.6302,21269.9,0.0658425,94.7765,4,-0.409246,0.540931,-2.07933,1.26084,1.29039,-0.208533,12.6414,19.1115,14.771,-1.74735
2018-09-25,33.023,8.76383,74.6302,21269.9,0.58041,94.1604,4,0.619889,0.540931,-0.383494,1.62327,1.29039,-0.208533,12.1248,18.7946,15.0714,-1.83035
2018-09-26,32.943,8.88111,74.6302,21269.9,0.533202,93.5066,4,0.525474,0.540931,-0.618825,1.66977,1.29039,-0.208533,11.58,18.475,15.3663,-1.9146
2018-09-27,33.044,8.7451,74.6302,21269.9,0.835889,93.0015,4,1.13085,0.540931,0.663943,1.59775,1.29039,-0.208533,11.4151,17.9993,15.5772,-1.99005
2018-09-28,33.214,8.77579,74.6302,21269.9,1.10516,92.6298,4,1.6694,0.540931,1.734,1.6048,1.29039,-0.208533,11.4981,17.4647,15.7253,-2.0583
2018-10-01,33.212,8.75067,74.6302,21269.9,1.26119,92.1809,4,1.98252,0.539858,2.37887,1.58616,1.28825,-0.208533,11.38,17.0344,15.8992,-2.13274
2018-10-02,32.877,9.23084,74.6302,21269.9,0.575089,90.7298,4,0.611392,0.538786,-0.575609,1.79839,1.2861,-0.208533,9.37095,17.1939,16.4239,-2.25893
2018-10-03,32.793,9.21021,74.6302,21269.9,0.568298,89.3408,4,0.597811,0.538786,-0.593654,1.78928,1.2861,-0.208533,7.06538,17.7847,16.8689,-2.37817
2018-10-04,33.08,9.07397,74.6302,21269.9,0.742003,88.6597,4,0.943754,0.540253,0.158451,1.72906,1.2861,-0.205599,6.35149,17.705,17.0665,-2.46327
2018-10-05,33.043,8.90954,74.6302,21269.9,0.516346,88.2403,4,0.490973,0.54172,-0.674437,1.65638,1.2861,-0.202666,5.80586,17.7896,17.1803,-2.53543
2018-10-08,32.884,8.51454,74.6302,21269.9,0.328344,87.2967,4,0.0863047,0.570383,-1.30918,1.48179,1.2861,-0.145339,4.3165,18.1379,17.4329,-2.59058
2018-10-09,32.779,8.4222,74.6302,21269.9,0.561303,86.9753,4,0.52356,0.599046,-0.383977,1.4311,1.2861,-0.0880124,3.65916,18.387,17.5103,-2.58112
2018-10-10,32.942,8.60586,74.6302,21269.9,0.83046,87.4106,4,1.06187,0.599046,0.617502,1.50625,1.2861,-0.0880124,4.00605,18.5593,17.3875,-2.5422
2018-10-11,32.971,8.43443,74.6302,21269.9,0.549476,86.6194,4,0.499905,0.599046,-0.426413,1.42622,1.2861,-0.0880124,2.47703,19.1057,17.587,-2.55029
2018-10-12,32.96,8.22841,74.6302,21269.9,0.550302,85.3345,4,0.501558,0.599046,-0.321747,1.32486,1.2861,-0.0880124,0.157331,19.7909,17.8985,-2.51218
2018-10-16,32.844,8.30731,75.4792,21313.7,0.530567,84.561,4,0.596389,0.464744,-0.148363,1.34114,0.726302,0.203187,-1.20391,20.3328,17.6804,-2.24827
2018-10-17,32.771,8.33027,75.4792,21313.7,0.561321,84.1865,4,0.657898,0.464744,-0.0186971,1.33449,0.726302,0.203187,-1.9596,20.7504,17.3641,-1.96845
2018-10-18,32.78,8.33507,75.4792,21313.7,0.404036,83.4676,4,0.343327,0.464744,-0.643143,1.3298,0.726302,0.203187,-3.19344,21.2428,17.1108,-1.69256
2018-10-19,32.877,8.08831,75.4792,21313.7,0.444908,83.4419,4,0.425073,0.464744,-0.368667,1.21881,0.726302,0.203187,-3.15868,21.2861,16.7148,-1.40035
2018-10-22,32.76,8.12065,75.4792,21313.7,0.337431,83.6912,4,0.210117,0.464744,-0.801666,1.2219,0.726302,0.203187,-2.68986,21.2187,16.2668,-1.10445
2018-10-23,32.849,7.96247,75.4792,21313.7,0.529336,84.6171,4,0.593928,0.464744,0.0343154,1.15354,0.726302,0.203187,-1.17829,20.9081,15.6909,-0.803567
2018-10-24,32.881,6.64934,75.4792,21313.7,0.50222,84.4634,4,0.539695,0.464744,0.466748,0.612642,0.726302,0.203187,-0.58335,20.2381,15.3246,-0.51592
2018-10-25,32.868,6.5987,75.4792,21313.7,0.470065,84.3385,4,0.479532,0.460599,0.367279,0.591784,0.718011,0.203187,0.109423,19.5108,14.9454,-0.227089
2018-10-26,32.877,6.49416,75.4792,21313.7,0.364798,83.3862,4,0.273143,0.456454,-0.00243693,0.548722,0.709721,0.203187,-0.363399,18.9851,14.7013,0.0632388
2018-10-29,32.811,6.19671,75.4792,21313.7,0.387455,81.865,4,0.318457,0.456454,0.210716,0.426198,0.709721,0.203187,-1.47111,18.4483,14.5257,0.362055
2018-10-30,32.805,6.19541,75.4792,21313.7,0.287589,79.6667,4,0.118724,0.456454,-0.188217,0.425666,0.709721,0.203187,-3.39851,17.9838,14.4076,0.673863
2018-10-31,32.827,5.07977,75.4792,21313.7,0.162171,78.6884,4,-0.132112,0.456454,-0.230251,-0.0339727,0.709721,0.203187,-3.17012,16.7716,14.1006,0.986271
2018-11-01,32.808,4.99945,75.4792,21313.7,0.147987,77.6648,4,-0.16048,0.456454,-0.253243,-0.0677162,0.709721,0.203187,-2.94087,15.5167,13.7853,1.30374
2018-11-05,32.758,3.82088,75.4792,21313.7,-0.0362426,75.6977,4,-0.528939,0.456454,-0.495812,-0.562066,0.709721,0.203187,-3.48257,13.9979,13.5479,1.63437
2018-11-06,32.756,3.8162,75.4792,21313.7,0.030068,74.4225,4,-0.396318,0.456454,-0.225758,-0.566878,0.709721,0.203187,-3.1675,12.4089,13.2208,1.96031
2018-11-07,32.731,3.45185,75.4792,21313.7,-0.0284175,73.4652,4,-0.513289,0.456454,-0.306233,-0.720345,0.709721,0.203187,-2.41096,10.7804,12.8543,2.24153
2018-11-08,32.642,3.40146,75.4792,21313.7,-0.148891,71.507,4,-0.754235,0.456454,-0.766899,-0.741571,0.709721,0.203187,-2.73737,9.2024,12.5477,2.49433
2018-11-09,32.546,2.93316,75.4792,21313.7,-0.278214,68.3191,4,-1.01288,0.456454,-1.08694,-0.938823,0.709721,0.203187,-4.13312,7.40361,12.2844,2.76419
2018-11-12,32.587,2.96155,75.4792,21313.7,-0.17759,66.15,4,-0.811634,0.456454,-0.696404,-0.926864,0.709721,0.203187,-4.38552,5.58366,11.9302,3.0216
2018-11-13,32.638,3.05799,75.4792,21313.7,-0.112279,64.1252,4,-0.681012,0.456454,-0.475781,-0.886242,0.709721,0.203187,-4.54038,3.83931,11.5487,3.27757
2018-11-14,32.733,3.06371,75.8973,21304.6,0.238705,63.2201,4,-0.430577,0.907988,0.0226806,-0.883835,1.50364,0.312336,-4.41462,2.05044,12.2094,3.37492
2018-11-15,32.635,3.14378,75.8973,21304.6,0.238266,62.2097,4,-0.431455,0.907988,-0.0128039,-0.850107,1.50364,0.312336,-4.42243,0.2844,12.8746,3.47307
2018-11-16,32.458,3.64205,75.8973,21304.6,0.203628,61.5786,4,-0.500732,0.907988,-0.353346,-0.648117,1.50364,0.312336,-4.1943,-1.32203,13.5274,3.56748
2018-11-19,32.484,3.44657,75.8973,21304.6,0.168211,60.7022,4,-0.571567,0.907988,-0.411662,-0.731471,1.50364,0.312336,-4.23826,-2.91268,14.1892,3.66397
2018-11-20,32.5,3.28074,75.8973,21304.6,0.11341,59.9887,4,-0.681168,0.907988,-0.560157,-0.802179,1.50364,0.312336,-4.04812,-4.56792,14.8459,3.75886
2018-11-21,32.496,3.0718,75.8973,21304.6,-0.0138378,58.2451,4,-0.935664,0.907988,-0.980056,-0.891271,1.50364,0.312336,-4.89203,-6.25678,15.5329,3.86107
2018-11-22,32.447,3.03572,75.8973,21304.6,0.0279988,56.7094,4,-0.840141,0.896139,-0.773626,-0.906656,1.47994,0.312336,-5.92148,-7.51837,16.1892,3.96008
2018-11-23,32.393,3.05422,75.8973,21304.6,0.154772,55.6826,4,-0.574745,0.884289,-0.250723,-0.898767,1.45624,0.312336,-6.43709,-8.75283,16.8174,4.05508
2018-11-26,32.496,3.34056,75.8973,21304.6,0.267553,55.3651,4,-0.349184,0.884289,0.0783053,-0.776673,1.45624,0.312336,-6.37314,-9.84514,17.4371,4.14627
2018-11-27,32.523,3.33179,75.8973,21304.6,0.261788,54.9543,4,-0.326808,0.850384,0.125305,-0.778921,1.38843,0.312336,-6.4462,-10.8402,18.0028,4.23785
2018-11-28,32.383,3.60117,75.8973,21304.6,0.131043,54.4418,4,-0.554392,0.816478,-0.453276,-0.655509,1.32062,0.312336,-6.66748,-11.735,18.5144,4.32978
2018-11-29,32.071,4.78038,75.8973,21304.6,-0.0253636,53.8268,4,-0.867205,0.816478,-1.58931,-0.145102,1.32062,0.312336,-7.78943,-11.8327,19.027,4.42192
2018-11-30,32.197,5.10912,75.8973,21304.6,0.205201,54.0145,4,-0.406075,0.816478,-0.808543,-0.00360696,1.32062,0.312336,-8.24512,-11.7781,19.5267,4.51104
2018-12-03,31.987,5.48229,75.8973,21304.6,-0.0928607,53.8288,4,-1.0022,0.816478,-2.15991,0.155515,1.32062,0.312336,-9.61578,-11.1894,20.0324,4.60155
2018-12-04,31.994,5.49084,75.8973,21304.6,-0.111815,53.363,4,-1.04297,0.819335,-2.24509,0.159157,1.32062,0.31805,-11.2815,-10.5957,20.5424,4.69773
2018-12-05,32.056,5.60031,75.8973,21304.6,0.119587,53.8489,4,-0.583124,0.822299,-1.37209,0.205838,1.32062,0.323978,-12.1544,-9.82963,21.0375,4.79539
2018-12-06,32.154,5.74378,75.8973,21304.6,0.579801,56.2316,4,0.336076,0.823526,0.405141,0.267012,1.32062,0.326432,-11.1616,-8.97687,21.4856,4.8844
2018-12-07,32.133,5.68508,75.8973,21304.6,0.416812,58.4835,4,0.00885303,0.824772,-0.224275,0.241981,1.32062,0.328924,-10.4166,-7.97939,21.9095,4.97
2018-12-10,32.192,5.71415,75.8973,21304.6,0.716261,61.3381,4,0.60775,0.824772,0.961123,0.254377,1.32062,0.328924,-9.00549,-6.97036,22.2721,5.04183
2018-12-11,32.204,5.66952,75.8973,21304.6,0.71524,63.9276,4,0.605708,0.824772,0.976068,0.235349,1.32062,0.328924,-7.76878,-6.01487,22.6044,5.10691
2018-12-12,32.223,5.53374,75.8973,21304.6,0.651783,65.1976,4,0.478794,0.824772,0.780137,0.177451,1.32062,0.328924,-7.12768,-5.1369,22.3632,5.09898
2018-12-13,32.268,5.52044,75.8973,21304.6,0.592666,66.2737,4,0.36056,0.824772,0.549338,0.171781,1.32062,0.328924,-6.65011,-4.29895,22.1303,5.09256
2018-12-14,32.297,5.22913,75.8973,21304.6,0.717361,67.8102,4,0.399149,1.03557,0.750733,0.0475662,1.53047,0.540674,-5.73125,-3.71931,22.0174,5.24337
2018-12-17,32.242,5.23806,75.6417,21311.3,0.550666,68.9348,4,0.153369,0.947963,0.255365,0.0513718,1.34106,0.554868,-5.17513,-3.08129,21.7814,5.40987
2018-12-18,32.222,5.22853,75.6417,21311.3,0.515311,70.0978,4,0.0826588,0.947963,0.118007,0.0473106,1.34106,0.554868,-4.61288,-2.39552,21.5348,5.57142
2018-12-19,32.238,5.23796,75.6417,21311.3,0.512629,71.5905,4,0.0772959,0.947963,0.103259,0.0513324,1.34106,0.554868,-3.7311,-1.6406,21.2437,5.71854
2018-12-20,32.25,5.22762,75.6417,21311.3,0.47531,72.8301,4,0.00265729,0.947963,-0.041608,0.0469226,1.34106,0.554868,-3.13719,-0.889156,20.9892,5.86729
2018-12-21,32.261,5.20681,75.6417,21311.3,0.453213,73.6419,4,-0.0415357,0.947963,-0.12112,0.0380483,1.34106,0.554868,-3.02193,-0.161275,20.7989,6.02629
2018-12-24,32.266,5.05503,75.6417,21311.3,0.50334,74.2745,4,0.0587173,0.947963,0.14189,-0.0244559,1.34106,0.554868,-2.96112,0.418079,20.6284,6.18915
2018-12-26,32.297,5.05927,75.6417,21311.3,0.561407,75.0667,4,0.174851,0.947963,0.366071,-0.0163693,1.34106,0.554868,-2.76158,0.999571,20.4858,6.34289
2018-12-27,32.37,4.91176,75.6417,21311.3,0.609149,76.3035,4,0.270335,0.947963,0.613681,-0.0730109,1.34106,0.554868,-1.92831,1.43304,20.3261,6.47267
2018-12-28,32.406,3.33808,75.6417,21311.3,0.461724,77.528,4,-0.0120567,0.935504,0.709427,-0.73354,1.31614,0.554868,-0.182257,0.977496,20.1369,6.59587
2019-01-02,32.441,3.09778,75.6417,21311.3,0.455767,78.1437,4,-0.0116709,0.923205,0.805862,-0.829204,1.29122,0.555188,1.02659,0.354987,20.0167,6.74541
2019-01-03,32.459,1.70669,75.6417,21311.3,0.322937,79.1436,4,-0.270458,0.916332,0.861019,-1.40193,1.27716,0.555508,3.25961,-0.803609,19.8179,6.86972
2019-01-04,32.497,1.70212,75.6417,21311.3,0.318964,80.1506,4,-0.250465,0.888392,0.888189,-1.38912,1.22128,0.555508,5.53467,-1.93501,19.5679,6.98302
2019-01-07,32.509,1.65108,75.6417,21311.3,0.238065,80.4223,4,-0.391354,0.867484,0.620942,-1.40365,1.17946,0.555508,6.98269,-3.11076,19.4151,7.13527
2019-01-08,32.536,1.4009,75.6417,21311.3,0.187874,79.5148,4,-0.461517,0.837264,0.581137,-1.50417,1.17946,0.495068,7.17071,-4.44651,19.4715,7.3191
2019-01-09,32.599,1.39731,75.6417,21311.3,0.203404,79.0104,4,-0.400235,0.807043,0.69723,-1.4977,1.17946,0.434627,7.88675,-5.75838,19.4522,7.42978
2019-01-10,32.759,2.00966,75.6417,21311.3,0.420595,78.2995,4,0.0345179,0.806672,1.30677,-1.23773,1.17946,0.433884,8.19206,-6.90774,19.4627,7.5525
2019-01-11,32.793,2.00155,75.6417,21311.3,0.417466,77.5697,4,0.026205,0.808726,1.28085,-1.22844,1.17946,0.437992,8.46907,-8.04841,19.4704,7.67865
2019-01-14,32.673,2.57789,75.292,21466,0.353477,76.8248,4,-0.138918,0.845871,0.707028,-0.984864,0.920341,0.771402,8.46207,-8.97293,19.2788,8.05691
2019-01-15,32.671,2.57713,75.292,21466,0.323195,76.1403,4,-0.199482,0.845871,0.58585,-0.984814,0.920341,0.771402,8.53219,-9.89656,19.0712,8.43342
2019-01-16,32.684,2.5761,75.292,21466,0.269544,74.9786,4,-0.306783,0.845871,0.36908,-0.982645,0.920341,0.771402,8.3085,-10.7651,18.7573,8.67791
2019-01-17,32.671,2.46054,75.292,21466,-0.106688,73.2205,4,-0.698575,0.485198,-0.375957,-1.02119,0.291115,0.679282,7.9121,-11.7155,18.153,8.87084
2019-01-18,32.622,2.53992,75.292,21466,-0.182779,71.2877,4,-0.850756,0.485198,-0.729916,-0.971596,0.291115,0.679282,7.33456,-12.6407,17.5289,9.06489
2019-01-21,32.623,2.54822,75.292,21466,-0.0473774,69.6909,4,-0.579953,0.485198,-0.204623,-0.955284,0.291115,0.679282,7.15047,-13.5364,16.8411,9.23579
2019-01-22,32.615,2.5647,75.292,21466,-0.0522306,68.1514,4,-0.58966,0.485198,-0.231616,-0.947703,0.291115,0.679282,7.04931,-14.4211,16.1242,9.399
2019-01-23,32.615,2.57146,75.292,21466,-0.065797,66.6056,4,-0.616792,0.485198,-0.289029,-0.944556,0.291115,0.679282,6.95938,-15.2974,15.386,9.55757
2019-01-24,32.598,2.59618,75.292,21466,-0.0671301,64.8735,4,-0.619459,0.485198,-0.30744,-0.931477,0.291115,0.679282,6.64137,-16.1228,14.6375,9.71743
2019-01-25,32.606,2.5922,75.292,21466,-0.00361972,63.1269,4,-0.492438,0.485198,-0.0559115,-0.928964,0.291115,0.679282,6.33652,-16.9498,13.8686,9.87153
2019-01-28,32.595,2.51826,75.292,21466,-0.0240699,61.1369,4,-0.533338,0.485198,-0.109115,-0.957562,0.291115,0.679282,5.78247,-17.7596,13.0887,10.0254
2019-01-29,32.539,2.60324,75.292,21466,-0.0683937,59.4479,4,-0.621986,0.485198,-0.323542,-0.92043,0.291115,0.679282,4.96104,-17.9794,12.3014,10.1649
2019-01-30,32.569,2.5968,75.292,21466,-0.0389182,57.8557,4,-0.55341,0.475573,-0.187201,-0.919619,0.271865,0.679282,4.16262,-18.1067,11.5032,10.2966
2019-01-31,32.491,2.74982,75.292,21466,-0.094289,56.5027,4,-0.655374,0.466796,-0.454311,-0.856437,0.25431,0.679282,3.09201,-17.6967,10.6878,10.4195
2019-02-01,32.483,2.71904,75.292,21466,-0.113529,55.092,4,-0.693524,0.466466,-0.520235,-0.866814,0.253651,0.679282,1.93975,-17.298,9.91098,10.5393
2019-02-04,32.485,2.71537,75.292,21466,-0.0997106,53.9857,4,-0.665032,0.46561,-0.462317,-0.867746,0.251939,0.679282,1.0505,-16.8754,9.15832,10.6523
2019-02-05,32.489,2.69696,75.292,21466,-0.0375186,53.2457,4,-0.533931,0.458893,-0.195677,-0.872184,0.238505,0.679282,0.411565,-16.3646,8.38882,10.81
2019-02-06,32.544,2.67426,75.292,21466,-0.0137581,52.5317,4,-0.4792,0.451684,-0.0838527,-0.874548,0.224087,0.679282,-0.231573,-15.8585,7.60559,11.0162
2019-02-07,32.6,2.05577,75.292,21466,0.0770304,51.4005,4,-0.297623,0.451684,0.520553,-1.1158,0.224087,0.679282,-0.879523,-15.7654,6.82191,11.2235
2019-02-08,32.588,1.99941,75.292,21466,0.068161,50.2492,4,-0.315188,0.45151,0.503025,-1.1334,0.224087,0.678934,-1.52076,-15.6902,6.03588,11.4243
2019-02-11,32.608,1.58099,75.292,21466,0.0497026,49.2478,4,-0.351834,0.451239,0.585983,-1.28965,0.224087,0.678392,-1.62044,-15.9406,5.46176,11.3471
2019-02-12,32.572,1.62052,75.292,21466,0.00946585,48.2141,4,-0.431371,0.450303,0.402616,-1.26536,0.224087,0.676519,-1.77096,-16.1673,4.88661,11.2658
2019-02-13,32.592,1.63201,75.292,21466,-0.0302128,47.2275,4,-0.509885,0.449459,0.240655,-1.26043,0.224087,0.674832,-1.87588,-16.3885,4.31094,11.181
2019-02-14,32.605,1.63986,73.6381,20888.6,-0.792858,44.9766,4,-0.608669,-0.977046,0.0311874,-1.24852,-1.37278,-0.581316,-1.53775,-16.5451,2.93527,10.1241
2019-02-15,32.615,1.55873,73.6381,20888.6,-0.77773,43.0376,4,-0.573356,-0.982103,0.12848,-1.27519,-1.37278,-0.591428,-0.83011,-16.7533,1.56371,9.05725
2019-02-18,32.625,1.56277,73.6381,20888.6,-0.791004,40.6379,4,-0.597441,-0.984567,0.0783235,-1.27321,-1.37278,-0.596356,-0.595598,-16.9427,0.198541,7.97771
2019-02-19,32.651,1.58442,73.6381,20888.6,-0.715497,38.5266,4,-0.446426,-0.984567,0.371783,-1.26464,-1.37278,-0.596356,-0.102413,-17.1194,-1.15454,6.90302
2019-02-20,32.675,1.60239,73.6381,20888.6,-0.70901,36.5111,4,-0.433452,-0.984567,0.390618,-1.25752,-1.37278,-0.596356,0.447397,-17.2774,-2.49278,5.83385
2019-02-21,32.725,1.66248,73.6381,20888.6,-0.659058,34.6885,4,-0.333549,-0.984567,0.566644,-1.23374,-1.37278,-0.596356,1.14697,-17.4184,-3.8148,4.77466
2019-02-22,32.676,1.76732,73.6381,20888.6,-0.718966,32.5325,4,-0.453365,-0.984567,0.285518,-1.19225,-1.37278,-0.596356,1.40974,-17.4869,-5.10973,3.71944
2019-02-25,32.66,1.77322,73.6381,20888.6,-0.749134,30.4054,4,-0.513702,-0.984567,0.162132,-1.18954,-1.37278,-0.596356,1.61075,-17.5074,-6.37574,2.67781
2019-02-26,32.663,1.63819,73.6381,20888.6,-0.789288,28.3544,4,-0.594009,-0.984567,0.0522152,-1.24023,-1.37278,-0.596356,1.88774,-17.5769,-7.61006,1.65356
2019-02-27,32.673,1.61616,73.6381,20888.6,-0.806848,26.2452,4,-0.62913,-0.984567,-0.0124543,-1.24581,-1.37278,-0.596356,1.99979,-17.6161,-8.78747,0.648955
2019-02-28,32.667,1.31445,73.6381,20888.6,-0.90222,24.1162,4,-0.819873,-0.984567,-0.281328,-1.35842,-1.37278,-0.596356,2.10361,-17.7529,-9.90352,-0.330982
2019-03-01,32.676,1.30023,73.6381,20888.6,-0.830387,22.3087,4,-0.676207,-0.984567,0,-1.35241,-1.37278,-0.596356,2.46617,-17.8804,-10.9926,-1.28449
2019-03-06,32.698,1.30371,73.6381,20888.6,-0.781557,20.6635,4,-0.578548,-0.984567,0.185184,-1.34228,-1.37278,-0.596356,2.91241,-17.9897,-12.0472,-2.21204
2019-03-07,32.942,2.83553,73.6381,20888.6,-0.344557,19.9467,4,0.303794,-0.992907,1.35172,-0.744133,-1.37278,-0.613037,4.03278,-17.7806,-13.1563,-3.14913
2019-03-08,33.085,3.10132,73.6381,20888.6,-0.163937,19.6017,4,0.67459,-1.00246,1.98998,-0.6408,-1.37278,-0.632151,5.5415,-17.5525,-14.286,-4.1013
2019-03-11,33.078,3.10315,73.6381,20888.6,-0.166088,19.0508,4,0.671771,-1.00395,1.98347,-0.639928,-1.37278,-0.635118,6.58027,-17.1134,-15.3768,-5.03919
2019-03-12,33.094,3.07788,73.6381,20888.6,-0.162062,18.538,4,0.680571,-1.00469,2.01114,-0.649999,-1.37278,-0.636612,7.64229,-16.6762,-16.459,-5.96913
2019-03-13,33.405,4.32836,73.6381,20888.6,0.304041,19.105,4,1.61278,-1.00469,3.38739,-0.161835,-1.37278,-0.636612,9.73073,-15.9458,-17.7171,-6.96278
2019-03-14,33.526,4.31823,73.6381,20888.6,0.148681,19.4198,4,1.30206,-1.00469,2.76767,-0.163558,-1.37278,-0.636612,11.4923,-15.1868,-18.9401,-7.94555
2019-03-15,33.466,4.46153,73.6381,20888.6,-0.0817749,19.3029,4,0.841145,-1.00469,1.78969,-0.107396,-1.37278,-0.636612,12.6129,-14.3264,-20.0874,-8.89623
2019-03-18,33.429,4.53428,74.354,21310.4,0.287201,21.8421,4,0.788349,-0.213948,1.64836,-0.071659,-0.821088,0.393193,14.1075,-13.7693,-20.1281,-8.36798
2019-03-19,33.227,5.22096,74.354,21310.4,0.0972466,24.0333,4,0.408441,-0.213948,0.616855,0.200027,-0.821088,0.393193,14.715,-12.8776,-20.0452,-7.75901
2019-03-20,33.343,5.29208,74.354,21310.4,-0.128155,25.7698,4,-0.0423617,-0.213948,-0.313843,0.22912,-0.821088,0.393193,14.5854,-11.8721,-19.8552,-7.08828
2019-03-21,33.379,5.29097,74.354,21310.4,-0.183261,27.2099,4,-0.242952,-0.123571,-0.71612,0.230215,-0.6241,0.376958,13.8688,-10.8158,-19.4482,-6.39488
2019-03-22,33.633,5.7647,74.354,21310.4,0.235438,29.86,4,0.594447,-0.123571,0.766376,0.422518,-0.6241,0.376958,14.3621,-9.64697,-19.1356,-5.71956
2019-03-25,33.524,5.99985,74.354,21310.4,0.175903,32.2962,4,0.474803,-0.122997,0.427598,0.522009,-0.6241,0.378106,14.4102,-8.35589,-18.7511,-5.00703
2019-03-26,33.435,6.08275,74.354,21310.4,0.31957,35.4346,4,0.761561,-0.12242,0.963932,0.559189,-0.6241,0.37926,15.1253,-7.04312,-18.3677,-4.2799
2019-03-27,33.791,6.90339,74.354,21310.4,0.687677,39.9408,4,1.49287,-0.117518,2.09091,0.894836,-0.6241,0.389064,16.8846,-5.43059,-17.984,-3.52928
2019-03-28,33.724,7.00623,74.354,21310.4,0.575901,44.3514,4,1.26416,-0.112356,1.59879,0.929522,-0.6241,0.399388,18.2807,-3.68878,-17.5029,-2.73765
2019-03-29,33.484,7.65703,74.354,21310.4,0.0614461,47.1972,4,0.235248,-0.112356,-0.721888,1.19238,-0.6241,0.399388,17.7429,-1.69031,-16.9309,-1.92461
2019-04-01,33.424,7.71743,74.354,21310.4,0.124427,50.5794,4,0.361211,-0.112356,-0.492395,1.21482,-0.6241,0.399388,17.583,0.429077,-16.3272,-1.10549
2019-04-02,33.607,7.85807,74.354,21310.4,0.457288,54.8127,4,1.02693,-0.112356,0.782483,1.27138,-0.6241,0.399388,18.1842,2.58525,-15.6725,-0.28417
2019-04-03,33.707,7.87202,74.354,21310.4,0.158713,57.8725,4,0.429783,-0.112356,-0.417336,1.2769,-0.6241,0.399388,17.616,4.71917,-14.995,0.532302
2019-04-04,33.838,7.61464,74.354,21310.4,0.360388,60.1367,4,0.840339,-0.119563,0.509446,1.17123,-0.638514,0.399388,16.8522,6.25989,-14.3307,1.3553
2019-04-05,33.755,7.64229,74.354,21310.4,0.543107,62.3738,4,1.21333,-0.127111,1.2455,1.18115,-0.65361,0.399388,16.156,7.70258,-13.6689,2.18414
2019-04-08,33.785,7.62907,74.354,21310.4,0.63692,64.8647,4,1.41822,-0.14438,1.66494,1.1715,-0.65791,0.369151,15.7777,9.10186,-12.9905,2.97566
2019-04-09,33.941,7.72769,74.354,21310.4,0.601891,67.1768,4,1.36546,-0.161676,1.52349,1.20743,-0.662267,0.338914,15.2551,10.5067,-12.3137,3.72874
2019-04-10,33.893,7.15678,74.354,21310.4,0.368764,67.3698,4,0.902232,-0.164704,0.830546,0.973918,-0.668323,0.338914,13.2051,11.4039,-11.7426,4.5035
2019-04-11,34.128,7.42376,74.354,21310.4,0.510876,68.4414,4,1.18954,-0.167788,1.30271,1.07637,-0.674491,0.338914,11.9831,12.3366,-11.1356,5.25741
2019-04-12,34.068,7.42226,74.354,21310.4,0.535614,70.2324,4,1.23902,-0.167788,1.41215,1.06588,-0.674491,0.338914,11.5868,13.1579,-10.494,5.98166
2019-04-15,34.054,7.40152,74.5016,21318.8,0.491134,70.8137,4,1.12955,-0.147277,1.20156,1.05753,-0.260255,-0.0342991,11.2025,14.0057,-10.0233,5.62879
2019-04-16,34.22,7.04069,74.5016,21318.8,0.463315,71.8436,4,1.07391,-0.147277,1.24158,0.906235,-0.260255,-0.0342991,11.6293,14.4809,-9.53121,5.2646
2019-04-17,34.244,7.00439,74.5016,21318.8,0.539378,73.6752,4,1.22603,-0.147277,1.56632,0.885752,-0.260255,-0.0342991,12.9586,14.8352,-8.9976,4.87896
2019-04-23,34.497,7.32191,74.5016,21318.8,0.58691,75.7101,4,1.3211,-0.147277,1.63443,1.00776,-0.260255,-0.0342991,14.5786,15.2318,-8.6015,4.50113
2019-04-24,34.51,6.98647,74.5016,21318.8,0.635072,76.7314,4,1.41742,-0.147277,1.96168,0.873161,-0.260255,-0.0342991,15.3763,15.4614,-8.26341,4.15713
2019-04-25,34.636,6.81964,74.5016,21318.8,0.7716,78.2086,4,1.69048,-0.147277,2.57603,0.804928,-0.260255,-0.0342991,16.8076,15.4967,-7.89708,3.80132
2019-04-26,34.654,6.64557,74.5016,21318.8,0.583574,78.8455,4,1.31442,-0.147277,1.89669,0.732158,-0.260255,-0.0342991,17.413,15.5437,-7.58481,3.47364
2019-04-29,34.65,5.79763,74.5016,21318.8,0.466688,78.3131,4,1.08068,-0.147304,1.7612,0.400163,-0.260255,-0.034353,17.2439,15.2431,-7.34662,3.17269
2019-04-30,34.981,6.35424,74.5016,21318.8,0.596705,78.3635,4,1.34074,-0.147331,2.06339,0.618095,-0.260255,-0.0344071,17.5838,15.0042,-7.07183,2.84737
2019-05-02,35.101,5.4127,74.5016,21318.8,0.612581,79.6751,4,1.37249,-0.147331,2.49553,0.249454,-0.260255,-0.0344071,19.7638,14.1403,-6.72418,2.49521
2019-05-03,34.94,5.77717,74.5016,21318.8,0.33527,80.1641,4,0.817871,-0.147331,1.24359,0.392151,-0.260255,-0.0344071,20.9529,13.4729,-6.42692,2.16521
2019-05-06,35.036,5.65412,74.5016,21318.8,0.405057,80.0436,4,0.957446,-0.147331,1.57091,0.343977,-0.260255,-0.0344071,21.5564,12.8051,-6.16619,1.84829
2019-05-07,34.986,5.77669,74.5016,21318.8,0.364393,80.5154,4,0.876118,-0.147331,1.36027,0.391966,-0.260255,-0.0344071,22.7651,12.1007,-5.87262,1.52229
2019-05-08,35.047,5.72733,74.5016,21318.8,0.0713772,79.8505,4,0.290086,-0.147331,0.207531,0.37264,-0.260255,-0.0344071,22.6824,11.5862,-5.62979,1.21177
2019-05-09,35.129,5.50843,74.5016,21318.8,0.00759868,78.5832,4,0.165188,-0.149991,0.0430721,0.287304,-0.265575,-0.0344071,22.0364,11.0477,-5.40266,0.90174
2019-05-10,35.145,5.5221,74.5016,21318.8,0.189851,77.4905,4,0.537746,-0.158044,0.782331,0.293161,-0.281681,-0.0344071,21.5671,10.4846,-5.16738,0.606174
2019-05-13,35.23,5.43763,74.5016,21318.8,0.166073,76.3955,4,0.495901,-0.163755,0.731837,0.259964,-0.293103,-0.0344071,21.1449,9.8527,-4.9301,0.328079
2019-05-14,35.21,5.37785,74.5016,21318.8,0.191418,75.9417,4,0.546592,-0.163755,0.856195,0.236988,-0.293103,-0.0344071,21.2332,9.32409,-4.66067,0.0451234
2019-05-15,35.24,5.05023,74.9229,21460.6,0.315521,75.4364,4,0.415812,0.21523,0.724473,0.107151,0.102097,0.328363,20.8664,8.61691,-4.08416,0.0372266
2019-05-16,35.187,5.02851,74.9229,21460.6,0.169453,74.474,4,0.123675,0.21523,0.156989,0.090361,0.102097,0.328363,20.0357,7.92257,-3.51362,0.0293582
2019-05-17,35.256,4.97186,74.9229,21460.6,0.21502,73.7354,4,0.212683,0.217357,0.377641,0.0477241,0.102097,0.332617,19.493,7.17997,-3.25028,0.312736
2019-05-20,35.267,4.85308,74.9229,21460.6,0.126955,72.8212,4,0.0268527,0.227057,0.0599576,-0.00625208,0.102097,0.352016,18.6827,6.51107,-2.98684,0.6143
2019-05-21,35.28,4.86183,74.9229,21460.6,0.167986,71.7937,4,0.0961445,0.239827,0.196764,-0.00447549,0.102097,0.377557,17.7218,5.85382,-2.72127,0.939387
2019-05-22,35.278,4.36104,74.9229,21460.6,0.897679,72.6548,4,-0.0784755,1.87383,0.0566714,-0.213622,1.65356,2.0941,16.4108,4.87677,-1.2213,2.58849
2019-05-23,35.212,4.48322,74.9229,21460.6,0.895622,73.3665,4,-0.0825901,1.87383,0.000468078,-0.165648,1.65356,2.0941,14.825,4.0527,0.264489,4.22439
2019-05-24,35.149,4.47423,74.9229,21460.6,0.750067,73.3081,4,-0.373701,1.87383,-0.577931,-0.169471,1.65356,2.0941,12.3891,3.29998,1.74579,5.87316
2019-05-27,35.088,4.55953,74.9229,21460.6,0.682729,73.5767,4,-0.508376,1.87383,-0.883559,-0.133193,1.65356,2.0941,10.2208,2.62597,3.22177,7.50825
2019-05-28,35.112,4.5512,74.9229,21460.6,0.69603,74.1929,4,-0.481773,1.87383,-0.82681,-0.136737,1.65356,2.0941,8.18961,2.20267,4.68262,9.11796
2019-05-29,35.195,3.22197,74.9229,21460.6,0.650032,74.335,4,-0.57377,1.87383,-0.458374,-0.689167,1.65356,2.0941,6.24284,1.19532,6.15022,10.7467
2019-05-30,35.237,3.02684,74.9229,21460.6,0.748426,74.6954,4,-0.376983,1.87383,0.00420703,-0.758173,1.65356,2.0941,4.31682,0.419426,7.60433,12.3548
2019-05-31,35.252,2.44083,74.9229,21460.6,0.757667,75.7986,4,-0.328569,1.8439,0.338455,-0.995594,1.61361,2.0742,3.59543,-0.640549,8.9749,13.8689
2019-06-03,35.182,2.42746,74.9229,21460.6,0.732061,76.6345,4,-0.34985,1.81397,0.300053,-0.999753,1.57365,2.05429,2.61186,-1.65393,10.3095,15.3671
2019-06-04,35.053,2.73901,74.9229,21460.6,0.599246,77.2248,4,-0.615478,1.81397,-0.364016,-0.86694,1.57365,2.05429,1.30079,-2.59541,11.6461,16.8733
2019-06-05,35.063,2.67084,74.9229,21460.6,0.517236,78.322,4,-0.779498,1.81397,-0.67839,-0.880606,1.57365,2.05429,0.627633,-3.50935,12.9156,18.2881
2019-06-06,35.303,3.52423,74.9229,21460.6,0.820449,80.2416,4,-0.173074,1.81397,0.183423,-0.52957,1.57365,2.05429,0.720357,-4.0514,14.053,19.5197
2019-06-07,35.362,3.55994,74.9229,21460.6,0.841351,81.7035,4,-0.0617825,1.74448,0.377504,-0.501069,1.57365,1.91532,0.416945,-4.56968,15.1991,20.6571
2019-06-10,35.405,3.49049,74.9229,21460.6,0.934382,83.3381,4,0.177052,1.69171,0.874389,-0.520285,1.57365,1.80977,0.511141,-5.04536,16.2628,21.6096
2019-06-11,35.352,3.53466,74.9229,21460.6,1.01577,84.9836,4,0.351395,1.68014,1.20493,-0.502139,1.57365,1.78662,0.744437,-5.46195,17.2457,22.4555
2019-06-12,35.296,3.58074,74.9229,21460.6,0.947427,86.1692,4,0.214716,1.68014,0.912717,-0.483285,1.57365,1.78662,0.862011,-5.78151,17.985,23.1037
2019-06-13,35.295,3.53211,74.9229,21460.6,0.678522,87.0766,4,-0.323093,1.68014,-0.143858,-0.502328,1.57365,1.78662,0.646817,-6.10768,18.7473,23.7901
2019-06-14,35.333,3.48584,75.2153,21470.1,0.727977,87.9483,4,-0.373501,1.82946,-0.231768,-0.515234,1.84796,1.81095,0.230586,-6.40171,19.6618,24.4576
2019-06-17,35.303,3.50121,75.2153,21470.1,0.635041,88.7701,4,-0.523367,1.79345,-0.543407,-0.503327,1.77595,1.81095,-0.170514,-6.64206,20.4971,25.0856
2019-06-18,35.328,3.50736,75.2153,21470.1,0.697272,89.5828,4,-0.348132,1.74268,-0.195809,-0.500455,1.6744,1.81095,-0.423195,-6.86791,21.2212,25.6527
2019-06-20,35.225,3.66458,75.2153,21470.1,0.231726,88.5531,4,-0.41708,0.880532,-0.397202,-0.436958,1.04463,0.716435,-0.731511,-7.14308,21.2115,25.2162
2019-06-21,35.194,3.61665,75.2153,21470.1,0.194274,87.3925,4,-0.491984,0.880532,-0.527706,-0.456262,1.04463,0.716435,-1.10169,-7.47472,21.2033,24.7656
2019-06-24,35.153,3.58283,75.2153,21470.1,0.104963,86.2547,4,-0.670607,0.880532,-0.871332,-0.469881,1.04463,0.716435,-1.32159,-7.8072,21.1442,24.2393
2019-06-26,35.222,3.58472,75.2153,21470.1,0.213497,85.3843,4,-0.453539,0.880532,-0.437959,-0.469119,1.04463,0.716435,-1.02804,-8.13353,20.9737,23.5721
2019-06-27,35.255,3.59045,75.2153,21470.1,0.223431,84.471,4,-0.43367,0.880532,-0.400529,-0.466811,1.04463,0.716435,-0.740696,-8.46058,20.7916,22.8806
2019-06-28,35.182,3.58196,75.2153,21470.1,0.256285,83.6819,4,-0.367961,0.880532,-0.265692,-0.470231,1.04463,0.716435,-0.611127,-8.38574,20.5575,22.1213
2019-07-01,35.09,3.66553,75.2153,21470.1,0.197273,82.5343,4,-0.485422,0.879969,-0.534269,-0.436575,1.04463,0.715309,-1.00574,-8.26326,20.3861,21.4173
2019-07-02,35.187,3.81,75.2153,21470.1,0.36388,81.6838,4,-0.151648,0.879407,0.0750976,-0.378393,1.04463,0.714186,-1.20554,-7.88991,20.156,20.6233
2019-07-03,35.187,3.7436,75.2153,21470.1,0.28062,80.6776,4,-0.318167,0.879407,-0.231201,-0.405134,1.04463,0.714186,-1.60629,-7.53327,19.9694,19.8477
2019-07-04,35.115,3.57222,75.2153,21470.1,0.146696,79.6357,4,-0.586015,0.879407,-0.697875,-0.474154,1.04463,0.714186,-1.86843,-7.31565,19.7709,19.0489
2019-07-05,35.217,3.70933,75.2153,21470.1,0.353199,79.2499,4,-0.17301,0.879407,0.0766406,-0.42266,1.04463,0.714186,-1.31505,-7.001,19.4459,18.1201
2019-07-08,35.172,2.79999,75.2153,21470.1,0.312719,78.0288,4,-0.253969,0.879407,0.284192,-0.79213,1.04463,0.714186,-1.25306,-7.26942,19.2491,17.3022
2019-07-09,35.196,2.73435,75.2153,21470.1,0.224383,76.4909,4,-0.430642,0.879407,-0.042483,-0.818801,1.04463,0.714186,-1.58618,-7.59638,19.0763,16.5971
2019-07-10,35.106,2.79644,75.2153,21470.1,0.13084,74.4018,4,-0.617728,0.879407,-0.441885,-0.793571,1.04463,0.714186,-2.62089,-7.91591,18.9445,15.994
2019-07-11,35.134,2.79821,75.2153,21470.1,0.242835,72.3044,4,-0.393738,0.879407,0.00537629,-0.792852,1.04463,0.714186,-3.58796,-8.24262,18.773,15.3621
2019-07-12,35.104,2.76584,75.2153,21470.1,0.0928768,69.8919,4,-0.693653,0.879407,-0.581302,-0.806005,1.04463,0.714186,-4.81109,-8.60127,18.5933,14.7109
2019-07-15,35.097,2.7645,75.6753,21784.6,0.426639,69.1631,4,-0.608059,1.46134,-0.409568,-0.806549,1.41475,1.50793,-5.03777,-8.8714,18.5314,14.5409
2019-07-16,35.165,2.83638,75.6753,21784.6,0.47999,68.4381,4,-0.494947,1.45493,-0.212548,-0.777345,1.40193,1.50793,-5.03888,-9.10823,18.2376,14.3476
2019-07-17,35.102,2.88275,75.6753,21784.6,0.51288,68.0784,4,-0.424555,1.45031,-0.090607,-0.758504,1.3927,1.50793,-4.68681,-9.32518,17.9613,14.129
2019-07-19,35.016,2.95571,75.6753,21784.6,0.389667,67.1649,4,-0.66643,1.44576,-0.604001,-0.728859,1.3836,1.50793,-5.03016,-9.5426,17.7971,13.9406
2019-07-22,34.811,3.4312,75.6753,21784.6,0.197138,67.0616,4,-0.966524,1.3608,-1.39402,-0.539026,1.23521,1.48639,-5.82784,-9.62799,17.9565,14.5609
2019-07-23,34.388,5.37234,75.6753,21784.6,-0.0845927,66.2234,4,-1.51604,1.34686,-3.28685,0.254767,1.20733,1.48639,-8.05598,-9.08973,18.1447,15.2244
2019-07-24,33.83,7.61442,75.6753,21784.6,-0.033508,65.8042,4,-1.41387,1.34686,-4,1.17225,1.20733,1.48639,-10.5775,-7.7868,18.3032,15.8653
2019-07-25,34.144,8.49366,75.6753,21784.6,0.0545267,65.3206,4,-1.2378,1.34686,-4,1.52439,1.20733,1.48639,-13.4572,-6.19872,18.4653,16.5111
2019-07-26,34.174,8.49142,75.6753,21784.6,0.0792912,64.8798,4,-1.18828,1.34686,-3.88475,1.5082,1.20733,1.48639,-16.2807,-4.61908,18.6241,17.1555
2019-07-29,34.205,8.53318,75.6753,21784.6,0.345668,65.1534,4,-0.650965,1.3423,-2.81312,1.51119,1.19821,1.48639,-18.3132,-3.0221,18.7302,17.7585
2019-07-30,34.326,8.69517,75.6753,21784.6,0.979397,67.512,4,0.62105,1.33774,-0.323695,1.5658,1.1891,1.48639,-17.9837,-1.40011,18.6799,18.2159
2019-07-31,34.35,8.60407,75.6753,21784.6,1.64103,71.2136,4,1.94431,1.33774,2.37099,1.51763,1.1891,1.48639,-15.8787,0.108568,18.4741,18.5096
2019-08-01,34.595,9.09197,75.6753,21784.6,1.59629,74.8047,4,1.86342,1.32915,2.03342,1.69342,1.1891,1.46921,-13.8102,1.71529,18.1983,18.7012
2019-08-02,34.736,9.24283,75.6753,21784.6,1.72571,78.7808,4,2.13086,1.32056,2.52761,1.7341,1.1891,1.45203,-11.0058,3.30878,17.774,18.7038
2019-08-05,35.141,10.1433,75.6753,21784.6,2.1667,82.8613,4,3.03339,1.30002,4,2.06678,1.14801,1.45203,-7.77366,4.96255,17.1622,18.5102
2019-08-06,35.148,10.1342,75.6753,21784.6,2.06966,86.2998,4,2.85986,1.27947,3.6756,2.04411,1.10691,1.45203,-5.12234,6.69862,16.4845,18.239
2019-08-07,35.295,10.2422,75.6753,21784.6,2.16021,89.5053,4,3.04094,1.27947,4,2.08189,1.10691,1.45203,-2.23218,8.24813,15.6919,17.7975
2019-08-08,35.273,10.1974,75.6753,21784.6,1.90341,91.9293,4,2.52736,1.27947,2.99358,2.06113,1.10691,1.45203,0.00377761,9.60439,14.9511,17.37
2019-08-09,35.344,10.2153,75.6753,21784.6,1.8228,93.7102,4,2.36613,1.27947,2.66815,2.06411,1.10691,1.45203,1.57426,10.8436,14.2936,16.9987
2019-08-12,35.901,11.5576,75.6753,21784.6,2.10941,95.5202,4,2.93935,1.27947,3.30575,2.57295,1.10691,1.45203,3.63186,12.056,13.4588,16.3736
2019-08-13,35.878,11.5653,75.6753,21784.6,2.07352,96.6645,4,2.86972,1.27732,3.17092,2.56852,1.10261,1.45203,5.32929,13.2162,12.609,15.51
2019-08-14,36.15,11.7888,75.47,21866.4,2.23756,97.6084,4,3.17628,1.29884,3.70123,2.65133,0.941271,1.6564,6.98328,14.1981,11.6909,14.7362
2019-08-15,36.198,11.7293,75.47,21866.4,2.13505,98.2696,4,3.31318,0.956931,4,2.62635,0.619094,1.29477,8.56165,15.0795,10.7362,13.8923
2019-08-16,36.199,11.6501,75.47,21866.4,2.04641,98.777,4,3.13589,0.956931,3.69144,2.58034,0.619094,1.29477,10.0491,15.7929,9.84641,13.0886
2019-08-19,36.343,11.3254,75.47,21866.4,1.54553,99.0893,4,2.13414,0.956931,1.83175,2.43653,0.619094,1.29477,11.0216,16.422,9.17722,12.4685
2019-08-20,36.605,10.0846,75.47,21866.4,1.72752,99.398,4,2.49812,0.956931,3.0391,1.95713,0.619094,1.29477,13.0005,16.2316,8.44513,11.7208
2019-08-21,36.502,7.40381,75.47,21866.4,1.06984,99.5368,4,1.18275,0.956931,1.42212,0.94337,0.619094,1.29477,14.7126,15.6169,7.94078,11.2665
2019-08-22,36.33,7.69668,75.47,21866.4,0.858986,99.6192,4,0.761041,0.956931,0.481772,1.04031,0.619094,1.29477,16.0915,15.0672,7.5299,10.9305
2019-08-23,36.476,7.65681,75.47,21866.4,1.00775,99.6978,4,1.05857,0.956931,1.10209,1.01506,0.619094,1.29477,17.5316,14.4849,7.11107,10.5702
2019-08-26,36.498,7.66993,75.47,21866.4,0.87685,99.7359,4,0.796768,0.956931,0.58123,1.01231,0.619094,1.29477,18.5193,14.0841,6.79119,10.3413
2019-08-27,36.501,7.75011,75.47,21866.4,0.598014,99.709,4,0.249226,0.946801,-0.534132,1.03258,0.598834,1.29477,18.6424,14.0388,6.64529,10.3825
2019-08-28,36.627,7.69974,75.47,21866.4,0.834545,99.6439,4,0.732419,0.936671,0.457175,1.00766,0.578574,1.29477,18.3497,14.1733,6.56827,10.5526
2019-08-29,36.608,7.66345,75.47,21866.4,0.994749,99.5872,4,1.05283,0.936671,1.12394,0.981709,0.578574,1.29477,18.321,14.1475,6.44745,10.6713
2019-08-30,36.642,7.6771,75.47,21866.4,0.872524,99.4928,4,0.808377,0.936671,0.633427,0.983327,0.578574,1.29477,18.0343,14.2092,6.36884,10.8805
2019-09-02,36.797,6.95277,75.47,21866.4,0.949559,99.325,4,0.962447,0.936671,1.20583,0.719062,0.578574,1.29477,17.5523,14.1817,6.37079,11.2202
2019-09-03,36.699,7.13967,75.47,21866.4,0.855438,99.1105,4,0.774205,0.936671,0.764765,0.783645,0.578574,1.29477,16.9697,14.1782,6.38546,11.5771
2019-09-04,36.651,7.19947,75.47,21866.4,0.670242,98.7675,4,0.403813,0.936671,0.00307369,0.804552,0.578574,1.29477,15.9824,14.278,6.45142,12.0557
2019-09-05,36.592,7.25344,75.47,21866.4,0.633425,98.3899,4,0.330179,0.936671,-0.163197,0.823556,0.578574,1.29477,15.1623,14.284,6.46853,12.4751
2019-09-06,36.429,7.5891,75.47,21866.4,0.448335,97.8736,4,-0.0400012,0.936671,-1.0169,0.936895,0.578574,1.29477,14.0437,14.3732,6.50025,12.9564
2019-09-09,36.476,5.45666,75.47,21866.4,0.142479,96.8964,4,-0.651714,0.936671,-1.48238,0.178953,0.578574,1.29477,12.4692,14.0633,6.64793,13.716
2019-09-10,36.598,5.50051,75.47,21866.4,0.384417,95.7844,4,-0.167838,0.936671,-0.530216,0.194541,0.578574,1.29477,11.1299,13.5392,6.72797,14.3873
2019-09-11,36.541,4.98626,75.47,21866.4,0.329056,94.1617,4,-0.278559,0.936671,-0.568877,0.0117583,0.578574,1.29477,9.33107,12.8371,6.93105,15.0624
2019-09-12,36.462,5.06635,75.47,21866.4,0.313895,92.1904,4,-0.308881,0.936671,-0.657985,0.0402229,0.578574,1.29477,6.99751,11.9761,7.29953,15.9173
2019-09-13,36.469,5.06524,75.47,21866.4,0.501302,90.153,4,0.0659321,0.936671,0.0920354,0.0398289,0.578574,1.29477,5.00459,10.8923,7.6084,16.6476
2019-09-16,36.662,5.20777,75.5171,22002,0.703571,88.8908,4,0.407577,0.999565,0.724664,0.0904904,0.390992,1.60814,4.3949,9.60716,7.63912,17.2496
2019-09-17,36.766,4.6605,75.5171,22002,0.636533,87.0885,4,0.273502,0.999565,0.644022,-0.097019,0.390992,1.60814,2.90228,8.50042,7.71145,17.9744
2019-09-18,36.762,4.52354,75.5171,22002,0.676687,86.3919,4,0.364394,0.98898,0.871283,-0.142496,0.382467,1.59549,2.55488,7.84408,7.62847,18.3644
2019-09-19,36.784,4.10637,75.5171,22002,0.743085,86.1817,4,0.507774,0.978395,1.30265,-0.2871,0.373941,1.58285,3.12617,6.95587,7.4828,18.6169
2019-09-20,36.794,3.90664,75.5171,22002,0.72569,85.661,4,0.472986,0.978395,1.30319,-0.357217,0.373941,1.58285,3.28768,6.05669,7.36693,18.9497
2019-09-23,36.768,3.92674,75.5171,22002,0.492455,84.9302,4,0.00651435,0.978395,0.360318,-0.347289,0.373941,1.58285,3.16504,5.16556,7.26659,19.333
2019-09-24,36.789,3.92585,75.5171,22002,0.403653,84.5515,4,-0.171088,0.978395,0.000700738,-0.342877,0.373941,1.58285,3.55538,4.22519,7.14348,19.6274
2019-09-25,36.88,3.83955,75.5171,22002,0.496825,83.8785,4,0.0152554,0.978395,0.40184,-0.37133,0.373941,1.58285,3.54532,3.28433,7.05715,19.9917
2019-09-26,36.812,3.90738,75.5171,22002,0.408147,82.6648,4,-0.162101,0.978395,0.018913,-0.343115,0.373941,1.58285,2.80194,2.37972,7.0081,20.475
2019-09-27,36.851,3.91054,75.5171,22002,0.43955,81.7326,4,-0.0992944,0.978395,0.143404,-0.341993,0.373941,1.58285,2.47469,1.44338,6.929,20.8855
2019-09-30,36.939,3.71479,75.5171,22002,0.544888,80.8336,4,0.111382,0.978395,0.634331,-0.411567,0.373941,1.58285,2.07924,0.630166,6.84144,21.2828
2019-10-01,37.016,3.61101,75.5171,22002,0.594742,80.2404,4,0.211089,0.978395,0.870635,-0.448457,0.373941,1.58285,2.1687,-0.271619,6.72946,21.6139
2019-10-02,37.184,3.82623,75.5171,22002,0.692711,80.292,4,0.407027,0.978395,1.18601,-0.371958,0.373941,1.58285,3.03644,-1.13555,6.57596,21.8151
2019-10-03,37.176,3.74456,75.5171,22002,0.747124,80.5516,4,0.515853,0.978395,1.43269,-0.400988,0.373941,1.58285,4.19829,-2.02995,6.41007,21.9732
2019-10-04,37.151,3.24754,75.5171,22002,0.633953,80.9711,4,0.289512,0.978395,1.15667,-0.577643,0.373941,1.58285,5.76754,-3.12699,6.23508,22.0954
2019-10-07,37.219,3.25995,75.5171,22002,0.610969,82.0047,4,0.243544,0.978395,1.06451,-0.577418,0.373941,1.58285,7.54731,-3.64094,6.02294,22.0754
2019-10-08,37.225,3.15197,75.5171,22002,0.526,82.31,4,0.0736044,0.978395,0.763532,-0.616323,0.373941,1.58285,8.4545,-4.21301,5.85637,22.2122
2019-10-09,37.211,3.05872,75.5171,22002,0.327276,82.3062,4,-0.323843,0.978395,0.00246197,-0.650147,0.373941,1.58285,8.86614,-4.68968,5.70929,22.4205
2019-10-10,37.181,2.91227,75.5171,22002,0.291273,82.2576,4,-0.395848,0.978395,-0.089063,-0.702633,0.373941,1.58285,9.28048,-5.22715,5.56483,22.6395
2019-10-11,37.13,3.01916,75.5171,22002,-0.0127523,81.1314,4,-0.43113,0.405625,-0.197934,-0.664326,0.0221429,0.789108,9.1762,-5.80043,5.22359,22.532
2019-10-14,37.207,2.58558,75.5171,22002,-0.0510083,79.4004,4,-0.487733,0.385716,-0.15628,-0.819186,0.0221429,0.749289,8.67243,-6.56775,5.03501,22.2607
2019-10-15,37.324,2.62062,76.6347,22200.4,0.392599,78.8213,4,-0.249367,1.03456,0.307581,-0.806315,0.869919,1.19921,8.46543,-7.12832,5.41651,22.0677
2019-10-16,37.34,2.60407,76.6347,22200.4,0.419848,78.2013,4,-0.182681,1.02238,0.435566,-0.800928,0.845543,1.19921,8.18316,-7.65746,5.79073,21.8849
2019-10-17,37.336,2.62257,76.6347,22200.4,0.450727,77.4831,4,-0.112287,1.01374,0.549622,-0.774197,0.828273,1.19921,7.66358,-8.06765,6.1656,21.7216
2019-10-18,37.368,2.61679,76.6347,22200.4,0.533235,77.0031,4,0.0658611,1.00061,0.894482,-0.76276,0.802007,1.19921,7.38324,-8.4035,6.51145,21.5119
2019-10-21,37.392,2.55871,76.6347,22200.4,0.466253,76.9373,4,-0.0549697,0.987476,0.666368,-0.776307,0.775742,1.19921,7.61805,-8.7317,6.81816,21.2328
2019-10-22,37.408,2.56122,76.6347,22200.4,0.363748,76.8369,4,-0.25998,0.987476,0.243416,-0.763376,0.775742,1.19921,7.80724,-9.0561,7.12699,20.9588
2019-10-23,37.374,2.55582,76.6347,22200.4,0.314169,76.3742,4,-0.359138,0.987476,0.032059,-0.750336,0.775742,1.19921,7.55339,-9.37443,7.45603,20.7392
2019-10-24,37.398,2.37805,76.6347,22200.4,0.33198,76.1798,4,-0.323516,0.987476,0.150912,-0.797945,0.775742,1.19921,7.66423,-9.73302,7.77165,20.4769
2019-10-25,37.438,2.3782,76.6347,22200.4,0.340869,75.9266,4,-0.305738,0.987476,0.184563,-0.796039,0.775742,1.19921,7.70935,-10.096,8.09137,20.2219
2019-10-28,37.501,2.3282,76.6347,22200.4,0.381203,75.5034,4,-0.22507,0.987476,0.350771,-0.800911,0.775742,1.19921,7.51569,-10.4229,8.42186,19.9888
2019-10-29,37.453,2.37939,76.6347,22200.4,0.318978,74.7815,4,-0.34952,0.987476,0.0797346,-0.778776,0.775742,1.19921,6.94573,-10.7269,8.7709,19.7917
2019-10-30,37.481,1.8734,76.6347,22200.4,0.34386,73.8524,4,-0.299756,0.987476,0.349968,-0.94948,0.775742,1.19921,6.3421,-11.2361,9.13298,19.6134
2019-10-31,37.416,2.01201,76.6347,22200.4,0.260898,72.5287,4,-0.465679,0.987476,-0.0325788,-0.89878,0.775742,1.19921,5.25298,-11.7119,9.51755,19.4701
2019-11-01,37.422,1.97885,76.6347,22200.4,0.224249,71.3883,4,-0.538979,0.987476,-0.174788,-0.903169,0.775742,1.19921,4.24433,-12.0403,9.8918,19.2925
2019-11-04,37.276,2.41533,76.6347,22200.4,0.0349563,69.748,4,-0.917563,0.987476,-1.08212,-0.753011,0.775742,1.19921,2.58611,-12.2786,10.2907,19.1497
2019-11-05,37.336,2.47593,76.6347,22200.4,0.16016,68.6847,4,-0.667156,0.987476,-0.606659,-0.727653,0.775742,1.19921,1.5126,-12.4271,10.6597,18.9395
2019-11-06,37.456,2.69265,76.6347,22200.4,0.279465,68.5446,4,-0.428546,0.987476,-0.201417,-0.655675,0.775742,1.19921,1.35181,-12.4392,10.985,18.6469
2019-11-07,37.449,2.66688,76.6347,22200.4,0.344606,68.7009,4,-0.298263,0.987476,0.0541206,-0.650647,0.775742,1.19921,1.46438,-12.3894,11.2959,18.33
2019-11-08,37.494,2.60088,76.6347,22200.4,0.385265,69.8566,4,-0.216947,0.987476,0.221907,-0.6558,0.775742,1.19921,1.78761,-12.3167,11.83,18.5557
2019-11-11,37.476,2.55204,76.6347,22200.4,0.506678,71.4427,4,0.0603006,0.953056,0.785948,-0.665346,0.911273,0.994838,2.51029,-12.0979,12.4309,18.5995
2019-11-12,37.561,2.44228,76.6347,22200.4,0.519482,71.798,4,0.0973011,0.941662,0.888793,-0.694191,0.888486,0.994838,2.95922,-11.9873,12.4216,18.4044
2019-11-13,37.566,2.44273,76.6347,22200.4,0.374846,71.6722,4,-0.159512,0.909204,0.373303,-0.692327,0.881881,0.936528,2.9126,-11.9106,12.4585,18.2118
2019-11-14,37.67,2.5874,76.4713,22303.6,0.530452,71.8948,4,0.111754,0.949151,0.868209,-0.644702,0.766769,1.13153,3.15766,-11.7952,12.3954,18.1369
2019-11-15,37.653,2.60144,76.4713,22303.6,0.428871,71.6033,4,-0.0228913,0.880634,0.594298,-0.640081,0.629735,1.13153,2.92807,-11.718,12.2804,18.1128
2019-11-18,37.656,2.60158,76.4713,22303.6,0.417904,71.4677,4,0.023691,0.812117,0.687416,-0.640034,0.492702,1.13153,2.94665,-11.6199,12.068,18.073
2019-11-19,37.656,2.60435,76.4713,22303.6,0.321839,71.35,4,-0.168439,0.812117,0.302243,-0.639121,0.492702,1.13153,2.99453,-11.53,11.8541,18.0313
2019-11-20,37.678,2.5637,76.4713,22303.6,0.336779,71.4135,4,-0.138559,0.812117,0.375385,-0.652504,0.492702,1.13153,3.2621,-11.4495,11.6286,17.9723
2019-11-21,37.743,2.60537,76.4713,22303.6,0.295168,71.31,4,-0.221781,0.812117,0.195222,-0.638785,0.492702,1.13153,3.29857,-11.3312,11.4135,17.9292
2019-11-22,37.77,2.5974,76.4713,22303.6,0.343724,71.318,4,-0.124669,0.812117,0.392071,-0.641409,0.492702,1.13153,3.46084,-11.2097,11.1915,17.8755
2019-11-25,37.804,2.5625,76.4713,22303.6,0.375825,71.3029,4,-0.0604678,0.812117,0.531964,-0.6529,0.492702,1.13153,3.60294,-11.0948,10.9708,17.8239
2019-11-26,37.903,2.59606,76.4713,22303.6,0.489235,71.7802,4,0.166352,0.812117,0.974555,-0.641851,0.492702,1.13153,4.29236,-10.9595,10.7218,17.7256
2019-11-27,37.996,2.67823,76.4713,22303.6,0.575213,72.4226,4,0.338309,0.812117,1.29043,-0.613813,0.492702,1.13153,5.00872,-10.6594,10.4635,17.6098
2019-11-28,38.012,2.525,76.4713,22303.6,0.508629,73.1024,4,0.205141,0.812117,1.06998,-0.659704,0.492702,1.13153,5.84343,-10.4323,10.2031,17.4882
2019-11-29,37.84,3.15248,76.4713,22303.6,0.338436,73.4129,4,-0.135244,0.812117,0.182644,-0.453133,0.492702,1.13153,6.10907,-10.0649,9.96525,17.4035
2019-12-02,37.69,3.16434,76.4713,22303.6,0.13313,73.6784,4,-0.545857,0.812117,-0.642488,-0.449227,0.492702,1.13153,6.43871,-9.81406,9.73061,17.3232
2019-12-03,37.618,3.25399,76.4713,22303.6,-0.0500233,73.1084,4,-0.912164,0.812117,-1.40461,-0.419714,0.492702,1.13153,5.84254,-9.60919,9.54475,17.3303
2019-12-04,37.811,3.53291,76.4713,22303.6,0.0857561,72.5776,4,-0.640605,0.812117,-0.953319,-0.327891,0.492702,1.13153,5.27617,-9.38413,9.35426,17.3313
2019-12-05,37.811,3.52891,76.4713,22303.6,0.0676153,71.8097,4,-0.676887,0.812117,-1.02457,-0.329208,0.492702,1.13153,4.45681,-9.17353,9.17351,17.3529
2019-12-06,37.713,3.68022,76.4713,22303.6,0.157529,71.1707,4,-0.487833,0.802891,-0.696271,-0.279396,0.492702,1.11308,3.75285,-8.91004,8.98316,17.3447
2019-12-09,37.802,3.73869,76.4713,22303.6,0.424954,70.9397,4,0.056243,0.793665,0.372633,-0.260147,0.492702,1.09463,3.43322,-8.60297,8.66568,17.4438
2019-12-10,37.977,3.97735,76.4713,22303.6,0.721564,71.5093,4,0.649462,0.793665,1.4805,-0.181577,0.492702,1.09463,3.88562,-8.17649,8.33037,17.4698
2019-12-11,37.937,4.01601,76.4713,22303.6,0.462316,71.7541,4,0.130967,0.793665,0.430785,-0.168851,0.492702,1.09463,3.92538,-7.75696,8.0155,17.5702
2019-12-12,37.826,4.09641,76.4713,22303.6,0.228634,70.905,4,-0.107802,0.56507,-0.0732218,-0.142381,0.373134,0.757006,3.20461,-7.39784,7.74279,17.3554
2019-12-13,37.784,4.1171,76.4713,22303.6,0.265094,70.4393,4,0.0209104,0.509277,0.177391,-0.13557,0.286757,0.731797,2.8844,-7.01866,7.49142,17.0821
2019-12-16,37.729,4.15768,77.3338,22742.2,0.501735,70.6781,4,-0.302115,1.30559,-0.482016,-0.122213,0.894219,1.71695,1.96263,-6.60361,7.79773,17.5214
2019-12-17,37.699,4.1697,77.3338,22742.2,0.27116,70.5338,4,-0.760915,1.30324,-1.40358,-0.118254,0.894219,1.71225,0.623558,-6.1991,8.11893,17.9905
2019-12-18,37.696,4.16523,77.3338,22742.2,0.314269,70.4697,4,-0.672361,1.3009,-1.225,-0.119726,0.894219,1.70758,-0.634285,-5.78228,8.43717,18.4491
2019-12-19,37.598,4.21392,77.3338,22742.2,0.334697,70.5823,4,-0.631504,1.3009,-1.15931,-0.103698,0.894219,1.70758,-1.69811,-5.35862,8.74785,18.8912
2019-12-20,37.501,4.2818,77.3338,22742.2,0.278987,70.3977,4,-0.742924,1.3009,-1.4045,-0.0813499,0.894219,1.70758,-3.11245,-4.92316,9.07168,19.3617
2019-12-23,37.087,5.69899,77.3338,22742.2,-0.00791784,69.2927,4,-1.31673,1.3009,-3.01412,0.380647,0.894219,1.70758,-5.93235,-4.13226,9.43731,19.92
2019-12-24,36.972,5.58395,77.3338,22742.2,-0.11066,67.5298,4,-1.52222,1.3009,-3.38306,0.338618,0.894219,1.70758,-9.44957,-3.38303,9.82994,20.5325
2019-12-26,37.008,5.47794,77.3338,22742.2,-0.07997,65.5587,4,-1.46084,1.3009,-3.2074,0.285726,0.894219,1.70758,-13.1312,-2.68656,10.2265,21.15
2019-12-27,37.134,5.70073,77.3338,22742.2,0.18403,64.5658,4,-0.932839,1.3009,-2.20604,0.34036,0.894219,1.70758,-15.8143,-1.89025,10.5846,21.6858
2019-12-30,37.308,5.91278,77.3338,22742.2,0.497982,65.0551,4,-0.30234,1.2983,-0.995116,0.390436,0.889027,1.70758,-16.7355,-1.20886,10.886,22.1135
2020-01-02,37.166,5.90143,77.3338,22742.2,0.790718,67.0448,4,0.288236,1.2932,0.21938,0.357092,0.878821,1.70758,-15.9253,-0.556425,11.1147,22.4118
2020-01-03,37.279,6.02666,77.3338,22742.2,1.05253,70.2727,4,0.814364,1.29069,1.24381,0.384914,0.873805,1.70758,-13.615,0.0846128,11.2566,22.5465
2020-01-07,37.445,5.94824,77.3338,22742.2,1.18497,73.3389,4,1.07925,1.29069,1.80907,0.349436,0.873805,1.70758,-11.2517,0.607334,11.3648,22.6184
2020-01-08,37.452,5.95064,77.3338,22742.2,1.04542,75.9251,4,0.800142,1.29069,1.26817,0.332114,0.873805,1.70758,-9.31928,1.10038,11.465,22.679
2020-01-09,37.384,5.92024,77.3338,22742.2,0.770134,77.4731,4,0.249576,1.29069,0.189307,0.309845,0.873805,1.70758,-8.54699,1.53109,11.6211,22.8679
2020-01-10,37.259,5.9094,77.3338,22742.2,0.787653,78.3624,4,0.284613,1.29069,0.267492,0.301735,0.873805,1.70758,-8.56506,1.93993,11.8236,23.164
2020-01-13,37.41,5.84371,77.3338,22742.2,0.821272,78.6033,4,0.352817,1.28973,0.432481,0.273154,0.873805,1.70565,-9.32923,2.27504,12.0841,23.5733
2020-01-14,37.358,5.84724,77.572,22721.1,0.596959,78.926,4,-0.135795,1.32971,-0.537549,0.265959,1.00358,1.65585,-10.0238,2.5921,12.4311,23.9266
2020-01-15,37.334,5.79121,77.572,22721.1,0.547322,79.6785,4,-0.215984,1.31063,-0.675117,0.243148,0.971601,1.64965,-10.4028,2.85989,12.7919,24.4295
2020-01-16,37.29,5.79198,77.572,22721.1,0.276374,79.7048,4,-0.163442,0.71619,-0.568795,0.241911,0.251436,1.18094,-10.9513,3.13794,12.7628,24.7554
2020-01-17,37.306,5.79616,77.572,22721.1,0.423639,79.5221,4,0.149582,0.697696,0.0575549,0.241609,0.214449,1.18094,-10.5701,3.41211,12.2808,24.3992
2020-01-20,37.362,5.84109,77.572,22721.1,0.302393,79.5953,4,-0.0568786,0.661664,-0.368992,0.255235,0.177462,1.14587,-9.79857,3.68594,11.7431,23.9648
2020-01-21,37.386,5.85275,77.572,22721.1,0.377542,79.7431,4,0.11483,0.640253,-0.0280883,0.257748,0.177462,1.10304,-8.90222,3.9597,11.1986,23.487
2020-01-22,37.312,5.82599,77.572,22721.1,0.316329,79.7003,4,-0.00368528,0.636343,-0.254709,0.247339,0.177385,1.0953,-8.23768,4.22042,10.6736,23.0439
2020-01-23,37.255,5.78502,77.572,22721.1,0.297023,79.7423,4,-0.0422569,0.636304,-0.313868,0.229354,0.177307,1.0953,-7.42957,4.44817,10.1404,22.5833
2020-01-24,37.224,4.17261,77.572,22721.1,0.109147,80.0141,4,-0.41782,0.636114,-0.527337,-0.308303,0.177307,1.09492,-5.58031,3.92998,9.58767,22.0768
2020-01-27,37.354,4.1392,77.572,22721.1,0.190009,80.7022,4,-0.255908,0.635925,-0.191197,-0.320619,0.177307,1.09454,-3.20948,3.42256,9.00188,21.4872
2020-01-28,37.377,4.13588,77.572,22721.1,0.188365,81.3038,4,-0.259195,0.635925,-0.195701,-0.322688,0.177307,1.09454,-1.00026,2.96008,8.42796,20.916
2020-01-29,37.391,3.99114,77.572,22721.1,0.274077,81.5031,4,-0.0868173,0.634971,0.198179,-0.371814,0.1754,1.09454,0.746917,2.43724,7.88943,20.4295
2020-01-30,37.583,4.05805,77.572,22721.1,0.557731,81.6345,4,0.481445,0.634017,1.31375,-0.350864,0.173492,1.09454,2.41968,1.89662,7.36027,19.958
2020-01-31,37.531,3.8102,77.572,22721.1,0.509487,81.0106,4,0.384957,0.634017,1.20642,-0.436509,0.173492,1.09454,3.1547,1.32953,6.89151,19.6348
2020-02-03,37.568,3.6962,77.572,22721.1,0.392159,79.4949,4,0.150301,0.634017,0.776077,-0.475475,0.173492,1.09454,2.85329,0.711863,6.47089,19.4589
2020-02-04,37.583,3.37203,77.572,22721.1,0.354701,77.4907,4,0.0753841,0.634017,0.736731,-0.585963,0.173492,1.09454,2.09452,0.0202437,6.05246,19.3235
2020-02-05,37.578,3.37391,77.572,22721.1,0.333198,75.6864,4,0.0323784,0.634017,0.650772,-0.586016,0.173492,1.09454,1.65192,-0.679249,5.59951,19.1142
2020-02-06,37.575,3.29373,77.572,22721.1,0.109392,73.9449,4,-0.415234,0.634017,-0.215987,-0.614481,0.173492,1.09454,1.35851,-1.39969,5.12416,18.862
2020-02-07,37.724,3.25426,77.572,22721.1,0.328192,72.6972,4,0.0223666,0.634017,0.673376,-0.628643,0.173492,1.09454,1.68397,-2.13286,4.61868,18.5274
2020-02-10,37.752,2.99409,77.572,22721.1,0.294431,71.231,4,-0.0451558,0.634017,0.627211,-0.717522,0.173492,1.09454,1.8501,-2.92587,4.10773,18.199
2020-02-11,37.773,2.91356,77.572,22721.1,0.287005,70.3513,4,-0.0468802,0.62089,0.651273,-0.745033,0.173492,1.06829,2.79349,-3.73423,3.4733,17.8188
2020-02-12,37.91,3.07039,77.572,22721.1,0.448852,70.0693,4,0.289995,0.607708,1.27145,-0.691456,0.173492,1.04192,4.33056,-4.47554,2.8495,17.3648
2020-02-13,38.053,3.15544,77.572,22721.1,0.612215,71.0261,4,0.619386,0.605043,1.90355,-0.664779,0.173492,1.03659,6.24779,-5.16481,2.77474,17.1684
2020-02-14,37.916,3.55442,76.2357,22253.5,-0.144255,69.3999,4,0.044424,-0.332934,0.618879,-0.530031,-0.68757,0.021702,6.74147,-5.81597,2.08427,16.3902
2020-02-17,37.906,3.5642,76.2357,22253.5,-0.221032,67.8664,4,-0.0485027,-0.393561,0.429945,-0.52695,-0.582255,-0.204867,7.42293,-6.47782,1.49407,15.4272
2020-02-18,38.046,3.71567,76.2357,22253.5,-0.0776023,66.5075,4,0.238357,-0.393561,0.952222,-0.475509,-0.582255,-0.204867,8.24751,-7.09963,0.894536,14.4651
2020-02-19,38.064,3.5645,76.2357,22253.5,-0.222147,64.8716,4,-0.0507338,-0.393561,0.42712,-0.528587,-0.582255,-0.204867,8.84459,-7.76567,0.288609,13.5041
2020-02-20,38.254,3.69873,76.2357,22253.5,-0.160017,63.461,4,0.0735273,-0.393561,0.629692,-0.482637,-0.582255,-0.204867,9.64697,-8.37605,-0.323967,12.514
2020-02-21,38.378,3.66607,76.2357,22253.5,0.122521,63.5026,4,0.638603,-0.393561,1.77137,-0.494159,-0.582255,-0.204867,11.5033,-8.52519,-0.937726,11.4621
2020-02-26,38.603,3.92019,76.2357,22253.5,0.399286,64.1506,4,1.19213,-0.393561,2.79065,-0.406382,-0.582255,-0.204867,13.8851,-8.57727,-1.54841,10.3912
2020-02-27,38.96,4.72446,76.2357,22253.5,0.69902,65.7146,4,1.7916,-0.393561,3.71142,-0.128215,-0.582255,-0.204867,16.9462,-8.376,-2.14958,9.29398
2020-02-28,39.152,4.78246,76.2357,22253.5,0.775899,67.2257,4,1.94589,-0.394088,4,-0.108227,-0.582255,-0.205921,19.8816,-8.11782,-2.74161,8.2035
2020-03-02,39.191,4.68292,76.2357,22253.5,0.712506,67.6863,4,1.82171,-0.396693,3.77995,-0.136541,-0.582255,-0.211131,21.8078,-7.93197,-3.33814,7.14863
2020-03-03,39.558,5.14681,76.2357,22253.5,0.806451,68.5624,4,2.01219,-0.399287,4,0.0243793,-0.582255,-0.21632,23.9421,-7.53679,-3.9251,6.08221
2020-03-04,40.124,6.53811,76.2357,22253.5,0.927111,70.1143,4,2.25351,-0.399287,4,0.507018,-0.582255,-0.21632,26.3091,-6.70904,-4.49208,5.00631
2020-03-05,40.858,8.29155,76.2357,22253.5,1.07889,72.1578,4,2.55706,-0.399287,4,1.11413,-0.582255,-0.21632,28.5724,-5.31328,-5.03323,3.93188
2020-03-06,41.64,9.63564,76.2357,22253.5,1.19481,74.4967,4,2.7889,-0.399287,4,1.5778,-0.582255,-0.21632,30.7472,-3.57686,-5.54368,2.87
2020-03-09,43.199,14.5906,76.2357,22253.5,1.62322,78.343,4,3.64573,-0.399287,4,3.29147,-0.582255,-0.21632,33.0468,-0.560171,-5.95501,1.81143
2020-03-10,43.237,14.7154,76.2357,22253.5,1.63364,81.3725,4,3.66656,-0.399287,4,3.33312,-0.582255,-0.21632,34.5717,2.33451,-6.3434,0.809702
2020-03-11,43.414,14.5795,76.2357,22253.5,1.62116,84.167,4,3.6416,-0.399287,4,3.2832,-0.582255,-0.21632,35.9063,5.08423,-6.68476,-0.138762
2020-03-12,44.452,15.5008,76.2357,22253.5,1.69913,86.8224,4,3.79754,-0.399287,4,3.59508,-0.582255,-0.21632,36.9365,7.8605,-6.96658,-1.00799
2020-03-13,44.449,15.6974,76.2357,22253.5,1.7147,88.9267,4,3.82868,-0.399287,4,3.65737,-0.582255,-0.21632,37.5013,10.4592,-7.2317,-1.80203
2020-03-16,45.542,16.6337,77.2741,22921.6,2.34318,91.398,4,3.98882,0.697535,4,3.97763,0.0868846,1.30818,37.0177,12.8654,-6.93952,-1.54563
2020-03-17,45.595,16.2363,77.2741,22921.6,2.30242,94.1543,4,3.91304,0.691806,4,3.82608,0.0868846,1.29673,36.3581,14.4869,-5.99652,-0.694139
2020-03-18,45.942,15.863,77.2741,22921.6,2.26121,96.1884,4,3.84243,0.679989,4,3.68485,0.0868846,1.27309,35.5543,15.6678,-5.18692,0.153317
2020-03-19,45.795,16.3845,77.2741,22921.6,2.30164,97.5558,4,3.92938,0.673902,4,3.85876,0.0868846,1.26092,34.4728,16.6833,-4.4736,0.873247
2020-03-20,44.636,20.3776,77.2741,22921.6,1.00931,98.0837,4,2.17924,-0.16062,0.358475,4,-0.468878,0.147638,33.1103,18.2115,-4.24667,1.00862
2020-03-23,44.795,20.4115,77.2741,22921.6,0.168827,98.2071,4,0.553121,-0.215468,-2.89376,4,-0.468878,0.0379432,31.0932,20.1492,-4.14863,1.11334
2020-03-24,44.281,21.5033,77.2741,22921.6,-0.107734,98.1215,4,0,-0.215468,-4,4,-0.468878,0.0379432,28.5629,22.4459,-4.12495,1.23761
2020-03-25,43.513,23.2194,77.2741,22921.6,-0.107734,97.9205,4,0,-0.215468,-4,4,-0.468878,0.0379432,25.7292,24.9527,-4.13711,1.37576
2020-03-26,42.713,24.7497,77.2741,22921.6,-0.107734,97.5635,4,0,-0.215468,-4,4,-0.468878,0.0379432,22.5567,27.6626,-4.18865,1.53275
2020-03-27,43.855,25.9313,77.2741,22921.6,0.142705,97.2484,4,0.500878,-0.215468,-2.99824,4,-0.468878,0.0379432,19.458,30.3189,-4.21669,1.68818
2020-03-30,43.749,26.0411,77.2741,22921.6,-0.0801419,96.8067,4,0.0546414,-0.214925,-3.89072,4,-0.468878,0.0390278,15.9548,33.2556,-4.26577,1.86205
2020-03-31,43.008,27.1887,77.2741,22921.6,-0.107176,96.2267,4,0,-0.214351,-4,4,-0.468878,0.0401762,12.1285,36.3742,-4.33093,2.05488
2020-04-01,44.003,27.78,77.2741,22921.6,1.24407,96.4369,4,2.70248,-0.214351,1.40496,4,-0.468878,0.0401762,10.6266,37.8668,-4.22716,2.17067
2020-04-02,44.213,27.319,77.2741,22921.6,1.89282,96.9332,4,4,-0.214351,4,4,-0.468878,0.0401762,10.3541,38.3912,-4.06,2.24792
2020-04-03,44.622,26.8231,77.2741,22921.6,1.47674,97.0912,4,3.16784,-0.214351,2.33568,4,-0.468878,0.0401762,9.40643,39.2906,-3.96534,2.35947
2020-04-06,43.635,25.2528,77.2741,22921.6,0.722274,96.5614,4,1.6589,-0.214351,-0.682202,4,-0.468878,0.0401762,7.20632,40.8124,-4.0212,2.56394
2020-04-07,43.037,25.7562,77.2741,22921.6,0.846358,96.0358,4,1.90707,-0.214351,-0.185866,4,-0.468878,0.0401762,5.12056,42.209,-4.06176,2.76798
2020-04-08,43.147,25.7279,77.2741,22921.6,0.0784387,94.8171,4,0.371228,-0.214351,-3.25754,4,-0.468878,0.0401762,1.24642,44.7185,-4.19949,3.05173
2020-04-13,43.51,24.3802,77.2741,22921.6,0.219117,93.3847,4,0.652585,-0.214351,-2.69483,4,-0.468878,0.0401762,-2.6822,47.048,-4.3281,3.347
2020-04-14,43.465,24.3774,77.1883,22987.3,-0.0819548,91.2547,4,0,-0.16391,-4,4,-0.524176,0.196357,-7.8556,49.8495,-4.52953,3.79025
2020-04-15,43.699,22.6234,77.1883,22987.3,0.901687,89.2047,4,1.96728,-0.16391,-0.065433,4,-0.524176,0.196357,-10.8446,51.9471,-5.11873,3.22093
2020-04-16,43.507,22.6043,77.1883,22987.3,1.22463,87.4603,4,2.66457,-0.215308,1.32914,4,-0.677662,0.247045,-12.9656,53.6024,-5.78549,2.60895
2020-04-17,43.389,22.298,77.1883,22987.3,1.02745,85.2328,4,2.27022,-0.215308,0.540433,4,-0.677662,0.247045,-15.789,55.5459,-6.50339,1.9792
2020-04-20,43.202,22.3039,77.1883,22987.3,0.557983,81.6572,4,1.33127,-0.215308,-1.33745,4,-0.677662,0.247045,-20.3203,57.9806,-7.33057,1.3275
2020-04-21,43.248,20.6488,77.1883,22987.3,0.634969,80.8245,4,1.48994,-0.219997,-1.02013,4,-0.677662,0.237667,-21.4955,58.4594,-7.54367,1.40425
2020-04-22,43.135,20.5612,77.1883,22987.3,0.342704,81.2141,4,0.910094,-0.224686,-2.17981,4,-0.677662,0.228289,-20.8944,58.2381,-7.66711,1.5375
2020-04-23,43.16,20.2544,77.1883,22987.3,0.525599,82.5916,4,1.27588,-0.224686,-1.44823,4,-0.677662,0.228289,-18.768,57.416,-7.70871,1.6524
2020-04-24,43.702,19.8628,77.1883,22987.3,1.07519,84.9876,4,2.37506,-0.224686,0.750124,4,-0.677662,0.228289,-14.9321,55.8206,-7.6402,1.73931
2020-04-27,43.459,18.7382,77.1883,22987.3,1.02733,87.0699,4,2.27935,-0.224686,0.558699,4,-0.677662,0.228289,-11.4168,54.2322,-7.56432,1.81885
2020-04-28,42.986,16.5529,77.1883,22987.3,0.529719,87.7317,4,1.28412,-0.224686,-1.17581,3.74405,-0.677662,0.228289,-10.0779,53.5091,-7.62751,1.92808
2020-04-29,42.438,17.0755,77.1883,22987.3,0.208269,88.2093,4,0.641225,-0.224686,-2.63451,3.91696,-0.677662,0.228289,-9.16384,53.0417,-7.70778,2.03925
2020-04-30,42.257,16.1051,77.1883,22987.3,-0.0411016,88.3168,4,0.142483,-0.224686,-3.30203,3.587,-0.677662,0.228289,-8.68359,52.6726,-7.83281,2.16064
2020-05-04,42.744,14.2786,77.1883,22987.3,-0.222078,85.7649,4,-0.219471,-0.224686,-3.4072,2.96826,-0.677662,0.228289,-12.3467,54.0199,-8.28333,2.37506
2020-05-05,42.536,14.1315,77.1883,22987.3,-0.206073,81.4973,4,-0.187459,-0.224686,-3.29156,2.91664,-0.677662,0.228289,-18.2706,55.993,-8.85803,2.63294
2020-05-06,43.117,14.662,77.1883,22987.3,0.693835,79.7204,4,1.61156,-0.223892,0.128828,3.09429,-0.676072,0.228289,-20.2102,56.2755,-9.16147,2.81655
2020-05-07,44.161,15.2115,77.1883,22987.3,1.70778,81.9409,4,3.63865,-0.223101,4,3.2773,-0.674491,0.228289,-16.3993,54.5637,-9.11639,2.89295
2020-05-08,44.062,14.2856,77.1883,22987.3,1.62901,83.5911,4,3.48111,-0.223101,4,2.96222,-0.674491,0.228289,-13.135,52.8506,-9.09916,2.97468
2020-05-11,43.625,14.8075,77.1883,22987.3,1.30395,85.972,4,2.831,-0.223101,2.52689,3.13511,-0.674491,0.228289,-8.76219,50.6893,-8.97121,3.01611
2020-05-12,43.584,14.5208,77.1883,22987.3,1.41518,88.0581,4,3.05345,-0.223101,3.07148,3.03542,-0.674491,0.228289,-4.64348,48.4851,-8.8323,3.04883
2020-05-13,43.915,14.752,77.1883,22987.3,1.22583,90.0773,4,2.67476,-0.223101,2.24159,3.10794,-0.674491,0.228289,-0.460333,46.1923,-8.61604,2.96134
2020-05-14,44.098,14.7053,77.1883,22987.3,0.53414,89.5369,4,1.29342,-0.225138,-0.495691,3.08253,-0.674491,0.224215,-0.745003,46.0749,-8.80325,3.0102
2020-05-15,44.052,14.6061,79.1899,23450,1.14908,89.4232,4,1.35827,0.939883,-0.321856,3.0384,0.60919,1.27058,-1.82284,45.5452,-7.98292,3.68377
2020-05-19,43.584,15.1124,79.1899,23450,1.1576,89.6185,4,1.39298,0.922228,-0.414771,3.20072,0.60919,1.23527,-2.43667,44.861,-7.11814,4.3123
2020-05-20,43.14,15.4899,79.1899,23450,0.858782,90.0598,4,0.795336,0.922228,-1.71491,3.30558,0.60919,1.23527,-2.65926,44.0359,-6.22939,4.91246
2020-05-21,43.174,15.4875,79.1899,23450,1.10369,90.7198,4,0.320828,1.88656,-2.66314,3.3048,1.46622,2.30689,-3.66814,43.0099,-4.78427,6.16231
2020-05-22,43.391,15.5588,79.1899,23450,1.14055,91.7679,4,0.394538,1.88656,-2.53936,3.32843,1.46622,2.30689,-3.8073,41.6068,-3.34335,7.31173
2020-05-25,43.231,15.6223,79.1899,23450,1.05267,92.4097,4,0.220235,1.8851,-2.90902,3.34949,1.4633,2.30689,-4.64134,40.5646,-1.98273,8.46917
2020-05-26,42.937,15.084,79.1899,23450,1.14307,92.4895,4,0.402502,1.88363,-2.36597,3.17097,1.46037,2.30689,-6.53303,39.9767,-0.674329,9.72016
2020-05-27,43.203,15.1756,79.1899,23450,1.7275,93.2758,4,1.57137,1.88363,-0.058605,3.20135,1.46037,2.30689,-6.76544,38.6654,0.616912,10.759
2020-05-28,43.311,14.6661,79.1899,23450,1.74643,94.4889,4,1.60923,1.88363,0.186022,3.03243,1.46037,2.30689,-5.73361,36.8375,1.8246,11.5604
2020-05-29,43.308,13.817,79.1899,23450,1.49305,95.575,4,1.10247,1.88363,-0.545902,2.75084,1.46037,2.30689,-4.35301,34.7401,2.93444,12.2534
2020-06-01,43.312,13.6815,79.1899,23450,1.61837,96.7152,4,1.35311,1.88363,0.0002874,2.70594,1.46037,2.30689,-2.39785,32.4941,3.90485,12.7141
2020-06-02,43.077,13.3165,79.1899,23450,1.63835,97.6937,4,1.39307,1.88363,0.201262,2.58488,1.46037,2.30689,-0.476498,30.4278,4.73565,13.0067
2020-06-03,42.922,13.2572,79.1899,23450,1.27857,98.2867,4,0.673508,1.88363,-1.21822,2.56524,1.46037,2.30689,0.522552,28.8552,5.52417,13.3848
2020-06-04,42.955,12.3235,79.1899,23450,1.14318,98.4382,4,0.402726,1.88363,-1.45016,2.25561,1.46037,2.30689,-0.218377,28.0571,6.43848,14.161
2020-06-05,42.557,8.85781,79.1899,23450,0.524867,98.0123,4,-0.833899,1.88363,-2.77419,1.10639,1.46037,2.30689,-3.49437,28.0853,7.71503,15.7064
2020-06-08,42.484,8.85668,79.1899,23450,0.461119,97.499,4,-0.961395,1.88363,-3.02881,1.10602,1.46037,2.30689,-7.14662,28.2239,9.07735,17.3444
2020-06-09,42.522,8.35712,79.1899,23450,0.649153,97.1654,4,-0.585327,1.88363,-2.11102,0.940365,1.46037,2.30689,-9.66933,27.6992,10.3611,18.7744
2020-06-10,42.822,8.86373,79.1899,23450,1.07637,96.9788,4,0.269104,1.88363,-0.570147,1.10836,1.46037,2.30689,-11.657,27.005,11.5775,20.0533
2020-06-11,42.999,8.50569,79.1899,23450,1.1682,96.946,4,0.45277,1.88363,-0.0840903,0.989631,1.46037,2.30689,-12.8828,25.9578,12.7043,21.1667
2020-06-12,42.745,8.43893,79.1899,23450,1.28369,97.3496,4,0.68375,1.88363,0.400008,0.967492,1.46037,2.30689,-12.1247,24.2736,13.4826,21.7181
2020-06-15,42.907,8.64923,78.4687,23726.9,1.53203,97.538,4,1.10917,1.95489,1.18111,1.03723,0.997818,2.91196,-11.2265,22.9786,13.5125,22.2734
2020-06-16,42.609,8.20527,78.4687,23726.9,1.20661,97.5613,4,0.458323,1.95489,0.0266338,0.890012,0.997818,2.91196,-10.9888,21.7904,13.6851,23.0745
2020-06-17,42.468,7.5258,78.4687,23726.9,0.230631,97.2486,4,-0.398373,0.859634,-1.46569,0.668944,0.331809,1.38746,-11.0851,20.8914,13.8218,23.6204
2020-06-18,42.705,7.84261,78.4687,23726.9,0.314487,96.809,4,-0.230661,0.859634,-1.23599,0.774668,0.331809,1.38746,-10.6238,20.1052,13.5832,23.7443
2020-06-22,42.31,8.13608,78.4687,23726.9,0.221811,96.2258,4,-0.416012,0.859634,-1.70463,0.872605,0.331809,1.38746,-10.491,19.3834,13.3774,23.9561
2020-06-23,42.164,8.1271,78.4687,23726.9,-0.0274384,95.4319,4,-0.914511,0.859634,-2.69863,0.869606,0.331809,1.38746,-10.739,18.6789,13.2137,24.2782
2020-06-24,42.143,7.85735,78.4687,23726.9,0.180716,94.6163,4,-0.498201,0.859634,-1.77599,0.779586,0.331809,1.38746,-10.7295,17.8802,12.9714,24.4942
2020-06-25,42.07,7.39625,78.4687,23726.9,0.198652,93.0882,4,-0.462329,0.859634,-1.55174,0.62708,0.331809,1.38746,-12.1418,17.1937,12.9171,25.1192
2020-06-26,42.058,7.27026,78.4687,23726.9,-0.0176793,90.9326,4,-0.894993,0.859634,-2.37692,0.586939,0.331809,1.38746,-14.4138,16.5678,12.8952,25.8835
2020-06-29,42.062,7.27469,78.4687,23726.9,0.31652,89.24,4,-0.226594,0.859634,-1.04328,0.590087,0.331809,1.38746,-15.2271,15.7153,12.5935,26.1582
2020-06-30,42.212,7.47419,78.4687,23726.9,0.582219,87.5702,4,0.304803,0.859634,-0.0476212,0.657227,0.331809,1.38746,-15.6933,14.785,12.1932,26.2853
2020-07-01,42.175,7.31154,78.4687,23726.9,0.555073,85.6392,4,0.250513,0.859634,-0.101466,0.602491,0.331809,1.38746,-16.3483,13.8334,11.7587,26.3955
2020-07-02,42.437,7.67694,78.4687,23726.9,0.871148,84.8632,4,0.882662,0.859634,1.04191,0.723416,0.331809,1.38746,-14.9352,12.687,11.0897,26.0217
2020-07-03,42.793,8.29909,78.4687,23726.9,1.23409,85.0387,4,1.60854,0.859634,2.28805,0.92903,0.331809,1.38746,-12.2951,11.7336,10.2779,25.3223
2020-07-06,43.163,8.12288,78.4687,23726.9,1.5208,86.8727,4,2.18196,0.859634,3.49572,0.8682,0.331809,1.38746,-7.72538,11.2788,9.25409,24.0652
2020-07-07,43.503,8.44723,78.4687,23726.9,1.67238,88.886,4,2.48512,0.859634,4,0.970246,0.331809,1.38746,-2.85256,10.8298,8.21616,22.6926
2020-07-08,43.653,8.48393,78.4687,23726.9,1.67365,90.4079,4,2.48767,0.859634,4,0.975334,0.331809,1.38746,1.13675,10.546,7.26206,21.4631
2020-07-09,43.647,8.22064,78.4687,23726.9,1.60215,91.1267,4,2.34466,0.859634,3.81056,0.878755,0.331809,1.38746,3.8796,10.2431,6.44211,20.5618
2020-07-10,43.653,8.13809,78.4687,23726.9,1.29679,91.2962,4,1.73708,0.856501,2.63138,0.842783,0.331809,1.38119,5.56954,10.1128,5.70973,19.9041
2020-07-13,43.699,7.74598,78.4687,23726.9,0.985281,90.899,4,1.11719,0.853367,1.51962,0.71477,0.331809,1.37492,6.32674,10.0406,5.04479,19.4869
2020-07-14,43.815,7.70437,78.4687,23726.9,0.797954,89.8651,4,0.742542,0.853367,0.784463,0.70062,0.331809,1.37492,6.20402,10.0352,4.72084,18.9051
2020-07-15,43.924,7.1074,79.051,24138.3,1.01018,89.5744,4,0.583461,1.43691,0.657887,0.509035,0.760326,2.11348,6.64863,9.84292,4.59252,18.4904
2020-07-16,43.913,6.91149,79.051,24138.3,0.990412,90.6659,4,0.543919,1.43691,0.641677,0.446161,0.760326,2.11348,7.84792,9.49171,4.76742,18.5588
2020-07-17,43.723,7.06389,79.051,24138.3,0.843058,91.3737,4,0.24921,1.43691,0.00334988,0.495071,0.760326,2.11348,8.50541,9.17253,4.9636,18.7322
2020-07-20,43.36,6.88182,79.051,24138.3,0.489329,91.7163,4,-0.444406,1.42306,-1.32545,0.436639,0.732643,2.11348,8.67482,8.82996,5.17409,19.0375
2020-07-21,43.082,7.22291,79.051,24138.3,0.185291,91.9814,4,-1.03232,1.40291,-2.61076,0.546108,0.692329,2.11348,8.6749,8.57493,5.36449,19.3671
2020-07-22,42.622,8.3457,79.051,24138.3,-0.0752607,91.6617,4,-1.54711,1.39659,-4,0.905774,0.6797,2.11348,7.35613,8.71836,5.62164,19.9655
2020-07-23,42.532,8.36066,79.051,24138.3,-0.0741171,91.3105,4,-1.54483,1.39659,-4,0.910348,0.6797,2.11348,5.8788,8.96588,5.88492,20.5809
2020-07-24,42.257,8.72433,79.051,24138.3,-0.0452331,91.2744,4,-1.48706,1.39659,-4,1.02588,0.6797,2.11348,4.86428,9.24872,6.10811,21.0533
2020-07-27,42.392,8.78663,79.051,24138.3,0.126783,91.023,4,-1.13365,1.38721,-3.30763,1.04034,0.66094,2.11348,3.46133,9.58406,6.34964,21.6279
2020-07-28,42.379,8.70851,79.051,24138.3,0.331229,90.6821,4,-0.724754,1.38721,-2.45878,1.00927,0.66094,2.11348,1.95291,9.87751,6.60504,22.2466
2020-07-29,42.505,8.75247,79.051,24138.3,0.801011,91.0162,4,0.21481,1.38721,-0.590143,1.01976,0.66094,2.11348,1.63051,10.0713,6.76628,22.5481
2020-07-30,42.541,8.48393,79.051,24138.3,0.879029,91.0268,4,0.370846,1.38721,-0.186453,0.928146,0.66094,2.11348,0.854574,10.1983,6.97254,23.0014
2020-07-31,42.376,8.00798,79.051,24138.3,0.919292,90.5979,4,0.468425,1.37016,0.162414,0.774436,0.66094,2.07938,-0.491956,10.1926,7.24569,23.6515
2020-08-03,42.655,7.72759,79.051,24138.3,1.00207,89.8584,4,0.65103,1.35311,0.626544,0.675517,0.66094,2.04527,-2.3544,10.2192,7.56597,24.4277
2020-08-04,42.771,7.17972,79.051,24138.3,1.04815,88.9135,4,0.767729,1.32858,1.03059,0.504868,0.66094,1.99621,-4.34919,10.0919,7.91497,25.2558
2020-08-05,42.553,7.14356,79.051,24138.3,0.748889,87.4004,4,0.203031,1.29475,-0.0875399,0.493603,0.66094,1.92855,-7.21597,10.0216,8.33667,26.258
2020-08-06,42.718,7.36643,79.051,24138.3,0.858608,86.0835,4,0.436555,1.28066,0.320453,0.552656,0.66094,1.90038,-9.7564,9.99254,8.72533,27.1221
2020-08-07,42.642,7.35599,79.051,24138.3,0.915063,85.3723,4,0.582138,1.24799,0.620869,0.543406,0.66094,1.83504,-11.2466,9.8813,9.0382,27.6994
2020-08-10,42.461,7.38426,79.051,24138.3,0.518626,84.4702,4,-0.182913,1.22017,-0.909655,0.543829,0.66249,1.77784,-13.0827,9.87546,9.37491,28.3025
2020-08-11,42.453,7.24321,79.051,24138.3,0.396585,83.6656,4,-0.414027,1.2072,-1.32062,0.492567,0.664047,1.75035,-14.7021,9.82356,9.70129,28.8428
2020-08-12,42.534,7.20296,79.051,24138.3,0.631657,82.8823,4,0.0714546,1.19186,-0.332301,0.475211,0.664047,1.71967,-15.5415,9.8869,9.71886,28.8181
2020-08-13,42.506,7.19422,79.051,24138.3,0.469216,81.7653,4,-0.250358,1.18879,-0.968613,0.467897,0.664047,1.71353,-16.8927,10.0206,9.76509,28.8723
2020-08-14,42.5,7.13869,78.4374,24377.6,-0.00842091,79.8449,4,-0.139824,0.122982,-0.727811,0.448163,-1.00221,1.24817,-17.7463,10.1725,8.64709,28.7716
2020-08-17,42.722,7.0159,78.4374,24377.6,0.312004,79.4302,4,0.501347,0.12266,0.595138,0.407556,-1.00221,1.24753,-16.3904,10.1886,7.39499,28.237
2020-08-18,42.612,6.72877,78.4374,24377.6,0.206895,79.481,4,0.29113,0.12266,0.264137,0.318124,-1.00221,1.24753,-14.2561,10.0154,6.13801,27.5838
2020-08-19,42.874,5.96184,78.4374,24377.6,0.299593,80.3504,4,0.470182,0.129005,0.861123,0.0792411,-0.98952,1.24753,-10.5761,9.33009,4.8646,26.7317
2020-08-20,43.192,6.39153,78.4374,24377.6,0.621829,81.904,4,1.0944,0.149256,1.97519,0.213617,-0.949018,1.24753,-6.09653,8.68535,3.61361,25.7016
2020-08-21,42.937,6.30902,78.4374,24377.6,0.42056,82.8996,4,0.677957,0.163163,1.16703,0.188887,-0.921204,1.24753,-2.33618,7.99487,2.43031,24.8106
2020-08-24,42.779,6.43423,78.4374,24377.6,0.119713,82.8847,4,0.0762633,0.163163,-0.0768471,0.229374,-0.921204,1.24753,-0.0252416,7.41601,1.29883,24.1951
2020-08-26,42.702,6.4794,78.4374,24377.6,0.151067,82.5037,4,0.13897,0.163163,0.0334906,0.24445,-0.921204,1.24753,1.76505,6.89739,0.16765,23.6736
2020-08-27,42.65,6.42775,78.4374,24377.6,-0.116026,80.4816,4,-0.395215,0.163163,-1.01992,0.22949,-0.921204,1.24753,1.4862,6.4596,-0.988819,23.5246
2020-08-28,42.501,6.55106,78.4374,24377.6,-0.496354,77.1953,4,-1.15587,0.163163,-2.58194,0.270198,-0.921204,1.24753,-0.277618,6.14607,-2.20942,23.5363
2020-08-31,42.587,6.42632,78.4374,24377.6,-0.221384,74.2488,4,-0.605931,0.163163,-1.44235,0.230484,-0.921204,1.24753,-1.5182,5.85505,-3.47269,23.3846
2020-09-01,42.502,6.01609,78.4374,24377.6,-0.193347,70.9611,4,-0.549857,0.163163,-1.1987,0.0989819,-0.921204,1.24753,-2.97834,5.51448,-4.77943,23.2044
2020-09-02,42.673,6.11589,78.4374,24377.6,0.026553,68.0047,4,-0.110057,0.163163,-0.351199,0.131085,-0.921204,1.24753,-4.11853,5.29424,-6.10405,22.933
2020-09-03,42.593,5.8683,78.4374,24377.6,-0.0138649,65.7187,4,-0.190893,0.163163,-0.43347,0.0516843,-0.921204,1.24753,-4.433,4.98725,-7.42804,22.5925
2020-09-04,42.444,5.81469,78.4374,24377.6,-0.0175796,63.0204,4,-0.198322,0.163163,-0.431186,0.0345419,-0.921204,1.24753,-5.08015,4.61172,-8.77355,22.2624
2020-09-07,42.45,5.7907,78.4374,24377.6,-0.0860123,59.8578,4,-0.335188,0.163163,-0.697482,0.0271064,-0.921204,1.24753,-6.19598,4.22731,-10.134,21.9605
2020-09-08,42.558,5.66474,78.4374,24377.6,0.0495771,58.3521,4,-0.0231093,0.122264,-0.0346581,-0.0115606,-0.921204,1.16573,-5.49847,3.78545,-11.4596,21.5247
2020-09-09,42.52,5.67525,78.4374,24377.6,-0.15604,56.5623,4,-0.378659,0.0665793,-0.751753,-0.0055654,-0.921204,1.05436,-5.04744,3.38756,-12.7929,21.0151
2020-09-10,42.524,5.63417,78.4374,24377.6,-0.0962754,54.1847,4,-0.239312,0.046761,-0.463274,-0.0153499,-0.921204,1.01473,-5.16885,2.99317,-14.1316,20.492
2020-09-11,42.492,5.6357,78.4374,24377.6,-0.00397821,52.6305,4,-0.0329826,0.0250262,-0.0536961,-0.0122691,-0.921204,0.971256,-4.4211,2.60105,-15.453,19.9035
2020-09-14,42.488,5.63559,78.79,24860.1,0.21882,53.3775,4,-0.0479997,0.48564,-0.0854136,-0.0105857,-0.229264,1.20055,-3.89021,2.22219,-14.8094,19.855
2020-09-15,42.442,5.29426,78.79,24860.1,0.0470209,52.5064,4,-0.374007,0.468049,-0.625121,-0.122893,-0.229264,1.16536,-4.89735,1.78649,-14.1807,19.798
2020-09-16,42.434,5.22713,78.79,24860.1,0.0414257,51.9617,4,-0.325895,0.408746,-0.511149,-0.140641,-0.229264,1.04676,-5.53731,1.409,-13.5476,19.6376
2020-09-17,42.45,4.67114,78.79,24860.1,-0.0189298,50.9124,4,-0.39271,0.35485,-0.460381,-0.325038,-0.229264,0.938964,-6.62811,1.07627,-12.9253,19.3895
2020-09-18,42.437,3.6307,78.79,24860.1,-0.0884005,48.5713,4,-0.531651,0.35485,-0.387895,-0.675407,-0.229264,0.938964,-8.57445,0.343584,-12.3306,19.1328
2020-09-21,42.504,3.20042,78.79,24860.1,-0.0596816,46.9907,4,-0.471759,0.352396,-0.12905,-0.814468,-0.226325,0.931117,-9.63532,-0.482823,-11.7494,18.8582
2020-09-22,42.422,3.02494,78.79,24860.1,-0.105685,46.2503,4,-0.557582,0.346211,-0.25002,-0.865144,-0.223385,0.915808,-9.77277,-1.38331,-11.1689,18.5753
2020-09-23,42.373,2.99432,78.79,24860.1,-0.143882,45.2834,4,-0.630241,0.342478,-0.396237,-0.864245,-0.223385,0.908341,-10.1177,-2.29374,-10.5855,18.2804
2020-09-24,42.439,3.05351,78.79,24860.1,-0.0906406,45.3665,4,-0.523759,0.342478,-0.213641,-0.833877,-0.223385,0.908341,-9.4555,-3.16835,-10.0126,18.003
2020-09-25,42.522,2.89263,78.79,24860.1,-0.0176095,46.9374,4,-0.377697,0.342478,0.129504,-0.884897,-0.223385,0.908341,-7.23503,-4.12345,-9.45076,17.7466
2020-09-28,42.472,2.82171,78.79,24860.1,-0.127571,47.2458,4,-0.59762,0.342478,-0.288962,-0.906278,-0.223385,0.908341,-6.28656,-5.06038,-8.87787,17.4706
2020-09-29,42.483,2.73655,78.79,24860.1,-0.0504184,47.7161,4,-0.442443,0.341606,0.046556,-0.931442,-0.225128,0.908341,-5.26238,-5.91042,-8.30671,17.1956
2020-09-30,42.575,2.43666,78.79,24860.1,0.053868,47.806,4,-0.232985,0.340721,0.560597,-1.02657,-0.226899,0.908341,-4.5115,-6.86429,-7.73512,16.9169
2020-10-01,42.533,2.37094,78.79,24860.1,-0.0499281,47.6873,4,-0.440577,0.340721,0.164409,-1.04556,-0.226899,0.908341,-4.01877,-7.76773,-7.16278,16.6366
2020-10-02,42.557,2.00027,78.79,24860.1,-0.13435,47.3031,4,-0.609421,0.340721,-0.0510498,-1.16779,-0.226899,0.908341,-3.7049,-8.75634,-6.58954,16.3539
2020-10-05,42.495,2.07841,78.79,24860.1,-0.13781,47.1327,4,-0.616341,0.340721,-0.0954126,-1.13727,-0.226899,0.908341,-3.20875,-9.71428,-6.01715,16.0729
2020-10-06,42.49,1.85897,78.79,24860.1,-0.169283,46.4136,4,-0.679286,0.340721,-0.154428,-1.20414,-0.226899,0.908341,-3.30576,-10.6911,-5.44275,15.8532
2020-10-07,42.512,1.84451,78.79,24860.1,-0.233968,46.1578,4,-0.808657,0.340721,-0.415691,-1.20162,-0.226899,0.908341,-3.02856,-11.6732,-4.87032,15.7299
2020-10-08,42.555,1.87971,78.79,24860.1,-0.149034,45.9847,4,-0.638789,0.340721,-0.097798,-1.17978,-0.226899,0.908341,-2.72742,-12.6296,-4.29837,15.6401
2020-10-09,42.566,1.85754,78.79,24860.1,-0.161413,45.4687,4,-0.663546,0.340721,-0.146646,-1.18045,-0.226899,0.908341,-2.80259,-13.5845,-3.72537,15.5811
2020-10-13,42.624,1.90985,78.79,24860.1,-0.039892,44.6224,4,-0.420505,0.340721,0.307856,-1.14887,-0.226899,0.908341,-2.47697,-14.5077,-3.72013,15.3272
2020-10-14,42.66,1.8655,78.79,24860.1,-0.23551,43.701,4,-0.341547,-0.129472,0.467189,-1.15028,-0.608035,0.34909,-1.57766,-15.3344,-4.02677,14.6398
2020-10-15,42.805,2.16195,78.8391,25167.5,0.0143083,43.6127,4,-0.0579066,0.0865232,0.934433,-1.05025,-0.575867,0.748913,-0.391171,-16.079,-4.31072,14.3937
2020-10-16,42.892,2.23449,78.8391,25167.5,0.0582016,43.8639,4,0.0343635,0.0820397,1.08556,-1.01684,-0.575867,0.739946,0.877781,-16.6523,-4.59669,14.2351
2020-10-19,42.784,2.46886,78.8391,25167.5,-0.0357873,44.0353,4,-0.147874,0.0762993,0.633544,-0.929292,-0.575867,0.728465,1.71667,-16.8644,-4.88229,14.0654
2020-10-20,42.715,2.52742,78.8391,25167.5,-0.158564,43.7132,4,-0.384831,0.0677036,0.138478,-0.90814,-0.590332,0.725739,1.93552,-16.9343,-5.17901,13.8909
2020-10-21,42.679,2.43069,78.8391,25167.5,-0.238771,43.2803,4,-0.5387,0.0611582,-0.138381,-0.93902,-0.603423,0.725739,2.02594,-16.9847,-5.48764,13.7267
2020-10-22,42.665,2.38213,78.8391,25167.5,-0.392546,42.4736,4,-0.847311,0.0622183,-0.739558,-0.955063,-0.601303,0.725739,1.74219,-17.0384,-5.79053,13.5603
2020-10-23,42.667,2.34007,78.8391,25167.5,-0.476304,41.2289,4,-1.01483,0.0622183,-1.06071,-0.968942,-0.601303,0.725739,1.04595,-17.1118,-6.0869,13.3816
2020-10-26,42.674,2.25369,78.8391,25167.5,-0.363697,40.1193,4,-0.809365,0.0819705,-0.621917,-0.996813,-0.561798,0.725739,0.430724,-17.1649,-6.34935,13.2028
2020-10-27,42.686,2.19612,78.8391,25167.5,-0.29029,39.6003,4,-0.66255,0.0819705,-0.312214,-1.01289,-0.561798,0.725739,0.411288,-17.2322,-6.61782,13.039
2020-10-28,42.842,2.50538,78.8391,25167.5,-0.082613,39.4978,4,-0.247196,0.0819705,0.412332,-0.906725,-0.561798,0.725739,0.709129,-17.208,-6.89051,12.8872
2020-10-29,43.033,2.82685,78.8391,25167.5,0.139756,39.7714,4,0.199154,0.0803581,1.18692,-0.788615,-0.565023,0.725739,1.22004,-17.0247,-7.17034,12.7463
2020-10-30,43.003,2.80798,78.8391,25167.5,0.105316,40.267,4,0.133554,0.0770772,1.04566,-0.778557,-0.571585,0.725739,1.94037,-16.8251,-7.45926,12.611
2020-11-03,42.826,3.26135,78.8391,25167.5,-0.0304146,40.5998,4,-0.136237,0.075408,0.344386,-0.616861,-0.574923,0.725739,2.26457,-16.3869,-7.74854,12.4706
2020-11-04,42.862,3.19704,78.8391,25167.5,-0.0117968,41.0041,4,-0.0990017,0.075408,0.433402,-0.631405,-0.574923,0.725739,2.69849,-15.9867,-8.03914,12.3314
2020-11-05,42.741,3.39699,78.8391,25167.5,-0.258296,40.7184,4,-0.592,0.075408,-0.622339,-0.561662,-0.574923,0.725739,2.31485,-15.453,-8.31883,12.1754
2020-11-06,42.751,3.39601,78.8391,25167.5,-0.424686,40.1079,4,-0.924718,0.0753452,-1.28863,-0.560802,-0.574923,0.725614,1.59992,-14.9108,-8.59218,12.0109
2020-11-09,42.529,3.89852,78.8391,25167.5,-0.557839,38.8076,4,-1.1909,0.0752196,-1.99184,-0.389956,-0.574923,0.725362,0.0549178,-14.2241,-8.8496,11.8264
2020-11-10,42.698,4.14904,78.8391,25167.5,-0.209598,38.6551,4,-0.494353,0.0751568,-0.684589,-0.304116,-0.574923,0.725237,-0.382395,-13.5064,-9.12918,11.6731
2020-11-11,42.78,4.17516,78.8391,25167.5,-0.164185,38.2627,4,-0.402249,0.0738796,-0.513635,-0.290864,-0.574923,0.722682,-1.04914,-12.7962,-9.40275,11.5107
2020-11-12,42.842,4.19331,78.8391,25167.5,0.00352577,39.0185,4,-0.0608062,0.0678578,0.154595,-0.276208,-0.574923,0.710639,-1.30545,-12.1091,-9.3935,11.8265
2020-11-13,42.961,4.13638,78.8391,25167.5,0.0951406,39.2751,4,0.127053,0.063228,0.547255,-0.293149,-0.574923,0.701379,-1.62144,-11.5001,-9.39844,11.795
2020-11-16,42.845,4.1967,79.0069,25367.5,0.315253,40.094,4,0.332827,0.297679,0.938503,-0.272849,-0.0325273,0.627885,-1.74437,-10.9144,-8.97255,11.7253
2020-11-17,42.746,4.18112,79.0069,25367.5,0.0624888,40.4082,4,-0.165819,0.290797,-0.0535465,-0.278092,-0.0325273,0.614121,-2.30629,-10.3902,-8.53505,11.6397
2020-11-18,42.669,4.19105,79.0069,25367.5,-0.0837017,40.648,4,-0.458134,0.29073,-0.641518,-0.274749,-0.0326605,0.614121,-2.94433,-9.87806,-8.08388,11.5543
2020-11-19,42.814,4.35186,79.0069,25367.5,0.00630187,41.4355,4,-0.278059,0.290663,-0.33549,-0.220629,-0.0327948,0.614121,-3.10999,-9.30558,-7.62951,11.4806
2020-11-20,42.794,4.3542,79.0069,25367.5,-0.121964,42.3089,4,-0.534592,0.290663,-0.849296,-0.219887,-0.0327948,0.614121,-3.20461,-8.71761,-7.17549,11.4066
2020-11-23,42.676,4.4755,79.0069,25367.5,-0.114171,43.4838,4,-0.518823,0.290481,-0.8584,-0.179245,-0.0331587,0.614121,-3.04432,-8.08518,-6.7221,11.3354
2020-11-24,42.62,4.49943,79.0069,25367.5,-0.0723195,44.4333,4,-0.434702,0.290063,-0.697439,-0.171965,-0.0339954,0.614121,-3.11006,-7.41742,-6.2967,11.2575
2020-11-25,42.633,4.49968,79.0069,25367.5,0.0192869,45.4456,4,-0.268487,0.307061,-0.364407,-0.172566,0,0.614121,-3.15635,-6.73439,-5.84151,11.1779
2020-11-26,42.636,4.2824,79.0069,25367.5,-0.128824,45.2943,4,-0.564709,0.307061,-0.882886,-0.246533,0,0.614121,-4.22089,-6.19055,-5.3787,11.0844
2020-11-27,42.625,3.9084,79.0069,25367.5,-0.151286,44.3429,4,-0.609633,0.307061,-0.845553,-0.373714,0,0.614121,-5.88597,-5.8433,-4.90899,10.9812
2020-11-30,42.521,3.97011,79.0069,25367.5,-0.132041,43.5695,4,-0.571143,0.307061,-0.789559,-0.352727,0,0.614121,-7.3861,-5.48808,-4.43509,10.8787
2020-12-01,42.39,3.86219,79.0069,25367.5,-0.207958,42.9925,4,-0.722977,0.307061,-1.05653,-0.389428,0,0.614121,-8.52864,-5.29708,-3.96005,10.7782
2020-12-02,42.57,4.19389,79.0069,25367.5,-0.029472,42.9351,4,-0.366005,0.307061,-0.455259,-0.27675,0,0.614121,-9.25647,-5.00586,-3.48836,10.6858
2020-12-03,42.631,4.13116,79.0069,25367.5,0.0173013,43.8311,4,-0.272458,0.307061,-0.246475,-0.298441,0,0.614121,-8.95961,-4.7961,-3.02082,10.6077
2020-12-04,42.629,4.1291,79.0069,25367.5,0.0252188,45.3005,4,-0.256623,0.307061,-0.213537,-0.299709,0,0.614121,-8.09074,-4.58953,-2.55319,10.5339
2020-12-07,42.651,3.67278,79.0069,25367.5,0.101417,47.4646,4,-0.104227,0.307061,0.246969,-0.455424,0,0.614121,-6.26016,-4.65101,-2.08388,10.4597
2020-12-08,42.671,3.38883,79.0069,25367.5,0.212648,48.8551,4,0.118236,0.307061,0.788792,-0.55232,0,0.614121,-5.04936,-4.85805,-1.61123,10.3737
2020-12-09,42.566,3.41128,79.0069,25367.5,-0.0447352,49.2488,4,-0.396531,0.307061,-0.248405,-0.544657,0,0.614121,-4.83117,-5.06758,-1.13754,10.2851
2020-12-10,42.433,3.49488,79.0069,25367.5,-0.214108,48.5316,4,-0.735277,0.307061,-0.954422,-0.516131,0,0.614121,-5.74418,-5.26443,-0.663625,10.2038
2020-12-11,42.446,3.29421,79.0069,25367.5,-0.215142,47.51,4,-0.737344,0.307061,-0.899748,-0.57494,0,0.614121,-6.93356,-5.49429,-0.189815,10.1276
2020-12-14,42.373,3.22893,79.0069,25367.5,-0.521885,44.7637,4,-0.915272,-0.128498,-1.24604,-0.584507,-0.263203,0.0062078,-8.71334,-5.73815,-0.378961,9.59412
2020-12-15,42.434,3.23242,78.986,25602.8,-0.41936,43.1934,4,-0.830239,-0.0084808,-1.09594,-0.564541,-0.278746,0.261784,-9.5508,-5.96159,-0.580138,9.28593
2020-12-16,42.425,3.18766,78.986,25602.8,-0.338953,42.3657,4,-0.658616,-0.0192903,-0.747428,-0.569803,-0.278746,0.240165,-9.6254,-6.19568,-0.780971,8.96779
2020-12-17,42.35,2.91215,78.986,25602.8,-0.30485,41.3614,4,-0.59041,-0.0192903,-0.530544,-0.650276,-0.278746,0.240165,-9.76805,-6.53616,-0.980713,8.64633
2020-12-18,42.128,3.35728,78.986,25602.8,-0.474573,40.2301,4,-0.929119,-0.020026,-1.3818,-0.476436,-0.280217,0.240165,-10.1806,-6.7308,-1.18037,8.32185
2020-12-21,42.194,3.37062,78.986,25602.8,-0.343548,39.4985,4,-0.665194,-0.0219019,-0.875488,-0.4549,-0.283969,0.240165,-10.1781,-6.94451,-1.38277,8.00388
2020-12-22,42.246,3.41673,78.986,25602.8,-0.343165,38.6393,4,-0.667577,-0.0187535,-0.905084,-0.430069,-0.277672,0.240165,-10.3261,-7.1401,-1.57801,7.68352
2020-12-23,42.315,3.48688,78.986,25602.8,-0.261861,37.7533,4,-0.509267,-0.0144542,-0.616232,-0.402303,-0.269073,0.240165,-10.5066,-7.31003,-1.79261,7.3626
2020-12-24,42.233,3.52567,78.986,25602.8,-0.258058,37.3482,4,-0.501661,-0.0144542,-0.633296,-0.370026,-0.269073,0.240165,-10.2927,-7.40193,-2.00859,7.05146
2020-12-28,42.149,3.56498,78.986,25602.8,-0.122663,37.4378,4,-0.230636,-0.0146902,-0.123308,-0.337964,-0.269545,0.240165,-9.71007,-7.37481,-2.2275,6.75021
2020-12-29,42.143,3.49683,78.986,25602.8,-0.192017,37.2501,4,-0.36887,-0.0151645,-0.38083,-0.356909,-0.270494,0.240165,-9.37394,-7.37432,-2.4454,6.4438
2020-12-30,42.34,3.79068,78.986,25602.8,-0.0342522,37.7946,4,-0.0531015,-0.015403,0.145711,-0.251914,-0.270971,0.240165,-8.41291,-7.27386,-2.66885,6.15017
2020-12-31,42.34,3.43548,78.986,25602.8,-0.129035,37.4822,4,-0.238066,-0.0200047,-0.108911,-0.36722,-0.280174,0.240165,-8.12506,-7.34098,-2.89363,5.84188
2021-01-04,42.16,3.64884,78.986,25602.8,-0.202785,36.7947,4,-0.38064,-0.02493,-0.470982,-0.290299,-0.290025,0.240165,-8.29072,-7.32001,-3.12254,5.52797
2021-01-05,42.332,4.00083,78.986,25602.8,0.0629933,36.9124,4,0.150917,-0.02493,0.469209,-0.167376,-0.290025,0.240165,-7.74117,-7.21546,-3.35827,5.22731
2021-01-07,42.492,4.25331,78.986,25602.8,0.233784,37.3258,4,0.492497,-0.02493,1.06213,-0.0771389,-0.290025,0.240165,-7.09001,-6.91756,-3.59717,4.93057
2021-01-08,42.454,4.25297,78.986,25602.8,0.0190548,36.7217,4,0.0630396,-0.02493,0.201799,-0.0757199,-0.290025,0.240165,-7.55234,-6.52014,-3.82544,4.6196
2021-01-11,42.619,4.40914,78.986,25602.8,0.181682,37.4286,4,0.388294,-0.02493,0.796634,-0.0200457,-0.290025,0.240165,-6.7209,-6.10829,-4.0682,4.32597
2021-01-12,42.477,4.42967,78.986,25602.8,0.217386,38.7873,4,0.46273,-0.0279582,0.938498,-0.013038,-0.290025,0.234108,-5.20557,-5.72094,-4.31852,4.03236
2021-01-13,42.422,4.4539,78.986,25602.8,0.0118965,39.5079,4,0.0547794,-0.0309865,0.114335,-0.00477647,-0.290025,0.228052,-4.38844,-5.26628,-4.56213,3.72477
2021-01-14,42.388,4.41936,78.739,25828.3,-0.150669,40.6938,4,-0.30285,0.0015126,-0.589068,-0.0166331,-0.494137,0.497162,-3.86311,-4.81595,-4.76233,4.13518
2021-01-15,42.351,4.39692,78.739,25828.3,-0.151567,41.5547,4,-0.304647,0.0015126,-0.58487,-0.0244238,-0.494137,0.497162,-3.45143,-4.38207,-4.94635,4.33451
2021-01-18,42.317,4.40395,78.739,25828.3,-0.441834,41.2234,4,-0.66723,-0.216437,-1.31245,-0.0220142,-0.534748,0.101873,-3.9112,-3.93159,-5.1526,4.21881
2021-01-19,42.241,4.40536,78.739,25828.3,-0.381559,40.9769,4,-0.537666,-0.225452,-1.05377,-0.021563,-0.534748,0.0838435,-4.33687,-3.41602,-5.35934,4.08909
2021-01-20,42.098,4.16044,78.739,25828.3,-0.483188,40.9492,4,-0.740924,-0.225452,-1.37567,-0.106176,-0.534748,0.0838435,-4.33163,-3.11332,-5.56701,3.96115
2021-01-21,42.169,4.16676,78.739,25828.3,-0.385016,40.8161,4,-0.544579,-0.225452,-0.985118,-0.10404,-0.534748,0.0838435,-4.42005,-2.82592,-5.7704,3.83243
2021-01-22,42.156,4.14071,78.739,25828.3,-0.365307,40.745,4,-0.504699,-0.225915,-0.896264,-0.113135,-0.535673,0.0838435,-4.41222,-2.56668,-5.9803,3.70422
2021-01-25,42.079,4.13017,78.739,25828.3,-0.406317,40.2823,4,-0.586255,-0.226379,-1.05568,-0.116834,-0.536602,0.0838435,-4.76659,-2.33132,-6.19291,3.57316
2021-01-26,41.94,4.23052,78.739,25828.3,-0.43028,39.7325,4,-0.680459,-0.180101,-1.27877,-0.0821439,-0.444045,0.0838435,-5.28696,-2.09394,-6.32814,3.44151
2021-01-27,42.188,4.72204,78.739,25828.3,-0.00572304,40.1056,4,0.122163,-0.133609,0.158668,0.0856578,-0.351061,0.0838435,-5.06129,-1.75013,-6.39979,3.31682
2021-01-28,42.311,4.82906,78.739,25828.3,0.0500348,40.8808,4,0.233678,-0.133609,0.346039,0.121317,-0.351061,0.0838435,-4.47555,-1.36224,-6.4758,3.1944
2021-01-29,42.278,4.53944,78.739,25828.3,0.00603687,41.0102,4,0.145683,-0.133609,0.274659,0.0167066,-0.351061,0.0838435,-4.37132,-1.14308,-6.54288,3.06747
2021-02-01,42.27,4.53954,78.739,25828.3,0.0690851,41.6478,4,0.271779,-0.133609,0.529664,0.0138945,-0.351061,0.0838435,-3.85409,-0.832651,-6.60865,2.94323
2021-02-02,42.313,4.27414,78.739,25828.3,0.211712,42.9888,4,0.557033,-0.133609,1.19245,-0.0783834,-0.351061,0.0838435,-2.49873,-0.660736,-6.67326,2.82155
2021-02-03,42.423,4.12556,78.739,25828.3,0.0687935,43.0076,4,0.271196,-0.133609,0.673314,-0.130923,-0.351061,0.0838435,-2.33144,-0.630865,-6.72349,2.69345
2021-02-04,42.621,4.24005,78.739,25828.3,0.142844,42.7127,4,0.419298,-0.133609,0.930051,-0.0914554,-0.351061,0.0838435,-2.43865,-0.642315,-6.7705,2.56413
2021-02-05,42.566,4.25534,78.739,25828.3,0.121564,43.0452,4,0.376737,-0.133609,0.839743,-0.0862681,-0.351061,0.0838435,-1.91678,-0.651288,-6.82397,2.43724
2021-02-08,42.513,4.04017,78.739,25828.3,0.0604463,42.652,4,0.254501,-0.133609,0.672872,-0.163869,-0.351061,0.0838435,-2.01705,-0.768759,-6.8699,2.30768
2021-02-09,42.595,3.91514,78.739,25828.3,0.0807454,42.2096,4,0.2951,-0.133609,0.800375,-0.210175,-0.351061,0.0838435,-2.12872,-0.929646,-6.91497,2.18298
2021-02-10,42.708,3.97344,78.739,25828.3,0.0845875,42.4448,4,0.302784,-0.133609,0.795079,-0.189511,-0.351061,0.0838435,-1.57187,-1.08134,-6.96764,2.06568
2021-02-11,42.651,3.99815,78.739,25828.3,-0.140255,42.4786,4,-0.146902,-0.133609,-0.112799,-0.181004,-0.351061,0.0838435,-1.18176,-1.21606,-6.8508,1.72718
2021-02-12,42.612,3.99981,78.739,25828.3,-0.125912,42.5616,4,-0.118215,-0.133609,-0.055759,-0.180671,-0.351061,0.0838435,-0.748383,-1.34425,-6.73448,1.38875
2021-02-17,42.804,4.23976,77.3478,24956,-0.440621,42.5656,4,0.357349,-1.23859,0.808957,-0.0942583,-1.50643,-0.970752,0.989834,-1.40345,-7.53069,0.509876
2021-02-18,42.843,4.14696,77.3478,24956,-0.582471,41.9158,4,0.262945,-1.42789,0.654459,-0.12857,-1.64204,-1.21373,2.38694,-1.48952,-8.42889,-0.552725
2021-02-19,42.849,3.86385,77.3478,24956,-0.704029,41.2041,4,0.0184078,-1.42647,0.269465,-0.232649,-1.6392,-1.21373,3.72866,-1.59099,-9.32085,-1.6127
2021-02-22,43.039,4.0567,77.3478,24956,-0.469849,40.9315,4,0.485352,-1.42505,1.13334,-0.162636,-1.63637,-1.21373,5.4575,-1.63803,-10.216,-2.67198
2021-02-23,42.98,4.11999,77.3478,24956,-0.482615,40.5552,4,0.459821,-1.42505,1.06003,-0.140393,-1.63637,-1.21373,7.05051,-1.65905,-11.1069,-3.72931
2021-02-24,43.049,3.9891,77.3478,24956,-0.603249,39.9255,4,0.218551,-1.42505,0.6276,-0.190497,-1.63637,-1.21373,8.41354,-1.71691,-11.9888,-4.78227
2021-02-25,43.157,3.64854,77.3478,24956,-0.576031,39.4612,4,0.272988,-1.42505,0.865348,-0.319371,-1.63637,-1.21373,10.1511,-1.90833,-12.9475,-5.83413
2021-02-26,43.145,3.28653,77.3478,24956,-0.628731,37.4938,4,0.167589,-1.42505,0.791729,-0.456552,-1.63637,-1.21373,10.6138,-2.33829,-13.9249,-6.85678
2021-03-01,43.15,3.234,77.3478,24956,-0.796851,34.8717,4,-0.168652,-1.42505,0.141633,-0.478938,-1.63637,-1.21373,10.3637,-2.80192,-14.8456,-7.84445
2021-03-02,43.326,3.3401,77.3478,24956,-0.587034,33.0768,4,0.250981,-1.42505,0.945331,-0.443369,-1.63637,-1.21373,10.8311,-3.1509,-15.7744,-8.82908
2021-03-03,43.936,5.58065,77.3478,24956,0.0784261,33.1047,4,1.5819,-1.42505,2.75206,0.411748,-1.63637,-1.21373,12.6073,-2.83349,-16.8027,-9.86639
2021-03-04,43.903,5.65395,77.3478,24956,-0.038794,32.3576,4,1.34746,-1.42505,2.26068,0.434244,-1.63637,-1.21373,13.4201,-2.4168,-17.7757,-10.87
2021-03-05,44.31,6.23143,77.3478,24956,0.359147,33.2242,4,2.14334,-1.42505,3.6318,0.654892,-1.63637,-1.21373,15.8307,-1.7973,-18.8645,-11.9446
2021-03-08,44.574,6.31532,77.3478,24956,0.459049,34.1784,4,2.34315,-1.42505,4,0.686294,-1.63637,-1.21373,18.3493,-1.18006,-19.9629,-13.028
2021-03-09,44.64,6.18506,77.3478,24956,0.444042,35.162,4,2.31313,-1.42505,3.98828,0.637987,-1.63637,-1.21373,20.9458,-0.601326,-21.0657,-14.1169
2021-03-10,44.537,6.2786,77.3478,24956,-0.132969,34.5708,4,1.15911,-1.42505,1.64357,0.67465,-1.63637,-1.21373,21.6829,0.0732536,-22.0551,-15.1302
2021-03-11,44.356,6.67757,77.3478,24956,-0.216847,33.6685,4,0.991355,-1.42505,1.17326,0.809454,-1.63637,-1.21373,21.9103,0.889129,-23.0117,-16.1193
2021-03-12,44.534,6.71162,77.3478,24956,-0.399718,32.2203,4,0.62207,-1.42151,0.443203,0.800936,-1.63637,-1.20664,21.5049,1.67226,-23.9029,-17.054
2021-03-15,44.502,6.67329,77.3478,24956,-0.631399,30.7787,4,0.146983,-1.40978,-0.487575,0.781542,-1.63637,-1.18319,21.0731,2.42292,-24.7687,-17.9486
2021-03-16,44.494,6.63388,77.3478,24956,-0.691544,29.1546,4,0.0186961,-1.40178,-0.718756,0.756148,-1.63637,-1.1672,20.3873,3.13891,-25.5825,-18.7891
2021-03-17,44.603,6.57787,78.3358,25998.6,-0.0268612,30.3387,4,0.335756,-0.389478,-0.0545787,0.72609,-0.82001,0.0410534,19.8251,3.80469,-25.1905,-18.1006
2021-03-18,44.34,7.15644,78.3358,25998.6,-0.0423089,31.9161,4,0.314388,-0.399006,-0.312001,0.940777,-0.82001,0.0219979,19.198,4.68169,-24.7165,-17.2472
2021-03-19,44.292,7.2052,78.3358,25998.6,-0.28544,33.1616,4,-0.044207,-0.526673,-1.02179,0.933379,-0.802805,-0.25054,18.2643,5.63701,-24.1741,-16.5656
2021-03-22,44.234,7.20053,78.3358,25998.6,-0.307788,33.6489,4,-0.0889039,-0.526673,-1.08966,0.911847,-0.802805,-0.25054,16.5193,6.5075,-23.5522,-15.8257
2021-03-23,44.139,7.24498,78.3358,25998.6,-0.370684,33.9871,4,-0.214695,-0.526673,-1.35093,0.921537,-0.802805,-0.25054,14.608,7.36667,-22.9138,-15.0737
2021-03-24,44.235,7.25063,78.3358,25998.6,-0.384934,34.6505,4,-0.243196,-0.526673,-1.38527,0.898879,-0.802805,-0.25054,13.0259,8.25924,-22.2988,-14.3359
2021-03-25,44.387,7.27741,78.3358,25998.6,-0.061689,36.2317,4,0.403295,-0.526673,-0.0722887,0.878878,-0.802805,-0.25054,12.3366,9.26977,-21.7418,-13.6328
2021-03-26,44.518,7.26851,78.3358,25998.6,0.0760641,38.4368,4,0.678801,-0.526673,0.498416,0.859186,-0.802805,-0.25054,12.1749,10.3963,-21.1995,-12.9349
2021-03-29,44.521,7.26982,78.3358,25998.6,0.121049,41.3645,4,0.76877,-0.526673,0.693808,0.843732,-0.802805,-0.25054,12.7048,11.5447,-20.6544,-12.2306
2021-03-30,44.359,7.4311,78.3358,25998.6,0.0821436,43.5306,4,0.69096,-0.526673,0.48173,0.900189,-0.802805,-0.25054,12.3689,12.6876,-20.0428,-11.483
2021-03-31,44.187,5.89611,78.3358,25998.6,-0.277062,42.3771,4,-0.0274518,-0.526673,-0.37736,0.322456,-0.802805,-0.25054,9.78407,12.5925,-19.3253,-10.6742
2021-04-05,44.219,5.88497,78.3358,25998.6,-0.371862,41.3021,4,-0.217052,-0.526673,-0.752367,0.318262,-0.802805,-0.25054,7.30227,12.474,-18.6075,-9.86667
2021-04-06,44.247,4.87031,78.3358,25998.6,-0.543289,38.4244,4,-0.559906,-0.526673,-1.06822,-0.0515904,-0.802805,-0.25054,3.43776,11.8213,-17.8128,-9.02186
2021-04-07,44.027,4.61923,78.3358,25998.6,-0.738571,34.7042,4,-0.950469,-0.526673,-1.76551,-0.13543,-0.802805,-0.25054,-1.23245,11.0299,-16.9454,-8.14789
2021-04-08,43.944,4.57085,78.3358,25998.6,-0.675848,31.3532,4,-0.825023,-0.526673,-1.51823,-0.131818,-0.802805,-0.25054,-5.5822,10.2748,-16.0621,-7.27728
2021-04-09,44.093,4.76198,78.3358,25998.6,-0.398559,30.5793,4,-0.270445,-0.526673,-0.501516,-0.0393741,-0.802805,-0.25054,-7.2574,9.67461,-15.3472,-6.49074
2021-04-12,44.187,4.65269,78.3358,25998.6,-0.357564,30.1727,4,-0.188456,-0.526673,-0.299106,-0.0778055,-0.802805,-0.25054,-8.40452,8.95638,-14.6604,-5.71874
2021-04-13,44.273,4.45972,78.3358,25998.6,-0.328074,30.3794,4,-0.129476,-0.526673,-0.113126,-0.145825,-0.802805,-0.25054,-8.85192,8.21787,-14.0168,-4.96968
2021-04-14,44.13,4.57937,78.1168,26137.1,-0.259657,31.4619,4,0.0194155,-0.538729,0.126028,-0.087197,-0.983703,-0.0937546,-8.40897,7.5694,-13.5684,-4.13007
2021-04-15,44.086,4.58288,78.1168,26137.1,-0.215234,32.8724,4,0.0915553,-0.522023,0.256192,-0.0730812,-0.950292,-0.0937546,-7.68081,6.95254,-13.1013,-3.29798
2021-04-16,44.281,4.79655,78.1168,26137.1,-0.150281,32.5045,4,0.205854,-0.506415,0.402308,0.00940065,-0.919076,-0.0937546,-7.30539,6.3712,-13.1608,-3.4005
2021-04-20,44.184,4.38996,78.1168,26137.1,-0.358872,31.5686,4,-0.177924,-0.53982,-0.21843,-0.137418,-0.727092,-0.352548,-7.20231,5.4904,-13.0352,-3.68433
2021-04-21,44.18,4.37688,78.1168,26137.1,-0.430506,31.1436,4,-0.322467,-0.538545,-0.50933,-0.135604,-0.724542,-0.352548,-6.78284,4.63331,-12.9487,-3.75821
2021-04-22,44.081,4.42264,78.1168,26137.1,-0.386281,30.9147,4,-0.234651,-0.537911,-0.359663,-0.109638,-0.723273,-0.352548,-6.19817,3.82021,-12.8723,-3.83504
2021-04-23,44.061,4.36266,78.1168,26137.1,-0.368689,30.9205,4,-0.199467,-0.537911,-0.275703,-0.123231,-0.723273,-0.352548,-5.34749,2.99356,-12.8097,-3.91586
2021-04-26,44.056,4.28021,78.1168,26137.1,-0.541753,30.4653,4,-0.545595,-0.537911,-0.939687,-0.151504,-0.723273,-0.352548,-4.98437,2.15781,-12.72,-3.98817
2021-04-27,44.05,4.06028,78.1168,26137.1,-0.483305,29.2565,4,-0.431606,-0.535003,-0.627624,-0.235588,-0.717458,-0.352548,-5.39094,1.27023,-12.578,-4.04474
2021-04-28,43.964,3.8969,78.1168,26137.1,-0.563588,27.4665,4,-0.596913,-0.530263,-0.900269,-0.293557,-0.707979,-0.352548,-6.4266,0.361816,-12.3835,-4.0852
2021-04-29,43.836,3.96967,78.1168,26137.1,-0.577183,25.5763,4,-0.625961,-0.528405,-0.999888,-0.252034,-0.704261,-0.352548,-7.65525,-0.484527,-12.1668,-4.11711
2021-04-30,43.802,3.82245,78.1168,26137.1,-0.602331,23.7915,4,-0.676258,-0.528405,-1.04744,-0.30508,-0.704261,-0.352548,-8.72421,-1.39392,-11.9454,-4.14497
2021-05-03,43.867,3.6891,78.1168,26137.1,-0.555446,23.0856,4,-0.582487,-0.528405,-0.806978,-0.357996,-0.704261,-0.352548,-9.00371,-1.90076,-11.8093,-4.20062
2021-05-04,44.025,3.93403,78.1168,26137.1,-0.389958,23.0402,4,-0.251512,-0.528405,-0.247726,-0.255298,-0.704261,-0.352548,-8.61954,-2.33325,-11.7308,-4.27623
2021-05-05,44.097,3.97861,78.1168,26137.1,-0.250232,23.7828,4,0.0279405,-0.528405,0.290187,-0.234306,-0.704261,-0.352548,-7.63524,-2.48475,-11.7202,-4.37707
2021-05-06,43.973,3.69489,78.1168,26137.1,-0.274314,24.9856,4,-0.0202224,-0.528405,0.306674,-0.347119,-0.704261,-0.352548,-6.11245,-2.66759,-11.7426,-4.49174
2021-05-07,43.845,3.77933,78.1168,26137.1,-0.345814,25.8599,4,-0.163223,-0.528405,-0.0148041,-0.311642,-0.704261,-0.352548,-4.98956,-2.82122,-11.7335,-4.59582
2021-05-10,43.969,3.71519,78.1168,26137.1,-0.300536,26.1226,4,-0.0726677,-0.528405,0.189322,-0.334658,-0.704261,-0.352548,-4.46494,-3.05361,-11.6768,-4.68206
2021-05-11,43.976,3.62011,78.1168,26137.1,-0.438866,25.9046,4,-0.349326,-0.528405,-0.333164,-0.365489,-0.704261,-0.352548,-4.4851,-3.27103,-11.585,-4.75426
2021-05-12,44.056,3.61022,78.1168,26137.1,-0.431227,25.6294,4,-0.33405,-0.528405,-0.303501,-0.364598,-0.704261,-0.352548,-4.62365,-3.43353,-11.489,-4.82439
2021-05-13,44.169,3.5596,78.1168,26137.1,-0.229597,25.7094,4,0.0692114,-0.528405,0.520399,-0.381976,-0.704261,-0.352548,-4.32263,-3.66205,-11.2799,-5.02594
2021-05-14,44.182,3.53894,78.1168,26137.1,-0.107422,25.9976,4,0.313561,-0.528405,1.01267,-0.385543,-0.704261,-0.352548,-3.74751,-3.90953,-11.1109,-5.23453
2021-05-18,44.053,3.30595,77.6764,26275.2,-0.394413,25.3475,4,-0.17385,-0.614976,0.13152,-0.47922,-1.03301,-0.196938,-3.93981,-4.26834,-11.1523,-5.29205
2021-05-19,44.151,3.33457,77.6764,26275.2,-0.31125,25.4736,4,-0.0075246,-0.614976,0.449201,-0.46425,-1.03301,-0.196938,-3.43022,-4.52288,-11.3964,-5.17686
2021-05-20,44.051,3.42742,77.6764,26275.2,-0.457961,25.4009,4,-0.300945,-0.614976,-0.179875,-0.422016,-1.03301,-0.196938,-3.17567,-4.74064,-11.6279,-5.05495
2021-05-21,44.105,3.36653,77.6764,26275.2,-0.00628937,26.4175,4,-0.413027,0.400448,-0.385235,-0.440819,0.00272505,0.798172,-3.2158,-5.02695,-11.1415,-4.19825
2021-05-24,43.966,3.54948,77.6764,26275.2,-0.119191,27.0961,4,-0.637468,0.399086,-0.915526,-0.359409,0,0.798172,-3.72522,-5.23057,-10.6256,-3.32254
2021-05-25,43.937,3.55489,77.6764,26275.2,-0.0303173,28.5138,4,-0.45972,0.399086,-0.564362,-0.355079,0,0.798172,-3.46134,-5.43133,-10.1444,-2.44912
2021-05-26,43.851,3.61337,77.6764,26275.2,-0.185865,29.3542,4,-0.770816,0.399086,-1.2133,-0.328335,0,0.798172,-3.93647,-5.52794,-9.62534,-1.55606
2021-05-27,43.78,3.59409,77.6764,26275.2,-0.159134,30.515,4,-0.717354,0.399086,-1.10134,-0.333367,0,0.798172,-4.11759,-5.5907,-9.12069,-0.655992
2021-05-28,43.847,3.49519,77.6764,26275.2,-0.154279,31.7501,4,-0.707645,0.399086,-1.04244,-0.372852,0,0.798172,-4.1743,-5.71778,-8.6121,0.254305
2021-05-31,43.794,3.51151,77.6764,26275.2,-0.0759292,33.3162,4,-0.550944,0.399086,-0.737458,-0.36443,0,0.798172,-3.95328,-5.80187,-8.10436,1.17574
2021-06-01,43.68,3.58041,77.6764,26275.2,-0.140632,34.5714,4,-0.680349,0.399086,-1.02738,-0.333315,0,0.798172,-4.1486,-5.80894,-7.57637,2.10526
2021-06-02,43.63,3.29564,77.6764,26275.2,-0.136042,35.3482,4,-0.67117,0.399086,-0.892278,-0.450063,0,0.798172,-4.67857,-5.98116,-7.02942,3.03736
2021-06-03,43.699,3.29117,77.6764,26275.2,-0.0133097,36.0786,4,-0.425705,0.399086,-0.403623,-0.447787,0,0.798172,-5.24951,-6.16751,-6.47756,3.9732
2021-06-04,43.591,3.26075,77.6764,26275.2,-0.16712,36.4108,4,-0.733326,0.399086,-1.01199,-0.454663,0,0.798172,-6.3202,-6.2607,-5.91523,4.90691
2021-06-07,43.567,3.12765,77.6764,26275.2,-0.154528,37.006,4,-0.708142,0.399086,-0.911703,-0.504581,0,0.798172,-7.05722,-6.42789,-5.35569,5.84685
2021-06-08,43.526,2.90348,77.6764,26275.2,-0.114052,37.5894,4,-0.627191,0.399086,-0.660113,-0.594268,0,0.798172,-7.75739,-6.6489,-4.79359,6.78927
2021-06-09,43.561,2.93195,77.6764,26275.2,-0.0378801,38.8532,4,-0.474846,0.399086,-0.362533,-0.587159,0,0.798172,-7.80669,-6.85096,-4.23652,7.74738
2021-06-10,43.593,2.84354,77.6764,26275.2,-0.0802025,39.9694,4,-0.559491,0.399086,-0.491678,-0.627303,0,0.798172,-7.98024,-7.08282,-3.67319,8.70562
2021-06-11,43.69,2.79685,77.6764,26275.2,0.0938985,41.0053,4,-0.211289,0.399086,0.225452,-0.648029,0,0.798172,-8.23826,-7.31531,-3.10555,9.66446
2021-06-14,43.634,2.79008,78.6976,26568.9,0.337439,42.4401,4,-0.269383,0.94426,0.113717,-0.652482,0.762224,1.1263,-8.99569,-7.55264,-1.91211,10.9006
2021-06-15,43.644,2.66712,78.6976,26568.9,0.366986,44.9182,4,-0.210288,0.94426,0.283236,-0.703812,0.762224,1.1263,-8.90096,-7.76241,-0.442906,12.0245
2021-06-16,43.662,2.49711,78.6976,26568.9,0.333014,47.0311,4,-0.278233,0.94426,0.218321,-0.774787,0.762224,1.1263,-9.10703,-8.03203,1.03452,13.1357
2021-06-17,43.775,2.64581,78.6976,26568.9,0.419717,49.9218,4,-0.104826,0.94426,0.501274,-0.710925,0.762224,1.1263,-8.55407,-8.27756,2.51506,14.2384
2021-06-18,43.813,2.62116,78.6976,26568.9,-0.120712,49.5446,4,-0.21282,-0.0286047,0.29408,-0.71972,0.0247463,-0.0819556,-7.99402,-8.50725,2.53316,13.5127
2021-06-21,43.686,2.58622,78.6976,26568.9,-0.185192,49.327,4,-0.341779,-0.0286047,0.0464509,-0.730008,0.0247463,-0.0819556,-7.20102,-8.81245,2.55349,12.787
2021-06-22,43.583,2.6845,78.6976,26568.9,-0.271779,48.5313,4,-0.514954,-0.0286047,-0.346615,-0.683293,0.0247463,-0.0819556,-7.02031,-9.08132,2.57342,12.0595
2021-06-23,43.422,2.8822,78.6976,26568.9,-0.407572,47.8012,4,-0.78654,-0.0286047,-0.970748,-0.602332,0.0247463,-0.0819556,-6.81854,-9.30448,2.59309,11.3311
2021-06-24,43.458,2.88608,78.6976,26568.9,-0.473544,46.7671,4,-0.918484,-0.0286047,-1.23623,-0.600741,0.0247463,-0.0819556,-6.92557,-9.51912,2.61193,10.5999
2021-06-25,43.481,2.81991,78.6976,26568.9,-0.492322,45.6578,4,-0.956039,-0.0286047,-1.28424,-0.62784,0.0247463,-0.0819556,-7.11834,-9.72044,2.62998,9.86655
2021-06-28,43.547,2.88389,78.6976,26568.9,-0.316781,44.8693,4,-0.605023,-0.0285394,-0.608406,-0.60164,0.0248769,-0.0819556,-7.00666,-9.90775,2.64835,9.13541
2021-06-29,43.47,2.80878,78.6976,26568.9,-0.297039,44.3584,4,-0.575234,-0.0188451,-0.518072,-0.632396,0.02521,-0.0629001,-6.58423,-10.1477,2.66752,8.42279
2021-06-30,43.577,2.94298,78.6976,26568.9,-0.0500899,44.6391,4,-0.0814369,-0.0187429,0.414567,-0.577441,0.0254143,-0.0629001,-5.51256,-10.2556,2.68927,7.71801
2021-07-01,43.655,2.95925,78.6976,26568.9,-0.0131156,44.6397,4,-0.00748834,-0.0187429,0.555801,-0.570777,0.0254143,-0.0629001,-4.72422,-10.3567,2.71016,7.01049
2021-07-02,43.781,2.98798,78.6976,26568.9,0.0792328,45.4456,4,0.177209,-0.0187429,0.913428,-0.559011,0.0254143,-0.0629001,-3.14478,-10.4513,2.73335,6.30828
2021-07-05,43.747,2.99676,78.6976,26568.9,-0.00891649,45.9228,4,0.00088761,-0.0187206,0.557192,-0.555417,0.0254589,-0.0629001,-1.93764,-10.4976,2.75548,5.60258
2021-07-06,43.884,3.13488,78.6976,26568.9,0.19056,46.923,4,0.399796,-0.0186758,1.29845,-0.498856,0.0255485,-0.0629001,-0.326501,-10.427,2.77859,4.89783
2021-07-07,44.021,3.27774,78.6976,26568.9,0.22788,47.7971,4,0.474412,-0.0186533,1.38918,-0.440351,0.0255936,-0.0629001,1.11632,-10.3111,2.80102,4.19089
2021-07-08,44.023,3.28103,78.6976,26568.9,0.15984,48.5877,4,0.337899,-0.0182186,1.1148,-0.439003,0.0264628,-0.0629001,2.4404,-10.159,2.82366,3.48262
2021-07-09,43.849,3.56953,78.6976,26568.9,-0.0698312,48.0484,4,-0.121909,-0.0177534,0.0770384,-0.320856,0.0273932,-0.0629001,2.31766,-9.88754,2.84569,2.77257
2021-07-12,43.919,3.55911,78.6976,26568.9,0.0175525,46.9959,4,0.0528584,-0.0177534,0.43084,-0.325123,0.0273932,-0.0629001,2.57751,-9.61258,2.23908,1.79187
2021-07-13,43.956,3.56356,78.6976,26568.9,-0.0688262,45.5655,4,-0.119899,-0.0177534,0.0835044,-0.323303,0.0273932,-0.0629001,2.41035,-9.28887,1.6322,0.811784
2021-07-14,43.836,3.72816,78.6976,26568.9,-0.265856,43.6096,4,-0.526014,-0.00569715,-0.796134,-0.255894,0.208292,-0.219686,1.57247,-8.84226,1.17397,-0.29459
2021-07-15,43.865,3.62602,78.7206,27034.9,-0.124075,41.8469,4,-0.49904,0.250889,-0.697695,-0.300384,0.227319,0.274459,0.586945,-8.48214,0.733003,-0.990924
2021-07-16,43.897,3.62248,78.7206,27034.9,0.0498066,42.398,4,-0.151276,0.250889,0.00104506,-0.303597,0.227319,0.274459,0.34745,-8.14915,0.899623,-0.699887
2021-07-19,43.992,3.51081,78.7206,27034.9,0.0588896,43.1895,4,-0.13311,0.250889,0.0845005,-0.350721,0.227319,0.274459,0.379079,-7.84799,1.06686,-0.408425
2021-07-20,43.9,3.48466,78.7206,27034.9,-0.0538151,43.8986,4,-0.358519,0.250889,-0.354521,-0.362518,0.227319,0.274459,0.372957,-7.59229,1.2342,-0.116224
2021-07-21,43.812,3.26776,78.7206,27034.9,-0.0500567,45.0659,4,-0.351003,0.250889,-0.245772,-0.456234,0.227319,0.274459,0.969445,-7.48254,1.40241,0.176614
2021-07-22,43.741,3.34468,78.7206,27034.9,-0.127285,46.2006,4,-0.50734,0.25277,-0.58723,-0.427449,0.227319,0.27822,1.50454,-7.34775,1.57058,0.473197
2021-07-23,43.743,3.34516,78.7206,27034.9,-0.151358,47.3209,4,-0.558242,0.255526,-0.687703,-0.42878,0.227319,0.283733,1.99696,-7.18943,1.73861,0.774723
2021-07-26,43.786,3.32471,78.7206,27034.9,-0.196364,47.7171,4,-0.649087,0.25636,-0.860038,-0.438137,0.227319,0.2854,1.7901,-7.05623,1.90572,1.07748
2021-07-27,43.792,3.23701,78.7206,27034.9,-0.123691,48.2878,4,-0.503742,0.25636,-0.528689,-0.478794,0.227319,0.2854,1.78178,-6.93136,2.0727,1.36471
2021-07-28,43.789,3.1436,78.7206,27034.9,-0.0618852,48.249,4,-0.380327,0.256557,-0.241786,-0.518867,0.227713,0.2854,1.24098,-6.883,2.23934,1.65166
2021-07-29,43.643,3.33063,78.7206,27034.9,-0.102258,47.9554,4,-0.461269,0.256754,-0.499311,-0.423227,0.228107,0.2854,0.371618,-6.76064,2.40606,1.9384
2021-07-30,43.704,3.19845,78.7206,27034.9,-0.0632941,47.4863,4,-0.38362,0.257031,-0.298574,-0.468665,0.228662,0.2854,-0.626705,-6.68471,2.57293,2.22484
2021-08-02,43.57,3.36337,78.7206,27034.9,-0.198016,46.8645,4,-0.653341,0.25731,-0.907421,-0.399261,0.22922,0.2854,-1.83233,-6.55368,2.73974,2.51078
2021-08-03,43.641,3.20496,78.7206,27034.9,-0.159344,45.716,4,-0.575998,0.25731,-0.683427,-0.468569,0.22922,0.2854,-3.46095,-6.5229,2.90482,2.79504
2021-08-04,43.695,3.004,78.7206,27034.9,-0.132298,44.5375,4,-0.521907,0.25731,-0.492107,-0.551707,0.22922,0.2854,-5.0024,-6.60648,3.0686,3.07781
2021-08-05,43.668,3.00101,78.7206,27034.9,-0.0287158,43.9224,4,-0.314742,0.25731,-0.0793326,-0.550151,0.22922,0.2854,-5.97899,-6.69276,3.23275,3.36145
2021-08-06,43.703,2.71514,78.7206,27034.9,-0.0826009,43.8808,4,-0.422512,0.25731,-0.169461,-0.675563,0.22922,0.2854,-6.18103,-6.98359,3.39826,3.64719
2021-08-09,43.652,2.65378,78.7206,27034.9,-0.0159241,43.7718,4,-0.289158,0.25731,0.12129,-0.699606,0.22922,0.2854,-6.43423,-7.28998,3.56344,3.93256
2021-08-10,43.649,2.62105,78.7206,27034.9,-0.0834888,43.7241,4,-0.423523,0.256545,-0.135968,-0.711077,0.22922,0.283871,-6.61395,-7.60778,3.72886,4.21693
2021-08-11,43.568,2.53233,78.7206,27034.9,-0.210307,43.905,4,-0.6783,0.257687,-0.608643,-0.747958,0.233033,0.282341,-6.4616,-8.01355,3.75006,4.63007
2021-08-12,43.343,3.03469,78.7206,27034.9,-0.329091,43.2379,4,-0.913858,0.255675,-1.30478,-0.52294,0.241052,0.270298,-6.95365,-8.1888,3.75791,4.62244
2021-08-13,43.328,2.99604,78.7206,27034.9,-0.319982,42.0397,4,-1.00288,0.36292,-1.4727,-0.533061,0.637932,0.087908,-8.14709,-8.36126,4.087,4.46103
2021-08-16,43.268,2.81315,78.1904,27312.1,-0.388025,40.6014,4,-1.05491,0.278861,-1.49963,-0.610186,0.165227,0.392495,-9.41866,-8.5507,4.02535,4.54545
2021-08-17,43.203,2.78565,78.1904,27312.1,-0.446448,39.3482,4,-1.17176,0.278861,-1.71837,-0.625146,0.165227,0.392495,-10.5036,-8.74129,3.96384,4.6292
2021-08-18,43.129,2.77076,78.1904,27312.1,-0.441892,38.1084,4,-1.16265,0.278861,-1.69078,-0.634509,0.165227,0.392495,-11.6445,-8.85932,3.90134,4.71088
2021-08-19,43.206,2.89534,78.1904,27312.1,-0.157085,38.0146,4,-0.595623,0.281452,-0.613097,-0.578149,0.165227,0.397677,-11.6626,-8.97944,3.84998,4.80667
2021-08-20,43.225,2.91061,78.1904,27312.1,-0.123606,38.102,4,-0.532033,0.284822,-0.488933,-0.575133,0.165227,0.404417,-11.5039,-9.1003,3.80046,4.90574
2021-08-23,42.965,3.42585,78.1904,27312.1,-0.245959,37.9459,4,-0.777455,0.285537,-1.21168,-0.343231,0.165227,0.405846,-11.7845,-9.01955,3.74852,5.00145
2021-08-24,42.811,3.52364,78.1904,27312.1,-0.31512,37.3453,4,-0.915811,0.285572,-1.53412,-0.297503,0.165227,0.405916,-12.5797,-8.85793,3.69208,5.09089
2021-08-26,42.603,3.73707,78.1904,27312.1,-0.412333,36.2539,4,-1.11031,0.285642,-2.02201,-0.198609,0.165227,0.406057,-13.977,-8.57097,3.62981,5.17203
2021-08-27,42.53,3.66751,78.1904,27312.1,-0.555599,34.8585,4,-1.39688,0.285677,-2.56276,-0.230993,0.165227,0.406127,-15.5723,-8.37761,3.56282,5.24564
2021-08-30,42.434,3.53945,78.1904,27312.1,-0.674774,33.0087,4,-1.63523,0.285677,-2.97931,-0.291147,0.165227,0.406127,-17.6067,-8.17893,3.48795,5.30637
2021-08-31,42.464,3.56737,78.1904,27312.1,-0.405803,32.3892,4,-1.09728,0.285677,-1.91618,-0.278383,0.165227,0.406127,-18.3661,-8.06227,3.42829,5.38927
2021-09-01,42.541,3.58777,78.1904,27312.1,-0.191861,32.2926,4,-0.671006,0.287285,-1.07429,-0.267725,0.168443,0.406127,-18.67,-7.89916,3.37854,5.48323
2021-09-02,42.582,3.56361,78.1904,27312.1,0.033237,32.7852,4,-0.222483,0.288957,-0.167629,-0.277337,0.171786,0.406127,-18.4487,-7.69619,3.33952,5.59055
2021-09-03,42.688,3.80354,78.1904,27312.1,0.224005,33.543,4,0.159054,0.288957,0.480252,-0.162144,0.171786,0.406127,-18.0556,-7.40855,3.30345,5.70368
2021-09-06,42.572,3.77111,78.1904,27312.1,0.202533,34.4061,4,0.11611,0.288957,0.408789,-0.176569,0.171786,0.406127,-17.6489,-7.03161,3.26785,5.81869
2021-09-07,42.589,3.81971,78.1904,27312.1,0.197005,35.056,4,0.105053,0.288957,0.363013,-0.152908,0.171786,0.406127,-17.4943,-6.60774,3.22903,5.92894
2021-09-08,42.699,4.03627,78.1904,27312.1,0.253069,36.0921,4,0.217182,0.288957,0.482573,-0.0482094,0.171786,0.406127,-17.0541,-6.09503,3.19357,6.04761
2021-09-09,42.685,4.03472,78.1904,27312.1,0.20302,37.3786,4,0.117083,0.288957,0.281903,-0.0477371,0.171786,0.406127,-16.3975,-5.55094,3.15611,6.17092
2021-09-10,42.744,3.80424,78.1904,27312.1,-0.19245,37.8071,4,-0.0240623,-0.360838,0.109731,-0.157856,-0.774746,0.0530706,-15.2694,-5.26134,2.33589,6.00198
2021-09-13,42.741,3.80887,78.1904,27312.1,-0.0940066,38.519,4,0.184049,-0.372062,0.523525,-0.155427,-0.774746,0.0306218,-13.6756,-4.96422,1.19225,5.96655
2021-09-14,42.668,3.81852,78.6157,27596.6,-0.00138039,39.746,4,0.0187998,-0.0215606,0.18786,-0.15026,-0.380488,0.337366,-12.3401,-4.60384,0.750968,5.939
2021-09-15,42.645,3.80687,78.6157,27596.6,-0.12368,40.7782,4,-0.22782,-0.0195409,-0.301292,-0.154348,-0.380488,0.341406,-11.2096,-4.22934,0.306885,5.91021
2021-09-16,42.611,3.78673,78.6157,27596.6,-0.143785,41.7372,4,-0.270098,-0.0174722,-0.378074,-0.162122,-0.380488,0.345543,-10.1557,-3.85044,-0.139084,5.88245
2021-09-17,42.699,3.81131,78.6157,27596.6,-0.113976,41.8763,4,-0.208387,-0.019565,-0.269987,-0.146787,-0.380488,0.341358,-9.87736,-3.49834,-0.58575,5.83779
2021-09-20,42.841,4.04455,78.6157,27596.6,0.0483923,42.4324,4,0.11675,-0.0199658,0.261274,-0.0277727,-0.377104,0.337172,-9.27202,-3.05321,-1.03057,5.78815
2021-09-21,42.739,3.55358,78.6157,27596.6,-0.0393903,43.1021,4,-0.0530658,-0.0257149,0.150269,-0.256401,-0.37372,0.32229,-8.16474,-2.98516,-1.4736,5.72562
2021-09-22,42.625,3.45293,78.6157,27596.6,-0.140334,43.6704,4,-0.239888,-0.0407799,-0.18357,-0.296205,-0.37372,0.29216,-7.06287,-2.98648,-1.91709,5.63683
2021-09-23,42.596,2.99392,78.6157,27596.6,-0.194037,44.382,4,-0.339671,-0.0484038,-0.159742,-0.5196,-0.37372,0.276912,-5.5395,-3.25285,-2.36153,5.53583
2021-09-24,42.689,3.01864,78.6157,27596.6,-0.183833,45.5978,4,-0.319261,-0.0484038,-0.134297,-0.504226,-0.37372,0.276912,-3.54922,-3.48177,-2.80785,5.43668
2021-09-27,42.692,2.87823,78.6157,27596.6,-0.329851,46.7296,4,-0.611297,-0.0484038,-0.653802,-0.568793,-0.37372,0.276912,-1.638,-3.71352,-3.25411,5.33527
2021-09-28,42.816,3.02082,78.6157,27596.6,-0.0997906,47.736,4,-0.151177,-0.0484038,0.194743,-0.497098,-0.37372,0.276912,0.0998786,-3.89586,-3.69996,5.23195
2021-09-29,42.884,3.00805,78.6157,27596.6,0.0698298,48.5978,4,0.188063,-0.0484038,0.879467,-0.50334,-0.37372,0.276912,1.70982,-4.0913,-4.14793,5.12721
2021-09-30,42.94,3.01894,78.6157,27596.6,0.150435,48.984,4,0.349274,-0.0484038,1.19657,-0.49802,-0.37372,0.276912,2.8342,-4.27356,-4.59788,5.02123
2021-10-01,42.942,2.91991,78.6157,27596.6,0.0512721,48.4148,4,0.150948,-0.0484038,0.848301,-0.546405,-0.37372,0.276912,3.13701,-4.58951,-5.04664,4.91398
2021-10-04,42.994,2.7067,78.6157,27596.6,0.0691808,47.9757,4,0.186765,-0.0484038,1.02411,-0.650576,-0.37372,0.276912,3.6434,-4.97925,-5.4952,4.80672
2021-10-05,43.034,2.71081,78.6157,27596.6,-0.00977178,47.2952,4,0.0288602,-0.0484038,0.706289,-0.648569,-0.37372,0.276912,3.92488,-5.38576,-5.94259,4.69868
2021-10-06,43.295,3.27987,78.6157,27596.6,0.232403,47.2272,4,0.51321,-0.0484038,1.39695,-0.370527,-0.37372,0.276912,4.67772,-5.65099,-6.39159,4.59209
2021-10-07,43.296,3.26772,78.6157,27596.6,0.181036,47.1549,4,0.409541,-0.0474685,1.19555,-0.376463,-0.37372,0.278783,5.42988,-5.92144,-6.84053,4.48702
2021-10-08,43.419,3.34723,78.6157,27596.6,0.300094,48.7765,4,0.646503,-0.0463148,1.63062,-0.337618,-0.37372,0.28109,6.68692,-6.07367,-6.5148,4.67803
2021-10-12,43.623,3.60259,78.6157,27596.6,0.467523,50.6275,4,0.979979,-0.0449322,2.17281,-0.212849,-0.37372,0.283855,8.04694,-6.1217,-6.18505,4.88727
2021-10-13,43.774,3.54945,78.6157,27596.6,0.560081,52.4769,4,1.1639,-0.0437359,2.56661,-0.238811,-0.37372,0.286248,10.0013,-6.19095,-6.17575,4.84223
2021-10-14,43.9,3.52419,78.6157,27596.6,0.281705,53.8091,4,0.910141,-0.346731,2.07195,-0.251674,-0.395065,-0.298398,11.9455,-6.2656,-6.18232,4.31146
2021-10-15,43.889,3.48303,78.2959,28030.8,0.322853,55.3372,4,0.878044,-0.232339,2.02928,-0.27319,-0.691542,0.226865,13.9061,-6.34763,-6.4288,4.20759
2021-10-18,43.764,3.79634,78.2959,28030.8,0.139571,56.1644,4,0.511337,-0.232196,1.14221,-0.119539,-0.691542,0.22715,15.0513,-6.31887,-6.67767,4.1096
2021-10-19,43.812,3.7153,78.2959,28030.8,-0.010498,55.9725,4,0.2112,-0.232196,0.582253,-0.159854,-0.691542,0.22715,15.3186,-6.42888,-6.9375,4.02028
2021-10-20,43.785,3.54318,78.2959,28030.8,-0.190715,55.4788,4,-0.149235,-0.232196,-0.0526678,-0.245802,-0.691542,0.22715,15.161,-6.42402,-7.20277,3.94452
2021-10-21,43.896,3.25733,78.2959,28030.8,-0.240586,55.1512,4,-0.248764,-0.232409,-0.106053,-0.391475,-0.691542,0.226725,15.2303,-6.50469,-7.46663,3.8922
2021-10-22,43.878,3.23499,78.2959,28030.8,-0.259507,54.9371,4,-0.268552,-0.250463,-0.13093,-0.406173,-0.691542,0.190616,15.2575,-6.41293,-7.72961,3.82214
2021-10-25,43.669,3.90802,78.2959,28030.8,-0.257953,54.6945,4,-0.247601,-0.268305,-0.429285,-0.065918,-0.691542,0.154933,15.0187,-6.0541,-7.99285,3.72279
2021-10-26,43.54,4.15736,78.2959,28030.8,-0.383679,54.5183,4,-0.499053,-0.268305,-1.05645,0.0583437,-0.691542,0.154933,14.6901,-5.53938,-8.2556,3.62311
2021-10-27,43.68,4.17772,78.2959,28030.8,-0.234387,54.0771,4,-0.195608,-0.273166,-0.456264,0.065047,-0.691542,0.14521,14.1604,-5.07909,-8.52038,3.5162
2021-10-28,43.953,4.57106,78.2959,28030.8,-0.0424084,53.7089,4,0.193211,-0.278028,0.119818,0.266604,-0.691542,0.135486,13.5395,-4.44697,-8.78451,3.40087
2021-10-29,44.181,4.78085,78.2959,28030.8,0.198879,53.8678,4,0.683614,-0.285856,0.989153,0.378075,-0.691542,0.11983,13.3671,-3.72549,-9.04493,3.27118
2021-11-01,44.175,4.78826,78.2959,28030.8,0.372384,54.92,4,1.03845,-0.293684,1.7027,0.374207,-0.691542,0.104174,14.0564,-2.96504,-9.2974,3.12599
2021-11-03,44.152,4.83727,78.2959,28030.8,0.467053,56.2188,4,1.22779,-0.293684,2.06798,0.387597,-0.691542,0.104174,14.8918,-2.10835,-9.54405,2.97942
2021-11-04,43.974,5.1997,78.2959,28030.8,0.234036,57.0115,4,0.761755,-0.293684,0.947746,0.575764,-0.691542,0.104174,15.0732,-1.10216,-9.794,2.83447
2021-11-05,43.609,5.84396,78.2959,28030.8,-0.237477,55.4815,4,-0.18127,-0.293684,-1.27915,0.916609,-0.691542,0.104174,12.9052,-0.0469276,-10.075,2.69831
2021-11-08,43.526,5.89859,78.2959,28030.8,-0.499812,53.2507,4,-0.70594,-0.293684,-2.35515,0.943274,-0.691542,0.104174,10.0085,1.03946,-10.3574,2.56011
2021-11-09,43.51,5.82245,78.2959,28030.8,-0.51415,50.57,4,-0.734617,-0.293684,-2.37074,0.901501,-0.691542,0.104174,6.72159,2.0618,-10.6304,2.41706
2021-11-10,43.672,5.73056,78.2959,28030.8,-0.360982,47.8398,4,-0.428281,-0.293684,-1.70858,0.852015,-0.691542,0.104174,3.52116,2.93806,-10.8874,2.26794
2021-11-11,43.828,5.73936,78.2959,28030.8,-0.072728,45.7605,4,0.148228,-0.293684,-0.558723,0.855179,-0.691542,0.104174,0.945283,3.83389,-11.1336,2.11499
2021-11-12,44.097,6.05702,78.2959,28030.8,0.510247,46.5104,4,1.31418,-0.293684,1.6054,1.02296,-0.691542,0.104174,0.56183,4.88541,-11.3845,2.44765
2021-11-15,44.12,6.05519,78.27,28099,0.61331,47.4652,4,1.49135,-0.26473,1.9616,1.0211,-0.715548,0.186087,0.506429,5.95437,-11.4111,2.41554
2021-11-16,44.035,6.00081,78.27,28099,0.579885,48.9152,4,1.35439,-0.194616,1.71779,0.990987,-0.224078,-0.165154,0.981021,6.8728,-11.0322,2.09359
2021-11-17,44.105,6.01191,78.27,28099,0.497582,50.5901,4,1.19381,-0.198643,1.39278,0.994831,-0.224078,-0.173208,1.6491,7.82502,-10.6479,1.76381
2021-11-18,44.192,6.02782,78.27,28099,0.437173,52.6581,4,1.0756,-0.201258,1.15012,1.00109,-0.224078,-0.178438,2.63851,8.8464,-10.2554,1.42854
2021-11-19,44.12,6.01938,78.27,28099,0.157293,53.9652,4,0.497072,-0.182486,0.00032162,0.993822,-0.175663,-0.189309,2.72364,9.9782,-9.8216,1.08493
2021-11-22,44.022,6.08005,78.27,28099,0.0759612,55.064,4,0.308191,-0.156269,-0.407452,1.02384,-0.117597,-0.194941,2.4935,11.1432,-9.33957,0.766881
2021-11-23,44.104,5.81571,78.27,28099,0.180624,56.4946,4,0.520231,-0.158983,0.158222,0.88224,-0.107947,-0.21002,2.9712,11.9016,-8.84437,0.466089
2021-11-24,44.158,5.67402,78.27,28099,0.142999,58.2012,4,0.454222,-0.168223,0.103672,0.804771,-0.107947,-0.2285,3.91262,12.4807,-8.34317,0.151072
2021-11-25,44.05,5.6981,78.27,28099,-0.0210174,58.8884,4,0.131307,-0.173342,-0.553301,0.815915,-0.108853,-0.23783,3.82838,13.0786,-7.85643,-0.162174
2021-11-26,44.169,5.34766,78.27,28099,0.0918822,59.3195,4,0.362735,-0.178971,0.0956849,0.629785,-0.111015,-0.246926,3.80543,13.3641,-7.37573,-0.474316
2021-11-29,44.001,5.19826,78.27,28099,0.0142476,58.7265,4,0.207466,-0.178971,-0.134658,0.54959,-0.111015,-0.246926,2.89106,13.5198,-6.90963,-0.774703
2021-11-30,44.1,5.27074,78.27,28099,0.0397877,57.6532,4,0.258546,-0.178971,-0.0715596,0.588652,-0.111015,-0.246926,1.44324,13.7209,-6.44716,-1.06374
2021-12-01,44.14,5.27944,78.27,28099,0.0332117,56.2448,4,0.245394,-0.178971,-0.108193,0.598981,-0.111015,-0.246926,-0.33994,13.923,-5.98411,-1.35414
2021-12-02,44.154,5.06075,78.27,28099,0.108512,55.8358,4,0.395994,-0.178971,0.306513,0.485476,-0.111015,-0.246926,-0.866714,13.8562,-5.51051,-1.64319
2021-12-03,44.146,3.93938,78.27,28099,-0.150982,56.1177,4,-0.122994,-0.178971,-0.112794,-0.133194,-0.111015,-0.246926,0.0910902,12.9894,-5.03197,-1.93083
2021-12-06,44.152,3.83156,78.27,28099,-0.0181733,57.6816,4,0.142624,-0.178971,0.478962,-0.193714,-0.111015,-0.246926,2.41216,12.0284,-4.54494,-2.21397
2021-12-07,44.187,3.81019,78.27,28099,-0.075519,59.0955,4,0.0279328,-0.178971,0.261798,-0.205933,-0.111015,-0.246926,4.55671,11.0931,-4.05912,-2.49518
2021-12-08,44.172,3.66367,78.27,28099,-0.143352,59.7927,4,-0.107733,-0.178971,0.0748133,-0.290279,-0.111015,-0.246926,6.00514,10.1454,-3.57976,-2.77806
2021-12-09,44.199,3.48911,78.27,28099,-0.157522,59.5214,4,-0.136074,-0.178971,0.120187,-0.392336,-0.111015,-0.246926,6.56271,9.13286,-3.10792,-3.06623
2021-12-10,44.258,2.79772,78.27,28099,-0.197929,57.2388,4,-0.216886,-0.178971,0.351514,-0.785287,-0.111015,-0.246926,5.56199,7.68835,-2.64489,-3.36661
2021-12-13,44.22,2.81836,78.27,28099,-0.236117,54.4693,4,-0.293263,-0.178971,0.187034,-0.77356,-0.111015,-0.246926,4.12165,6.23881,-2.1568,-3.73433
2021-12-14,44.274,2.73626,78.27,28099,-0.472169,51.0103,4,-0.289274,-0.655063,0.241668,-0.820217,-0.516481,-0.793646,2.91342,4.75866,-2.40207,-4.25971
2021-12-15,44.361,2.7633,78.6134,28146.8,-0.274936,48.464,4,-0.10336,-0.446512,0.590315,-0.797034,-0.189113,-0.703912,2.2518,3.28155,-2.37292,-4.6964
2021-12-16,44.465,2.79618,78.6134,28146.8,-0.204137,46.3545,4,0.0382392,-0.446512,0.847957,-0.771479,-0.189113,-0.703912,2.00053,1.81892,-2.34142,-5.12349
2021-12-17,44.363,2.86653,78.6134,28146.8,-0.32076,44.7884,4,-0.222761,-0.418759,0.285584,-0.731107,-0.133605,-0.703912,2.23204,0.398672,-2.30343,-5.53891
2021-12-20,44.337,2.73307,78.6134,28146.8,-0.314282,43.5158,4,-0.23756,-0.391005,0.327416,-0.802536,-0.0780977,-0.703912,2.83151,-1.10054,-2.26739,-5.94781
2021-12-21,44.328,2.68006,78.6134,28146.8,-0.374601,41.717,4,-0.358197,-0.391005,0.109521,-0.825915,-0.0780977,-0.703912,2.78365,-2.49505,-2.23655,-6.33508
2021-12-22,44.383,2.68085,78.6134,28146.8,-0.399751,39.9751,4,-0.406996,-0.392506,-0.000196223,-0.813796,-0.0810997,-0.703912,2.6894,-3.80627,-2.20699,-6.701
2021-12-23,44.4,2.48335,78.6134,28146.8,-0.499267,38.4566,4,-0.606027,-0.392506,-0.301826,-0.910228,-0.0810997,-0.703912,2.88414,-5.19518,-2.17657,-7.0558
2021-12-24,44.4,2.33166,78.6134,28146.8,-0.430473,36.818,4,-0.468441,-0.392506,0.0518344,-0.988716,-0.0810997,-0.703912,2.83579,-6.48114,-2.14266,-7.39395
2021-12-27,44.468,1.80622,78.6134,28146.8,-0.420098,35.4735,4,-0.445548,-0.394648,0.37614,-1.26724,-0.0853832,-0.703912,3.23543,-7.91761,-2.11309,-7.73127
2021-12-28,44.445,1.72176,78.6134,28146.8,-0.442553,34.0013,4,-0.490458,-0.394648,0.327899,-1.30881,-0.0853832,-0.703912,3.53907,-9.39788,-2.08179,-8.0581
2021-12-29,44.601,2.04219,78.6134,28146.8,-0.310526,32.9667,4,-0.226404,-0.394648,0.677024,-1.12983,-0.0853832,-0.703912,4.15194,-10.7409,-2.05313,-8.39118
2021-12-30,44.695,2.116,78.6134,28146.8,-0.232178,31.954,4,-0.0697081,-0.394648,0.94,-1.07942,-0.0853832,-0.703912,4.63832,-11.9404,-2.02425,-8.71968
2022-01-03,44.614,2.27059,78.6134,28146.8,-0.279683,31.5748,4,-0.164717,-0.394648,0.658372,-0.987807,-0.0853832,-0.703912,5.24278,-12.5992,-2.00061,-9.06815
2022-01-04,44.725,2.3679,78.6134,28146.8,-0.22857,30.9592,4,-0.060807,-0.396333,0.805608,-0.927222,-0.0887533,-0.703912,5.48696,-13.1452,-1.97751,-9.40501
2022-01-05,44.731,2.37397,78.6134,28146.8,-0.202589,30.5899,4,-0.00702254,-0.398156,0.900309,-0.914354,-0.0924004,-0.703912,5.98214,-13.6827,-1.95945,-9.75012
2022-01-07,44.515,3.05357,78.6134,28146.8,-0.441288,29.7319,4,-0.482141,-0.400436,-0.399546,-0.564735,-0.0969589,-0.703912,5.58432,-13.8424,-1.94034,-10.0697
2022-01-10,44.671,3.24753,78.6134,28146.8,-0.362971,29.1466,4,-0.322637,-0.403306,-0.182548,-0.462726,-0.102699,-0.703912,5.3304,-13.857,-1.92812,-10.3986
2022-01-11,44.63,3.27199,78.6134,28146.8,-0.318786,28.8049,4,-0.245321,-0.39225,-0.0430704,-0.447572,-0.105085,-0.679416,5.01194,-13.568,-1.92006,-10.719
2022-01-12,44.647,3.2372,78.6134,28146.8,-0.398052,28.35,4,-0.415241,-0.380863,-0.367264,-0.463218,-0.106807,-0.654919,4.56677,-13.2928,-1.91214,-11.0118
2022-01-13,44.555,3.34563,78.6134,28146.8,-0.465951,28.3674,4,-0.558646,-0.373256,-0.711456,-0.405836,-0.106807,-0.639706,3.82247,-12.9702,-1.59222,-10.8926
2022-01-14,44.591,3.29495,78.4986,28190.7,-0.262613,28.4019,4,-0.125818,-0.399409,0.178986,-0.430622,-0.256447,-0.542371,3.50172,-12.6863,-1.64513,-10.7684
2022-01-17,44.563,3.21356,78.4986,28190.7,-0.538209,27.4737,4,-0.473764,-0.602654,-0.47617,-0.471358,0.160544,-1.36585,2.45427,-12.3879,-1.36484,-11.2278
2022-01-18,44.574,3.08519,78.4986,28190.7,-0.492714,27.0018,4,-0.41069,-0.574738,-0.285764,-0.535615,0.160544,-1.31002,2.00456,-12.2026,-1.13304,-11.6672
2022-01-19,44.639,3.09808,78.4986,28190.7,-0.43306,26.6782,4,-0.319632,-0.546489,-0.111697,-0.527566,0.160544,-1.25352,1.66089,-11.9664,-0.946189,-12.0701
2022-01-20,44.609,3.11342,78.4986,28190.7,-0.375214,26.6766,4,-0.204272,-0.546156,0.110658,-0.519201,0.160544,-1.25286,1.66175,-11.7289,-0.761499,-12.4948
2022-01-21,44.534,3.1707,78.4986,28190.7,-0.467166,26.4938,4,-0.388175,-0.546156,-0.287589,-0.488761,0.160544,-1.25286,1.43776,-11.4647,-0.573862,-12.9054
2022-01-24,44.538,3.16979,78.4986,28190.7,-0.437997,26.6599,4,-0.329838,-0.546156,-0.172779,-0.486897,0.160544,-1.25286,1.53906,-11.1486,-0.387452,-13.3431
2022-01-25,44.475,3.21843,78.4986,28190.7,-0.494074,26.4875,4,-0.441991,-0.546156,-0.438613,-0.44537,0.160544,-1.25286,1.15834,-10.717,-0.200259,-13.7536
2022-01-26,44.293,3.49194,78.4986,28190.7,-0.674993,25.8023,4,-0.80383,-0.546156,-1.31785,-0.289808,0.160544,-1.25286,-0.150476,-9.91925,-0.0101139,-14.1178
2022-01-27,44.074,3.87992,78.4986,28190.7,-0.790243,24.8828,4,-1.03433,-0.546156,-1.97799,-0.0906663,0.160544,-1.25286,-1.91388,-8.92795,0.178112,-14.4535
2022-01-28,44.165,3.71695,78.4986,28190.7,-0.659787,23.9769,4,-0.773418,-0.546156,-1.37636,-0.17048,0.160544,-1.25286,-3.46327,-8.1429,0.363996,-14.7809
2022-01-31,44.154,3.59062,78.4986,28190.7,-0.687705,22.823,4,-0.829254,-0.546156,-1.4277,-0.230806,0.160544,-1.25286,-5.21911,-7.4343,0.546335,-15.0699
2022-02-01,43.907,3.99015,78.4986,28190.7,-0.798922,21.5467,4,-1.05169,-0.546156,-2.07882,-0.0245593,0.160544,-1.25286,-7.20943,-6.6405,0.724378,-15.3278
2022-02-02,43.854,3.79777,78.4986,28190.7,-0.708641,20.4043,4,-0.871125,-0.546156,-1.62079,-0.12146,0.160544,-1.25286,-8.93258,-5.98036,0.90158,-15.5843
2022-02-03,43.773,3.78559,78.4986,28190.7,-0.586322,19.5177,4,-0.626487,-0.546156,-1.13434,-0.118632,0.160544,-1.25286,-10.3522,-5.34877,1.07975,-15.8611
2022-02-04,43.738,3.51565,78.4986,28190.7,-0.728149,18.8704,4,-0.910143,-0.546156,-1.57266,-0.247628,0.160544,-1.25286,-11.1428,-5.08461,1.26067,-16.1628
2022-02-07,43.641,3.13656,78.4986,28190.7,-0.849574,17.8032,4,-1.15299,-0.546156,-1.86467,-0.441314,0.160544,-1.25286,-12.235,-5.01437,1.43681,-16.3842
2022-02-08,43.454,3.32442,78.4986,28190.7,-0.772672,16.8427,4,-0.999189,-0.546156,-1.65373,-0.344644,0.160544,-1.25286,-13.2567,-4.88887,1.61134,-16.623
2022-02-09,43.234,3.50992,78.4986,28190.7,-0.895633,15.8288,4,-1.24511,-0.546156,-2.24034,-0.249874,0.160544,-1.25286,-14.4215,-4.68112,1.78088,-16.8495
2022-02-10,43.182,3.5084,78.4986,28190.7,-0.869134,15.0373,4,-1.19211,-0.546156,-2.13177,-0.252459,0.160544,-1.25286,-15.2718,-4.5283,1.95008,-17.1127
2022-02-11,43.047,3.43288,78.4986,28190.7,-0.966048,13.7205,4,-1.38594,-0.546156,-2.47808,-0.293806,0.160544,-1.25286,-16.8262,-4.35512,2.20185,-17.3
2022-02-14,43.091,3.55299,77.2355,27339.3,-1.66448,11.7804,4,-1.10346,-2.2255,-1.97176,-0.235169,-1.45236,-2.99864,-17.3307,-4.07074,1.06382,-17.882
2022-02-15,43.074,3.51395,77.2355,27339.3,-1.50529,10.2094,4,-0.811774,-2.1988,-1.36525,-0.258299,-1.39896,-2.99864,-17.5529,-3.77924,0.0249053,-18.4834
2022-02-16,43.016,3.31384,77.2355,27339.3,-1.37515,8.89,4,-0.578195,-2.1721,-0.79054,-0.365849,-1.34556,-2.99864,-17.5151,-3.57706,-0.924965,-19.0929
2022-02-17,43.057,3.43841,77.2355,27339.3,-1.27666,7.75056,4,-0.38123,-2.1721,-0.462505,-0.299955,-1.34556,-2.99864,-17.4094,-3.34907,-1.82522,-19.6657
2022-02-18,43.023,3.45599,77.2355,27339.3,-1.18475,6.92566,4,-0.197402,-2.1721,-0.103397,-0.291406,-1.34556,-2.99864,-16.9282,-3.15922,-2.69111,-20.2958
2022-02-21,42.859,3.46215,77.2355,27339.3,-1.3634,5.96378,4,-0.554694,-2.1721,-0.81786,-0.291528,-1.34556,-2.99864,-16.8334,-2.95713,-3.49569,-20.75
2022-02-22,42.634,3.65184,77.2355,27339.3,-1.51848,5.02458,4,-0.86487,-2.1721,-1.53852,-0.191224,-1.34556,-2.99864,-16.9285,-2.72077,-4.23823,-21.0879
2022-02-23,42.268,4.27718,77.2355,27339.3,-1.70221,4.20515,4,-1.23232,-2.1721,-2.61827,0.15362,-1.34556,-2.99864,-17.1021,-2.39134,-4.92827,-21.3731
2022-02-24,43.025,8.21598,77.2355,27339.3,-0.528147,4.40319,4,1.1158,-2.1721,-0.0978434,2.32945,-1.34556,-2.99864,-16.2061,-1.0747,-5.80102,-22.515
2022-02-25,42.533,8.88417,77.2355,27339.3,-0.839351,4.26672,4,0.493395,-2.1721,-1.70358,2.69037,-1.34556,-2.99864,-16.2941,0.502362,-6.59525,-23.3463
2022-03-02,42.715,9.13563,77.2355,27339.3,-0.501216,4.40852,4,1.16966,-2.1721,-0.489058,2.82839,-1.34556,-2.99864,-15.8719,2.19516,-7.46616,-24.4486
2022-03-03,42.574,9.03952,77.2355,27339.3,-0.441323,4.69104,4,1.28945,-2.1721,-0.193857,2.77276,-1.34556,-2.99864,-14.9987,3.78271,-8.39211,-25.7009
2022-03-04,42.661,9.12856,77.2355,27339.3,-0.0304173,5.26663,4,2.11126,-2.1721,1.40494,2.81759,-1.34556,-2.99864,-13.5941,5.54099,-9.43165,-27.2487
2022-03-07,42.786,9.25247,77.2355,27339.3,-0.574023,5.27757,4,1.02405,-2.1721,-0.812977,2.86108,-1.34556,-2.99864,-13.4158,7.24407,-10.295,-28.2557
2022-03-08,42.75,9.25227,77.2355,27339.3,-0.184618,5.77898,4,1.80286,-2.1721,0.785244,2.82048,-1.34556,-2.99864,-12.2751,9.1485,-11.3445,-29.7499
2022-03-09,42.543,9.33978,77.2355,27339.3,-0.521648,6.09916,4,1.1288,-2.1721,-0.576708,2.83431,-1.34556,-2.99864,-11.6445,11.1624,-12.343,-31.0758
2022-03-10,42.604,9.31537,77.2355,27339.3,-0.34839,6.5338,4,1.47532,-2.1721,0.137741,2.81289,-1.34556,-2.99864,-10.7323,13.1842,-13.399,-32.5191
2022-03-11,42.604,9.19338,77.2355,27339.3,-0.442868,7.02372,4,1.28636,-2.1721,-0.169187,2.74191,-1.34556,-2.99864,-9.63316,15.1685,-14.4915,-34.0202
2022-03-14,42.684,9.2374,77.2355,27339.3,-0.476921,7.47054,4,1.21825,-2.1721,-0.328907,2.76542,-1.34556,-2.99864,-8.64854,17.1876,-15.5811,-35.4874
2022-03-15,42.799,9.25528,77.2355,27339.3,-0.338872,8.22965,4,1.49435,-2.1721,0.213743,2.77496,-1.34556,-2.99864,-7.13956,19.4157,-16.8088,-37.2377
2022-03-16,42.652,9.30687,77.2355,27339.3,-0.277337,10.1126,4,1.61742,-2.1721,0.432332,2.80251,-1.34556,-2.99864,-5.87701,22.1701,-17.425,-38.7555
2022-03-17,42.507,9.36303,77.8175,28606.3,0.33072,13.0625,4,1.25937,-0.597928,-0.313759,2.8325,-0.586888,-0.608968,-5.46314,25.4026,-17.7639,-39.113
2022-03-18,42.617,9.42867,77.8175,28606.3,0.305997,16.2431,4,1.47737,-0.86538,0.087198,2.86755,-1.0346,-0.696161,-5.0755,28.7815,-18.3048,-39.1581
2022-03-21,42.523,9.43235,77.8175,28606.3,0.152348,19.3127,4,1.16396,-0.859265,-0.541593,2.86952,-1.0346,-0.68393,-5.30068,32.0494,-18.6807,-38.7552
2022-03-22,42.322,9.545,77.8175,28606.3,-0.117852,21.8206,4,0.618842,-0.854545,-1.69199,2.92967,-1.0346,-0.674491,-6.60718,35.1735,-18.8647,-37.881
2022-03-23,42.052,9.69529,77.8175,28606.3,-0.212071,24.7264,4,0.430404,-0.854545,-2.14911,3.00992,-1.0346,-0.674491,-7.76869,38.4635,-19.0382,-36.9302
2022-03-24,41.789,9.76131,77.8175,28606.3,-0.3134,27.9764,4,0.227745,-0.854545,-2.58968,3.04517,-1.0346,-0.674491,-8.74453,41.7605,-19.1787,-35.8609
2022-03-25,41.478,9.64997,77.8175,28606.3,-0.680843,30.884,4,-0.507141,-0.854545,-4,2.98572,-1.0346,-0.674491,-9.96671,44.6171,-19.2155,-34.5509
2022-03-28,41.365,6.66416,77.8175,28606.3,-1.07526,29.31,4,-1.30432,-0.846205,-4,1.39137,-1.01792,-0.674491,-12.9555,43.5436,-18.8131,-32.465
2022-03-29,41.244,5.65608,77.8175,28606.3,-1.19134,28.3174,4,-1.54803,-0.834649,-3.94914,0.853076,-0.994807,-0.674491,-14.6425,41.8827,-18.4416,-30.4812
2022-03-30,40.969,5.499,77.8175,28606.3,-1.22181,26.3372,4,-1.60897,-0.834649,-3.98714,0.769202,-0.994807,-0.674491,-17.178,39.8176,-17.9617,-28.3408
2022-03-31,41.115,5.82704,77.8175,28606.3,-0.795317,25.3909,4,-0.755985,-0.834649,-2.45633,0.944363,-0.994807,-0.674491,-18.8127,38.177,-17.5855,-26.3879
2022-04-01,41.119,5.69901,77.8175,28606.3,-0.517833,24.1179,4,-0.201018,-0.834649,-1.27803,0.875997,-0.994807,-0.674491,-20.6935,36.3721,-17.1679,-24.3928
2022-04-04,41.383,6.19612,77.8175,28606.3,-0.096517,25.3647,4,0.641615,-0.834649,0.141783,1.14145,-0.994807,-0.674491,-20.136,35.3602,-17.0441,-22.8155
2022-04-05,41.428,6.2676,77.8175,28606.3,0.0694272,26.0416,4,0.973503,-0.834649,0.767394,1.17961,-0.994807,-0.674491,-20.2368,34.2481,-16.8473,-21.1224
2022-04-06,41.74,6.91085,77.8175,28606.3,0.708073,29.4445,4,2.2508,-0.834649,2.97849,1.5231,-0.994807,-0.674491,-17.8336,33.8784,-16.8967,-19.7036
2022-04-07,42.059,7.51561,77.8175,28606.3,0.945722,33.2324,4,2.72609,-0.834649,3.60617,1.84602,-0.994807,-0.674491,-15.3644,33.6801,-16.9028,-18.1805
2022-04-08,41.633,8.23434,77.8175,28606.3,0.639363,36.5396,4,2.11338,-0.834649,1.99695,2.22981,-0.994807,-0.674491,-13.7892,33.6508,-16.8124,-16.5097
2022-04-11,41.453,8.22638,77.8175,28606.3,0.220013,38.7255,4,1.27468,-0.834649,0.323794,2.22556,-0.994807,-0.674491,-13.3411,33.4135,-16.6279,-14.719
2022-04-12,41.304,8.10732,77.8175,28606.3,0.0220751,39.8723,4,0.878799,-0.834649,-0.404379,2.16198,-0.994807,-0.674491,-13.8807,33.0032,-16.3865,-12.8637
2022-04-13,41.247,8.08422,77.8175,28606.3,-0.329197,39.707,4,0.176255,-0.834649,-1.79713,2.14964,-0.994807,-0.674491,-15.6924,32.4591,-16.0947,-10.965
2022-04-19,41.128,8.07163,77.9986,29075.1,-0.48025,37.1473,4,-0.653233,-0.307267,-3.44939,2.14292,-0.767774,0.153241,-18.1295,31.6905,-16.1368,-10.2769
2022-04-20,40.796,8.21856,77.9986,29075.1,-0.359948,35.0865,4,-0.437687,-0.282209,-3.09675,2.22138,-0.638384,0.073965,-20.575,30.9681,-15.715,-9.59165
2022-04-21,40.126,9.67419,77.9986,29075.1,-0.394218,33.427,4,-0.500674,-0.287761,-4,2.99865,-0.648846,0.0733226,-23.2181,30.887,-15.3129,-8.92898
2022-04-22,40.049,9.6549,77.9986,29075.1,-0.406038,32.5647,4,-0.505824,-0.306253,-4,2.98835,-0.648846,0.0363401,-24.9785,30.8288,-14.9535,-8.33214
2022-04-25,40.701,11.6409,77.9986,29075.1,0.336118,34.2126,4,0.996659,-0.324423,-2.00668,4,-0.648846,0,-25.0228,31.8184,-14.7389,-7.84406
2022-04-26,40.91,11.7407,77.9986,29075.1,0.649104,37.1785,4,1.62263,-0.324423,-0.754737,4,-0.648846,0,-23.7772,32.897,-14.5681,-7.3732
2022-04-27,41.444,12.4797,77.9986,29075.1,1.47058,44.0641,4,3.26559,-0.324423,2.53119,4,-0.648846,0,-18.7494,34.1935,-14.4566,-6.92329
2022-04-28,41.335,12.477,77.9986,29075.1,1.83779,53.6404,4,4,-0.324423,4,4,-0.648846,0,-12.2088,36.4199,-14.1865,-6.38425
2022-04-29,40.827,13.1961,77.9986,29075.1,1.60506,62.6449,4,3.53454,-0.324423,3.06907,4,-0.648846,0,-6.33163,38.3977,-13.6836,-5.73764
2022-05-02,40.926,13.0253,77.9986,29075.1,1.07022,69.5627,4,2.46485,-0.324423,0.929706,4,-0.648846,0,-2.28884,39.9743,-13.0632,-5.05951
2022-05-03,41.1,13.0527,77.9986,29075.1,1.03479,74.6366,4,2.394,-0.324423,0.78801,4,-0.648846,0,0.265148,41.206,-12.4337,-4.40084
2022-05-04,41.261,13.1271,77.9986,29075.1,0.681933,77.7042,4,1.68829,-0.324423,-0.623423,4,-0.648846,0,0.750905,42.6555,-11.9035,-3.79867
2022-05-05,41.49,13.0762,77.9986,29075.1,1.00052,80.3142,4,2.32546,-0.324423,0.650916,4,-0.648846,0,1.10816,43.812,-11.3865,-3.21947
2022-05-06,41.595,13.1001,77.9986,29075.1,1.58091,83.5913,4,3.48624,-0.324423,2.97248,4,-0.648846,0,2.63609,44.3485,-10.7602,-2.63311
2022-05-09,41.786,12.924,77.9986,29075.1,1.66341,85.4686,4,3.65125,-0.324423,3.3025,4,-0.648846,0,2.80014,45.0462,-10.2728,-2.10487
2022-05-10,41.653,12.6521,77.9986,29075.1,1.37268,86.2589,4,3.06978,-0.324423,2.13956,4,-0.648846,0,1.76403,46.0396,-9.92513,-1.61959
2022-05-11,41.548,12.1561,77.9986,29075.1,1.11991,87.1127,4,2.56424,-0.324423,1.12847,4,-0.648846,0,1.15386,46.6695,-9.56801,-1.14261
2022-05-12,41.753,12.1728,77.9986,29075.1,1.09404,88.5698,4,2.51251,-0.324423,1.02502,4,-0.648846,0,1.59131,46.7665,-9.11816,-0.669842
2022-05-13,41.442,12.4154,77.9986,29075.1,0.703929,89.6221,4,1.73228,-0.324423,-0.535437,4,-0.648846,0,1.47652,47.0883,-8.72346,-0.219281
2022-05-17,40.6,14.4287,78.0545,29596.2,0.0821532,90.2219,4,0,0.164306,-4,4,-0.575981,0.904594,0.0452629,47.7337,-8.35406,0.797021
2022-05-18,40.481,14.4296,78.0545,29596.2,0.0793627,90.9966,4,0,0.158725,-4,4,-0.587143,0.904594,-0.30333,48.148,-8.1071,1.25905
2022-05-19,40.331,14.2171,78.0545,29596.2,0.0720724,91.5627,4,0,0.144145,-4,4,-0.598746,0.887036,-0.86308,48.6563,-7.98112,1.7506
2022-05-20,40.194,12.967,78.0545,29596.2,0.886012,93.0835,4,0,1.77202,-4,4,1.11301,2.43104,-0.830797,47.4377,-6.62447,3.10108
2022-05-23,40.001,13.0666,78.0545,29596.2,0.886012,94.3948,4,0,1.77202,-4,4,1.11301,2.43104,-0.798554,46.1806,-5.35034,4.36309
2022-05-24,39.912,11.5877,78.0545,29596.2,1.23035,95.1814,4,0.704198,1.75651,-2.5916,4,1.11301,2.40001,-1.10494,44.9101,-4.21407,5.59036
2022-05-25,40.046,11.4806,78.0545,29596.2,1.45073,95.8091,4,1.17708,1.72437,-1.60906,3.96323,1.11301,2.33574,-1.545,43.7692,-3.14453,6.72936
2022-05-26,39.884,10.2438,78.0545,29596.2,1.26607,95.6556,4,0.824502,1.70763,-1.65382,3.30283,1.11301,2.30225,-3.86062,43.6691,-2.1943,8.04138
2022-05-27,39.81,10.2403,78.0545,29596.2,1.32697,95.2524,4,0.946308,1.70763,-1.40835,3.30097,1.11301,2.30225,-6.95116,43.9863,-1.24351,9.46078
2022-05-30,40.205,10.2626,78.0545,29596.2,1.89644,95.4859,4,2.08524,1.70763,0.857654,3.31283,1.11301,2.30225,-8.11449,43.2036,-0.254782,10.6516
2022-05-31,39.902,10.4612,78.0545,29596.2,1.71658,95.971,4,1.72552,1.70763,0.0321231,3.41892,1.11301,2.30225,-8.43819,42.0137,0.707981,11.6874
2022-06-01,40.033,10.3993,78.0545,29596.2,1.70426,96.4278,4,1.70089,1.70763,0.0159567,3.38582,1.11301,2.30225,-8.67131,40.8023,1.63052,12.6663
2022-06-02,40.009,10.2204,78.0545,29596.2,1.81336,97.103,4,1.91908,1.70763,0.547833,3.29033,1.11301,2.30225,-7.76252,38.9902,2.47684,13.3984
2022-06-03,39.876,9.88539,78.0545,29596.2,1.71022,97.4696,4,1.71282,1.70763,0.31421,3.11143,1.11301,2.30225,-7.75716,37.6691,3.30512,14.2526
2022-06-06,39.689,9.78028,78.0545,29596.2,1.12909,97.241,4,0.550541,1.70763,-1.95422,3.0553,1.11301,2.30225,-10.3777,37.7368,4.25,15.6319
2022-06-07,39.647,9.44981,78.0545,29596.2,1.34058,97.0673,4,0.973533,1.70763,-0.931771,2.87884,1.11301,2.30225,-12.663,37.552,5.20018,16.9782
2022-06-08,39.48,9.46504,78.0545,29596.2,1.05316,96.8865,4,0.398682,1.70763,-2.08961,2.88697,1.11301,2.30225,-14.9903,37.3593,6.16893,18.3486
2022-06-09,39.376,9.46488,78.0545,29596.2,0.977876,96.8033,4,0.248121,1.70763,-2.39064,2.88689,1.11301,2.30225,-16.8951,36.9482,7.11652,19.6336
2022-06-10,39.575,9.47767,78.0545,29596.2,1.30364,96.9255,4,0.899652,1.70763,-1.09441,2.89372,1.11301,2.30225,-17.8811,36.1281,7.9824,20.6961
2022-06-13,40.097,10.8167,78.0545,29596.2,2.16737,97.6753,4,2.62711,1.70763,1.64548,3.60874,1.11301,2.30225,-15.9844,34.2822,8.48895,20.8886
2022-06-14,40.041,8.20492,77.9435,29676.2,1.80104,98.3535,4,1.90134,1.70074,1.58858,2.2141,0.962653,2.43883,-12.5148,31.618,8.75694,20.4934
2022-06-15,40.084,8.18299,77.9435,29676.2,2.00029,98.9038,4,2.29983,1.70074,2.39728,2.20239,0.962653,2.43883,-8.96018,28.9703,8.92637,19.9673
2022-06-16,40.044,8.09763,77.9435,29676.2,2.05093,99.296,4,2.40112,1.70074,2.64544,2.15681,0.962653,2.43883,-5.67397,26.4931,9.04632,19.4306
2022-06-17,40.105,8.04046,77.9435,29676.2,1.90713,99.4451,4,2.11352,1.70074,2.10076,2.12628,0.962653,2.43883,-3.04814,24.9366,8.71172,18.8449
2022-06-20,40.015,7.8916,77.9435,29676.2,0.526812,99.3962,4,0.891827,0.161798,-0.263139,2.04679,0.174001,0.149596,-1.5618,24.4124,8.42424,18.1213
2022-06-21,39.814,8.05875,77.9435,29676.2,0.41071,99.27,4,0.659344,0.162077,-0.817359,2.13605,0.174001,0.150153,-0.861533,24.2485,8.24441,17.6386
2022-06-22,39.84,7.96076,77.9435,29676.2,0.383239,99.0712,4,0.604401,0.162077,-0.874917,2.08372,0.174001,0.150153,-0.574041,24.2463,8.11446,17.2845
2022-06-23,39.722,7.90113,77.9435,29676.2,0.301691,98.8525,4,0.441306,0.162077,-1.16927,2.05188,0.174001,0.150153,-0.376478,24.4289,7.94465,16.8554
2022-06-24,39.716,7.87695,77.9435,29676.2,0.238305,98.553,4,0.314533,0.162077,-1.4099,2.03897,0.174001,0.150153,-0.390292,24.6996,7.78994,16.4537
2022-06-27,39.478,7.19289,77.9435,29676.2,0.00416445,97.8716,4,-0.153748,0.162077,-1.98119,1.6737,0.174001,0.150153,-1.79894,25.4314,7.81493,16.4242
2022-06-28,39.074,7.5811,77.9435,29676.2,-0.143243,96.9551,4,-0.448563,0.162077,-2.77812,1.88099,0.174001,0.150153,-3.36368,26.194,7.80787,16.3169
2022-06-29,39.468,8.42467,77.9435,29676.2,0.325298,96.082,4,0.48852,0.162077,-1.3544,2.33144,0.174001,0.150153,-4.25596,26.8008,7.6509,15.8863
2022-06-30,39.863,9.2375,77.9435,29676.2,0.924195,95.418,4,1.68631,0.162077,0.607157,2.76547,0.174001,0.150153,-4.34435,27.2733,7.34679,15.1423
2022-07-01,39.955,9.19937,77.9435,29676.2,1.01137,94.8349,4,1.86066,0.162077,0.976203,2.74511,0.174001,0.150153,-4.06422,27.6693,6.97569,14.2541
2022-07-04,39.95,9.02447,77.9435,29676.2,1.21195,94.907,4,2.26182,0.162077,1.87192,2.65171,0.174001,0.150153,-1.88387,27.3689,6.42514,12.9968
2022-07-05,40.178,9.2032,77.9435,29676.2,1.76783,95.266,4,3.37358,0.162077,4,2.74715,0.174001,0.150153,0.900827,26.9312,5.81424,11.6197
2022-07-06,40.228,9.021,77.9435,29676.2,1.48381,95.607,4,2.80554,0.162077,2.96121,2.64987,0.174001,0.150153,3.67687,26.4375,5.21755,10.2751
2022-07-07,40.265,8.92179,77.9435,29676.2,1.12208,95.7167,4,2.08209,0.162077,1.56728,2.59689,0.174001,0.150153,5.8351,26.1579,4.67783,9.04581
2022-07-08,40.298,8.8005,77.9435,29676.2,1.04669,95.5197,4,1.93131,0.162077,1.33049,2.53212,0.174001,0.150153,7.22601,26.1707,4.19574,7.92726
2022-07-11,40.546,7.81141,77.9435,29676.2,1.15022,94.6674,4,2.13835,0.162077,2.27274,2.00397,0.174001,0.150153,7.81886,26.1007,3.79461,6.9532
2022-07-12,41.006,8.64292,77.9435,29676.2,1.47375,94.3673,4,2.78105,0.166439,3.11413,2.44798,0.182725,0.150153,8.78019,26.5025,3.38275,5.70188
2022-07-13,41.074,8.64435,77.9435,29676.2,1.49235,93.8755,4,2.81253,0.172164,3.17633,2.44874,0.194174,0.150153,9.37607,27.0656,2.98514,4.44868
2022-07-14,41.951,11.1079,77.9435,29676.2,2.0276,93.8521,4,3.88212,0.173083,4,3.76424,0.196013,0.150153,10.1784,28.0291,2.53701,3.10766
2022-07-15,42.116,11.1176,77.7835,30081.6,2.14052,94.0828,4,3.88471,0.396342,4,3.76941,-0.0483566,0.84104,11.213,28.7868,1.92931,2.15372
2022-07-19,41.993,11.1581,77.7835,30081.6,1.86846,95.28,4,3.89552,-0.158597,4,3.79104,-0.33069,0.0134951,13.1383,28.5841,1.5681,1.98946
2022-07-20,41.844,11.0387,77.7835,30081.6,1.62278,96.1869,4,3.40801,-0.162444,3.08873,3.72728,-0.338625,0.0137364,14.7467,28.3657,1.23322,1.84122
2022-07-21,41.801,11.0918,77.7835,30081.6,1.52836,96.9079,4,3.2201,-0.163372,2.6846,3.7556,-0.340531,0.0137866,16.0651,28.2163,0.922001,1.70444
2022-07-22,41.801,10.9504,77.7835,30081.6,0.715265,97.1388,4,1.5939,-0.163372,-0.492321,3.68013,-0.340531,0.0137866,16.2007,28.6795,0.646387,1.61222
2022-07-25,41.676,11.0891,77.7835,30081.6,0.471875,97.2628,4,1.10712,-0.163372,-1.53995,3.75419,-0.340531,0.0137866,16.014,29.3378,0.380036,1.5309
2022-07-26,41.669,10.6875,77.7835,30081.6,0.524431,97.5229,4,1.21223,-0.163372,-1.11524,3.53971,-0.340531,0.0137866,16.1826,29.7863,0.116541,1.43745
2022-07-27,41.514,9.85118,77.7835,30081.6,0.410828,97.7767,4,0.985029,-0.163372,-1.1231,3.09316,-0.340531,0.0137866,16.7112,29.8585,-0.138209,1.34523
2022-07-28,41.008,10.8747,77.7835,30081.6,0.126309,97.6882,4,0.415991,-0.163372,-2.80769,3.63967,-0.340531,0.0137866,16.0995,30.6957,-0.393408,1.28642
2022-07-29,40.934,10.5163,77.7835,30081.6,0.0107689,97.2429,4,0.18491,-0.163372,-3.0785,3.44832,-0.340531,0.0137866,14.7012,31.9535,-0.666931,1.25516
2022-08-01,40.663,10.8791,77.7835,30081.6,-0.077524,96.6208,4,0.0083245,-0.163372,-3.62541,3.64206,-0.340531,0.0137866,12.797,33.5577,-0.961682,1.22776
2022-08-02,41.013,11.2057,77.7835,30081.6,0.293629,96.0103,4,0.75063,-0.163372,-2.31519,3.81645,-0.340531,0.0137866,10.9047,35.1848,-1.26937,1.19018
2022-08-03,40.906,11.163,77.7835,30081.6,0.329698,94.877,4,0.822768,-0.163372,-2.14811,3.79364,-0.340531,0.0137866,7.9197,37.4097,-1.62032,1.16792
2022-08-04,40.654,11.4401,77.7835,30081.6,0.594736,94.057,4,1.35284,-0.163372,-1.23589,3.94158,-0.340531,0.0137866,5.69182,39.2101,-1.96593,1.12101
2022-08-05,40.612,11.4522,77.7835,30081.6,0.631646,93.5625,4,1.41399,-0.1507,-1.12006,3.94804,-0.315186,0.0137866,4.18597,40.6048,-2.28554,1.05721
2022-08-08,40.178,12.1162,77.7835,30081.6,0.501288,92.9756,4,1.13564,-0.133061,-1.72873,4,-0.279908,0.0137866,2.41317,42.1668,-2.5971,0.99272
2022-08-09,40.013,11.9563,77.7835,30081.6,0.0334952,91.6467,4,0.194952,-0.127962,-3.6101,4,-0.26971,0.0137866,-1.16849,44.8351,-2.96119,0.94136
2022-08-10,40.087,11.1481,77.7835,30081.6,0.155092,89.8443,4,0.425465,-0.115281,-2.93478,3.78571,-0.244349,0.0137866,-5.1258,47.4323,-3.35179,0.889531
2022-08-11,40.19,11.1829,77.7835,30081.6,0.494605,88.3031,4,1.09181,-0.102601,-1.62067,3.80429,-0.218988,0.0137866,-8.45794,49.6574,-3.72002,0.823702
2022-08-12,40.126,7.49769,77.7835,30081.6,-0.0178197,84.6433,4,0.0674507,-0.10309,-1.70155,1.83645,-0.219967,0.0137866,-12.9115,50.995,-4.21295,0.772733
2022-08-15,40.09,7.16094,77.3402,30463.4,0.0257038,80.1361,4,0.704191,-0.652784,-0.248253,1.65663,-1.04383,-0.261742,-16.675,51.9648,-5.1536,-0.000101817
2022-08-16,40.139,7.27596,77.3402,30463.4,0.235783,76.1636,4,1.12787,-0.6563,0.537679,1.71805,-1.04383,-0.268774,-19.8518,52.0942,-5.8643,-0.214517
2022-08-17,40.373,7.79573,77.3402,30463.4,0.455627,73.0764,4,1.55163,-0.640377,1.10766,1.9956,-1.04383,-0.236928,-21.7902,51.8096,-6.52989,-0.413142
2022-08-18,40.51,8.00761,77.3402,30463.4,0.532872,70.2935,4,1.66635,-0.600605,1.22396,2.10874,-1.04383,-0.157385,-23.2699,51.2998,-7.18228,-0.554083
2022-08-19,40.489,7.99625,77.3402,30463.4,0.581043,69.9085,4,1.74071,-0.578625,1.37875,2.10267,-1.04383,-0.113424,-21.8388,50.1528,-7.75016,-0.6554
2022-08-22,40.431,7.97917,77.3402,30463.4,0.552719,70.1407,4,1.68406,-0.578625,1.27457,2.09355,-1.04383,-0.113424,-19.5981,48.7888,-8.29518,-0.754823
2022-08-23,40.369,7.96327,77.3402,30463.4,0.452262,69.9334,4,1.48315,-0.578625,0.881236,2.08506,-1.04383,-0.113424,-18.0443,47.6915,-8.85785,-0.855846
2022-08-24,40.401,7.96362,77.3402,30463.4,0.273147,69.5363,4,1.12492,-0.578625,0.16459,2.08525,-1.04383,-0.113424,-17.0616,46.9858,-9.42997,-0.957918
2022-08-26,40.421,6.85739,77.3402,30463.4,0.0214528,69.2323,4,0.62153,-0.578625,-0.251487,1.49455,-1.04383,-0.113424,-15.0644,45.356,-9.99946,-1.05987
2022-08-29,40.688,7.31285,77.3402,30463.4,0.335382,70.1691,4,1.24939,-0.578625,0.765686,1.73309,-1.04383,-0.113424,-11.9711,43.8043,-10.5087,-1.15531
2022-08-30,40.775,6.95857,77.3402,30463.4,0.411578,71.5555,4,1.40178,-0.578625,1.27435,1.52921,-1.04383,-0.113424,-8.05629,41.8424,-10.984,-1.24656
2022-08-31,40.96,6.43711,77.3402,30463.4,0.553319,72.2789,4,1.68526,-0.578625,2.13813,1.2324,-1.04383,-0.113424,-4.55708,39.6648,-11.4881,-1.34067
2022-09-01,40.794,6.53298,77.3402,30463.4,0.388382,72.4411,4,1.35539,-0.578625,1.44651,1.26427,-1.04383,-0.113424,-1.75675,37.6609,-12.0247,-1.4384
2022-09-02,40.883,6.17135,77.3402,30463.4,0.394047,71.8844,4,1.36672,-0.578625,1.6615,1.07194,-1.04383,-0.113424,0.498601,35.5388,-12.6108,-1.54213
2022-09-05,40.717,6.34858,77.3402,30463.4,0.0420441,70.2183,4,0.662713,-0.578625,0.166037,1.15939,-1.04383,-0.113424,1.51518,33.6526,-13.2938,-1.65565
2022-09-06,40.781,4.88816,77.3402,30463.4,-0.163444,68.2877,4,0.251737,-0.578625,0.0834419,0.420032,-1.04383,-0.113424,2.9678,31.1108,-14.0194,-1.77148
2022-09-07,40.926,4.62763,77.3402,30463.4,-0.231532,67.5035,4,0.11556,-0.578625,-0.057014,0.288134,-1.04383,-0.113424,5.80846,28.2561,-14.6825,-1.87868
2022-09-08,40.782,4.90165,77.3402,30463.4,-0.179282,66.5029,4,0.22006,-0.578625,0.0132605,0.42686,-1.04383,-0.113424,8.18953,25.6813,-15.38,-1.98787
2022-09-09,40.703,4.95418,77.3402,30463.4,-0.325693,63.9993,4,-0.0727609,-0.578625,-0.598977,0.453455,-1.04383,-0.113424,9.08532,23.2016,-16.1797,-2.10785
2022-09-12,40.659,4.92689,77.3402,30463.4,-0.218108,63.3783,4,0.142409,-0.578625,-0.154824,0.439642,-1.04383,-0.113424,10.353,22.1165,-16.8765,-2.21469
2022-09-13,40.765,4.93685,77.3402,30463.4,-0.171102,62.7647,4,0.221165,-0.56337,-0.00235185,0.444682,-0.860714,-0.266025,10.5706,21.1745,-16.7583,-2.22211
2022-09-14,40.67,5.05964,77.9441,30732.4,0.00244018,62.0329,4,-0.180892,0.185772,-0.868631,0.506847,0.137255,0.234289,9.45061,20.2341,-15.8335,-1.81835
2022-09-15,40.774,4.74144,77.9441,30732.4,0.188624,61.1902,4,0.18479,0.192459,0.0238279,0.345751,0.137877,0.247041,8.58954,18.9359,-14.9066,-1.42869
2022-09-16,40.982,4.91437,77.9441,30732.4,0.471851,60.9969,4,0.745905,0.197797,1.05851,0.433299,0.137877,0.257716,8.45896,17.5817,-13.9521,-1.09164
2022-09-19,40.983,4.90204,77.9441,30732.4,0.510677,60.7736,4,0.822896,0.198458,1.21873,0.427061,0.137877,0.259039,8.33319,16.227,-12.9976,-0.789029
2022-09-20,40.941,4.88162,77.9441,30732.4,0.372168,60.1991,4,0.545877,0.198458,0.675035,0.416719,0.137877,0.259039,7.85544,14.8816,-12.0515,-0.486474
2022-09-21,40.838,4.95142,77.9441,30732.4,0.374606,59.9513,4,0.549965,0.199247,0.647868,0.452061,0.137877,0.260617,7.66938,13.5579,-11.0943,-0.181696
2022-09-22,40.626,5.35785,77.9441,30732.4,0.14435,59.5394,4,0.0878453,0.200855,-0.482127,0.657817,0.137877,0.263833,7.14817,12.4045,-10.1394,0.126076
2022-09-23,40.865,5.71406,77.9441,30732.4,0.218277,60.1683,4,0.234351,0.202204,-0.368484,0.837185,0.137877,0.26653,7.04321,11.852,-9.16252,0.435624
2022-09-26,41.176,5.86294,77.9441,30732.4,0.510691,60.7264,4,0.816159,0.205223,0.727713,0.904604,0.137877,0.27257,7.00338,11.1625,-8.18888,0.749313
2022-09-27,41.251,5.85299,77.9441,30732.4,0.607211,61.3464,4,1.00221,0.212208,1.11357,0.890857,0.137877,0.286539,6.86222,10.627,-7.21605,1.07332
2022-09-28,41.333,5.69307,77.9441,30732.4,0.73794,61.929,4,1.25898,0.216902,1.7222,0.795753,0.137877,0.295927,6.51442,10.2567,-6.24616,1.40399
2022-09-29,41.59,5.77824,77.9441,30732.4,1.14074,64.2739,4,2.06458,0.216902,3.30733,0.821835,0.137877,0.295927,7.97018,9.83023,-5.25099,1.72443
2022-09-30,41.736,5.83401,77.9441,30732.4,1.05975,66.3049,4,1.9026,0.216902,2.95794,0.847259,0.137877,0.295927,8.95187,9.58119,-4.26809,2.03997
2022-10-03,41.212,7.40756,77.9441,30732.4,0.553953,67.8354,4,0.891004,0.216902,0.154728,1.62728,0.137877,0.295927,8.88869,9.89547,-3.30205,2.35332
2022-10-04,40.957,7.77815,77.9441,30732.4,0.323668,69.2643,4,0.430434,0.216902,-0.949872,1.81074,0.137877,0.295927,8.01601,10.9331,-2.34705,2.66224
2022-10-05,40.981,7.68019,77.9441,30732.4,0.266614,70.6958,4,0.316326,0.216902,-1.12791,1.76057,0.137877,0.295927,7.11979,12.0137,-1.40297,2.96527
2022-10-06,40.934,7.57841,77.9441,30732.4,0.0112287,71.235,4,-0.194445,0.216902,-2.09656,1.70767,0.137877,0.295927,5.44799,12.9832,-0.473786,3.27756
2022-10-07,41.057,7.59751,77.9441,30732.4,0.00149852,72.1499,4,-0.213905,0.216902,-2.14233,1.71453,0.137877,0.295927,4.2186,13.9017,0.449275,3.58033
2022-10-11,41.086,7.57671,77.9441,30732.4,0.442588,73.953,4,0.668274,0.216902,-0.365585,1.70213,0.137877,0.295927,4.01151,14.728,1.35551,3.85804
2022-10-12,41.131,7.54058,77.9441,30732.4,0.679892,76.1836,4,1.14288,0.216902,0.604146,1.68162,0.137877,0.295927,4.41273,15.4493,2.09386,4.22771
2022-10-13,41.248,7.51117,77.9441,30732.4,0.749505,78.0521,4,1.28211,0.216902,0.900031,1.66419,0.137877,0.295927,5.67489,16.0981,2.06481,4.21427
2022-10-14,41.2,7.50578,77.9441,30732.4,0.746567,79.3909,4,1.27623,0.216902,0.893289,1.65918,0.137877,0.295927,6.25521,16.8906,2.04173,4.20335
2022-10-17,41.205,7.30929,77.4918,30458.7,0.108938,78.5257,4,1.03616,-0.818289,0.514347,1.55798,-0.351058,-1.28552,5.89562,17.8546,1.69214,3.08337
2022-10-18,41.288,7.3344,77.4918,30458.7,0.16511,77.6825,4,1.12217,-0.791946,0.676606,1.56773,-0.351058,-1.23283,5.52877,18.8332,1.33652,1.98405
2022-10-19,41.24,7.33805,77.4918,30458.7,0.0916456,76.9844,4,0.97478,-0.791489,0.381504,1.56805,-0.351058,-1.23192,5.33692,19.8039,0.974554,0.869005
2022-10-20,41.204,7.27528,77.4918,30458.7,-0.0371095,75.9381,4,0.71727,-0.791489,-0.0990482,1.53359,-0.351058,-1.23192,4.80951,20.7784,0.610024,-0.259893
2022-10-21,41.214,6.96442,77.4918,30458.7,-0.0304728,75.486,4,0.730543,-0.791489,0.0848472,1.37624,-0.351058,-1.23192,5.25738,21.3922,0.238783,-1.40229
2022-10-24,41.203,6.69841,77.4918,30458.7,-0.0763508,74.714,4,0.638787,-0.791489,0.0340992,1.24347,-0.351058,-1.23192,5.59349,21.8148,-0.135077,-2.55913
2022-10-25,41.169,6.14695,77.4918,30458.7,-0.237369,72.6979,4,0.31675,-0.791489,-0.335374,0.968873,-0.351058,-1.23192,4.83747,22.1366,-0.516533,-3.75962
2022-10-26,40.976,6.32281,77.4918,30458.7,-0.333571,70.0542,4,0.124346,-0.791489,-0.79839,1.04708,-0.351058,-1.23192,3.39972,22.5722,-0.908961,-5.00879
2022-10-27,40.765,6.48204,77.4918,30458.7,-0.454568,66.5461,4,-0.117648,-0.791489,-1.35074,1.11544,-0.351058,-1.23192,0.994138,23.1732,-1.3139,-6.30733
2022-10-28,40.569,6.09709,77.4918,30458.7,-0.666157,60.9532,4,-0.540825,-0.791489,-2.00362,0.921975,-0.351058,-1.23192,-3.30994,23.658,-1.7346,-7.66027
2022-10-31,40.608,5.89804,77.4918,30458.7,-0.650027,55.441,4,-0.508565,-0.791489,-1.83701,0.819879,-0.351058,-1.23192,-7.28181,23.8663,-2.15323,-8.9903
2022-11-01,40.532,4.15001,77.4918,30458.7,-0.898345,50.6701,4,-1.0052,-0.791489,-1.96203,-0.0483756,-0.351058,-1.23192,-9.04869,22.5587,-2.5628,-10.2771
2022-11-03,40.289,4.11722,77.4918,30458.7,-0.945133,46.4918,4,-1.09878,-0.791489,-2.13218,-0.0653768,-0.351058,-1.23192,-10.0106,20.9864,-2.96206,-11.5219
2022-11-04,39.872,5.29764,77.4918,30458.7,-0.961896,42.4823,4,-1.1323,-0.791489,-2.7934,0.528794,-0.351058,-1.23192,-11.3283,19.8792,-3.34878,-12.7198
2022-11-07,39.9,5.34846,77.4918,30458.7,-0.776956,39.9477,4,-0.762423,-0.791489,-2.07995,0.555101,-0.351058,-1.23192,-11.2606,18.8444,-3.73143,-13.9047
2022-11-08,40.014,5.33306,77.4918,30458.7,-0.720313,37.6628,4,-0.642415,-0.798212,-1.83066,0.545827,-0.364504,-1.23192,-10.9451,17.7917,-4.11794,-15.0659
2022-11-09,40.108,5.44497,77.4918,30458.7,-0.573652,34.5195,4,-0.341833,-0.80547,-1.2875,0.603835,-0.379021,-1.23192,-11.5785,16.7363,-4.49278,-16.1456
2022-11-10,40.056,5.37677,77.4918,30458.7,-0.429606,31.2063,4,-0.053741,-0.80547,-0.679384,0.571902,-0.379021,-1.23192,-12.4435,15.6373,-4.84335,-17.1442
2022-11-11,39.978,5.14868,77.4918,30458.7,-0.186932,28.5223,4,0.431606,-0.80547,0.405846,0.457366,-0.379021,-1.23192,-12.6676,14.4895,-5.18437,-18.1153
2022-11-14,39.849,5.17963,77.2311,30079.5,-0.657036,24.7182,4,0.18114,-1.49521,-0.0970391,0.45932,-0.849763,-2.14066,-13.1373,13.244,-5.82167,-19.5668
2022-11-15,39.711,5.172,77.2311,30079.5,-0.888088,22.1906,4,-0.233853,-1.54232,-0.905017,0.437312,-0.049146,-3.0355,-13.9608,12.1599,-5.48823,-20.5203
2022-11-16,39.773,5.12956,77.2311,30079.5,-0.914542,19.6278,4,-0.296468,-1.53262,-1.00556,0.412624,-0.0498953,-3.01534,-14.8908,11.047,-5.14751,-21.3809
2022-11-17,40.117,6.33898,77.2311,30079.5,-0.438698,18.4375,4,0.655947,-1.53334,0.260387,1.05151,-0.0513487,-3.01534,-14.8077,10.5455,-4.87099,-22.4292
2022-11-18,39.801,6.74329,77.2311,30079.5,-0.57881,17.2692,4,0.376131,-1.53375,-0.504471,1.25673,-0.0521673,-3.01534,-14.9179,10.2186,-4.59747,-23.434
2022-11-21,39.534,6.92433,77.2311,30079.5,-0.670748,15.9506,4,0.192316,-1.53381,-0.949911,1.33454,-0.052287,-3.01534,-15.4253,10.0364,-4.31784,-24.3426
2022-11-22,39.282,7.05189,77.2311,30079.5,-0.75082,14.6348,4,0.0321711,-1.53381,-1.31659,1.38093,-0.052287,-3.01534,-16.1106,9.96755,-4.0397,-25.1824
2022-11-23,39.161,7.0311,77.2311,30079.5,-0.903878,13.4081,4,-0.273943,-1.53381,-1.9042,1.35631,-0.052287,-3.01534,-16.9113,10.0648,-3.76794,-25.9774
2022-11-24,39.17,7.04432,77.2311,30079.5,-1.17221,11.9677,4,-0.810612,-1.53381,-2.96856,1.34733,-0.052287,-3.01534,-17.991,10.0454,-3.48609,-26.6006
2022-11-25,39.257,7.12684,77.2311,30079.5,-0.841972,11.3405,4,-0.150132,-1.53381,-1.67647,1.37621,-0.052287,-3.01534,-18.0185,10.1129,-3.25229,-27.5016
2022-11-28,39.52,7.64822,77.2311,30079.5,-0.35248,11.8464,4,0.828853,-1.53381,0.0238842,1.63382,-0.052287,-3.01534,-16.8212,10.6737,-3.08095,-28.9251
2022-11-29,39.379,7.63905,77.2311,30079.5,-0.265633,12.488,4,1.00255,-1.53381,0.380409,1.62468,-0.052287,-3.01534,-15.5017,11.3257,-2.91157,-30.4244
2022-11-30,39.392,7.66616,77.2311,30079.5,-0.159597,13.7882,4,1.21462,-1.53381,0.812801,1.61644,-0.052287,-3.01534,-13.898,12.6883,-2.76301,-32.2391
2022-12-01,39.072,7.87126,77.2311,30079.5,-0.404283,14.7967,4,0.725246,-1.53381,-0.252022,1.70251,-0.052287,-3.01534,-12.7804,14.0925,-2.59303,-33.9224
2022-12-02,39.199,7.30163,77.2311,30079.5,-0.443492,15.8087,4,0.646829,-1.53381,-0.121499,1.41516,-0.052287,-3.01534,-11.0606,14.897,-2.41558,-35.6121
2022-12-05,39.305,7.39191,77.2311,30079.5,-0.561472,16.2423,4,0.410869,-1.53381,-0.627129,1.44887,-0.052287,-3.01534,-10.0887,15.6071,-2.21644,-37.0596
2022-12-06,39.205,7.29053,77.2311,30079.5,-0.545467,16.5999,4,0.442878,-1.53381,-0.49733,1.38309,-0.052287,-3.01534,-9.18218,16.2674,-2.00356,-38.4817
2022-12-07,39.07,7.22543,77.2311,30079.5,-0.679138,16.3836,4,0.175537,-1.53381,-0.978621,1.32969,-0.052287,-3.01534,-8.94019,16.7419,-1.76675,-39.6514
2022-12-08,39.029,7.22603,77.2311,30079.5,-0.459054,16.3235,4,0.615703,-1.53381,-0.0736243,1.30503,-0.052287,-3.01534,-8.50446,17.25,-1.53386,-40.8882
2022-12-09,38.873,7.28717,77.2311,30079.5,-0.685893,15.3277,4,0.162027,-1.53381,-0.996891,1.32094,-0.052287,-3.01534,-9.38554,17.6489,-1.28664,-41.6491
2022-12-12,38.81,7.25587,77.2311,30079.5,-0.825856,15.0001,4,-0.126682,-1.52503,-1.54499,1.29163,-0.0347222,-3.01534,-10.3569,18.1565,-0.712706,-42.0869
2022-12-13,38.683,7.24867,77.2311,30079.5,-0.843154,15.0868,4,-0.17698,-1.50933,-1.63375,1.27979,-0.0171574,-3.0015,-10.8773,18.7651,-0.691154,-42.1098
2022-12-14,38.627,7.16883,77.2311,30079.5,-1.23503,14.4754,4,-0.0703452,-2.39972,-1.37585,1.23516,-1.17763,-3.62182,-11.0476,19.1862,-1.46706,-42.1961
2022-12-15,38.788,6.48013,76.7531,29800.7,-1.47869,12.6075,4,0.0907051,-3.04808,-0.712019,0.89343,-2.09616,-4,-11.4118,18.5728,-2.8077,-41.7458
2022-12-16,38.848,6.13562,76.7531,29800.7,-1.34574,11.3424,4,0.354201,-3.04568,-0.0105898,0.718992,-2.09136,-4,-10.8528,17.8388,-4.09804,-41.5456
2022-12-19,38.826,5.78004,76.7531,29800.7,-1.34796,10.3029,4,0.333358,-3.02927,0.12263,0.544087,-2.05855,-4,-9.95579,16.9952,-5.32319,-41.4133
2022-12-20,38.412,6.48591,76.7531,29800.7,-1.48963,9.24973,4,0.0208794,-3.00014,-0.816716,0.858475,-2.00028,-4,-9.43172,16.3107,-6.44992,-41.1793
2022-12-21,38.341,6.451,76.7531,29800.7,-1.50425,8.45433,4,-0.0233715,-2.98512,-0.867376,0.820633,-1.97024,-4,-8.62178,15.6948,-7.53566,-41.083
2022-12-22,38.589,6.97212,76.7531,29800.7,-1.37278,8.20038,4,0.239562,-2.98512,-0.580719,1.05984,-1.97024,-4,-7.08956,15.4243,-8.68149,-41.4528
2022-12-23,39.1,8.50207,76.7531,29800.7,-0.82511,8.22151,4,1.3349,-2.98512,0.889091,1.78071,-1.97024,-4,-5.5004,15.683,-9.87644,-42.0847
2022-12-26,39.517,9.02247,76.7531,29800.7,-0.413109,8.14573,4,2.1589,-2.98512,2.29497,2.02283,-1.97024,-4,-4.08323,15.8961,-11.0474,-42.6198
2022-12-27,40.038,10.0319,76.7531,29800.7,0.151526,8.67785,4,3.25044,-2.94739,4,2.50088,-1.89478,-4,-1.86286,16.6412,-12.339,-43.7615
2022-12-28,39.946,10.0925,76.7531,29800.7,0.171356,9.11815,4,3.25515,-2.91244,4,2.5103,-1.82488,-4,0.137798,17.3677,-13.5805,-44.8068
2022-12-29,39.625,10.0823,76.7531,29800.7,0.0154531,9.70013,4,2.94335,-2.91244,3.39559,2.4911,-1.82488,-4,2.4776,18.0831,-14.881,-45.9796
2022-12-30,40.071,10.7224,76.7531,29800.7,0.0218353,10.3767,4,2.95611,-2.91244,3.14603,2.76619,-1.82488,-4,4.63249,19.1994,-16.2288,-47.2265
2023-01-02,39.795,11.0694,76.7531,29800.7,-0.49692,10.4732,4,1.9186,-2.91244,0.939921,2.89728,-1.82488,-4,5.66044,20.1765,-17.4114,-47.9524
2023-01-03,39.732,11.0381,76.7531,29800.7,-0.963215,9.86012,4,0.986009,-2.91244,-0.900627,2.87265,-1.82488,-4,5.33502,20.8988,-18.348,-48.0257
2023-01-04,39.862,10.963,76.7531,29800.7,-0.800216,9.68744,4,1.31201,-2.91244,-0.202665,2.82668,-1.82488,-4,5.81398,21.7864,-19.421,-48.492
2023-01-05,39.864,10.9426,76.7531,29800.7,-0.555743,9.55115,4,1.80095,-2.91244,0.807824,2.79408,-1.82488,-4,6.3613,22.6781,-20.5004,-48.9879
2023-01-09,39.823,10.8102,76.7531,29800.7,-0.956095,9.17777,4,1.00025,-2.91244,-0.711158,2.71166,-1.82488,-4,6.49343,23.3851,-21.4663,-49.2344
2023-01-10,39.79,10.7863,76.7531,29800.7,-0.759932,9.26786,4,1.36804,-2.8879,0.0446645,2.69141,-1.82091,-3.95489,7.51574,24.3188,-22.6419,-49.9248
2023-01-11,39.79,10.666,76.7531,29800.7,-0.708917,9.45331,4,1.42252,-2.84035,0.24005,2.60499,-1.81344,-3.86726,8.73982,25.2578,-23.8749,-50.6694
2023-01-12,39.643,10.7755,76.7531,29800.7,-0.9096,9.91423,4,0.999834,-2.81903,-0.624282,2.62395,-1.80994,-3.82812,9.3049,26.3867,-24.5039,-51.2734
2023-01-13,39.695,10.7225,76.7531,29800.7,-0.861107,10.8337,4,1.06041,-2.78263,-0.465956,2.58678,-1.80994,-3.75531,9.62819,27.9555,-24.7434,-52.0065
2023-01-16,39.686,10.7324,76.0452,29680.4,-0.860004,11.5989,4,1.09643,-2.81644,-0.364046,2.55692,-2.23746,-3.39543,9.52251,29.5497,-25.1717,-52.3016
2023-01-17,39.584,10.7964,76.0452,29680.4,-0.902289,12.334,4,0.989551,-2.79413,-0.580288,2.55939,-2.23746,-3.3508,9.165,31.2591,-25.5949,-52.4952
2023-01-18,39.241,10.5271,76.0452,29680.4,-1.16341,12.8923,4,0.372137,-2.69896,-1.66273,2.407,-2.23746,-3.16047,8.67106,32.5786,-25.9769,-52.3804
2023-01-19,39.151,10.5447,76.0452,29680.4,-1.07665,13.6504,4,0.447911,-2.60121,-1.48314,2.37896,-2.22738,-2.97505,8.34588,34.0093,-26.4427,-52.2621
2023-01-20,39.048,10.4196,76.0452,29680.4,-1.2143,13.939,4,0.172615,-2.60121,-1.96491,2.31014,-2.22738,-2.97505,7.42763,35.0073,-26.7268,-51.7691
2023-01-23,39.163,9.36338,76.0452,29680.4,-1.23329,13.2041,4,0.134624,-2.60121,-1.56349,1.83274,-2.22738,-2.97505,5.68069,34.6772,-26.6228,-50.531
2023-01-24,39.138,8.49717,76.0452,29680.4,-1.25973,11.7662,4,0.0569306,-2.57639,-1.32554,1.4394,-2.22738,-2.9254,3.145,33.5199,-26.2035,-48.6951
2023-01-25,39.085,6.81606,76.0452,29680.4,-1.21947,9.6792,4,0.137447,-2.57639,-0.424472,0.699367,-2.22738,-2.9254,0.192721,31.1147,-25.4388,-46.1894
2023-01-26,38.958,6.84476,76.0452,29680.4,-1.25253,7.81372,4,0.0713226,-2.57639,-0.545396,0.688041,-2.22738,-2.9254,-2.60934,28.7322,-24.6542,-43.6549
2023-01-27,38.625,6.91502,76.0452,29680.4,-1.43603,6.20661,4,-0.295668,-2.57639,-1.28475,0.693419,-2.22738,-2.9254,-5.25127,26.4424,-23.8338,-41.1507
2023-01-30,38.751,5.43147,76.0452,29680.4,-1.58446,4.74206,4,-0.592523,-2.57639,-1.24548,0.0604347,-2.22738,-2.9254,-7.45373,23.6407,-22.8989,-38.546
2023-01-31,38.681,5.06884,76.0452,29680.4,-1.65912,3.86615,4,-0.741847,-2.57639,-1.3908,-0.0928951,-2.22738,-2.9254,-8.44243,21.1747,-22.2901,-36.5759
2023-02-01,38.696,5.10853,76.0452,29680.4,-1.60078,3.44465,4,-0.625177,-2.57639,-1.17424,-0.0761164,-2.22738,-2.9254,-8.41748,19.1902,-22.0551,-35.273
2023-02-02,38.572,4.84774,76.0452,29680.4,-1.62549,2.95588,4,-0.674597,-2.57639,-1.16281,-0.186386,-2.22738,-2.9254,-8.69293,17.1394,-21.6886,-33.802
2023-02-03,39.119,7.39031,76.0452,29680.4,-0.66142,2.89766,4,1.25355,-2.57639,1.6317,0.875399,-2.22738,-2.9254,-8.24077,16.0969,-21.822,-33.1364
2023-02-06,39.258,7.55983,76.0452,29680.4,-0.639899,3.07473,4,1.29659,-2.57639,1.65837,0.934805,-2.22738,-2.9254,-7.09607,15.3393,-22.2524,-32.916
2023-02-07,39.076,7.68788,76.0452,29680.4,-0.71617,3.09993,4,1.14405,-2.57639,1.30443,0.983671,-2.22738,-2.9254,-6.45198,14.4741,-22.4946,-32.4276
2023-02-08,39.092,7.69564,76.0452,29680.4,-0.715736,3.09599,4,1.14492,-2.57639,1.30706,0.98277,-2.22738,-2.9254,-5.89675,13.629,-22.7045,-31.9317
2023-02-09,39.105,7.63279,76.0452,29680.4,-0.619589,3.26715,4,1.33385,-2.57303,1.72056,0.947151,-2.22067,-2.9254,-4.72323,12.8774,-23.131,-31.756
2023-02-10,39.144,7.62272,76.0452,29680.4,-0.711386,3.35852,4,0.53535,-1.95812,0.145819,0.924882,-1.6983,-2.21794,-4.42383,12.0643,-23.1831,-31.0988
2023-02-13,39.02,7.6701,76.0452,29680.4,-0.895499,3.33667,4,0.126321,-1.91732,-0.671322,0.923964,-1.6167,-2.21794,-4.58038,11.192,-22.8304,-30.4445
2023-02-14,39.084,7.69,74.9579,28592.5,-1.6054,2.92743,4,0.502944,-3.71375,0.0935672,0.912321,-3.42749,-4,-4.13219,10.0966,-22.9351,-30.1019
2023-02-15,39.344,7.47979,74.9579,28592.5,-1.44693,2.77465,4,0.819877,-3.71375,0.842002,0.797752,-3.42749,-4,-2.8188,9.1856,-23.3343,-30.2579
2023-02-16,39.57,7.6742,74.9579,28592.5,-1.27858,2.66994,4,1.15659,-3.71375,1.47033,0.842856,-3.42749,-4,-1.30565,8.34889,-23.7915,-30.5818
2023-02-17,39.302,8.03561,74.9579,28592.5,-1.4778,2.53827,4,0.758145,-3.71375,0.545205,0.971086,-3.42749,-4,-0.0347643,7.60668,-24.1941,-30.8395
2023-02-22,38.866,8.93444,74.9579,28592.5,-1.61923,2.35528,4,0.464954,-3.70342,-0.402101,1.33201,-3.42749,-3.97934,0.541455,7.26509,-24.4922,-30.959
2023-02-23,38.553,9.34463,74.9579,28592.5,-1.86419,2.09104,4,-0.0249658,-3.70342,-1.54099,1.49106,-3.42749,-3.97934,0.426322,7.15122,-24.6073,-30.8792
2023-02-24,38.764,9.59597,74.9579,28592.5,-1.87142,1.8346,4,-0.0394281,-3.70342,-1.66119,1.58234,-3.42749,-3.97934,-0.171484,7.42464,-24.6726,-30.7459
2023-02-27,39.037,9.88098,74.9579,28592.5,-1.80508,1.63873,4,0.0932629,-3.70342,-1.49544,1.68196,-3.42749,-3.97934,-0.613114,7.76054,-24.8048,-30.704
2023-02-28,38.893,9.45418,74.9579,28592.5,-1.75959,1.53256,4,0.184235,-3.70342,-1.12781,1.49628,-3.42749,-3.97934,-0.534159,8.05328,-25.1076,-30.8789
2023-03-01,38.897,9.39145,74.9579,28592.5,-1.43997,1.57921,4,0.82347,-3.70342,0.185754,1.46119,-3.42749,-3.97934,0.129412,8.74204,-25.7812,-31.511
2023-03-02,39.137,9.58995,74.9579,28592.5,-1.00717,1.80518,4,1.68908,-3.70342,1.84444,1.53373,-3.42749,-3.97934,1.66912,9.6977,-26.8907,-32.6709
2023-03-03,39.428,9.88977,74.9579,28592.5,-0.923884,2.0684,4,1.85565,-3.70342,2.07175,1.63954,-3.42749,-3.97934,3.28127,10.7421,-28.0598,-33.8951
2023-03-06,39.218,10.0361,74.9579,28592.5,-1.27288,2.21794,4,1.15766,-3.70342,0.631027,1.68429,-3.42749,-3.97934,4.19911,11.7821,-28.9668,-34.7965
2023-03-07,39.314,8.76822,74.9579,28592.5,-1.22337,1.98373,4,1.25669,-3.70342,1.33965,1.17372,-3.42749,-3.97934,3.98361,11.7165,-29.0304,-34.6859
2023-03-08,39.171,8.78098,74.9579,28592.5,-1.33389,1.72376,4,1.03564,-3.70342,0.905193,1.16608,-3.42749,-3.97934,3.54129,11.5695,-28.9621,-34.425
2023-03-09,39.177,8.61588,74.9579,28592.5,-1.5254,1.45791,4,0.65261,-3.70342,0.210831,1.09439,-3.42749,-3.97934,2.94887,11.3275,-28.7805,-34.0379
2023-03-10,39.261,8.64525,74.9579,28592.5,-1.67529,1.1891,4,0.352833,-3.70342,-0.396702,1.10237,-3.42749,-3.97934,2.10121,11.044,-28.4601,-33.496
2023-03-13,39.333,8.6643,74.9579,28592.5,-1.46345,0.989337,4,0.776518,-3.70342,0.446634,1.1064,-3.42749,-3.97934,1.49318,10.8266,-28.2458,-33.0846
2023-03-14,39.248,8.70268,74.9579,28592.5,-1.59419,0.812351,4,0.515037,-3.70342,-0.0913077,1.12138,-3.42749,-3.97934,1.35282,10.619,-28.2185,-32.9409
2023-03-15,39.541,8.97877,74.9579,28592.5,-1.24217,0.750855,4,1.21907,-3.70342,1.22428,1.21387,-3.42749,-3.97934,2.1316,10.6283,-28.6785,-33.3305
2023-03-16,39.679,9.02911,74.9579,28592.5,-1.14166,0.834095,4,1.42009,-3.70342,1.6197,1.22048,-3.42749,-3.97934,2.80966,10.9109,-29.0884,-33.7981
2023-03-17,39.496,8.94112,74.9157,29344.2,-0.684846,0.988542,4,1.00177,-2.37146,0.816638,1.18691,-2.70167,-2.04126,2.8655,11.3396,-29.4652,-33.7514
2023-03-20,39.24,8.99079,74.9157,29344.2,-0.92509,1.06829,4,0.521285,-2.37146,-0.163291,1.20586,-2.70167,-2.04126,2.1796,11.6243,-29.4719,-33.2638
2023-03-21,38.945,9.06503,74.9157,29344.2,-1.07634,1.1656,4,0.218794,-2.37146,-0.796599,1.23419,-2.70167,-2.04126,1.61029,11.8879,-29.5206,-32.812
2023-03-22,38.979,8.14042,74.9157,29344.2,-1.35593,1.23352,4,-0.340391,-2.37146,-1.56217,0.881385,-2.70167,-2.04126,1.10338,11.7842,-29.4396,-32.2145
2023-03-23,38.741,7.90371,74.9157,29344.2,-1.64096,1.29377,4,-0.93716,-2.34476,-2.66539,0.791066,-2.70167,-1.98785,0.603357,11.551,-29.3188,-31.5418
2023-03-24,38.935,7.86481,74.9157,29344.2,-1.35461,1.44309,4,-0.378883,-2.33034,-1.53399,0.776223,-2.70167,-1.95901,0.671652,11.3706,-29.467,-31.1322
2023-03-27,38.78,7.56786,74.9157,29344.2,-1.30859,1.60027,4,-0.286841,-2.33034,-1.2425,0.66882,-2.70167,-1.95901,0.800228,11.0782,-29.5951,-30.6831
2023-03-28,38.715,7.48226,74.9157,29344.2,-1.14586,1.81466,4,0.0386167,-2.33034,-0.565034,0.642267,-2.70167,-1.95901,1.08357,10.8903,-29.8327,-30.3265
2023-03-29,38.867,7.62593,74.9157,29344.2,-1.04343,1.96583,4,0.243484,-2.33034,-0.211166,0.698134,-2.70167,-1.95901,0.906218,10.6613,-29.8624,-29.7392
2023-03-30,38.835,7.26859,74.9157,29344.2,-0.922063,1.99963,4,0.486213,-2.33034,0.410626,0.5618,-2.70167,-1.95901,0.216399,10.221,-29.5932,-28.8446
2023-03-31,38.648,6.81134,74.9157,29344.2,-1.25434,1.87109,4,-0.178346,-2.33034,-0.741267,0.384574,-2.70167,-1.95901,-1.12983,9.51433,-28.9363,-27.5771
2023-04-03,38.567,6.63213,74.9157,29344.2,-1.21567,1.89283,4,-0.100993,-2.33034,-0.517573,0.315587,-2.70167,-1.95901,-1.68166,8.87658,-28.6417,-26.6604
2023-04-04,38.756,6.8458,74.9157,29344.2,-1.0018,1.97905,4,0.326745,-2.33034,0.25231,0.40118,-2.70167,-1.95901,-2.21771,8.56711,-28.4948,-25.8755
2023-04-05,38.698,6.76592,74.9157,29344.2,-1.16796,2.04578,4,-0.00557925,-2.33034,-0.381251,0.370092,-2.70167,-1.95901,-2.85288,8.22686,-28.2943,-25.0338
2023-04-10,38.741,6.78869,74.9157,29344.2,-1.10883,2.22177,4,0.112685,-2.33034,-0.153731,0.379102,-2.70167,-1.95901,-3.07012,7.98578,-28.3169,-24.377
2023-04-11,38.615,6.77426,74.9157,29344.2,-1.06444,2.50282,4,0.20146,-2.33034,0.0295273,0.373393,-2.70167,-1.95901,-2.91724,7.77827,-28.512,-23.8462
2023-04-12,38.646,6.73031,74.9157,29344.2,-0.984757,2.74337,4,0.360824,-2.33034,0.36899,0.352658,-2.70167,-1.95901,-3.00175,7.51505,-28.583,-23.1869
2023-04-13,38.749,6.82563,74.9157,29344.2,-1.04241,3.04427,4,0.245525,-2.33034,0.104433,0.386616,-2.70167,-1.95901,-2.95389,7.26858,-28.7163,-22.5541
2023-04-14,38.949,6.50724,74.8011,29423.6,-0.891699,3.24922,4,0.57108,-2.35448,0.885271,0.256889,-2.89254,-1.81641,-3.16458,6.84957,-28.7597,-21.6761
2023-04-18,38.926,6.3131,74.8011,29423.6,-0.966514,3.35583,4,0.42145,-2.35448,0.671736,0.171165,-2.89254,-1.81641,-3.68125,6.3357,-28.6394,-20.6592
2023-04-19,38.968,6.19746,74.8011,29423.6,-0.85265,3.25363,4,0.649178,-2.35448,1.18,0.118357,-2.89254,-1.81641,-3.47137,5.74247,-28.5863,-20.4312
2023-04-20,39.017,5.83055,74.8011,29423.6,-0.529095,3.49904,4,0.600123,-1.65831,1.22706,-0.0268122,-1.71365,-1.60298,-2.7784,5.16197,-28.426,-20.4586
2023-04-21,38.955,5.19547,74.8011,29423.6,-0.716135,3.73526,4,0.223127,-1.6554,0.724338,-0.278084,-1.71365,-1.59715,-1.99481,4.41053,-28.224,-20.4564
2023-04-24,38.896,5.21219,74.8011,29423.6,-0.899332,4.05326,4,-0.157297,-1.64137,-0.0431242,-0.271469,-1.71365,-1.56909,-1.19743,3.84767,-28.0987,-20.4983
2023-04-25,38.715,5.01043,74.8011,29423.6,-1.0306,4.5123,4,-0.430662,-1.63054,-0.510031,-0.351293,-1.71365,-1.54743,-0.0251722,3.28897,-28.0981,-20.6534
2023-04-26,38.705,4.6448,74.8011,29423.6,-1.10503,4.71168,4,-0.579518,-1.63054,-0.663079,-0.495957,-1.71365,-1.54743,0.46154,2.60366,-27.7673,-20.5862
2023-04-27,38.616,4.50337,74.8011,29423.6,-1.22129,4.78306,4,-0.812042,-1.63054,-1.07217,-0.551913,-1.71365,-1.54743,0.558298,1.92644,-27.2897,-20.412
2023-04-28,38.783,4.74085,74.8011,29423.6,-1.02661,4.88196,4,-0.422673,-1.63054,-0.387392,-0.457955,-1.71365,-1.54743,0.660353,1.31455,-26.836,-20.2569
2023-05-02,39.015,5.00817,74.8011,29423.6,-0.783335,5.10335,4,0.0638707,-1.63054,0.479931,-0.352189,-1.71365,-1.54743,1.05782,0.729425,-26.4949,-20.189
2023-05-03,39.074,5.01406,74.8011,29423.6,-0.60443,5.38446,4,0.42168,-1.63054,1.19322,-0.349859,-1.71365,-1.54743,1.51675,0.214336,-26.1925,-20.1541
2023-05-04,38.952,4.81562,74.8011,29423.6,-0.711184,5.89343,4,0.208173,-1.63054,0.844717,-0.428372,-1.71365,-1.54743,2.46662,-0.255722,-26.0612,-20.2563
2023-05-05,38.83,4.90024,74.8011,29423.6,-0.729108,6.38074,4,0.172323,-1.63054,0.739538,-0.394891,-1.71365,-1.54743,3.24727,-0.679788,-25.869,-20.3177
2023-05-08,38.692,4.7762,74.8011,29423.6,-0.96795,6.41578,4,-0.305359,-1.63054,-0.166749,-0.44397,-1.71365,-1.54743,3.00252,-1.18088,-25.3108,-20.095
2023-05-09,38.86,4.99065,74.8011,29423.6,-0.994514,6.59764,4,-0.358489,-1.63054,-0.357859,-0.35912,-1.71365,-1.54743,3.03236,-1.62117,-24.8569,-19.9566
2023-05-10,38.928,5.01103,74.8011,29423.6,-0.985584,6.72928,4,-0.340629,-1.63054,-0.330201,-0.351058,-1.71365,-1.54743,2.93831,-2.06348,-24.3599,-19.7856
2023-05-11,38.953,4.83814,74.8011,29423.6,-0.892833,6.91595,4,-0.155127,-1.63054,0.109206,-0.41946,-1.71365,-1.54743,3.00148,-2.55039,-23.8936,-19.6416
2023-05-12,38.968,4.83622,74.8011,29423.6,-0.790377,7.13218,4,0.0497866,-1.63054,0.519796,-0.420223,-1.71365,-1.54743,3.11024,-3.03229,-23.4373,-19.5085
2023-05-15,38.949,4.77092,73.6757,29641,-1.08334,7.08622,4,0.213615,-2.38029,0.873285,-0.446056,-3.58794,-1.17264,3.57029,-3.53094,-23.9431,-19.01
2023-05-16,38.945,4.40722,73.6757,29641,-1.24788,6.69584,4,-0.11548,-2.38029,0.358997,-0.589956,-3.58794,-1.17264,3.2179,-3.99855,-24.1015,-18.422
2023-05-17,38.904,4.41842,73.6757,29641,-1.32799,6.31688,4,-0.275696,-2.38029,0.0341335,-0.585526,-3.58794,-1.17264,2.80623,-4.40143,-24.2479,-17.84
2023-05-18,38.914,4.40072,73.6757,29641,-1.3409,5.83179,4,-0.301519,-2.38029,-0.0105081,-0.592529,-3.58794,-1.17264,2.0721,-4.74928,-24.2911,-17.1999
2023-05-19,38.856,4.39901,73.6757,29641,-1.39444,5.04444,4,-0.408582,-2.38029,-0.223959,-0.593204,-3.58794,-1.17264,1.19567,-4.94388,-24.7075,-16.4998
2023-05-23,38.625,4.83373,73.6757,29641,-0.578434,5.16373,4,-0.631396,-0.525473,-0.841587,-0.421206,-1.77714,0.726194,0.310523,-5.04657,-24.8502,-15.2501
2023-05-24,38.673,4.85032,73.6757,29641,-0.537906,5.48754,4,-0.548996,-0.526816,-0.683347,-0.414644,-1.77714,0.723507,-0.0540818,-5.18601,-25.1679,-14.1044
2023-05-25,38.834,4.80479,73.6757,29641,-0.420474,6.07034,4,-0.257496,-0.583452,-0.0823349,-0.432656,-1.77714,0.610235,0.195489,-5.33239,-25.6841,-13.1086
2023-05-26,38.799,4.81752,73.6757,29641,-0.486988,6.70896,4,-0.316126,-0.65785,-0.20463,-0.427622,-1.77714,0.46144,0.472955,-5.39324,-26.2117,-12.1591
2023-05-29,38.791,4.73441,73.6757,29641,-0.464814,7.55992,4,-0.254016,-0.675611,-0.0475296,-0.460503,-1.77714,0.425917,1.10976,-5.46167,-26.8544,-11.2338
2023-05-30,38.739,4.50672,73.6757,29641,-0.352607,8.38527,4,-0.0383316,-0.666882,0.473929,-0.550592,-1.76126,0.427499,1.66885,-5.62939,-27.4249,-10.2293
2023-05-31,38.779,3.93678,73.6757,29641,-0.41408,8.86523,4,-0.165991,-0.662169,0.443105,-0.775087,-1.75343,0.429093,1.66371,-5.9567,-27.7468,-9.09502
2023-06-01,38.799,3.89153,73.6757,29641,-0.524001,8.97243,4,-0.385833,-0.662169,0.018394,-0.790059,-1.75343,0.429093,0.925842,-6.24852,-27.8366,-7.86831
2023-06-02,38.743,3.77658,73.6757,29641,-0.550259,9.18982,4,-0.438348,-0.662169,-0.0447744,-0.831923,-1.75343,0.429093,0.365937,-6.53357,-27.9914,-6.65119
2023-06-05,38.782,3.64327,73.6757,29641,-0.519768,9.47841,4,-0.393846,-0.64569,0.0932708,-0.880963,-1.72047,0.429093,-0.0442615,-6.88309,-28.1643,-5.42997
2023-06-06,38.992,3.88261,73.6757,29641,-0.284562,10.467,4,0.0455273,-0.614651,0.874848,-0.783793,-1.6584,0.429093,0.632505,-7.23833,-28.6773,-4.24994
2023-06-07,38.954,3.61497,73.6757,29641,-0.361491,11.4474,4,-0.122963,-0.600019,0.633086,-0.879013,-1.62913,0.429093,1.29966,-7.70992,-29.1261,-3.01625
2023-06-08,38.903,3.5953,73.6757,29641,-0.41509,12.3855,4,-0.230161,-0.600019,0.418435,-0.878757,-1.62913,0.429093,1.82303,-8.18386,-29.5195,-1.73416
2023-06-09,38.705,4.00712,73.6757,29641,-0.479566,13.0978,4,-0.366754,-0.592378,-0.0127938,-0.720713,-1.61385,0.429093,1.76004,-8.47803,-29.7744,-0.409865
2023-06-12,38.662,4.00744,73.6757,29641,-0.5285,13.5636,4,-0.489753,-0.567246,-0.263181,-0.716325,-1.56359,0.429093,1.23628,-8.73829,-29.8742,0.939729
2023-06-13,38.427,4.49033,73.6757,29641,-0.803419,14.0738,4,-1.07797,-0.528871,-1.62254,-0.533392,-1.48684,0.429093,-0.474801,-8.86115,-28.6405,2.05027
2023-06-14,38.231,4.75043,74.6321,29577.7,-0.595171,15.3137,4,-1.27336,0.083019,-2.11187,-0.434855,-0.154261,0.320299,-2.21323,-8.89774,-26.7049,3.12957
2023-06-15,38.173,4.75496,74.6321,29577.7,-0.585908,16.8088,4,-1.28151,0.109693,-2.12988,-0.43314,-0.100914,0.320299,-3.79575,-8.94846,-24.697,4.25004
2023-06-16,38.02,4.85221,74.6321,29577.7,-0.528719,18.5492,4,-1.1938,0.136366,-1.99131,-0.396297,-0.0475668,0.320299,-5.30514,-8.97285,-22.5864,5.41358
2023-06-20,37.931,4.86928,74.6321,29577.7,-0.560159,20.449,4,-1.25668,0.136366,-2.12354,-0.38983,-0.0475668,0.320299,-6.80537,-8.98441,-20.3764,6.61512
2023-06-21,37.912,4.53598,74.6321,29577.7,-0.424292,20.8122,4,-0.984951,0.136366,-1.4538,-0.516098,-0.0475668,0.320299,-7.28113,-9.08339,-19.1584,6.33511
2023-06-22,37.765,4.57504,74.6321,29577.7,-0.686032,20.4631,4,-0.895296,-0.476767,-1.28929,-0.501299,0.0117736,-0.965308,-7.70701,-9.11978,-17.7771,5.06698
2023-06-23,37.54,4.41648,74.6321,29577.7,-0.786224,19.616,4,-1.17082,-0.401626,-1.78028,-0.561369,0.0121521,-0.815403,-8.89387,-9.1443,-16.3278,3.982
2023-06-26,37.596,4.55296,74.6321,29577.7,-0.588065,19.3857,4,-0.831621,-0.34451,-1.15054,-0.512698,0.0122672,-0.701287,-9.56723,-9.18681,-14.9823,3.12203
2023-06-27,37.513,4.52857,74.6321,29577.7,-0.58538,19.1132,4,-0.826251,-0.34451,-1.13051,-0.521994,0.0122672,-0.701287,-10.3332,-9.20781,-13.6365,2.2907
2023-06-28,37.62,4.80525,74.6321,29577.7,-0.462828,18.8661,4,-0.581146,-0.34451,-0.74574,-0.416553,0.0122672,-0.701287,-11.197,-9.08806,-12.3117,1.46283
2023-06-29,37.521,4.72814,74.6321,29577.7,-0.432481,18.825,4,-0.520452,-0.34451,-0.594966,-0.445938,0.0122672,-0.701287,-11.9485,-8.84469,-11.0208,0.639029
2023-06-30,37.408,4.67966,74.6321,29577.7,-0.3541,19.2062,4,-0.36369,-0.34451,-0.262964,-0.464416,0.0122672,-0.701287,-12.1985,-8.63945,-9.77103,-0.184861
2023-07-03,37.455,4.80528,74.6321,29577.7,-0.349131,19.6635,4,-0.353753,-0.34451,-0.290963,-0.416544,0.0122672,-0.701287,-12.432,-8.37192,-8.5171,-1.0155
2023-07-04,37.493,4.80587,74.6321,29577.7,-0.260779,20.262,4,-0.177049,-0.34451,0.0622215,-0.416319,0.0122672,-0.701287,-12.523,-8.07481,-7.28475,-1.85545
2023-07-05,37.894,6.03373,74.6321,29577.7,0.0705909,21.1001,4,0.485692,-0.34451,0.939358,0.0320249,0.0122672,-0.701287,-12.5669,-7.52744,-6.09595,-2.70956
2023-07-06,38.33,7.57095,74.6321,29577.7,0.607435,23.4876,4,1.55938,-0.34451,2.52251,0.59625,0.0122672,-0.701287,-11.3741,-6.55268,-4.96812,-3.61752
2023-07-07,38.116,7.75942,74.6321,29577.7,0.547522,26.0002,4,1.43955,-0.34451,2.21457,0.664535,0.0122672,-0.701287,-10.185,-5.47569,-3.78834,-4.55074
2023-07-10,38.031,7.62494,74.6321,29577.7,0.433071,28.5044,4,1.21065,-0.34451,1.81105,0.610255,0.0122672,-0.701287,-8.90752,-4.51489,-2.57212,-5.50105
2023-07-11,38.124,7.71436,74.6321,29577.7,0.479695,31.3977,4,1.3039,-0.34451,1.9662,0.641596,0.0122672,-0.701287,-7.26587,-3.50204,-1.3589,-6.47546
2023-07-12,38.157,7.4601,74.6321,29577.7,0.180418,34.3361,4,0.705346,-0.34451,0.87121,0.539482,0.0122672,-0.701287,-5.3506,-2.68248,-0.172089,-7.45875
2023-07-13,38.194,7.25485,74.6321,29577.7,-0.127644,35.7678,4,0.0892209,-0.34451,-0.278388,0.45683,0.0122672,-0.701287,-3.89833,-1.97658,-0.0386589,-8.31867
2023-07-14,38.026,7.40352,74.6321,29577.7,-0.0813113,37.3357,4,0.181887,-0.34451,-0.144974,0.508749,0.0122672,-0.701287,-2.30881,-1.2229,0.0528431,-9.18544
2023-07-17,38.055,7.26932,74.675,29761.6,0.0826227,39.2635,4,0.319209,-0.153963,0.188446,0.449971,0.077752,-0.385678,-0.545756,-0.540039,0.155126,-9.80579
2023-07-19,38.002,7.23565,74.675,29761.6,-0.0204975,40.9877,4,0.0943069,-0.135302,-0.237936,0.42655,0.252725,-0.523329,0.992947,0.125028,0.401067,-10.5313
2023-07-20,37.909,7.28977,74.675,29761.6,-0.105514,42.0146,4,-0.0808169,-0.130211,-0.599308,0.437674,0.252725,-0.513148,1.69432,0.906049,0.647648,-11.2334
2023-07-21,37.963,7.15726,74.675,29761.6,-0.0975824,43.9242,4,-0.0793824,-0.115782,-0.539134,0.380369,0.252725,-0.48429,2.31504,1.63247,0.847318,-10.8706
2023-07-24,37.86,6.86825,74.675,29761.6,-0.0698436,46.2677,4,-0.0437236,-0.0959636,-0.348305,0.260858,0.252725,-0.444653,3.49914,2.31311,1.04736,-10.592
2023-07-25,37.643,7.19221,74.675,29761.6,-0.221003,47.474,4,-0.346043,-0.0959636,-1.07143,0.379342,0.252725,-0.444653,3.56707,3.04965,1.24624,-10.389
2023-07-26,37.676,7.14615,74.675,29761.6,-0.159904,48.8751,4,-0.234326,-0.0854827,-0.816824,0.348172,0.252725,-0.423691,3.82748,3.76836,1.44506,-10.1658
2023-07-27,37.741,7.10224,74.675,29761.6,-0.0533684,50.2248,4,-0.0212542,-0.0854827,-0.351912,0.309404,0.252725,-0.423691,4.15255,4.36715,1.64342,-9.93831
2023-07-28,37.664,7.07436,74.675,29761.6,-0.153233,51.1453,4,-0.220983,-0.0854827,-0.730223,0.288258,0.252725,-0.423691,4.04054,4.97159,1.84136,-9.70825
2023-07-31,37.429,7.35728,74.675,29761.6,-0.221597,51.5818,4,-0.357711,-0.0854827,-1.10657,0.391145,0.252725,-0.423691,3.34495,5.67592,2.03926,-9.47831
2023-08-01,37.496,7.37149,74.675,29761.6,-0.0147558,52.6825,4,0.055971,-0.0854827,-0.279707,0.391649,0.252725,-0.423691,3.35257,6.33872,2.23628,-9.24503
2023-08-02,37.861,8.12554,74.675,29761.6,0.291263,54.4949,4,0.668009,-0.0854827,0.675709,0.66031,0.252725,-0.423691,3.85253,7.2155,2.43099,-9.00408
2023-08-03,38.259,8.09571,74.675,29761.6,0.519509,55.9621,4,1.1245,-0.0854827,1.61957,0.629426,0.252725,-0.423691,4.40481,7.69433,2.62449,-8.76156
2023-08-04,38.055,7.22764,74.675,29761.6,0.341945,55.0953,4,0.769373,-0.0854827,1.24832,0.290421,0.252725,-0.423691,3.36199,7.45076,2.82479,-8.54228
2023-08-07,38.018,6.96468,74.675,29761.6,0.452327,54.7838,4,0.990136,-0.0854827,1.79598,0.184293,0.252725,-0.423691,3.01892,7.05833,3.02341,-8.31682
2023-08-08,38.031,6.92136,74.675,29761.6,0.407439,54.6999,4,0.900361,-0.0854827,1.63404,0.166682,0.252725,-0.423691,2.87363,6.69419,3.22138,-8.08926
2023-08-09,37.952,6.89579,74.675,29761.6,0.0900596,53.4221,4,0.265602,-0.0854827,0.379068,0.152135,0.252725,-0.423691,1.5703,6.29861,3.42284,-7.8696
2023-08-10,37.794,7.02073,74.675,29761.6,-0.284287,51.8937,4,-0.48309,-0.0854827,-1.15696,0.190779,0.252725,-0.423691,-0.0992958,6.0167,3.62387,-7.64762
2023-08-11,37.883,7.07548,74.675,29761.6,-0.0820005,52.0439,4,-0.0785183,-0.0854827,-0.344886,0.187849,0.252725,-0.423691,-0.154071,5.79473,3.82174,-7.41846
2023-08-14,38.152,7.38214,73.9022,29927,-0.0733484,52.0702,4,0.387581,-0.534278,0.495443,0.279719,-0.927011,-0.141545,0.373509,5.60599,3.04791,-6.95726
2023-08-15,38.007,7.51026,73.9022,29927,0.157779,52.3176,4,0.181847,0.133711,0.0477796,0.315915,0.783756,-0.516334,0.257598,5.49493,3.62911,-7.06409
2023-08-16,37.845,7.64613,73.9022,29927,0.106144,52.7342,4,0.0907817,0.121505,-0.173522,0.355086,0.759345,-0.516334,0.310588,5.43487,4.04552,-7.05677
2023-08-17,37.729,7.67335,73.9022,29927,0.128509,53.5033,4,0.15415,0.102869,-0.04861,0.356909,0.722072,-0.516334,0.763718,5.36565,4.42981,-7.05583
2023-08-18,37.839,7.73401,73.9022,29927,0.142403,54.2907,4,0.191809,0.092997,0.0103758,0.373243,0.702328,-0.516334,1.21524,5.35632,4.79678,-7.07763
2023-08-21,37.815,7.67795,73.9022,29927,-0.0665955,54.3014,4,-0.226188,0.092997,-0.798353,0.345977,0.702328,-0.516334,0.845032,5.42629,5.16657,-7.13653
2023-08-22,37.83,7.37808,73.9022,29927,0.0249918,55.1067,4,-0.0646694,0.114653,-0.356699,0.227361,0.702328,-0.473022,1.4318,5.29703,5.53198,-7.15415
2023-08-23,37.709,7.4735,73.9022,29927,0.0718648,55.8635,4,0.00555286,0.138177,-0.245553,0.256659,0.702328,-0.425975,1.89967,5.21723,5.89633,-7.14974
2023-08-24,37.686,7.4498,73.9022,29927,0.139737,56.4925,4,0.127568,0.151907,0.0127258,0.24241,0.702328,-0.398515,2.1973,5.15796,6.26038,-7.12319
2023-08-28,37.696,7.41383,73.9022,29927,0.0760698,57.2372,4,-0.0214234,0.173563,-0.268828,0.225981,0.702328,-0.355203,2.57308,5.10131,6.62208,-7.05931
2023-08-29,37.788,7.06808,73.9022,29927,0.127172,58.3649,4,0.0709875,0.183356,0.053225,0.0887501,0.702328,-0.335616,3.51706,4.84434,6.97745,-6.97399
2023-08-30,37.682,7.14297,73.9022,29927,0.046423,58.562,4,-0.0905104,0.183356,-0.294468,0.113447,0.702328,-0.335616,3.50372,4.6151,7.34263,-6.89947
2023-08-31,37.592,6.25772,73.9022,29927,-0.0158575,57.5703,4,-0.215071,0.183356,-0.20623,-0.223913,0.702328,-0.335616,2.78725,3.89866,7.72353,-6.83914
2023-09-01,37.676,4.9081,73.9022,29927,-0.0677339,55.6612,4,-0.318824,0.183356,0.0962202,-0.733869,0.702328,-0.335616,1.54347,2.78933,8.1136,-6.78519
2023-09-04,37.754,4.6916,73.9022,29927,-0.0386178,54.4167,4,-0.260592,0.183356,0.289408,-0.810592,0.702328,-0.335616,0.756816,1.88746,8.49415,-6.72175
2023-09-05,37.876,4.85711,73.9022,29927,-0.00206742,52.9251,4,-0.187491,0.183356,0.372114,-0.747096,0.702328,-0.335616,-0.414772,1.1227,8.87416,-6.65697
2023-09-06,37.87,4.85312,73.9022,29927,0.0710133,51.818,4,-0.0413298,0.183356,0.665093,-0.747752,0.702328,-0.335616,-1.21331,0.369925,9.24948,-6.58808
2023-09-07,38.02,5.01498,73.9022,29927,0.260341,52.3786,4,0.337325,0.183356,1.36043,-0.685781,0.702328,-0.335616,-0.404672,-0.320346,9.61753,-6.5139
2023-09-08,38.117,4.82118,73.9022,29927,0.25021,54.1347,4,0.317064,0.183356,1.39128,-0.757151,0.702328,-0.335616,1.69224,-1.09982,9.97586,-6.43362
2023-09-11,38.069,4.80019,73.9022,29927,0.156703,54.9165,4,0.130049,0.183356,1.0191,-0.759005,0.702328,-0.335616,2.81229,-1.87739,10.338,-6.35641
2023-09-12,38.251,4.41962,73.9022,29927,0.164795,55.6946,4,0.146233,0.183356,1.18211,-0.889646,0.702328,-0.335616,3.37384,-2.83623,11.6673,-6.51027
2023-09-13,38.281,4.17059,73.9022,29927,0.166622,55.7235,4,0.149887,0.183356,1.27363,-0.973862,0.702328,-0.335616,4.38056,-3.89547,11.6,-6.36161
2023-09-14,38.149,4.05882,73.644,29871.3,-0.447987,53.9102,4,-0.272796,-0.623177,0.465393,-1.01098,-0.924674,-0.321681,4.91438,-5.02674,10.2357,-6.21318
2023-09-15,38.054,3.99816,73.644,29871.3,-0.584074,51.5669,4,-0.554134,-0.614015,-0.0777644,-1.0305,-0.906348,-0.321681,4.89699,-6.17669,8.90777,-6.06118
2023-09-18,38.127,3.93127,73.644,29871.3,-0.502964,49.4397,4,-0.391914,-0.614015,0.268847,-1.05267,-0.906348,-0.321681,5.1111,-7.35324,7.58398,-5.90212
2023-09-19,38.13,3.915,73.644,29871.3,-0.630116,47.5834,4,-0.646216,-0.614015,-0.237524,-1.05491,-0.906348,-0.321681,5.57008,-8.50285,6.25457,-5.73837
2023-09-20,38.053,4.00944,73.644,29871.3,-0.696365,45.2154,4,-0.778715,-0.614015,-0.53971,-1.01772,-0.906348,-0.321681,5.40963,-9.51131,4.92071,-5.60365
2023-09-21,38.205,3.98983,73.644,29871.3,-0.494351,43.3681,4,-0.374688,-0.614015,0.272174,-1.02155,-0.906348,-0.321681,5.82228,-10.5387,3.59004,-5.50559
2023-09-22,38.115,4.10974,73.644,29871.3,-0.466048,41.4077,4,-0.344411,-0.587684,0.286888,-0.97571,-0.906348,-0.269021,6.02794,-11.5012,2.26312,-5.38217
2023-09-25,38.277,4.30868,73.644,29871.3,-0.360368,40.0081,4,-0.180615,-0.540122,0.540559,-0.901789,-0.906348,-0.173895,6.67107,-12.3887,0.944974,-5.21924
2023-09-26,38.285,4.26633,73.644,29871.3,-0.349372,38.4946,4,-0.179854,-0.51889,0.550846,-0.910554,-0.906348,-0.131431,7.05181,-13.1568,-0.365533,-5.03485
2023-09-27,38.447,4.23949,73.644,29871.3,-0.182402,37.7739,4,0.154086,-0.51889,1.22399,-0.915816,-0.906348,-0.131431,8.2701,-13.9669,-1.66955,-4.85979
2023-09-28,38.746,4.66803,73.644,29871.3,-0.04483,37.6829,4,0.429229,-0.51889,1.62264,-0.764182,-0.906348,-0.131431,9.75099,-14.4015,-2.97353,-4.69303
2023-09-29,38.556,5.1829,73.644,29871.3,-0.0721983,37.6689,4,0.374493,-0.51889,1.33246,-0.58347,-0.906348,-0.131431,10.753,-14.279,-4.27775,-4.5273
2023-10-02,38.721,5.29219,73.644,29871.3,-0.0654948,37.5846,4,0.3879,-0.51889,1.32091,-0.545111,-0.906348,-0.131431,11.5867,-14.0605,-5.5808,-4.36074
2023-10-03,39.141,6.25683,73.644,29871.3,0.297674,38.5281,4,1.11424,-0.51889,2.43501,-0.206537,-0.906348,-0.131431,13.2918,-13.6562,-6.90193,-4.20563
2023-10-04,39.388,6.42707,73.644,29871.3,0.364686,39.4591,4,1.24826,-0.51889,2.64331,-0.146784,-0.906348,-0.131431,14.9328,-13.1973,-8.22759,-4.04875
2023-10-05,39.397,6.41023,73.644,29871.3,0.163008,39.1499,4,0.844905,-0.51889,1.8425,-0.152694,-0.906348,-0.131431,15.3144,-12.7539,-9.53092,-3.87966
2023-10-06,39.596,6.51005,73.644,29871.3,0.434686,39.7366,4,1.37715,-0.507781,2.87197,-0.117662,-0.884132,-0.131431,16.5417,-12.2499,-10.8367,-3.71849
2023-10-09,39.857,6.59811,73.644,29871.3,0.50609,40.8541,4,1.50885,-0.496673,3.10446,-0.0867517,-0.861916,-0.131431,18.2841,-11.7296,-12.14,-3.56042
2023-10-10,39.967,6.53638,73.644,29871.3,0.290023,41.2565,4,1.07672,-0.496673,2.26186,-0.108418,-0.861916,-0.131431,19.181,-11.1,-13.4282,-3.39626
2023-10-11,39.733,7.12715,73.644,29871.3,0.0247456,40.8007,4,0.546164,-0.496673,0.995611,0.0967176,-0.861916,-0.131431,18.937,-10.2158,-14.694,-3.22649
2023-10-12,39.953,6.94921,73.644,29871.3,0.142867,42.7066,4,0.782408,-0.496673,1.5345,0.0303205,-0.861916,-0.131431,19.8771,-9.39685,-14.6922,-3.08146
2023-10-13,39.94,6.79126,73.644,29871.3,-0.00888772,44.5785,4,0.472418,-0.490193,0.96995,-0.0251143,-0.848956,-0.131431,20.7882,-8.59457,-14.6822,-2.93294
2023-10-17,39.894,6.90773,73.7772,29876.8,-0.228683,45.4757,4,0.0949523,-0.552319,0.18088,0.00902417,-0.667096,-0.437541,20.7355,-7.72953,-14.4993,-3.03099
2023-10-18,39.885,6.92133,73.7772,29876.8,-0.291956,46.5849,4,-0.0572902,-0.526622,-0.121452,0.00687108,-0.615702,-0.437541,20.8503,-6.86268,-14.2735,-3.12918
2023-10-19,39.872,6.80779,73.7772,29876.8,-0.157812,48.3567,4,0.210997,-0.526622,0.454975,-0.0329804,-0.615702,-0.437541,21.6895,-6.05777,-14.0474,-3.22758
2023-10-20,39.942,6.78202,73.7772,29876.8,-0.258074,49.1352,4,0.0104741,-0.526622,0.0629731,-0.0420248,-0.615702,-0.437541,21.5215,-5.25178,-13.8108,-3.32373
2023-10-23,39.818,6.85415,73.7772,29876.8,-0.316513,49.6281,4,-0.119585,-0.513441,-0.222461,-0.016709,-0.615702,-0.411181,21.1031,-4.46174,-13.5721,-3.4411
2023-10-24,39.848,6.82718,73.7772,29876.8,-0.260952,49.9558,4,-0.0216441,-0.500261,-0.0171113,-0.0261769,-0.615702,-0.38482,20.6438,-3.74015,-13.3328,-3.61499
2023-10-25,39.885,6.80674,73.7772,29876.8,-0.232214,50.3421,4,0.0358329,-0.500261,0.105015,-0.0333494,-0.615702,-0.38482,20.2761,-3.01714,-13.0931,-3.82378
2023-10-26,39.959,6.75809,73.7772,29876.8,-0.17836,50.3554,4,0.143542,-0.500261,0.337507,-0.0504241,-0.615702,-0.38482,19.5454,-2.30391,-12.8535,-4.03261
2023-10-27,39.923,6.46129,73.7772,29876.8,-0.274905,49.5969,4,-0.0495497,-0.500261,0.055497,-0.154596,-0.615702,-0.38482,18.2538,-1.80151,-12.6139,-4.24143
2023-10-30,39.952,6.01355,73.7772,29876.8,-0.211005,49.1394,4,0.0782507,-0.500261,0.468248,-0.311747,-0.615702,-0.38482,17.5405,-1.57747,-12.3737,-4.44999
2023-10-31,39.974,5.95377,73.7772,29876.8,-0.221703,48.6246,4,0.0568556,-0.500261,0.446441,-0.33273,-0.615702,-0.38482,16.8178,-1.40227,-12.1327,-4.65825
2023-11-01,40.019,4.86217,73.7772,29876.8,-0.31143,46.6204,4,-0.1226,-0.500261,0.467642,-0.712841,-0.615702,-0.38482,15.1815,-1.81766,-11.8813,-4.86218
2023-11-03,39.821,4.9118,73.7772,29876.8,-0.488464,43.8286,4,-0.476667,-0.500261,-0.260967,-0.692367,-0.615702,-0.38482,12.7547,-2.2604,-11.6093,-5.05651
2023-11-06,39.927,4.96635,73.7772,29876.8,-0.389107,42.0372,4,-0.277953,-0.500261,0.117482,-0.673387,-0.615702,-0.38482,11.3082,-2.68058,-11.3401,-5.25033
2023-11-07,39.918,4.69613,73.7772,29876.8,-0.438821,39.2379,4,-0.377382,-0.500261,0.00978722,-0.764551,-0.615702,-0.38482,8.91443,-3.19205,-11.0576,-5.42697
2023-11-08,39.935,4.0942,73.7772,29876.8,-0.493101,36.1035,4,-0.485942,-0.500261,-0.00404229,-0.967842,-0.615702,-0.38482,6.3297,-3.87606,-10.7648,-5.58534
2023-11-09,39.875,4.00562,73.7772,29876.8,-0.56992,33.4778,4,-0.639579,-0.500261,-0.285237,-0.993922,-0.615702,-0.38482,4.23527,-4.54928,-10.4706,-5.73754
2023-11-10,39.807,3.44534,73.7772,29876.8,-0.527617,31.832,4,-0.554972,-0.500261,0.0682719,-1.17822,-0.615702,-0.38482,3.47038,-5.53205,-10.2055,-5.90079
2023-11-13,39.982,3.22461,73.7772,29876.8,-0.497611,29.9678,4,-0.494962,-0.500261,0.256996,-1.24692,-0.615702,-0.38482,2.43457,-6.49136,-9.92506,-6.05039
2023-11-14,39.893,3.3222,73.4683,29633.2,-0.567431,28.3836,4,-0.586904,-0.547957,0.0388045,-1.21261,-0.0119655,-1.08395,1.6873,-7.36691,-9.19091,-6.74589
2023-11-15,39.699,3.72327,73.4683,29633.2,-0.676743,27.1425,4,-0.810534,-0.542953,-0.548855,-1.07221,-0.00598277,-1.07992,1.10933,-8.15495,-8.61423,-7.19767
2023-11-16,39.561,3.89645,73.4683,29633.2,-0.713168,26.0009,4,-0.888373,-0.537963,-0.768885,-1.00786,0,-1.07593,0.602741,-8.881,-8.08057,-7.64025
2023-11-17,39.558,3.89816,73.4683,29633.2,-0.657187,24.6803,4,-0.795941,-0.518432,-0.588911,-1.00297,0,-1.03686,-0.20004,-9.54604,-7.54087,-8.0327
2023-11-20,39.393,4.031,73.4683,29633.2,-0.873948,23.1025,4,-1.249,-0.4989,-1.54377,-0.95422,0,-0.9978,-1.41175,-10.1284,-6.99129,-8.36609
2023-11-21,39.066,4.80018,73.4683,29633.2,-0.979551,21.4686,4,-1.4602,-0.4989,-2.22451,-0.695893,0,-0.9978,-2.88693,-10.5053,-6.44258,-8.69655
2023-11-22,39.136,4.86279,73.4683,29633.2,-0.787566,20.2201,4,-1.07623,-0.4989,-1.47808,-0.674388,0,-0.9978,-3.93399,-10.871,-5.91922,-9.05564
2023-11-23,39.297,5.144,73.4683,29633.2,-0.55255,19.4824,4,-0.606199,-0.4989,-0.631021,-0.581377,0,-0.9978,-4.44681,-11.1992,-5.42797,-9.44365
2023-11-24,39.246,5.0539,73.4683,29633.2,-0.59269,18.5529,4,-0.686481,-0.4989,-0.761782,-0.611179,0,-0.9978,-5.20527,-11.5058,-4.93202,-9.80401
2023-11-27,39.2,5.05483,73.4683,29633.2,-0.508513,18.0411,4,-0.518126,-0.4989,-0.42538,-0.610873,0,-0.9978,-5.52567,-11.7757,-4.46154,-10.196
2023-11-28,39.092,5.05624,73.4683,29633.2,-0.351666,17.7373,4,-0.204432,-0.4989,0.201541,-0.610405,0,-0.9978,-5.70022,-11.9534,-4.00393,-10.6051
2023-11-29,39.091,5.03557,73.4683,29633.2,-0.403904,17.3486,4,-0.308908,-0.4989,-0.00057388,-0.617241,0,-0.9978,-5.99716,-12.1079,-3.5457,-11.0007
2023-11-30,39.119,5.01346,73.4683,29633.2,-0.501444,16.949,4,-0.503988,-0.4989,-0.383422,-0.624555,0,-0.9978,-6.57859,-11.9917,-3.09048,-11.3902
2023-12-01,38.974,4.90578,73.4683,29633.2,-0.578675,16.7614,4,-0.658451,-0.4989,-0.656732,-0.66017,0,-0.9978,-6.84677,-11.9435,-2.64524,-11.803
2023-12-04,39.105,4.9818,73.4683,29633.2,-0.444097,16.6477,4,-0.389294,-0.4989,-0.143563,-0.635025,0,-0.9978,-7.02373,-11.9009,-2.20365,-12.224
2023-12-05,39.17,5.06698,73.4683,29633.2,-0.312001,16.9107,4,-0.125101,-0.4989,0.35665,-0.606852,0,-0.9978,-6.79701,-11.8237,-1.77072,-12.6979
2023-12-06,39.07,5.07048,73.4683,29633.2,-0.383479,17.1402,4,-0.268059,-0.4989,0.0695768,-0.605694,0,-0.9978,-6.76166,-11.5946,-1.33464,-13.1689
2023-12-07,39.127,5.14721,73.4683,29633.2,-0.356145,17.5933,4,-0.21339,-0.4989,0.153536,-0.580316,0,-0.9978,-6.47941,-11.3543,-0.898442,-13.6746
2023-12-08,39.308,5.50049,73.4683,29633.2,-0.088158,18.5484,4,0.314719,-0.491035,1.09291,-0.463469,0,-0.982071,-5.79954,-10.9478,-0.460196,-14.244
2023-12-11,39.554,5.75784,73.4683,29633.2,0.0163121,19.7054,4,0.516039,-0.483415,1.41043,-0.37835,0,-0.96683,-5.0175,-10.4327,-0.0131814,-14.8312
2023-12-12,39.85,6.37393,73.4683,29633.2,0.226371,21.5759,4,0.936156,-0.483415,2.04689,-0.17458,0,-0.96683,-3.6012,-9.82996,-0.00446628,-14.9884
2023-12-13,39.96,6.18108,73.4683,29633.2,0.356914,24.1596,4,1.19724,-0.483415,2.63285,-0.238363,0,-0.96683,-1.25031,-9.39023,0,-15.1999
2023-12-14,39.64,6.74017,73.4683,29633.2,0.245563,26.6987,4,0.753951,-0.262825,1.56135,-0.0534439,0.349946,-0.875595,0.532488,-8.80746,0.270853,-15.2972
2023-12-15,39.388,7.12229,73.8036,29358.7,-0.0294081,28.4313,4,0.210611,-0.269428,0.350773,0.0704502,0.792531,-1.33139,1.27223,-8.05542,0.892992,-15.6785
2023-12-18,39.351,6.97441,73.8036,29358.7,-0.243359,30.2241,4,-0.209393,-0.277324,-0.43912,0.0203341,0.776738,-1.33139,2.15514,-7.36021,1.5138,-16.0846
2023-12-19,39.233,6.36474,73.8036,29358.7,-0.5752,31.3997,4,-0.874297,-0.276103,-1.56728,-0.181314,0.77248,-1.32469,2.68801,-6.99198,2.13459,-16.4309
2023-12-20,39.454,6.62995,73.8036,29358.7,-0.471405,32.3323,4,-0.670058,-0.272752,-1.24652,-0.0935991,0.77248,-1.31798,2.88311,-6.55748,2.75816,-16.7515
2023-12-21,39.365,6.54306,73.8036,29358.7,-0.321266,33.0217,4,-0.369779,-0.272752,-0.617223,-0.122336,0.77248,-1.31798,2.90216,-6.20925,3.3826,-17.0538
2023-12-22,39.234,6.63935,73.8036,29358.7,-0.229856,34.1149,4,-0.186959,-0.272752,-0.283429,-0.09049,0.77248,-1.31798,3.29771,-5.81756,4.01595,-17.3812
2023-12-26,39.195,6.63552,73.8036,29358.7,-0.230536,34.9615,4,-0.188321,-0.272752,-0.284887,-0.0917539,0.77248,-1.31798,3.42053,-5.4175,4.64912,-17.6906
2023-12-27,39.017,6.76345,73.8036,29358.7,-0.261041,35.2392,4,-0.24933,-0.272752,-0.449217,-0.0494437,0.77248,-1.31798,2.89996,-4.97107,5.27522,-17.9649
2023-12-28,39.044,6.76923,73.8036,29358.7,-0.39118,35.2783,4,-0.509608,-0.272752,-0.971684,-0.0475314,0.77248,-1.31798,2.11861,-4.51312,5.89774,-18.225
2023-12-29,39.022,6.76501,73.8036,29358.7,-0.342806,35.7664,4,-0.41286,-0.272752,-0.776792,-0.0489278,0.77248,-1.31798,1.80483,-4.0562,6.52996,-18.5122
2024-01-02,39.092,6.65902,73.8036,29358.7,-0.215028,36.8941,4,-0.157303,-0.272752,-0.230624,-0.0839818,0.77248,-1.31798,2.1558,-3.60404,7.17747,-18.8351
2024-01-03,39.158,6.57838,73.8036,29358.7,-0.144163,37.8328,4,-0.0282977,-0.260028,0.0540603,-0.110656,0.77248,-1.29254,2.32178,-3.18816,7.82296,-19.1237
2024-01-04,39.223,6.5783,73.8036,29358.7,0.0256396,38.8982,4,0.299065,-0.247786,0.708809,-0.11068,0.77248,-1.26805,2.61454,-2.79327,8.47259,-19.3956
2024-01-05,39.325,6.55999,73.8036,29358.7,0.0906892,40.4084,4,0.39365,-0.212272,0.904036,-0.116736,0.77248,-1.19702,3.30448,-2.40371,9.13186,-19.6242
2024-01-08,39.339,6.54641,73.8036,29358.7,0.132685,41.9804,4,0.437124,-0.171754,0.995477,-0.12123,0.77248,-1.11599,4.00353,-2.03508,9.79143,-19.7795
2024-01-09,39.439,6.40354,73.8036,29358.7,0.147375,42.7426,4,0.450365,-0.155614,1.06943,-0.168701,0.77248,-1.08371,3.98927,-1.79602,10.4367,-19.8874
2024-01-10,39.334,6.05415,73.8036,29358.7,0.0086092,42.7176,4,0.165407,-0.148189,0.616268,-0.285454,0.77248,-1.06886,3.33824,-1.71981,11.0694,-19.9702
2024-01-11,39.393,5.37609,73.8036,29358.7,-0.0524813,41.8157,4,0.043226,-0.148189,0.59964,-0.513188,0.77248,-1.06886,2.14892,-1.99435,11.6851,-20.024
2024-01-12,39.207,5.41736,73.8036,29358.7,-0.239662,39.901,4,-0.331135,-0.148189,-0.160711,-0.501558,0.77248,-1.06886,-0.136675,-2.20141,12.2709,-20.0317
2024-01-15,39.135,4.74675,73.2924,29372.1,-0.511284,37.5071,4,-0.550775,-0.471792,-0.378209,-0.723341,0.107099,-1.05068,-1.70779,-2.73134,12.0016,-20.0554
2024-01-16,39.262,4.4217,73.2924,29372.1,-0.51667,35.9903,4,-0.561548,-0.471792,-0.295027,-0.828069,0.107099,-1.05068,-2.22121,-3.4441,11.395,-19.7394
2024-01-17,39.283,4.4182,73.2924,29372.1,-0.478087,35.2673,4,-0.394011,-0.562162,0.0381849,-0.826207,-0.0662323,-1.05809,-1.83182,-4.11748,10.6898,-19.4733
2024-01-18,39.348,4.31855,73.2924,29372.1,-0.484586,35.5458,4,-0.407009,-0.562162,0.0440761,-0.858094,-0.0662323,-1.05809,-0.535248,-4.66653,10.0239,-19.2763
2024-01-19,39.054,4.61447,73.2924,29372.1,-0.519322,35.3984,4,-0.496442,-0.542201,-0.233806,-0.759077,-0.0595824,-1.02482,0.280545,-5.20018,9.349,-19.0309
2024-01-22,38.745,5.29181,73.2924,29372.1,-0.610277,34.5142,4,-0.698314,-0.52224,-0.861247,-0.535382,-0.0529326,-0.991548,0.0837798,-5.51615,8.65814,-18.7115
2024-01-23,38.685,5.21561,73.2924,29372.1,-0.736612,32.9844,4,-0.950983,-0.52224,-1.34142,-0.560548,-0.0529326,-0.991548,-0.761287,-5.85994,7.94985,-18.3443
2024-01-24,38.707,5.23357,73.2924,29372.1,-0.731044,31.5008,4,-0.942569,-0.519518,-1.33052,-0.554618,-0.047488,-0.991548,-1.58618,-6.19108,7.25035,-17.9723
2024-01-25,38.954,5.57068,73.2924,29372.1,-0.574955,30.5851,4,-0.643625,-0.506285,-0.843967,-0.443284,-0.0210217,-0.991548,-1.89152,-6.47668,6.59345,-17.6402
2024-01-26,38.986,5.57325,73.2924,29372.1,-0.359554,30.6768,4,-0.223333,-0.495774,-0.00423151,-0.442435,0,-0.991548,-1.12762,-6.79159,5.98566,-17.3896
2024-01-29,39.05,5.60242,73.2924,29372.1,-0.117327,31.3342,4,0.261119,-0.495774,0.955042,-0.432803,0,-0.991548,0.242013,-7.11619,5.3911,-17.1827
2024-01-30,39.171,5.67512,73.2924,29372.1,0.00310703,31.9759,4,0.501988,-0.495774,1.41277,-0.408795,0,-0.991548,1.5492,-7.39424,4.792,-16.9711
2024-01-31,39.164,5.64452,73.2924,29372.1,-0.0191369,32.3461,4,0.4575,-0.495774,1.3339,-0.418898,0,-0.991548,2.57066,-7.65115,4.18435,-16.7577
2024-02-01,39.074,5.66586,73.2924,29372.1,-0.232318,31.5842,4,0.0311384,-0.495774,0.47413,-0.411853,0,-0.991548,2.3761,-7.86548,3.55775,-16.4842
2024-02-02,39.054,5.56965,73.2924,29372.1,-0.273343,30.5222,4,-0.0509114,-0.495774,0.341803,-0.443625,0,-0.991548,1.92064,-8.08603,2.93056,-16.243
2024-02-05,39.148,5.65073,73.2924,29372.1,-0.24828,29.4281,4,-0.000785269,-0.495774,0.415278,-0.416848,0,-0.991548,1.45461,-8.27547,2.30811,-16.0592
2024-02-06,39.068,5.5853,73.2924,29372.1,-0.381297,27.9405,4,-0.26682,-0.495774,-0.0951842,-0.438457,0,-0.991548,0.535366,-8.42101,1.68787,-15.8617
2024-02-07,39.073,5.52753,73.2924,29372.1,-0.378511,26.8749,4,-0.261248,-0.495774,-0.0649621,-0.457535,0,-0.991548,0.00429331,-8.50311,1.07909,-15.7053
2024-02-08,39.217,5.67551,73.2924,29372.1,-0.215902,26.4313,4,0.0639703,-0.495774,0.536605,-0.408664,0,-0.991548,-0.044428,-8.39973,0.479295,-15.6038
2024-02-09,39.163,5.44215,73.2924,29372.1,-0.25873,26.3798,4,-0.0216853,-0.495774,0.442364,-0.485734,0,-0.991548,0.421458,-8.38486,-0.117592,-15.5392
2024-02-14,39.183,5.40387,71.4866,28253.8,-1.28534,24.3326,4,-0.128865,-2.44181,0.240645,-0.498375,-2.35024,-2.53339,0.887603,-8.10231,-1.98917,-16.4636
2024-02-15,39.102,5.3176,71.4866,28253.8,-1.11129,22.8202,4,-0.144401,-2.07819,0.238062,-0.526865,-1.94823,-2.20814,1.2798,-7.78658,-3.51697,-17.1561
2024-02-16,39.137,5.32577,71.4866,28253.8,-1.09066,21.319,4,-0.103136,-2.07819,0.317898,-0.524169,-1.94823,-2.20814,1.47291,-7.46874,-4.87699,-17.8082
2024-02-19,39.082,5.29626,71.4866,28253.8,-1.22565,19.5822,4,-0.373102,-2.07819,-0.212292,-0.533913,-1.94823,-2.20814,1.26237,-7.11696,-6.18314,-18.3801
2024-02-20,39.055,4.57806,71.4866,28253.8,-1.26484,17.9245,4,-0.454546,-2.07514,-0.141245,-0.767847,-1.94214,-2.20814,1.30865,-7.00763,-7.4412,-18.9354
2024-02-21,39.097,3.49289,71.4866,28253.8,-1.30463,16.4625,4,-0.599688,-2.00957,-0.0823146,-1.11706,-1.811,-2.20814,1.84099,-7.3092,-8.57129,-19.498
2024-02-22,39.083,3.4273,71.4866,28253.8,-1.23467,15.4628,4,-0.519044,-1.9503,0.0954429,-1.13353,-1.69245,-2.20814,2.82741,-7.62447,-9.61998,-20.1201
2024-02-23,39.063,3.44633,71.4866,28253.8,-1.26656,14.4337,4,-0.587152,-1.94597,-0.0546233,-1.11968,-1.6838,-2.20814,3.67378,-7.9155,-10.6266,-20.698
2024-02-26,39.148,2.74398,71.4866,28253.8,-1.22442,13.2488,4,-0.502874,-1.94597,0.329835,-1.33558,-1.6838,-2.20814,4.41288,-8.39315,-11.5845,-21.1864
2024-02-27,39.153,2.73581,71.4866,28253.8,-1.20258,11.8133,4,-0.459178,-1.94597,0.416265,-1.33462,-1.6838,-2.20814,4.59564,-8.8023,-12.4505,-21.5295
2024-02-28,39.129,2.69662,71.4866,28253.8,-1.25078,10.0619,4,-0.555596,-1.94597,0.231961,-1.34315,-1.6838,-2.20814,3.98736,-9.11904,-13.1543,-21.6522
2024-02-29,39.047,2.55859,71.4866,28253.8,-1.30952,8.27965,4,-0.673064,-1.94597,0.0329313,-1.37906,-1.6838,-2.20814,2.98167,-9.38388,-13.713,-21.6052
2024-03-01,38.927,2.76062,71.4866,28253.8,-1.36172,6.71381,4,-0.777472,-1.94597,-0.249657,-1.30529,-1.6838,-2.20814,1.91871,-9.54407,-14.1791,-21.4818
2024-03-04,38.998,2.75293,71.4866,28253.8,-1.36798,5.57714,4,-0.789981,-1.94597,-0.280899,-1.29906,-1.6838,-2.20814,1.41752,-9.72872,-14.6643,-21.4473
2024-03-05,39.051,2.79528,71.4866,28253.8,-1.32905,4.66213,4,-0.71213,-1.94597,-0.145402,-1.27886,-1.6838,-2.20814,1.09967,-9.87912,-15.1281,-21.4303
2024-03-06,38.962,2.75448,71.4866,28253.8,-1.37625,3.82183,4,-0.806524,-1.94597,-0.33314,-1.27991,-1.6838,-2.20814,0.65814,-9.99757,-15.5045,-21.3343
2024-03-07,38.761,3.21216,71.4866,28253.8,-1.42468,3.15868,4,-0.903386,-1.94597,-0.675952,-1.13082,-1.6838,-2.20814,0.334127,-10.0311,-15.8743,-21.27
2024-03-08,38.756,3.20791,71.4866,28253.8,-1.34173,2.63382,4,-0.737483,-1.94597,-0.34396,-1.13101,-1.6838,-2.20814,0.183087,-10.067,-16.2431,-21.2392
2024-03-11,38.811,2.91281,71.4866,28253.8,-1.3756,2.10062,4,-0.805227,-1.94597,-0.391579,-1.21887,-1.6838,-2.20814,-0.275278,-10.0948,-16.4712,-21.0581
2024-03-12,38.789,2.89532,71.4866,28253.8,-1.42944,1.65801,4,-0.912901,-1.94597,-0.607614,-1.21819,-1.6838,-2.20814,-0.757477,-10.0688,-16.6579,-20.8579
2024-03-13,38.641,3.10009,71.4866,28253.8,-1.45429,1.60124,4,-0.9626,-1.94597,-0.775447,-1.14975,-1.6838,-2.20814,-1.22727,-10.3187,-16.2581,-20.5947
2024-03-14,38.404,3.63289,71.4866,28253.8,-1.43947,1.49573,4,-0.932959,-1.94597,-0.881124,-0.984794,-1.6838,-2.20814,-1.7311,-10.4234,-15.968,-20.3818
2024-03-15,38.454,3.66227,71.4866,28253.8,-1.39649,1.40284,4,-0.847015,-1.94597,-0.719985,-0.974045,-1.6838,-2.20814,-2.18885,-10.5288,-15.6936,-20.1859
2024-03-18,38.389,3.66911,72.7391,29303.5,-0.760158,1.54629,4,-1.01051,-0.509809,-1.05049,-0.970522,-0.260375,-0.759242,-2.61009,-10.8874,-15.1433,-19.813
2024-03-19,38.499,3.90437,72.7391,29303.5,-0.649324,1.75518,4,-0.783135,-0.515514,-0.67048,-0.895789,-0.641422,-0.389605,-2.9119,-11.1626,-14.8267,-19.3436
2024-03-20,38.095,5.17149,72.7391,29303.5,-0.737412,1.96854,4,-0.951251,-0.523573,-1.39315,-0.509357,-0.657541,-0.389605,-3.5963,-11.0734,-14.5414,-18.8203
2024-03-21,37.706,6.05291,72.7391,29303.5,-0.78404,2.15339,4,-1.03603,-0.532048,-1.83356,-0.238504,-0.674491,-0.389605,-4.59092,-10.7965,-14.2547,-18.2044
2024-03-22,37.89,6.48949,72.7391,29303.5,-0.64953,2.43013,4,-0.767012,-0.532048,-1.43278,-0.101244,-0.674491,-0.389605,-5.36916,-10.5041,-14.0357,-17.6609
2024-03-25,37.802,6.34433,72.7391,29303.5,-0.669999,2.70368,4,-0.807951,-0.532048,-1.46965,-0.146249,-0.674491,-0.389605,-6.37805,-10.0888,-13.775,-17.0545
2024-03-26,37.507,6.65386,72.7391,29303.5,-0.922699,2.85125,4,-1.31335,-0.532048,-2.57811,-0.0485858,-0.674491,-0.389605,-7.96799,-9.52133,-13.3823,-16.2771
2024-03-27,37.552,6.73982,72.7391,29303.5,-0.604051,3.21802,4,-0.676053,-0.532048,-1.33325,-0.0188528,-0.674491,-0.389605,-8.95227,-9.02828,-13.1345,-15.667
2024-04-01,37.857,7.64136,72.7391,29303.5,-0.0500771,4.04402,4,0.431894,-0.532048,0.594648,0.269139,-0.674491,-0.389605,-9.01302,-8.50121,-13.1229,-15.3189
2024-04-02,38.122,8.18806,72.7391,29303.5,0.0456311,5.16245,4,0.62331,-0.532048,0.801616,0.445005,-0.674491,-0.389605,-8.82368,-7.89128,-13.1436,-14.979
2024-04-03,38.247,8.27125,72.7391,29303.5,0.196794,6.68077,4,0.925636,-0.532048,1.37575,0.475521,-0.674491,-0.389605,-8.27138,-7.22253,-13.191,-14.6343
2024-04-04,38.24,8.23165,72.7391,29303.5,0.393595,8.72884,4,1.31924,-0.532048,2.17258,0.465899,-0.674491,-0.389605,-7.25086,-6.50682,-13.2512,-14.2623
2024-04-05,38.521,8.73159,72.7391,29303.5,0.5938,11.6074,4,1.71965,-0.532048,2.80807,0.631225,-0.674491,-0.389605,-5.57899,-5.60908,-13.3365,-13.868
2024-04-08,38.792,8.94796,72.7391,29303.5,0.581612,15.1727,4,1.69527,-0.532048,2.68865,0.701897,-0.674491,-0.389605,-3.52379,-4.62654,-13.3415,-13.3355
2024-04-09,38.494,9.36218,72.7391,29303.5,0.22996,18.4279,4,0.991969,-0.532048,1.14945,0.834492,-0.674491,-0.389605,-2.57255,-3.37418,-13.1093,-12.5161
2024-04-10,38.538,9.35582,72.7391,29303.5,0.170902,22.0241,4,0.873852,-0.532048,0.919658,0.828045,-0.674491,-0.389605,-1.67474,-1.95153,-12.7843,-11.5653
2024-04-11,38.664,9.44263,72.7391,29303.5,0.264596,26.3892,4,1.06124,-0.532048,1.27336,0.849121,-0.674491,-0.389605,-0.273681,-0.415125,-12.402,-10.5199
2024-04-12,38.788,9.41055,72.7391,29303.5,0.15195,30.901,4,0.835948,-0.532048,0.842248,0.829647,-0.674491,-0.389605,0.999698,1.14103,-11.9039,-9.33588
2024-04-15,38.891,9.13857,72.4188,29650.8,0.0370054,35.3217,4,0.563479,-0.489468,0.388201,0.738756,-1.05731,0.0783774,2.03911,2.54861,-11.6077,-7.65831
2024-04-16,39.223,9.55645,72.4188,29650.8,0.492677,41.2727,4,1.47482,-0.489468,2.08043,0.869213,-1.05731,0.0783774,4.36009,4.09495,-11.275,-5.90738
2024-04-17,38.707,10.7868,72.4188,29650.8,0.36257,44.917,4,0.918229,-0.193089,0.577117,1.25934,-0.446384,0.0602047,5.72133,5.94978,-11.4885,-5.26561
2024-04-18,38.378,11.1946,72.4188,29650.8,0.0861414,47.3298,4,0.365372,-0.193089,-0.658891,1.38963,-0.446384,0.0602047,5.74216,7.84369,-11.3505,-4.90554
2024-04-19,38.506,10.5514,72.4188,29650.8,0.0331812,49.8682,4,0.268277,-0.201914,-0.647566,1.18412,-0.464034,0.0602047,6.36093,9.24526,-11.1995,-4.53848
2024-04-23,38.346,9.92691,72.4188,29650.8,-0.199941,51.7932,4,-0.18766,-0.212222,-1.35992,0.984604,-0.484648,0.0602047,6.74902,10.2499,-11.0393,-4.16637
2024-04-24,38.342,9.8157,72.4188,29650.8,-0.431982,52.5093,4,-0.650981,-0.212982,-2.25103,0.949072,-0.486169,0.0602047,6.0729,11.1116,-10.8807,-3.79454
2024-04-25,38.626,10.0351,72.4188,29650.8,0.127118,55.1247,4,0.467219,-0.212982,-0.0847312,1.01917,-0.486169,0.0602047,7.19842,12.0462,-10.703,-3.41687
2024-04-26,38.162,10.6316,72.4188,29650.8,0.0810736,58.3853,4,0.375129,-0.212982,-0.459484,1.20974,-0.486169,0.0602047,8.8979,13.0192,-10.4989,-3.03292
2024-04-29,38.298,10.6742,72.4188,29650.8,0.0897831,60.6072,4,0.392548,-0.212982,-0.438284,1.22338,-0.486169,0.0602047,9.58623,13.9716,-10.2978,-2.65283
2024-04-30,38.318,10.3388,72.4188,29650.8,0.185686,61.3548,4,0.584353,-0.212982,0.052496,1.11621,-0.486169,0.0602047,9.12836,14.6351,-10.1263,-2.28244
2024-05-02,38.194,10.138,72.4188,29650.8,0.085026,61.4793,4,0.383034,-0.212982,-0.285975,1.05204,-0.486169,0.0602047,8.24172,15.1238,-9.97009,-1.9162
2024-05-03,38.078,10.1231,72.4188,29650.8,-0.197648,60.2274,4,-0.182314,-0.212982,-1.41193,1.0473,-0.486169,0.0602047,5.99412,15.6348,-9.84619,-1.55528
2024-05-06,38.353,10.4601,72.4188,29650.8,0.349261,60.086,4,0.911505,-0.212982,0.668042,1.15497,-0.486169,0.0602047,4.76936,16.2014,-9.69572,-1.18904
2024-05-07,38.613,10.4105,72.4188,29650.8,0.430659,59.5646,4,1.0743,-0.212982,1.00948,1.13912,-0.486169,0.0602047,3.30665,16.6339,-9.55278,-0.823222
2024-05-08,38.431,10.2117,72.4188,29650.8,0.273653,58.5757,4,0.760289,-0.212982,0.44498,1.0756,-0.486169,0.0602047,1.47824,16.9717,-9.41725,-0.456972
2024-05-09,38.487,9.86164,72.4188,29650.8,0.373247,59.0365,4,0.959476,-0.212982,0.955201,0.963751,-0.486169,0.0602047,1.31824,17.0625,-9.25516,-0.089052
2024-05-10,38.511,9.85533,72.4188,29650.8,0.472266,60.0016,4,1.15752,-0.212982,1.3533,0.961732,-0.486169,0.0602047,1.66923,17.1377,-9.08325,0.277917
2024-05-13,38.531,9.78134,72.4188,29650.8,0.285051,60.0669,4,0.783084,-0.212982,0.628076,0.938092,-0.486169,0.0602047,1.14288,17.2078,-8.92841,0.644619
2024-05-14,38.641,9.76605,72.4188,29650.8,0.177779,60.1493,4,0.568541,-0.212982,0.203873,0.933208,-0.486169,0.0602047,0.622288,17.2891,-8.77329,1.01118
2024-05-15,38.728,9.75153,71.5545,29773.2,0.124249,60.4273,4,0.94211,-0.693612,0.95565,0.92857,-1.61103,0.223802,1.08418,17.433,-9.21893,1.12902
2024-05-16,38.781,9.22074,71.5545,29773.2,0.077417,59.0996,4,0.848446,-0.693612,0.937914,0.758978,-1.61103,0.223802,0.153842,17.3919,-9.69719,1.251
2024-05-17,38.497,8.34163,71.5545,29773.2,0.767212,60.3935,4,0.281996,1.25243,0.0846125,0.479379,0.739214,1.76564,-0.247837,16.7091,-8.70482,2.63706
2024-05-20,38.408,7.79881,71.5545,29773.2,0.647094,62.1682,4,0.0429173,1.25127,-0.222147,0.307982,0.736901,1.76564,0.10752,15.7586,-7.70692,4.00893
2024-05-21,38.285,7.77817,71.5545,29773.2,0.472046,63.5391,4,-0.288091,1.23218,-0.879558,0.303377,0.698722,1.76564,-0.0803504,14.9855,-6.73734,5.3713
2024-05-22,38.466,7.82981,71.5545,29773.2,0.537732,65.8042,4,-0.142296,1.21776,-0.606161,0.321569,0.669879,1.76564,0.52474,14.3417,-5.76105,6.69881
2024-05-23,38.478,7.82936,71.5545,29773.2,0.511354,68.6189,4,-0.195053,1.21776,-0.713732,0.323626,0.669879,1.76564,1.73787,13.6848,-4.7797,7.97599
2024-05-24,38.546,7.38539,71.5545,29773.2,0.721318,70.3392,4,0.224876,1.21776,0.271379,0.178372,0.669879,1.76564,2.00405,12.9136,-3.83201,9.2535
2024-05-27,38.553,5.87504,71.5545,29773.2,0.664111,71.9838,4,0.110462,1.21776,0.538753,-0.317829,0.669879,1.76564,2.76538,11.6118,-2.89764,10.5043
2024-05-28,38.529,5.77393,71.5545,29773.2,0.726945,73.729,4,0.23613,1.21776,0.820819,-0.348558,0.669879,1.76564,3.70942,10.2808,-1.97589,11.7146
2024-05-29,38.744,6.06946,71.5545,29773.2,0.774689,75.2913,4,0.331618,1.21776,0.912991,-0.249756,0.669879,1.76564,4.3298,9.13371,-1.07257,12.9004
2024-05-30,38.709,5.93079,71.5545,29773.2,0.731196,76.9464,4,0.242327,1.22007,0.77948,-0.294826,0.674491,1.76564,5.08364,8.00922,-0.183377,14.0369
2024-05-31,38.792,5.78416,71.5545,29773.2,0.728648,79.2071,4,0.237229,1.22007,0.818338,-0.34388,0.674491,1.76564,6.64572,6.83274,0.680687,15.0479
2024-06-03,38.786,5.2957,71.5545,29773.2,0.67707,79.9747,4,0.134075,1.22007,0.777565,-0.509416,0.674491,1.76564,6.68129,5.56043,1.53097,16.202
2024-06-04,38.925,4.90855,71.5545,29773.2,0.758043,80.724,4,0.296019,1.22007,1.23148,-0.639442,0.674491,1.76564,6.79719,4.22083,2.36928,17.3367
2024-06-05,39.069,4.64473,71.5545,29773.2,0.684134,81.6389,4,0.148202,1.22007,1.02203,-0.725626,0.674491,1.76564,7.15459,2.87732,3.18941,18.4176
2024-06-06,38.834,5.23293,71.5545,29773.2,0.593889,82.1194,4,-0.0322875,1.22007,0.461327,-0.525902,0.674491,1.76564,6.76303,1.78861,4.01086,19.5569
2024-06-07,39.108,5.73179,71.5545,29773.2,0.769913,82.7548,4,0.31976,1.22007,0.994339,-0.354819,0.674491,1.76564,6.46006,0.833278,4.81523,20.6462
2024-06-10,39.183,5.74513,71.5545,29773.2,0.826368,83.873,4,0.432671,1.22007,1.21529,-0.349948,0.674491,1.76564,6.7939,-0.0883809,5.57548,21.592
2024-06-11,39.089,5.80344,71.5545,29773.2,0.668389,84.8447,4,0.116712,1.22007,0.564304,-0.33088,0.674491,1.76564,6.96559,-0.97097,6.32095,22.5291
2024-06-12,39.179,5.80541,71.5545,29773.2,0.63046,85.8056,4,0.0408536,1.22007,0.412664,-0.330957,0.674491,1.76564,6.50348,-1.82821,7.81934,23.311
2024-06-13,39.279,5.84173,71.5545,29773.2,0.866059,87.2188,4,0.512052,1.22007,1.34387,-0.31977,0.674491,1.76564,6.6472,-2.52106,9.20787,23.8848
2024-06-14,39.256,5.05547,71.8558,29924.7,0.732968,87.1596,4,-0.0387655,1.5047,0.515794,-0.593325,1.04214,1.96726,6.94508,-3.24954,9.42123,24.0428
2024-06-17,39.338,4.91494,71.8558,29924.7,0.725337,87.2947,4,-0.0540268,1.5047,0.531413,-0.639467,1.04214,1.96726,7.43992,-3.88295,9.6081,24.1296
2024-06-18,39.367,4.6378,71.8558,29924.7,0.786835,87.8283,4,0.0689677,1.5047,0.870821,-0.732885,1.04214,1.96726,8.55079,-4.54495,9.75831,24.0641
2024-06-20,39.468,4.49388,71.8558,29924.7,0.0363456,86.9708,4,0.0566621,0.016029,0.895738,-0.782414,-0.486302,0.518361,9.68439,-5.35502,9.10342,23.538
2024-06-21,39.651,4.62877,71.8558,29924.7,0.104365,86.2447,4,0.192701,0.016029,1.11911,-0.73371,-0.486302,0.518361,11.0443,-6.13705,8.40641,22.9311
2024-06-24,39.308,5.87047,71.8558,29924.7,0.00424626,84.8993,4,-0.0281334,0.0366259,0.238046,-0.294313,-0.445109,0.518361,11.2215,-6.57869,7.78021,22.4762
2024-06-25,39.285,5.89056,71.8558,29924.7,-0.0455069,83.4844,4,-0.163798,0.0727841,-0.0516191,-0.275977,-0.372792,0.518361,10.9956,-6.66245,7.17351,21.9777
2024-06-26,39.561,6.23384,71.8558,29924.7,0.183008,82.3435,4,0.244226,0.121789,0.638035,-0.149582,-0.274783,0.518361,11.0036,-6.60379,6.58473,21.359
2024-06-27,39.424,6.24305,71.8558,29924.7,0.0346803,80.7134,4,-0.0832604,0.152621,-0.0225824,-0.143938,-0.213119,0.518361,10.5013,-6.63567,6.04777,20.8
2024-06-28,39.989,7.79179,71.8558,29924.7,0.437233,80.0411,4,0.724954,0.149511,1.04137,0.408543,-0.219338,0.518361,10.7602,-6.15966,5.42787,20.0128
2024-07-01,40.027,7.79282,71.8558,29924.7,0.700251,79.9755,4,1.25099,0.149511,2.09279,0.409191,-0.219338,0.518361,11.7053,-5.60867,4.77276,19.1061
2024-07-02,40.288,7.95412,71.8558,29924.7,0.907044,80.5036,4,1.66458,0.149511,2.86097,0.468183,-0.219338,0.518361,13.1754,-4.86478,4.09434,18.0987
2024-07-03,40.042,8.41492,71.8558,29924.7,0.587408,80.1126,4,1.0253,0.149511,1.41369,0.636921,-0.219338,0.518361,13.3574,-3.94354,3.45171,17.247
2024-07-04,39.961,8.45429,71.8558,29924.7,0.62974,79.9869,4,1.10997,0.149511,1.56501,0.654926,-0.219338,0.518361,13.7726,-2.93131,2.79738,16.3483
2024-07-05,40.132,8.0794,71.8558,29924.7,0.322954,79.354,4,0.496397,0.149511,0.471122,0.521673,-0.219338,0.518361,13.8578,-2.17201,2.15119,15.517
2024-07-08,40.061,7.9032,71.8558,29924.7,0.231515,78.0616,4,0.31352,0.149511,0.168252,0.458787,-0.219338,0.518361,13.3904,-1.58652,1.50541,14.7523
2024-07-09,39.922,8.06876,71.8558,29924.7,-0.0279145,75.9184,4,-0.20534,0.149511,-0.930244,0.519564,-0.219338,0.518361,11.9759,-0.950723,0.849787,14.0435
2024-07-10,40.064,8.01883,71.8558,29924.7,0.233331,74.7846,4,0.317151,0.149511,0.131454,0.502847,-0.219338,0.518361,11.7367,-0.318768,0.170964,13.1958
2024-07-11,40.021,8.04861,71.8558,29924.7,0.262775,73.805,4,0.376039,0.149511,0.236818,0.515261,-0.219338,0.518361,11.6745,0.332193,-0.51766,12.316
2024-07-12,40.103,8.03827,71.8558,29924.7,0.201552,71.9862,4,0.253592,0.149511,-0.00490308,0.512088,-0.219338,0.518361,10.7473,0.984468,-1.22024,11.4747
2024-07-15,40.145,8.01539,72.0772,30017.7,0.38075,70.998,4,0.406736,0.354764,0.309189,0.504283,0.0678488,0.641679,10.6421,1.85018,-1.99053,10.4962
2024-07-16,40.141,8.01798,72.0772,30017.7,0.462816,70.251,4,0.59704,0.328591,0.685568,0.508512,0.483487,0.173696,10.8037,2.76057,-2.43768,9.12442
2024-07-17,40.284,8.06752,72.0772,30017.7,0.468504,69.3335,4,0.608417,0.328591,0.68618,0.530653,0.483487,0.173696,10.7052,3.7714,-2.88995,7.74689
2024-07-19,40.454,8.12678,72.0772,30017.7,0.621686,71.0107,4,0.91478,0.328591,1.27537,0.554188,0.483487,0.173696,10.9151,4.78832,-2.10604,7.41326
2024-07-22,40.116,8.69939,72.0772,30017.7,0.38466,71.7983,4,0.440728,0.328591,0.112879,0.768577,0.483487,0.173696,10.0841,5.94112,-1.34018,7.11326
2024-07-23,40.173,7.9809,72.0772,30017.7,0.328604,72.6966,4,0.328617,0.328591,0.156408,0.500827,0.483487,0.173696,9.97004,6.52891,-0.612171,6.80984
2024-07-24,40.243,7.95889,72.0772,30017.7,0.379368,73.8515,4,0.430145,0.328591,0.367174,0.493117,0.483487,0.173696,10.2245,7.07727,0.0525712,6.49712
2024-07-25,40.28,7.65854,72.0772,30017.7,0.276785,74.1029,4,0.224978,0.328591,0.0668089,0.383147,0.483487,0.173696,9.76852,7.47646,0.636497,6.22147
2024-07-26,40.261,7.50407,72.0772,30017.7,0.128128,74.3523,4,-0.0723355,0.328591,-0.472717,0.328046,0.483487,0.173696,9.40694,7.82759,1.17116,5.9466
2024-07-29,40.281,5.66252,72.0772,30017.7,0.211197,73.747,4,0.0938024,0.328591,0.562046,-0.374441,0.483487,0.173696,9.07274,7.25299,1.71812,5.70318
2024-07-30,40.282,5.65934,72.0772,30017.7,0.170518,72.3005,4,0.0124452,0.328591,0.400661,-0.375771,0.483487,0.173696,7.83299,6.70391,2.27995,5.48361
2024-07-31,40.274,5.16694,72.0772,30017.7,0.0661752,69.9271,4,-0.196241,0.328591,0.174876,-0.567358,0.483487,0.173696,5.81338,5.97118,2.8623,5.28023
2024-08-01,40.348,4.66747,72.0772,30017.7,0.0468049,68.3544,4,-0.234982,0.328591,0.284353,-0.754317,0.483487,0.173696,4.95883,4.90985,3.44094,5.04476
2024-08-02,40.459,4.64862,72.0772,30017.7,0.14144,66.9046,4,-0.0457123,0.328591,0.660207,-0.751632,0.483487,0.173696,4.26597,3.81597,4.0229,4.79977
2024-08-05,40.631,4.64573,72.0772,30017.7,0.251591,66.6905,4,0.174591,0.328591,1.0981,-0.748914,0.483487,0.173696,4.77067,2.80355,4.58802,4.52827
2024-08-06,40.501,4.76974,72.0772,30017.7,0.168801,66.5019,4,0.00901063,0.328591,0.715317,-0.697296,0.483487,0.173696,5.21171,1.88084,5.15352,4.25585
2024-08-07,40.405,4.66125,72.0772,30017.7,0.0957626,66.8734,4,-0.137066,0.328591,0.459024,-0.733156,0.483487,0.173696,6.31391,0.877549,5.70752,3.97446
2024-08-08,40.296,4.66487,72.0772,30017.7,-0.0376585,66.0573,4,-0.403909,0.328591,-0.0793435,-0.728474,0.483487,0.173696,6.16461,-0.106289,6.28835,3.71064
2024-08-09,40.207,4.72599,72.0772,30017.7,-0.178799,64.7113,4,-0.68619,0.328591,-0.669534,-0.702845,0.483487,0.173696,5.46412,-1.08738,6.88384,3.45071
2024-08-12,40.285,4.72061,72.0772,30017.7,-0.247379,63.3237,4,-0.82335,0.328591,-0.943721,-0.702978,0.483487,0.173696,4.72895,-2.07454,7.48219,3.18713
2024-08-13,40.395,4.79639,72.0772,30017.7,-0.0629104,61.9351,4,-0.454412,0.328591,-0.238181,-0.670643,0.483487,0.173696,4.30306,-3.03627,7.84866,2.81968
2024-08-14,40.269,4.94842,71.8745,30159.5,0.139757,60.9141,4,-0.468454,0.747968,-0.328227,-0.608682,1.29873,0.197211,3.48909,-3.95315,8.53214,2.84603
2024-08-15,40.33,4.81374,71.8745,30159.5,0.242373,60.1949,4,-0.244862,0.729609,0.170055,-0.659778,1.26201,0.197211,3.07417,-4.93,9.18081,2.8699
2024-08-16,40.331,4.55711,71.8745,30159.5,0.28451,59.1161,4,-0.160588,0.729609,0.434932,-0.756108,1.26201,0.197211,2.39452,-6.01154,9.83751,2.89558
2024-08-19,40.244,3.47033,71.8745,30159.5,0.0551282,58.055,4,-0.619352,0.729609,-0.0584176,-1.18029,1.26201,0.197211,2.259,-7.61852,10.494,2.9205
2024-08-20,40.261,3.4402,71.8745,30159.5,-0.0177,56.9336,4,-0.765009,0.729609,-0.339063,-1.19095,1.26201,0.197211,1.85677,-9.01947,11.1513,2.94503
2024-08-21,40.338,3.45139,71.8745,30159.5,0.137049,56.1455,4,-0.455511,0.729609,0.271487,-1.18251,1.26201,0.197211,1.78025,-10.4049,11.8026,2.96756
2024-08-22,40.348,3.43893,71.8745,30159.5,0.0979862,55.5624,4,-0.533636,0.729609,0.114413,-1.18169,1.26201,0.197211,1.82065,-11.6979,12.4506,2.98902
2024-08-23,40.251,3.54733,71.8745,30159.5,0.0343151,55.256,4,-0.660978,0.729609,-0.187462,-1.13449,1.26201,0.197211,2.0557,-12.9039,13.0948,3.0094
2024-08-26,40.239,3.54342,71.8745,30159.5,0.0916202,54.865,4,-0.546368,0.729609,0.0386052,-1.13134,1.26201,0.197211,1.62623,-13.5316,13.7403,3.02999
2024-08-27,40.279,3.56284,71.8745,30159.5,0.11263,54.6755,4,-0.504348,0.729609,0.109775,-1.11847,1.26201,0.197211,1.38735,-14.1448,14.3831,3.0499
2024-08-28,40.25,3.57143,71.8745,30159.5,0.0340599,54.5703,4,-0.661489,0.729609,-0.212477,-1.1105,1.26201,0.197211,1.06895,-14.593,15.0248,3.06955
2024-08-29,40.347,3.61648,71.8745,30159.5,0.107648,54.7695,4,-0.514313,0.729609,0.0571186,-1.08575,1.26201,0.197211,0.881902,-14.8626,15.6619,3.08828
2024-08-30,40.335,3.46802,71.8745,30159.5,0.161479,54.8351,4,-0.40665,0.729609,0.322993,-1.13629,1.26201,0.197211,0.604602,-15.1779,16.301,3.10741
2024-09-02,40.296,3.06142,71.8745,30159.5,0.102161,54.3458,4,-0.525287,0.729609,0.239998,-1.29057,1.26201,0.197211,-0.100933,-15.6306,16.9491,3.12822
2024-09-03,40.333,2.90894,71.8745,30159.5,0.0860423,54.0744,4,-0.557524,0.729609,0.231247,-1.34629,1.26201,0.197211,-0.499221,-16.1683,17.5937,3.14832
2024-09-04,40.367,2.81387,71.8745,30159.5,0.12683,54.1763,4,-0.475949,0.729609,0.42975,-1.38165,1.26201,0.197211,-0.523259,-16.7004,18.2326,3.16739
2024-09-05,40.333,2.65414,71.8745,30159.5,0.00757115,54.3246,4,-0.714466,0.729609,0.0110576,-1.43999,1.26201,0.197211,-0.448829,-17.2834,18.8705,3.18631
2024-09-06,40.346,2.51722,71.8745,30159.5,0.0151615,54.9597,4,-0.699286,0.729609,0.0899758,-1.48855,1.26201,0.197211,0.175801,-17.9186,19.4988,3.20366
2024-09-09,40.389,2.45431,71.8745,30159.5,0.0768426,56.0184,4,-0.575522,0.729207,0.349398,-1.50044,1.2612,0.197211,1.23728,-18.5513,20.1133,3.21903
2024-09-10,40.437,2.29379,71.8745,30159.5,0.0655201,56.4366,4,-0.582214,0.713254,0.387862,-1.55229,1.2293,0.197211,1.75032,-19.2645,20.7142,3.23655
2024-09-11,41.027,5.43109,71.8745,30159.5,0.79585,58.5609,4,0.91189,0.679811,2.14621,-0.322426,1.16241,0.197211,3.76795,-18.965,20.5324,3.22556
2024-09-12,41.071,5.42708,71.8745,30159.5,0.840087,60.4748,4,1.03382,0.646357,2.39296,-0.325331,1.0955,0.197211,5.56389,-18.618,20.3161,3.21288
2024-09-13,40.767,6.18104,71.8745,30159.5,0.50194,61.1651,4,0.678316,0.325564,1.37939,-0.0227576,0.655538,-0.00441037,6.32292,-17.9913,19.7898,3.04369
2024-09-16,40.956,6.25711,72.0142,29952.9,0.585624,62.8341,4,0.916404,0.254843,1.82997,0.00284323,0.784822,-0.275136,7.82409,-16.9542,19.3164,2.64785
2024-09-17,41.063,6.28413,72.0142,29952.9,0.650084,64.9009,4,1.00499,0.295181,1.99921,0.0107687,0.784822,-0.19446,9.65514,-15.8789,18.8089,2.3158
2024-09-18,41.307,6.51955,72.0142,29952.9,0.420336,65.7649,4,0.506256,0.334416,0.908586,0.103926,0.784822,-0.11599,10.1371,-14.7993,18.3695,2.05762
2024-09-19,41.599,6.82873,72.0142,29952.9,0.634806,67.3795,4,0.935197,0.334416,1.64925,0.221144,0.784822,-0.11599,11.2981,-13.5899,17.876,1.79529
2024-09-20,41.677,6.66886,72.0142,29952.9,0.903498,69.9249,4,1.47258,0.334416,2.79838,0.146783,0.784822,-0.11599,13.5248,-12.4276,17.2994,1.52829
2024-09-23,42.104,7.2573,72.0142,29952.9,1.13224,72.8484,4,1.93007,0.334416,3.48772,0.372407,0.784822,-0.11599,15.9933,-11.0692,16.6627,1.26169
2024-09-24,42.254,7.25475,72.0142,29952.9,1.15902,75.638,4,1.98362,0.334416,3.60097,0.366267,0.784822,-0.11599,18.3739,-9.7427,16.006,1.00073
2024-09-25,41.914,8.09523,72.0142,29952.9,0.800194,77.5779,4,1.26597,0.334416,1.83864,0.693306,0.784822,-0.11599,19.6551,-8.24884,15.4205,0.751136
2024-09-26,41.69,8.5056,72.0142,29952.9,0.456711,78.4318,4,0.579007,0.334416,0.311021,0.846992,0.784822,-0.11599,19.7104,-6.74975,14.9589,0.512209
2024-09-27,41.554,8.65915,72.0142,29952.9,0.310115,78.7896,4,0.285815,0.334416,-0.32517,0.896801,0.784822,-0.11599,19.1693,-5.21651,14.5592,0.277583
2024-09-30,41.64,8.61186,72.0142,29952.9,0.0498659,78.6641,4,-0.234684,0.334416,-1.33667,0.8673,0.784822,-0.11599,18.0148,-3.61432,14.2191,0.0445294
2024-10-01,41.884,8.73362,72.0142,29952.9,0.133068,78.777,4,-0.068279,0.334416,-1.04108,0.904522,0.784822,-0.11599,17.0507,-1.93554,13.8504,-0.188638
2024-10-02,41.804,8.83148,72.0142,29952.9,0.330957,79.2628,4,0.327499,0.334416,-0.280005,0.935002,0.784822,-0.11599,16.4539,-0.210307,13.4392,-0.420014
2024-10-03,41.67,8.96267,72.0142,29952.9,0.406827,80.1939,4,0.479237,0.334416,-0.0149263,0.973401,0.784822,-0.11599,16.2982,1.5655,12.9769,-0.646759
2024-10-04,41.316,9.65812,72.0142,29952.9,0.31171,80.8688,4,0.289004,0.334416,-0.657043,1.23505,0.784822,-0.11599,15.6492,3.54497,12.5461,-0.871428
2024-10-07,41.161,9.81673,72.0142,29952.9,0.146309,81.0249,4,-0.0391159,0.331733,-1.36884,1.29061,0.779456,-0.11599,14.3724,5.57521,12.1758,-1.09854
2024-10-08,41.543,10.2493,72.0142,29952.9,0.288786,81.5211,4,0.249886,0.327686,-0.949227,1.449,0.771361,-0.11599,13.3316,7.72611,11.7838,-1.32046
2024-10-09,41.796,9.20057,72.0142,29952.9,0.433072,80.7107,4,0.53985,0.326295,0.0363239,1.04338,0.768579,-0.11599,11.8944,8.7868,11.5896,-1.5601
2024-10-10,41.726,9.24649,72.0142,29952.9,0.48396,79.8944,4,0.641625,0.326295,0.22781,1.05544,0.768579,-0.11599,10.389,9.87145,11.4368,-1.80284
2024-10-11,41.535,8.96209,72.0142,29952.9,0.482555,79.8494,4,0.83273,0.132379,0.718824,0.946636,0.504067,-0.239308,9.90611,10.5903,11.3298,-1.97679
2024-10-14,41.424,8.93785,72.0142,29952.9,0.528296,79.7159,4,0.895215,0.161377,0.853068,0.937362,0.504067,-0.181313,9.19676,11.293,11.1361,-1.90989
2024-10-15,41.689,9.14952,72.1418,30284.6,0.605256,79.6112,4,0.754205,0.456307,0.490068,1.01834,0.656536,0.256078,8.09013,12.0481,11.0517,-1.57874
2024-10-16,41.876,9.05494,72.1418,30284.6,0.544996,79.9017,4,0.633686,0.456307,0.285214,0.982157,0.656536,0.256078,7.60963,12.664,10.9284,-1.30039
2024-10-17,41.63,9.01401,72.1418,30284.6,0.408299,79.372,4,0.360292,0.456307,-0.245915,0.966498,0.656536,0.256078,6.24213,13.2758,10.885,-1.03101
2024-10-18,41.546,9.01476,72.1418,30284.6,0.489381,78.3825,4,0.522454,0.456307,0.078121,0.966787,0.656536,0.256078,4.2633,14.0001,10.8809,-0.761841
2024-10-21,41.448,8.16426,72.1418,30284.6,0.418605,76.6143,4,0.380904,0.456307,0.117883,0.643924,0.656536,0.256078,1.77096,14.3995,10.9345,-0.49069
2024-10-22,41.514,8.05473,72.1418,30284.6,0.256857,74.2687,4,0.0574074,0.456307,-0.487757,0.602572,0.656536,0.256078,-1.34615,14.8144,11.0128,-0.212372
2024-10-23,41.596,7.64352,72.1418,30284.6,0.140295,72.4787,4,-0.175717,0.456307,-0.797252,0.445819,0.656536,0.256078,-3.41068,14.7824,11.0323,0.0746892
2024-10-24,41.602,7.41436,72.1418,30284.6,0.311748,72.0774,4,0.167188,0.456307,-0.0247186,0.359096,0.656536,0.256078,-3.68007,14.4354,10.9572,0.364871
2024-10-25,41.556,7.33135,72.1418,30284.6,0.332916,72.1407,4,0.209525,0.456307,0.0910805,0.32797,0.656536,0.256078,-3.35444,13.9871,10.8534,0.654655
2024-10-28,40.984,8.77432,72.1418,30284.6,0.109714,72.3065,4,-0.236879,0.456307,-1.36269,0.888927,0.656536,0.256078,-3.37158,13.991,10.7434,0.943691
2024-10-29,41.185,8.68501,72.1418,30284.6,0.207065,72.5109,4,-0.0421773,0.456307,-0.938566,0.854211,0.656536,0.256078,-3.28797,13.9357,10.6313,1.23191
2024-10-30,41.4,8.93271,72.1418,30284.6,0.33509,72.5223,4,0.210682,0.459499,-0.52914,0.950503,0.656536,0.262462,-3.48147,13.9468,10.5308,1.52608
2024-10-31,41.649,9.15527,72.1418,30284.6,0.542433,72.8948,4,0.621414,0.463452,0.205802,1.03702,0.656536,0.270368,-3.30274,13.9663,10.4087,1.82256
2024-11-01,41.589,8.61131,72.1418,30284.6,0.481267,73.357,4,0.490874,0.47166,0.160336,0.821412,0.656536,0.286785,-2.66129,13.6081,10.281,2.12922
2024-11-04,41.598,8.47556,72.1418,30284.6,0.913112,75.3962,4,1.34606,0.480169,1.92747,0.764643,0.656536,0.303802,-0.109406,13.0298,10.0537,2.42217
2024-11-05,41.559,7.83403,72.1418,30284.6,0.667212,76.3708,4,0.851321,0.483102,1.18798,0.514667,0.656536,0.309668,1.51234,12.2321,9.89792,2.72847
2024-11-06,41.763,7.72397,72.1418,30284.6,0.645527,76.9086,4,0.804904,0.48615,1.1414,0.46841,0.656536,0.315765,2.34121,11.7494,9.77413,3.04386
2024-11-07,41.731,7.70513,72.1418,30284.6,0.430528,76.774,4,0.374905,0.48615,0.293382,0.456429,0.656536,0.315765,2.39315,11.3082,9.69922,3.37343
2024-11-08,42.146,8.25533,72.1418,30284.6,0.842243,77.6715,4,1.19834,0.48615,1.72672,0.669951,0.656536,0.315765,3.13378,11.0231,9.74743,3.76726
2024-11-11,42.319,8.23471,72.1418,30284.6,0.96374,78.7312,4,1.43558,0.491904,2.21259,0.658559,0.898766,0.0850409,4.11924,10.7209,9.95775,3.93329
2024-11-12,42.469,8.05163,72.1418,30284.6,1.08449,79.8628,4,1.67707,0.491904,2.77353,0.580611,0.898766,0.0850409,5.76247,10.2931,10.0387,3.7686
2024-11-13,42.899,8.60513,72.1418,30284.6,1.30002,81.5707,4,2.10814,0.491904,3.42557,0.790703,0.898766,0.0850409,7.94727,9.98773,10.0521,3.58359
2024-11-14,42.87,8.22526,72.3188,30285.8,1.31709,83.5027,4,2.03547,0.598712,3.43231,0.638641,1.11036,0.0870598,10.3967,9.54899,10.1674,3.38967
2024-11-15,42.913,8.12465,72.3188,30285.8,1.02278,84.5733,4,1.44685,0.598712,2.30438,0.589331,1.11036,0.0870598,11.826,9.16283,10.3564,3.22802
2024-11-18,42.725,8.28679,72.3188,30285.8,0.76542,85.2441,4,0.932129,0.598712,1.21831,0.645951,1.11036,0.0870598,12.4908,9.08634,10.584,3.08303
2024-11-19,42.602,8.4324,72.3188,30285.8,0.577132,85.846,4,0.555553,0.598712,0.411905,0.6992,1.11036,0.0870598,13.0115,9.08032,10.8124,2.94177
2024-11-20,42.509,8.51673,72.3188,30285.8,0.18346,85.9258,4,-0.196036,0.562955,-1.12032,0.728252,1.11036,0.0155474,12.7747,9.26504,11.1133,2.7728
2024-11-21,42.609,8.52038,72.3188,30285.8,0.276464,85.8606,4,-0.0100282,0.562955,-0.742799,0.722742,1.11036,0.0155474,12.2908,9.52415,11.4363,2.60937
2024-11-22,42.6,8.49418,72.3188,30285.8,0.234586,85.6777,4,-0.0937825,0.562955,-0.894234,0.706669,1.11036,0.0155474,11.64,9.80967,11.7785,2.44953
2024-11-25,42.842,6.47877,72.3188,30285.8,0.35442,86.1299,4,0.145884,0.562955,0.360298,-0.0685294,1.11036,0.0155474,12.7521,9.09109,12.0176,2.26911
2024-11-26,42.82,6.46685,72.3188,30285.8,0.427266,86.5284,4,0.291368,0.563164,0.652394,-0.0696574,1.11036,0.0159653,13.7675,8.40861,12.26,2.09226
2024-11-27,43.007,6.4169,72.3188,30285.8,0.627029,87.0444,4,0.690673,0.563385,1.46708,-0.0857334,1.11036,0.0164063,15.0172,7.64238,12.4752,1.90959
2024-11-28,43.157,6.26446,72.3188,30285.8,0.646196,87.2245,4,0.729008,0.563385,1.60211,-0.144097,1.11036,0.0164063,15.9208,6.82281,12.7483,1.73265
2024-11-29,43.158,6.18569,72.3188,30285.8,0.643511,87.5026,4,0.725372,0.56165,1.62517,-0.174421,1.10689,0.0164063,16.8393,6.12305,12.9971,1.54317
2024-12-02,43.183,6.1743,72.3188,30285.8,0.483606,86.7571,4,0.407286,0.559925,0.987522,-0.172949,1.10344,0.0164063,16.3898,5.55382,13.4486,1.3649
2024-12-03,43.175,6.13455,72.3188,30285.8,0.48466,86.4312,4,0.421536,0.547784,1.02224,-0.179169,1.07916,0.0164063,16.3538,5.10529,13.8014,1.17068
2024-12-04,43.289,6.04022,72.3188,30285.8,0.413572,86.0092,4,0.290978,0.536166,0.795295,-0.213339,1.05592,0.0164063,16.2128,4.66637,14.1584,0.971584
2024-12-05,43.45,5.99744,72.3188,30285.8,0.41512,85.9808,4,0.294075,0.536166,0.816191,-0.228042,1.05592,0.0164063,16.5792,4.19686,14.4389,0.765823
2024-12-06,43.543,5.22899,72.3188,30285.8,0.404791,85.1597,4,0.273417,0.536166,1.07719,-0.530353,1.05592,0.0164063,16.31,3.40752,14.8764,0.565859
2024-12-09,43.726,5.2352,72.3188,30285.8,0.512344,84.2794,4,0.488523,0.536166,1.50201,-0.52496,1.05592,0.0164063,15.991,2.61225,15.1523,0.523831
2024-12-10,44.028,5.52314,72.3188,30285.8,0.754248,83.614,4,0.97233,0.536166,2.35269,-0.408031,1.05592,0.0164063,15.8192,1.9315,15.384,0.479288
2024-12-11,44.433,5.34772,72.3188,30285.8,0.930618,82.8484,4,1.32507,0.536166,3.12456,-0.474423,1.05592,0.0164063,15.7412,1.04283,15.6301,0.434328
2024-12-12,44.281,5.597,72.3188,30285.8,0.78628,81.7089,4,0.938208,0.634352,2.24722,-0.370803,0.89716,0.371544,15.0737,0.32426,15.6653,0.645672
2024-12-13,44.558,5.82421,72.3188,30285.8,0.931797,81.5089,4,1.22924,0.634352,2.73674,-0.278255,0.89716,0.371544,15.4181,-0.304816,15.5422,0.85347
2024-12-16,44.361,5.83,72.2998,30463.4,0.737942,81.4483,4,0.704847,0.771036,1.68203,-0.272335,0.875506,0.666567,15.7642,-0.971939,15.3811,1.27488
2024-12-17,44.572,5.62897,72.2998,30463.4,0.650849,81.6107,4,0.53423,0.767467,1.41879,-0.350328,0.875506,0.659429,16.4686,-1.73136,15.1857,1.68782
2024-12-18,44.592,5.42709,72.2998,30463.4,0.36995,82.0177,4,-0.0275665,0.767467,0.376071,-0.431204,0.875506,0.659429,17.4805,-2.56137,14.9529,2.14572
2024-12-19,44.728,5.43198,72.2998,30463.4,0.564274,82.6346,4,0.359668,0.76888,1.14862,-0.429282,0.875506,0.662254,18.7232,-3.37108,14.6868,2.59564
2024-12-20,44.494,6.01849,72.2998,30463.4,0.280763,82.7323,4,-0.210572,0.772099,-0.234119,-0.187026,0.875506,0.668693,19.1764,-4.00792,14.5029,3.06093
2024-12-23,44.157,6.79119,72.2998,30463.4,0.264594,82.5419,4,-0.24472,0.773909,-0.621259,0.131819,0.875506,0.672312,18.5112,-3.87234,14.3642,3.53887
2024-12-24,44.028,6.93895,72.2998,30463.4,0.0479376,81.7233,4,-0.678305,0.774181,-1.54566,0.189054,0.875506,0.672855,17.0786,-3.71832,14.3178,4.04512
2024-12-26,43.85,7.10218,72.2998,30463.4,-0.068777,80.1606,4,-0.912279,0.774725,-2.07898,0.254419,0.875506,0.673945,14.7317,-3.52491,14.3635,4.59032
2024-12-27,43.661,7.27411,72.2998,30463.4,-0.272995,77.9769,4,-1.32099,0.774998,-2.96514,0.323164,0.875506,0.674491,11.5886,-3.24156,14.4595,5.1703
2024-12-30,44.066,7.88917,72.2998,30463.4,0.225726,76.9405,4,-0.323546,0.774998,-1.22299,0.575897,0.875506,0.674491,9.53099,-2.70102,14.4015,5.70907
2025-01-02,43.9,8.0722,72.2998,30463.4,0.361654,76.6329,4,-0.0516898,0.774998,-0.75715,0.65377,0.875506,0.674491,8.23207,-2.08136,14.2619,6.22033
2025-01-03,43.97,8.06741,72.2998,30463.4,0.498131,76.667,4,0.221263,0.774998,-0.212353,0.654879,0.875506,0.674491,7.29562,-1.44961,14.1042,6.71682
2025-01-07,43.644,8.55987,72.2998,30463.4,0.448897,76.7563,4,0.122795,0.774998,-0.616184,0.861775,0.875506,0.674491,6.22326,-0.635514,13.9584,7.21011
2025-01-08,43.934,8.76865,72.2998,30463.4,0.80172,77.7206,4,0.828442,0.774998,0.707391,0.949493,0.875506,0.674491,6.09584,0.253212,13.7204,7.65119
2025-01-09,43.683,9.02122,72.2998,30463.4,0.371164,77.6376,4,-0.0182119,0.760541,-1.09202,1.0556,0.846591,0.674491,4.47018,1.44484,13.5721,8.15057
2025-01-10,43.961,9.1796,72.2998,30463.4,0.686728,78.066,4,0.627374,0.746083,0.132607,1.12214,0.817675,0.674491,3.42971,2.67312,13.3476,8.61558
2025-01-13,44.079,8.89474,72.2998,30463.4,0.69018,77.9092,4,0.634277,0.746083,0.26609,1.00246,0.817675,0.674491,1.86981,3.73386,13.1857,9.11975
2025-01-14,43.962,8.25764,72.6804,30473.7,0.882022,77.7898,4,0.792743,0.971302,0.850683,0.734802,1.25025,0.692357,0.165358,4.64475,13.3441,9.63561
2025-01-15,44.047,8.22758,72.6804,30473.7,0.73356,77.6599,4,0.495818,0.971302,0.269465,0.722172,1.25025,0.692357,-1.32002,5.47047,13.623,9.88646
2025-01-16,43.975,7.86931,72.6804,30473.7,0.636835,76.9251,4,0.666875,0.606795,0.759555,0.574196,1.10525,0.108337,-2.821,6.14534,13.8572,9.74355
2025-01-17,43.954,7.74204,72.6804,30473.7,0.417303,76.1112,4,0.227812,0.606795,-0.0671833,0.522807,1.10525,0.108337,-4.16704,6.78624,14.1145,9.37754
2025-01-20,43.746,7.62759,72.6804,30473.7,0.177196,74.8808,4,-0.252403,0.606795,-0.983354,0.478547,1.10525,0.108337,-6.04323,7.479,14.4103,9.03477
2025-01-21,43.744,7.6177,72.6804,30473.7,0.258287,74.586,4,-0.0916313,0.608205,-0.661001,0.477739,1.10525,0.111156,-6.85118,8.19135,14.6146,8.63125
2025-01-22,43.458,7.71029,72.6804,30473.7,0.000886383,73.071,4,-0.581678,0.583451,-1.68155,0.518197,1.10525,0.0616482,-9.10924,9.00286,14.9303,8.24707
2025-01-23,43.599,7.74307,72.6804,30473.7,0.139376,72.6838,4,-0.273874,0.552626,-1.08083,0.533079,1.10525,0,-9.78754,9.58258,15.1425,7.74627
2025-01-24,43.243,7.81288,72.6804,30473.7,-0.0848536,71.7152,4,-0.722334,0.552626,-2.00876,0.564093,1.10525,0,-10.9243,9.97217,15.4041,7.26321
2025-01-27,43.457,8.05663,72.6804,30473.7,0.235712,72.2377,4,-0.0812028,0.552626,-0.833454,0.671048,1.10525,0,-10.3383,10.3189,15.5387,6.71834
2025-01-28,43.368,7.97558,72.6804,30473.7,0.168772,72.8919,4,-0.215082,0.552626,-1.06738,0.637212,1.10525,0,-9.51481,10.5774,15.659,6.17038
2025-01-29,43.257,7.88945,72.6804,30473.7,0.278079,74.3794,4,0.00353232,0.552626,-0.593722,0.600787,1.10525,0,-7.60543,10.695,15.6938,5.59594
2025-01-30,43.33,7.07143,72.6804,30473.7,0.142689,74.158,4,-0.267249,0.552626,-0.7806,0.246102,1.10525,0,-7.27554,10.4562,15.8928,5.08452
2025-01-31,43.122,7.13778,72.6804,30473.7,0.252156,73.8646,4,-0.0483154,0.552626,-0.375035,0.278404,1.10525,0,-6.99417,10.1859,16.0993,4.5736
2025-02-03,43.495,7.86051,72.6804,30473.7,0.442034,73.7136,4,0.331442,0.552626,0.0594672,0.603417,1.10525,0,-6.79083,10.1556,16.2917,4.05713
2025-02-04,43.514,7.42907,72.6804,30473.7,0.46814,73.7654,4,0.383653,0.552626,0.356125,0.41118,1.10525,0,-6.03823,9.80463,16.4638,3.53526
2025-02-05,43.481,6.98547,72.6804,30473.7,0.472339,72.8709,4,0.392052,0.552626,0.57029,0.213814,1.10525,0,-6.17708,9.28649,16.7306,3.03089
2025-02-06,43.482,6.70927,72.6804,30473.7,0.388633,72.9187,4,0.224639,0.552626,0.358972,0.0903063,1.10525,0,-5.04976,8.53508,16.9265,2.50681
2025-02-07,43.428,6.24785,72.6804,30473.7,0.445632,72.255,4,0.338638,0.552626,0.79015,-0.112874,1.10525,0,-4.55696,7.60587,17.2149,1.99113
2025-02-10,43.313,6.16148,72.6804,30473.7,0.0786454,70.5366,4,-0.371957,0.529248,-0.592126,-0.151789,1.0585,0,-5.27312,6.76851,17.5619,1.47934
2025-02-11,43.373,6.17354,72.6804,30473.7,0.0964088,68.2598,4,-0.313052,0.50587,-0.479748,-0.146356,1.01174,0,-6.38598,6.14087,17.5597,0.945243
2025-02-12,43.421,6.13415,72.6804,30473.7,0.148546,66.5177,4,-0.205937,0.503029,-0.247769,-0.164105,1.00606,0,-6.84499,5.47555,17.489,0.398173
2025-02-13,43.326,6.14832,72.6804,30473.7,0.0789989,64.8227,4,-0.34219,0.500188,-0.526659,-0.157721,1.00038,0,-7.92167,4.91989,17.511,0.313417
2025-02-14,43.224,6.17368,71.8263,29377.1,-0.823756,60.9486,4,-0.402403,-1.24511,-0.664833,-0.139972,0.0297324,-2.51995,-8.49631,4.43547,16.8312,-1.82168
2025-02-17,43.215,6.00057,71.8263,29377.1,-0.814259,57.7715,4,-0.281382,-1.34714,-0.349468,-0.213295,-0.17149,-2.52278,-8.03196,3.89748,15.8941,-3.98811
2025-02-18,43.206,5.99882,71.8263,29377.1,-0.862746,54.1183,4,-0.378355,-1.34714,-0.545646,-0.211065,-0.17149,-2.52278,-7.97415,3.3488,14.9171,-6.17349
2025-02-19,43.172,5.57564,71.8263,29377.1,-0.966848,50.9352,4,-0.586559,-1.34714,-0.777865,-0.395252,-0.17149,-2.52278,-7.24291,2.60169,13.8902,-8.31376
2025-02-20,43.122,5.41855,71.8263,29377.1,-0.947153,47.3552,4,-0.54717,-1.34714,-0.637348,-0.456991,-0.17149,-2.52278,-6.87303,1.78463,12.8298,-10.3861
2025-02-21,42.843,5.12476,71.8263,29377.1,-1.10951,43.9982,4,-0.871875,-1.34714,-1.15641,-0.587343,-0.17149,-2.52278,-6.15219,0.833784,11.7423,-12.4257
2025-02-24,42.69,4.81647,71.8263,29377.1,-1.25065,39.2103,4,-1.15416,-1.34714,-1.58352,-0.724796,-0.17149,-2.52278,-6.7098,-0.30959,10.602,-14.3723
2025-02-25,42.607,4.81329,71.8263,29377.1,-1.30296,34.6252,4,-1.25878,-1.34714,-1.79958,-0.717972,-0.17149,-2.52278,-7.20887,-1.39395,9.43584,-16.2079
2025-02-26,42.443,4.89432,71.8263,29377.1,-1.38835,29.6959,4,-1.42955,-1.34714,-2.18573,-0.673377,-0.17149,-2.52278,-8.31371,-2.36783,8.23812,-17.8607
2025-02-27,42.397,4.79419,71.8263,29377.1,-1.39478,25.4557,4,-1.44242,-1.34714,-2.1725,-0.712332,-0.17149,-2.52278,-9.18493,-3.04759,7.06156,-19.3733
2025-02-28,42.585,4.9609,71.8263,29377.1,-1.02529,22.1904,4,-0.703434,-1.34714,-0.780808,-0.62606,-0.17149,-2.52278,-9.27673,-3.65561,5.94022,-20.8175
2025-03-05,42.594,3.59356,71.8263,29377.1,-1.05981,18.6764,4,-0.7706,-1.34902,-0.303072,-1.23813,-0.175264,-2.52278,-9.25533,-4.88244,4.82653,-22.0124
2025-03-06,42.391,3.77988,71.8263,29377.1,-1.12644,15.3472,4,-0.901876,-1.351,-0.662037,-1.14171,-0.179208,-2.52278,-9.63186,-5.79285,3.75079,-22.9789
2025-03-07,42.392,3.80506,71.8263,29377.1,-0.999606,12.6459,4,-0.647937,-1.35128,-0.171726,-1.12415,-0.179768,-2.52278,-9.77892,-6.48317,2.74566,-23.8377
2025-03-10,42.246,3.8482,71.8263,29377.1,-1.06959,10.3152,4,-0.787617,-1.35156,-0.472519,-1.10271,-0.180332,-2.52278,-9.93788,-7.00488,1.80485,-24.5469
2025-03-11,42.41,4.28701,71.8263,29377.1,-1.03722,8.28231,4,-0.722888,-1.35156,-0.54411,-0.901667,-0.180332,-2.52278,-10.353,-7.20321,0.930394,-25.0918
2025-03-12,42.457,4.32407,71.8263,29377.1,-1.00105,7.00322,4,-0.650548,-1.35156,-0.418512,-0.882584,-0.180332,-2.52278,-9.92075,-7.41509,0.155174,-25.8161
2025-03-13,42.603,4.53001,71.8263,29377.1,-0.714706,6.14665,4,-0.0778551,-1.35156,0.629462,-0.785172,-0.180332,-2.52278,-9.02728,-7.60938,-0.548722,-26.668
2025-03-14,42.375,4.72889,71.8263,29377.1,-0.861798,5.19674,4,-0.372038,-1.35156,-0.0531419,-0.690934,-0.180332,-2.52278,-8.63849,-7.67492,-1.20714,-27.2827
2025-03-17,42.082,5.14064,72.5018,30659.4,0.0122886,5.13838,4,-0.496293,0.52087,-0.49984,-0.492746,0.626867,0.414873,-8.60528,-7.84926,-1.41679,-26.9903
2025-03-18,42.252,5.48115,72.5018,30659.4,0.0599949,5.95512,4,-0.40088,0.52087,-0.475539,-0.326222,0.626867,0.414873,-8.73398,-8.17619,-1.10756,-26.0272
2025-03-19,42.235,5.47721,72.5018,30659.4,0.0114156,6.80698,4,-0.498039,0.52087,-0.671069,-0.325009,0.626867,0.414873,-9.14975,-8.45203,-0.657848,-24.9334
2025-03-20,42.182,5.46601,72.5018,30659.4,-0.139731,7.6276,4,-0.800332,0.52087,-1.26829,-0.332369,0.626867,0.414873,-9.79297,-8.71196,-0.183786,-23.6837
2025-03-21,42.226,5.5226,72.5018,30659.4,-0.0224342,8.81025,4,-0.372901,0.328033,-0.437996,-0.307806,0.649638,0.00642765,-9.85511,-8.90245,0.327644,-22.7598
2025-03-24,42.116,5.54829,72.5018,30659.4,0.119519,10.3046,4,-0.0857817,0.324819,0.122999,-0.294562,0.649638,0,-9.66654,-9.07224,0.870345,-21.827
2025-03-25,42.093,5.18283,72.5018,30659.4,-0.0721593,11.9266,4,-0.469138,0.324819,-0.470102,-0.468173,0.649638,0,-9.48786,-9.25485,1.44346,-20.7742
2025-03-26,42.11,5.10032,72.5018,30659.4,-0.0555421,14.0092,4,-0.435903,0.324819,-0.365447,-0.50636,0.649638,0,-8.95042,-9.39829,2.05464,-19.6967
2025-03-27,42.151,5.10976,72.5018,30659.4,0.0200608,16.5879,4,-0.284697,0.324819,-0.072359,-0.497036,0.649638,0,-8.01672,-9.55057,2.70626,-18.551
2025-03-28,42.111,4.9614,72.5018,30659.4,-0.0616881,19.4633,4,-0.448195,0.324819,-0.332628,-0.563762,0.649638,0,-6.90192,-9.75982,3.38999,-17.2649
2025-03-31,42.127,4.96154,72.5018,30659.4,0.0364359,22.8838,4,-0.251947,0.324819,0.0591299,-0.563024,0.649638,0,-5.42152,-9.93411,4.10901,-15.8696
2025-04-01,42.226,4.74833,72.5018,30659.4,0.110717,25.8233,4,-0.104562,0.325995,0.44219,-0.651314,0.651989,0,-4.59172,-10.1582,4.82761,-14.2544
2025-04-02,42.285,4.7878,72.5018,30659.4,0.154742,29.1696,4,-0.0199326,0.329416,0.574756,-0.614621,0.658831,0,-3.99138,-9.86466,5.57508,-12.5495
2025-04-03,42.108,4.72057,72.5018,30659.4,-0.0252029,32.3679,4,-0.382089,0.331683,-0.118897,-0.645282,0.663367,0,-3.61816,-9.61587,6.32884,-10.7269
2025-04-04,42.525,5.94944,72.5018,30659.4,0.488711,36.9021,4,0.645738,0.331683,1.33855,-0.0470744,0.663367,0,-2.45419,-8.89844,7.11234,-8.85763
2025-04-07,42.856,6.36339,72.5018,30659.4,0.786594,42.816,4,1.2415,0.331683,2.3293,0.153703,0.663367,0,-0.189794,-7.98546,7.89736,-6.90609
2025-04-08,42.935,6.26983,72.5018,30659.4,0.75125,48.673,4,1.17082,0.331683,2.23308,0.108552,0.663367,0,2.09767,-7.1952,8.63429,-4.86374
2025-04-09,43.363,7.08837,72.5018,30659.4,1.12709,55.6694,4,1.92731,0.326864,3.34657,0.508047,0.653728,0,5.18357,-6.02996,9.2918,-2.77601
2025-04-10,42.934,8.02199,72.5018,30659.4,1.04364,61.3286,4,1.76524,0.322045,2.56713,0.963342,0.644089,0,6.70536,-4.54643,9.86629,-0.696569
2025-04-11,42.649,8.1571,72.5018,30659.4,0.512289,65.5953,4,0.702534,0.322045,0.378898,1.02617,0.644089,0,6.96659,-3.11037,10.4021,1.33701
2025-04-14,42.351,8.16579,71.8727,31079.8,0.0906839,65.8335,4,-0.273839,0.455207,-1.57578,1.0281,-0.123553,1.03397,6.09787,-1.88818,9.79148,1.8323
2025-04-15,41.921,8.84287,71.8727,31079.8,-0.359302,64.5528,4,-0.897765,0.179161,-3.15083,1.3553,-0.588039,0.946362,3.97012,-0.542199,8.85633,2.26849
2025-04-16,42.211,9.21338,71.8727,31079.8,-0.409115,63.2515,4,-0.99517,0.176939,-3.52338,1.53304,-0.588039,0.941918,1.67959,0.958201,7.90981,2.70393
2025-04-21,42.139,9.22275,71.8727,31079.8,-0.134248,63.2686,4,-0.445435,0.176939,-2.42317,1.5323,-0.588039,0.941918,0.745606,2.46603,6.92697,3.12999
2025-04-22,41.923,9.38513,71.8727,31079.8,-0.0636566,63.1402,4,-0.304252,0.176939,-2.21508,1.60658,-0.588039,0.941918,-0.691711,4.01563,5.92834,3.88795
2025-04-23,41.73,9.47544,71.8727,31079.8,0.026283,62.8493,4,-0.124373,0.176939,-1.89484,1.64609,-0.588039,0.941918,-2.32602,5.59024,4.93124,4.65383
2025-04-24,41.84,9.5386,71.8727,31079.8,0.443871,64.4498,4,0.710802,0.176939,-0.24671,1.66831,-0.588039,0.941918,-2.1347,7.28437,3.91003,5.39007
2025-04-25,42.085,9.78382,71.8727,31079.8,0.438452,65.9584,4,0.699964,0.176939,-0.377399,1.77733,-0.588039,0.941918,-2.13318,9.07691,2.89769,6.11701
2025-04-28,42.055,9.7792,71.8727,31079.8,0.470225,67.3114,4,0.76351,0.176939,-0.244039,1.77106,-0.588039,0.941918,-2.25901,10.8383,1.89579,6.83632
2025-04-29,41.999,9.78449,71.8727,31079.8,0.592472,69.2372,4,1.0089,0.176047,0.251513,1.76628,-0.589823,0.941918,-1.7784,12.5911,0.89999,7.52455
2025-04-30,41.949,9.78945,71.8727,31079.8,0.702077,71.1438,4,1.229,0.17515,0.69923,1.75878,-0.591618,0.941918,-1.26038,14.2927,-0.0807779,8.19234
2025-05-02,41.933,9.74265,71.8727,31079.8,0.592903,72.4892,4,1.01066,0.17515,0.307274,1.71404,-0.591618,0.941918,-1.35609,16.0276,-1.04729,8.86497
2025-05-05,41.862,9.73102,71.8727,31079.8,0.335086,72.9844,4,0.495021,0.17515,-0.68027,1.67031,-0.591618,0.941918,-2.32542,17.7537,-2.01395,9.57005
2025-05-06,41.753,9.66725,71.8727,31079.8,0.262715,73.7655,4,0.35028,0.17515,-0.921718,1.62228,-0.591618,0.941918,-2.93414,19.4206,-2.97312,10.2522
2025-05-07,41.791,8.89667,71.8727,31079.8,0.244614,73.104,4,0.314079,0.17515,-0.634743,1.2629,-0.591618,0.941918,-4.47498,20.5134,-3.9575,11.0231
2025-05-08,41.775,8.29932,71.8727,31079.8,0.19972,71.4801,4,0.224291,0.17515,-0.532938,0.981519,-0.591618,0.941918,-6.75427,21.3488,-4.97517,11.8607
2025-05-09,41.754,8.22384,71.8727,31079.8,0.185034,69.8703,4,0.194919,0.17515,-0.548924,0.938762,-0.591618,0.941918,-9.00291,22.1782,-6.00534,12.7004
2025-05-12,41.761,7.0956,71.8727,31079.8,0.117901,66.9046,4,0.0606521,0.17515,-0.299605,0.420909,-0.591618,0.941918,-12.0319,22.3967,-7.07796,13.6177
2025-05-13,41.644,6.44251,71.8727,31079.8,0.0283486,63.8098,4,-0.099946,0.156643,-0.322479,0.122587,-0.591618,0.904905,-14.4957,21.9617,-8.15263,14.4965
2025-05-14,41.591,6.15019,71.8727,31079.8,-0.0861207,61.941,4,-0.310378,0.138137,-0.609891,-0.010865,-0.591618,0.867892,-15.3759,21.2376,-9.19924,15.2785
2025-05-15,41.701,5.90148,72.8545,31567.5,0.599815,63.533,4,-0.164336,1.36397,-0.204264,-0.124407,0.613801,2.11413,-14.1987,20.2111,-8.5622,16.0828
2025-05-16,41.879,5.00006,72.8545,31567.5,0.655242,66.6344,4,-0.0534825,1.36397,0.42896,-0.535925,0.613801,2.11413,-11.1867,18.4855,-7.51088,16.8465
2025-05-19,41.633,4.69537,72.8545,31567.5,0.416091,69.0769,4,-0.528603,1.36079,-0.383006,-0.6742,0.607438,2.11413,-8.58763,16.5505,-6.48831,17.6024
2025-05-20,41.577,4.68673,72.8545,31567.5,0.457623,70.7791,4,-0.432595,1.34784,-0.187407,-0.677783,0.58155,2.11413,-6.76264,14.6805,-5.51728,18.3785
2025-05-21,41.528,4.38728,72.8545,31567.5,1.15677,74.1441,4,-0.491765,2.80531,-0.169815,-0.813715,1.61062,4,-5.05963,12.5387,-3.71976,20.3848
2025-05-22,41.596,4.15993,72.8545,31567.5,1.09812,76.9246,4,-0.609081,2.80531,-0.301619,-0.916544,1.61062,4,-3.76016,10.365,-1.98837,22.3081
2025-05-23,41.64,4.05591,72.8545,31567.5,0.980809,78.2521,4,-0.843692,2.80531,-0.725267,-0.962118,1.61062,4,-4.07908,8.29152,-0.324166,24.3638
2025-05-26,41.469,3.58965,72.8545,31567.5,0.988648,79.5655,4,-0.828015,2.80531,-0.482115,-1.17392,1.61062,4,-4.11122,6.0177,1.30486,26.3542
2025-05-27,41.552,3.71888,72.8545,31567.5,1.11663,81.0467,4,-0.572052,2.80531,-0.0337881,-1.11032,1.61062,4,-3.90171,3.83441,2.89022,28.2238
2025-05-28,41.626,3.80091,72.8545,31567.5,1.22374,82.4276,4,-0.357823,2.80531,0.357575,-1.07322,1.61062,4,-3.77084,1.73923,4.43181,30.0274
2025-05-29,41.578,3.79996,72.8545,31567.5,1.13017,83.3268,4,-0.544974,2.80531,-0.0162985,-1.07365,1.61062,4,-4.24302,-0.294255,5.95583,31.9082
2025-05-30,41.678,3.93222,72.8545,31567.5,1.18996,84.5304,4,-0.425391,2.80531,0.15997,-1.01075,1.61062,4,-4.28625,-2.2023,7.4169,33.602
2025-06-02,41.584,3.96358,72.8545,31567.5,1.25743,86.2741,4,-0.290456,2.80531,0.411228,-0.99214,1.61062,4,-3.44008,-3.97805,8.75827,34.9339
2025-06-03,41.603,3.87874,72.8545,31567.5,1.19522,87.8954,4,-0.414867,2.80531,0.195984,-1.02572,1.61062,4,-2.60906,-5.65428,10.0209,36.1379
2025-06-04,41.543,3.88099,72.8545,31567.5,1.08583,89.2381,4,-0.633648,2.80531,-0.243113,-1.02418,1.61062,4,-2.29381,-7.0222,11.2344,37.3197
2025-06-05,41.532,3.88087,72.8545,31567.5,1.11627,90.575,4,-0.57277,2.80531,-0.121985,-1.02356,1.61062,4,-1.97339,-8.12133,12.3518,38.3179
2025-06-06,41.397,4.02123,72.8545,31567.5,0.944121,91.5861,4,-0.917069,2.80531,-0.881501,-0.952638,1.61062,4,-2.13787,-9.12415,13.4565,39.3916
2025-06-09,41.417,4.02899,72.8545,31567.5,1.03841,92.7003,4,-0.728494,2.80531,-0.507785,-0.949204,1.61062,4,-2.20661,-9.70977,14.4304,40.1863
2025-06-10,41.303,4.02515,72.8545,31567.5,0.931526,93.6801,4,-0.94226,2.80531,-0.933613,-0.950906,1.61062,4,-2.50783,-10.0813,15.3409,40.9284
2025-06-11,41.093,4.34958,72.8545,31567.5,0.847666,94.5822,4,-1.10998,2.80531,-1.41262,-0.807335,1.61062,4,-2.89707,-10.2519,16.1685,41.5627
2025-06-12,40.867,4.50369,72.8545,31567.5,0.687966,94.6618,4,-1.41621,2.79215,-2.09329,-0.739142,1.58429,4,-3.96976,-10.5755,16.6793,42.5277
2025-06-13,41.066,4.60049,72.8545,31567.5,0.951588,94.9226,4,-0.855836,2.75901,-1.01537,-0.696305,1.51802,4,-4.75185,-10.5691,17.0383,43.2052
2025-06-16,40.836,4.56244,72.9587,31794.4,0.76039,95.2128,4,-1.26699,2.78777,-1.82084,-0.71314,1.57554,4,-5.50706,-10.4775,17.3983,43.799
2025-06-17,40.898,4.64333,72.9587,31794.4,0.211923,95.0071,4,-0.963355,1.3872,-1.24799,-0.678724,0.71585,2.05855,-6.14892,-10.5591,17.6088,44.1063
2025-06-18,40.865,4.64143,72.9587,31794.4,0.332948,94.2656,4,-0.678689,1.34458,-0.677809,-0.679569,0.71585,1.97332,-6.6031,-10.7555,17.5473,44.0769
2025-06-20,40.544,5.17711,72.9587,31794.4,0.30202,93.4693,4,-0.71399,1.31803,-0.983012,-0.444968,0.71585,1.92021,-7.17128,-10.7415,17.45,43.932
2025-06-23,40.397,5.16381,72.9587,31794.4,0.0169802,92.3933,4,-1.26945,1.30341,-2.088,-0.450903,0.71585,1.89097,-8.21618,-10.7456,17.4174,43.9377
2025-06-24,40.197,5.22881,72.9587,31794.4,0.0454912,91.2147,4,-1.21243,1.30341,-2.00297,-0.421891,0.71585,1.89097,-9.40383,-10.5753,17.3452,43.8487
2025-06-25,40.266,5.20406,72.9587,31794.4,0.0491708,89.7223,4,-1.20507,1.30341,-1.9772,-0.432937,0.71585,1.89097,-10.9547,-10.4635,17.3019,43.8386
2025-06-26,40.19,5.05142,72.9587,31794.4,-0.00306988,87.7891,4,-1.30955,1.30341,-2.11803,-0.501072,0.71585,1.89097,-12.9885,-10.4373,17.293,43.9218
2025-06-27,39.936,5.29889,72.9587,31794.4,0.074854,85.9327,4,-1.1537,1.30341,-1.9168,-0.390607,0.71585,1.89097,-14.6597,-10.2573,17.158,43.6917
2025-06-30,39.548,5.69844,72.9587,31794.4,-0.080045,83.4562,4,-1.4635,1.30341,-2.71474,-0.212265,0.71585,1.89097,-17.166,-10.0135,17.0637,43.5721
2025-07-01,40.046,7.83553,72.9587,31794.4,0.724911,82.3386,4,0.14641,1.30341,-0.44231,0.73513,0.71585,1.89097,-17.9934,-8.8948,16.6316,42.5952
2025-07-02,40.121,7.90733,72.9587,31794.4,0.735521,81.3363,4,0.16763,1.30341,-0.424955,0.760215,0.71585,1.89097,-18.6311,-7.68832,16.1531,41.5026
2025-07-03,40.037,7.90667,72.9587,31794.4,0.727598,80.5314,4,0.151783,1.30341,-0.453807,0.757372,0.71585,1.89097,-18.9312,-6.44296,15.6238,40.2817
2025-07-04,40.138,8.04116,72.9587,31794.4,1.03054,80.3356,4,0.75766,1.30341,0.714458,0.800862,0.71585,1.89097,-18.3519,-5.11542,14.9956,38.8073
2025-07-07,40.442,8.65578,72.9587,31794.4,1.66518,81.9446,4,2.02695,1.30341,3.00213,1.05178,0.71585,1.89097,-15.2579,-3.58684,14.1141,36.6753
2025-07-08,40.613,8.84968,72.9587,31794.4,1.40959,82.7397,4,1.51576,1.30341,1.90029,1.13123,0.71585,1.89097,-13.4041,-2.06593,13.3542,34.8555
2025-07-09,40.416,8.9369,72.9587,31794.4,1.18779,83.2754,4,1.08232,1.29325,1.00088,1.16375,0.71585,1.87066,-11.9465,-0.54741,12.6375,33.1318
2025-07-10,40.627,9.07089,72.9587,31794.4,1.43169,84.4557,4,1.58028,1.28309,1.94353,1.21704,0.71585,1.85034,-9.4237,0.882153,11.8341,31.1632
2025-07-11,40.741,8.94918,72.9587,31794.4,1.41333,85.8434,4,1.5636,1.26306,1.96359,1.16362,0.675783,1.85034,-6.45685,2.17917,10.9964,29.1247
2025-07-14,40.426,9.13104,72.9587,31794.4,0.926215,85.7963,4,0.608716,1.24371,-0.0218877,1.23932,0.637088,1.85034,-5.77514,3.51683,10.3953,27.6593
2025-07-15,40.433,8.95432,72.7908,32049.5,0.848627,85.9595,4,0.306681,1.39057,-0.549646,1.16301,0.381285,2.39986,-4.88664,4.8013,9.54944,26.4954
2025-07-16,40.284,8.98984,72.7908,32049.5,0.830242,87.0677,4,0.393455,1.26703,-0.391437,1.17835,1.0707,1.46336,-4.22871,5.98435,9.63903,25.6731
2025-07-17,40.358,9.03667,72.7908,32049.5,0.717783,87.726,4,0.18315,1.25242,-0.832269,1.19857,1.04147,1.46336,-4.28962,7.18422,9.76011,25.0713
2025-07-21,40.192,8.72899,72.7908,32049.5,0.455951,87.9826,4,-0.340513,1.25242,-1.74673,1.06571,1.04147,1.46336,-4.78241,8.16433,9.93766,24.6631
2025-07-22,39.981,8.82688,72.7908,32049.5,0.549242,88.8408,4,-0.153932,1.25242,-1.41347,1.10561,1.04147,1.46336,-4.26954,9.07266,10.0097,24.0279
2025-07-23,40.036,8.68914,72.7908,32049.5,0.574421,89.6492,4,-0.103574,1.25242,-1.25009,1.04294,1.04147,1.46336,-3.71869,9.89158,10.0755,23.4008
2025-07-24,40.06,8.6655,72.7908,32049.5,0.713776,90.6036,4,0.175136,1.25242,-0.679757,1.03003,1.04147,1.46336,-2.82282,10.6392,10.0951,22.6921
2025-07-25,40.001,8.65637,72.7908,32049.5,0.605483,91.4191,4,-0.0414489,1.25242,-1.10458,1.02168,1.04147,1.46336,-2.13923,11.4068,10.1228,22.0287
2025-07-28,40.007,8.35051,72.7908,32049.5,0.710809,92.2134,4,0.169203,1.25242,-0.548612,0.887019,1.04147,1.46336,-1.25902,11.98,10.1351,21.3573
2025-07-29,40.089,7.51277,72.7908,32049.5,0.859689,93.2833,4,0.466962,1.25242,0.402551,0.531373,1.04147,1.46336,0.637763,12.0907,10.0474,20.5074
2025-07-30,40.162,6.10576,72.7908,32049.5,0.724569,93.283,4,0.196723,1.25242,0.457826,-0.0643813,1.04147,1.46336,1.17536,11.6133,10.242,20.2523
2025-07-31,40.196,6.0781,72.7908,32049.5,0.729485,93.2765,4,0.206555,1.25242,0.489046,-0.0759356,1.04147,1.46336,1.72155,11.116,10.4384,20.0005
2025-08-01,40.132,6.05668,72.7908,32049.5,0.723393,93.2719,4,0.19437,1.25242,0.471805,-0.0830642,1.04147,1.46336,2.27475,10.6153,10.6343,19.7476
2025-08-04,40.113,5.99215,72.7908,32049.5,0.695737,92.9041,4,0.139058,1.25242,0.385649,-0.107534,1.04147,1.46336,2.09947,10.1751,10.939,19.6906
2025-08-05,40.132,5.29098,72.7908,32049.5,0.568642,91.591,4,-0.115132,1.25242,0.171961,-0.402225,1.04147,1.46336,0.404427,9.60569,11.5045,20.0764
2025-08-06,40.033,5.04608,72.7908,32049.5,0.403323,90.2326,4,-0.445769,1.25242,-0.39752,-0.494017,1.04147,1.46336,-1.05855,8.84546,12.0524,20.3933
2025-08-07,40.036,4.80709,72.7908,32049.5,0.354167,88.9907,4,-0.544081,1.25242,-0.503883,-0.584278,1.04147,1.46336,-2.07215,7.90561,12.5506,20.6067
2025-08-08,39.924,4.37311,72.7908,32049.5,0.268377,87.0741,4,-0.715662,1.25242,-0.665758,-0.765565,1.04147,1.46336,-3.90665,6.81263,13.1697,20.9985
2025-08-11,40.026,4.34601,72.7908,32049.5,0.366331,85.1615,4,-0.516192,1.24885,-0.256781,-0.775603,1.03435,1.46336,-5.55815,5.64685,13.7756,21.2971
2025-08-12,39.998,3.5057,72.7908,32049.5,0.230109,83.7899,4,-0.771139,1.23136,-0.412411,-1.12987,1.02361,1.43911,-5.92952,4.06565,14.2844,21.3694
2025-08-13,39.987,3.49734,72.7908,32049.5,0.299682,82.6519,4,-0.617419,1.21678,-0.109056,-1.12578,1.01792,1.41565,-5.69018,2.47662,14.9257,20.9398
2025-08-14,40.062,3.39155,71.5687,32646.8,-0.257779,80.2501,4,-0.511841,-0.00371654,0.136312,-1.15999,-1.61575,1.60831,-5.4411,0.818971,13.3156,21.5566
2025-08-15,40.051,3.29875,71.5687,32646.8,-0.178992,78.1268,4,-0.354268,-0.00371654,0.48183,-1.19036,-1.61575,1.60831,-4.55863,-0.953569,11.5741,22.0648
2025-08-18,40.151,3.13578,71.5687,32646.8,-0.1953,76.5057,4,-0.386883,-0.00371654,0.473917,-1.24768,-1.61575,1.60831,-2.93317,-2.71844,9.70586,22.4515
2025-08-19,40.188,2.47003,71.5687,32646.8,-0.218889,74.5113,4,-0.407122,-0.0306571,0.690242,-1.50449,-1.61575,1.55443,-1.35762,-4.761,7.7986,22.8313
2025-08-20,40.006,2.95907,71.5687,32646.8,-0.33376,72.0437,4,-0.595969,-0.071552,0.101881,-1.29382,-1.61575,1.47264,-0.323802,-6.65356,5.84299,23.1781
2025-08-21,40.06,2.99224,71.5687,32646.8,-0.361326,68.9806,4,-0.621586,-0.101066,0.0301302,-1.2733,-1.61575,1.41361,0.233188,-8.5801,3.82981,23.4977
2025-08-22,39.973,3.04779,71.5687,32646.8,-0.423549,65.9194,4,-0.733144,-0.113954,-0.229485,-1.2368,-1.61375,1.38584,0.937617,-10.4983,1.74943,23.7307
2025-08-26,40.004,3.06088,71.5687,32646.8,-0.477953,62.2491,4,-0.841952,-0.113954,-0.464361,-1.21954,-1.61375,1.38584,1.0169,-12.3294,-0.383496,23.9451
2025-08-27,40.005,2.96376,71.5687,32646.8,-0.515987,57.8614,4,-0.918019,-0.113954,-0.586836,-1.2492,-1.61375,1.38584,0.21658,-13.9061,-2.56129,24.1122
2025-08-28,39.988,2.87628,71.5687,32646.8,-0.382594,54.2549,4,-0.651234,-0.113954,-0.0245553,-1.27791,-1.61375,1.38584,-0.179225,-14.969,-4.7574,24.1605
2025-08-29,39.995,2.85315,71.5687,32646.8,-0.424411,50.459,4,-0.734868,-0.113954,-0.185172,-1.28456,-1.61375,1.38584,-0.735223,-15.9933,-6.95467,24.1421
2025-09-01,40.007,2.81385,71.5687,32646.8,-0.343966,46.9432,4,-0.573978,-0.113954,0.147562,-1.29552,-1.61375,1.38584,-1.00149,-16.9762,-9.13423,24.0552
2025-09-02,40.056,2.85269,71.5687,32646.8,-0.323326,43.6083,4,-0.532698,-0.113954,0.201703,-1.2671,-1.61375,1.38584,-1.14912,-17.8714,-11.2828,23.9116
2025-09-03,40.05,2.84548,71.5687,32646.8,-0.327922,40.7105,4,-0.541889,-0.113954,0.173196,-1.25697,-1.61375,1.38584,-1.14253,-18.4828,-13.3965,23.7323
2025-09-04,40.143,2.8247,71.5687,32646.8,-0.235026,38.677,4,-0.356099,-0.113954,0.544559,-1.25676,-1.61375,1.38584,-0.371487,-19.0188,-15.4942,23.5615
2025-09-05,39.952,3.31901,71.5687,32646.8,-0.353822,36.4576,4,-0.593689,-0.113954,-0.131875,-1.0555,-1.61375,1.38584,-0.068647,-19.2839,-17.5454,23.3556
2025-09-08,39.92,3.17636,71.5687,32646.8,-0.40344,34.3927,4,-0.695447,-0.111432,-0.282539,-1.10836,-1.60871,1.38584,0.239362,-19.4285,-19.5534,23.1353
2025-09-09,40.007,3.13893,71.5687,32646.8,-0.372302,32.1751,4,-0.635679,-0.108926,-0.152167,-1.11919,-1.60369,1.38584,0.320557,-19.536,-21.4855,22.876
2025-09-10,40.036,3.13897,71.5687,32646.8,-0.337124,30.5138,4,-0.575859,-0.0983901,-0.0325398,-1.11918,-1.58262,1.38584,0.618244,-19.3843,-23.3864,22.6662
2025-09-11,40.12,3.21847,71.5687,32646.8,-0.330822,28.7132,4,-0.573517,-0.0881274,-0.0590149,-1.08802,-1.5621,1.38584,0.651906,-19.1819,-25.1976,22.4408
2025-09-12,40.16,3.17145,71.5687,32646.8,-0.138401,29.0502,4,-0.188675,-0.0881274,0.729098,-1.10645,-1.5621,1.38584,1.1179,-19.1737,-25.1999,22.3058
2025-09-15,40.187,3.17354,72.3684,32959.1,0.278692,30.3592,4,-0.0875774,0.644961,0.930472,-1.10563,-0.63709,1.92701,1.47925,-19.2312,-24.591,22.7021
2025-09-16,39.973,3.60181,72.3684,32959.1,-0.0822681,30.6865,4,-0.515062,0.350526,-0.0923316,-0.937793,-0.757569,1.45862,1.03391,-19.0157,-23.9503,22.6186
2025-09-17,39.93,3.58747,72.3684,32959.1,-0.156187,30.8687,4,-0.637234,0.324861,-0.331059,-0.94341,-0.757569,1.40729,0.226792,-18.5878,-23.2914,22.5212
2025-09-18,39.89,3.2388,72.3684,32959.1,-0.287096,31.0046,4,-0.912341,0.338148,-0.744628,-1.08005,-0.730995,1.40729,-0.443187,-18.4301,-22.6055,22.4834
2025-09-19,39.805,3.26152,72.3684,32959.1,-0.372285,30.9727,4,-1.11962,0.375045,-1.16808,-1.07115,-0.657201,1.40729,-1.39152,-18.2674,-21.8435,22.4751
2025-09-22,39.872,3.25787,72.3684,32959.1,-0.326195,31.257,4,-1.05104,0.398655,-1.02951,-1.07258,-0.60998,1.40729,-2.02734,-18.1606,-21.0759,22.5209
2025-09-23,39.889,3.2474,72.3684,32959.1,-0.129613,32.2832,4,-0.657882,0.398655,-0.239078,-1.07668,-0.60998,1.40729,-1.85698,-18.1273,-20.3701,22.6376
2025-09-24,39.884,3.2468,72.3684,32959.1,-0.0971189,33.5352,4,-0.592893,0.398655,-0.108867,-1.07692,-0.60998,1.40729,-1.48386,-18.0798,-19.6687,22.7676
2025-09-25,39.856,3.25138,72.3684,32959.1,-0.0856466,34.4342,4,-0.569948,0.398655,-0.0647745,-1.07512,-0.60998,1.40729,-1.52105,-17.9768,-18.9281,22.8601
2025-09-26,39.899,3.27961,72.3684,32959.1,0.0262986,35.8154,4,-0.346058,0.398655,0.371944,-1.06406,-0.60998,1.40729,-1.07889,-17.8828,-18.2069,22.984
2025-09-29,39.849,3.29953,72.3684,32959.1,-0.0742604,36.651,4,-0.543216,0.394695,-0.0301796,-1.05625,-0.6179,1.40729,-1.22537,-17.7355,-17.4487,23.0606
2025-09-30,39.845,3.25705,72.3684,32959.1,-0.0978324,37.3546,4,-0.586247,0.390582,-0.0995942,-1.0729,-0.626126,1.40729,-1.47194,-17.6142,-16.6841,23.1248
2025-10-01,39.875,3.27694,72.3684,32959.1,-0.0657145,38.178,4,-0.521962,0.390533,0.0211801,-1.06511,-0.626224,1.40729,-1.59864,-17.4976,-15.9194,23.1937
2025-10-02,39.912,3.16942,72.3684,32959.1,-0.0202339,38.8566,4,-0.430023,0.389555,0.247196,-1.10724,-0.628181,1.40729,-1.84322,-17.4059,-15.145,23.2507
2025-10-03,39.869,2.71563,72.3684,32959.1,-0.1396,39.5367,4,-0.667201,0.388,-0.0493209,-1.28508,-0.630151,1.40615,-1.77892,-17.6208,-14.3681,23.3046
2025-10-06,39.895,2.71513,72.3684,32959.1,-0.073484,40.5906,4,-0.533832,0.386864,0.217613,-1.28528,-0.630151,1.40388,-1.37461,-17.8053,-13.6018,23.3722
2025-10-07,39.905,2.59057,72.3684,32959.1,-0.0733425,41.5513,4,-0.532982,0.386297,0.268126,-1.33409,-0.630151,1.40274,-1.03337,-18.014,-12.8306,23.4292
2025-10-08,40.033,2.83634,72.3684,32959.1,0.036671,42.7597,4,-0.309179,0.382521,0.617194,-1.23555,-0.630151,1.39519,-0.50293,-18.1459,-12.0759,23.4844
2025-10-09,40.055,2.73585,72.3684,32959.1,0.0132241,43.8779,4,-0.351801,0.378249,0.570164,-1.27377,-0.630151,1.38665,0.0127795,-18.3273,-11.3301,23.5225
2025-10-10,40.169,2.90543,72.3684,32959.1,0.172514,44.8927,4,-0.0291273,0.374155,1.13245,-1.19071,-0.630151,1.37846,0.34432,-18.4186,-10.5778,23.5448
2025-10-13,40.082,2.99334,72.3684,32959.1,0.0824638,44.2518,4,-0.205707,0.370635,0.727932,-1.13935,-0.630151,1.37142,0.177718,-18.4328,-10.5643,23.0711
2025-10-14,40.139,2.31912,72.3684,32959.1,0.00809264,44.5467,4,-0.248282,0.264467,0.895823,-1.39239,-0.429461,0.958394,0.989647,-18.8127,-10.2984,22.6682
2025-10-15,40.016,2.56069,72.1945,33064.7,-0.201024,44.4003,4,-0.645231,0.243182,-0.00172337,-1.28874,-0.637301,1.12367,1.26001,-19.0932,-10.1979,22.4314
2025-10-16,39.95,2.60787,72.1945,33064.7,-0.275595,44.4379,4,-0.794372,0.243182,-0.330788,-1.25796,-0.637301,1.12367,1.60004,-19.2402,-10.1213,22.1994
2025-10-17,39.865,2.60751,72.1945,33064.7,-0.458567,44.1564,4,-1.16032,0.243182,-1.0778,-1.24283,-0.637301,1.12367,1.67363,-19.3746,-10.1016,21.9589
2025-10-20,39.795,2.61226,72.1945,33064.7,-0.438277,43.7911,4,-1.11974,0.243182,-1.0127,-1.22678,-0.637301,1.12367,1.68665,-19.4921,-10.1193,21.7158
2025-10-21,39.815,2.61442,72.1945,33064.7,-0.469463,42.6869,4,-1.18211,0.243182,-1.14882,-1.21539,-0.637301,1.12367,0.938405,-19.5749,-10.1256,21.4489
2025-10-22,39.865,2.6577,72.1945,33064.7,-0.303,42.0206,4,-0.849182,0.243182,-0.509795,-1.18857,-0.637301,1.12367,0.609169,-19.645,-10.137,21.1934
2025-10-23,39.86,2.64604,72.1945,33064.7,-0.242509,41.5146,4,-0.7282,0.243182,-0.269556,-1.18684,-0.637301,1.12367,0.441133,-19.7188,-10.1503,20.9425
2025-10-24,39.913,2.66096,72.1945,33064.7,-0.106919,41.0859,4,-0.45702,0.243182,0.260684,-1.17472,-0.637301,1.12367,0.349852,-19.7935,-10.1645,20.694
2025-10-27,39.842,2.7006,72.1945,33064.7,-0.102538,40.995,4,-0.448259,0.243182,0.257625,-1.15414,-0.637301,1.12367,0.584958,-19.87,-10.1785,20.4586
2025-10-28,39.876,2.71746,72.1945,33064.7,-0.0855699,41.0344,4,-0.414322,0.243182,0.311922,-1.14057,-0.637301,1.12367,0.921282,-19.9268,-10.1884,20.2284
2025-10-29,39.867,2.70554,72.1945,33064.7,-0.141502,40.7911,4,-0.526187,0.243182,0.08178,-1.13415,-0.637301,1.12367,0.97034,-19.9737,-10.1926,19.9871
2025-10-30,39.843,2.68968,72.1945,33064.7,-0.160248,40.3425,4,-0.563678,0.243182,0.00562782,-1.13298,-0.637301,1.12367,0.772325,-19.9765,-10.1908,19.7374
2025-10-31,39.799,2.69102,72.1945,33064.7,-0.25243,39.9819,4,-0.748043,0.243182,-0.369018,-1.12707,-0.637301,1.12367,0.511048,-19.8323,-10.1888,19.4919
2025-11-03,39.758,2.69594,72.1945,33064.7,-0.224245,39.5014,4,-0.685762,0.237271,-0.252099,-1.11942,-0.637301,1.11184,0.127903,-19.676,-10.1837,19.2332
2025-11-04,39.808,2.74016,72.1945,33064.7,-0.203977,39.0863,4,-0.639224,0.23127,-0.1851,-1.09335,-0.637301,1.09984,-0.241033,-19.461,-10.1797,18.9681
2025-11-05,39.807,2.44439,72.1945,33064.7,-0.226366,38.2544,4,-0.669015,0.216283,-0.147284,-1.19075,-0.637301,1.06987,-0.861348,-19.3845,-10.1645,18.6648
2025-11-06,39.774,2.43107,72.1945,33064.7,-0.268804,37.3684,4,-0.683796,0.146187,-0.179397,-1.18819,-0.637301,0.929675,-1.46655,-19.2691,-10.1461,18.2502
2025-11-07,39.777,2.12849,72.1945,33064.7,-0.289708,35.9308,4,-0.647792,0.0683766,0.00342823,-1.29901,-0.637301,0.774054,-2.37106,-19.2743,-10.1086,17.6847
2025-11-10,39.749,2.03689,72.1945,33064.7,-0.304184,34.7433,4,-0.64021,0.0318411,0.0521398,-1.33256,-0.637301,0.700984,-2.90476,-19.3539,-10.0747,17.0766
2025-11-11,39.75,1.92712,72.1945,33064.7,-0.366365,33.6074,4,-0.754765,0.022035,-0.136765,-1.37276,-0.637301,0.681371,-3.71914,-19.2587,-10.1996,16.7848
2025-11-12,39.771,1.69716,72.1945,33064.7,-0.179306,33.6729,4,-0.754028,0.395415,-0.051068,-1.45699,0.774252,0.0165793,-3.75955,-19.3981,-9.07231,15.9029
2025-11-13,39.758,1.62152,72.1945,33064.7,-0.18649,33.9421,4,-0.729902,0.356922,0.0248858,-1.48469,0.698017,0.0158279,-3.47835,-19.5992,-8.01152,15.0312
2025-11-14,39.778,1.47764,71.8111,33185.7,-0.272493,34.5069,4,-0.724526,0.17954,0.08833,-1.53738,0.212479,0.146602,-2.54921,-19.8757,-7.3456,14.2774
2025-11-17,39.812,1.37878,71.8111,33185.7,-0.221195,35.1702,4,-0.62193,0.17954,0.329731,-1.57359,0.212479,0.146602,-1.4748,-20.2002,-6.67859,13.5238
2025-11-18,39.818,1.36811,71.8111,33185.7,-0.21731,35.9464,4,-0.614161,0.17954,0.349176,-1.5775,0.212479,0.146602,-0.270053,-20.5434,-6.00994,12.7698
2025-11-19,39.753,1.40157,71.8111,33185.7,-0.298202,35.9612,4,-0.778054,0.18165,0.0091378,-1.56525,0.212479,0.150822,0.14859,-20.8483,-5.32465,11.9855
2025-11-20,39.778,1.42797,71.8111,33185.7,-0.257235,35.9157,4,-0.701413,0.186943,0.152749,-1.55558,0.212479,0.161406,0.489219,-21.1427,-4.63841,11.2076
2025-11-21,39.731,1.3711,71.8111,33185.7,-0.32121,35.2559,4,-0.842687,0.200267,-0.108968,-1.57641,0.212479,0.188056,0.190632,-21.4208,-3.94448,10.4305
2025-11-24,39.719,1.24366,71.8111,33185.7,-0.372844,34.4299,4,-0.957121,0.211433,-0.291162,-1.62308,0.212479,0.210387,-0.250384,-21.7364,-3.25122,9.66788
2025-11-25,39.738,1.21005,71.8111,33185.7,-0.363152,33.5894,4,-0.937753,0.21145,-0.240117,-1.63539,0.212479,0.210421,-0.691337,-22.0654,-2.56126,8.90739
2025-11-26,39.671,1.32429,71.8111,33185.7,-0.354826,32.9489,4,-0.92112,0.211467,-0.248692,-1.59355,0.212479,0.210456,-0.953403,-22.3775,-1.87664,8.15643
2025-11-27,39.469,2.1756,71.8111,33185.7,-0.50222,31.9326,4,-1.21591,0.211467,-1.15005,-1.28176,0.212479,0.210456,-1.86804,-22.4026,-1.19336,7.39659
2025-11-28,39.264,2.74649,71.8111,33185.7,-0.60748,30.8917,4,-1.42643,0.211467,-1.78285,-1.07,0.212479,0.210456,-2.97814,-22.2548,-0.515536,6.64017
2025-12-01,39.324,2.85084,71.8111,33185.7,-0.526065,30.0186,4,-1.2636,0.211467,-1.49531,-1.03188,0.212479,0.210456,-3.94557,-22.0947,0.156186,5.90269
2025-12-02,39.156,3.05602,71.8111,33185.7,-0.692838,28.6288,4,-1.59714,0.211467,-2.24233,-0.951956,0.212479,0.210456,-5.52757,-21.829,0.820002,5.16538
2025-12-03,39.097,3.04982,71.8111,33185.7,-0.682621,27.3599,4,-1.57671,0.211467,-2.20642,-0.947,0.212479,0.210456,-7.08894,-21.4873,1.47455,4.46158
2025-12-04,39.051,3.05125,71.8111,33185.7,-0.524884,26.6601,4,-1.26124,0.211467,-1.57929,-0.943178,0.212479,0.210456,-8.14312,-21.2097,2.12607,3.88675
2025-12-05,39.058,3.05595,71.8111,33185.7,-0.313579,26.5953,4,-0.838625,0.211467,-0.735761,-0.941489,0.212479,0.210456,-8.71172,-20.9248,2.78255,3.44929
2025-12-08,39.178,3.3674,71.8111,33185.7,-0.226618,26.806,4,-0.664704,0.211467,-0.499865,-0.829544,0.212479,0.210456,-9.15023,-20.5617,3.44421,3.07374
2025-12-09,39.361,3.86867,71.8111,33185.7,0.162549,28.2652,4,0.11363,0.211467,0.883898,-0.656638,0.212479,0.210456,-8.42933,-20.1736,4.13649,2.73158
2025-12-10,39.225,3.98656,71.8111,33185.7,0.0971011,29.0426,4,-0.0162662,0.210468,0.58126,-0.613792,0.210481,0.210456,-7.96822,-19.5955,3.71146,2.89486
2025-12-11,39.166,3.99421,71.8111,33185.7,-0.277467,28.7856,4,-0.0415781,-0.513355,0.527854,-0.61101,-0.745112,-0.281599,-7.56371,-18.8852,2.57639,2.65808
2025-12-12,39.111,3.97219,71.8111,33185.7,-0.340844,28.5932,4,-0.168333,-0.513355,0.28235,-0.619015,-0.745112,-0.281599,-7.40425,-18.1476,1.82465,2.3204
2025-12-15,38.948,4.0864,71.7468,33503.7,-0.509128,27.7897,4,-0.70748,-0.310776,-0.837456,-0.577504,-0.821982,0.200431,-8.28101,-17.2925,1.01095,2.35219
2025-12-16,39.165,4.70842,71.7468,33503.7,-0.418755,27.2341,4,-0.521323,-0.316187,-0.692974,-0.349671,-0.821982,0.189609,-9.06404,-16.2846,0.204574,2.37816
2025-12-17,39.247,4.80836,71.7468,33503.7,-0.194898,27.5183,4,-0.0713704,-0.318425,0.168315,-0.311056,-0.821982,0.185132,-8.95504,-15.3358,-0.599589,2.40872
2025-12-18,39.182,4.79679,71.7468,33503.7,-0.202223,27.6703,4,-0.0842455,-0.3202,0.145585,-0.314076,-0.821982,0.181583,-8.96832,-14.3826,-1.40529,2.4265
2025-12-19,39.043,4.89763,71.7468,33503.7,-0.274889,27.7985,4,-0.230118,-0.319661,-0.184953,-0.275284,-0.821982,0.182661,-9.03396,-13.3795,-2.21207,2.42404
2025-12-22,39.07,4.92562,71.7468,33503.7,-0.0796899,28.6169,4,0.158719,-0.318099,0.579859,-0.262421,-0.819985,0.183787,-8.3928,-12.3746,-3.02975,2.41405
2025-12-23,39.177,5.06782,71.7468,33503.7,-0.178057,29.1394,4,-0.0385132,-0.317602,0.129755,-0.206782,-0.819985,0.184781,-8.12551,-11.2876,-3.84802,2.40052
2025-12-24,39.246,5.12709,71.7468,33503.7,-0.185181,29.6222,4,-0.0528359,-0.317527,0.0719157,-0.177588,-0.819985,0.184931,-7.89319,-10.2015,-4.66938,2.3863
2025-12-26,39.137,4.91454,71.7468,33503.7,-0.247196,30.3548,4,-0.177015,-0.317377,-0.104999,-0.24903,-0.819985,0.18523,-7.09647,-9.42277,-5.50087,2.37489
2025-12-29,39.136,4.57806,71.7468,33503.7,-0.137616,31.7252,4,0.0420709,-0.317302,0.452359,-0.368217,-0.819985,0.18538,-5.36548,-8.92402,-6.355,2.36974
2025-12-30,39.041,4.59974,71.7468,33503.7,-0.258745,32.5164,4,-0.200188,-0.317302,-0.0439196,-0.356456,-0.819985,0.18538,-4.22687,-8.41554,-7.19882,2.35764
2026-01-02,38.886,4.5666,71.7468,33503.7,-0.525619,33.0154,4,-0.733935,-0.317302,-1.10156,-0.366311,-0.819985,0.18538,-3.32455,-7.96483,-8.03755,2.34235
2026-01-05,38.931,4.57461,71.7468,33503.7,-0.547672,33.4203,4,-0.778042,-0.317302,-1.19359,-0.362498,-0.819985,0.18538,-2.51987,-7.50997,-8.87582,2.32598
2026-01-07,38.922,4.56046,71.7468,33503.7,-0.448574,33.6502,4,-0.579846,-0.317302,-0.792704,-0.366987,-0.819985,0.18538,-1.89253,-7.05537,-9.70989,2.30794
2026-01-08,38.935,4.56234,71.7468,33503.7,-0.433257,33.29,4,-0.549211,-0.317302,-0.736188,-0.362234,-0.819985,0.18538,-1.89027,-6.58272,-10.5218,2.28473
2026-01-09,38.815,4.50799,71.7468,33503.7,-0.461966,32.5862,4,-0.60663,-0.317302,-0.838925,-0.374335,-0.819985,0.18538,-2.15524,-6.20157,-11.3154,2.25838
2026-01-12,38.72,4.12612,71.7468,33503.7,-0.435517,30.826,4,-0.553733,-0.317302,-0.598909,-0.508556,-0.819985,0.18538,-3.31179,-6.03744,-12.0463,2.22143
2026-01-13,38.597,4.10354,71.7468,33503.7,-0.6071,28.8087,4,-0.896898,-0.317302,-1.27793,-0.51587,-0.819985,0.18538,-4.73527,-5.90128,-12.7347,2.17992
2026-01-14,38.685,4.23571,71.1135,33472.1,-0.694905,27.6431,4,-0.669116,-0.720694,-0.878033,-0.460199,-1.57675,0.13536,-5.79948,-5.74663,-13.3014,2.49064
2026-01-15,38.599,4.26583,71.1135,33472.1,-0.788933,26.4182,4,-0.857172,-0.720694,-1.27334,-0.441,-1.57675,0.13536,-6.96002,-5.56796,-13.8488,2.79499
2026-01-16,38.415,4.33644,71.1135,33472.1,-0.83824,25.5365,4,-0.974909,-0.701571,-1.53723,-0.412587,-1.36891,-0.0342353,-7.45941,-5.41057,-14.1928,2.59927
2026-01-19,38.349,3.66359,71.1135,33472.1,-0.868829,24.3561,4,-1.03546,-0.702195,-1.42015,-0.65077,-1.36891,-0.035484,-7.95522,-5.59763,-14.4983,2.40725
2026-01-20,38.218,3.55717,71.1135,33472.1,-0.884498,22.6062,4,-1.06609,-0.70291,-1.45036,-0.681816,-1.36891,-0.0369139,-9.07235,-5.80547,-14.7255,2.20949
2026-01-21,37.854,4.60789,71.1135,33472.1,-1.24742,20.0945,4,-1.8056,-0.689227,-3.30706,-0.304151,-1.34145,-0.037001,-11.4284,-5.67742,-14.8021,2.00244
2026-01-22,37.512,5.26828,71.1135,33472.1,-1.3615,17.6692,4,-2.03376,-0.689227,-4,-0.0675298,-1.34145,-0.037001,-13.9055,-5.39445,-14.8281,1.79728
2026-01-23,37.454,5.17571,71.1135,33472.1,-1.32683,15.1247,4,-1.96443,-0.689227,-3.82663,-0.102223,-1.34145,-0.037001,-16.5797,-5.12548,-14.7608,1.59068
2026-01-26,37.831,6.54425,71.1135,33472.1,-0.747909,14.0474,4,-0.806591,-0.689227,-2.00773,0.394548,-1.34145,-0.037001,-17.8179,-4.63878,-14.9114,1.41542
2026-01-27,37.983,6.74973,71.1135,33472.1,-0.438914,13.5849,4,-0.1886,-0.689227,-0.845102,0.467901,-1.34145,-0.037001,-18.3304,-4.16703,-15.172,1.25438
2026-01-28,38.793,10.496,71.1135,33472.1,1.05047,16.0617,4,2.78806,-0.687131,3.73694,1.83919,-1.33726,-0.037001,-16.2149,-2.82743,-16.0343,1.13837
2026-01-29,38.784,10.4952,71.1135,33472.1,1.11472,18.7153,4,2.91449,-0.685047,4,1.82898,-1.33309,-0.037001,-14.1074,-1.31156,-16.8756,1.00982
2026-01-30,38.5,10.7601,71.1135,33472.1,1.13811,21.9759,4,2.96116,-0.684943,4,1.92233,-1.33289,-0.037001,-11.4954,0.356406,-17.7582,0.87309
2026-02-02,38.523,10.6975,71.1135,33472.1,0.824957,25.4177,4,2.3261,-0.676188,2.7769,1.8753,-1.31537,-0.037001,-8.80705,2.08657,-18.5861,0.72434
2026-02-03,38.566,10.6967,71.1135,33472.1,0.714791,28.8737,4,2.09734,-0.667758,2.34043,1.85425,-1.29852,-0.037001,-6.21755,3.86576,-19.3393,0.564857
2026-02-04,38.641,10.7309,71.1135,33472.1,0.00381483,30.1639,4,0.675388,-0.667758,-0.512755,1.86353,-1.29852,-0.037001,-6.03705,5.64962,-19.8419,0.393159
2026-02-05,38.776,10.8161,71.1135,33472.1,0.148813,31.8609,4,0.965384,-0.667758,0.0422713,1.8885,-1.29852,-0.037001,-5.46507,7.4817,-20.3753,0.219485
2026-02-06,38.516,11.0201,71.1135,33472.1,0.189712,33.8068,4,1.04718,-0.667758,0.139157,1.95521,-1.29852,-0.037001,-4.72445,9.40562,-20.9175,0.0431109
2026-02-09,38.364,11.0703,71.1135,33472.1,0.0184697,35.1889,4,0.704698,-0.667758,-0.560338,1.96973,-1.29852,-0.037001,-4.71654,11.446,-21.405,-0.135637
2026-02-10,38.469,11.0766,71.1135,33472.1,0.0782697,37.3124,4,0.824298,-0.667758,-0.304677,1.95327,-1.29852,-0.037001,-3.95911,13.5211,-21.9329,-0.316658
2026-02-11,38.537,11.0631,71.1135,33472.1,0.0662296,39.7165,4,0.800588,-0.668129,-0.330339,1.93152,-1.29852,-0.0377426,-3.53682,15.5523,-21.8394,-0.459648
2026-02-12,38.731,11.1848,71.1135,33472.1,0.136225,42.6912,4,0.941368,-0.668917,-0.08912,1.97186,-1.29852,-0.0393186,-2.58628,17.6176,-21.7347,-0.605399
2026-02-13,38.841,11.0639,71.1135,33472.1,0.494736,47.047,4,1.65981,-0.670341,1.39101,1.92861,-1.29852,-0.0421667,-0.187362,19.6289,-21.7798,-0.6148
2026-02-18,38.79,11.0538,69.0674,32067.6,-0.699178,47.605,4,1.85542,-3.25377,1.79763,1.9132,-3.66532,-2.84223,2.463,21.7469,-23.6781,-2.92685
2026-02-19,38.76,10.9665,69.0674,32067.6,-0.793065,47.9059,4,1.56525,-3.15138,1.25446,1.87604,-3.2219,-3.08086,4.69157,23.8572,-25.2079,-5.43486
2026-02-20,38.708,10.3136,69.0674,32067.6,-0.977674,48.7944,4,1.19603,-3.15138,0.762549,1.62952,-3.2219,-3.08086,8.04656,25.4579,-26.7653,-7.94482
2026-02-23,38.353,10.3318,69.0674,32067.6,-1.5152,48.288,4,0.120971,-3.15138,-1.37497,1.61691,-3.2219,-3.08086,10.2081,26.8418,-28.3104,-10.4515
2026-02-24,38.397,10.2841,69.0674,32067.6,-1.57666,47.4656,4,-0.00194339,-3.15138,-1.59034,1.58646,-3.2219,-3.08086,12.0462,28.2228,-29.8489,-12.9546
2026-02-25,38.396,9.752,69.0674,32067.6,-1.57512,44.752,4,0.00114106,-3.15138,-1.38105,1.38333,-3.2219,-3.08086,12.5345,28.9727,-31.3279,-15.4273
2026-02-26,38.436,9.67668,69.0674,32067.6,-1.51987,41.2447,4,0.111637,-3.15138,-1.1108,1.33408,-3.2219,-3.08086,12.2518,29.5295,-32.7016,-17.8351
2026-02-27,38.402,5.91087,69.0674,32067.6,-1.81865,32.3352,4,-0.485925,-3.15138,-1.03804,0.0661904,-3.2219,-3.08086,8.13082,27.3487,-33.3503,-19.794
2026-03-02,38.74,6.7667,69.0674,32067.6,-1.11232,26.0313,4,0.92674,-3.15138,1.50191,0.351571,-3.2219,-3.08086,5.94613,25.3384,-33.7436,-21.5097
2026-03-03,39.232,7.57654,69.0674,32067.6,-0.645308,21.4835,4,1.86077,-3.15138,3.09893,0.622601,-3.2219,-3.08086,5.08205,23.551,-34.0636,-23.086
2026-03-04,39.33,7.59501,69.0674,32067.6,-0.561489,18.2912,4,2.0284,-3.15138,3.43084,0.625967,-3.2219,-3.08086,5.40875,21.9648,-34.4593,-24.6231
2026-03-05,39.99,9.40126,69.0674,32067.6,-0.264816,16.2244,4,2.62175,-3.15138,4,1.2435,-3.2219,-3.08086,6.46323,21.0416,-35.0517,-26.2287
2026-03-06,40.319,9.67067,69.0674,32067.6,-0.242515,15.7296,4,2.66635,-3.15138,4,1.3327,-3.2219,-3.08086,9.60227,20.544,-36.1994,-28.2172
2026-03-09,40.209,9.80554,69.0674,32067.6,-0.231788,14.9849,4,2.68781,-3.15138,4,1.37561,-3.2219,-3.08086,12.274,19.9962,-37.206,-30.0793
2026-03-10,39.967,9.72846,69.0674,32067.6,-0.585394,13.5419,4,1.98059,-3.15138,2.61638,1.3448,-3.2219,-3.08086,13.7308,19.1916,-37.8014,-31.5791
2026-03-11,40.158,9.52898,69.0674,32067.6,-0.530293,12.5798,4,2.09079,-3.15138,2.90857,1.27302,-3.2219,-3.08086,15.8748,18.4491,-38.5613,-33.1829
2026-03-12,40.372,9.58896,69.0674,32067.6,-0.916262,10.9599,4,1.31886,-3.15138,1.35099,1.28672,-3.2219,-3.08086,16.541,17.5228,-38.8022,-34.3018
2026-03-13,40.64,9.6994,69.0674,32067.6,-0.96351,9.44636,4,1.22436,-3.15138,1.12967,1.31905,-3.2219,-3.08086,17.0005,16.6326,-38.9223,-35.2643
2026-03-16,40.477,9.93505,69.0674,32067.6,-0.988999,7.97517,4,1.17338,-3.15138,0.949947,1.39682,-3.2219,-3.08086,17.094,15.7418,-38.8553,-36.0053
2026-03-17,40.492,9.9528,70.0078,33343.7,0.127958,7.53515,4,1.60295,-1.34703,1.80751,1.39838,-2.13415,-0.559905,17.1629,15.2474,-38.9442,-35.931
2026-03-18,40.562,9.87342,70.0078,33343.7,0.017074,8.41226,4,1.38118,-1.34703,1.39484,1.36752,-2.13415,-0.559905,17.2793,15.2337,-38.8234,-35.2773
2026-03-19,40.731,9.82929,70.0078,33343.7,-0.0280474,9.43144,4,1.29093,-1.34703,1.23461,1.34726,-2.13415,-0.559905,17.6537,15.2379,-38.9997,-34.4604
2026-03-20,40.735,9.7681,70.0078,33343.7,-0.397522,10.263,4,0.842644,-1.63769,0.365775,1.31951,-2.05974,-1.21563,17.6892,15.2895,-38.8929,-33.8227
2026-03-23,40.465,9.39381,70.0078,33343.7,-0.520448,11.8107,4,0.596791,-1.63769,0.0136628,1.17992,-2.05974,-1.21563,19.1049,15.4227,-39.198,-33.5189
2026-03-24,40.524,9.38773,70.0078,33343.7,-0.487044,13.6876,4,0.663598,-1.63769,0.157645,1.16955,-2.05974,-1.21563,20.8586,15.5854,-39.5413,-33.2151
2026-03-25,40.456,9.4693,70.0078,33343.7,-0.595472,15.5409,4,0.446744,-1.63769,-0.303032,1.19652,-2.05974,-1.21563,22.1323,15.8401,-39.7041,-32.7274
2026-03-26,40.613,9.46031,70.0078,33343.7,-0.606503,17.4115,4,0.424681,-1.63769,-0.343518,1.19288,-2.05974,-1.21563,23.1657,16.0843,-39.736,-32.1025
2026-03-27,40.56,9.48293,70.0078,33343.7,-0.653787,19.9958,4,0.330113,-1.63769,-0.537064,1.19729,-2.05974,-1.21563,24.1365,17.3351,-39.9127,-31.5631
2026-03-30,40.626,9.21571,70.0078,33343.7,-0.397753,21.6895,4,0.842181,-1.63769,0.592552,1.09181,-2.05974,-1.21563,23.8127,18.1436,-39.6323,-30.6344
2026-03-31,40.48,8.60269,70.0078,33343.7,-0.608765,21.7783,4,0.389738,-1.60727,-0.100383,0.879859,-2.05974,-1.15479,21.4376,18.3491,-38.792,-29.2163
2026-04-01,40.538,8.59574,70.0078,33343.7,-0.484516,21.966,4,0.598334,-1.56737,0.328885,0.867782,-2.05794,-1.07679,19.1471,18.5581,-37.9792,-27.7599
2026-04-06,40.612,6.48729,70.0078,33343.7,-0.7066,20.9014,4,0.098135,-1.51133,0.0414271,0.154843,-1.98903,-1.03363,16.0399,17.5864,-36.7294,-25.9956
2026-04-07,40.572,5.88474,70.0078,33343.7,-0.725891,19.772,4,0.017968,-1.46975,0.0781322,-0.0421963,-1.92618,-1.01332,12.9972,16.3999,-35.4092,-24.2158
2026-04-08,40.331,6.20859,70.0078,33343.7,-0.961107,18.1395,4,-0.458918,-1.4633,-0.985145,0.0673097,-1.91327,-1.01332,9.18638,15.1946,-33.9035,-22.3379
2026-04-09,40.339,5.76282,70.0078,33343.7,-0.856198,17.5555,4,-0.263833,-1.44856,-0.447571,-0.0800954,-1.8838,-1.01332,6.92778,14.0775,-32.7345,-20.7153
2026-04-10,40.223,5.64333,70.0078,33343.7,-1.01343,16.5435,4,-0.586507,-1.44034,-1.05305,-0.119968,-1.86736,-1.01332,4.03455,12.9304,-31.4067,-19.0147
2026-04-13,40.209,5.29392,70.0078,33343.7,-1.11911,16.1301,4,-0.797879,-1.44034,-1.35877,-0.236988,-1.86736,-1.01332,2.09827,11.7905,-30.2978,-17.4608
2026-04-14,39.9,5.28981,69.5038,33359.5,-1.47964,15.1089,4,-1.2683,-1.69097,-2.30634,-0.230265,-2.3959,-0.986036,-0.32827,10.5615,-29.3441,-15.7803
2026-04-15,39.768,5.24069,69.5038,33359.5,-1.38713,14.3511,4,-1.08329,-1.69097,-1.93009,-0.236498,-2.3959,-0.986036,-2.31725,9.32759,-28.4835,-14.1757
2026-04-16,39.741,5.22059,69.5038,33359.5,-1.41874,11.6535,4,-1.14652,-1.69097,-2.05362,-0.239422,-2.3959,-0.986036,-4.79048,7.87,-27.5289,-13.8971
2026-04-17,39.609,5.18677,69.5038,33359.5,-1.25635,9.7192,4,-1.18082,-1.33187,-2.11514,-0.246506,-1.73178,-0.931974,-6.87485,6.56164,-26.3146,-13.653
2026-04-20,39.687,4.93968,69.5038,33359.5,-1.19491,8.1637,4,-1.05795,-1.33187,-1.78626,-0.32965,-1.73178,-0.931974,-8.51925,5.30407,-25.191,-13.4301
2026-04-21,39.533,4.99259,69.5038,33359.5,-1.05486,7.37437,4,-0.777839,-1.33187,-1.24498,-0.310696,-1.73178,-0.931974,-9.33374,4.21039,-24.5044,-12.9979
2026-04-22,39.6,4.72158,69.5038,33359.5,-0.901629,6.94416,4,-0.471382,-1.33187,-0.539244,-0.403521,-1.73178,-0.931974,-9.55959,3.21068,-24.0278,-12.6792
2026-04-23,39.757,4.97627,69.5038,33359.5,-0.714194,6.69714,4,-0.0965122,-1.33187,0.120015,-0.313039,-1.73178,-0.931974,-9.51649,2.3037,-23.6672,-12.4229
2026-04-24,39.558,5.17773,69.5038,33359.5,-0.75519,6.52756,4,-0.178505,-1.33187,-0.119864,-0.237146,-1.73178,-0.931974,-9.36155,1.44093,-23.3577,-12.1942
2026-04-27,39.781,5.43237,69.5038,33359.5,-0.599899,6.5345,4,0.132076,-1.33187,0.40645,-0.142298,-1.73178,-0.931974,-8.91786,0.647956,-23.1675,-12.0281
2026-04-28,39.871,5.55485,69.5038,33359.5,-0.36662,6.84208,4,0.597538,-1.33078,1.29201,-0.0969349,-1.73178,-0.929781,-7.89978,-0.122035,-23.1739,-11.9622
2026-04-29,40.288,6.80787,69.5038,33359.5,0.0678493,7.36436,4,1.44847,-1.31277,2.54715,0.349787,-1.73178,-0.893763,-6.82338,-0.57476,-23.302,-11.9355
2026-04-30,40.253,6.70681,69.5038,33359.5,-0.107264,7.96043,4,1.08252,-1.29704,1.85028,0.31475,-1.73178,-0.862311,-5.7226,-0.932048,-23.4503,-11.9347
2026-05-04,40.163,6.70902,69.5038,33359.5,-0.00700878,8.56124,4,1.28303,-1.29704,2.24958,0.316475,-1.73178,-0.862311,-4.60178,-1.29016,-23.5777,-11.9692
2026-05-05,39.97,6.82175,69.5038,33359.5,-0.375083,8.99791,4,0.546878,-1.29704,0.736248,0.357508,-1.73178,-0.862311,-4.20738,-1.17461,-23.6433,-11.9768
2026-05-06,39.868,6.8502,69.5038,33359.5,-0.54399,9.24443,4,0.209064,-1.29704,0.0462754,0.371853,-1.73178,-0.862311,-4.24973,-0.917851,-23.6442,-11.9438
2026-05-07,39.749,6.63577,69.5038,33359.5,-1.03896,9.13832,4,-0.78087,-1.29704,-1.8587,0.296958,-1.73178,-0.862311,-4.79372,-0.770288,-23.4763,-11.8214
2026-05-08,39.747,6.63176,69.5038,33359.5,-1.00732,8.93491,4,-0.717606,-1.29704,-1.73119,0.295975,-1.73178,-0.862311,-5.58262,-0.529686,-23.2781,-11.6747
2026-05-11,39.711,6.5841,69.5038,33359.5,-0.959983,9.00645,4,-0.626107,-1.29386,-1.53099,0.278775,-1.72541,-0.862311,-5.89324,-0.278565,-23.2244,-11.5973
2026-05-12,39.812,6.68023,69.5038,33359.5,-0.690182,9.59613,4,-0.0942845,-1.28608,-0.50337,0.314801,-1.70985,-0.862311,-5.41907,0.0709427,-23.4114,-11.6444
2026-05-13,40.037,6.44357,69.5038,33359.5,-0.419115,11.175,4,0.443278,-1.28151,0.658186,0.228371,-1.70071,-0.862311,-3.62883,0.375282,-23.6581,-11.9134
2026-05-14,40.074,6.31384,69.5038,33359.5,-0.281999,13.0093,4,0.697685,-1.26168,1.21464,0.180732,-1.66106,-0.862311,-1.60346,0.669728,-23.8698,-12.1872
2026-05-15,40.297,6.55723,69.0458,33639.4,-0.0557972,15.5453,4,1.13474,-1.24633,1.99815,0.271325,-2.07345,-0.419213,1.18659,1.05192,-24.478,-12.2152
2026-05-19,40.301,6.38915,69.0458,33639.4,-0.0358646,18.0761,4,1.1746,-1.24633,2.14021,0.208992,-2.07345,-0.419213,4.29664,1.4116,-25.4338,-12.1983
2026-05-20,40.015,6.96959,69.0458,33639.4,-0.32304,20.0337,4,0.600249,-1.24633,0.774953,0.425545,-2.07345,-0.419213,6.26559,1.99494,-26.1726,-12.0543
2026-05-21,39.92,6.86583,69.0458,33639.4,-0.616041,21.0653,4,0.0142489,-1.24633,-0.359046,0.387543,-2.07345,-0.419213,6.98125,2.53215,-26.6651,-11.783
2026-05-22,39.96,6.85409,69.0458,33639.4,0.457235,24.451,4,0.0184998,0.895971,-0.346304,0.383303,-0.0622204,1.85416,7.31202,3.19899,-26.0927,-9.96731
2026-05-25,40.011,6.73736,69.0458,33639.4,0.295029,27.1438,4,-0.305912,0.895971,-0.952338,0.340514,-0.0622204,1.85416,6.60576,3.76125,-25.2463,-7.97683
2026-05-26,40.064,6.44068,69.0458,33639.4,0.310713,30.1397,4,-0.273794,0.89522,-0.777633,0.230044,-0.0622204,1.85266,6.19285,4.18978,-24.334,-5.90896
2026-05-27,40.093,6.16661,69.0458,33639.4,0.574541,33.6025,4,0.232661,0.916421,0.338032,0.127289,-0.0198193,1.85266,6.23051,4.46803,-23.3272,-3.76885
2026-05-28,40.133,6.13204,69.0458,33639.4,0.694767,36.8576,4,0.463203,0.926331,0.812078,0.114328,0,1.85266,5.91043,4.68781,-22.1814,-1.5592
2026-05-29,40.165,4.85294,69.0458,33639.4,0.568376,38.4277,4,0.210422,0.926331,0.781474,-0.36063,0,1.85266,4.50131,4.13077,-20.8697,0.665392
2026-06-01,40.319,5.04355,69.0458,33639.4,0.676927,40.9254,4,0.427524,0.926331,1.14032,-0.28527,0,1.85266,3.94657,3.66377,-19.5722,2.88726
2026-06-02,40.271,4.9931,69.0458,33639.4,0.584235,42.8339,4,0.242139,0.926331,0.78448,-0.300203,0,1.85266,2.75873,3.17046,-18.2177,5.12237
2026-06-03,40.364,4.68711,69.0458,33639.4,0.610907,46.0519,4,0.295484,0.926331,1.00036,-0.409396,0,1.85266,2.98652,2.55146,-16.8619,7.37576
2026-06-04,40.255,4.70022,69.0458,33639.4,0.484341,49.4355,4,0.0423523,0.926331,0.485183,-0.400479,0,1.85266,3.35304,1.91904,-15.4617,9.62513
2026-06-05,40.471,4.81406,69.0458,33639.4,0.657247,55.0141,4,0.388164,0.926331,1.12873,-0.352399,0,1.85266,5.79996,1.38027,-13.9979,11.8317
2026-06-08,40.498,4.802,69.0458,33639.4,0.545946,60.0396,4,0.165561,0.926331,0.682226,-0.351104,0,1.85266,7.72103,0.84153,-12.473,13.9501
2026-06-09,40.512,4.75867,69.0458,33639.4,0.598363,64.9195,4,0.270395,0.926331,0.899384,-0.358595,0,1.85266,9.57267,0.317524,-10.9178,15.9472
2026-06-10,40.674,4.84803,69.0458,33639.4,0.669478,68.9878,4,0.412625,0.926331,1.13736,-0.312107,0,1.85266,10.7194,-0.18382,-9.39064,17.8429
2026-06-11,40.542,4.76375,69.0458,33639.4,0.642272,72.0126,4,0.358214,0.926331,1.06013,-0.343705,0,1.85266,10.8715,-0.627125,-7.92322,19.6914
2026-06-12,40.353,5.11848,69.0458,33639.4,0.320832,73.6643,4,-0.284667,0.926331,-0.3581,-0.211233,0,1.85266,9.55291,-0.923838,-6.56464,21.5999
2026-06-15,40.323,4.74387,68.65,33493,0.0796096,74.0283,4,-0.457054,0.616273,-0.560907,-0.3532,-0.388985,1.62153,7.55952,-1.40298,-5.2519,23.1237
2026-06-16,40.172,4.92996,68.65,33493,-0.0471123,73.9982,4,-0.710497,0.616273,-1.13797,-0.283025,-0.388985,1.62153,5.03448,-1.78244,-3.95469,24.7009
2026-06-17,39.968,4.59064,68.65,33493,-0.399989,73.7915,4,-1.41625,0.616273,-2.42889,-0.403611,-0.388985,1.62153,2.5686,-2.42458,-2.6599,26.3074
2026-06-18,40.097,4.64556,68.65,33493,-0.906426,73.004,4,-0.94301,-0.869842,-1.50674,-0.379284,-1.293,-0.446679,1.69095,-3.03066,-2.06743,26.4112
2026-06-22,39.908,4.95252,68.65,33493,-0.872473,69.2537,4,-0.885258,-0.859689,-1.51271,-0.257801,-1.2727,-0.446679,0.802132,-3.59755,-3.06546,25.1145
2026-06-23,40.105,5.24428,68.65,33493,-0.608611,66.5813,4,-0.419576,-0.797646,-0.70011,-0.139042,-1.14861,-0.446679,1.01291,-4.02176,-3.96889,23.559
2026-06-24,40.128,5.22812,68.65,33493,-0.418958,64.3594,4,-0.108743,-0.729173,-0.082408,-0.135079,-1.01167,-0.446679,1.58118,-4.34766,-4.7653,21.8912
2026-06-25,40.216,5.27778,68.65,33493,-0.153704,62.0922,4,0.415336,-0.722744,0.947025,-0.116353,-0.998809,-0.446679,2.08587,-4.57446,-5.59151,20.1723
2026-06-26,40.123,5.33814,68.65,33493,-0.343272,58.7892,4,0.0361997,-0.722744,0.166572,-0.0941724,-0.998809,-0.446679,1.57392,-4.77936,-6.45011,18.4447
2026-06-29,40.175,5.35107,68.65,33493,-0.127001,56.5395,4,0.468741,-0.722744,1.02759,-0.0901051,-0.998809,-0.446679,1.78166,-4.57505,-7.29341,16.6263
2026-06-30,40.116,5.17779,68.65,33493,-0.372189,53.1073,4,-0.0216336,-0.722744,0.114072,-0.157339,-0.998809,-0.446679,0.94295,-4.48575,-8.14133,14.7914
2026-07-01,40.203,5.23391,68.65,33493,-0.309088,50.1654,4,0.104568,-0.722744,0.34593,-0.136793,-0.998809,-0.446679,0.582461,-4.3556,-8.97275,12.9113
2026-07-02,40.214,5.15995,68.65,33493,-0.383771,46.8894,4,-0.0447989,-0.722744,0.0677235,-0.157321,-0.998809,-0.446679,-0.186006,-4.14365,-9.78603,11.0051
2026-07-03,40.23,5.07598,68.65,33493,-0.293981,44.3395,4,0.134783,-0.722744,0.454172,-0.184607,-0.998809,-0.446679,-0.211041,-3.95657,-10.5834,9.09049
2026-07-06,40.251,4.67,68.65,33493,-0.359141,41.0462,4,0.00446203,-0.722744,0.344965,-0.336041,-0.998809,-0.446679,-0.850442,-3.92293,-11.3454,7.16492
2026-07-07,40.19,4.67606,68.65,33493,-0.363645,38.1508,4,0.00359966,-0.73089,0.335903,-0.328704,-0.998809,-0.462972,-1.12605,-3.87913,-12.0822,5.23818
2026-07-08,40.303,4.8067,68.65,33493,-0.327967,35.2689,4,0.0836774,-0.739611,0.437198,-0.269843,-0.997593,-0.481629,-1.48852,-3.77472,-12.7825,3.31466
2026-07-09,40.219,4.57247,68.65,33493,-0.435776,31.939,4,-0.131979,-0.739573,0.0879949,-0.351953,-0.996381,-0.482765,-2.30402,-3.75917,-13.4146,1.4168
2026-07-10,40.226,4.46579,68.65,33493,-0.45372,28.7749,4,-0.167867,-0.739573,0.0546918,-0.390427,-0.996381,-0.482765,-3.05705,-3.73981,-13.9952,-0.43305
2026-07-13,40.232,4.17091,68.65,33493,-0.495071,26.52,4,-0.250568,-0.739573,-0.00152028,-0.499616,-0.996381,-0.482765,-2.7427,-3.91549,-14.5886,-2.23322
2026-07-14,40.151,4.21906,68.65,33493,-0.506595,24.9572,4,-0.276099,-0.73709,-0.0776418,-0.474556,-0.996381,-0.4778,-2.34564,-3.96967,-14.9093,-3.81819
2026-07-15,40.177,4.01376,69.4439,33548.4,-0.273502,24.367,4,-0.482437,-0.0645675,-0.410254,-0.554621,0.27625,-0.405385,-1.7814,-4.16086,-14.3424,-5.34831
2026-07-16,40.228,3.55067,69.4439,33548.4,-0.183798,24.9304,4,-0.30903,-0.0585666,0.116124,-0.734184,0.27625,-0.393383,0.159637,-4.42985,-13.8883,-6.91101
2026-07-17,40.189,3.4057,69.4439,33548.4,-0.241516,26.7058,4,-0.424053,-0.0589795,-0.0634742,-0.784633,0.263422,-0.381381,1.27855,-4.79364,-12.8405,-6.93855
2026-07-20,40.11,3.00289,69.4439,33548.4,-0.393859,28.0221,4,-0.660433,-0.127285,-0.388856,-0.93201,0.12681,-0.381381,2.16474,-5.35583,-11.8465,-6.94027
2026-07-21,40.143,2.46051,69.4439,33548.4,-0.358862,28.7213,4,-0.528547,-0.189178,0.0571741,-1.11427,0.00302578,-0.381381,2.76573,-6.13947,-10.9897,-6.91533
2026-07-22,40.135,2.45388,69.4439,33548.4,-0.386921,28.8116,4,-0.583907,-0.189934,-0.0759006,-1.09191,0.00151289,-0.381381,2.77214,-6.89178,-10.2013,-6.86747
2026-07-23,40.2,2.39407,69.4439,33548.4,-0.377197,28.1846,4,-0.563703,-0.190691,-0.0190516,-1.10835,0,-0.381381,2.00877,-7.64308,-9.38757,-6.79354
2026-07-24,40.154,2.27851,69.4439,33548.4,-0.391403,28.0504,4,-0.592115,-0.190691,-0.0444485,-1.13978,0,-0.381381,1.84269,-8.45305,-8.6016,-6.73762
2026-07-27,40.203,2.27313,69.4439,33548.4,-0.262624,27.6741,4,-0.334558,-0.190691,0.461859,-1.13097,0,-0.381381,1.39849,-9.24557,-7.80615,-6.6727
2026-07-28,40.214,2.20325,69.4439,33548.4,-0.289288,27.9038,4,-0.387886,-0.190691,0.377131,-1.1529,0,-0.381381,1.60531,-10.0334,-7.03773,-6.63038
2026-07-29,40.223,2.06793,69.4439,33548.4,-0.284793,27.9713,4,-0.378896,-0.190691,0.444845,-1.20264,0,-0.381381,1.68303,-10.8681,-6.26162,-6.58195
2026-07-30,40.204,2.07298,69.4439,33548.4,-0.366773,28.0186,4,-0.542855,-0.190691,0.110232,-1.19594,0,-0.381381,1.71662,-11.681,-5.4843,-6.53274
2026-07-31,40.273,2.15849,69.4439,33548.4,-0.242896,28.1609,4,-0.295101,-0.190691,0.567923,-1.15812,0,-0.381381,1.80674,-12.4499,-4.70903,-6.48687
2026-08-03,40.193,2.26741,69.4439,33548.4,-0.3594,28.1602,4,-0.52811,-0.190691,0.0544924,-1.11071,0,-0.381381,1.58002,-13.0545,-3.92946,-6.43588
2026-08-04,40.256,2.27098,69.4439,33548.4,-0.306411,28.3201,4,-0.422131,-0.190691,0.259107,-1.10337,0,-0.381381,1.52141,-13.6709,-3.15264,-6.37774
2026-08-05,40.235,2.03638,69.4439,33548.4,-0.356844,28.2394,4,-0.522997,-0.190691,0.140044,-1.18604,0,-0.381381,1.28872,-14.3803,-2.37232,-6.29668
2026-08-06,40.269,1.91646,69.4439,33548.4,-0.313624,28.5815,4,-0.436558,-0.190691,0.351252,-1.22437,0,-0.381381,1.49702,-15.0893,-1.59727,-6.22895
2026-08-07,40.246,1.92891,69.4439,33548.4,-0.402948,28.7244,4,-0.615206,-0.190691,-0.0130535,-1.21736,0,-0.381381,1.44512,-15.748,-0.818459,-6.15429
2026-08-10,40.233,1.93215,69.4439,33548.4,-0.335889,29.1743,4,-0.481087,-0.190691,0.253988,-1.21616,0,-0.381381,1.64899,-16.3471,-0.0385359,-6.08912
2026-08-11,40.266,1.79706,69.4439,33548.4,-0.378077,29.5399,4,-0.565463,-0.190691,0.134987,-1.26591,0,-0.381381,1.81919,-16.9994,0.744675,-6.02459
2026-08-12,40.344,1.90019,69.4439,33548.4,-0.269064,29.5525,4,-0.347438,-0.190691,0.533058,-1.22793,0,-0.381381,2.56092,-17.5298,0.527541,-6.00609
2026-08-13,40.325,1.87146,69.4439,33548.4,-0.322859,29.1569,4,-0.455625,-0.190092,0.325124,-1.23637,0,-0.380185,2.71978,-17.8888,0.30974,-5.98374
2026-08-14,40.331,1.8266,68.9618,33580.1,-0.409188,28.6833,4,-0.404717,-0.413659,0.443432,-1.25286,-0.02355,-0.803767,3.10984,-18.2113,0.0843716,-6.29962
2026-08-17,40.261,1.79223,68.9618,33580.1,-0.47101,28.4666,4,-0.528362,-0.413659,0.208778,-1.2655,-0.02355,-0.803767,3.57347,-18.4511,-0.0332733,-6.62258
2026-08-18,40.319,1.83411,68.9618,33580.1,-0.436873,28.2482,4,-0.460087,-0.413659,0.315747,-1.23592,-0.02355,-0.803767,3.77118,-18.5244,-0.053986,-6.94461
2026-08-19,40.209,2.11021,68.9618,33580.1,-0.605783,27.64,4,-0.798077,-0.41349,-0.472897,-1.12326,-0.02355,-0.80343,3.44955,-18.4865,-0.0733093,-7.24972
2026-08-20,40.195,2.03572,68.9618,33580.1,-0.606765,27.009,4,-0.800209,-0.413321,-0.452071,-1.14835,-0.02355,-0.803093,3.10128,-18.4505,-0.0913045,-7.55044
2026-08-21,40.182,1.99526,68.9618,33580.1,-0.628993,26.3637,4,-0.844665,-0.413321,-0.532151,-1.15718,-0.02355,-0.803093,2.7126,-18.3927,-0.109143,-7.84704
2026-08-24,40.179,1.94561,68.9618,33580.1,-0.55868,25.5707,4,-0.704038,-0.413321,-0.248203,-1.15987,-0.02355,-0.803093,2.15341,-18.3238,-0.126702,-8.13226
2026-08-26,40.25,2.04596,68.9618,33580.1,-0.535413,24.921,4,-0.657504,-0.413321,-0.190524,-1.12448,-0.02355,-0.803093,1.70982,-18.2242,-0.144187,-8.42045
2026-08-27,40.266,2.0489,68.9618,33580.1,-0.403098,24.6119,4,-0.392861,-0.413336,0.337724,-1.12345,-0.0235786,-0.803093,1.62444,-18.1257,-0.161894,-8.72497
2026-08-28,40.288,2.04613,68.9618,33580.1,-0.365942,24.6141,4,-0.318534,-0.41335,0.487355,-1.12442,-0.0236073,-0.803093,1.91249,-18.0713,-0.179926,-9.04717
2026-08-31,40.244,1.99511,68.9618,33580.1,-0.402578,24.2001,4,-0.392752,-0.412405,0.356912,-1.14242,-0.0236073,-0.801203,1.74633,-18.0078,-0.197391,-9.34107
2026-09-01,40.236,1.85935,68.9618,33580.1,-0.412052,24.0644,4,-0.427217,-0.396887,0.335861,-1.19029,-0.0236073,-0.770166,1.95874,-18.0512,-0.215164,-9.62797
2026-09-02,40.233,1.77143,68.9618,33580.1,-0.49301,23.587,4,-0.602684,-0.383335,0.0159292,-1.2213,-0.0236073,-0.743063,1.76767,-18.079,-0.23233,-9.86936
2026-09-03,40.235,1.76192,68.9618,33580.1,-0.506613,23.2076,4,-0.62989,-0.383335,-0.0351269,-1.22465,-0.0236073,-0.743063,1.6303,-18.0578,-0.249532,-10.1153
2026-09-04,40.243,1.73557,68.9618,33580.1,-0.523153,22.6826,4,-0.66297,-0.383335,-0.0919946,-1.23395,-0.0236073,-0.743063,1.29001,-17.9935,-0.266323,-10.3477
2026-09-07,40.224,1.73184,68.9618,33580.1,-0.497688,22.4474,4,-0.61204,-0.383335,0.0111799,-1.23526,-0.0236073,-0.743063,1.30589,-17.9742,-0.283585,-10.6007
2026-09-08,40.216,1.72959,68.9618,33580.1,-0.49789,22.0485,4,-0.612446,-0.383335,0.0111632,-1.23605,-0.0236073,-0.743063,1.11981,-17.9326,-0.300384,-10.8384
2026-09-09,40.242,1.71946,68.9618,33580.1,-0.468224,21.8282,4,-0.553113,-0.383335,0.1334,-1.23963,-0.0236073,-0.743063,1.11663,-17.8811,-0.317512,-11.0898
2026-09-10,40.259,1.56727,68.9618,33580.1,-0.465845,21.352,4,-0.548354,-0.383335,0.196589,-1.2933,-0.0236073,-0.743063,0.861548,-17.8599,-0.33386,-11.3159
2026-09-11,40.2,1.63639,68.9618,33580.1,-0.529841,20.8576,4,-0.676347,-0.383335,-0.0837701,-1.26892,-0.0236073,-0.743063,0.554534,-17.8092,-0.349979,-11.5378
2026-09-14,40.218,1.64715,69.0525,33622.2,-0.295935,21.1272,4,-0.596454,0.00458497,0.0722177,-1.26513,0.454461,-0.445291,0.279731,-17.8594,0.00472404,-11.2978
2026-09-15,40.191,1.55075,69.0525,33622.2,-0.321221,21.487,4,-0.652325,0.00988287,-0.00552675,-1.29912,0.465057,-0.445291,0.120709,-17.9384,0.369227,-11.0645
2026-09-16,40.196,1.44575,69.0525,33622.2,-0.348878,21.7,4,-0.713189,0.0154337,-0.090225,-1.33615,0.476158,-0.445291,-0.182456,-18.0448,0.743299,-10.816
2026-09-17,40.164,1.11265,69.0525,33622.2,-0.427806,22.1346,4,-0.872325,0.0167134,-0.291027,-1.45362,0.478718,-0.445291,-0.0467103,-18.3559,1.12256,-10.5854
2026-09-18,40.142,1.12182,69.0525,33622.2,-0.377974,22.7004,4,-0.790656,0.0347083,-0.130924,-1.45039,0.483074,-0.413658,0.194981,-18.6648,1.50914,-10.339
2026-09-21,40.064,1.30405,69.0525,33622.2,-0.448831,23.1516,4,-0.949079,0.0514162,-0.538021,-1.36014,0.484857,-0.382024,0.191212,-18.882,1.89857,-10.0561
2026-09-22,40.052,1.30484,69.0525,33622.2,-0.413877,23.5179,4,-0.908364,0.0806097,-0.47214,-1.34459,0.484857,-0.323637,0.0220173,-19.0731,2.28901,-9.71998
2026-09-23,40.049,1.09095,69.0525,33622.2,-0.439139,23.7632,4,-0.958888,0.0806097,-0.503103,-1.41467,0.484857,-0.323637,-0.215254,-19.3274,2.67906,-9.37325
2026-09-24,40.214,1.88849,69.0525,33622.2,-0.155886,24.3994,4,-0.392383,0.0806097,0.343204,-1.12797,0.484857,-0.323637,-0.212042,-19.4177,3.07884,-9.04973
2026-09-25,40.39,2.45457,69.0525,33622.2,0.108302,25.6452,4,0.135994,0.0806097,1.19386,-0.92187,0.484857,-0.323637,0.329464,-19.4234,3.49543,-8.75631
2026-09-28,40.273,2.64985,69.0525,33622.2,0.0853393,26.9607,4,0.090069,0.0806097,1.0284,-0.848265,0.484857,-0.323637,0.852668,-19.3528,3.91792,-8.4571
2026-09-29,40.237,2.66945,69.0525,33622.2,0.0636565,28.275,4,0.0467034,0.0806097,0.925469,-0.832063,0.484857,-0.323637,1.31949,-19.2173,4.34422,-8.17142
2026-09-30,40.286,2.70374,69.0525,33622.2,0.124237,30.0248,4,0.167864,0.0806097,1.14907,-0.813345,0.484857,-0.323637,2.2243,-19.069,4.78402,-7.91451
2026-10-01,40.463,3.10784,69.0525,33622.2,0.170185,31.9979,4,0.25976,0.0806097,1.19623,-0.676712,0.484857,-0.323637,3.2233,-18.8046,5.23126,-7.65212
2026-10-02,40.342,3.31885,69.0525,33622.2,-0.130878,33.1657,4,-0.342366,0.0806097,-0.0771148,-0.607616,0.484857,-0.323637,3.25053,-18.3937,5.66235,-7.35347
2026-10-05,40.092,4.00983,69.0525,33622.2,-0.219026,34.0054,4,-0.518661,0.0806097,-0.655936,-0.381385,0.484857,-0.323637,2.72624,-17.7679,6.08785,-7.04073
2026-10-06,40.166,4.07258,69.0525,33622.2,-0.091654,35.2439,4,-0.263918,0.0806097,-0.167504,-0.360331,0.484857,-0.323637,2.59427,-17.1402,6.52355,-6.73372
2026-10-07,40.15,4.06535,69.0525,33622.2,-0.163022,36.1848,4,-0.406655,0.0806097,-0.450584,-0.362725,0.484857,-0.323637,2.13066,-16.4842,6.9538,-6.4155
2026-10-08,40.21,4.10172,69.0525,33622.2,-0.28633,36.7422,4,-0.65327,0.0806097,-0.95712,-0.34942,0.484857,-0.323637,1.20127,-15.7487,7.3767,-6.08713
2026-10-09,40.184,4.07469,69.0525,33622.2,-0.185321,37.8197,4,-0.451252,0.0806097,-0.548439,-0.354065,0.484857,-0.323637,0.828009,-15.0545,7.81157,-5.76542
