fecha,valor
2004-12-31,143.145
2005-01-03,134.724
2005-01-04,132.381
2005-01-05,137.912
2005-01-07,130.951
2005-01-10,136.82
2005-01-11,137.149
2005-01-12,146.775
2005-01-13,140.543
2005-01-14,141.411
2005-01-17,140.741
2005-01-18,140.428
2005-01-19,137.53
2005-01-20,135.846
2005-01-21,149
2005-01-24,149.446
2005-01-25,152.139
2005-01-26,163.315
2005-01-27,166.495
2005-01-28,173.647
2005-01-31,177.753
2005-02-01,186.077
2005-02-02,188.798
2005-02-03,194.046
2005-02-04,191.322
2005-02-09,199.37
2005-02-10,208.847
2005-02-11,210.953
2005-02-14,220.18
2005-02-15,222.587
2005-02-16,226.05
2005-02-17,231.65
2005-02-18,236.975
2005-02-21,239.364
2005-02-22,241.045
2005-02-23,240.593
2005-02-24,241.185
2005-02-25,258.181
2005-03-02,259.195
2005-03-03,261.428
2005-03-04,267.772
2005-03-07,265.932
2005-03-08,266.084
2005-03-09,264.725
2005-03-10,270.267
2005-03-11,275.887
2005-03-14,278.705
2005-03-15,279.225
2005-03-16,284.156
2005-03-17,282.452
2005-03-18,282.391
2005-03-21,295.614
2005-03-22,300.495
2005-03-23,297.553
2005-03-24,297.293
2005-03-28,299.46
2005-03-29,300.239
2005-03-30,298.061
2005-03-31,294.44
2005-04-01,291.795
2005-04-04,293.225
2005-04-05,296.255
2005-04-06,293.676
2005-04-07,292.613
2005-04-08,297.882
2005-04-11,296.598
2005-04-12,294.801
2005-04-13,295.845
2005-04-14,296.031
2005-04-15,299.438
2005-04-19,299.824
2005-04-20,298.537
2005-04-21,296.383
2005-04-22,297.357
2005-04-25,297.595
2005-04-26,297.099
2005-04-27,299.299
2005-04-28,304.646
2005-04-29,302.317
2005-05-02,313.675
2005-05-03,314.278
2005-05-04,312.35
2005-05-05,303.702
2005-05-06,300.093
2005-05-09,304.027
2005-05-10,304.224
2005-05-11,300.844
2005-05-12,300.755
2005-05-13,302.25
2005-05-17,302.124
2005-05-18,307.61
2005-05-19,308.422
2005-05-20,310.55
2005-05-23,316.728
2005-05-24,319.243
2005-05-25,324.087
2005-05-26,323.997
2005-05-27,328.061
2005-05-30,333.663
2005-05-31,333.595
2005-06-01,335.635
2005-06-02,338.61
2005-06-03,338.855
2005-06-06,343.489
2005-06-07,344.734
2005-06-08,343.778
2005-06-09,348.363
2005-06-10,346.121
2005-06-13,352.782
2005-06-14,350.988
2005-06-15,360.185
2005-06-16,357.555
2005-06-17,361.328
2005-06-20,356.16
2005-06-21,362.494
2005-06-22,359.267
2005-06-23,359.925
2005-06-24,361.308
2005-06-27,363.119
2005-06-28,364.491
2005-06-29,371.38
2005-06-30,369.584
2005-07-01,598.741
2005-07-04,600.097
2005-07-05,606.835
2005-07-06,606.19
2005-07-07,604.352
2005-07-08,606.82
2005-07-11,608.191
2005-07-12,607.651
2005-07-13,602.619
2005-07-14,605.893
2005-07-15,603.996
2005-07-19,607.343
2005-07-20,608.543
2005-07-21,609.816
2005-07-22,604.158
2005-07-25,608.3
2005-07-26,607.149
2005-07-27,611.532
2005-07-28,613.164
2005-07-29,610.396
2005-08-01,616.163
2005-08-02,616.967
2005-08-03,618.956
2005-08-04,611.25
2005-08-05,609.714
2005-08-08,609.415
2005-08-09,610.491
2005-08-10,610.361
2005-08-11,611.9
2005-08-12,610.104
2005-08-15,611.052
2005-08-16,617.854
2005-08-17,619.168
2005-08-18,619.774
2005-08-19,620.023
2005-08-22,621.449
2005-08-23,621.817
2005-08-24,623.884
2005-08-26,621.446
2005-08-29,621.875
2005-08-30,625.85
2005-08-31,625.84
2005-09-01,624.321
2005-09-02,620.453
2005-09-05,620.713
2005-09-06,619.1
2005-09-07,620.013
2005-09-08,621.902
2005-09-09,623.213
2005-09-12,621.414
2005-09-13,623.233
2005-09-14,622.219
2005-09-15,622.466
2005-09-16,622.334
2005-09-19,622.725
2005-09-20,621.866
2005-09-21,622.286
2005-09-22,620.469
2005-09-23,621.498
2005-09-26,625.23
2005-09-27,625.182
2005-09-28,627.268
2005-09-29,628.843
2005-09-30,624.944
2005-10-03,626.227
2005-10-04,631.119
2005-10-05,630.213
2005-10-06,635.189
2005-10-07,630.586
2005-10-11,631.093
2005-10-12,633.624
2005-10-13,633.377
2005-10-14,636.865
2005-10-17,632.976
2005-10-18,633.989
2005-10-19,635.078
2005-10-20,635.241
2005-10-21,631.667
2005-10-24,635.613
2005-10-25,639.756
2005-10-26,637.558
2005-10-27,639.572
2005-10-28,635.711
2005-10-31,632.853
2005-11-01,645.725
2005-11-03,644.064
2005-11-04,636.456
2005-11-07,641.417
2005-11-08,641.667
2005-11-09,643.448
2005-11-10,644.882
2005-11-11,650.129
2005-11-14,650.542
2005-11-15,654.898
2005-11-16,653.583
2005-11-17,656.64
2005-11-18,676.378
2005-11-21,659.911
2005-11-22,667.942
2005-11-23,671.603
2005-11-24,675.648
2005-11-25,677.593
2005-11-28,695.671
2005-11-29,702.237
2005-11-30,708.604
2005-12-01,711.783
2005-12-02,722.651
2005-12-05,719.341
2005-12-06,725.595
2005-12-07,725.082
2005-12-08,730.89
2005-12-09,732.601
2005-12-12,740.009
2005-12-13,735.532
2005-12-14,738.806
2005-12-15,738.515
2005-12-16,747.393
2005-12-19,746.264
2005-12-20,744.378
2005-12-21,747.078
2005-12-22,757.67
2005-12-23,757.177
2005-12-26,762.014
2005-12-27,762.547
2005-12-28,760.062
2005-12-29,771.326
2005-12-30,784.919
2005-12-31,788.93
2006-01-02,789.568
2006-01-03,791.497
2006-01-04,790.446
2006-01-05,792.832
2006-01-09,793.546
2006-01-10,793.334
2006-01-11,795.811
2006-01-12,791.878
2006-01-13,796.7
2006-01-16,796.192
2006-01-17,795.335
2006-01-18,794.335
2006-01-19,796.116
2006-01-20,796.655
2006-01-23,797.057
2006-01-24,799.829
2006-01-25,799.928
2006-01-26,800.193
2006-01-27,799.919
2006-01-30,808.259
2006-01-31,806.942
2006-02-01,815.882
2006-02-02,817.8
2006-02-03,817.538
2006-02-06,809.079
2006-02-07,808.955
2006-02-08,808.044
2006-02-09,808.653
2006-02-10,808.15
2006-02-13,810.273
2006-02-14,809.504
2006-02-15,810.308
2006-02-16,811.392
2006-02-17,811.818
2006-02-20,812.411
2006-02-21,810.566
2006-02-22,815.155
2006-02-23,810.883
2006-02-24,811.783
2006-03-01,812.748
2006-03-02,817.739
2006-03-03,815.821
2006-03-06,815.392
2006-03-07,820.378
2006-03-08,823.373
2006-03-09,824.711
2006-03-10,824.905
2006-03-13,829.771
2006-03-14,838.106
2006-03-15,839.734
2006-03-16,842.537
2006-03-17,841.914
2006-03-20,840.452
2006-03-21,840.12
2006-03-22,842.277
2006-03-23,840.878
2006-03-24,848.055
2006-03-27,846.184
2006-03-28,845.374
2006-03-29,848.578
2006-03-30,850.348
2006-03-31,851.032
2006-04-03,854.089
2006-04-04,855.054
2006-04-05,853.467
2006-04-06,851.809
2006-04-07,852.418
2006-04-10,854.619
2006-04-11,855.633
2006-04-12,853.789
2006-04-13,853.251
2006-04-18,858.14
2006-04-19,859.664
2006-04-20,861.019
2006-04-21,865.514
2006-04-24,863.617
2006-04-25,863.642
2006-04-26,869.116
2006-04-27,873.144
2006-04-28,872.356
2006-05-02,895.917
2006-05-03,909.633
2006-05-04,904.044
2006-05-05,902.95
2006-05-08,900.461
2006-05-09,902.549
2006-05-10,901.027
2006-05-11,903.827
2006-05-12,898.9
2006-05-15,900.677
2006-05-16,901.619
2006-05-17,897.21
2006-05-18,902.776
2006-05-19,902.534
2006-05-23,905.496
2006-05-24,903.949
2006-05-25,905.522
2006-05-26,903.619
2006-05-29,913.897
2006-05-30,909.534
2006-05-31,915.914
2006-06-01,917.506
2006-06-02,922.601
2006-06-05,918.274
2006-06-06,918.837
2006-06-07,929.197
2006-06-08,928.397
2006-06-09,930.966
2006-06-12,947.212
2006-06-13,946.095
2006-06-14,973.873
2006-06-15,973.546
2006-06-16,973.205
2006-06-20,1004.95
2006-06-21,1004.72
2006-06-22,1004.19
2006-06-23,1004.63
2006-06-26,1005.33
2006-06-27,1005.97
2006-06-28,1028.61
2006-06-29,1030.73
2006-06-30,1030.65
2006-07-03,1037.34
2006-07-04,1045.12
2006-07-05,1042.03
2006-07-06,1044.49
2006-07-07,1045.17
2006-07-10,1055.91
2006-07-11,1063.8
2006-07-12,1069.35
2006-07-13,1071.39
2006-07-14,1071.16
2006-07-17,1084.85
2006-07-19,1092.64
2006-07-20,1093.63
2006-07-21,1090.26
2006-07-24,1090.68
2006-07-25,1096.04
2006-07-26,1108.1
2006-07-27,1120.75
2006-07-28,1124.04
2006-07-31,1146
2006-08-01,1162.32
2006-08-02,1163.83
2006-08-03,1165.08
2006-08-04,1155.81
2006-08-07,1157.6
2006-08-08,1175.48
2006-08-09,1183.56
2006-08-10,1190.43
2006-08-11,1191.37
2006-08-14,1207.31
2006-08-15,1207.99
2006-08-16,1217.58
2006-08-17,1216.1
2006-08-18,1217.85
2006-08-21,1223.4
2006-08-22,1235.78
2006-08-23,1236.38
2006-08-24,1235.16
2006-08-28,1245.27
2006-08-29,1259.49
2006-08-30,1274
2006-08-31,1276.17
2006-09-01,1277.98
2006-09-04,1285.67
2006-09-05,1285.35
2006-09-06,1286.09
2006-09-07,1286.54
2006-09-08,1287.38
2006-09-11,1287.7
2006-09-12,1288.29
2006-09-13,1288.68
2006-09-14,1288.69
2006-09-15,1289.52
2006-09-18,1288.44
2006-09-19,1288.19
2006-09-20,1288.15
2006-09-21,1287.34
2006-09-22,1287.98
2006-09-25,1287.85
2006-09-26,1288.89
2006-09-27,1289.31
2006-09-28,1301.68
2006-09-29,1304.43
2006-10-02,1303.94
2006-10-03,1302.85
2006-10-04,1303.77
2006-10-05,1303.52
2006-10-06,1304.26
2006-10-09,1302.68
2006-10-10,1304.68
2006-10-11,1304.93
2006-10-12,1306.01
2006-10-13,1305.91
2006-10-17,1306.01
2006-10-18,1306.58
2006-10-19,1306.99
2006-10-20,1306.26
2006-10-23,1308.43
2006-10-24,1306.86
2006-10-25,1308.58
2006-10-26,1308.21
2006-10-27,1308.21
2006-10-30,1314.38
2006-10-31,1313.6
2006-11-01,1315.69
2006-11-03,1316.6
2006-11-06,1318.73
2006-11-07,1318.27
2006-11-08,1319.43
2006-11-09,1323.42
2006-11-10,1324.42
2006-11-13,1327.24
2006-11-14,1328.24
2006-11-15,1337.02
2006-11-16,1341.77
2006-11-17,1346.9
2006-11-20,1346.2
2006-11-21,1347.01
2006-11-22,1346.93
2006-11-23,1352.73
2006-11-24,1358.08
2006-11-27,1359.6
2006-11-28,1360.94
2006-11-29,1373.22
2006-11-30,1387.28
2006-12-01,1390.25
2006-12-04,1495.07
2006-12-05,1494.94
2006-12-06,1499.39
2006-12-07,1505.54
2006-12-08,1510.66
2006-12-11,1518.46
2006-12-12,1529.42
2006-12-13,1536.18
2006-12-14,1543.48
2006-12-15,1551.67
2006-12-18,1553.83
2006-12-19,1560.91
2006-12-20,1562.44
2006-12-21,1573.23
2006-12-22,1582.64
2006-12-26,1589.15
2006-12-27,1591.86
2006-12-28,1593.51
2006-12-29,1596.41
2006-12-31,1599.68
2007-01-02,1610.82
2007-01-03,1611.05
2007-01-04,1613.05
2007-01-05,1614.04
2007-01-08,1614.63
2007-01-09,1615.22
2007-01-10,1615.56
2007-01-11,1615.84
2007-01-12,1619.68
2007-01-15,1619.8
2007-01-16,1620.03
2007-01-17,1619.7
2007-01-18,1619.71
2007-01-19,1619.58
2007-01-22,1620.95
2007-01-23,1620.98
2007-01-24,1621.24
2007-01-25,1621.55
2007-01-26,1622.17
2007-01-29,1622.77
2007-01-30,1623.04
2007-01-31,1625.76
2007-02-01,1628.18
2007-02-02,1628.14
2007-02-05,1628.76
2007-02-06,1629.32
2007-02-07,1629.34
2007-02-08,1628.72
2007-02-09,1628.87
2007-02-12,1629.05
2007-02-13,1629.3
2007-02-14,1729.15
2007-02-15,1730.89
2007-02-16,1730.96
2007-02-21,1731.59
2007-02-22,1730.14
2007-02-23,1730.56
2007-02-26,1730.96
2007-02-27,1731.09
2007-02-28,1742.99
2007-03-01,1744.62
2007-03-02,1744.39
2007-03-05,1744.6
2007-03-06,1744.91
2007-03-07,1745.44
2007-03-08,1745.86
2007-03-09,1745.93
2007-03-12,1746.03
2007-03-13,1746.12
2007-03-14,1746.03
2007-03-15,1746.5
2007-03-16,1746.54
2007-03-19,1746.03
2007-03-20,1746.46
2007-03-21,1747.51
2007-03-22,1747.86
2007-03-23,1747.99
2007-03-26,1748.6
2007-03-27,1748.74
2007-03-28,1748.87
2007-03-29,1752.63
2007-03-30,1762.86
2007-04-02,1764.69
2007-04-03,1764.77
2007-04-04,1765.07
2007-04-05,1765.08
2007-04-09,1765.57
2007-04-10,1765.44
2007-04-11,1765.5
2007-04-12,1765.6
2007-04-13,1764.22
2007-04-16,1764.35
2007-04-17,1765.14
2007-04-18,1765.11
2007-04-19,1765.25
2007-04-20,1765.3
2007-04-24,1764.24
2007-04-25,1764.32
2007-04-26,1764.96
2007-04-27,1764.07
2007-04-30,1873.6
2007-05-02,1875.83
2007-05-03,1876.08
2007-05-04,1876.4
2007-05-07,1876.68
2007-05-08,1875.78
2007-05-09,1876.1
2007-05-10,1876.53
2007-05-11,1876.64
2007-05-14,1883.89
2007-05-15,1884.4
2007-05-16,1884.21
2007-05-17,1885.88
2007-05-18,1885.9
2007-05-22,1886.22
2007-05-23,1882.99
2007-05-24,1881.94
2007-05-25,1882.13
2007-05-28,1882.36
2007-05-29,1883.2
2007-05-30,1889.04
2007-05-31,1893.62
2007-06-01,1897.77
2007-06-04,1896.94
2007-06-05,1896.6
2007-06-06,1996.29
2007-06-07,1996.63
2007-06-08,1996.44
2007-06-11,1996.67
2007-06-12,1997.24
2007-06-13,1997.47
2007-06-14,1995.77
2007-06-15,1996.23
2007-06-18,1995.96
2007-06-20,1995.9
2007-06-21,1996.06
2007-06-22,1996.44
2007-06-25,1997.01
2007-06-26,1998.16
2007-06-27,1998.99
2007-06-28,2007.18
2007-06-29,2003.46
2007-07-02,2004.84
2007-07-03,2006
2007-07-04,2106.6
2007-07-05,2106.79
2007-07-06,2106.97
2007-07-09,2106.82
2007-07-10,2106.83
2007-07-11,2106.74
2007-07-12,2106.75
2007-07-13,2106.85
2007-07-16,2106.92
2007-07-17,2107.05
2007-07-19,2107.6
2007-07-20,2107.91
2007-07-23,2107.94
2007-07-24,2108.02
2007-07-25,2109.66
2007-07-26,2110.6
2007-07-27,2129.2
2007-07-30,2126.76
2007-07-31,2132.9
2007-08-01,2135.4
2007-08-02,2135.37
2007-08-03,2135.65
2007-08-06,2135.32
2007-08-07,2135.91
2007-08-08,2135.2
2007-08-09,2135.28
2007-08-10,2135.32
2007-08-13,2135.21
2007-08-14,2237.85
2007-08-15,2236.12
2007-08-16,2236.58
2007-08-17,2236.74
2007-08-20,2236.61
2007-08-21,2236.64
2007-08-22,2237.68
2007-08-23,2238.49
2007-08-24,2238.83
2007-08-27,2239.42
2007-08-28,2240.02
2007-08-29,2255.4
2007-08-30,2254.42
2007-08-31,2259.69
2007-09-03,2261.41
2007-09-04,2262.45
2007-09-05,2262.51
2007-09-06,2275.14
2007-09-07,2275.14
2007-09-10,2275.18
2007-09-11,2287.46
2007-09-12,2285.46
2007-09-13,2304.09
2007-09-14,2319.28
2007-09-17,2322.27
2007-09-18,2316.93
2007-09-19,2316.94
2007-09-20,2331.79
2007-09-21,2333.2
2007-09-24,2347.8
2007-09-25,2349.86
2007-09-26,2350.42
2007-09-27,2380.2
2007-09-28,2377.39
2007-10-01,2382.05
2007-10-02,2385.63
2007-10-03,2388.95
2007-10-04,2388.89
2007-10-05,2388.98
2007-10-08,2379.93
2007-10-09,2380.17
2007-10-10,2380.22
2007-10-11,2381.7
2007-10-12,2382
2007-10-16,2381.04
2007-10-17,2394.4
2007-10-18,2438.49
2007-10-19,2450.08
2007-10-22,2451.01
2007-10-23,2451.46
2007-10-24,2451.54
2007-10-25,2468.6
2007-10-26,2471.7
2007-10-29,2503.36
2007-10-30,2503.56
2007-10-31,2579.73
2007-11-01,2586.23
2007-11-05,2585.66
2007-11-06,2585.72
2007-11-07,2594.31
2007-11-08,2604.16
2007-11-09,2628.45
2007-11-12,2627.48
2007-11-13,2627.87
2007-11-14,2628.47
2007-11-15,2643.91
2007-11-16,2644.94
2007-11-19,2659.79
2007-11-20,2667.86
2007-11-21,2680.7
2007-11-22,2675.09
2007-11-23,2682.22
2007-11-26,2683.35
2007-11-27,2697.04
2007-11-28,2706.49
2007-11-29,2741.55
2007-11-30,2735
2007-12-03,2744.25
2007-12-04,2744.8
2007-12-05,2741.6
2007-12-06,2736.41
2007-12-07,2739.66
2007-12-10,2751.29
2007-12-11,2767.88
2007-12-12,2765.38
2007-12-13,2769.82
2007-12-14,2760.37
2007-12-17,2777.68
2007-12-18,2797.26
2007-12-19,2826.61
2007-12-20,2848.02
2007-12-21,2866.44
2007-12-24,2868.59
2007-12-26,2878.03
2007-12-27,2889.2
2007-12-28,2925.81
2007-12-31,2938.89
2008-01-02,2977.73
2008-01-03,2990.41
2008-01-04,3029.11
2008-01-07,3028.26
2008-01-08,3035.54
2008-01-09,3038.23
2008-01-10,3056.52
2008-01-11,3062.26
2008-01-14,3072.56
2008-01-15,3072.02
2008-01-16,3060.65
2008-01-17,3062.32
2008-01-18,3055.26
2008-01-21,3044.75
2008-01-22,3059.53
2008-01-23,3062.28
2008-01-24,3073.35
2008-01-25,3068.88
2008-01-28,3076.45
2008-01-29,3073.51
2008-01-30,3085.44
2008-01-31,3120.66
2008-02-01,3127.96
2008-02-06,3105.51
2008-02-07,3089.29
2008-02-08,3095.83
2008-02-11,3096.58
2008-02-12,3100.86
2008-02-13,3097.57
2008-02-14,3107.42
2008-02-15,3114.84
2008-02-18,3109.42
2008-02-19,3120.93
2008-02-20,3119.13
2008-02-21,3135.34
2008-02-22,3137.23
2008-02-25,3136.5
2008-02-26,3146.4
2008-02-27,3169.26
2008-02-28,3184.87
2008-02-29,3191.42
2008-03-03,3194.52
2008-03-04,3200.86
2008-03-05,3204.56
2008-03-06,3213.52
2008-03-07,3217.71
2008-03-10,3220.83
2008-03-11,3407.8
2008-03-12,3430.08
2008-03-13,3434.12
2008-03-14,3449.88
2008-03-17,3462.16
2008-03-18,3451.84
2008-03-19,3445.11
2008-03-20,3428.41
2008-03-24,3421.53
2008-03-25,3439.38
2008-03-26,3462.32
2008-03-27,3456.99
2008-03-28,3480.97
2008-03-31,3478.33
2008-04-01,3458.12
2008-04-02,3466.1
2008-04-03,3463.69
2008-04-04,3469.35
2008-04-07,3664.94
2008-04-08,3666.08
2008-04-09,3682.65
2008-04-10,3671.76
2008-04-11,3681.7
2008-04-14,3680.78
2008-04-15,3674.48
2008-04-16,3693.08
2008-04-17,3682.85
2008-04-18,3672.15
2008-04-21,3684.99
2008-04-22,3692.54
2008-04-23,3677.85
2008-04-24,3651.2
2008-04-25,3643.53
2008-04-28,3649.46
2008-04-29,3643.19
2008-04-30,3630.35
2008-05-02,3610.93
2008-05-05,3613.64
2008-05-06,3616.99
2008-05-07,3607.9
2008-05-08,3610
2008-05-09,3624.01
2008-05-12,3624.03
2008-05-13,3615.4
2008-05-14,3612.63
2008-05-15,3613.38
2008-05-16,3620.46
2008-05-19,3617.54
2008-05-20,3638.48
2008-05-21,3653.33
2008-05-22,3642.92
2008-05-23,3657.57
2008-05-26,3658.08
2008-05-27,3647.99
2008-05-28,3641.29
2008-05-29,3627.3
2008-05-30,3630.69
2008-06-02,3635.34
2008-06-03,3628.97
2008-06-04,3633.01
2008-06-05,3654.32
2008-06-06,3689.35
2008-06-09,3674.01
2008-06-10,3656.57
2008-06-11,3669.82
2008-06-12,3656.57
2008-06-13,3646.17
2008-06-16,3659.19
2008-06-17,3659.21
2008-06-18,3664.06
2008-06-20,3678.98
2008-06-23,3665.56
2008-06-24,3672.78
2008-06-25,3682.87
2008-06-26,3696.61
2008-06-27,3704.96
2008-06-30,3696.74
2008-07-01,3701.57
2008-07-02,3712.94
2008-07-03,3694.43
2008-07-04,3696.29
2008-07-07,3697.76
2008-07-08,3687.6
2008-07-09,3696.66
2008-07-10,3700.69
2008-07-11,3712.89
2008-07-14,3720.08
2008-07-15,3720.54
2008-07-16,3713.35
2008-07-17,3712.21
2008-07-21,3719.19
2008-07-22,3703.93
2008-07-23,3693.08
2008-07-24,3692.79
2008-07-25,3695.6
2008-07-28,3701.3
2008-07-29,3707.39
2008-07-30,3706.8
2008-07-31,3708.79
2008-08-01,3706.6
2008-08-04,3712.68
2008-08-05,3699.16
2008-08-06,3698.53
2008-08-07,3841.52
2008-08-10,3810.1
2008-08-11,3795.57
2008-08-12,3800.43
2008-08-13,3802.84
2008-08-14,3789.04
2008-08-15,3781.54
2008-08-18,3781.54
2008-08-19,3790.42
2008-08-21,3800.84
2008-08-22,3791.11
2008-08-26,3780.23
2008-08-27,3829.08
2008-08-28,3827.36
2008-08-29,3825.27
2008-09-01,3823.19
2008-09-02,3815.66
2008-09-04,3804.51
2008-09-05,3792.88
2008-09-08,3776.89
2008-09-09,3777.73
2008-09-10,3771.51
2008-09-11,3760.45
2008-09-12,3784.4
2008-09-15,3781.29
2008-09-16,3757.31
2008-09-17,3772.56
2008-09-18,3771.7
2008-09-19,3766.8
2008-09-22,3812.78
2008-09-23,3796.68
2008-09-24,3783.6
2008-09-25,3785.65
2008-09-26,3785.31
2008-09-29,3781.74
2008-09-30,3770.78
2008-10-01,3763.84
2008-10-02,3696.17
2008-10-03,3705.94
2008-10-06,3664.36
2008-10-07,3667.23
2008-10-08,3682.87
2008-10-09,3670.68
2008-10-10,3629.77
2008-10-13,3632.77
2008-10-14,3646.96
2008-10-15,3634.64
2008-10-16,3623.97
2008-10-17,3628.74
2008-10-20,3607.9
2008-10-21,3593.69
2008-10-22,3572.44
2008-10-23,3571.96
2008-10-24,3459.08
2008-10-27,3449.48
2008-10-28,3444.12
2008-10-29,3470.19
2008-10-30,3480.75
2008-10-31,3479.42
2008-11-03,3459.89
2008-11-04,3488.91
2008-11-05,3488.79
2008-11-06,3459.44
2008-11-07,3457.34
2008-11-10,3358.02
2008-11-11,3299.91
2008-11-12,3304.45
2008-11-13,3287.26
2008-11-14,3305.82
2008-11-17,3255.28
2008-11-18,3246.49
2008-11-19,3135.04
2008-11-20,3129.91
2008-11-21,3129.95
2008-11-24,3100.85
2008-11-25,3037.95
2008-11-26,3017.43
2008-11-27,3021.57
2008-11-28,3011.48
2008-11-30,3071.33
2008-12-01,3075.43
2008-12-02,3077.07
2008-12-03,3072.39
2008-12-04,3090.01
2008-12-05,3062.82
2008-12-08,3082.2
2008-12-09,3083.1
2008-12-10,3091.05
2008-12-11,3117.18
2008-12-12,3118.02
2008-12-15,3141.14
2008-12-16,3152.55
2008-12-17,3207.54
2008-12-18,3211.19
2008-12-19,3200.33
2008-12-22,3213.17
2008-12-23,3216.27
2008-12-24,3226.98
2008-12-26,3232.98
2008-12-29,3215.34
2008-12-30,3202.27
2008-12-31,3232.67
2009-01-02,3218.33
2009-01-05,3211.62
2009-01-07,3272.29
2009-01-08,3274.18
2009-01-09,3260.58
2009-01-12,3257.47
2009-01-13,3242.66
2009-01-14,3235.2
2009-01-15,3231.1
2009-01-16,3232.55
2009-01-19,3232.6
2009-01-20,3228.78
2009-01-21,3176.65
2009-01-22,3251.9
2009-01-23,3262.34
2009-01-26,3289.78
2009-01-27,3307.77
2009-01-28,3318.43
2009-01-29,3310.16
2009-01-30,3313.47
2009-02-02,3316
2009-02-03,3343.14
2009-02-04,3338.92
2009-02-05,3339.55
2009-02-06,3345.13
2009-02-09,3346.77
2009-02-10,3342.6
2009-02-11,3340.6
2009-02-12,3340.03
2009-02-13,3342.62
2009-02-16,3337.58
2009-02-17,3322.19
2009-02-18,3307.76
2009-02-19,3309.63
2009-02-20,3311.98
2009-02-25,3297.72
2009-02-26,3291.59
2009-02-27,3241.87
2009-03-02,3224.81
2009-03-03,3224.47
2009-03-04,3219.82
2009-03-05,3226.08
2009-03-06,3226.3
2009-03-09,3223.49
2009-03-10,3225.53
2009-03-11,3234.89
2009-03-12,3232.4
2009-03-13,3229.94
2009-03-16,3233.8
2009-03-17,3235.28
2009-03-18,3250.09
2009-03-19,3258.35
2009-03-20,3249.95
2009-03-23,3248.14
2009-03-24,3239.95
2009-03-25,3243.41
2009-03-26,3237.56
2009-03-27,3229.32
2009-03-30,3238.33
2009-03-31,3244.64
2009-04-01,3249.18
2009-04-02,3259.23
2009-04-03,3260.48
2009-04-06,3258.09
2009-04-07,3253.29
2009-04-08,3252.37
2009-04-13,3267.25
2009-04-14,3264.07
2009-04-15,3260.74
2009-04-16,3269.22
2009-04-17,3262.74
2009-04-20,3259.13
2009-04-21,3261.98
2009-04-22,3267.4
2009-04-23,3272.91
2009-04-24,3285.69
2009-04-27,3276.89
2009-04-28,3284.87
2009-04-29,3298.19
2009-04-30,3299.08
2009-05-04,3311.7
2009-05-05,3309.5
2009-05-06,3319.25
2009-05-07,3323.51
2009-05-08,3333.6
2009-05-11,3339.51
2009-05-12,3344.23
2009-05-13,3342.33
2009-05-14,3346.86
2009-05-15,3340.31
2009-05-19,3347.3
2009-05-20,3353.39
2009-05-21,3358.35
2009-05-22,3362.52
2009-05-25,3371.65
2009-05-26,3373.78
2009-05-27,3381.18
2009-05-28,3382.77
2009-05-29,3398.1
2009-06-01,3401.51
2009-06-02,3416.07
2009-06-03,3408.69
2009-06-04,3430.81
2009-06-05,3423.26
2009-06-08,3421.92
2009-06-09,3430.06
2009-06-10,3426.57
2009-06-11,3434.19
2009-06-12,3429.31
2009-06-15,3418.44
2009-06-16,3420.97
2009-06-17,3426.37
2009-06-18,3426.26
2009-06-22,3425.01
2009-06-23,3439.87
2009-06-24,3430.11
2009-06-25,3435.33
2009-06-26,3435.8
2009-06-29,3436.42
2009-06-30,3431.78
2009-07-01,3440
2009-07-02,3437.77
2009-07-03,3436.07
2009-07-06,3433.08
2009-07-07,3432.52
2009-07-08,3433.39
2009-07-09,3442.71
2009-07-10,3440.36
2009-07-13,3441.78
2009-07-14,3441.21
2009-07-15,3447.71
2009-07-16,3448.5
2009-07-17,3451.08
2009-07-20,3454.72
2009-07-21,3455.31
2009-07-22,3457.32
2009-07-23,3456.5
2009-07-24,3461.36
2009-07-27,3467.85
2009-07-28,3465.26
2009-07-29,3465.72
2009-07-30,3481.24
2009-07-31,3492
2009-08-03,3507.75
2009-08-04,3509.45
2009-08-05,3516.73
2009-08-06,3514.42
2009-08-07,3512.08
2009-08-10,3512.63
2009-08-11,3514.14
2009-08-12,3520.15
2009-08-13,3523.64
2009-08-14,3526.43
2009-08-17,3518.92
2009-08-18,3521.79
2009-08-19,3536.3
2009-08-20,3537.59
2009-08-21,3541.95
2009-08-24,3539.76
2009-08-26,3537.89
2009-08-27,3544.2
2009-08-28,3559.49
2009-08-31,3556.69
2009-09-01,3556.87
2009-09-02,3561.99
2009-09-03,3564.51
2009-09-04,3574.72
2009-09-07,3577.58
2009-09-08,3584.47
2009-09-09,3590.53
2009-09-10,3604.49
2009-09-11,3624.06
2009-09-14,3627.47
2009-09-15,3630.89
2009-09-16,3636.51
2009-09-17,3639.55
2009-09-18,3647.58
2009-09-21,3645.51
2009-09-22,3666.59
2009-09-23,3675.74
2009-09-24,3670.08
2009-09-25,3675.52
2009-09-28,3673.74
2009-09-29,3689.67
2009-09-30,3695.54
2009-10-01,3728.96
2009-10-02,3747.94
2009-10-05,3751.98
2009-10-06,3754.45
2009-10-07,3769.86
2009-10-08,3789.37
2009-10-09,3810.09
2009-10-13,3838.2
2009-10-14,3858.85
2009-10-15,3873.83
2009-10-16,3885.95
2009-10-19,3892.51
2009-10-20,3891.41
2009-10-21,3898.54
2009-10-22,3898.85
2009-10-23,3912.48
2009-10-26,3905.58
2009-10-27,3907.03
2009-10-28,3903.55
2009-10-29,3926.27
2009-10-30,4003.93
2009-11-03,4011.57
2009-11-04,4017.17
2009-11-05,3959.72
2009-11-06,3962.27
2009-11-09,3975.96
2009-11-10,3976.85
2009-11-11,3983.97
2009-11-12,3993.46
2009-11-13,3999.79
2009-11-16,4009.1
2009-11-17,4011.5
2009-11-18,4022.63
2009-11-19,4034.65
2009-11-20,4044.89
2009-11-23,4055.4
2009-11-24,4064.23
2009-11-25,4078.6
2009-11-26,4079.88
2009-11-27,4118.92
2009-11-30,4138.22
2009-12-01,4157.48
2009-12-02,4173.11
2009-12-03,4181.18
2009-12-04,4178.5
2009-12-07,4198.93
2009-12-08,4214.1
2009-12-09,4215.59
2009-12-10,4227.49
2009-12-11,4230.31
2009-12-14,4240.17
2009-12-15,4241.26
2009-12-16,4255.98
2009-12-17,4266.14
2009-12-18,4267.64
2009-12-21,4278.79
2009-12-22,4282.7
2009-12-23,4291.84
2009-12-24,4296.79
2009-12-28,4298
2009-12-29,4306.87
2009-12-30,4318.23
2009-12-31,4292.77
2010-01-04,4498.71
2010-01-05,4516.57
2010-01-07,4519.17
2010-01-08,4527.01
2010-01-11,4542.11
2010-01-12,4551.05
2010-01-13,4562.66
2010-01-14,4578.37
2010-01-15,4590.79
2010-01-18,4605.72
2010-01-19,4618.59
2010-01-20,4618.08
2010-01-21,4630.87
2010-01-22,4632.83
2010-01-25,4632.16
2010-01-26,4636.82
2010-01-27,4640.03
2010-01-28,4652.34
2010-01-29,4686.58
2010-02-01,4697.48
2010-02-02,4712.58
2010-02-03,4714.85
2010-02-04,4737.73
2010-02-05,4754.67
2010-02-08,4763.55
2010-02-09,4782.68
2010-02-10,4790.04
2010-02-11,4801.71
2010-02-12,4817.61
2010-02-17,4824.73
2010-02-18,4843.68
2010-02-19,4802.19
2010-02-22,4807.93
2010-02-23,4824.84
2010-02-24,4844.27
2010-02-25,4737.09
2010-02-26,4740.71
2010-03-02,4745.79
2010-03-03,4768.86
2010-03-04,4771.04
2010-03-05,4774.97
2010-03-08,4778.32
2010-03-09,4789.98
2010-03-10,4795.57
2010-03-11,4802.72
2010-03-12,4808.27
2010-03-15,4814.26
2010-03-16,4831.05
2010-03-17,4839.14
2010-03-18,4847.15
2010-03-19,4860.51
2010-03-22,4879.94
2010-03-23,4896.67
2010-03-24,4904.12
2010-03-25,4909.13
2010-03-26,4911.56
2010-03-29,4915.53
2010-03-30,4909.93
2010-03-31,4920.48
2010-04-05,4932.13
2010-04-06,4940.64
2010-04-07,4942.83
2010-04-08,4949.46
2010-04-09,4955.67
2010-04-12,4962.1
2010-04-13,4968.74
2010-04-14,4972.25
2010-04-15,4978.09
2010-04-16,4984.03
2010-04-20,4983.7
2010-04-21,4989.59
2010-04-22,4989.53
2010-04-23,4880.11
2010-04-26,4994.03
2010-04-27,4996.22
2010-04-28,4998.07
2010-04-29,5025.09
2010-04-30,5036.64
2010-05-03,5061.8
2010-05-04,5073.34
2010-05-05,5086.4
2010-05-06,5096.71
2010-05-07,5116.66
2010-05-10,5135.22
2010-05-11,5150.52
2010-05-12,5158.22
2010-05-13,5167.01
2010-05-14,5175.89
2010-05-18,5182.1
2010-05-19,5203.22
2010-05-20,5215.11
2010-05-21,5217.71
2010-05-24,5220.33
2010-05-25,5224.28
2010-05-26,5231.12
2010-05-27,5241.02
2010-05-28,5289.28
2010-05-31,5301.63
2010-06-01,5312.44
2010-06-02,5319.34
2010-06-03,5336.34
2010-06-04,5338.5
2010-06-07,5346.34
2010-06-08,5354.4
2010-06-09,5363.96
2010-06-10,5374.57
2010-06-11,5376.87
2010-06-14,5381.9
2010-06-15,5495.49
2010-06-16,5392.07
2010-06-17,5399.27
2010-06-18,5402.99
2010-06-21,5404.62
2010-06-22,5408
2010-06-23,5411.27
2010-06-24,5419.08
2010-06-25,5427.79
2010-06-28,5433.22
2010-06-29,5459.58
2010-06-30,5455.8
2010-07-01,5460.59
2010-07-02,5467.76
2010-07-05,5472.11
2010-07-06,5475.77
2010-07-07,5485.02
2010-07-08,5488.67
2010-07-09,5495.57
2010-07-12,5499.8
2010-07-13,5504.54
2010-07-14,5506.35
2010-07-15,5513.05
2010-07-16,5520.78
2010-07-19,5524.8
2010-07-20,5527.52
2010-07-21,5530.02
2010-07-22,5536.52
2010-07-23,5538.18
2010-07-26,5543.18
2010-07-27,5546.2
2010-07-28,5558.02
2010-07-29,5598.24
2010-07-30,5604.21
2010-08-02,5605.59
2010-08-03,5614.43
2010-08-04,5617.93
2010-08-05,5624.14
2010-08-09,5630.73
2010-08-10,5635.01
2010-08-11,5643.83
2010-08-12,5651.48
2010-08-13,5661.81
2010-08-16,5662.72
2010-08-17,5667.55
2010-08-18,5671.52
2010-08-19,5674.99
2010-08-20,5675.18
2010-08-23,5685.54
2010-08-24,5692.06
2010-08-26,5697.67
2010-08-27,5700.59
2010-08-30,5789
2010-08-31,5791.35
2010-09-01,5792.47
2010-09-02,5798.47
2010-09-03,5801.18
2010-09-06,5807.64
2010-09-07,5811.6
2010-09-08,5814.54
2010-09-09,5818.12
2010-09-10,5822.21
2010-09-13,5827.1
2010-09-14,5835.26
2010-09-15,5839.87
2010-09-16,5846.48
2010-09-17,5855.43
2010-09-20,5861.85
2010-09-21,5875.83
2010-09-22,5881.86
2010-09-23,5889.27
2010-09-24,5893.12
2010-09-27,5894.25
2010-09-28,5902.96
2010-09-29,5919.58
2010-09-30,5921.27
2010-10-01,5926.79
2010-10-04,5929.65
2010-10-05,5935.51
2010-10-06,5938.4
2010-10-08,5944.03
2010-10-12,5959.59
2010-10-13,5964.62
2010-10-14,5969.65
2010-10-15,5972.74
2010-10-18,5976.95
2010-10-19,5982.37
2010-10-20,5988.12
2010-10-21,5997.12
2010-10-22,6001.16
2010-10-25,6012.67
2010-10-26,6022.31
2010-10-27,6030.76
2010-10-28,6043.83
2010-10-29,6051.01
2010-11-01,6052.84
2010-11-03,6058.51
2010-11-05,6065.63
2010-11-08,6069.17
2010-11-09,6074.46
2010-11-10,6079.36
2010-11-11,6089.95
2010-11-12,6091.66
2010-11-15,6092.35
2010-11-16,6113
2010-11-17,6115.86
2010-11-18,6118.38
2010-11-19,6118.81
2010-11-22,6126.54
2010-11-23,6130.21
2010-11-24,6136
2010-11-25,6146.43
2010-11-26,6157.33
2010-11-29,6127.21
2010-11-30,6137.07
2010-12-01,6139.18
2010-12-02,6145.66
2010-12-03,6149.04
2010-12-06,6149.45
2010-12-07,6153.59
2010-12-08,6154.69
2010-12-09,6156.45
2010-12-10,6160.46
2010-12-13,6160.08
2010-12-14,6160.21
2010-12-16,6158.99
2010-12-17,6172.79
2010-12-20,6182.27
2010-12-21,6183.47
2010-12-22,6193.44
2010-12-23,6199.44
2010-12-24,6205.82
2010-12-27,6208.38
2010-12-28,6211.09
2010-12-29,6217.06
2010-12-30,6222.14
2010-12-31,6173.5
2011-01-03,6179.11
2011-01-04,6182.28
2011-01-05,6188.05
2011-01-07,6189.76
2011-01-10,6192.69
2011-01-11,6196.06
2011-01-12,6199.97
2011-01-13,6204.93
2011-01-14,6206.87
2011-01-17,6207.55
2011-01-18,6209.88
2011-01-19,6214.43
2011-01-20,6215.76
2011-01-21,6226.17
2011-01-24,6234.76
2011-01-25,6238.92
2011-01-26,6244.14
2011-01-27,5128.59
2011-01-28,5141.57
2011-01-31,5145.26
2011-02-01,5149.83
2011-02-02,5152.75
2011-02-03,5154.65
2011-02-04,5156.54
2011-02-07,5158.95
2011-02-08,5163.55
2011-02-09,5168.85
2011-02-10,5169.06
2011-02-11,5170
2011-02-14,5082.38
2011-02-15,5087.42
2011-02-16,5091.33
2011-02-17,5093.9
2011-02-18,5098.55
2011-02-21,5107.18
2011-02-22,5116.14
2011-02-23,5120.13
2011-02-24,5123.08
2011-02-25,5123.26
2011-02-28,5136.73
2011-03-01,5141.37
2011-03-02,5145.4
2011-03-03,5147.84
2011-03-04,5149.54
2011-03-09,5154.3
2011-03-10,5154.97
2011-03-11,5158.61
2011-03-14,5163.39
2011-03-15,5165.9
2011-03-16,5168.93
2011-03-17,5172.01
2011-03-18,5181.04
2011-03-21,5186.33
2011-03-22,5188.6
2011-03-23,5191.7
2011-03-24,5199.76
2011-03-25,5204.57
2011-03-28,5211.24
2011-03-29,5217.54
2011-03-30,5229.68
2011-03-31,5232.54
2011-04-01,5235.18
2011-04-04,5254.77
2011-04-05,5263.43
2011-04-06,5281.8
2011-04-07,5313.11
2011-04-08,5325.91
2011-04-11,5332.85
2011-04-12,5346.99
2011-04-13,5350.07
2011-04-14,5353.3
2011-04-15,5377.52
2011-04-19,5387.44
2011-04-20,5397.52
2011-04-25,5404.1
2011-04-27,5415.68
2011-04-28,5458.21
2011-04-29,5463.4
2011-05-02,5465.55
2011-05-03,5468.49
2011-05-04,5470.25
2011-05-05,5471.07
2011-05-06,5470.8
2011-05-09,5473.98
2011-05-10,5479.21
2011-05-11,5480.63
2011-05-12,5486.4
2011-05-13,5487.9
2011-05-16,5484.4
2011-05-17,5500
2011-05-19,5504.31
2011-05-20,5505.04
2011-05-23,5508.79
2011-05-24,5513.84
2011-05-25,5517.89
2011-05-26,5530.49
2011-05-27,5542.09
2011-05-30,5607.99
2011-05-31,5621.82
2011-06-01,5626.88
2011-06-02,5630.86
2011-06-03,5637.75
2011-06-06,5648.05
2011-06-07,5660.85
2011-06-08,5664.4
2011-06-09,5666.17
2011-06-10,5666.68
2011-06-13,5672.7
2011-06-14,5675.93
2011-06-15,5675.02
2011-06-16,5680.37
2011-06-17,5688.27
2011-06-20,5690.8
2011-06-21,5696.11
2011-06-22,5698.26
2011-06-23,5702.27
2011-06-24,5723.38
2011-06-27,5745
2011-06-28,5761.48
2011-06-29,5812.56
2011-06-30,5827.66
2011-07-01,5836.15
2011-07-04,5838.98
2011-07-05,5859.18
2011-07-06,5861.92
2011-07-07,5865.36
2011-07-08,5872.4
2011-07-11,5891.92
2011-07-12,5903.87
2011-07-13,5914.89
2011-07-14,5923.62
2011-07-15,5928.66
2011-07-19,5934.87
2011-07-21,5946.56
2011-07-22,5950.93
2011-07-25,5954.6
2011-07-26,5961.4
2011-07-27,5970.53
2011-07-28,5970.38
2011-07-29,5978.53
2011-08-01,5992.35
2011-08-02,6007.29
2011-08-03,6008.98
2011-08-04,6021.34
2011-08-05,6025.27
2011-08-08,6029.38
2011-08-09,6034.44
2011-08-10,6037.66
2011-08-11,6039.58
2011-08-12,6045.38
2011-08-15,6054.06
2011-08-17,6059.01
2011-08-18,6063.57
2011-08-19,6067.96
2011-08-22,6072.46
2011-08-23,6076.23
2011-08-24,6084.98
2011-08-26,6088.78
2011-08-29,6099.7
2011-08-30,6235.1
2011-08-31,6233.43
2011-09-01,6237.56
2011-09-02,6239.5
2011-09-05,6247.15
2011-09-06,6254.87
2011-09-07,6265.15
2011-09-08,6271.22
2011-09-09,6275.43
2011-09-12,6281.88
2011-09-13,6290.31
2011-09-14,6295.19
2011-09-15,6296.85
2011-09-16,6296.97
2011-09-19,6299.57
2011-09-20,6306.45
2011-09-21,6308.94
2011-09-22,6309.39
2011-09-23,6309.47
2011-09-26,6313.41
2011-09-27,6326.55
2011-09-28,6329.66
2011-09-29,6330.73
2011-09-30,6330.7
2011-10-03,6332.53
2011-10-04,6333.02
2011-10-05,6335.11
2011-10-06,6343.29
2011-10-07,6344.74
2011-10-11,6349.48
2011-10-12,6357.63
2011-10-13,6364.29
2011-10-14,6366.19
2011-10-17,6366.63
2011-10-18,6367.46
2011-10-19,6369.5
2011-10-20,6370.11
2011-10-21,6374.05
2011-10-24,6377.78
2011-10-25,6385.65
2011-10-26,6397.26
2011-10-27,6405.86
2011-10-28,6393.06
2011-10-31,6393.14
2011-11-01,6398.62
2011-11-03,6403.34
2011-11-04,6402.19
2011-11-07,6405.66
2011-11-08,6411.31
2011-11-09,6410.63
2011-11-10,6418.33
2011-11-11,6425.67
2011-11-14,6421.19
2011-11-15,6410.78
2011-11-16,6416.66
2011-11-17,6438.92
2011-11-18,6453.94
2011-11-21,6462.38
2011-11-22,6461.29
2011-11-23,6458.84
2011-11-24,6459.28
2011-11-25,6450.34
2011-11-28,6455.57
2011-11-29,6461.32
2011-11-30,6507.5
2011-12-01,6512.15
2011-12-02,6515.1
2011-12-05,6517.48
2011-12-07,6545.29
2011-12-08,6537.37
2011-12-09,6544.78
2011-12-12,6549.32
2011-12-13,6544.13
2011-12-14,6545.16
2011-12-15,6573.22
2011-12-16,6577.65
2011-12-19,6579.05
2011-12-20,6571.7
2011-12-21,6578.64
2011-12-23,6568.22
2011-12-26,6573.52
2011-12-27,6584.66
2011-12-28,6658.76
2011-12-29,6615.41
2011-12-30,6622.25
2011-12-31,6610.7
2012-01-02,6611.86
2012-01-03,6620.19
2012-01-04,6627.87
2012-01-05,6624.65
2012-01-09,6627
2012-01-10,6637.85
2012-01-11,6652.27
2012-01-12,6655.81
2012-01-13,6668.5
2012-01-16,6665
2012-01-17,6670.68
2012-01-18,6683.3
2012-01-19,6671.52
2012-01-20,6674.95
2012-01-23,6672.93
2012-01-24,6677.34
2012-01-25,6707.69
2012-01-26,6722.31
2012-01-27,6726.42
2012-01-30,6742.71
2012-01-31,6752.56
2012-02-01,6697.04
2012-02-02,6704.74
2012-02-03,6747.31
2012-02-06,6754.53
2012-02-07,6749.48
2012-02-08,6850.29
2012-02-09,6845.74
2012-02-10,6761.35
2012-02-13,6762.41
2012-02-14,6762.57
2012-02-15,6770.25
2012-02-16,6760.33
2012-02-17,6759.57
2012-02-22,6765.35
2012-02-23,6790.6
2012-02-24,6806.88
2012-02-27,6826.08
2012-02-28,6784.08
2012-02-29,6830.53
2012-03-01,6831.81
2012-03-02,6837.71
2012-03-05,6836.94
2012-03-06,6837.69
2012-03-07,6844.26
2012-03-08,6838.58
2012-03-09,6832.62
2012-03-12,6836.8
2012-03-13,6825.09
2012-03-14,6800.13
2012-03-15,6807.94
2012-03-16,6805.75
2012-03-19,6794.71
2012-03-20,6794.44
2012-03-21,6797.67
2012-03-22,6355.3
2012-03-23,6368.4
2012-03-26,6370.03
2012-03-27,6390.62
2012-03-28,6394
2012-03-29,6404.68
2012-03-30,6407.8
2012-04-02,6437.1
2012-04-03,6421.79
2012-04-04,6465.14
2012-04-09,6473.42
2012-04-10,6510
2012-04-11,6516.74
2012-04-12,6515.99
2012-04-13,6558.08
2012-04-16,6566.45
2012-04-17,6567.99
2012-04-18,6570.94
2012-04-19,6580.63
2012-04-20,6642.27
2012-04-24,6657.33
2012-04-25,6658.93
2012-04-26,6667.88
2012-04-27,6726.3
2012-04-30,6737.53
2012-05-02,6741.82
2012-05-03,6746.72
2012-05-04,6807.67
2012-05-07,6815.54
2012-05-08,6823.95
2012-05-09,6831.9
2012-05-10,6836.91
2012-05-11,6864.33
2012-05-14,6874.47
2012-05-15,6877.13
2012-05-16,6879.66
2012-05-17,6887.19
2012-05-18,6931.78
2012-05-22,6924.86
2012-05-23,6940.55
2012-05-24,6936.93
2012-05-25,6991.19
2012-05-28,6996.3
2012-05-29,6998.49
2012-05-30,7023.62
2012-05-31,7035.55
2012-06-01,7054.66
2012-06-04,7047.74
2012-06-05,7049.11
2012-06-06,7034.93
2012-06-07,7041.09
2012-06-08,7061.98
2012-06-11,7097.69
2012-06-12,7086.73
2012-06-13,7101.26
2012-06-14,7107.54
2012-06-15,7111.66
2012-06-18,7119.83
2012-06-20,7110.57
2012-06-21,7112.37
2012-06-22,7108.33
2012-06-25,7112.45
2012-06-26,7135.86
2012-06-27,7135.54
2012-06-28,7154.22
2012-06-29,7168.55
2012-07-02,7171.04
2012-07-03,7187.93
2012-07-04,7284.35
2012-07-05,7294.29
2012-07-06,7207.8
2012-07-09,7209.01
2012-07-10,7217.33
2012-07-11,7217.96
2012-07-12,7222.58
2012-07-13,7222.35
2012-07-16,7233.82
2012-07-17,7231.11
2012-07-19,7235.8
2012-07-20,7246.09
2012-07-23,7252.45
2012-07-24,7254.03
2012-07-25,7261.95
2012-07-26,7266.89
2012-07-27,7266.54
2012-07-30,7259.81
2012-07-31,7269.96
2012-08-01,7256.85
2012-08-02,7259.71
2012-08-03,7255.69
2012-08-06,7272.73
2012-08-07,7275.03
2012-08-08,7263.97
2012-08-09,7263.51
2012-08-10,7293.97
2012-08-13,7297.46
2012-08-14,7300.35
2012-08-15,7280.67
2012-08-16,7280.15
2012-08-17,7285.02
2012-08-20,7292.83
2012-08-21,7304.81
2012-08-22,7328.78
2012-08-23,7338.1
2012-08-24,7339.2
2012-08-27,7350.85
2012-08-28,7360.72
2012-08-29,7359.41
2012-08-30,7372.64
2012-08-31,7397.13
2012-09-03,7403.3
2012-09-04,7401.97
2012-09-05,7403.01
2012-09-06,7492.95
2012-09-07,7404.12
2012-09-10,7303.3
2012-09-11,7405.57
2012-09-12,7400.54
2012-09-13,7210.58
2012-09-14,7397.61
2012-09-17,7406.37
2012-09-18,7416.19
2012-09-19,7424.08
2012-09-20,7427.11
2012-09-21,7436.1
2012-09-24,7445.35
2012-09-25,7458.68
2012-09-26,7472.61
2012-09-27,7475.4
2012-09-28,7487.51
2012-10-01,7495.21
2012-10-02,7492.47
2012-10-03,7492.22
2012-10-04,7493.16
2012-10-05,7475.33
2012-10-08,7474.42
2012-10-09,7280.23
2012-10-10,7480.93
2012-10-11,7483.38
2012-10-12,7469.87
2012-10-16,7473.9
2012-10-17,7463.88
2012-10-18,7488.77
2012-10-19,7496.85
2012-10-22,7496.29
2012-10-24,7496.25
2012-10-25,7485.47
2012-10-26,7489.18
2012-10-29,7501.94
2012-10-30,7509.31
2012-10-31,7514.3
2012-11-01,7513.06
2012-11-05,7511.84
2012-11-06,7514.14
2012-11-07,7513.99
2012-11-08,7534.35
2012-11-09,7534.8
2012-11-12,7544.47
2012-11-13,7548.51
2012-11-14,7543.48
2012-11-15,7549.85
2012-11-16,7555.13
2012-11-19,7550.95
2012-11-20,7550.45
2012-11-21,7574.78
2012-11-22,7551.08
2012-11-23,7539.66
2012-11-26,7539.96
2012-11-27,7523.52
2012-11-28,7528.29
2012-11-29,7537.4
2012-11-30,7565.34
2012-12-03,7584.46
2012-12-04,7563.39
2012-12-05,7562.85
2012-12-06,6819.95
2012-12-07,7562.01
2012-12-10,7562.65
2012-12-11,7558.17
2012-12-12,7569.47
2012-12-13,7565.07
2012-12-14,7577.93
2012-12-17,7576.42
2012-12-18,7569.18
2012-12-19,7581.17
2012-12-20,7557.13
2012-12-21,7606.69
2012-12-24,7612.18
2012-12-26,7599.85
2012-12-27,7622.52
2012-12-28,7582.39
2012-12-31,7604.83
2013-01-02,7872.18
2013-01-03,7738.62
2013-01-04,7793.6
2013-01-07,7839.16
2013-01-08,7870.41
2013-01-09,7857.77
2013-01-10,7895.91
2013-01-11,7905.32
2013-01-14,7894.08
2013-01-15,7907.16
2013-01-16,7907.67
2013-01-17,7930.39
2013-01-18,7952.68
2013-01-21,7964.76
2013-01-22,7988.55
2013-01-23,7996.32
2013-01-24,7996.47
2013-01-25,7950.9
2013-01-28,7950.23
2013-01-29,7953.41
2013-01-30,7990.45
2013-01-31,8005.07
2013-02-01,8032.52
2013-02-04,8042.46
2013-02-05,8052
2013-02-06,8065.1
2013-02-07,8067.26
2013-02-08,8120.57
2013-02-13,8114.58
2013-02-14,8128.75
2013-02-15,8140.72
2013-02-18,8097.01
2013-02-19,8154.87
2013-02-20,8166.98
2013-02-21,8172.68
2013-02-22,8205.79
2013-02-25,8210.34
2013-02-26,8226.36
2013-02-27,8212.78
2013-02-28,8235.07
2013-03-01,8241
2013-03-04,8243.74
2013-03-05,8141.78
2013-03-06,8145.72
2013-03-07,8229.68
2013-03-08,8270.9
2013-03-11,8271.12
2013-03-12,8283.3
2013-03-13,8285.36
2013-03-14,8289.2
2013-03-15,8232
2013-03-18,8318.21
2013-03-19,8318.99
2013-03-20,8328.61
2013-03-21,8355.73
2013-03-22,8338.27
2013-03-25,8374.36
2013-03-26,8385.24
2013-03-27,8388.14
2013-04-01,8434.28
2013-04-02,8398.9
2013-04-03,8412.89
2013-04-04,8418.45
2013-04-05,8449.84
2013-04-08,8450.74
2013-04-09,8460.34
2013-04-10,8433.77
2013-04-11,8496.93
2013-04-12,8449.47
2013-04-15,8513.53
2013-04-16,8520.81
2013-04-17,8524.64
2013-04-18,8532.1
2013-04-19,8503.84
2013-04-23,8588.25
2013-04-24,8574.17
2013-04-25,8583.11
2013-04-26,8608.06
2013-04-29,8629.46
2013-04-30,8649.72
2013-05-02,8643.86
2013-05-03,8683.64
2013-05-06,8657.6
2013-05-07,8658.56
2013-05-08,8666.81
2013-05-09,8704.53
2013-05-10,8713.87
2013-05-13,8714.4
2013-05-14,8736.72
2013-05-15,8667.38
2013-05-16,8735.74
2013-05-17,8727.91
2013-05-20,8742.24
2013-05-21,8700.64
2013-05-22,8738.4
2013-05-23,8758.52
2013-05-24,8785.44
2013-05-27,8763.69
2013-05-28,8764.95
2013-05-29,8838.23
2013-05-30,8740.62
2013-05-31,8776.18
2013-06-03,8796.49
2013-06-04,8820.72
2013-06-05,8819.03
2013-06-06,8861.95
2013-06-07,8863.97
2013-06-10,8802.58
2013-06-11,8801.74
2013-06-12,8859.94
2013-06-13,8815.19
2013-06-14,8874.92
2013-06-17,8869.13
2013-06-18,8863.85
2013-06-20,8806.28
2013-06-21,8798.78
2013-06-24,8794.89
2013-06-25,8796.83
2013-06-26,8793.03
2013-06-27,8812.28
2013-06-28,8770.6
2013-07-01,8802.14
2013-07-02,8774.03
2013-07-03,8764.72
2013-07-04,8775.39
2013-07-05,8757.85
2013-07-08,8770.49
2013-07-09,8775.73
2013-07-10,8744.79
2013-07-11,8784.47
2013-07-12,8773.65
2013-07-15,8780.18
2013-07-16,8767.35
2013-07-17,8795.79
2013-07-19,8816.54
2013-07-22,8820.3
2013-07-23,8925.08
2013-07-24,8812.01
2013-07-25,8817.09
2013-07-26,8970.64
2013-07-29,9048.08
2013-07-30,9014.53
2013-07-31,9032.35
2013-08-01,8791.61
2013-08-02,8822.76
2013-08-05,8787.69
2013-08-06,8791.91
2013-08-07,8796.5
2013-08-08,8808.52
2013-08-09,8763.28
2013-08-12,8809.37
2013-08-13,8805.95
2013-08-14,8833.74
2013-08-15,8835.96
2013-08-16,8798.19
2013-08-19,8755.82
2013-08-20,8753.67
2013-08-21,8754.48
2013-08-22,8564.5
2013-08-23,8819.79
2013-08-26,8824.75
2013-08-27,8789.04
2013-08-28,8798.33
2013-08-29,8824.33
2013-08-30,8821.09
2013-09-02,8866.35
2013-09-03,8870.3
2013-09-04,8871.21
2013-09-05,8857.88
2013-09-06,8863.01
2013-09-09,8881.56
2013-09-10,8883.04
2013-09-11,8900.92
2013-09-12,8895.93
2013-09-13,8896.79
2013-09-16,8907.29
2013-09-17,8914.77
2013-09-18,8939.39
2013-09-19,8955.5
2013-09-20,8995.62
2013-09-23,8746.56
2013-09-24,8995.21
2013-09-25,8949.16
2013-09-26,8945.42
2013-09-27,8912.06
2013-09-30,8949.52
2013-10-01,8926.85
2013-10-02,8919.12
2013-10-03,8951.37
2013-10-04,8928.52
2013-10-07,9183.95
2013-10-08,9178.35
2013-10-09,9178.88
2013-10-10,8955.35
2013-10-11,8974.13
2013-10-14,8975.95
2013-10-15,8975.88
2013-10-16,8982.58
2013-10-17,8993.55
2013-10-18,9001.73
2013-10-21,9002.76
2013-10-22,9010.33
2013-10-23,9007.44
2013-10-24,8956.23
2013-10-25,9008.03
2013-10-28,9008.34
2013-10-29,8951.77
2013-10-30,9001.6
2013-10-31,9018.96
2013-11-01,9023.84
2013-11-04,9032.59
2013-11-05,9028.57
2013-11-07,9034.05
2013-11-08,9030.45
2013-11-11,9027.45
2013-11-12,9019.69
2013-11-13,9026.44
2013-11-14,9033.28
2013-11-15,8994.81
2013-11-18,8994.77
2013-11-19,8995.83
2013-11-20,8993.85
2013-11-21,8932.37
2013-11-22,9028.45
2013-11-25,9031.6
2013-11-26,9031.75
2013-11-27,9026.16
2013-11-28,9003.42
2013-11-29,9009.12
2013-12-02,9007.17
2013-12-03,9010.86
2013-12-04,9000.3
2013-12-05,9004.5
2013-12-06,9012.33
2013-12-09,9013.28
2013-12-10,9019.58
2013-12-11,9098.16
2013-12-12,9081.13
2013-12-13,9024.14
2013-12-16,9025.69
2013-12-17,9024.42
2013-12-18,9057.2
2013-12-19,9052.03
2013-12-20,9023.34
2013-12-23,9025.48
2013-12-24,9023.72
2013-12-26,9017.07
2013-12-27,9027.41
2013-12-30,9034.74
2013-12-31,9009.18
2014-01-02,9011.72
2014-01-03,9030.12
2014-01-07,9028.47
2014-01-08,9020.86
2014-01-09,9018.14
2014-01-10,9040.81
2014-01-13,9051.63
2014-01-14,9045.38
2014-01-15,9032.29
2014-01-16,9028.56
2014-01-17,9030.92
2014-01-20,9034.58
2014-01-21,9034.95
2014-01-22,9032.12
2014-01-23,9032.76
2014-01-24,9044.02
2014-01-27,9045.01
2014-01-28,9048.19
2014-01-29,9052.02
2014-01-30,9052.25
2014-01-31,9053.1
2014-02-03,9062.89
2014-02-04,9073.9
2014-02-05,9064.33
2014-02-06,8965.68
2014-02-07,9080.98
2014-02-10,9081.73
2014-02-11,9088.22
2014-02-12,9081.24
2014-02-13,9085.01
2014-02-14,9117.83
2014-02-17,9118.18
2014-02-18,9127.93
2014-02-19,9124.86
2014-02-20,9113.89
2014-02-21,9116.29
2014-02-24,9123.86
2014-02-25,9125.99
2014-02-26,9120.87
2014-02-27,9127.77
2014-02-28,9136.33
2014-03-05,9141.57
2014-03-06,9148.2
2014-03-07,9138.79
2014-03-10,9133.19
2014-03-11,9081.35
2014-03-12,9086.02
2014-03-13,9145.21
2014-03-14,9144.44
2014-03-17,9148.35
2014-03-18,9150
2014-03-19,9128.33
2014-03-20,9082.3
2014-03-21,9127.7
2014-03-24,9134.92
2014-03-25,9135.81
2014-03-26,9144.12
2014-03-27,9145.79
2014-03-28,9170.53
2014-03-31,9170.58
2014-04-01,9167.05
2014-04-02,9167.43
2014-04-03,9161.5
2014-04-04,9182.53
2014-04-07,9185.9
2014-04-08,9194.59
2014-04-09,9202.06
2014-04-10,9210.53
2014-04-11,9219.52
2014-04-14,9217.41
2014-04-15,9211.18
2014-04-16,9212.02
2014-04-21,9204.21
2014-04-22,9206.57
2014-04-23,9119.63
2014-04-24,9200.73
2014-04-25,8983.44
2014-04-28,9203.19
2014-04-29,9139.11
2014-04-30,9224.97
2014-05-02,9244.61
2014-05-05,9240.71
2014-05-06,9237.31
2014-05-07,9235.43
2014-05-08,9237.33
2014-05-09,9239.64
2014-05-12,9237.6
2014-05-13,9234.39
2014-05-14,9243.32
2014-05-15,9239.65
2014-05-16,9239.8
2014-05-19,9236.11
2014-05-20,9226.79
2014-05-21,9323.81
2014-05-22,9221.89
2014-05-23,9228.32
2014-05-26,9286.62
2014-05-27,9232.09
2014-05-28,9340.36
2014-05-29,9335.97
2014-05-30,9245.82
2014-06-02,9228.24
2014-06-03,9220.39
2014-06-04,9223.08
2014-06-05,9218.32
2014-06-06,9231.17
2014-06-09,9296.92
2014-06-10,9236.73
2014-06-11,9238.82
2014-06-12,9246.42
2014-06-13,9258.64
2014-06-16,9258.59
2014-06-17,9245.41
2014-06-18,9249.77
2014-06-20,9258.33
2014-06-23,9261.27
2014-06-24,9261.11
2014-06-25,9257.67
2014-06-26,9257.44
2014-06-27,9283.59
2014-06-30,9286.29
2014-07-01,9289.22
2014-07-02,9278.72
2014-07-03,9270.65
2014-07-04,9286.57
2014-07-07,9287.22
2014-07-08,9288.39
2014-07-09,9292.37
2014-07-10,9296.46
2014-07-11,9341.07
2014-07-14,9339.78
2014-07-15,9329.02
2014-07-16,9326.65
2014-07-17,9338.94
2014-07-21,9335.89
2014-07-22,9334.71
2014-07-23,9341.59
2014-07-24,9334.03
2014-07-25,9335.57
2014-07-28,9335.31
2014-07-29,9330.73
2014-07-30,9372.35
2014-07-31,9324.56
2014-08-01,9342.81
2014-08-04,9346.07
2014-08-05,9338.07
2014-08-06,9339.02
2014-08-07,9319.66
2014-08-08,9321.56
2014-08-11,9319.86
2014-08-12,9320.86
2014-08-13,9320.21
2014-08-14,9347.43
2014-08-15,9350.76
2014-08-18,9348.41
2014-08-19,9342.14
2014-08-20,9336.97
2014-08-21,9331.36
2014-08-22,9340.63
2014-08-26,9341.59
2014-08-27,9344.46
2014-08-28,9304.63
2014-08-29,9307.67
2014-09-01,9287.93
2014-09-02,9260.21
2014-09-03,9267.02
2014-09-04,9245.42
2014-09-05,9249.29
2014-09-08,9238.08
2014-09-09,9219.96
2014-09-10,9210.32
2014-09-11,9204.6
2014-09-12,9200.53
2014-09-15,9198.22
2014-09-16,9208.38
2014-09-17,9196.14
2014-09-18,9191.3
2014-09-19,9189.64
2014-09-22,9184.49
2014-09-23,9187.17
2014-09-24,9167.6
2014-09-25,9146.17
2014-09-26,9130.01
2014-09-29,9091.91
2014-09-30,9055.85
2014-10-01,9064.56
2014-10-02,9058.84
2014-10-03,9033.38
2014-10-06,9032.18
2014-10-07,9023.57
2014-10-08,9006.32
2014-10-09,9010.82
2014-10-10,8989.42
2014-10-13,8992.04
2014-10-14,8989.75
2014-10-15,8991.28
2014-10-16,8972
2014-10-17,8956.42
2014-10-20,8946.25
2014-10-21,8917.68
2014-10-22,8905.21
2014-10-23,8894.68
2014-10-24,8880.45
2014-10-27,8869.46
2014-10-28,8852.85
2014-10-29,8837.77
2014-10-30,8861.65
2014-10-31,8855.62
2014-11-03,8840.42
2014-11-04,8831.63
2014-11-05,8816.21
2014-11-06,8815.37
2014-11-07,8820.82
2014-11-10,8815.94
2014-11-11,8815.46
2014-11-12,8818.49
2014-11-13,8817.77
2014-11-14,8824.52
2014-11-17,8820.7
2014-11-18,8816.62
2014-11-19,8806.66
2014-11-20,8805.83
2014-11-21,8813.65
2014-11-24,8808.97
2014-11-25,8804.65
2014-11-26,8801.72
2014-11-27,8750.05
2014-11-28,8749.51
2014-12-01,8754.92
2014-12-02,8733.89
2014-12-03,8726.38
2014-12-04,8727.04
2014-12-05,8699.81
2014-12-08,8696.32
2014-12-09,8705.68
2014-12-10,8701.14
2014-12-11,8697.12
2014-12-12,8700.85
2014-12-15,8690
2014-12-16,8695.94
2014-12-17,8683.57
2014-12-18,8664.34
2014-12-19,8661.81
2014-12-22,8688.29
2014-12-23,8881.2
2014-12-24,8877.81
2014-12-26,8877.5
2014-12-29,8829.63
2014-12-30,9081.11
2014-12-31,8809.41
2015-01-02,8804.68
2015-01-05,8800.41
2015-01-07,8798.13
2015-01-08,8811.07
2015-01-09,8816.73
2015-01-12,8824.1
2015-01-13,8824.04
2015-01-14,8872.66
2015-01-15,8878.79
2015-01-16,8877.65
2015-01-19,8872.85
2015-01-20,8871.73
2015-01-21,8858.14
2015-01-22,8858.28
2015-01-23,8842.77
2015-01-26,8843.74
2015-01-27,8843.69
2015-01-28,8849.12
2015-01-29,8819.17
2015-01-30,8853.24
2015-02-02,8859.89
2015-02-03,8853.1
2015-02-04,8836.73
2015-02-05,8838.92
2015-02-06,8815.31
2015-02-09,8816.45
2015-02-10,8808.22
2015-02-11,8800.69
2015-02-12,8808.52
2015-02-13,8740.06
2015-02-18,8755.28
2015-02-19,8756.81
2015-02-20,8772.89
2015-02-23,8769.64
2015-02-24,8778.36
2015-02-25,8786.63
2015-02-26,8780.08
2015-02-27,8787.55
2015-03-02,8776.62
2015-03-03,8779.92
2015-03-04,8778.38
2015-03-05,8775.6
2015-03-06,8727.95
2015-03-09,8729
2015-03-10,8725.52
2015-03-11,8724.29
2015-03-12,8661.41
2015-03-13,8728.55
2015-03-16,8674.88
2015-03-17,8729.9
2015-03-18,8762.28
2015-03-19,8949.44
2015-03-20,8968.62
2015-03-23,8976.84
2015-03-24,8981.69
2015-03-25,8977.78
2015-03-26,8971.46
2015-03-27,8961.27
2015-03-30,8951.57
2015-03-31,8954.76
2015-04-01,8962.84
2015-04-06,8972.99
2015-04-07,8970.81
2015-04-08,8973.21
2015-04-09,8965.88
2015-04-10,8963.74
2015-04-13,8959.33
2015-04-14,8969.31
2015-04-15,8976.65
2015-04-16,8985.53
2015-04-17,8983.36
2015-04-20,8966.74
2015-04-21,8914.34
2015-04-22,8963.04
2015-04-23,8969.02
2015-04-24,8973.03
2015-04-27,8978.76
2015-04-28,8986.01
2015-04-29,9029.85
2015-04-30,9015.39
2015-05-04,9000.8
2015-05-05,9000.41
2015-05-06,8983.81
2015-05-07,8980.82
2015-05-08,8990.88
2015-05-11,8980.28
2015-05-12,8989.08
2015-05-13,9000.53
2015-05-14,9005.76
2015-05-15,9009.28
2015-05-19,8985.51
2015-05-20,8989.53
2015-05-21,8993.68
2015-05-22,8978.06
2015-05-25,8979.68
2015-05-26,8971.41
2015-05-27,8968.55
2015-05-28,8943.06
2015-05-29,8942.87
2015-06-01,8921.14
2015-06-02,8929.92
2015-06-03,8921.66
2015-06-04,8919.54
2015-06-05,8902.07
2015-06-08,8912.86
2015-06-09,8906.22
2015-06-10,8902.51
2015-06-11,8907.19
2015-06-12,8893.84
2015-06-15,8895.33
2015-06-16,8898.67
2015-06-17,8904.9
2015-06-18,8907.24
2015-06-22,8902.31
2015-06-23,8902.31
2015-06-24,8904.4
2015-06-25,8906.35
2015-06-26,8893.19
2015-06-29,8915.08
2015-06-30,8904.35
2015-07-01,8881.31
2015-07-02,8887.35
2015-07-03,8878.69
2015-07-06,8883.8
2015-07-07,8877.93
2015-07-08,8879.55
2015-07-09,8868.79
2015-07-10,8851.4
2015-07-13,8846.02
2015-07-14,8795.72
2015-07-15,8841.97
2015-07-16,8841.88
2015-07-17,8838.35
2015-07-20,8834.27
2015-07-21,8836.36
2015-07-22,8820.92
2015-07-23,8805.47
2015-07-24,8785.73
2015-07-27,8790.42
2015-07-28,8765.59
2015-07-29,8754.93
2015-07-30,8712.36
2015-07-31,8694.56
2015-08-03,8168.73
2015-08-04,8083.35
2015-08-05,8029.43
2015-08-07,7999.89
2015-08-10,8033.75
2015-08-11,7995.61
2015-08-12,7986.46
2015-08-13,7937.17
2015-08-14,7925.2
2015-08-17,7926.6
2015-08-18,7914.56
2015-08-19,7904.13
2015-08-20,7692.95
2015-08-21,7700.06
2015-08-24,7663.1
2015-08-26,7641.95
2015-08-27,7646.44
2015-08-28,7679.38
2015-08-31,7656.57
2015-09-01,7604.65
2015-09-02,7517.07
2015-09-03,7490.55
2015-09-04,7473.59
2015-09-07,7474.56
2015-09-08,7465.55
2015-09-09,7475.27
2015-09-10,7438.68
2015-09-11,7304.38
2015-09-14,7372.29
2015-09-15,7155.58
2015-09-16,7120.43
2015-09-17,7080.89
2015-09-18,7014.5
2015-09-21,6991.4
2015-09-22,6920.37
2015-09-23,6837.14
2015-09-24,6823.75
2015-09-25,6799.62
2015-09-28,6804.29
2015-09-29,6818.45
2015-09-30,6820.52
2015-10-01,6822.24
2015-10-02,6178.55
2015-10-05,6170.52
2015-10-06,6036.13
2015-10-07,6169.12
2015-10-08,6018.77
2015-10-09,6101.33
2015-10-13,6105.57
2015-10-14,6096.19
2015-10-15,6108.16
2015-10-16,6092.11
2015-10-19,6079.09
2015-10-20,6070.34
2015-10-21,6062.06
2015-10-22,6057.58
2015-10-23,6017.95
2015-10-26,6010.64
2015-10-27,6013.75
2015-10-28,5993.95
2015-10-29,5979.93
2015-10-30,5981.81
2015-11-03,5977.92
2015-11-04,5969.05
2015-11-05,5959.26
2015-11-06,5942.74
2015-11-09,5938.53
2015-11-10,5217.09
2015-11-11,5215.18
2015-11-12,5203.82
2015-11-13,5152.54
2015-11-16,5150.76
2015-11-18,5155.31
2015-11-19,5156.64
2015-11-20,5133.28
2015-11-23,5132.14
2015-11-24,5103.35
2015-11-25,5059.92
2015-11-26,5026.02
2015-11-27,4995.67
2015-11-30,4987.77
2015-12-01,4990.91
2015-12-02,4980.41
2015-12-03,4956.82
2015-12-04,4949.4
2015-12-07,4938.07
2015-12-08,4916.27
2015-12-09,4915.68
2015-12-10,4913.62
2015-12-11,4897.46
2015-12-14,4864.51
2015-12-15,4851.93
2015-12-16,4846.57
2015-12-17,4845.63
2015-12-18,4850.08
2015-12-21,4850.37
2015-12-22,4848.95
2015-12-23,4847.99
2015-12-24,4848.14
2015-12-28,4844.92
2015-12-29,4816.4
2015-12-30,4814.58
2015-12-31,4797.24
2016-01-04,4751.88
2016-01-05,4798.11
2016-01-07,4802.24
2016-01-08,4804.26
2016-01-11,4807.37
2016-01-12,4796.77
2016-01-13,4796.46
2016-01-14,4686.88
2016-01-15,4691.85
2016-01-18,4692.13
2016-01-19,4691.79
2016-01-20,4696.38
2016-01-21,4691.97
2016-01-22,4689
2016-01-25,4690.27
2016-01-26,4694.09
2016-01-27,4691.69
2016-01-28,4690.71
2016-01-29,4686.31
2016-02-01,4683.3
2016-02-02,4662.43
2016-02-03,4654.06
2016-02-04,4627.17
2016-02-05,4606.01
2016-02-10,4576.04
2016-02-11,4561.11
2016-02-12,4554.67
2016-02-15,4543.23
2016-02-16,4528.59
2016-02-17,4524.49
2016-02-18,4527.98
2016-02-19,4516.87
2016-02-22,4517.24
2016-02-23,4518.81
2016-02-24,4504.45
2016-02-25,4490.19
2016-02-26,4465.01
2016-02-29,4458.05
2016-03-01,4451.15
2016-03-02,4443.38
2016-03-03,4389.64
2016-03-04,4389.3
2016-03-07,4369.67
2016-03-08,4373.16
2016-03-09,4371.08
2016-03-10,4367.09
2016-03-11,4356.02
2016-03-14,4356.12
2016-03-15,4356.61
2016-03-16,4355.87
2016-03-17,4364.44
2016-03-18,4363.09
2016-03-21,4365.18
2016-03-22,4365.65
2016-03-23,4363.95
2016-03-28,4365.77
2016-03-29,4369.06
2016-03-30,4374.3
2016-03-31,4377.74
2016-04-01,4377.3
2016-04-04,4378.83
2016-04-05,4381.68
2016-04-06,4380.31
2016-04-07,4384.3
2016-04-08,4382.88
2016-04-11,4381.35
2016-04-12,4380.18
2016-04-13,4378.58
2016-04-14,4378.52
2016-04-15,4380.54
2016-04-19,4380.38
2016-04-20,4381.4
2016-04-21,4327.46
2016-04-22,4326.57
2016-04-25,4327.21
2016-04-26,4326.46
2016-04-27,4328.78
2016-04-28,4332.69
2016-04-29,4334.78
2016-05-02,4334.61
2016-05-03,4338.7
2016-05-04,4338.23
2016-05-05,4338.65
2016-05-06,4342.51
2016-05-09,4341.98
2016-05-10,4341.46
2016-05-11,4341.89
2016-05-12,4340.77
2016-05-13,4339.21
2016-05-17,4338.08
2016-05-18,4334.44
2016-05-19,4332.32
2016-05-20,4330.59
2016-05-23,4330.14
2016-05-24,4329.27
2016-05-25,4329.27
2016-05-26,4333.92
2016-05-27,4335.28
2016-05-30,4336.62
2016-05-31,4337.11
2016-06-01,4337.84
2016-06-02,4339.81
2016-06-03,4348.29
2016-06-06,4347.54
2016-06-07,4349.56
2016-06-08,4348.36
2016-06-09,4296.73
2016-06-10,4299.06
2016-06-13,4302.04
2016-06-14,4303.11
2016-06-15,4303.36
2016-06-16,4244.29
2016-06-17,4305.69
2016-06-20,4302.78
2016-06-21,4302.61
2016-06-22,4302.38
2016-06-23,4301.2
2016-06-24,4310.26
2016-06-27,4315.43
2016-06-28,4313.56
2016-06-29,4314.54
2016-06-30,4315.4
2016-07-01,4316.77
2016-07-04,4317.67
2016-07-05,4320.97
2016-07-06,4319.85
2016-07-07,4321.57
2016-07-08,4418.62
2016-07-11,4317.94
2016-07-12,4415.41
2016-07-13,4461.15
2016-07-15,4455.88
2016-07-19,4354.22
2016-07-20,4353
2016-07-21,4314.11
2016-07-22,4315.85
2016-07-25,4315.92
2016-07-26,4317.65
2016-07-27,4323.05
2016-07-28,4234.86
2016-07-29,4242.07
2016-08-01,4241.11
2016-08-02,4240.28
2016-08-03,4239.84
2016-08-04,4243.79
2016-08-05,4240.53
2016-08-08,4244.7
2016-08-09,4247.77
2016-08-10,4266.89
2016-08-11,4270.37
2016-08-12,4272.83
2016-08-15,4270.83
2016-08-16,4289.8
2016-08-17,4296.27
2016-08-18,4320.78
2016-08-19,4318.45
2016-08-22,4318.75
2016-08-23,4318.52
2016-08-24,4321.78
2016-08-26,4321.16
2016-08-29,4322.79
2016-08-30,4325.55
2016-08-31,4321.98
2016-09-01,4322.93
2016-09-02,4471.65
2016-09-05,4324.12
2016-09-06,4327.86
2016-09-07,4329.32
2016-09-08,4326.18
2016-09-09,4369.12
2016-09-12,4319.28
2016-09-13,4320.15
2016-09-15,4323.86
2016-09-16,4325.88
2016-09-19,4325.19
2016-09-20,4326.17
2016-09-21,4325.34
2016-09-22,4348.14
2016-09-23,4347.85
2016-09-26,4324.61
2016-09-27,4326.46
2016-09-28,4333.5
2016-09-29,4333.55
2016-09-30,4334.36
2016-10-03,4332.58
2016-10-04,4330.59
2016-10-05,4327.68
2016-10-06,4332.52
2016-10-07,4347.51
2016-10-11,4372.67
2016-10-12,4384.87
2016-10-13,4387.52
2016-10-14,4388.13
2016-10-17,4425.55
2016-10-18,4456.86
2016-10-19,4462.52
2016-10-20,4505.92
2016-10-21,4533.39
2016-10-24,4575.09
2016-10-25,4593.44
2016-10-26,4590.91
2016-10-27,4589.68
2016-10-28,4590.08
2016-10-31,4594.65
2016-11-01,4593.18
2016-11-03,4598.72
2016-11-04,4633.59
2016-11-07,4650.19
2016-11-08,4646.52
2016-11-09,4657.48
2016-11-10,4650.95
2016-11-11,4647.84
2016-11-14,4641.38
2016-11-15,4640.44
2016-11-16,4638.24
2016-11-17,4638.39
2016-11-18,4633.71
2016-11-21,4642.07
2016-11-22,4641.82
2016-11-23,4640.87
2016-11-24,4643
2016-11-25,4660.1
2016-11-28,4670.04
2016-11-29,4669.08
2016-11-30,4686.72
2016-12-01,4683.6
2016-12-02,4690.49
2016-12-05,4695.42
2016-12-06,4696.28
2016-12-07,4700.69
2016-12-08,4699.33
2016-12-09,4701.99
2016-12-12,4698.77
2016-12-13,4699.34
2016-12-14,4701.72
2016-12-15,4688.36
2016-12-16,4707.44
2016-12-19,4727.74
2016-12-20,4725.68
2016-12-21,4750.05
2016-12-22,4710.64
2016-12-23,4774.32
2016-12-26,4811.08
2016-12-27,4809.96
2016-12-28,4810.56
2016-12-29,4820.2
2016-12-30,4979.22
2016-12-31,4960.46
2017-01-02,4993.57
2017-01-03,5010.77
2017-01-04,5011.98
2017-01-05,5022.7
2017-01-09,5028.85
2017-01-10,5053.1
2017-01-11,5059.96
2017-01-12,5063.6
2017-01-13,5074.72
2017-01-16,5077.13
2017-01-17,5080.86
2017-01-18,5070.67
2017-01-19,5076.63
2017-01-20,5107.38
2017-01-23,5130.63
2017-01-24,5090.16
2017-01-25,5126.1
2017-01-26,5126.13
2017-01-27,5164.84
2017-01-30,5168.94
2017-01-31,5172.27
2017-02-01,5169.37
2017-02-02,5174.73
2017-02-03,5161.29
2017-02-06,5163.15
2017-02-07,5163.48
2017-02-08,5170.13
2017-02-09,5217.93
2017-02-10,5290.34
2017-02-13,5298.87
2017-02-14,5296.75
2017-02-15,5317.64
2017-02-16,5325.89
2017-02-17,5360.23
2017-02-20,5404.95
2017-02-21,5404.69
2017-02-22,5420.59
2017-02-23,5425.97
2017-02-24,5474.59
2017-03-01,5487.17
2017-03-02,5484.63
2017-03-03,5488.22
2017-03-06,5495.09
2017-03-07,5493.83
2017-03-08,5489.15
2017-03-09,5488.41
2017-03-10,5558.08
2017-03-13,5562.08
2017-03-14,5562.84
2017-03-15,5571.22
2017-03-16,5578.83
2017-03-17,5602.56
2017-03-20,5606.98
2017-03-21,5609.8
2017-03-22,5616.5
2017-03-23,5616.27
2017-03-24,5659.71
2017-03-27,5562.14
2017-03-28,5661.14
2017-03-29,5663.38
2017-03-30,5665.27
2017-03-31,5749.57
2017-04-03,5775.26
2017-04-04,5779.3
2017-04-05,5793.19
2017-04-06,5794.49
2017-04-07,5816.69
2017-04-10,5815.67
2017-04-11,5816.07
2017-04-12,5828.51
2017-04-18,5837.84
2017-04-19,5846.88
2017-04-20,5847.09
2017-04-21,5900.14
2017-04-24,5957.31
2017-04-25,5955.27
2017-04-26,5989.32
2017-04-27,6063.44
2017-04-28,6079.72
2017-05-02,6185.51
2017-05-03,6185.67
2017-05-04,6181.3
2017-05-05,6261.15
2017-05-08,6275.36
2017-05-09,6282.86
2017-05-10,6298.91
2017-05-11,6311.78
2017-05-12,6362.53
2017-05-15,6384.87
2017-05-16,6405.58
2017-05-17,6434.2
2017-05-18,6434.27
2017-05-19,6501.21
2017-05-23,6516.08
2017-05-24,6513.93
2017-05-25,6527.6
2017-05-26,6562.56
2017-05-29,6597.75
2017-05-30,6519.24
2017-05-31,6651.87
2017-06-01,6654.58
2017-06-02,6658.81
2017-06-05,6657.16
2017-06-06,6660.4
2017-06-07,6660.66
2017-06-08,6657.77
2017-06-09,6692.15
2017-06-12,6698.09
2017-06-13,6695.77
2017-06-14,6723.1
2017-06-15,6717
2017-06-16,6754.72
2017-06-20,6788.24
2017-06-21,6798.73
2017-06-22,6801.84
2017-06-23,6849.1
2017-06-26,6872.72
2017-06-27,6870.32
2017-06-28,6877.79
2017-06-29,6875.38
2017-06-30,6898.71
2017-07-03,6894.38
2017-07-04,6894.32
2017-07-05,6912.51
2017-07-06,6896
2017-07-07,6957.89
2017-07-10,6962.32
2017-07-11,6961.7
2017-07-12,6981.96
2017-07-13,6980.36
2017-07-14,6988.33
2017-07-17,6999.29
2017-07-19,7012.34
2017-07-21,7038.59
2017-07-24,7056.13
2017-07-25,7053.97
2017-07-26,7061.49
2017-07-27,7065.69
2017-07-28,7106.68
2017-07-31,7137.43
2017-08-01,7153.77
2017-08-02,7179.6
2017-08-03,7200.36
2017-08-04,7216.72
2017-08-07,7222.44
2017-08-08,7220.58
2017-08-09,7258.07
2017-08-10,7260.83
2017-08-11,7378.09
2017-08-14,7434.94
2017-08-15,7431.13
2017-08-16,7436.19
2017-08-17,7424.5
2017-08-18,7488.23
2017-08-21,7488.13
2017-08-22,7487.66
2017-08-23,7552.32
2017-08-24,7690.75
2017-08-28,7698.17
2017-08-30,7721.31
2017-08-31,7724.5
2017-09-01,7737.63
2017-09-04,7740.24
2017-09-05,7720.72
2017-09-06,7758.97
2017-09-07,7762.55
2017-09-08,7765.87
2017-09-11,7777.67
2017-09-12,7774.49
2017-09-13,7786.61
2017-09-14,7788.44
2017-09-15,7854.72
2017-09-18,7858.72
2017-09-19,7862.05
2017-09-20,7868.04
2017-09-21,7864.71
2017-09-22,7891.3
2017-09-25,7896.89
2017-09-26,7895.1
2017-09-27,7893.93
2017-09-28,7891.51
2017-09-29,7955.27
2017-10-02,7969.61
2017-10-03,7970.87
2017-10-04,7982.79
2017-10-05,7982.06
2017-10-06,8013.68
2017-10-09,8021.84
2017-10-10,8025.07
2017-10-11,8033.83
2017-10-12,8034.22
2017-10-13,8055.41
2017-10-17,8077.16
2017-10-18,8080.86
2017-10-19,8084.37
2017-10-20,8114.47
2017-10-23,8131.89
2017-10-24,8130.81
2017-10-25,8172.47
2017-10-26,8172.85
2017-10-27,8224.57
2017-10-30,8228.04
2017-10-31,8227.85
2017-11-01,8228.71
2017-11-03,8227.88
2017-11-06,8229.88
2017-11-07,8229.09
2017-11-08,8228.46
2017-11-09,8227.99
2017-11-10,8226.79
2017-11-13,8226.64
2017-11-14,8225.15
2017-11-15,8226.36
2017-11-16,8225.61
2017-11-17,8227.27
2017-11-20,8225.9
2017-11-21,8224.42
2017-11-22,8228.32
2017-11-23,8231.26
2017-11-24,8229.34
2017-11-27,8232.54
2017-11-28,8252.68
2017-11-29,8247.52
2017-11-30,8249.05
2017-12-01,7771.74
2017-12-04,7769
2017-12-05,7768.42
2017-12-06,7772.15
2017-12-07,7772.23
2017-12-08,7771.24
2017-12-11,7771.92
2017-12-12,7769.17
2017-12-13,7771.61
2017-12-14,7774.1
2017-12-15,7807.24
2017-12-18,7864.77
2017-12-19,7861.41
2017-12-20,6660.36
2017-12-21,6689.01
2017-12-22,6500.24
2017-12-26,6550.87
2017-12-27,6554.77
2017-12-28,6558.01
2017-12-29,6603.83
2017-12-31,6604.61
2018-01-02,6662.74
2018-01-03,6697.04
2018-01-04,6704.8
2018-01-05,6740.05
2018-01-08,6766.01
2018-01-09,6778.84
2018-01-10,6786.37
2018-01-11,6826.32
2018-01-12,6858.75
2018-01-15,6907.95
2018-01-16,6926.14
2018-01-17,6924.54
2018-01-18,6945.42
2018-01-19,7007.89
2018-01-22,7065.43
2018-01-23,7098.09
2018-01-24,7146.43
2018-01-25,7176.78
2018-01-26,7175.69
2018-01-29,7174
2018-01-30,7177.6
2018-01-31,7179.86
2018-02-01,7210.58
2018-02-02,7175.33
2018-02-05,7263.38
2018-02-06,7276.46
2018-02-07,7292.56
2018-02-08,7288.53
2018-02-09,7292.81
2018-02-14,7288.52
2018-02-15,7288.14
2018-02-16,7328.07
2018-02-19,7342.93
2018-02-20,7364.36
2018-02-21,7445.45
2018-02-22,7447.79
2018-02-23,7465.76
2018-02-26,7567.81
2018-02-27,7605.95
2018-02-28,7623.61
2018-03-01,7631.73
2018-03-02,7634.57
2018-03-05,7635.09
2018-03-06,7642.55
2018-03-07,7641.01
2018-03-08,7664.7
2018-03-09,7662.63
2018-03-12,7665.78
2018-03-13,7667.19
2018-03-14,7668.46
2018-03-15,7706.47
2018-03-16,7706.08
2018-03-19,7733.88
2018-03-20,7783.81
2018-03-21,7823.07
2018-03-22,7830.03
2018-03-23,7853.32
2018-03-26,7892.17
2018-03-27,7920.97
2018-03-28,7962.43
2018-04-02,7961.41
2018-04-03,7963.62
2018-04-04,7963.5
2018-04-05,7961.83
2018-04-06,8054.31
2018-04-09,8054.07
2018-04-10,8066.33
2018-04-11,7994.29
2018-04-12,8095.72
2018-04-13,8095
2018-04-16,8133.47
2018-04-17,8142.09
2018-04-18,8148.42
2018-04-19,8188.49
2018-04-20,8188.48
2018-04-24,8265.36
2018-04-25,8339.61
2018-04-26,8373.34
2018-04-27,8396.39
2018-04-30,8402.84
2018-05-02,8402.43
2018-05-03,8408.6
2018-05-04,8407.4
2018-05-07,8408.14
2018-05-08,8408.01
2018-05-09,8381.79
2018-05-10,8382.55
2018-05-11,8367.33
2018-05-14,8368.2
2018-05-15,8363.56
2018-05-16,8362.25
2018-05-17,8362.59
2018-05-18,8367.41
2018-05-22,8368.68
2018-05-23,8374.97
2018-05-24,8382.97
2018-05-25,8385.9
2018-05-28,8384.91
2018-05-29,8394.03
2018-05-30,8396.89
2018-05-31,8397.02
2018-06-01,8392.97
2018-06-04,8391.43
2018-06-05,8392.81
2018-06-06,8389.98
2018-06-07,8389.48
2018-06-08,8392.78
2018-06-11,8393.43
2018-06-12,8392.82
2018-06-13,8393.05
2018-06-14,8393.11
2018-06-15,8396
2018-06-18,8396.62
2018-06-20,8398.61
2018-06-21,8400.24
2018-06-22,8401.15
2018-06-25,8403.88
2018-06-26,8403.4
2018-06-27,8407.87
2018-06-28,8406.41
2018-06-29,8407.01
2018-07-02,8407.24
2018-07-03,8410.5
2018-07-04,8412.5
2018-07-05,8409.51
2018-07-06,8412
2018-07-09,8409.82
2018-07-10,8409.82
2018-07-11,8409.28
2018-07-12,8412.64
2018-07-13,8414.32
2018-07-16,8413.28
2018-07-17,8413.92
2018-07-19,8419.09
2018-07-20,8417.82
2018-07-23,8418.07
2018-07-24,8414.09
2018-07-25,8417.54
2018-07-26,8417.18
2018-07-27,8416.55
2018-07-30,8417.11
2018-07-31,8418.22
2018-08-01,8422.81
2018-08-02,8425.08
2018-08-03,8430.39
2018-08-06,8433.03
2018-08-07,8433.77
2018-08-08,8432.71
2018-08-09,8436.02
2018-08-10,8442.52
2018-08-13,8438.15
2018-08-14,8437.27
2018-08-15,8440.75
2018-08-16,8440.9
2018-08-17,8443.37
2018-08-20,8451.34
2018-08-21,8446.57
2018-08-23,8441.91
2018-08-24,8443.61
2018-08-27,8443.92
2018-08-28,8442.73
2018-08-29,8374.73
2018-08-30,8245.49
2018-08-31,8171.69
2018-09-03,8061.31
2018-09-04,7956.72
2018-09-05,7956.18
2018-09-06,7958.74
2018-09-07,7960.31
2018-09-10,7960.03
2018-09-11,7956.92
2018-09-12,7957.97
2018-09-13,7953.24
2018-09-14,7466.21
2018-09-17,7467.04
2018-09-18,7465.05
2018-09-19,7464.59
2018-09-20,7464.92
2018-09-21,7467.27
2018-09-24,7470.39
2018-09-25,7466.63
2018-09-26,7469.98
2018-09-27,7475.53
2018-09-28,7475.23
2018-10-01,7455.29
2018-10-02,7457.61
2018-10-03,7452.4
2018-10-04,7451.69
2018-10-05,7452.4
2018-10-08,7452.68
2018-10-09,7454.7
2018-10-10,7453.77
2018-10-11,7459.75
2018-10-12,7460.21
2018-10-16,7441.95
2018-10-17,7458.97
2018-10-18,7462.58
2018-10-19,7461.03
2018-10-22,7462.54
2018-10-23,7466.89
2018-10-24,7471.58
2018-10-25,7471.21
2018-10-26,7479.28
2018-10-29,7477.65
2018-10-30,7474.34
2018-10-31,7472.26
2018-11-01,7484.35
2018-11-05,7480.68
2018-11-06,7478.6
2018-11-07,7478.83
2018-11-08,7477.83
2018-11-09,7484.21
2018-11-12,7482.47
2018-11-13,7488.81
2018-11-14,7487.77
2018-11-15,7487.94
2018-11-16,7495.01
2018-11-19,7497.87
2018-11-20,7497.62
2018-11-21,7497.04
2018-11-22,7497.28
2018-11-23,7500.26
2018-11-26,7498.68
2018-11-27,7500.25
2018-11-28,7507.52
2018-11-29,7508.93
2018-11-30,7511.3
2018-12-03,7522.2
2018-12-04,7532.22
2018-12-05,7531.51
2018-12-06,7536.75
2018-12-07,7550.42
2018-12-10,7570.8
2018-12-11,7593.61
2018-12-12,7601.86
2018-12-13,7503.33
2018-12-17,7543.28
2018-12-18,7574.83
2018-12-19,7594.79
2018-12-20,7623.9
2018-12-21,7659.84
2018-12-24,7683.81
2018-12-26,7703.99
2018-12-27,7710.68
2018-12-28,7725.37
2018-12-31,7731.19
2019-01-02,7744.2
2019-01-03,7757.24
2019-01-04,7750.82
2019-01-07,7750.39
2019-01-08,7766.51
2019-01-09,7749.28
2019-01-10,7751.16
2019-01-11,7755.08
2019-01-14,7750.25
2019-01-15,7755.81
2019-01-16,7762.25
2019-01-17,7824.08
2019-01-18,7870.23
2019-01-21,7870.23
2019-01-22,7888.56
2019-01-23,7905.54
2019-01-24,7936.56
2019-01-25,7941.46
2019-01-28,7971.97
2019-01-29,8007.02
2019-01-30,8010.03
2019-01-31,8032.1
2019-02-01,8033.18
2019-02-04,8033.83
2019-02-05,8075.19
2019-02-06,8096.89
2019-02-07,8099.28
2019-02-08,8104.85
2019-02-11,8101.1
2019-02-12,8112.96
2019-02-13,8106.05
2019-02-14,7511.8
2019-02-15,7531.18
2019-02-18,7533.63
2019-02-19,7545.67
2019-02-20,7557.68
2019-02-21,7555.16
2019-02-22,7597.26
2019-02-25,7669.25
2019-02-26,7642.93
2019-02-27,7680.44
2019-02-28,7688.12
2019-03-01,7703.55
2019-03-06,7709.62
2019-03-07,7715.58
2019-03-08,7719.72
2019-03-11,7721.61
2019-03-12,7724.85
2019-03-13,7726.67
2019-03-14,7729.62
2019-03-15,7727.34
2019-03-18,7727.31
2019-03-19,7727.53
2019-03-20,7736.48
2019-03-21,7737.31
2019-03-22,7697.12
2019-03-25,7753.24
2019-03-26,7754.54
2019-03-27,7757.88
2019-03-28,7756.78
2019-03-29,7756.7
2019-04-01,7760.2
2019-04-02,7763.32
2019-04-03,7761.98
2019-04-04,7762.41
2019-04-05,7764.03
2019-04-08,7764.33
2019-04-09,7767.34
2019-04-10,7770.5
2019-04-11,7760.64
2019-04-12,7757.97
2019-04-15,7759.28
2019-04-16,7757.63
2019-04-17,7761.96
2019-04-23,7766.54
2019-04-24,7771.85
2019-04-25,7774.64
2019-04-26,7780.38
2019-04-29,7779.44
2019-04-30,7784.92
2019-05-02,7709.89
2019-05-03,7704.57
2019-05-06,7690.89
2019-05-07,7589.23
2019-05-08,7553.48
2019-05-09,7520.01
2019-05-10,7498.8
2019-05-13,7455.6
2019-05-14,7416.96
2019-05-15,7420.52
2019-05-16,7419.3
2019-05-17,7087.45
2019-05-20,7022.83
2019-05-21,7016.78
2019-05-22,7018.6
2019-05-23,7028.38
2019-05-24,7028.37
2019-05-27,7023.28
2019-05-28,7029.18
2019-05-29,7030.93
2019-05-30,6639.59
2019-05-31,6641.86
2019-06-03,6661.77
2019-06-04,6659.25
2019-06-05,6662.81
2019-06-06,6663.07
2019-06-07,6657
2019-06-10,6651.16
2019-06-11,6648.59
2019-06-12,6654.71
2019-06-13,6653.37
2019-06-14,6653.55
2019-06-17,6445.77
2019-06-18,6448.35
2019-06-20,6463.1
2019-06-21,6458.41
2019-06-24,6463.08
2019-06-26,6455.23
2019-06-27,6460.18
2019-06-28,6463.47
2019-07-01,6470.26
2019-07-02,6474.62
2019-07-03,6476.01
2019-07-04,6475.89
2019-07-05,6466.97
2019-07-08,6465.98
2019-07-09,6463.68
2019-07-10,6470.75
2019-07-11,6460.71
2019-07-12,6462.44
2019-07-15,6467.75
2019-07-16,6464.97
2019-07-17,6470.97
2019-07-19,6476.91
2019-07-22,6296.18
2019-07-23,6295.61
2019-07-24,6306.82
2019-07-25,6303.17
2019-07-26,6315.74
2019-07-29,6329.15
2019-07-30,6333.91
2019-07-31,6343.82
2019-08-01,6368.5
2019-08-02,6371.57
2019-08-05,6380.54
2019-08-06,6380.39
2019-08-07,6385.23
2019-08-08,6383.51
2019-08-09,6384.06
2019-08-12,6315.41
2019-08-13,6300.44
2019-08-14,6267.23
2019-08-15,6263.73
2019-08-16,6257.39
2019-08-19,6228.08
2019-08-20,6229.76
2019-08-21,6226.12
2019-08-22,6223.88
2019-08-23,6230.79
2019-08-26,6201.85
2019-08-27,6205.39
2019-08-28,6190.95
2019-08-29,6133.87
2019-08-30,6107.97
2019-09-02,6052.45
2019-09-03,6120.28
2019-09-04,6123.91
2019-09-05,6115.17
2019-09-06,6118.34
2019-09-09,6113.88
2019-09-10,6107.77
2019-09-11,6107.09
2019-09-12,6096.65
2019-09-13,6090.35
2019-09-17,6096.97
2019-09-18,6099.03
2019-09-19,6099.1
2019-09-20,6104.13
2019-09-23,6107.71
2019-09-24,6116.41
2019-09-25,6084.9
2019-09-26,6114.98
2019-09-27,6120.18
2019-09-30,6122.03
2019-10-01,6134.77
2019-10-02,6082.13
2019-10-03,6070.02
2019-10-04,6071.97
2019-10-07,6044.57
2019-10-08,6007.69
2019-10-09,5993.31
2019-10-10,5984.78
2019-10-11,5973.23
2019-10-14,5956.14
2019-10-15,5930.32
2019-10-16,5935.41
2019-10-17,5916.95
2019-10-18,5889.76
2019-10-21,5863.69
2019-10-22,5816.14
2019-10-23,5811.27
2019-10-24,5786.95
2019-10-25,5745.15
2019-10-28,5712.9
2019-10-29,5714.34
2019-10-30,5717.48
2019-10-31,5727.11
2019-11-01,5734.62
2019-11-04,5733.37
2019-11-05,5731.22
2019-11-06,5733.83
2019-11-07,5730.43
2019-11-08,5719.78
2019-11-11,5718.63
2019-11-12,5685.68
2019-11-13,5688.81
2019-11-14,5663.38
2019-11-15,5665.06
2019-11-18,5655.13
2019-11-19,5641.1
2019-11-20,5638.62
2019-11-21,5596.27
2019-11-22,5589.25
2019-11-25,5589.04
2019-11-26,5559.99
2019-11-27,5529.17
2019-11-28,5530.64
2019-11-29,5533.05
2019-12-02,5538.83
2019-12-03,5545.08
2019-12-04,5543.23
2019-12-05,5543.5
2019-12-06,5543.73
2019-12-09,5543.96
2019-12-10,5543.97
2019-12-11,5544.03
2019-12-12,5538.99
2019-12-13,5538.97
2019-12-16,5540.88
2019-12-17,5542.81
2019-12-18,5542.4
2019-12-19,5544.68
2019-12-20,5545.28
2019-12-23,5548.27
2019-12-24,5544.39
2019-12-26,5550.8
2019-12-27,5552.04
2019-12-30,5560.72
2019-12-31,5559.63
2020-01-02,5652.2
2020-01-03,5579.75
2020-01-07,5578.42
2020-01-08,5574.87
2020-01-09,5576.63
2020-01-10,5582.59
2020-01-13,5584.21
2020-01-14,5587.11
2020-01-15,5584.52
2020-01-16,5528.37
2020-01-17,5602.74
2020-01-20,5620.54
2020-01-21,5652.35
2020-01-22,5704.45
2020-01-23,5783.55
2020-01-24,5846.77
2020-01-27,5851.87
2020-01-28,5850.42
2020-01-29,5874.03
2020-01-30,5879.97
2020-01-31,5906.12
2020-02-03,5938.32
2020-02-04,5944.4
2020-02-05,5972.41
2020-02-06,5997.78
2020-02-07,6035.29
2020-02-10,6054.27
2020-02-11,6070.17
2020-02-12,6068.66
2020-02-13,6064.42
2020-02-14,6070.72
2020-02-17,6078.15
2020-02-18,6107.53
2020-02-19,6110.74
2020-02-20,6112.87
2020-02-21,6120.91
2020-02-26,6141.03
2020-02-27,6146.46
2020-02-28,6151.49
2020-03-02,6184.97
2020-03-03,6201.99
2020-03-04,6208.64
2020-03-05,6215.27
2020-03-06,6218.6
2020-03-09,6218.72
2020-03-10,6199.24
2020-03-11,6190.43
2020-03-12,6165.1
2020-03-13,6144.09
2020-03-16,6139.22
2020-03-17,6116
2020-03-18,6080.8
2020-03-19,6082.45
2020-03-20,6091.24
2020-03-23,6095.66
2020-03-24,6091.08
2020-03-25,6101.03
2020-03-26,6102.81
2020-03-27,6102.32
2020-03-30,6107.7
2020-03-31,6110.16
2020-04-01,6115.52
2020-04-02,6017.31
2020-04-03,6115.92
2020-04-06,6111.66
2020-04-07,6110.19
2020-04-08,6112.79
2020-04-13,6114.22
2020-04-14,6117.4
2020-04-15,6118.67
2020-04-16,6119.36
2020-04-17,6116.94
2020-04-20,6123.74
2020-04-21,6138.29
2020-04-22,6140.73
2020-04-23,6140.39
2020-04-24,6140.94
2020-04-27,6138.84
2020-04-28,6142.08
2020-04-29,6145.37
2020-04-30,6153.79
2020-05-04,6153.72
2020-05-05,6153.96
2020-05-06,6154.25
2020-05-07,6154.64
2020-05-08,6155.58
2020-05-11,6152.3
2020-05-12,6155.08
2020-05-13,6159.19
2020-05-14,6160.69
2020-05-15,6161.32
2020-05-19,6158.7
2020-05-20,6159.63
2020-05-21,6160.07
2020-05-22,6160.9
2020-05-25,6161.19
2020-05-26,6149.97
2020-05-27,6159.66
2020-05-28,6159.01
2020-05-29,6161.4
2020-06-01,6185.55
2020-06-02,6186.35
2020-06-03,6182.91
2020-06-04,6183
2020-06-05,6180.86
2020-06-08,6187.72
2020-06-09,6190.67
2020-06-10,6193.7
2020-06-11,6195.12
2020-06-12,6194.53
2020-06-15,6251.56
2020-06-16,6251.87
2020-06-17,6252.89
2020-06-18,6254.65
2020-06-22,6255.18
2020-06-23,6258.3
2020-06-24,6263.04
2020-06-25,6270.29
2020-06-26,6274.88
2020-06-29,6276.53
2020-06-30,6477.09
2020-07-01,6476.58
2020-07-02,6478.64
2020-07-03,6478.45
2020-07-06,6479.39
2020-07-07,6480.39
2020-07-08,6742.45
2020-07-09,6744.16
2020-07-10,6799.67
2020-07-13,6859.11
2020-07-14,6860.61
2020-07-15,6887.85
2020-07-16,6888.63
2020-07-17,6976.23
2020-07-20,7009.91
2020-07-21,7010.7
2020-07-22,7056.84
2020-07-23,7056.45
2020-07-24,7161.63
2020-07-27,7161.45
2020-07-28,7164.9
2020-07-29,7171.9
2020-07-30,7174.64
2020-07-31,7279.02
2020-08-03,7328.65
2020-08-04,7329.52
2020-08-05,7353.79
2020-08-06,7353.81
2020-08-07,7471.55
2020-08-10,7474.95
2020-08-11,7472.65
2020-08-12,7473.38
2020-08-13,7480.17
2020-08-14,7525.33
2020-08-17,7527.77
2020-08-18,7804.33
2020-08-19,7804.88
2020-08-20,7806.44
2020-08-21,7840.84
2020-08-24,7845.28
2020-08-26,7847.2
2020-08-27,7847.74
2020-08-28,7853.02
2020-08-31,7855.19
2020-09-01,7858.34
2020-09-02,7858.31
2020-09-03,7857.99
2020-09-04,7908.44
2020-09-07,7908.58
2020-09-08,7909.49
2020-09-09,7911.31
2020-09-10,7911.68
2020-09-11,8000.45
2020-09-14,8000.33
2020-09-15,8001.25
2020-09-16,8003.63
2020-09-17,8004.58
2020-09-18,8065.84
2020-09-21,8067.84
2020-09-22,8069.23
2020-09-23,8067.65
2020-09-24,8067.17
2020-09-25,8068.93
2020-09-28,8069.61
2020-09-29,8067.15
2020-09-30,8067.79
2020-10-01,8068.18
2020-10-02,8075.63
2020-10-05,8071.53
2020-10-06,8072.81
2020-10-07,8071.43
2020-10-08,8073.17
2020-10-09,8083.86
2020-10-13,8084.5
2020-10-14,8085.5
2020-10-15,8084.58
2020-10-16,8088.29
2020-10-19,8089.06
2020-10-20,8089.06
2020-10-21,8087.62
2020-10-22,8086.18
2020-10-23,8095.8
2020-10-26,8095.9
2020-10-27,8096.75
2020-10-28,8099.37
2020-10-29,8099.13
2020-10-30,8104.8
2020-11-03,8104.62
2020-11-04,8108.94
2020-11-05,8109.44
2020-11-06,8110.54
2020-11-09,8105.92
2020-11-10,8107.9
2020-11-11,8105.94
2020-11-12,8108.59
2020-11-13,8136.28
2020-11-16,8138.11
2020-11-17,8139.55
2020-11-18,8139.19
2020-11-19,8138.9
2020-11-20,8159.91
2020-11-23,8159.65
2020-11-24,8159.59
2020-11-25,8159.92
2020-11-26,8161.99
2020-11-27,8171.89
2020-11-30,8174.92
2020-12-01,8277.75
2020-12-02,8173.49
2020-12-03,8236.47
2020-12-04,8258.25
2020-12-07,8259.46
2020-12-08,8259.74
2020-12-09,8363.34
2020-12-10,8260.42
2020-12-11,8278.02
2020-12-14,8279.38
2020-12-15,8279.43
2020-12-16,8279.68
2020-12-17,8278.4
2020-12-18,8341.05
2020-12-21,8341.52
2020-12-22,8342.91
2020-12-23,8351.77
2020-12-24,8353.52
2020-12-28,7633.05
2020-12-29,7630.05
2020-12-30,7653.64
2020-12-31,7655.08
2021-01-04,7661.58
2021-01-05,7660.38
2021-01-07,7656.06
2021-01-08,7699.9
2021-01-11,7699.21
2021-01-12,7699.55
2021-01-13,7700.06
2021-01-14,7700.23
2021-01-15,7749.57
2021-01-18,7748.93
2021-01-19,7752.66
2021-01-20,7753.64
2021-01-21,7753.48
2021-01-22,7770.17
2021-01-25,7783.45
2021-01-26,7783.59
2021-01-27,7784.52
2021-01-28,7784.07
2021-01-29,7867.04
2021-02-01,7868.07
2021-02-02,7867.68
2021-02-03,7867.1
2021-02-04,7866.86
2021-02-05,7894.64
2021-02-08,7895
2021-02-09,7894.94
2021-02-10,7896.4
2021-02-11,7896.42
2021-02-12,7958.47
2021-02-17,7956.02
2021-02-18,7955.34
2021-02-19,7968.76
2021-02-22,7970.47
2021-02-23,7969.34
2021-02-24,7969.13
2021-02-25,7962.07
2021-02-26,7977.48
2021-03-01,7982.84
2021-03-02,7985.97
2021-03-03,7983.66
2021-03-04,7980.7
2021-03-05,7989.76
2021-03-08,7986.33
2021-03-09,7987.56
2021-03-10,7989.08
2021-03-11,7991.96
2021-03-12,8019.5
2021-03-15,8020.23
2021-03-16,8020.82
2021-03-17,8022.57
2021-03-18,8020.08
2021-03-19,8021.12
2021-03-22,8018.54
2021-03-23,8023.29
2021-03-24,8034.67
2021-03-25,8067.37
2021-03-26,8065.03
2021-03-29,8062.9
2021-03-30,8062.42
2021-03-31,8061.28
2021-04-05,8060.97
2021-04-06,8065.13
2021-04-07,8101.27
2021-04-09,8100.75
2021-04-12,8137.71
2021-04-13,8140.94
2021-04-14,8140.86
2021-04-15,8144.72
2021-04-16,8143.92
2021-04-20,8143.46
2021-04-21,8144.6
2021-04-22,8144.46
2021-04-23,8143.19
2021-04-26,8143.42
2021-04-27,8142.39
2021-04-28,8145.68
2021-04-29,7989.79
2021-04-30,7991.33
2021-05-03,7992.55
2021-05-04,7993
2021-05-05,7993.75
2021-05-06,8010.16
2021-05-07,8012.54
2021-05-10,8012.73
2021-05-11,8011.58
2021-05-12,8008.7
2021-05-13,8010.28
2021-05-14,8011.01
2021-05-18,8013
2021-05-19,8010.93
2021-05-20,8015.18
2021-05-21,8014.85
2021-05-24,8016.92
2021-05-25,8018.17
2021-05-26,8037.32
2021-05-27,8095.74
2021-05-28,8097.39
2021-05-31,8095.04
2021-06-01,8097.85
2021-06-02,8098.69
2021-06-03,8096.52
2021-06-04,8100.1
2021-06-07,8099.64
2021-06-08,8100.61
2021-06-09,8101.83
2021-06-10,8102.39
2021-06-11,8102.38
2021-06-14,8133.75
2021-06-15,8133.47
2021-06-16,8129.94
2021-06-17,8128.53
2021-06-18,8124.77
2021-06-21,8125.14
2021-06-22,8128.11
2021-06-23,8125.95
2021-06-24,8125.73
2021-06-25,8126.75
2021-06-28,8129.08
2021-06-29,8129.56
2021-06-30,8129.77
2021-07-01,8129
2021-07-02,8131.48
2021-07-05,8131.9
2021-07-06,8133.91
2021-07-07,8135.06
2021-07-08,8137.85
2021-07-09,8135.98
2021-07-12,8135.4
2021-07-13,8133.55
2021-07-14,8136.22
2021-07-15,8137.46
2021-07-16,8136.83
2021-07-19,8138.26
2021-07-20,8139.56
2021-07-21,8137.91
2021-07-22,8138.83
2021-07-23,8138.54
2021-07-26,8138.36
2021-07-27,8137.27
2021-07-28,8148.35
2021-07-29,8151.58
2021-07-30,8153.63
2021-08-02,8155.87
2021-08-03,8155.73
2021-08-04,8155.57
2021-08-05,8152.88
2021-08-06,8150.7
2021-08-09,8149.05
2021-08-10,8146.29
2021-08-11,8146.5
2021-08-12,8146.75
2021-08-13,8148.12
2021-08-16,8150.4
2021-08-17,8148.92
2021-08-18,8149.55
2021-08-19,8149.53
2021-08-20,8150.82
2021-08-23,8151.56
2021-08-24,8151.04
2021-08-26,8149.78
2021-08-27,8171.96
2021-08-30,8173.88
2021-08-31,8206.7
2021-09-01,8206.26
2021-09-02,8207.28
2021-09-03,8206.99
2021-09-06,8206.75
2021-09-07,8203.23
2021-09-08,8204.86
2021-09-09,8205.68
2021-09-10,8206.6
2021-09-13,8206.93
2021-09-14,8208.28
2021-09-15,8207.93
2021-09-16,8244.28
2021-09-17,8242.5
2021-09-20,8243.31
2021-09-21,8242.97
2021-09-22,8241.24
2021-09-23,8237.77
2021-09-24,8236.57
2021-09-27,8236.05
2021-09-28,8234.5
2021-09-29,8281.39
2021-09-30,8283.3
2021-10-01,8303.49
2021-10-04,8303.01
2021-10-05,8301.97
2021-10-06,8300.84
2021-10-07,8299.18
2021-10-08,8287.25
2021-10-12,8293.67
2021-10-13,8292.73
2021-10-14,8294.15
2021-10-15,8291.04
2021-10-18,8288.61
2021-10-19,8290.27
2021-10-20,8290
2021-10-21,8286.34
2021-10-22,8285.34
2021-10-25,8287.36
2021-10-26,8287.68
2021-10-27,8287.39
2021-10-28,8287.35
2021-10-29,8289.23
2021-11-01,8287.54
2021-11-03,8287.75
2021-11-04,8293.36
2021-11-05,8296.44
2021-11-08,8294.02
2021-11-09,8296.57
2021-11-10,8291.38
2021-11-11,8288.57
2021-11-12,8288.35
2021-11-15,8288.49
2021-11-16,8285.98
2021-11-17,8287.02
2021-11-18,8287.34
2021-11-19,8288.14
2021-11-22,8283.1
2021-11-23,8280.52
2021-11-24,8277.82
2021-11-25,8277.7
2021-11-26,8286.74
2021-11-29,8287.1
2021-11-30,8288.27
2021-12-01,8286.95
2021-12-02,8282.72
2021-12-03,8286.27
2021-12-06,8282.82
2021-12-07,8280.14
2021-12-08,8280.2
2021-12-09,8279.29
2021-12-10,8280.38
2021-12-13,8281.39
2021-12-14,8301.63
2021-12-15,8299.45
2021-12-16,8303.34
2021-12-17,8303.96
2021-12-20,8305.27
2021-12-21,8301.75
2021-12-22,8300.62
2021-12-23,8296.61
2021-12-24,8297.66
2021-12-27,8297.34
2021-12-28,8298.32
2021-12-29,8297.2
2021-12-30,8299.83
2021-12-31,8299.99
2022-01-03,8307.54
2022-01-04,8307.46
2022-01-05,8304.57
2022-01-07,8311.53
2022-01-10,8309.35
2022-01-11,8308.54
2022-01-12,8308.7
2022-01-13,8309.63
2022-01-14,8306.42
2022-01-17,8305.88
2022-01-18,8289.16
2022-01-19,8287.91
2022-01-20,8287.38
2022-01-21,8291.04
2022-01-24,8295.09
2022-01-25,8292.02
2022-01-26,8291.37
2022-01-27,8282.3
2022-01-28,8281.4
2022-01-31,8281.06
2022-02-01,8283.04
2022-02-02,8284.52
2022-02-03,8280.43
2022-02-04,8268.29
2022-02-07,8268.48
2022-02-08,8266.79
2022-02-09,8266.04
2022-02-10,7676.59
2022-02-11,7680.45
2022-02-14,7623.31
2022-02-15,7677.24
2022-02-16,7678.94
2022-02-17,7684.37
2022-02-18,7688.73
2022-02-21,7689.05
2022-02-22,7686
2022-02-23,7685.3
2022-02-24,7693.19
2022-02-25,7686.28
2022-03-02,7701.17
2022-03-03,7697.69
2022-03-04,7704.92
2022-03-07,7702.68
2022-03-08,7694.64
2022-03-09,7686.71
2022-03-10,7681.4
2022-03-11,7679.1
2022-03-14,7668.87
2022-03-15,7667.47
2022-03-16,7659.84
2022-03-17,7663.82
2022-03-18,7663.3
2022-03-21,7637.11
2022-03-22,7633.24
2022-03-23,7634.41
2022-03-24,7632.71
2022-03-25,7594.93
2022-03-28,7666.18
2022-03-30,7671.96
2022-03-31,7676.48
2022-04-01,7666.96
2022-04-04,7666.03
2022-04-05,7658.72
2022-04-06,7660.66
2022-04-07,7663.66
2022-04-08,7659.29
2022-04-11,7658.26
2022-04-12,7666.43
2022-04-13,7671.14
2022-04-19,7656.01
2022-04-20,7640.91
2022-04-21,7632.43
2022-04-22,7629.15
2022-04-25,7631.56
2022-04-26,7637.34
2022-04-28,7630.95
2022-04-29,7626.83
2022-05-02,7660.05
2022-05-03,7658.2
2022-05-04,7665.9
2022-05-05,7660.25
2022-05-06,7660.63
2022-05-09,7666.49
2022-05-10,7667.19
2022-05-11,7669.47
2022-05-12,7673.18
2022-05-13,7670.1
2022-05-17,7668.26
2022-05-18,7669
2022-05-19,7675.17
2022-05-20,7678.13
2022-05-23,7659.09
2022-05-24,7667.03
2022-05-25,7668.73
2022-05-26,7668.36
2022-05-27,7667.79
2022-05-30,7670.76
2022-05-31,7668.09
2022-06-01,7658.69
2022-06-02,7660.09
2022-06-03,7657.55
2022-06-06,7690.38
2022-06-07,7693.93
2022-06-08,7690.26
2022-06-09,7685.89
2022-06-10,7667.52
2022-06-13,7644.75
2022-06-14,7628.09
2022-06-15,7637.87
2022-06-16,7647.12
2022-06-17,7651.05
2022-06-20,7652.02
2022-06-21,7656.92
2022-06-22,7667.38
2022-06-23,7673.39
2022-06-24,7673.83
2022-06-27,7672.18
2022-06-28,7674.67
2022-06-29,7677.64
2022-06-30,7688.75
2022-07-01,7698.85
2022-07-04,7702.76
2022-07-05,7703.64
2022-07-06,7696.09
2022-07-07,7687.61
2022-07-08,7682.32
2022-07-11,7684.81
2022-07-12,7686.37
2022-07-13,7677.71
2022-07-14,7675.35
2022-07-15,7676.46
2022-07-19,7674.31
2022-07-20,7572.95
2022-07-21,7681.51
2022-07-22,7685.58
2022-07-25,7687.89
2022-07-26,7687.7
2022-07-27,7694.81
2022-07-28,7705.02
2022-07-29,7707.8
2022-08-01,7709.79
2022-08-02,7699.74
2022-08-03,7697.61
2022-08-04,7701.85
2022-08-05,7688.1
2022-08-08,7690.68
2022-08-09,7689.05
2022-08-10,7695.79
2022-08-11,7689
2022-08-12,7689.62
2022-08-15,7692.76
2022-08-16,7690.46
2022-08-17,7687.68
2022-08-18,7689.7
2022-08-19,7687.35
2022-08-22,7681
2022-08-23,7684.04
2022-08-24,7681.28
2022-08-26,7681.28
2022-08-29,7676.89
2022-08-30,7674.77
2022-08-31,7680.63
2022-09-01,7675.81
2022-09-02,7682.89
2022-09-05,7701.58
2022-09-06,7692.5
2022-09-07,7695.73
2022-09-08,7695.32
2022-09-09,7692.04
2022-09-12,7694.56
2022-09-13,7666.36
2022-09-14,7660.01
2022-09-15,7655.44
2022-09-16,7459.89
2022-09-19,7455.56
2022-09-20,7652.62
2022-09-21,7651.16
2022-09-22,7624.52
2022-09-23,7617.46
2022-09-26,7610.02
2022-09-27,7611.01
2022-09-28,7624.21
2022-09-29,7624.62
2022-09-30,7624.44
2022-10-03,7635.33
2022-10-04,7641.78
2022-10-05,7636.17
2022-10-06,7630.17
2022-10-07,7624.76
2022-10-11,7625.76
2022-10-12,7628.29
2022-10-13,7617.46
2022-10-14,7601.34
2022-10-17,7608.05
2022-10-18,7608.52
2022-10-19,7599.57
2022-10-20,7594.84
2022-10-21,7603.25
2022-10-24,7604.13
2022-10-25,7609.42
2022-10-26,7618.85
2022-10-27,7626.51
2022-10-28,7620.53
2022-10-31,7592.58
2022-11-01,7593.73
2022-11-03,7585.36
2022-11-04,7594.73
2022-11-07,7593.79
2022-11-08,7597.27
2022-11-09,7601.36
2022-11-10,7626.77
2022-11-11,7636.92
2022-11-14,7621.53
2022-11-15,7626.64
2022-11-16,7614.29
2022-11-17,7624.04
2022-11-18,7623.78
2022-11-21,7649.21
2022-11-22,7652.35
2022-11-23,7654.88
2022-11-24,7658.01
2022-11-25,7661.27
2022-11-28,7661.37
2022-11-29,7666.73
2022-11-30,7668.8
2022-12-01,7682.28
2022-12-02,7687.11
2022-12-05,7686.7
2022-12-06,7688.79
2022-12-07,7699.35
2022-12-08,7698.16
2022-12-09,7700.33
2022-12-12,7697.64
2022-12-13,7696.04
2022-12-14,7700.87
2022-12-16,7704.22
2022-12-19,7702.02
2022-12-20,7701.42
2022-12-22,7703.22
2022-12-23,7700.51
2022-12-26,7705.52
2022-12-27,7701.59
2022-12-28,7710.01
2022-12-29,7714.01
2022-12-30,7732.75
2022-12-31,7705.68
2023-01-02,7730.18
2023-01-03,7734.45
2023-01-04,7741.3
2023-01-05,7739.94
2023-01-09,7763.74
2023-01-10,7761.45
2023-01-11,7765.76
2023-01-12,7779.89
2023-01-13,7759.67
2023-01-16,7760.16
2023-01-17,7762.94
2023-01-18,7774.33
2023-01-19,7774.36
2023-01-20,7771.62
2023-01-23,7770.07
2023-01-24,7773.77
2023-01-25,7776.71
2023-01-26,7777.7
2023-01-27,7779.05
2023-01-30,7783.01
2023-01-31,7784.27
2023-02-01,7787.16
2023-02-02,7801.32
2023-02-03,7789.77
2023-02-06,7488.07
2023-02-07,7772.26
2023-02-08,7780.14
2023-02-09,7778.78
2023-02-10,7779.84
2023-02-13,7759.87
2023-02-14,7755.25
2023-02-15,7750.54
2023-02-16,7753.11
2023-02-17,7752.57
2023-02-22,7752.25
2023-02-23,7753.95
2023-02-24,7745.76
2023-02-27,7745.62
2023-02-28,7753.42
2023-03-01,7751.09
2023-03-02,7763.61
2023-03-03,7769.42
2023-03-06,7772.14
2023-03-07,7763.35
2023-03-08,7760.57
2023-03-09,7770.11
2023-03-10,7794.51
2023-03-13,7814.78
2023-03-14,7806.65
2023-03-15,7825.05
2023-03-16,7815.78
2023-03-17,7838.34
2023-03-20,7833.51
2023-03-21,7818.57
2023-03-22,7832.68
2023-03-23,7847.08
2023-03-24,7856.43
2023-03-27,7841.56
2023-03-28,7837.85
2023-03-29,7838.75
2023-03-30,7830.69
2023-03-31,7832.53
2023-04-03,7837.82
2023-04-04,7852.11
2023-04-05,7862.22
2023-04-10,7850.94
2023-04-11,7849.88
2023-04-12,7856.87
2023-04-13,7858.03
2023-04-14,7855.26
2023-04-18,7824
2023-04-19,7821.26
2023-04-20,7825.65
2023-04-21,7828.01
2023-04-24,7835.94
2023-04-25,7849.53
2023-04-26,7850.05
2023-04-27,7844.25
2023-04-28,7853.78
2023-05-02,7862.5
2023-05-03,7799.96
2023-05-04,7885.16
2023-05-05,7876.65
2023-05-08,7871.79
2023-05-09,7871.09
2023-05-10,7880.39
2023-05-11,7883.35
2023-05-12,7854.15
2023-05-15,7852.96
2023-05-16,7846.58
2023-05-17,7842.94
2023-05-18,7832.9
2023-05-19,7834.58
2023-05-23,7830.57
2023-05-24,7832.21
2023-05-25,7823.35
2023-05-26,7823.46
2023-05-29,7823.79
2023-05-30,7827.7
2023-05-31,7838
2023-06-01,7834.91
2023-06-02,7827.25
2023-06-05,7830.72
2023-06-06,7829.48
2023-06-07,7827.66
2023-06-08,7833.09
2023-06-09,7832.3
2023-06-12,7834.7
2023-06-13,7802.14
2023-06-14,7803.13
2023-06-15,8014.7
2023-06-16,8012.89
2023-06-20,8004.98
2023-06-21,8007.54
2023-06-22,8003.35
2023-06-23,8010.99
2023-06-26,8014.84
2023-06-27,8013.28
2023-06-28,8016.8
2023-06-29,8008.87
2023-06-30,8009.65
2023-07-03,8003.79
2023-07-04,8006.07
2023-07-05,8005.14
2023-07-06,7999.85
2023-07-07,8005.6
2023-07-10,8014.66
2023-07-11,8017.19
2023-07-12,8032.14
2023-07-13,8018.01
2023-07-14,8020.81
2023-07-17,8028.25
2023-07-19,8021.16
2023-07-20,8017.42
2023-07-21,8020.18
2023-07-24,8002.62
2023-07-25,8003.02
2023-07-26,8008.2
2023-07-27,8002.57
2023-07-28,8010.64
2023-07-31,8016.13
2023-08-01,8015.41
2023-08-02,8016.6
2023-08-03,8017.57
2023-08-04,8029.28
2023-08-07,8033.27
2023-08-08,8037.07
2023-08-09,8037.29
2023-08-10,8038.07
2023-08-11,8005.76
2023-08-14,8005.97
2023-08-15,8004.8
2023-08-16,8003.34
2023-08-17,8006.47
2023-08-18,8012.12
2023-08-21,8009.58
2023-08-22,8009.09
2023-08-23,8017.7
2023-08-24,8021.15
2023-08-28,8022.4
2023-08-29,8280.88
2023-08-30,8284.86
2023-08-31,8292.23
2023-09-01,8296.59
2023-09-04,8297.47
2023-09-05,8292.61
2023-09-06,8288.89
2023-09-07,8294.59
2023-09-08,8297.01
2023-09-11,8302.98
2023-09-12,8303.09
2023-09-13,8274.65
2023-09-14,8275.63
2023-09-15,8278.68
2023-09-18,8279.5
2023-09-19,8278.88
2023-09-20,8279.74
2023-09-21,8277.67
2023-09-22,8286.08
2023-09-25,8282.21
2023-09-26,8282.18
2023-09-27,8283.03
2023-09-28,8296.55
2023-09-29,8292.37
2023-10-02,8290.47
2023-10-03,8287.23
2023-10-04,8295.86
2023-10-05,8301.25
2023-10-06,8302.66
2023-10-09,8303.34
2023-10-10,8315.69
2023-10-11,8316.81
2023-10-12,8283.03
2023-10-13,8290.81
2023-10-17,8282.28
2023-10-18,8281.35
2023-10-19,8283.93
2023-10-20,8281.23
2023-10-23,8188.48
2023-10-24,8188.53
2023-10-25,8186.22
2023-10-26,8194.24
2023-10-27,8201.38
2023-10-30,8207.4
2023-10-31,8203.74
2023-11-01,8214
2023-11-03,8237.15
2023-11-06,8236.37
2023-11-07,8230.24
2023-11-08,8239.66
2023-11-09,8237.8
2023-11-10,8238.64
2023-11-13,8241.23
2023-11-14,8227
2023-11-15,8226.76
2023-11-16,8235.06
2023-11-17,8240.6
2023-11-20,8243.69
2023-11-21,8237.51
2023-11-22,8239.05
2023-11-23,8241.44
2023-11-24,8139.88
2023-11-27,8254.49
2023-11-28,8264.55
2023-11-29,8274.95
2023-11-30,8272.41
2023-12-01,8285.82
2023-12-04,8271.09
2023-12-05,8289.65
2023-12-06,8293.43
2023-12-07,8648.05
2023-12-08,8643.44
2023-12-11,8644.34
2023-12-12,8648.09
2023-12-13,8626.69
2023-12-14,8650.75
2023-12-15,8657.53
2023-12-18,8657.83
2023-12-19,8658.77
2023-12-20,8685.95
2023-12-21,8693.29
2023-12-22,8700.82
2023-12-26,8705.08
2023-12-27,8717.07
2023-12-28,8717.83
2023-12-29,8728.79
2023-12-31,8713.31
2024-01-02,8727.48
2024-01-03,8725.7
2024-01-04,8724.53
2024-01-05,8731.27
2024-01-08,8735.67
2024-01-09,8734.87
2024-01-10,8738.11
2024-01-11,8743.66
2024-01-12,8727.05
2024-01-15,8731.42
2024-01-16,8921.2
2024-01-17,8913.77
2024-01-18,8915.58
2024-01-19,8914.73
2024-01-22,8919.88
2024-01-23,8921.59
2024-01-24,8898.41
2024-01-25,8928.63
2024-01-26,8930.59
2024-01-29,8955.49
2024-01-30,8958.12
2024-01-31,8964.23
2024-02-01,8977.23
2024-02-02,8967.09
2024-02-05,8961.04
2024-02-06,8967.69
2024-02-07,8969.5
2024-02-08,8965.79
2024-02-09,8969.74
2024-02-14,8965.56
2024-02-15,8938.33
2024-02-16,8938.69
2024-02-19,8940.28
2024-02-20,8947.02
2024-02-21,8947.22
2024-02-22,8943.93
2024-02-23,8951.11
2024-02-26,8950.18
2024-02-27,8952.17
2024-02-28,8956
2024-02-29,8960.97
2024-03-01,8973.28
2024-03-04,8974.35
2024-03-05,8985.67
2024-03-06,8989.89
2024-03-07,8992.79
2024-03-08,9001.92
2024-03-11,9002.7
2024-03-12,8999.12
2024-03-13,8968.47
2024-03-14,8963.61
2024-03-15,8965.11
2024-03-18,8966.61
2024-03-19,8972.35
2024-03-20,8971.72
2024-03-21,8972.45
2024-03-22,8981.06
2024-03-25,8983.72
2024-03-26,8987.75
2024-03-27,8991.5
2024-04-01,8983.38
2024-04-02,8990.63
2024-04-03,8993.05
2024-04-04,8998.04
2024-04-05,9015.23
2024-04-08,9013.26
2024-04-09,9018.64
2024-04-10,9000.61
2024-04-11,8968.91
2024-04-12,8978.93
2024-04-15,8977.37
2024-04-16,8970.74
2024-04-17,8980.99
2024-04-18,8979.5
2024-04-19,8992.74
2024-04-23,9001.21
2024-04-24,9001.44
2024-04-25,8999.16
2024-04-26,9004.65
2024-04-29,9011.42
2024-04-30,9005.31
2024-05-02,9021.9
2024-05-03,9033.92
2024-05-06,9037.86
2024-05-07,9040.45
2024-05-08,9040.44
2024-05-09,9046.38
2024-05-10,9046.86
2024-05-13,9050.5
2024-05-14,9023.26
2024-05-15,9032.8
2024-05-16,9032.85
2024-05-17,9035.88
2024-05-20,9036.48
2024-05-21,9024.67
2024-05-22,9023.35
2024-05-23,9021.35
2024-05-24,9026.27
2024-05-27,9028.44
2024-05-28,9022
2024-05-29,9021.88
2024-05-30,9027.95
2024-05-31,9040.7
2024-06-03,9053.81
2024-06-04,9060.86
2024-06-05,9066.6
2024-06-06,9071.42
2024-06-07,9065.4
2024-06-10,9066.32
2024-06-11,9071.38
2024-06-12,9081.43
2024-06-13,9058.07
2024-06-14,9062.85
2024-06-17,9054.82
2024-06-18,9061.57
2024-06-20,9071.59
2024-06-21,9077.95
2024-06-24,9082.76
2024-06-25,9088.77
2024-06-26,9075.71
2024-06-27,9080.05
2024-06-28,9081.88
2024-07-01,9280.57
2024-07-02,9286.06
2024-07-03,9293.27
2024-07-04,9296.78
2024-07-05,9310.04
2024-07-08,9313.71
2024-07-09,9315.21
2024-07-10,9317.47
2024-07-11,9299.14
2024-07-12,9305.3
2024-07-15,9309.23
2024-07-16,9312.86
2024-07-17,9318.08
2024-07-19,9318.77
2024-07-22,9327.97
2024-07-23,9333.24
2024-07-24,9337.15
2024-07-25,9339.86
2024-07-26,9348.94
2024-07-29,9347.56
2024-07-30,9357.56
2024-07-31,9360.87
2024-08-01,9526.24
2024-08-02,9559.34
2024-08-05,9566.25
2024-08-06,9559.11
2024-08-07,9555.79
2024-08-08,9547.51
2024-08-09,9558.57
2024-08-12,9568.63
2024-08-13,9543.92
2024-08-14,9547.34
2024-08-15,9537.62
2024-08-16,9546.88
2024-08-19,9550.4
2024-08-20,9567.59
2024-08-21,9575.96
2024-08-22,9571.71
2024-08-23,9585.39
2024-08-26,9587.67
2024-08-27,9591
2024-08-28,9591.74
2024-08-29,9589.06
2024-08-30,9599.41
2024-09-02,9592.48
2024-09-03,9605.56
2024-09-04,9610.08
2024-09-06,9636.38
2024-09-09,9639.67
2024-09-10,9645.74
2024-09-11,9645.92
2024-09-12,9615.91
2024-09-13,9626.54
2024-09-16,9633.7
2024-09-17,9634.68
2024-09-18,9637.35
2024-09-19,9641.1
2024-09-20,9658.19
2024-09-23,9661.11
2024-09-24,9667.18
2024-09-25,9667.27
2024-09-26,9671.44
2024-09-27,9680.63
2024-09-30,9673.09
2024-10-01,9678.19
2024-10-02,9678.54
2024-10-03,9674.43
2024-10-04,9660.48
2024-10-07,9657.2
2024-10-08,9656
2024-10-09,9653.77
2024-10-10,9656.74
2024-10-11,9634.18
2024-10-14,9634.85
2024-10-15,9632.11
2024-10-16,9635.25
2024-10-17,9633.47
2024-10-18,9647.43
2024-10-21,9644.05
2024-10-22,9643.54
2024-10-23,9641.79
2024-10-24,9647.41
2024-10-25,9649.11
2024-10-28,9648.69
2024-10-29,9655.34
2024-10-30,9655.07
2024-10-31,9652.63
2024-11-01,9653.44
2024-11-04,9660.27
2024-11-05,9660.58
2024-11-06,9653.2
2024-11-07,9661.02
2024-11-08,9664.59
2024-11-11,9664.07
2024-11-12,9657.2
2024-11-13,9630.48
2024-11-14,9632.98
2024-11-15,9639.47
2024-11-18,9643.01
2024-11-19,9646.32
2024-11-20,9644.42
2024-11-21,9644.79
2024-11-22,9633.04
2024-11-25,9643.81
2024-11-26,9641.94
2024-11-27,9648.76
2024-11-28,9643.37
2024-11-29,9658.15
2024-12-02,9660.03
2024-12-03,9737.32
2024-12-04,9740.16
2024-12-05,9741.19
2024-12-06,9751.2
2024-12-09,9756.7
2024-12-10,9757.45
2024-12-11,9758.65
2024-12-12,9729.15
2024-12-13,9731.07
2024-12-16,9726.48
2024-12-17,9727.17
2024-12-18,9726.08
2024-12-19,9721.48
2024-12-20,9734.93
2024-12-23,9734.23
2024-12-24,9737.23
2024-12-26,9743.12
2024-12-27,9769.61
2024-12-30,9781
2024-12-31,9710.15
2025-01-02,9771.15
2025-01-03,9773.08
2025-01-07,9775.69
2025-01-08,9774.53
2025-01-09,9780.4
2025-01-10,9774.92
2025-01-13,9774.91
2025-01-14,9777.8
2025-01-15,9760.08
2025-01-16,9763.14
2025-01-17,9766.28
2025-01-20,9770.36
2025-01-21,9774.61
2025-01-22,9775.88
2025-01-23,9778.14
2025-01-24,9787.46
2025-01-27,9786.28
2025-01-28,9800.38
2025-01-29,9801.18
2025-01-30,9807.9
2025-01-31,9805.66
2025-02-03,9808.41
2025-02-04,9813.21
2025-02-05,9814.77
2025-02-06,9811.43
2025-02-07,9810.05
2025-02-10,9814.2
2025-02-11,9814.89
2025-02-12,9810.4
2025-02-13,9753.9
2025-02-14,9998.49
2025-02-17,9999.68
2025-02-18,9999.09
2025-02-19,9996.35
2025-02-20,10008.8
2025-02-21,10017.6
2025-02-24,10018.4
2025-02-25,10025.7
2025-02-26,10055.9
2025-02-27,10055.7
2025-02-28,10070.5
2025-03-05,10084.1
2025-03-06,10086.1
2025-03-07,10087.5
2025-03-10,10097.7
2025-03-11,10103.1
2025-03-12,10103
2025-03-13,10104.5
2025-03-14,10106
2025-03-17,10081.7
2025-03-18,10084.1
2025-03-19,10082.2
2025-03-20,10104.6
2025-03-21,10110.2
2025-03-24,10117.4
2025-03-25,10120.5
2025-03-26,10120.5
2025-03-27,10123.2
2025-03-28,10134.2
2025-03-31,10140.9
2025-04-01,10146.2
2025-04-02,10159.9
2025-04-03,10177.8
2025-04-04,10157.5
2025-04-07,10150.5
2025-04-08,10147.4
2025-04-09,10135.9
2025-04-10,10144.2
2025-04-11,10115.2
2025-04-14,10127.9
2025-04-15,10132.4
2025-04-16,10143.3
2025-04-21,10153.5
2025-04-22,10151.9
2025-04-23,10144.9
2025-04-24,10152.9
2025-04-25,10160.5
2025-04-28,10175.9
2025-04-29,10180.5
2025-04-30,10183.2
2025-05-02,10174.6
2025-05-05,10174.9
2025-05-06,10182.7
2025-05-07,10184
2025-05-08,10178.2
2025-05-09,10183.5
2025-05-12,10176.7
2025-05-13,10177.5
2025-05-14,10148.9
2025-05-15,10156
2025-05-16,10159.9
2025-05-19,10163.6
2025-05-20,10166.1
2025-05-21,10165.1
2025-05-22,10170.1
2025-05-23,10176.6
2025-05-26,10174
2025-05-27,10180
2025-05-28,10183.6
2025-05-29,10190.8
2025-05-30,10204.4
2025-06-02,10209.2
2025-06-03,10209.5
2025-06-04,10218.5
2025-06-05,10218.3
2025-06-06,10212
2025-06-09,10219.8
2025-06-10,10220
2025-06-11,10224.2
2025-06-12,10203.5
2025-06-13,10203.7
2025-06-16,10205.7
2025-06-17,10206.5
2025-06-18,10210
2025-06-20,10213.3
2025-06-23,10222.3
2025-06-24,10229.4
2025-06-25,10234.1
2025-06-26,10244
2025-06-27,10245.7
2025-06-30,10253
2025-07-01,10252.4
2025-07-02,10250.6
2025-07-03,10245.2
2025-07-04,10247.2
2025-07-07,10249.3
2025-07-08,10222.1
2025-07-09,10227.3
2025-07-10,10230
2025-07-11,10200.5
2025-07-14,10203.7
2025-07-15,10199.3
2025-07-16,10205.8
2025-07-17,10208.9
2025-07-21,10232
2025-07-22,10237.9
2025-07-23,10237.5
2025-07-24,10236.6
2025-07-25,10239.8
2025-07-28,10245
2025-07-29,10248.8
2025-07-30,10238.5
2025-07-31,10238.1
2025-08-01,10263.8
2025-08-04,10273.1
2025-08-05,10273.8
2025-08-06,10277.2
2025-08-07,10277.4
2025-08-08,10278.7
2025-08-11,10281
2025-08-12,10285.7
2025-08-13,10262.7
2025-08-14,10260.5
2025-08-15,10262.1
2025-08-18,10263.6
2025-08-19,10266.5
2025-08-20,10270.6
2025-08-21,10267.8
2025-08-22,10281.9
2025-08-26,10285.6
2025-08-27,10299.7
2025-08-28,10304
2025-08-29,10314.2
2025-09-01,10310.2
2025-09-02,10315.7
2025-09-03,10322.2
2025-09-04,10327.7
2025-09-05,10341.3
2025-09-09,10348.4
2025-09-10,10350.2
2025-09-11,10321.4
2025-09-12,10322.4
2025-09-15,10326.8
2025-09-16,10336.2
2025-09-17,10333.6
2025-09-18,10332.1
2025-09-19,10339.8
2025-09-22,10344.3
2025-09-23,10351.4
2025-09-24,10345.1
2025-09-25,10335.6
2025-09-26,10343.6
2025-09-29,10364.3
2025-09-30,10362.5
2025-10-01,10368.2
2025-10-02,10368.7
2025-10-03,10371.8
2025-10-06,10370.1
2025-10-07,10369.1
2025-10-08,10324.5
2025-10-09,10555.3
2025-10-10,10375
2025-10-13,10349.6
2025-10-14,10357.2
2025-10-15,10360.5
2025-10-16,10373.5
2025-10-17,10373.7
2025-10-20,10375.1
2025-10-21,10373.8
2025-10-22,10382.4
2025-10-23,10383.4
2025-10-24,9986.6
2025-10-27,9991.88
2025-10-28,9995.05
2025-10-29,9985.94
2025-10-30,9985.94
2025-10-31,9979.38
2025-11-03,9980.53
2025-11-04,10001.6
2025-11-05,9999
2025-11-06,10012.8
2025-11-07,10022.6
2025-11-10,10023
2025-11-11,10025.4
2025-11-12,10031
2025-11-13,10006.3
2025-11-14,10006
2025-11-17,10005.5
2025-11-18,10009.1
2025-11-19,10005.6
2025-11-20,10010.1
2025-11-21,10015.3
2025-11-24,10021.3
2025-11-25,10033.6
2025-11-26,10023.2
2025-11-27,10021
2025-11-28,10030
2025-12-01,10029.6
2025-12-02,10031.8
2025-12-03,10043.9
2025-12-04,10040.7
2025-12-05,10040
2025-12-08,10037.6
2025-12-09,10036.6
2025-12-10,10042.1
2025-12-11,10036.4
2025-12-12,10038
2025-12-15,10043.6
2025-12-16,10050.1
2025-12-17,10049.6
2025-12-18,10051.9
2025-12-19,10053.3
2025-12-22,10058.8
2025-12-23,10065.9
2025-12-24,10069.7
2025-12-26,10063.5
2025-12-29,10067.9
2025-12-30,10072.7
2025-12-31,10055
2026-01-02,10080
2026-01-05,10086.9
2026-01-07,10086.6
2026-01-08,10081.3
2026-01-09,10080.6
2026-01-12,10088.9
2026-01-13,10089.9
2026-01-14,10092.6
2026-01-15,10056.8
2026-01-16,10053
2026-01-19,10062.2
2026-01-20,10073
2026-01-21,10072.7
2026-01-22,10079.3
2026-01-23,10089.5
2026-01-26,10106.9
2026-01-27,10123.6
2026-01-28,10140.3
2026-01-29,10149.9
2026-01-30,10140.7
2026-02-02,10129
2026-02-03,10134.6
2026-02-04,10135.9
2026-02-05,10142.3
2026-02-06,10152.6
2026-02-09,10169.8
2026-02-10,10172.5
2026-02-11,10170.3
2026-02-12,10150.5
2026-02-13,10160.9
2026-02-18,10151.6
2026-02-19,10151.4
2026-02-20,10158.8
2026-02-23,10163.1
2026-02-24,10163.2
2026-02-25,10162.9
2026-02-26,10163.9
2026-02-27,10196.3
2026-03-02,10172.5
2026-03-03,10156.2
2026-03-04,10159.2
2026-03-05,10144.8
2026-03-06,10151.5
2026-03-09,10146.4
2026-03-10,10161.7
2026-03-11,10147.3
2026-03-12,10107.4
2026-03-13,10100.6
2026-03-17,10125.2
2026-03-19,10113.6
2026-03-20,10100.3
2026-03-23,10128.8
2026-03-24,10117.5
2026-03-25,10123.6
2026-03-26,10108.9
2026-03-27,10108.7
2026-03-30,10116
2026-03-31,10134
2026-04-01,10146.5
2026-04-06,10142.9
2026-04-07,10145.2
2026-04-08,10170.2
2026-04-09,10181.1
2026-04-10,10184.8
2026-04-13,10189.3
2026-04-14,10204.7
2026-04-15,10182.2
2026-04-16,10181.4
2026-04-20,10186.3
2026-04-22,10188.6
2026-04-23,10184.8
2026-04-24,10194.4
2026-04-27,10195.9
2026-04-28,10210.1
2026-04-29,10195.9
2026-04-30,10214.8
2026-05-04,10202.9
2026-05-05,10210.7
2026-05-06,10232.7
2026-05-07,10234.1
2026-05-08,10243.8
2026-05-11,10241.3
2026-05-12,10230.6
2026-05-13,10228.3
2026-05-14,10208.2
2026-05-15,10185.6
2026-05-19,10181.6
2026-05-20,10172.9
2026-05-21,10170.4
2026-05-22,10174.6
2026-05-25,10181.1
2026-05-26,10184.1
2026-05-27,10185.2
2026-05-28,10193.5
2026-05-29,10208.2
2026-06-01,10198.4
2026-06-02,10202.1
2026-06-03,10191.7
2026-06-04,10100.9
2026-06-05,10075.6
2026-06-09,10082.7
2026-06-11,10069
2026-06-12,10079.7
2026-06-15,10092.7
2026-06-16,10098.7
2026-06-17,9981.91
2026-06-22,9963.99
2026-06-23,9959.65
2026-06-24,9956.27
2026-06-25,9966.56
2026-06-26,9967.14
2026-06-29,9974.76
2026-06-30,9973.07
2026-07-01,9968.61
2026-07-02,9977.38
2026-07-06,9986.23
2026-07-07,9992.84
2026-07-08,9984.08
2026-07-09,9994.87
2026-07-10,9994.49
2026-07-14,9974.24
2026-07-15,9988.11
2026-07-16,9979.59
2026-07-17,9980.13
2026-07-20,9977.49
2026-07-21,9978.21
2026-07-22,9980.1
2026-07-23,9965.59
2026-07-24,9972.21
2026-07-27,9980.53
2026-07-28,9989.54
2026-07-29,9991.78
2026-07-30,10007.3
2026-07-31,9599.15
2026-08-03,9628.68
2026-08-04,9644.97
2026-08-05,9656.25
2026-08-06,9647.59
2026-08-07,9663.53
2026-08-10,9661.11
2026-08-11,9664.21
2026-08-12,9667.51
2026-08-13,9655.08
2026-08-14,9659.94
2026-08-17,9660.7
2026-08-18,9657.45
2026-08-19,9676.77
2026-08-20,9669.3
2026-08-21,9677.47
2026-08-24,9677.43
2026-08-26,9682.58
2026-08-27,9664.06
2026-08-28,9642.85
2026-08-31,9644.74
2026-09-01,9633.81
2026-09-02,9636.47
2026-09-03,9656.82
2026-09-04,9652.64
2026-09-07,9654.18
2026-09-08,9653.94
2026-09-09,9649.57
2026-09-11,9605.9
2026-09-14,9577.34
2026-09-15,9572.79
2026-09-16,9561.58
2026-09-17,9571.21
2026-09-18,9574.52
2026-09-21,9581.95
2026-09-22,9581.75
2026-09-23,9555.88
2026-09-24,9550.98
2026-09-25,9561.37
2026-09-28,9547.17
2026-09-29,9549.85
2026-09-30,9550.85
2026-10-01,9550.14
2026-10-02,9555.36
2026-10-05,9556.26
2026-10-06,9570.38
2026-10-07,9564.95
2026-10-08,9564.47
