fecha,valor
2002-06-26,1098.75
2002-06-27,1010.64
2002-06-28,1470.94
2002-07-01,1430.85
2002-07-02,1390.24
2002-07-03,1392.24
2002-07-04,1374.64
2002-07-05,1361.07
2002-07-08,1311.21
2002-07-09,1282.42
2002-07-10,1217.97
2002-07-11,1177.2
2002-07-12,1119.45
2002-07-15,1112.89
2002-07-16,1070.16
2002-07-17,1050.75
2002-07-19,990.504
2002-07-22,950.574
2002-07-23,876.774
2002-07-24,852.282
2002-07-25,776.555
2002-07-26,724.552
2002-07-29,654.685
2002-07-30,635.983
2002-07-31,631.752
2002-08-01,620.703
2002-08-02,617.433
2002-08-05,569.128
2002-08-06,637.351
2002-08-08,629.483
2002-08-09,613.865
2002-08-12,583.891
2002-08-13,576.958
2002-08-14,553.852
2002-08-15,569.67
2002-08-16,577.063
2002-08-19,580.005
2002-08-20,602.684
2002-08-21,610.03
2002-08-22,608.498
2002-08-23,615.05
2002-08-26,613.45
2002-08-27,623.51
2002-08-28,624.775
2002-08-29,671.889
2002-08-30,679.111
2002-09-02,684.961
2002-09-03,685.35
2002-09-04,733.029
2002-09-05,749.141
2002-09-06,741.76
2002-09-09,772.628
2002-09-10,819.216
2002-09-11,794.671
2002-09-12,795.735
2002-09-13,784.451
2002-09-16,782.48
2002-09-17,774.549
2002-09-18,754.821
2002-09-19,760.939
2002-09-20,751.866
2002-09-23,747.487
2002-09-24,739.111
2002-09-25,713.719
2002-09-26,716.541
2002-09-27,725.133
2002-09-30,734.313
2002-10-01,733.443
2002-10-02,724.869
2002-10-03,716.564
2002-10-04,709.189
2002-10-07,690.103
2002-10-08,686.887
2002-10-09,682.913
2002-10-10,689.629
2002-10-11,686.616
2002-10-14,708.929
2002-10-15,674.448
2002-10-16,674.638
2002-10-17,670.101
2002-10-18,673.877
2002-10-21,680.83
2002-10-22,684.126
2002-10-23,686.289
2002-10-24,689.6
2002-10-25,681.489
2002-10-28,684.31
2002-10-29,686.34
2002-10-30,717.393
2002-10-31,711.356
2002-11-01,704.275
2002-11-04,698.747
2002-11-05,698.569
2002-11-06,702.912
2002-11-07,703.05
2002-11-08,705.244
2002-11-11,707.682
2002-11-12,712.406
2002-11-13,733.154
2002-11-14,737.756
2002-11-15,725.76
2002-11-18,748.89
2002-11-19,741.364
2002-11-20,741.593
2002-11-21,749.94
2002-11-22,761.257
2002-11-25,768.502
2002-11-26,750.874
2002-11-27,762.294
2002-11-28,775.909
2002-11-29,806.497
2002-12-02,789.094
2002-12-03,790.147
2002-12-04,795.257
2002-12-05,803.377
2002-12-06,798.371
2002-12-09,792.285
2002-12-10,756.611
2002-12-11,748.456
2002-12-12,747.092
2002-12-13,746.464
2002-12-16,732.16
2002-12-17,745.297
2002-12-18,733.582
2002-12-20,692.822
2002-12-23,786.103
2002-12-24,783.609
2002-12-26,783.143
2002-12-27,784.952
2002-12-30,767.542
2002-12-31,772.044
2003-01-02,748.796
2003-01-03,731
2003-01-07,720
2003-01-08,709.236
2003-01-09,724.589
2003-01-10,733.036
2003-01-13,736.11
2003-01-14,720.09
2003-01-15,714.88
2003-01-16,733.104
2003-01-17,725.835
2003-01-20,730.986
2003-01-21,718.18
2003-01-22,715.161
2003-01-23,719.847
2003-01-24,709.504
2003-01-27,702.28
2003-01-28,702.557
2003-01-29,702.961
2003-01-30,702.833
2003-01-31,682.909
2003-02-03,661.628
2003-02-04,668.368
2003-02-05,665.939
2003-02-06,660.455
2003-02-07,643.542
2003-02-10,621.428
2003-02-11,612.5
2003-02-12,598.016
2003-02-13,582.877
2003-02-14,569.097
2003-02-17,572.776
2003-02-18,563.432
2003-02-19,561.507
2003-02-20,555.246
2003-02-21,534.158
2003-02-24,525.642
2003-02-25,535.811
2003-02-26,525.497
2003-02-27,514.329
2003-02-28,537.873
2003-03-05,534.824
2003-03-06,542.543
2003-03-07,541.345
2003-03-10,519.553
2003-03-11,512.527
2003-03-12,505.546
2003-03-13,488.244
2003-03-14,486.667
2003-03-17,484.158
2003-03-18,465.305
2003-03-19,462.333
2003-03-20,759.085
2003-03-21,763.525
2003-03-24,755.523
2003-03-25,761.519
2003-03-26,759.901
2003-03-27,762.939
2003-03-28,761.918
2003-03-31,787.05
2003-04-01,789.059
2003-04-02,789.421
2003-04-03,792.087
2003-04-04,791.631
2003-04-07,792.672
2003-04-08,795.877
2003-04-09,800.508
2003-04-10,794.671
2003-04-11,799.693
2003-04-14,791.057
2003-04-15,769.411
2003-04-16,773.598
2003-04-17,774.004
2003-04-21,772.118
2003-04-22,775.275
2003-04-23,782.103
2003-04-24,775.032
2003-04-25,773.772
2003-04-28,778.253
2003-04-29,856.642
2003-04-30,902.745
2003-05-02,898.445
2003-05-05,1064.68
2003-05-06,1069.81
2003-05-07,1071.21
2003-05-08,1072.92
2003-05-09,1061.74
2003-05-12,1062.64
2003-05-13,1072.47
2003-05-14,1083.88
2003-05-15,1083.57
2003-05-16,1088.02
2003-05-19,1100.9
2003-05-20,1108.32
2003-05-21,1114.56
2003-05-22,1125.72
2003-05-23,1139.36
2003-05-26,1141.18
2003-05-27,1222.29
2003-05-28,1040.03
2003-05-29,1038.13
2003-05-30,1048.67
2003-06-02,1034.53
2003-06-03,1042.33
2003-06-04,1037.03
2003-06-05,1050.52
2003-06-06,1036.76
2003-06-09,1004.53
2003-06-10,1031.86
2003-06-11,1032.05
2003-06-12,1034.96
2003-06-13,1016.39
2003-06-16,1006.95
2003-06-18,1023.98
2003-06-20,1027.68
2003-06-23,1048.03
2003-06-24,1059.45
2003-06-25,1061.91
2003-06-26,1082.49
2003-06-27,1094.17
2003-06-30,1163.32
2003-07-01,1157.19
2003-07-02,1146.98
2003-07-03,1158.39
2003-07-04,1178.94
2003-07-07,1178.64
2003-07-08,1195.04
2003-07-09,1198.41
2003-07-10,1200.73
2003-07-11,1214.3
2003-07-14,1237.6
2003-07-15,1428.99
2003-07-16,1451.48
2003-07-17,1456.21
2003-07-21,1479.56
2003-07-22,1490.33
2003-07-23,1501.1
2003-07-24,1499.85
2003-07-25,1504.77
2003-07-28,1510.14
2003-07-29,1514.03
2003-07-30,1527.79
2003-07-31,1554.26
2003-08-01,1553.75
2003-08-04,1571.19
2003-08-05,1567.38
2003-08-06,1585.67
2003-08-07,1583.98
2003-08-08,1573.95
2003-08-11,1577.96
2003-08-12,1583.72
2003-08-13,1584.76
2003-08-14,1587.81
2003-08-15,1529.25
2003-08-18,1534.18
2003-08-19,1533.23
2003-08-20,1533.95
2003-08-21,1609.83
2003-08-22,1630.6
2003-08-26,1647.59
2003-08-27,1680.71
2003-08-29,1681.53
2003-09-01,1681.25
2003-09-02,1691.69
2003-09-03,1705.06
2003-09-04,1699.58
2003-09-05,1696.18
2003-09-08,1696.77
2003-09-09,1695.42
2003-09-10,1678.54
2003-09-11,1672.52
2003-09-12,1674.59
2003-09-15,1652.4
2003-09-16,1652.29
2003-09-17,1657.46
2003-09-18,1648.79
2003-09-19,1650.22
2003-09-22,1650.75
2003-09-23,1649.57
2003-09-24,1653.36
2003-09-25,1666.4
2003-09-26,1670.73
2003-09-29,1681.56
2003-09-30,1716.43
2003-10-01,1720.11
2003-10-02,1731.03
2003-10-03,1734.23
2003-10-06,1735.95
2003-10-07,1730.15
2003-10-08,1729.5
2003-10-09,1726.75
2003-10-10,1731.24
2003-10-13,1730.16
2003-10-14,1740.11
2003-10-15,1723.91
2003-10-16,1725.74
2003-10-17,1727.93
2003-10-20,1716.24
2003-10-21,1724.63
2003-10-22,1725.6
2003-10-23,1740.55
2003-10-24,1741.28
2003-10-27,1747.69
2003-10-28,1747.96
2003-10-29,1745.06
2003-10-30,1750.34
2003-10-31,1753.27
2003-11-03,1758.6
2003-11-04,1764.98
2003-11-05,1777.17
2003-11-06,1782.14
2003-11-07,1773.36
2003-11-10,1783.18
2003-11-11,1784.13
2003-11-12,1793.5
2003-11-13,1793.74
2003-11-14,1791.9
2003-11-17,1809.3
2003-11-18,1806.17
2003-11-19,1820.22
2003-11-20,1820.13
2003-11-21,1819.29
2003-11-24,1819.65
2003-11-25,1825.2
2003-11-26,1847.89
2003-11-27,1846.43
2003-11-28,1854.91
2003-12-01,1840.14
2003-12-02,1832.26
2003-12-03,1831.5
2003-12-04,1827.46
2003-12-05,1831.1
2003-12-08,1831.86
2003-12-09,1826.62
2003-12-10,1817.12
2003-12-11,1823.24
2003-12-12,1855.81
2003-12-15,1857.56
2003-12-16,1979.48
2003-12-17,1990.22
2003-12-18,2012.7
2003-12-19,2012.29
2003-12-22,2014.76
2003-12-23,2012.15
2003-12-24,2030.61
2003-12-26,2047.08
2003-12-29,2078.62
2003-12-30,2086.94
2003-12-31,2086.65
2004-01-02,2080.4
2004-01-05,2079.9
2004-01-07,2065.32
2004-01-08,2058.17
2004-01-09,2063.6
2004-01-12,2062.04
2004-01-13,2070.96
2004-01-14,2071.44
2004-01-15,2036.28
2004-01-16,2043.64
2004-01-19,2047.96
2004-01-20,2047.99
2004-01-21,2058.65
2004-01-22,2061.82
2004-01-23,2058.16
2004-01-26,2052.92
2004-01-27,2070.65
2004-01-28,2070.78
2004-01-29,2098.89
2004-01-30,2133.38
2004-02-02,2117.57
2004-02-03,2118.22
2004-02-04,2120.92
2004-02-05,2117.38
2004-02-06,2118.87
2004-02-09,2092.06
2004-02-10,2090.71
2004-02-11,2093.69
2004-02-12,2085.68
2004-02-13,2086.5
2004-02-16,2087.48
2004-02-17,2053
2004-02-18,2057.9
2004-02-19,2057.36
2004-02-20,2066.09
2004-02-25,2198.86
2004-02-26,2196.66
2004-02-27,2233.05
2004-03-01,2231.25
2004-03-02,2196.82
2004-03-03,2190.68
2004-03-04,2189.45
2004-03-05,2194.74
2004-03-08,2195.06
2004-03-09,2196.64
2004-03-10,2191.76
2004-03-11,2164.92
2004-03-12,2163.14
2004-03-15,2133.01
2004-03-16,2138.39
2004-03-17,2144.66
2004-03-18,2140.33
2004-03-19,2141.95
2004-03-22,2150.13
2004-03-23,2157.77
2004-03-24,2156.02
2004-03-25,2157.64
2004-03-26,2157.23
2004-03-29,2160.08
2004-03-30,2215.36
2004-03-31,2243.35
2004-04-01,2248.78
2004-04-02,2225.59
2004-04-05,2219.95
2004-04-06,2220.39
2004-04-07,2210.12
2004-04-08,2204.98
2004-04-12,2205.6
2004-04-13,2199.92
2004-04-14,2193.44
2004-04-15,2200.53
2004-04-16,2191.85
2004-04-20,2167.4
2004-04-21,2164.98
2004-04-22,2146.26
2004-04-23,2155.77
2004-04-26,2169.01
2004-04-27,2176.35
2004-04-28,2185.95
2004-04-29,2227.68
2004-04-30,2259.8
2004-05-03,2256.6
2004-05-04,2239.7
2004-05-05,2227.58
2004-05-06,2225.39
2004-05-07,2180.65
2004-05-10,2173.09
2004-05-11,2167.43
2004-05-12,2157.31
2004-05-13,2156.41
2004-05-14,2156.36
2004-05-18,2161.43
2004-05-19,2169.09
2004-05-20,2172.42
2004-05-21,2175.93
2004-05-24,2189.73
2004-05-25,2220.39
2004-05-26,2239.48
2004-05-27,2306.12
2004-05-28,2365.34
2004-05-31,2359.27
2004-06-01,2361.93
2004-06-02,2329.47
2004-06-03,2261.12
2004-06-04,2238.53
2004-06-07,2242.17
2004-06-08,2233.93
2004-06-09,2221.61
2004-06-10,2183.86
2004-06-11,2182.46
2004-06-14,2184.02
2004-06-15,2180.37
2004-06-16,2179.1
2004-06-17,2180.22
2004-06-18,2188.92
2004-06-21,2184.91
2004-06-22,2185.18
2004-06-23,2137.86
2004-06-24,2141.38
2004-06-25,2051.45
2004-06-28,2056.02
2004-06-29,2208.21
2004-06-30,2243.83
2004-07-01,2237.5
2004-07-02,2088.8
2004-07-05,2087.4
2004-07-06,2064.13
2004-07-07,2064.39
2004-07-08,2059.44
2004-07-09,1984.16
2004-07-12,1980.45
2004-07-13,1976.93
2004-07-14,1984.99
2004-07-15,1954.44
2004-07-16,1948.6
2004-07-19,1917.53
2004-07-20,1939.93
2004-07-21,1941.11
2004-07-22,1972.23
2004-07-23,1970.07
2004-07-26,1963.25
2004-07-27,1910.55
2004-07-28,1912.24
2004-07-29,1988.1
2004-07-30,2114.98
2004-08-02,2111.16
2004-08-03,1955.02
2004-08-04,1956.68
2004-08-05,1913.75
2004-08-06,1914.06
2004-08-09,1912.69
2004-08-10,1915.17
2004-08-11,1913.55
2004-08-12,1912.4
2004-08-13,1903.14
2004-08-16,1900.76
2004-08-17,1898.77
2004-08-18,1952.83
2004-08-19,1952.12
2004-08-20,1954.66
2004-08-23,1958.92
2004-08-24,1963.63
2004-08-26,1970.64
2004-08-27,1985.38
2004-08-30,2029.04
2004-08-31,2415.55
2004-09-01,2409.71
2004-09-02,2221.19
2004-09-03,2212.14
2004-09-06,2212.81
2004-09-07,2205.54
2004-09-08,2197.44
2004-09-09,2193.38
2004-09-13,2188.89
2004-09-14,2169.76
2004-09-15,2126
2004-09-16,2161.71
2004-09-17,2157.88
2004-09-20,2143.08
2004-09-21,2142.99
2004-09-22,2141.2
2004-09-23,2142.31
2004-09-24,2138.53
2004-09-27,2146.02
2004-09-28,2142.96
2004-09-29,2204.64
2004-09-30,2350.74
2004-10-01,2304.52
2004-10-04,2273.75
2004-10-05,2116.39
2004-10-06,2102.62
2004-10-07,2094.17
2004-10-08,2086.17
2004-10-12,2078.26
2004-10-13,2074.35
2004-10-14,2084.83
2004-10-15,2056.28
2004-10-18,2059.48
2004-10-19,2159.68
2004-10-20,2135.64
2004-10-21,2141.18
2004-10-22,2138.58
2004-10-25,2145.93
2004-10-26,2154.8
2004-10-27,2138.94
2004-10-28,2143.48
2004-10-29,2357.41
2004-11-01,2347.4
2004-11-03,2167.02
2004-11-04,2137.9
2004-11-05,2123.61
2004-11-08,2088.03
2004-11-09,2088.84
2004-11-10,2077.58
2004-11-11,2078.2
2004-11-12,2073.68
2004-11-15,2067.73
2004-11-16,2064.6
2004-11-17,2066.86
2004-11-18,2086.33
2004-11-19,2064.36
2004-11-22,2063.28
2004-11-23,2031.42
2004-11-24,2032.94
2004-11-25,2035.09
2004-11-26,2045.57
2004-11-29,2021.14
2004-11-30,2132.73
2004-12-01,2431.05
2004-12-02,2271.84
2004-12-03,2280.3
2004-12-06,2291.31
2004-12-07,2291.79
2004-12-08,2289.45
2004-12-09,2286.21
2004-12-10,2280.96
2004-12-13,2284.37
2004-12-14,2304.94
2004-12-15,2307.51
2004-12-16,2296.36
2004-12-17,2142.97
2004-12-20,2145.76
2004-12-21,2143.61
2004-12-22,2145.74
2004-12-23,2111.02
2004-12-24,2115.77
2004-12-27,2207.06
2004-12-28,2295.31
2004-12-29,2351.96
2004-12-30,2512.1
2004-12-31,2511.5
2005-01-03,2495.63
2005-01-04,2283.07
2005-01-05,2270.07
2005-01-07,2259.76
2005-01-10,2281.39
2005-01-11,2287.64
2005-01-12,2269.68
2005-01-13,2264.16
2005-01-14,2261.5
2005-01-17,2268.45
2005-01-18,2252.72
2005-01-19,2243.16
2005-01-20,2237.56
2005-01-21,2243.32
2005-01-24,2250.99
2005-01-25,2250.63
2005-01-26,2270.71
2005-01-27,2275.99
2005-01-28,2283.45
2005-01-31,2473.01
2005-02-01,2485.42
2005-02-02,2299.23
2005-02-03,2303.22
2005-02-04,2230.96
2005-02-09,2230.97
2005-02-10,2241.38
2005-02-11,2245.9
2005-02-14,2250.28
2005-02-15,2223.21
2005-02-16,2229.92
2005-02-17,2229.29
2005-02-18,2239.9
2005-02-21,2241.4
2005-02-22,2203.54
2005-02-23,2207.77
2005-02-24,2214.97
2005-02-25,2266.35
2005-03-02,2265.37
2005-03-03,2097.98
2005-03-04,2095.2
2005-03-07,2054.02
2005-03-08,2060.92
2005-03-09,2058.9
2005-03-10,2066.99
2005-03-11,2059.36
2005-03-14,2065.91
2005-03-15,2020.87
2005-03-16,2044.12
2005-03-17,2009.54
2005-03-18,1986.8
2005-03-21,2025.9
2005-03-22,1988.67
2005-03-23,1983.82
2005-03-24,1982.85
2005-03-28,1968.69
2005-03-29,1957.23
2005-03-30,1964.12
2005-03-31,2095.32
2005-04-01,2137.86
2005-04-04,1998.8
2005-04-05,1996.7
2005-04-06,1994.44
2005-04-07,1985.6
2005-04-08,1974.88
2005-04-11,1976.14
2005-04-12,1975.16
2005-04-13,1978.9
2005-04-14,1987.43
2005-04-15,1994.88
2005-04-19,2019.69
2005-04-20,2019.06
2005-04-21,2023.32
2005-04-22,2033.1
2005-04-25,2023.84
2005-04-26,2035.92
2005-04-27,2043.16
2005-04-28,2058.18
2005-04-29,2221.18
2005-05-02,2216.57
2005-05-03,2062.13
2005-05-04,2085.11
2005-05-05,2056
2005-05-06,2048.29
2005-05-09,2063.48
2005-05-10,2063.84
2005-05-11,2059.81
2005-05-12,2060.98
2005-05-13,2070.43
2005-05-17,2039.08
2005-05-18,2045.53
2005-05-19,2042.68
2005-05-20,2034.28
2005-05-23,2027.95
2005-05-24,2045.61
2005-05-25,2073.98
2005-05-26,2084.19
2005-05-27,2086.36
2005-05-30,2084.82
2005-05-31,2245.63
2005-06-01,2218.05
2005-06-02,2061.22
2005-06-03,2077.98
2005-06-06,2087.44
2005-06-07,2097.11
2005-06-08,2104.88
2005-06-09,2105.16
2005-06-10,2155.6
2005-06-13,2171.68
2005-06-14,2152.33
2005-06-15,2147.45
2005-06-16,2159.07
2005-06-17,2169.7
2005-06-20,2165.52
2005-06-21,2166.87
2005-06-22,2166.63
2005-06-23,2175.64
2005-06-24,2182.04
2005-06-27,2168.15
2005-06-28,2163.31
2005-06-29,2168.46
2005-06-30,2525.01
2005-07-01,2777.41
2005-07-04,2778.53
2005-07-05,2432.07
2005-07-06,2435.55
2005-07-07,2438.13
2005-07-08,2434.21
2005-07-11,2417.75
2005-07-12,2429.32
2005-07-13,2408.62
2005-07-14,2409.88
2005-07-15,2394.34
2005-07-19,2402.01
2005-07-20,2419.67
2005-07-21,2438.43
2005-07-22,2437.54
2005-07-25,2444.78
2005-07-26,2413
2005-07-27,2414.44
2005-07-28,2424.36
2005-07-29,2616.54
2005-08-01,2606.25
2005-08-02,2434.37
2005-08-03,2443.2
2005-08-04,2347.93
2005-08-05,2317.57
2005-08-08,2316.42
2005-08-09,2462
2005-08-10,2461.06
2005-08-11,2477.21
2005-08-12,2471.24
2005-08-15,2322.58
2005-08-16,2399.32
2005-08-17,2379.9
2005-08-18,2377.18
2005-08-19,2377.86
2005-08-22,2388.71
2005-08-23,2389
2005-08-24,2400.2
2005-08-26,2410.82
2005-08-29,2401.85
2005-08-30,2442.52
2005-08-31,2654.32
2005-09-01,2641.8
2005-09-02,2453.03
2005-09-05,2450.22
2005-09-06,2438.39
2005-09-07,2438.19
2005-09-08,2440.47
2005-09-09,2447.97
2005-09-12,2441.88
2005-09-13,2438.5
2005-09-14,2441.38
2005-09-15,2393.29
2005-09-16,2378.95
2005-09-19,2359.57
2005-09-20,2355.84
2005-09-21,2366.59
2005-09-22,2370.79
2005-09-23,2374.93
2005-09-26,2375.69
2005-09-27,2373.03
2005-09-28,2377.25
2005-09-29,2376.25
2005-09-30,2543.29
2005-10-03,2534.97
2005-10-04,2344.47
2005-10-05,2346.02
2005-10-06,2350.42
2005-10-07,2342.52
2005-10-11,2330.08
2005-10-12,2333.85
2005-10-13,2340.81
2005-10-14,2355.8
2005-10-17,2289.72
2005-10-18,2285.45
2005-10-19,2306.5
2005-10-20,2285.78
2005-10-21,2288
2005-10-24,2293.49
2005-10-25,2312.54
2005-10-26,2322.05
2005-10-27,2331.24
2005-10-28,2377.34
2005-10-31,2568.5
2005-11-01,2582.52
2005-11-03,2391.99
2005-11-04,2360.21
2005-11-07,2401.8
2005-11-08,2406.46
2005-11-09,2409.28
2005-11-10,2556.18
2005-11-11,2555.93
2005-11-14,2553.51
2005-11-15,2559.27
2005-11-16,2546.6
2005-11-17,2530.95
2005-11-18,2520
2005-11-21,2613.91
2005-11-22,2641.28
2005-11-23,2655.02
2005-11-24,2655.49
2005-11-25,2647.83
2005-11-28,2673.58
2005-11-29,2682.94
2005-11-30,2880.41
2005-12-01,2904.97
2005-12-02,2712.16
2005-12-05,2706
2005-12-06,2707.33
2005-12-07,2703.84
2005-12-08,2718.14
2005-12-09,2720.64
2005-12-12,2738.3
2005-12-13,2747.2
2005-12-14,2772.33
2005-12-15,2761.8
2005-12-16,2782.64
2005-12-19,2772.34
2005-12-20,2774.47
2005-12-21,2769.6
2005-12-22,2793.18
2005-12-23,2820.57
2005-12-26,2828.87
2005-12-27,2851.19
2005-12-28,2834.87
2005-12-29,3028.86
2005-12-30,3078.41
2005-12-31,3078.41
2006-01-02,3077.17
2006-01-03,3022.45
2006-01-04,2825.41
2006-01-05,2819.78
2006-01-09,2829.04
2006-01-10,2832.24
2006-01-11,2847.13
2006-01-12,2831.13
2006-01-13,2811.06
2006-01-16,2821.06
2006-01-17,2837.22
2006-01-18,2822.92
2006-01-19,2828.66
2006-01-20,2883.58
2006-01-23,2957.21
2006-01-24,2960.59
2006-01-25,2971.25
2006-01-26,2985.07
2006-01-27,2971.82
2006-01-30,2986.15
2006-01-31,3220.16
2006-02-01,3201.83
2006-02-02,3171.05
2006-02-03,3182.63
2006-02-06,2987.26
2006-02-07,3001.08
2006-02-08,3019.29
2006-02-09,3028.12
2006-02-10,3083.09
2006-02-13,3136.25
2006-02-14,3157.12
2006-02-15,3013.28
2006-02-16,2999.56
2006-02-17,3023.55
2006-02-20,3024.14
2006-02-21,2997.58
2006-02-22,3006.88
2006-02-23,3012.43
2006-02-24,3049.9
2006-03-01,3064.71
2006-03-02,2920.11
2006-03-03,2902.74
2006-03-06,2907.92
2006-03-07,2905.37
2006-03-08,2912.03
2006-03-09,2930.49
2006-03-10,2941.35
2006-03-13,2945.04
2006-03-14,2952.82
2006-03-15,2899.88
2006-03-16,2914.15
2006-03-17,3029.52
2006-03-20,3010.63
2006-03-21,3005.25
2006-03-22,2990.43
2006-03-23,3052.83
2006-03-24,3054.29
2006-03-27,2933.8
2006-03-28,3415.83
2006-03-29,2892.61
2006-03-30,2885.04
2006-03-31,3115.56
2006-04-03,3170.33
2006-04-04,2979.31
2006-04-05,2984.41
2006-04-06,2999.32
2006-04-07,3007.82
2006-04-10,3004.93
2006-04-11,3012
2006-04-12,3012.69
2006-04-13,3017.08
2006-04-18,3004.83
2006-04-19,3013.93
2006-04-20,2969.82
2006-04-21,2991.41
2006-04-24,2994.72
2006-04-25,3026.46
2006-04-26,3046.67
2006-04-27,3023.57
2006-04-28,3213.87
2006-05-02,3260.33
2006-05-03,3080.36
2006-05-04,3057.81
2006-05-05,3070.26
2006-05-08,3063.96
2006-05-09,3060.04
2006-05-10,3086.71
2006-05-11,3089.92
2006-05-12,3044.08
2006-05-15,3098.86
2006-05-16,3098.06
2006-05-17,3077.62
2006-05-18,3018.74
2006-05-19,2994.83
2006-05-23,3074.85
2006-05-24,3080.71
2006-05-25,3085.3
2006-05-26,3081.98
2006-05-29,3092.58
2006-05-30,3095.92
2006-05-31,3285.26
2006-06-01,3371.71
2006-06-02,3189.42
2006-06-05,3188.25
2006-06-06,3217.53
2006-06-07,3212.53
2006-06-08,3208.26
2006-06-09,3157.44
2006-06-12,3210.93
2006-06-13,3217.29
2006-06-14,3229.28
2006-06-15,3211.6
2006-06-16,3179.64
2006-06-20,3220.28
2006-06-21,3228.73
2006-06-22,3238.3
2006-06-23,3240.09
2006-06-26,3234.67
2006-06-27,3234.84
2006-06-28,3219.23
2006-06-29,3221.73
2006-06-30,3506.27
2006-07-03,3537.3
2006-07-04,3536.87
2006-07-05,3385.24
2006-07-06,3363.96
2006-07-07,3346.11
2006-07-10,3354.74
2006-07-11,3365.45
2006-07-12,3390.9
2006-07-13,3394.05
2006-07-14,3367.95
2006-07-17,3348.02
2006-07-19,3355.71
2006-07-20,3359.54
2006-07-21,3349.71
2006-07-24,3374.03
2006-07-25,3381.64
2006-07-26,3365.51
2006-07-27,3374.41
2006-07-28,3359.35
2006-07-31,3521.3
2006-08-01,3548.19
2006-08-02,3375.97
2006-08-03,3366.02
2006-08-04,3337.27
2006-08-07,3073.53
2006-08-08,3091.58
2006-08-09,3093.26
2006-08-10,3093.67
2006-08-11,3073.7
2006-08-14,3077.07
2006-08-15,3132.03
2006-08-16,3132.3
2006-08-17,3138.93
2006-08-18,3114.74
2006-08-21,3158.62
2006-08-22,3161.71
2006-08-23,3166.55
2006-08-24,3101.07
2006-08-28,3192.69
2006-08-29,3209.32
2006-08-30,3208.97
2006-08-31,3283.13
2006-09-01,3340.18
2006-09-04,3340.01
2006-09-05,3187.64
2006-09-06,3168.8
2006-09-07,3165.71
2006-09-08,3128.82
2006-09-11,3185.31
2006-09-12,3189.77
2006-09-13,3178.2
2006-09-14,3160.66
2006-09-15,3083.21
2006-09-18,3074.74
2006-09-19,3114.5
2006-09-20,3090.13
2006-09-21,3061.09
2006-09-22,3043.92
2006-09-25,3068.34
2006-09-26,3059.15
2006-09-27,3063.49
2006-09-28,3084.62
2006-09-29,3210.85
2006-10-02,3090.8
2006-10-03,3085.84
2006-10-04,3102.11
2006-10-05,3103.67
2006-10-06,3097.71
2006-10-09,3099.17
2006-10-10,3084.66
2006-10-11,3099.42
2006-10-12,3107.18
2006-10-13,3055.3
2006-10-17,3087.85
2006-10-18,3112.47
2006-10-19,3501.91
2006-10-20,3031.53
2006-10-23,3094.52
2006-10-24,3222.43
2006-10-25,3227.12
2006-10-26,3131.11
2006-10-27,3101.56
2006-10-30,3137.67
2006-10-31,3297.51
2006-11-01,3153.97
2006-11-03,3153.59
2006-11-06,3154.36
2006-11-07,3157.77
2006-11-08,3154.87
2006-11-09,3149.98
2006-11-10,3438.73
2006-11-13,3129.68
2006-11-14,3131.11
2006-11-15,3142.97
2006-11-16,3166.8
2006-11-17,3093.96
2006-11-20,3107.08
2006-11-21,3130.28
2006-11-22,3135.11
2006-11-23,3133.48
2006-11-24,3075.5
2006-11-27,3142.2
2006-11-28,3163.67
2006-11-29,3783.04
2006-11-30,2831.51
2006-12-01,2856.92
2006-12-04,2700.64
2006-12-05,2705.86
2006-12-06,2674.46
2006-12-07,2678.35
2006-12-08,2629.64
2006-12-11,2697.43
2006-12-12,2722.43
2006-12-13,2726.15
2006-12-14,2739.15
2006-12-15,2677.27
2006-12-18,2754.8
2006-12-19,2764.95
2006-12-20,2784.02
2006-12-21,2809.74
2006-12-22,2784.02
2006-12-26,2876
2006-12-27,2886.41
2006-12-28,2911.73
2006-12-29,3073.91
2006-12-31,3090.59
2007-01-02,3063.57
2007-01-03,2898.52
2007-01-04,2877.31
2007-01-05,2850.33
2007-01-08,2850.28
2007-01-09,2857.63
2007-01-10,2854.23
2007-01-11,2852.48
2007-01-12,2864.11
2007-01-15,2864.3
2007-01-16,2831.26
2007-01-17,2836.84
2007-01-18,2833.89
2007-01-19,2846.65
2007-01-22,2878.17
2007-01-23,2888.12
2007-01-24,2910.5
2007-01-25,2937.23
2007-01-26,2928.34
2007-01-29,2967.06
2007-01-30,2980.35
2007-01-31,3246.19
2007-02-01,3230.21
2007-02-02,2974.87
2007-02-05,3004.61
2007-02-06,3008.37
2007-02-07,3007.97
2007-02-08,3016.36
2007-02-09,3011.99
2007-02-12,3050.04
2007-02-13,3055.38
2007-02-14,3071.44
2007-02-15,3056.5
2007-02-16,3051.09
2007-02-21,3135.97
2007-02-22,3159.84
2007-02-23,3164.07
2007-02-26,3174.55
2007-02-27,3181.18
2007-02-28,3397.99
2007-03-01,3438.43
2007-03-02,3278.18
2007-03-05,3262.37
2007-03-06,3259.33
2007-03-07,3264.08
2007-03-08,3256.13
2007-03-09,3235.58
2007-03-12,3276.69
2007-03-13,3281.47
2007-03-14,3271.88
2007-03-15,3273.97
2007-03-16,3261
2007-03-19,3304.01
2007-03-20,3314.46
2007-03-21,3263.26
2007-03-22,3259.32
2007-03-23,3247.1
2007-03-26,3295.56
2007-03-27,3287
2007-03-28,3273.89
2007-03-29,3266.78
2007-03-30,3458.25
2007-04-02,3489.37
2007-04-03,3314.85
2007-04-04,3258.31
2007-04-05,3257.14
2007-04-09,3275.75
2007-04-10,3771.76
2007-04-11,3285.17
2007-04-12,3288.16
2007-04-13,3266.92
2007-04-16,3281.94
2007-04-17,3279.44
2007-04-18,3290.52
2007-04-19,3289.63
2007-04-20,3256.71
2007-04-24,3353.84
2007-04-25,3377.11
2007-04-26,3376.8
2007-04-27,3340.24
2007-04-30,3576.58
2007-05-02,3407.14
2007-05-03,3386.37
2007-05-04,3347.18
2007-05-07,3390.87
2007-05-08,3391.95
2007-05-09,3369.7
2007-05-10,3379.53
2007-05-11,3330.4
2007-05-14,3412.22
2007-05-15,3426.21
2007-05-16,3433.97
2007-05-17,3386.82
2007-05-18,3264.87
2007-05-22,3313.62
2007-05-23,3337.14
2007-05-24,3342.12
2007-05-25,3371.7
2007-05-28,3375.65
2007-05-29,3320.42
2007-05-30,3358.59
2007-05-31,3527.13
2007-06-01,3510.13
2007-06-04,3393.71
2007-06-05,3395.69
2007-06-06,3404.13
2007-06-07,3396.53
2007-06-08,3342.7
2007-06-11,3421.91
2007-06-12,3436.83
2007-06-13,3431.96
2007-06-14,3446.94
2007-06-15,3453.79
2007-06-18,3477.88
2007-06-20,3475.24
2007-06-21,3514.33
2007-06-22,3453.38
2007-06-25,3519.71
2007-06-26,3488.86
2007-06-27,3481.13
2007-06-28,3464.6
2007-06-29,3686.35
2007-07-02,3483.69
2007-07-03,3475.01
2007-07-04,3476.04
2007-07-05,3477.12
2007-07-06,3409.89
2007-07-09,3458.67
2007-07-10,3468.54
2007-07-11,3454.04
2007-07-12,3470.54
2007-07-13,3412.77
2007-07-16,3464.1
2007-07-17,3462.07
2007-07-19,3485.88
2007-07-20,3432.27
2007-07-23,3492.16
2007-07-24,3486.39
2007-07-25,3502.62
2007-07-26,3472.05
2007-07-27,3461.01
2007-07-30,3491.23
2007-07-31,3486.73
2007-08-01,3510.45
2007-08-02,3505.86
2007-08-03,3438.04
2007-08-06,3457.73
2007-08-07,3466.65
2007-08-08,3477.03
2007-08-09,3483.8
2007-08-10,3428.42
2007-08-13,3503.25
2007-08-14,3528.35
2007-08-15,3521.3
2007-08-16,3519.49
2007-08-17,3445.28
2007-08-20,3547.3
2007-08-21,3564.38
2007-08-22,3564.45
2007-08-23,3558.1
2007-08-24,3439.54
2007-08-27,3523.51
2007-08-28,3523.4
2007-08-29,3556.1
2007-08-30,3553.79
2007-08-31,3539.23
2007-09-03,3540.23
2007-09-04,3561.51
2007-09-05,3557.59
2007-09-06,3571.64
2007-09-07,3496
2007-09-10,3574.88
2007-09-11,3583.52
2007-09-12,3598.69
2007-09-13,3607.3
2007-09-14,3526.02
2007-09-17,3602.5
2007-09-18,3609.48
2007-09-19,3615.83
2007-09-20,3605.74
2007-09-21,3548.43
2007-09-24,3560.87
2007-09-25,3580.03
2007-09-26,3564.99
2007-09-27,3587.84
2007-09-28,3540.19
2007-10-01,3609.1
2007-10-02,3623.46
2007-10-03,3636.07
2007-10-04,3642.8
2007-10-05,3631.05
2007-10-08,3631.68
2007-10-09,3650.94
2007-10-10,3649.8
2007-10-11,3634.59
2007-10-12,3598.6
2007-10-16,3618.87
2007-10-17,3622.3
2007-10-18,3645.08
2007-10-19,3600.93
2007-10-22,3642.26
2007-10-23,3643.96
2007-10-24,3634.18
2007-10-25,3649.29
2007-10-26,3559.01
2007-10-29,3587.03
2007-10-30,3653.33
2007-10-31,3614.36
2007-11-01,3645.09
2007-11-05,3770.8
2007-11-06,3781.11
2007-11-07,3788.12
2007-11-08,3792.62
2007-11-09,3820.01
2007-11-12,3819.72
2007-11-13,3814.05
2007-11-14,3816.48
2007-11-15,3792.1
2007-11-16,3720.59
2007-11-19,3877.42
2007-11-20,3887.84
2007-11-21,3901.38
2007-11-22,3895.86
2007-11-23,3836.25
2007-11-26,3914.06
2007-11-27,3931.74
2007-11-28,3945.7
2007-11-29,3974.28
2007-11-30,3864.19
2007-12-03,3943.56
2007-12-04,3977.74
2007-12-05,3986.14
2007-12-06,3969.91
2007-12-07,3916.78
2007-12-10,3973.93
2007-12-11,3983.26
2007-12-12,3995.36
2007-12-13,3996.2
2007-12-14,3989.2
2007-12-17,4014.39
2007-12-18,4029.47
2007-12-19,4036.96
2007-12-20,4047.22
2007-12-21,4024.08
2007-12-24,4014.19
2007-12-26,4116.95
2007-12-27,4142.32
2007-12-28,4111.74
2007-12-31,4121.38
2008-01-02,4167.9
2008-01-03,4170.44
2008-01-04,4127.28
2008-01-07,4171.1
2008-01-08,4174.74
2008-01-09,4182.23
2008-01-10,4190.37
2008-01-11,4122.13
2008-01-14,4210.22
2008-01-15,4214.44
2008-01-16,4225.74
2008-01-17,4220.74
2008-01-18,4190.09
2008-01-21,4180.22
2008-01-22,4218.08
2008-01-23,4229.96
2008-01-24,4259.85
2008-01-25,4208.25
2008-01-28,4335.53
2008-01-29,4370.43
2008-01-30,4414.13
2008-01-31,4429.62
2008-02-01,4456.19
2008-02-06,4509.03
2008-02-07,4530.8
2008-02-08,4491.06
2008-02-11,4535.34
2008-02-12,4558.56
2008-02-13,4523.14
2008-02-14,4568.33
2008-02-15,4668.27
2008-02-18,4663.65
2008-02-19,4712.23
2008-02-20,4667.34
2008-02-21,4645.91
2008-02-22,4606.19
2008-02-25,4705.24
2008-02-26,4738.54
2008-02-27,4810.61
2008-02-28,4836.08
2008-02-29,4825.03
2008-03-03,4875.12
2008-03-04,4887.57
2008-03-05,4904.13
2008-03-06,4894.88
2008-03-07,4837.7
2008-03-10,4922.25
2008-03-11,4933.14
2008-03-12,4989.7
2008-03-13,5001.81
2008-03-14,4982.18
2008-03-17,5049.52
2008-03-18,5049.84
2008-03-19,5036.57
2008-03-20,5018.69
2008-03-24,5018.78
2008-03-25,5033.67
2008-03-26,5081.78
2008-03-27,5080.52
2008-03-28,5029.23
2008-03-31,4992.53
2008-04-01,5103.36
2008-04-02,5128.63
2008-04-03,5115.33
2008-04-04,5059.66
2008-04-07,5171.44
2008-04-08,5187.03
2008-04-09,5220.89
2008-04-10,5228.55
2008-04-11,5179.38
2008-04-14,5280.59
2008-04-15,5241.69
2008-04-16,5266.21
2008-04-17,5281.52
2008-04-18,5233.63
2008-04-21,5278.34
2008-04-22,5303.53
2008-04-23,5318.74
2008-04-24,5282.94
2008-04-25,5245.31
2008-04-28,5277.07
2008-04-29,5302.7
2008-04-30,5218.52
2008-05-02,5240.06
2008-05-05,5267.76
2008-05-06,5279.94
2008-05-07,5262.98
2008-05-08,5243.43
2008-05-09,5189.25
2008-05-12,5258.53
2008-05-13,5283.01
2008-05-14,5303.56
2008-05-15,5325.76
2008-05-16,5270.81
2008-05-19,5302.3
2008-05-20,5375.87
2008-05-21,5391.43
2008-05-22,5393.96
2008-05-23,5399.4
2008-05-26,5398.54
2008-05-27,5397.12
2008-05-28,5371.19
2008-05-29,5388.57
2008-05-30,5496.8
2008-06-02,6251.94
2008-06-03,6334.25
2008-06-04,6366.04
2008-06-05,6226.84
2008-06-06,6237.43
2008-06-09,6224.27
2008-06-10,6223.6
2008-06-11,6248.25
2008-06-12,6229.06
2008-06-13,6119.23
2008-06-16,6193.93
2008-06-17,6186.15
2008-06-18,6189.75
2008-06-20,6131.7
2008-06-23,6215.09
2008-06-24,6213.94
2008-06-25,6209.52
2008-06-26,6250.86
2008-06-27,6122.91
2008-06-30,6100.54
2008-07-01,6361.61
2008-07-02,6419.55
2008-07-03,6427
2008-07-04,6419.25
2008-07-07,6419.57
2008-07-08,6373.35
2008-07-09,6364.41
2008-07-10,6377.98
2008-07-11,6242.35
2008-07-14,6316.08
2008-07-15,6318.06
2008-07-16,6338.28
2008-07-17,6280.6
2008-07-21,6335.97
2008-07-22,6336.9
2008-07-23,6321.76
2008-07-24,6348.54
2008-07-25,6293.49
2008-07-28,6321.25
2008-07-29,6363.05
2008-07-30,6364.44
2008-07-31,6143
2008-08-01,6187.41
2008-08-04,6351.16
2008-08-05,6357.1
2008-08-06,6358.74
2008-08-07,6355.29
2008-08-10,5371.19
2008-08-11,5388.57
2008-08-12,6326.08
2008-08-13,6334.27
2008-08-14,6320.12
2008-08-15,6268.99
2008-08-18,6325.51
2008-08-19,6354.64
2008-08-21,6375.53
2008-08-22,6344.28
2008-08-26,6362.95
2008-08-27,6400.14
2008-08-28,6380.79
2008-08-29,6230.31
2008-09-01,6244.42
2008-09-02,6382.35
2008-09-04,6379.31
2008-09-05,6398.98
2008-09-08,6416.08
2008-09-09,6431.45
2008-09-10,6446.75
2008-09-11,6428.93
2008-09-12,6320.5
2008-09-15,6446.1
2008-09-16,6449.75
2008-09-17,6470.26
2008-09-18,6469.95
2008-09-19,6386.61
2008-09-22,6496.22
2008-09-23,6445.75
2008-09-24,6433.73
2008-09-25,6367.89
2008-09-26,6256.66
2008-09-29,6321.95
2008-09-30,6343.83
2008-10-01,6402.98
2008-10-02,6385.47
2008-10-03,6255.29
2008-10-06,6256.54
2008-10-07,6277.36
2008-10-08,6293.71
2008-10-09,6275.23
2008-10-10,6271.05
2008-10-13,6277.52
2008-10-14,6236.3
2008-10-15,6203.5
2008-10-16,6198.85
2008-10-17,6025.82
2008-10-20,6111.46
2008-10-21,6089.45
2008-10-22,6072.53
2008-10-23,6025.99
2008-10-24,5982.42
2008-10-27,6081.78
2008-10-28,6085.42
2008-10-29,6056.31
2008-10-30,6045.65
2008-10-31,5999.05
2008-11-03,6054.66
2008-11-04,6177.32
2008-11-05,6148.22
2008-11-06,6067.97
2008-11-07,6036.96
2008-11-10,6066.32
2008-11-11,6045.45
2008-11-12,6041.78
2008-11-13,6000.62
2008-11-14,5948.07
2008-11-17,5991.92
2008-11-18,5988.08
2008-11-19,5962.49
2008-11-20,5963.82
2008-11-21,5854.94
2008-11-24,5960.22
2008-11-25,5917.2
2008-11-26,5918.51
2008-11-27,5916.52
2008-11-28,5812.18
2008-11-30,5876.31
2008-12-01,5968.88
2008-12-02,5963.39
2008-12-03,5943.05
2008-12-04,5955.56
2008-12-05,5868.17
2008-12-08,5951.83
2008-12-09,5957.95
2008-12-10,6105.71
2008-12-11,6146.39
2008-12-12,6089.02
2008-12-15,6163.08
2008-12-16,6200.97
2008-12-17,6195.51
2008-12-18,6278.66
2008-12-19,6206.33
2008-12-22,6289.69
2008-12-23,6295.93
2008-12-24,6337.2
2008-12-26,6303.15
2008-12-29,6329.72
2008-12-30,6328.96
2008-12-31,6360.21
2009-01-02,6278.12
2009-01-05,6316.66
2009-01-07,6318.83
2009-01-08,6336.06
2009-01-09,6186.57
2009-01-12,6315.43
2009-01-13,6320.32
2009-01-14,6264.22
2009-01-15,6258.47
2009-01-16,6260.3
2009-01-19,6257.1
2009-01-20,6228.55
2009-01-21,6242.43
2009-01-22,6268.03
2009-01-23,6101.49
2009-01-26,6296.27
2009-01-27,6322.17
2009-01-28,6315.91
2009-01-29,6250.4
2009-01-30,6213.58
2009-02-02,6261.72
2009-02-03,6273.64
2009-02-04,6304.42
2009-02-05,6312.69
2009-02-06,6188.16
2009-02-09,6297.9
2009-02-10,6306.21
2009-02-11,6298.47
2009-02-12,6292.26
2009-02-13,6289.58
2009-02-16,6284.23
2009-02-17,6691.72
2009-02-18,6693.02
2009-02-19,6718.44
2009-02-20,6666.17
2009-02-25,6685.33
2009-02-26,6697.75
2009-02-27,6672.08
2009-03-02,6728.87
2009-03-03,6733.64
2009-03-04,6719.61
2009-03-05,6719.5
2009-03-06,6791.41
2009-03-09,6919.97
2009-03-10,6936.26
2009-03-11,6934.85
2009-03-12,6970.42
2009-03-13,6849.54
2009-03-16,6980.05
2009-03-17,6984.61
2009-03-18,7006.24
2009-03-19,7040.81
2009-03-20,7011.38
2009-03-23,7041
2009-03-24,7006.84
2009-03-25,7029.15
2009-03-26,7034.82
2009-03-27,6922.44
2009-03-30,6907.65
2009-03-31,6964.66
2009-04-01,7000.67
2009-04-02,7004.66
2009-04-03,6914.93
2009-04-06,6996.53
2009-04-07,6980.12
2009-04-08,6960.05
2009-04-13,6990.55
2009-04-14,6995.48
2009-04-15,6965.11
2009-04-16,6980.11
2009-04-17,6807.04
2009-04-20,6935.37
2009-04-21,6945.03
2009-04-22,6955.35
2009-04-23,6958.11
2009-04-24,6919.22
2009-04-27,6896.86
2009-04-28,6868.87
2009-04-29,6835.56
2009-04-30,6866.85
2009-05-04,6949.48
2009-05-05,6949.61
2009-05-06,6937.75
2009-05-07,6954.29
2009-05-08,6872.88
2009-05-11,6947.56
2009-05-12,6954.02
2009-05-13,6976.29
2009-05-14,6978.09
2009-05-15,6774.75
2009-05-19,6909.17
2009-05-20,6902.12
2009-05-21,6908.01
2009-05-22,6923.29
2009-05-25,6917.52
2009-05-26,6990.77
2009-05-27,7050.27
2009-05-28,7035.7
2009-05-29,7100.27
2009-06-01,7128.16
2009-06-02,7139.29
2009-06-03,7086.04
2009-06-04,7062.23
2009-06-05,7209.21
2009-06-08,7298.25
2009-06-09,7301.92
2009-06-10,7304.67
2009-06-11,7329.37
2009-06-12,7235.53
2009-06-15,7255.55
2009-06-16,7247.81
2009-06-17,7273.4
2009-06-18,7184.32
2009-06-22,7359.9
2009-06-23,7374.96
2009-06-24,7362.65
2009-06-25,7355.68
2009-06-26,7326.34
2009-06-29,7372.3
2009-06-30,7437.76
2009-07-01,7484.11
2009-07-02,7476.13
2009-07-03,7441.29
2009-07-06,7349.98
2009-07-07,7369.9
2009-07-08,7375.26
2009-07-09,7373.22
2009-07-10,7219.37
2009-07-13,7363.92
2009-07-14,7321.82
2009-07-15,7337.37
2009-07-16,7355.99
2009-07-17,7224.66
2009-07-20,7336.66
2009-07-21,7342.2
2009-07-22,7374.57
2009-07-23,7392.36
2009-07-24,7271.45
2009-07-27,7368.2
2009-07-28,7406.17
2009-07-29,7408.16
2009-07-30,7424.7
2009-07-31,7407.05
2009-08-03,7452.28
2009-08-04,7456.1
2009-08-05,7467.76
2009-08-06,7479.5
2009-08-07,7417.5
2009-08-10,7485.37
2009-08-11,7452.28
2009-08-12,7458.43
2009-08-13,7454.59
2009-08-14,7360.41
2009-08-17,7384.02
2009-08-18,7397.54
2009-08-19,7410.3
2009-08-20,7414.83
2009-08-21,7241.72
2009-08-24,7302.05
2009-08-26,7317.28
2009-08-27,7359.73
2009-08-28,7375.57
2009-08-31,7701.6
2009-09-01,7773.88
2009-09-02,7791.7
2009-09-03,7792.89
2009-09-04,7759.76
2009-09-07,7757.49
2009-09-08,7775.78
2009-09-09,7786.7
2009-09-10,7769.01
2009-09-11,7598.15
2009-09-14,7764.3
2009-09-15,7794.4
2009-09-16,7813.91
2009-09-17,7796.85
2009-09-18,7632.35
2009-09-21,7713.8
2009-09-22,7720.58
2009-09-23,7714.04
2009-09-24,7703.41
2009-09-25,7695.9
2009-09-28,8183.25
2009-09-29,8092.75
2009-09-30,8068.2
2009-10-01,7944.69
2009-10-02,7930.8
2009-10-05,7903.02
2009-10-06,7850.74
2009-10-07,7875.42
2009-10-08,7889.74
2009-10-09,7736.65
2009-10-13,7921.13
2009-10-14,7939.61
2009-10-15,7917.64
2009-10-16,7902.68
2009-10-19,7946.4
2009-10-20,7914.88
2009-10-21,7911.26
2009-10-22,7911.58
2009-10-23,7826.47
2009-10-26,7953.97
2009-10-27,7940.15
2009-10-28,7895.28
2009-10-29,7920.34
2009-10-30,7875.21
2009-11-03,7955.25
2009-11-04,7981.61
2009-11-05,7911.98
2009-11-06,7937.09
2009-11-09,7941.51
2009-11-10,7944.46
2009-11-11,7943.17
2009-11-12,7945.68
2009-11-13,7875.66
2009-11-16,7951.28
2009-11-17,7892.7
2009-11-18,7898.32
2009-11-19,7918.15
2009-11-20,7868.84
2009-11-23,7980.89
2009-11-24,7963.65
2009-11-25,7996.43
2009-11-26,7994.71
2009-11-27,7970.69
2009-11-30,8000.31
2009-12-01,8027.01
2009-12-02,8042.72
2009-12-03,8061.88
2009-12-04,7969.22
2009-12-07,8053.45
2009-12-08,8075.73
2009-12-09,8081.58
2009-12-10,8090.29
2009-12-11,7960.98
2009-12-14,8098.43
2009-12-15,8117.31
2009-12-16,8132.93
2009-12-17,8127.84
2009-12-18,8156.08
2009-12-21,8160.56
2009-12-22,8171.63
2009-12-23,8217.39
2009-12-24,8217.86
2009-12-28,8218.83
2009-12-29,8187.27
2009-12-30,8036.51
2009-12-31,7986.51
2010-01-04,8069.96
2010-01-05,8073.06
2010-01-07,8071.93
2010-01-08,7927.6
2010-01-11,8074.68
2010-01-12,8094.84
2010-01-13,8127.34
2010-01-14,8080.46
2010-01-15,8104.02
2010-01-18,8112.86
2010-01-19,8159.7
2010-01-20,8170.01
2010-01-21,8184.68
2010-01-22,8048.06
2010-01-25,8146.74
2010-01-26,8170.64
2010-01-27,8144.78
2010-01-28,8104.26
2010-01-29,8041.22
2010-02-01,8139.41
2010-02-02,8126.99
2010-02-03,8057.41
2010-02-04,8073.85
2010-02-05,8073.12
2010-02-08,8142.4
2010-02-09,8147.68
2010-02-10,8147.04
2010-02-11,8144.92
2010-02-12,7960.24
2010-02-17,8109.91
2010-02-18,8142.94
2010-02-19,8182.44
2010-02-22,8189.43
2010-02-23,8193.43
2010-02-24,8205.82
2010-02-25,8229.62
2010-02-26,8232.46
2010-03-02,8263.02
2010-03-03,8269.36
2010-03-04,8179.57
2010-03-05,8010.36
2010-03-08,8176.24
2010-03-09,8189.34
2010-03-10,8203.33
2010-03-11,8219.55
2010-03-12,8019.74
2010-03-15,8081.81
2010-03-16,8088.4
2010-03-17,8092.6
2010-03-18,8085.35
2010-03-19,8054.43
2010-03-22,8093.55
2010-03-23,8164.69
2010-03-24,8151.62
2010-03-25,8151.69
2010-03-26,8100.15
2010-03-29,8085.52
2010-03-30,8111.16
2010-03-31,8061.03
2010-04-05,8073.61
2010-04-06,7999.22
2010-04-07,7945.28
2010-04-08,7957.3
2010-04-09,7844.58
2010-04-12,7987.78
2010-04-13,7994.57
2010-04-14,7995.13
2010-04-15,7953.66
2010-04-16,7797.6
2010-04-20,7892.02
2010-04-21,7903.6
2010-04-22,7905.74
2010-04-23,7768.47
2010-04-26,7864.36
2010-04-27,7855.78
2010-04-28,7860.41
2010-04-29,7910.07
2010-04-30,7746.6
2010-05-03,7799.14
2010-05-04,7825.18
2010-05-05,7838.62
2010-05-06,7838.94
2010-05-07,7851.27
2010-05-10,7861.72
2010-05-11,7869.56
2010-05-12,7904.98
2010-05-13,7895.58
2010-05-14,7759.31
2010-05-18,7769.72
2010-05-19,7773.25
2010-05-20,7797.07
2010-05-21,7777.05
2010-05-24,7764.91
2010-05-25,7723.24
2010-05-26,7676.92
2010-05-27,7659.5
2010-05-28,7656.74
2010-05-31,7648.33
2010-06-01,7675.1
2010-06-02,7625.68
2010-06-03,7622.57
2010-06-04,7517.65
2010-06-07,7583.03
2010-06-08,7597.78
2010-06-09,7595.48
2010-06-10,7638.93
2010-06-11,7550.75
2010-06-14,7668.54
2010-06-15,7771.59
2010-06-16,7661.43
2010-06-17,7676.89
2010-06-18,7664.1
2010-06-21,7699.45
2010-06-22,7687.95
2010-06-23,7695.38
2010-06-24,7740.33
2010-06-25,7602.42
2010-06-28,7622.33
2010-06-29,7648.53
2010-06-30,7509.09
2010-07-01,7538.18
2010-07-02,7570.24
2010-07-05,7568.96
2010-07-06,7571.34
2010-07-07,7573.79
2010-07-08,7562.52
2010-07-09,7401.74
2010-07-12,7552.43
2010-07-13,7576.92
2010-07-14,7565.27
2010-07-15,7599.89
2010-07-16,7504.47
2010-07-19,7658.33
2010-07-20,7657.58
2010-07-21,7653.7
2010-07-22,7681.41
2010-07-23,7579.53
2010-07-26,7647.25
2010-07-27,7630.47
2010-07-28,7615.98
2010-07-29,7655.95
2010-07-30,7606.87
2010-08-02,7713.82
2010-08-03,7746.97
2010-08-04,7749.1
2010-08-05,7722.26
2010-08-09,7721.4
2010-08-10,7744
2010-08-11,7735.06
2010-08-12,7734.41
2010-08-13,7616.4
2010-08-16,7677.15
2010-08-17,7675.85
2010-08-18,7704.41
2010-08-19,7695.03
2010-08-20,7689.54
2010-08-23,7712.32
2010-08-24,7693.22
2010-08-26,7690.29
2010-08-27,7583.54
2010-08-30,7736.78
2010-08-31,7771.17
2010-09-01,7786.72
2010-09-02,7815.93
2010-09-03,7799.83
2010-09-06,7799.55
2010-09-07,7825.75
2010-09-08,7857.57
2010-09-09,7876.31
2010-09-10,7734.41
2010-09-13,7856.15
2010-09-14,7869.62
2010-09-15,7910.39
2010-09-16,7914.37
2010-09-17,7850.06
2010-09-20,7866.12
2010-09-21,7893.46
2010-09-22,7946.81
2010-09-23,7972.97
2010-09-24,7873.24
2010-09-27,7916.54
2010-09-28,7944.66
2010-09-29,7982.37
2010-09-30,7913.97
2010-10-01,7891.36
2010-10-04,7971.76
2010-10-05,8011.67
2010-10-06,8016.6
2010-10-08,7990.39
2010-10-12,8004.67
2010-10-13,8016.73
2010-10-14,8049.35
2010-10-15,7915.75
2010-10-18,8015.09
2010-10-19,8000.09
2010-10-20,8002.27
2010-10-21,8000.26
2010-10-22,7982.47
2010-10-25,8065.74
2010-10-26,8044.04
2010-10-27,8067.66
2010-10-28,8053.26
2010-10-29,8022.56
2010-11-01,8105.45
2010-11-03,8119.56
2010-11-05,8176
2010-11-08,8164.4
2010-11-09,8182.61
2010-11-10,8203.84
2010-11-11,8197.08
2010-11-12,8154.49
2010-11-15,8154.82
2010-11-16,8165.87
2010-11-17,8120.38
2010-11-18,8102.64
2010-11-19,7982.58
2010-11-22,8085.13
2010-11-23,8092.78
2010-11-24,8139.46
2010-11-25,8165.57
2010-11-26,8052.2
2010-11-29,8058.63
2010-11-30,7945.16
2010-12-01,8073.85
2010-12-02,8087.78
2010-12-03,8056.63
2010-12-06,8084.83
2010-12-07,8094.16
2010-12-08,8065.44
2010-12-09,8030.19
2010-12-10,7574.33
2010-12-13,7710.12
2010-12-14,7756.33
2010-12-16,7765.27
2010-12-17,7629.36
2010-12-20,7791.07
2010-12-21,7853.52
2010-12-22,7825.49
2010-12-23,7811.17
2010-12-24,7604.97
2010-12-27,7748.58
2010-12-28,7734.96
2010-12-29,7742.9
2010-12-30,7743.68
2010-12-31,7655.54
2011-01-03,7726.57
2011-01-04,7635.89
2011-01-05,7649
2011-01-07,7428.42
2011-01-10,7538.91
2011-01-11,7541.22
2011-01-12,7570.54
2011-01-13,7600.29
2011-01-14,7528.19
2011-01-17,7527.89
2011-01-18,7593.34
2011-01-19,7598.43
2011-01-20,7622.45
2011-01-21,7499.81
2011-01-24,7605.17
2011-01-25,7630.77
2011-01-26,7610.14
2011-01-27,7646.04
2011-01-28,7498.39
2011-01-31,7507.08
2011-02-01,7696.62
2011-02-02,7714.3
2011-02-03,7701.71
2011-02-04,7597.61
2011-02-07,7695.43
2011-02-08,7714.67
2011-02-09,7726.05
2011-02-10,7730.89
2011-02-11,7724.81
2011-02-14,7629.01
2011-02-15,7706.14
2011-02-16,7721.4
2011-02-17,7724.05
2011-02-18,7637.89
2011-02-21,7616.51
2011-02-22,7766.31
2011-02-23,7776.4
2011-02-24,7797.36
2011-02-25,7747.69
2011-02-28,7803.47
2011-03-01,7878.18
2011-03-02,7890.57
2011-03-03,7898.22
2011-03-04,7828.06
2011-03-09,7945.93
2011-03-10,7957.3
2011-03-11,7942.9
2011-03-14,7956.44
2011-03-15,7987.91
2011-03-16,7995.65
2011-03-17,8034.91
2011-03-18,7860.9
2011-03-21,7960.48
2011-03-22,7980.77
2011-03-23,7979.49
2011-03-24,7986.98
2011-03-25,7889.71
2011-03-28,7965.91
2011-03-29,7918.27
2011-03-30,7920.68
2011-03-31,7755.36
2011-04-01,7797.13
2011-04-04,7926.85
2011-04-05,7970.25
2011-04-06,7995.91
2011-04-07,8063.66
2011-04-08,8011.95
2011-04-11,8049.38
2011-04-12,8084.96
2011-04-13,8109.45
2011-04-14,8118.02
2011-04-15,8099.39
2011-04-19,8111.88
2011-04-20,8145.82
2011-04-25,8152.95
2011-04-27,8187.42
2011-04-28,8241.81
2011-04-29,8123.82
2011-05-02,8284.27
2011-05-03,8319.28
2011-05-04,8340.17
2011-05-05,8385.16
2011-05-06,8276.79
2011-05-09,8391.54
2011-05-10,8404.18
2011-05-11,8431
2011-05-12,8427.09
2011-05-13,8417.18
2011-05-16,8442.43
2011-05-17,8397.05
2011-05-19,8442.91
2011-05-20,8330.96
2011-05-23,8427.69
2011-05-24,8427.75
2011-05-25,8423.07
2011-05-26,8461.12
2011-05-27,8409.95
2011-05-30,8454.03
2011-05-31,8733.47
2011-06-01,9103.07
2011-06-02,9176.8
2011-06-03,9647.52
2011-06-06,9662.16
2011-06-07,9705.1
2011-06-08,9711.5
2011-06-09,9728.73
2011-06-10,9651.48
2011-06-13,9716.58
2011-06-14,9769.89
2011-06-15,9743.72
2011-06-16,9704.93
2011-06-17,9752.15
2011-06-20,9744.06
2011-06-21,9772.68
2011-06-22,9788.05
2011-06-23,9793.1
2011-06-24,9735.82
2011-06-27,9715.91
2011-06-28,9744.75
2011-06-29,9810.27
2011-06-30,9768.05
2011-07-01,9848.14
2011-07-04,9849.91
2011-07-05,9894.96
2011-07-06,9916.71
2011-07-07,9949.62
2011-07-08,9941.19
2011-07-11,9954.69
2011-07-12,9972.94
2011-07-13,10007.6
2011-07-14,9937.26
2011-07-15,9961.27
2011-07-19,10019.9
2011-07-21,10082.6
2011-07-22,10093.8
2011-07-25,10115.8
2011-07-26,10187.7
2011-07-27,10204.2
2011-07-28,10170.3
2011-07-29,10138.4
2011-08-01,10194.9
2011-08-02,10239.8
2011-08-03,10285.1
2011-08-04,10338.7
2011-08-05,10321.3
2011-08-08,10344.3
2011-08-09,10351
2011-08-10,10394.5
2011-08-11,10446.2
2011-08-12,10516.4
2011-08-15,10523
2011-08-17,10538.1
2011-08-18,10536.5
2011-08-19,10490.3
2011-08-22,10475.3
2011-08-23,10459.7
2011-08-24,10397.6
2011-08-26,10410.4
2011-08-29,10439.3
2011-08-30,10557.6
2011-08-31,10530.4
2011-09-01,10534.6
2011-09-02,10343.7
2011-09-05,10341.7
2011-09-06,10434.6
2011-09-07,10448.2
2011-09-08,10457.7
2011-09-09,10506.9
2011-09-12,10502.1
2011-09-13,10470.1
2011-09-14,10457.6
2011-09-15,10421.8
2011-09-16,10425.2
2011-09-19,10417.1
2011-09-20,10383.6
2011-09-21,10406.6
2011-09-22,10356.1
2011-09-23,10335.4
2011-09-26,10331.9
2011-09-27,10260.8
2011-09-28,10270.9
2011-09-29,10273.4
2011-09-30,10220.7
2011-10-03,10325.5
2011-10-04,10312.5
2011-10-05,10273.7
2011-10-06,10298.8
2011-10-07,10311.2
2011-10-11,10329
2011-10-12,10230.5
2011-10-13,10284.1
2011-10-14,10270.8
2011-10-17,10260.2
2011-10-18,10273.2
2011-10-19,10309.2
2011-10-20,10278.9
2011-10-21,10251.1
2011-10-24,10244.9
2011-10-25,10293.2
2011-10-26,10293.1
2011-10-27,10306.2
2011-10-28,10316.6
2011-10-31,10361.9
2011-11-01,10370.2
2011-11-03,10375.7
2011-11-04,10328.2
2011-11-07,10344.1
2011-11-08,10321
2011-11-09,10333
2011-11-10,10294
2011-11-11,10305
2011-11-14,10285.2
2011-11-15,10278.9
2011-11-16,10265.2
2011-11-17,10200.7
2011-11-18,10189.4
2011-11-21,10186.3
2011-11-22,10159.7
2011-11-23,10169.6
2011-11-24,10168.8
2011-11-25,10163.8
2011-11-28,10179.8
2011-11-29,10116.3
2011-11-30,10027.8
2011-12-01,10046.7
2011-12-02,10054.4
2011-12-05,10064.4
2011-12-07,10167
2011-12-08,10068.2
2011-12-09,10114.9
2011-12-12,10092.5
2011-12-13,10079.7
2011-12-14,10066
2011-12-15,10491.2
2011-12-16,10323.3
2011-12-19,10295.9
2011-12-20,10373.8
2011-12-21,10470.2
2011-12-23,10505.2
2011-12-26,10517.7
2011-12-27,10445
2011-12-28,10349.5
2011-12-29,10300.4
2011-12-30,10302.1
2011-12-31,10302.1
2012-01-02,10304.6
2012-01-03,10332.5
2012-01-04,10331.4
2012-01-05,10252.9
2012-01-09,10286.4
2012-01-10,10338.5
2012-01-11,10344.7
2012-01-12,10372.7
2012-01-13,10399.1
2012-01-16,10393.6
2012-01-17,10456
2012-01-18,10483.9
2012-01-19,10473.8
2012-01-20,10467.5
2012-01-23,10506.7
2012-01-24,10436.2
2012-01-25,10445.1
2012-01-26,10447.7
2012-01-27,10479
2012-01-30,10533.4
2012-01-31,10538.4
2012-02-01,10473.4
2012-02-02,10486.1
2012-02-03,10519.7
2012-02-06,10548.2
2012-02-07,10561.8
2012-02-08,10690.8
2012-02-09,10723.7
2012-02-10,10663.9
2012-02-13,10672.1
2012-02-14,10729.4
2012-02-15,10756.1
2012-02-16,10734.4
2012-02-17,10748.2
2012-02-22,10760.5
2012-02-23,10822.2
2012-02-24,10808.6
2012-02-27,10829
2012-02-28,10655.3
2012-02-29,10598.6
2012-03-01,10801.7
2012-03-02,10818.6
2012-03-05,10839.4
2012-03-06,10835.6
2012-03-07,10818.5
2012-03-08,10827.5
2012-03-09,10860
2012-03-12,10863.3
2012-03-13,10835.7
2012-03-14,10837.7
2012-03-15,10842.9
2012-03-16,10866.4
2012-03-19,10860.9
2012-03-20,10838.2
2012-03-21,11227.3
2012-03-22,11280.4
2012-03-23,11338.8
2012-03-26,11363.3
2012-03-27,11401.4
2012-03-28,11388.8
2012-03-29,11347.4
2012-03-30,11284.9
2012-04-02,11343.8
2012-04-03,11435.7
2012-04-04,11489.5
2012-04-09,11541.4
2012-04-10,11578.2
2012-04-11,11640.4
2012-04-12,11634.5
2012-04-13,11713.8
2012-04-16,11692.5
2012-04-17,11678.3
2012-04-18,11578.8
2012-04-19,11606.9
2012-04-20,11651.1
2012-04-24,11681.9
2012-04-25,11590.2
2012-04-26,11639.3
2012-04-27,11716.6
2012-04-30,11701.8
2012-05-02,11710.5
2012-05-03,11772.9
2012-05-04,11875.3
2012-05-07,11883.9
2012-05-08,11898.5
2012-05-09,11945.9
2012-05-10,11965.7
2012-05-11,11999.8
2012-05-14,12049.8
2012-05-15,12036.5
2012-05-16,12065.2
2012-05-17,12016.7
2012-05-18,12051.2
2012-05-22,12053.1
2012-05-23,12005.5
2012-05-24,12013.9
2012-05-25,12068.3
2012-05-28,12082.9
2012-05-29,12029.1
2012-05-30,12073.9
2012-05-31,11923.1
2012-06-01,11947.2
2012-06-04,11959.4
2012-06-05,11930.9
2012-06-06,11925.8
2012-06-07,12013.2
2012-06-08,12061.3
2012-06-11,12122.1
2012-06-12,12107.1
2012-06-13,12132.7
2012-06-14,12166
2012-06-15,12150.4
2012-06-18,12177.4
2012-06-20,12183.7
2012-06-21,12246.3
2012-06-22,12243.2
2012-06-25,12161.4
2012-06-26,12012.5
2012-06-27,12025.8
2012-06-28,12125
2012-06-29,12090.1
2012-07-02,12149
2012-07-03,12217.7
2012-07-04,12300.2
2012-07-05,12325.6
2012-07-06,12138.1
2012-07-09,12129.2
2012-07-10,12152.6
2012-07-11,12173
2012-07-12,12217.7
2012-07-13,12233.2
2012-07-16,12247.2
2012-07-17,12237.3
2012-07-19,12280.7
2012-07-20,12299.4
2012-07-23,12341.6
2012-07-24,12362.6
2012-07-25,12325
2012-07-26,12380
2012-07-27,12358.2
2012-07-30,12349.8
2012-07-31,12336.1
2012-08-01,12466.4
2012-08-02,12522.3
2012-08-03,12535.6
2012-08-06,12563.6
2012-08-07,12570.3
2012-08-08,12542.6
2012-08-09,12581
2012-08-10,12576.6
2012-08-13,12586
2012-08-14,12503.9
2012-08-15,12446.5
2012-08-16,12490.5
2012-08-17,12501.4
2012-08-20,12511.6
2012-08-21,12512.7
2012-08-22,12536.8
2012-08-23,12548.7
2012-08-24,12546.1
2012-08-27,12555.4
2012-08-28,12567.6
2012-08-29,12539.5
2012-08-30,12532.3
2012-08-31,12545.7
2012-09-03,12551.2
2012-09-04,12566
2012-09-05,12626.5
2012-09-06,12731.7
2012-09-07,12669.9
2012-09-10,12588
2012-09-11,12684.5
2012-09-12,12678.5
2012-09-13,12407.5
2012-09-14,12614.5
2012-09-17,12693.8
2012-09-18,12683.4
2012-09-19,12687.4
2012-09-20,12727
2012-09-21,12809
2012-09-24,12819
2012-09-25,12811
2012-09-26,12827.2
2012-09-27,12810.2
2012-09-28,12809.7
2012-10-01,12850.1
2012-10-02,12827.6
2012-10-03,12821.6
2012-10-04,12850.1
2012-10-05,12799.2
2012-10-08,12799
2012-10-09,12545.1
2012-10-10,12746.7
2012-10-11,12769.1
2012-10-12,12782.4
2012-10-16,12808.9
2012-10-17,12857.3
2012-10-18,12886.3
2012-10-19,12961
2012-10-22,13089.3
2012-10-24,13177.6
2012-10-25,13157.9
2012-10-26,13124.6
2012-10-29,13092.2
2012-10-30,13097.3
2012-10-31,13120.3
2012-11-01,13084.8
2012-11-05,13163.9
2012-11-06,13145.4
2012-11-07,13190.9
2012-11-08,13244.7
2012-11-09,13256.9
2012-11-12,13279
2012-11-13,13275.7
2012-11-14,13244.6
2012-11-15,13327.2
2012-11-16,13395.9
2012-11-19,13421
2012-11-20,13873.5
2012-11-21,13446.1
2012-11-22,13443.1
2012-11-23,13400.2
2012-11-26,13466.8
2012-11-27,13369.7
2012-11-28,13356.9
2012-11-29,13353.1
2012-11-30,13434.2
2012-12-03,13468.1
2012-12-04,13521.3
2012-12-05,13544.5
2012-12-06,13544.1
2012-12-07,13514.9
2012-12-10,13505.6
2012-12-11,13494.2
2012-12-12,13527.3
2012-12-13,13490.4
2012-12-14,13486.6
2012-12-17,13465.6
2012-12-18,13412.7
2012-12-19,13431.2
2012-12-20,13417.5
2012-12-21,13542.3
2012-12-24,13502.9
2012-12-26,13532.2
2012-12-27,13600.2
2012-12-28,13565.9
2012-12-31,13604.6
2013-01-02,13706.9
2013-01-03,13633.7
2013-01-04,13099.7
2013-01-07,13170.4
2013-01-08,13044.7
2013-01-09,12987.3
2013-01-10,13045.2
2013-01-11,13038.9
2013-01-14,13052.8
2013-01-15,13063.6
2013-01-16,13064
2013-01-17,13042.2
2013-01-18,13129.8
2013-01-21,13135
2013-01-22,13237.5
2013-01-23,13386
2013-01-24,13393.2
2013-01-25,12801.1
2013-01-28,12785.1
2013-01-29,12757.7
2013-01-30,12783.7
2013-01-31,12742.6
2013-02-01,12820.2
2013-02-04,12863.7
2013-02-05,12865.6
2013-02-06,12898.3
2013-02-07,12898.7
2013-02-08,12904.7
2013-02-13,12903.6
2013-02-14,12953.4
2013-02-15,12998.8
2013-02-18,12960.5
2013-02-19,13003.8
2013-02-20,13008
2013-02-21,13003
2013-02-22,13041.7
2013-02-25,13037.5
2013-02-26,13154.1
2013-02-27,13178.2
2013-02-28,13191.2
2013-03-01,13193.9
2013-03-04,13242.6
2013-03-05,13152.4
2013-03-06,13250
2013-03-07,13464.6
2013-03-08,13536.8
2013-03-11,13531.8
2013-03-12,13422.6
2013-03-13,13322.7
2013-03-14,13307.9
2013-03-15,13239.1
2013-03-18,13281.2
2013-03-19,13334.8
2013-03-20,13273
2013-03-21,13287.7
2013-03-22,13275.4
2013-03-25,13424.6
2013-03-26,13405.6
2013-03-27,13477.8
2013-04-01,13646.7
2013-04-02,13612.9
2013-04-03,13673
2013-04-04,13639.2
2013-04-05,13741.1
2013-04-08,13730.7
2013-04-09,13772.9
2013-04-10,13718.1
2013-04-11,13914.4
2013-04-12,13897
2013-04-15,14015
2013-04-16,14015.2
2013-04-17,14009.7
2013-04-18,14000
2013-04-19,13974
2013-04-23,14060
2013-04-24,14114.4
2013-04-25,14141.2
2013-04-26,14147.6
2013-04-29,14216.3
2013-04-30,14299.3
2013-05-02,14393.4
2013-05-03,14449.9
2013-05-06,14426.1
2013-05-07,14453.2
2013-05-08,14452.6
2013-05-09,14363.9
2013-05-10,14448.7
2013-05-13,14518.7
2013-05-14,14697
2013-05-15,14643.1
2013-05-16,14824.2
2013-05-17,14803.4
2013-05-20,14835.8
2013-05-21,14840.2
2013-05-22,14906.5
2013-05-23,14945
2013-05-24,14959.9
2013-05-27,14924.7
2013-05-28,14947.3
2013-05-29,15001.9
2013-05-30,14938.9
2013-05-31,14939.4
2013-06-03,14964.8
2013-06-04,14999.8
2013-06-05,15033.6
2013-06-06,15067.3
2013-06-07,15021
2013-06-10,14982.8
2013-06-11,14952.3
2013-06-12,15016
2013-06-13,14945.4
2013-06-14,14876
2013-06-17,14855.8
2013-06-18,14794.3
2013-06-20,14777.1
2013-06-21,14811.6
2013-06-24,14789
2013-06-25,14763.1
2013-06-26,14783
2013-06-27,14892.9
2013-06-28,14863.5
2013-07-01,15002
2013-07-02,15031.4
2013-07-03,15010.6
2013-07-04,15014.2
2013-07-05,15009.7
2013-07-08,15020.2
2013-07-09,15017.2
2013-07-10,14998.5
2013-07-11,15037.8
2013-07-12,14995.7
2013-07-15,15016.4
2013-07-16,15004.3
2013-07-17,15071.1
2013-07-19,15083
2013-07-22,15131.1
2013-07-23,15241.4
2013-07-24,15117.8
2013-07-25,15075.8
2013-07-26,15246
2013-07-29,15229.2
2013-07-30,15215.6
2013-07-31,15197.6
2013-08-01,14946.3
2013-08-02,14967.6
2013-08-05,14918.3
2013-08-06,14985.5
2013-08-07,15051.5
2013-08-08,15098.3
2013-08-09,15049.9
2013-08-12,15089
2013-08-13,15108.3
2013-08-14,16126.9
2013-08-15,16122.5
2013-08-16,16043.7
2013-08-19,16014.9
2013-08-20,15953.3
2013-08-21,15926.7
2013-08-22,15724.4
2013-08-23,15999.4
2013-08-26,16056.3
2013-08-27,16018.8
2013-08-28,16050.8
2013-08-29,16079.5
2013-08-30,16087.4
2013-09-02,16138.4
2013-09-03,16105.5
2013-09-04,16035.4
2013-09-05,15936.3
2013-09-06,15955.2
2013-09-09,15990.5
2013-09-10,15988.3
2013-09-11,16043.1
2013-09-12,16035.8
2013-09-13,15898.1
2013-09-16,15945.4
2013-09-17,15976.7
2013-09-18,16027.8
2013-09-19,16034.7
2013-09-20,15993
2013-09-23,15751.2
2013-09-24,15975.3
2013-09-25,16001.5
2013-09-26,15855.8
2013-09-27,15812.4
2013-09-30,15860.7
2013-10-01,15882.6
2013-10-02,15873.3
2013-10-03,15908
2013-10-04,15869
2013-10-07,16141.5
2013-10-08,16133.7
2013-10-09,16165.6
2013-10-10,15954.2
2013-10-11,16003.2
2013-10-14,16008.4
2013-10-15,15971.7
2013-10-16,15971.3
2013-10-17,15999.6
2013-10-18,16074.9
2013-10-21,16129.3
2013-10-22,16140
2013-10-23,16205.5
2013-10-24,16189.3
2013-10-25,16277.8
2013-10-28,16289.6
2013-10-29,16036.3
2013-10-30,16097.3
2013-10-31,16117
2013-11-01,16108.9
2013-11-04,16180.6
2013-11-05,16193.2
2013-11-07,16169.1
2013-11-08,16181.3
2013-11-11,16173.4
2013-11-12,16135.1
2013-11-13,16138.1
2013-11-14,16154.2
2013-11-15,16139.1
2013-11-18,16172.6
2013-11-19,16149.8
2013-11-20,16144.5
2013-11-21,16207.8
2013-11-22,16348.5
2013-11-25,16268.4
2013-11-26,16295.7
2013-11-27,16102.1
2013-11-28,16116
2013-11-29,16120.8
2013-12-02,16214.5
2013-12-03,16243.9
2013-12-04,16280.2
2013-12-05,16412.9
2013-12-06,16422.3
2013-12-09,16482.4
2013-12-10,16471.2
2013-12-11,16488.4
2013-12-12,16532.4
2013-12-13,16446
2013-12-16,16428.2
2013-12-17,16444.6
2013-12-18,16394
2013-12-19,16377.5
2013-12-20,16318.7
2013-12-23,16287.1
2013-12-24,16265.3
2013-12-26,16259.2
2013-12-27,16254.5
2013-12-30,16275.5
2013-12-31,16290
2014-01-02,16256.5
2014-01-03,16265.9
2014-01-07,16286.2
2014-01-08,16281.7
2014-01-09,16280.7
2014-01-10,16315.8
2014-01-13,16306.9
2014-01-14,16170.2
2014-01-15,16168.2
2014-01-16,16122.2
2014-01-17,16112
2014-01-20,16115.2
2014-01-21,16054.3
2014-01-22,16035.1
2014-01-23,16070.5
2014-01-24,16101.9
2014-01-27,16156
2014-01-28,16167
2014-01-29,16192.8
2014-01-30,16219.1
2014-01-31,16237.2
2014-02-03,16260.9
2014-02-04,16199.5
2014-02-05,16265.1
2014-02-06,16261
2014-02-07,16386.4
2014-02-10,16368
2014-02-11,16397.8
2014-02-12,16419.1
2014-02-13,16425.4
2014-02-14,16431.3
2014-02-17,16432.6
2014-02-18,16404.9
2014-02-19,16340.4
2014-02-20,16362.9
2014-02-21,16351.8
2014-02-24,16316.4
2014-02-25,16312.2
2014-02-26,16286
2014-02-27,16354.7
2014-02-28,16386
2014-03-05,16405.6
2014-03-06,16532
2014-03-07,16645.5
2014-03-10,16710
2014-03-11,16638.6
2014-03-12,16649
2014-03-13,16731.2
2014-03-14,16712.1
2014-03-17,16672.2
2014-03-18,16690.1
2014-03-19,16662.7
2014-03-20,16476.9
2014-03-21,16532.3
2014-03-24,16524.8
2014-03-25,16497.2
2014-03-26,16488.7
2014-03-27,16448
2014-03-28,16443.6
2014-03-31,16504.2
2014-04-01,16681.3
2014-04-02,16791.8
2014-04-03,16720
2014-04-04,16753.5
2014-04-07,16754.7
2014-04-08,16781.1
2014-04-09,16764.5
2014-04-10,16759.4
2014-04-11,16794.7
2014-04-14,16840.5
2014-04-15,16801.9
2014-04-16,16919.3
2014-04-21,16950.1
2014-04-22,16999.3
2014-04-23,16982.3
2014-04-24,16991
2014-04-25,17078.3
2014-04-28,17005.5
2014-04-29,16773
2014-04-30,16881.5
2014-05-02,17017.1
2014-05-05,17131.5
2014-05-06,17147.7
2014-05-07,17163.2
2014-05-08,17238.3
2014-05-09,17305.1
2014-05-12,17286.4
2014-05-13,17340.1
2014-05-14,17368.3
2014-05-15,17426.4
2014-05-16,17366.7
2014-05-19,17350.5
2014-05-20,17353.7
2014-05-21,17473.6
2014-05-22,17366.3
2014-05-23,17373.8
2014-05-26,17475
2014-05-27,17313.9
2014-05-28,17447.3
2014-05-29,17442.4
2014-05-30,17425.4
2014-06-02,17436.7
2014-06-03,17450.8
2014-06-04,17387.5
2014-06-05,17409.5
2014-06-06,17433
2014-06-09,17522.7
2014-06-10,17553.7
2014-06-11,17577.1
2014-06-12,17603.6
2014-06-13,17589
2014-06-16,17608.4
2014-06-17,17644.2
2014-06-18,18507.1
2014-06-20,18595.2
2014-06-23,18640.4
2014-06-24,18388.3
2014-06-25,18244.4
2014-06-26,18333.7
2014-06-27,18465.9
2014-06-30,18603.3
2014-07-01,18524.1
2014-07-02,18509.1
2014-07-03,18455.5
2014-07-04,18479.5
2014-07-07,18425.7
2014-07-08,18499.1
2014-07-09,18434.8
2014-07-10,18454.6
2014-07-11,18416.6
2014-07-14,18420.1
2014-07-15,18412.7
2014-07-16,18368.5
2014-07-17,18319.3
2014-07-21,18336.7
2014-07-22,18363.7
2014-07-23,18327
2014-07-24,18364.9
2014-07-25,18209.6
2014-07-28,18206.2
2014-07-29,18219.9
2014-07-30,18256.2
2014-07-31,18181.3
2014-08-01,18304.6
2014-08-04,18450
2014-08-05,18472.4
2014-08-06,18497.6
2014-08-07,18535.4
2014-08-08,18545.3
2014-08-11,18381.6
2014-08-12,18375.4
2014-08-13,18335.5
2014-08-14,18201.1
2014-08-15,18210.4
2014-08-18,18155.8
2014-08-19,18162
2014-08-20,18143.7
2014-08-21,18046.7
2014-08-22,18057.3
2014-08-26,18065.7
2014-08-27,18124.1
2014-08-28,18141.6
2014-08-29,18146
2014-09-01,18143.6
2014-09-02,18106.8
2014-09-03,18130.7
2014-09-04,18026.1
2014-09-05,18048
2014-09-08,18032.2
2014-09-09,18019
2014-09-10,18023.7
2014-09-11,18036.6
2014-09-12,18036.4
2014-09-15,18012.1
2014-09-16,18066.7
2014-09-17,18079.5
2014-09-18,17974.2
2014-09-19,17949.6
2014-09-22,17952
2014-09-23,17968.4
2014-09-24,17946.4
2014-09-25,17948.8
2014-09-26,17910.1
2014-09-29,17901.3
2014-09-30,17757
2014-10-01,17768.1
2014-10-02,17778.5
2014-10-03,17736.3
2014-10-06,17814.9
2014-10-07,17857.7
2014-10-08,17814
2014-10-09,17827.5
2014-10-10,17892.7
2014-10-13,17899.5
2014-10-14,17897.7
2014-10-15,17900.8
2014-10-16,17848.5
2014-10-17,17829.2
2014-10-20,17867.4
2014-10-21,17780.5
2014-10-22,17761.7
2014-10-23,17781.4
2014-10-24,17748.4
2014-10-27,17765.6
2014-10-28,17797.6
2014-10-29,17693.5
2014-10-30,17742.5
2014-10-31,17716.2
2014-11-03,17691.6
2014-11-04,17680.3
2014-11-05,17586.3
2014-11-06,17582.7
2014-11-07,17553.9
2014-11-10,17541.2
2014-11-11,17593.1
2014-11-12,17634.6
2014-11-13,17619.4
2014-11-14,17468.8
2014-11-17,17434.1
2014-11-18,17447.9
2014-11-19,17458.5
2014-11-20,17450.4
2014-11-21,17452.1
2014-11-24,17482.4
2014-11-25,17430.3
2014-11-26,17410.5
2014-11-27,17361.2
2014-11-28,17440.6
2014-12-01,17424.4
2014-12-02,17389.5
2014-12-03,17427.4
2014-12-04,17485.2
2014-12-05,17437.5
2014-12-08,17498.2
2014-12-09,17512.4
2014-12-10,17519.2
2014-12-11,17514.1
2014-12-12,17436.4
2014-12-15,17478.5
2014-12-16,17596.8
2014-12-17,17579.6
2014-12-18,17579.7
2014-12-19,17586.6
2014-12-22,17617
2014-12-23,17651.8
2014-12-24,17621.8
2014-12-26,17676.5
2014-12-29,17634.7
2014-12-30,17809.9
2014-12-31,17554.5
2015-01-02,17566.2
2015-01-05,17548.1
2015-01-07,17528.4
2015-01-08,17428.9
2015-01-09,17438.3
2015-01-12,17455.9
2015-01-13,17453.3
2015-01-14,17473.3
2015-01-15,17550
2015-01-16,17587.4
2015-01-19,17594.1
2015-01-20,17607.6
2015-01-21,17601.4
2015-01-22,17653.2
2015-01-23,17636.7
2015-01-26,17632.3
2015-01-27,17516.4
2015-01-28,17512.3
2015-01-29,17480.2
2015-01-30,17517.7
2015-02-02,17540.9
2015-02-03,17528.5
2015-02-04,17454.6
2015-02-05,17443.3
2015-02-06,17416.6
2015-02-09,17403.3
2015-02-10,17436.1
2015-02-11,17351.2
2015-02-12,17388.2
2015-02-13,17265.4
2015-02-18,17258
2015-02-19,17178
2015-02-20,17170.9
2015-02-23,17156
2015-02-24,17162.5
2015-02-25,17155.9
2015-02-26,18322.8
2015-02-27,18305.7
2015-03-02,18271.5
2015-03-03,18274.6
2015-03-04,18246.8
2015-03-05,18348.5
2015-03-06,18295.8
2015-03-09,18302.9
2015-03-10,18253.4
2015-03-11,18253.7
2015-03-12,18253
2015-03-13,18161.1
2015-03-16,18128.7
2015-03-17,18171
2015-03-18,18243.3
2015-03-19,18220.2
2015-03-20,18254.1
2015-03-23,18291.7
2015-03-24,18346.2
2015-03-25,18456.5
2015-03-26,18457.7
2015-03-27,18501.7
2015-03-30,18619.3
2015-03-31,18583.6
2015-04-01,18584.3
2015-04-06,18558.8
2015-04-07,18570.7
2015-04-08,18559.1
2015-04-09,18553.9
2015-04-10,18498.3
2015-04-13,18471.2
2015-04-14,18464.3
2015-04-15,18442.7
2015-04-16,18465.2
2015-04-17,18470.4
2015-04-20,18502.5
2015-04-21,18416
2015-04-22,18342.7
2015-04-23,18374.9
2015-04-24,18430.8
2015-04-27,18497.4
2015-04-28,18675.4
2015-04-29,18783.8
2015-04-30,18809.7
2015-05-04,18827.7
2015-05-05,18753.4
2015-05-06,18735
2015-05-07,18700.9
2015-05-08,18711.1
2015-05-11,18702.6
2015-05-12,18599.1
2015-05-13,18458.7
2015-05-14,18423.8
2015-05-15,18380.8
2015-05-19,18309.2
2015-05-20,18312.9
2015-05-21,18329.3
2015-05-22,18371.1
2015-05-25,18383.7
2015-05-26,18293.3
2015-05-27,18371.7
2015-05-28,18443.1
2015-05-29,18484.6
2015-06-01,18511.5
2015-06-02,18378.9
2015-06-03,18351.7
2015-06-04,18329.4
2015-06-05,18194.9
2015-06-08,18200.9
2015-06-09,18193.4
2015-06-10,18201.6
2015-06-11,18219.7
2015-06-12,18187.8
2015-06-15,18187.4
2015-06-16,18230.8
2015-06-17,18146.3
2015-06-18,18162.4
2015-06-22,18230.4
2015-06-23,18230.4
2015-06-24,18217.6
2015-06-25,18282.2
2015-06-26,18325.6
2015-06-29,18404.3
2015-06-30,18323.9
2015-07-01,18184.7
2015-07-02,18192.7
2015-07-03,18159.3
2015-07-06,18160.9
2015-07-07,18004.7
2015-07-08,18017.9
2015-07-09,18013.8
2015-07-10,17999.2
2015-07-13,17997.2
2015-07-14,17889.5
2015-07-15,17896.5
2015-07-16,17888.8
2015-07-17,17923.8
2015-07-20,17932.1
2015-07-21,17797.1
2015-07-22,17791.8
2015-07-23,17783
2015-07-24,17747.7
2015-07-27,17949.3
2015-07-28,17990.1
2015-07-29,17993.9
2015-07-30,17876.8
2015-07-31,18023.5
2015-08-03,17955.6
2015-08-04,17785
2015-08-05,17690
2015-08-07,17689.3
2015-08-10,17726
2015-08-11,17668.8
2015-08-12,17652.5
2015-08-13,17448.9
2015-08-14,17265.6
2015-08-17,17238.7
2015-08-18,17240.9
2015-08-19,17230.6
2015-08-20,17233.3
2015-08-21,17221.3
2015-08-24,16977.4
2015-08-26,17028
2015-08-27,17035.5
2015-08-28,17111
2015-08-31,17218.6
2015-09-01,16890.3
2015-09-02,16909.1
2015-09-03,16784.4
2015-09-04,16787.2
2015-09-07,16778.8
2015-09-08,16762.8
2015-09-09,16592.3
2015-09-10,16575.4
2015-09-11,16557.1
2015-09-14,16547.3
2015-09-15,16541.6
2015-09-16,16496.4
2015-09-17,16459.9
2015-09-18,16467.4
2015-09-21,16453.2
2015-09-22,16475.7
2015-09-23,16400.2
2015-09-24,16288.6
2015-09-25,16233.8
2015-09-28,16138.3
2015-09-29,16333.5
2015-09-30,16424.3
2015-10-01,16024.8
2015-10-02,16001.5
2015-10-05,15884.1
2015-10-06,15910
2015-10-07,15906.9
2015-10-08,15791.2
2015-10-09,15806.2
2015-10-13,15849.8
2015-10-14,15727.1
2015-10-15,15725
2015-10-16,15719.5
2015-10-19,15637.2
2015-10-20,15596.5
2015-10-21,15581.5
2015-10-22,15580.9
2015-10-23,15540.7
2015-10-26,15937.6
2015-10-27,16750.3
2015-10-28,16792.1
2015-10-29,17011.6
2015-10-30,17113.4
2015-11-03,17008.3
2015-11-04,17034.7
2015-11-05,16366.5
2015-11-06,16171.8
2015-11-09,16027.4
2015-11-10,16032.1
2015-11-11,16033.1
2015-11-12,16038.6
2015-11-13,15963.1
2015-11-16,15929.3
2015-11-18,15903.1
2015-11-19,15886.8
2015-11-20,15965.9
2015-11-23,15984.9
2015-11-24,15994.3
2015-11-25,16000.5
2015-11-26,15995.6
2015-11-27,16316.4
2015-11-30,16406.4
2015-12-01,16098.2
2015-12-02,15799.8
2015-12-03,15766.4
2015-12-04,15765.5
2015-12-07,15793
2015-12-08,15866.8
2015-12-09,15867.6
2015-12-10,15866.5
2015-12-11,15806.2
2015-12-14,15761.6
2015-12-15,15757.4
2015-12-16,15748.5
2015-12-17,15741.3
2015-12-18,15792.3
2015-12-21,15723.1
2015-12-22,15665.5
2015-12-23,15632.7
2015-12-24,15625.9
2015-12-28,15790.8
2015-12-29,15505.5
2015-12-30,15630.6
2015-12-31,15634.3
2016-01-04,15512
2016-01-05,14863.7
2016-01-07,14898.9
2016-01-08,14909.1
2016-01-11,14957.4
2016-01-12,14899.3
2016-01-13,14880.6
2016-01-14,14861.6
2016-01-15,14852.7
2016-01-18,14909.9
2016-01-19,14780.7
2016-01-20,14577.4
2016-01-21,14737.7
2016-01-22,14723.1
2016-01-25,14730.8
2016-01-26,14631.2
2016-01-27,14753.8
2016-01-28,14621.4
2016-01-29,14638.5
2016-02-01,14623.8
2016-02-02,14314.5
2016-02-03,14238.5
2016-02-04,14234.8
2016-02-05,14101.4
2016-02-10,14087
2016-02-11,14096.3
2016-02-12,14030.1
2016-02-15,14022.3
2016-02-16,13960.3
2016-02-17,13968.7
2016-02-18,14010.4
2016-02-19,14155.2
2016-02-22,14137.1
2016-02-23,14351.2
2016-02-24,14373.6
2016-02-25,14386.1
2016-02-26,14338.4
2016-02-29,14376.8
2016-03-01,14276.6
2016-03-02,13927.4
2016-03-03,13955.3
2016-03-04,13927.5
2016-03-07,13829.1
2016-03-08,13720.9
2016-03-09,13718.1
2016-03-10,13771.7
2016-03-11,13757.2
2016-03-14,13835.2
2016-03-15,13825.9
2016-03-16,13865.9
2016-03-17,13906.7
2016-03-18,14096.9
2016-03-21,14102.3
2016-03-22,14008
2016-03-23,13988.4
2016-03-28,14004.4
2016-03-29,14034.4
2016-03-30,14190.6
2016-03-31,14290.5
2016-04-01,14284.8
2016-04-04,14058.5
2016-04-05,13994.8
2016-04-06,14020.5
2016-04-07,14049.5
2016-04-08,14016.8
2016-04-11,13995.1
2016-04-12,13989.5
2016-04-13,14015.5
2016-04-14,14006.3
2016-04-15,14030.4
2016-04-19,14048.8
2016-04-20,14053.4
2016-04-21,14085
2016-04-22,13954.3
2016-04-25,13972
2016-04-26,13911.6
2016-04-27,13895.6
2016-04-28,13989
2016-04-29,14172.5
2016-05-02,13612.3
2016-05-03,13563.9
2016-05-04,13550.2
2016-05-05,13544.4
2016-05-06,13572.1
2016-05-09,13524.4
2016-05-10,13498.3
2016-05-11,13451.7
2016-05-12,13471.3
2016-05-13,13439.8
2016-05-17,13410.7
2016-05-18,13408.3
2016-05-19,13458.8
2016-05-20,13475.2
2016-05-23,13534.4
2016-05-24,13533.2
2016-05-25,13574.5
2016-05-26,13829
2016-05-27,13835.4
2016-05-30,13855
2016-05-31,14054.6
2016-06-01,13535.4
2016-06-02,13502.3
2016-06-03,13482.9
2016-06-06,13376.6
2016-06-07,13246.9
2016-06-08,13271.6
2016-06-09,13255.2
2016-06-10,13330.4
2016-06-13,13350.3
2016-06-14,13281.2
2016-06-15,13348.8
2016-06-16,13287.8
2016-06-17,13199.1
2016-06-20,13194.1
2016-06-21,13178.9
2016-06-22,13451.6
2016-06-23,13432.7
2016-06-24,13451.3
2016-06-27,13497.2
2016-06-28,13510.4
2016-06-29,13480.1
2016-06-30,13758.5
2016-07-01,13307.6
2016-07-04,13298.5
2016-07-05,13290.3
2016-07-06,13305.6
2016-07-07,13323.2
2016-07-08,13307.5
2016-07-11,13230.6
2016-07-12,13326.4
2016-07-13,13377.3
2016-07-15,13367.8
2016-07-19,13269.8
2016-07-20,14455.8
2016-07-21,14462.7
2016-07-22,14718.1
2016-07-25,14724.9
2016-07-26,14699.1
2016-07-27,14706.7
2016-07-28,14771.1
2016-07-29,14865.6
2016-08-01,14468.5
2016-08-02,14424.9
2016-08-03,14236
2016-08-04,14215
2016-08-05,14270.5
2016-08-08,14274.3
2016-08-09,14237.2
2016-08-10,14233
2016-08-11,14135.6
2016-08-12,14111.2
2016-08-15,14064.7
2016-08-16,14092.7
2016-08-17,14096.1
2016-08-18,14146.7
2016-08-19,14160.7
2016-08-22,14352.6
2016-08-23,14257.2
2016-08-24,14273.3
2016-08-26,14314.1
2016-08-29,14558.9
2016-08-30,14559.6
2016-08-31,14708.6
2016-09-01,14543.9
2016-09-02,14296
2016-09-05,14140.3
2016-09-06,14117.2
2016-09-07,14085.6
2016-09-08,14108.6
2016-09-09,14157.2
2016-09-12,14111.9
2016-09-13,14124.9
2016-09-15,14126.2
2016-09-16,14011
2016-09-19,13994.4
2016-09-20,13940.2
2016-09-21,13868.9
2016-09-22,14045.9
2016-09-23,14139.1
2016-09-26,14082.8
2016-09-27,14069.2
2016-09-28,14139.7
2016-09-29,14370.6
2016-09-30,14480
2016-10-03,14232.4
2016-10-04,14043.2
2016-10-05,14010
2016-10-06,14019.1
2016-10-07,14029.5
2016-10-11,13831.9
2016-10-12,13776.8
2016-10-13,13791.5
2016-10-14,13771.5
2016-10-17,13752.3
2016-10-18,13748.7
2016-10-19,13835.4
2016-10-20,13730.4
2016-10-21,13860.8
2016-10-24,13817.2
2016-10-25,13820.1
2016-10-26,13795
2016-10-27,13801.2
2016-10-28,13743.2
2016-10-31,13974.1
2016-11-01,13804.4
2016-11-03,13430.1
2016-11-04,13487.1
2016-11-07,13529.6
2016-11-08,13436.7
2016-11-09,13304.8
2016-11-10,13169.1
2016-11-11,13170.3
2016-11-14,13221.7
2016-11-15,13222.1
2016-11-16,13162.7
2016-11-17,13281.7
2016-11-18,13239.6
2016-11-21,13234.6
2016-11-22,13359.8
2016-11-23,13436.4
2016-11-24,13443.4
2016-11-25,13434.8
2016-11-28,13459.7
2016-11-29,13561.9
2016-11-30,13800.5
2016-12-01,13516.8
2016-12-02,13471.3
2016-12-05,13363.9
2016-12-06,13365.6
2016-12-07,13339
2016-12-08,13354.2
2016-12-09,13484.6
2016-12-12,13325.9
2016-12-13,13374.5
2016-12-14,13338.4
2016-12-15,13325.3
2016-12-16,13279.2
2016-12-19,13472.5
2016-12-20,13461
2016-12-21,13421
2016-12-22,13484.5
2016-12-23,13401.9
2016-12-26,13404.1
2016-12-27,13279.5
2016-12-28,13189.4
2016-12-29,13409.3
2016-12-30,13436.3
2016-12-31,13471.9
2017-01-02,13454.6
2017-01-03,13269
2017-01-04,13288.4
2017-01-05,13151.8
2017-01-09,13082.1
2017-01-10,13032.9
2017-01-11,12991.6
2017-01-12,13050.9
2017-01-13,13138.5
2017-01-16,13137.5
2017-01-17,13177.2
2017-01-18,13113.9
2017-01-19,13213.5
2017-01-20,13148.1
2017-01-23,13075.7
2017-01-24,12965.5
2017-01-25,12996.8
2017-01-26,12989.7
2017-01-27,12927.3
2017-01-30,12909.3
2017-01-31,13219.9
2017-02-01,13083.9
2017-02-02,12763.4
2017-02-03,12729.9
2017-02-06,12583.1
2017-02-07,12665.7
2017-02-08,12707.2
2017-02-09,12687.2
2017-02-10,12761.9
2017-02-13,12762.1
2017-02-14,12772.2
2017-02-15,12551.9
2017-02-16,12595.1
2017-02-17,12600
2017-02-20,12596.7
2017-02-21,12588.6
2017-02-22,12498.1
2017-02-23,12708.5
2017-02-24,12848.1
2017-03-01,12834.7
2017-03-02,12681.4
2017-03-03,12703.3
2017-03-06,12681.4
2017-03-07,12649.7
2017-03-08,12668
2017-03-09,12633.9
2017-03-10,12335.1
2017-03-13,12437.5
2017-03-14,12464.8
2017-03-15,12462.3
2017-03-16,12505.6
2017-03-17,12460.8
2017-03-20,12492.5
2017-03-21,12530.7
2017-03-22,12458.7
2017-03-23,12414.4
2017-03-24,12395.2
2017-03-27,12312.6
2017-03-28,12300.5
2017-03-29,12226.4
2017-03-30,12380.8
2017-03-31,12689.4
2017-04-03,12568.3
2017-04-04,12535.3
2017-04-05,12404.8
2017-04-06,12353.6
2017-04-07,12365.4
2017-04-10,12287.7
2017-04-11,12266.8
2017-04-12,12271
2017-04-18,12163.8
2017-04-19,12231.3
2017-04-20,12208.5
2017-04-21,12241.5
2017-04-24,12302.7
2017-04-25,12294.9
2017-04-26,12324.9
2017-04-27,12532.1
2017-04-28,12757.4
2017-05-02,12579.1
2017-05-03,12425.4
2017-05-04,12439.2
2017-05-05,12520.3
2017-05-08,12552.8
2017-05-09,12563.8
2017-05-10,12596.3
2017-05-11,12539.8
2017-05-12,12576.9
2017-05-15,12640.3
2017-05-16,12594.2
2017-05-17,12630.9
2017-05-18,12628
2017-05-19,12582.1
2017-05-23,12560.9
2017-05-24,12582.5
2017-05-25,12607.2
2017-05-26,12632.8
2017-05-29,12639.2
2017-05-30,12575.1
2017-05-31,13006.1
2017-06-01,12795.9
2017-06-02,12812.1
2017-06-05,12800.6
2017-06-06,12729.9
2017-06-07,12689.1
2017-06-08,12715.4
2017-06-09,12707.6
2017-06-12,12781.4
2017-06-13,12764.2
2017-06-14,12806.8
2017-06-15,12836.4
2017-06-16,12748.2
2017-06-20,13673.4
2017-06-21,13718.1
2017-06-22,13807.5
2017-06-23,13719
2017-06-26,13697
2017-06-27,13716.7
2017-06-28,13756.1
2017-06-29,13746.2
2017-06-30,13995.6
2017-07-03,13740.4
2017-07-04,13748.9
2017-07-05,13726
2017-07-06,13648.5
2017-07-07,13628.5
2017-07-10,13769.6
2017-07-11,13761.8
2017-07-12,13773.1
2017-07-13,13776.1
2017-07-14,13687.2
2017-07-17,13691.6
2017-07-19,13741.6
2017-07-21,13852.8
2017-07-24,13862
2017-07-25,13891.4
2017-07-26,13807.8
2017-07-27,13832.5
2017-07-28,13867.1
2017-07-31,14376.5
2017-08-01,14393.1
2017-08-02,14243.2
2017-08-03,14201
2017-08-04,14138.3
2017-08-07,14124
2017-08-08,14073.1
2017-08-09,14116.1
2017-08-10,14090.4
2017-08-11,14039.8
2017-08-14,14108.6
2017-08-15,14061.8
2017-08-16,14016.8
2017-08-17,14017
2017-08-18,14052.6
2017-08-21,14123.9
2017-08-22,14126.2
2017-08-23,14146.9
2017-08-24,14177.7
2017-08-28,14124.7
2017-08-30,14279.4
2017-08-31,14467.2
2017-09-01,14364
2017-09-04,14378.5
2017-09-05,14351.8
2017-09-06,14350.4
2017-09-07,14379.1
2017-09-08,14339.7
2017-09-11,14311.2
2017-09-12,14300.3
2017-09-13,14281.9
2017-09-14,14316.4
2017-09-15,15146.1
2017-09-18,15158.9
2017-09-19,15135.6
2017-09-20,15071.5
2017-09-21,15076.3
2017-09-22,15060
2017-09-25,15096.5
2017-09-26,15141.6
2017-09-27,15115.3
2017-09-28,15098.8
2017-09-29,15362.3
2017-10-02,15219.9
2017-10-03,15104.5
2017-10-04,15156.4
2017-10-05,15240.4
2017-10-06,15265.4
2017-10-09,15267.4
2017-10-10,15278.7
2017-10-11,15249.8
2017-10-12,15234.9
2017-10-13,15268.5
2017-10-17,15240.8
2017-10-18,15212.9
2017-10-19,15249.6
2017-10-20,15220
2017-10-23,15210.6
2017-10-24,15247.6
2017-10-25,15226.8
2017-10-26,15208.2
2017-10-27,15297.2
2017-10-30,15352.8
2017-10-31,15528.6
2017-11-01,15416.3
2017-11-03,15449.9
2017-11-06,15490
2017-11-07,15410.5
2017-11-08,15439
2017-11-09,15411.8
2017-11-10,15390.1
2017-11-13,15410.9
2017-11-14,15456
2017-11-15,15442.7
2017-11-16,15400.6
2017-11-17,15426.1
2017-11-20,15460.9
2017-11-21,15405.2
2017-11-22,15447
2017-11-23,15450.4
2017-11-24,15485.1
2017-11-27,15495.7
2017-11-28,15527.6
2017-11-29,15532.5
2017-11-30,15733.8
2017-12-01,15549.3
2017-12-04,15573.3
2017-12-05,15578.9
2017-12-06,15463.2
2017-12-07,15479.7
2017-12-08,15475.1
2017-12-11,15483.4
2017-12-12,15477
2017-12-13,15499.1
2017-12-14,15521.8
2017-12-15,15349.9
2017-12-18,15394.4
2017-12-19,15386.1
2017-12-20,15434.7
2017-12-21,15450.8
2017-12-22,15520.7
2017-12-26,15721.2
2017-12-27,15930
2017-12-28,15923.3
2017-12-29,15959.4
2017-12-31,15962.9
2018-01-02,15961.5
2018-01-03,15831.6
2018-01-04,15825.6
2018-01-05,15844.2
2018-01-08,15772.1
2018-01-09,15722.1
2018-01-10,15725.6
2018-01-11,15765.4
2018-01-12,15670.9
2018-01-15,15675.4
2018-01-16,15515.8
2018-01-17,15500.9
2018-01-18,15492.7
2018-01-19,15512.2
2018-01-22,15548.4
2018-01-23,15566.3
2018-01-24,15571.4
2018-01-25,15582
2018-01-26,15592.6
2018-01-29,15690.1
2018-01-30,15686
2018-01-31,15938.6
2018-02-01,16193.1
2018-02-02,15987.5
2018-02-05,16010.5
2018-02-06,15960.2
2018-02-07,15953.2
2018-02-08,15959.2
2018-02-09,15931
2018-02-14,15958.4
2018-02-15,15963.5
2018-02-16,15947.4
2018-02-19,15948
2018-02-20,15887.3
2018-02-21,15872.3
2018-02-22,15864
2018-02-23,15885.2
2018-02-26,15915
2018-02-27,16136.1
2018-02-28,16268.2
2018-03-01,16127.9
2018-03-02,16148.6
2018-03-05,16116.8
2018-03-06,16160.7
2018-03-07,16194
2018-03-08,16169
2018-03-09,16160.1
2018-03-12,16159.8
2018-03-13,16147.7
2018-03-14,16165.8
2018-03-15,16166.8
2018-03-16,16046.2
2018-03-19,16034.8
2018-03-20,16043.2
2018-03-21,16057
2018-03-22,16147.8
2018-03-23,16151.7
2018-03-26,16216.6
2018-03-27,16252.3
2018-03-28,16397.1
2018-04-02,16424.9
2018-04-03,16425.1
2018-04-04,16324.8
2018-04-05,16265
2018-04-06,16289.6
2018-04-09,16281.4
2018-04-10,16286.9
2018-04-11,16207.7
2018-04-12,16199.6
2018-04-13,16183.6
2018-04-16,16183.6
2018-04-17,16169.6
2018-04-18,16186.9
2018-04-19,16243.8
2018-04-20,17718.3
2018-04-24,17761
2018-04-25,17850.7
2018-04-26,17805.9
2018-04-27,17805.3
2018-04-30,18022.5
2018-05-02,17877.6
2018-05-03,17865.4
2018-05-04,17803.2
2018-05-07,17874.3
2018-05-08,17824.2
2018-05-09,17813.5
2018-05-10,17826.1
2018-05-11,17841.5
2018-05-14,17832.4
2018-05-15,17812.7
2018-05-16,17899.8
2018-05-17,17852.9
2018-05-18,17797.7
2018-05-22,17854.9
2018-05-23,17827.8
2018-05-24,17770.8
2018-05-25,17802.6
2018-05-28,17799.3
2018-05-29,17854.8
2018-05-30,17768.1
2018-05-31,17960.7
2018-06-01,17803.2
2018-06-04,17798.2
2018-06-05,17711.9
2018-06-06,17731.2
2018-06-07,17676.3
2018-06-08,17570
2018-06-11,17573.3
2018-06-12,17595.4
2018-06-13,17606
2018-06-14,17603.3
2018-06-15,17408.9
2018-06-18,17470.6
2018-06-20,17529.6
2018-06-21,17643.3
2018-06-22,17694.3
2018-06-25,17641.9
2018-06-26,17627.5
2018-06-27,17674.1
2018-06-28,17688.9
2018-06-29,17779.5
2018-07-02,17678.6
2018-07-03,17556.2
2018-07-04,17558
2018-07-05,17582.2
2018-07-06,17385.1
2018-07-09,17315.7
2018-07-10,17324.5
2018-07-11,17306.8
2018-07-12,17310
2018-07-13,17277.1
2018-07-16,17299.4
2018-07-17,17319.8
2018-07-19,17299.1
2018-07-20,17342.2
2018-07-23,17352.7
2018-07-24,17345.2
2018-07-25,17417.2
2018-07-26,17359
2018-07-27,17220.4
2018-07-30,17224
2018-07-31,17376.4
2018-08-01,17226.7
2018-08-02,17205.6
2018-08-03,17174.3
2018-08-06,17163.4
2018-08-07,17133.9
2018-08-08,17113
2018-08-09,17109.8
2018-08-10,17080
2018-08-13,17077.7
2018-08-14,17096.9
2018-08-15,17004.1
2018-08-16,17009.1
2018-08-17,17006.7
2018-08-20,17060.1
2018-08-21,17048.1
2018-08-23,17095.6
2018-08-24,17055.3
2018-08-27,17027.2
2018-08-28,17019.9
2018-08-29,16981.7
2018-08-30,17066
2018-08-31,17219.3
2018-09-03,17204.2
2018-09-04,16841.6
2018-09-05,16686.5
2018-09-06,16611.9
2018-09-07,16634.6
2018-09-10,16590.2
2018-09-11,16519.9
2018-09-12,16497.8
2018-09-13,16022.5
2018-09-14,15972.2
2018-09-17,16161.6
2018-09-18,16045.9
2018-09-19,15987.6
2018-09-20,15958.4
2018-09-21,15934
2018-09-24,15820.8
2018-09-25,15798.9
2018-09-26,15810.4
2018-09-27,15877.1
2018-09-28,15907.5
2018-10-01,15816.9
2018-10-02,15710
2018-10-03,15637
2018-10-04,15563.8
2018-10-05,15550.7
2018-10-08,15568.9
2018-10-09,15580.8
2018-10-10,15592.5
2018-10-11,15591.2
2018-10-12,15608.1
2018-10-16,15599.5
2018-10-17,15614.3
2018-10-18,15619.8
2018-10-19,15593.9
2018-10-22,15603.1
2018-10-23,15629.3
2018-10-24,15651.2
2018-10-25,15696.7
2018-10-26,15730.2
2018-10-29,15790
2018-10-30,15664.9
2018-10-31,15704
2018-11-01,15785.9
2018-11-05,15814.4
2018-11-06,15750.6
2018-11-07,15704.1
2018-11-08,15668.1
2018-11-09,15647.1
2018-11-12,15636.8
2018-11-13,15610.9
2018-11-14,15643.4
2018-11-15,15625.1
2018-11-16,15585.4
2018-11-19,15599
2018-11-20,15635.5
2018-11-21,15617.5
2018-11-22,15618.2
2018-11-23,15598.9
2018-11-26,15550.8
2018-11-27,15545.7
2018-11-28,15516
2018-11-29,15618
2018-11-30,15966.7
2018-12-03,15690.6
2018-12-04,15486.6
2018-12-05,15518.2
2018-12-06,15516.7
2018-12-07,15694.9
2018-12-10,15696.7
2018-12-11,15697
2018-12-12,15699.4
2018-12-13,15594.6
2018-12-17,15615.6
2018-12-18,15690.5
2018-12-19,15322.7
2018-12-20,15332.2
2018-12-21,15402.8
2018-12-24,15345.6
2018-12-26,15379.3
2018-12-27,15442.9
2018-12-28,15551.6
2018-12-31,15557.2
2019-01-02,15739.9
2019-01-03,15693.2
2019-01-04,15683.3
2019-01-07,15720
2019-01-08,15626.9
2019-01-09,15536
2019-01-10,15450.7
2019-01-11,15421.6
2019-01-14,15331.7
2019-01-15,15284.3
2019-01-16,15248.5
2019-01-17,15214.6
2019-01-18,15215.8
2019-01-21,15215.8
2019-01-22,15156.9
2019-01-23,16073
2019-01-24,16116.2
2019-01-25,16164.1
2019-01-28,16107.2
2019-01-29,16048.9
2019-01-30,16093.8
2019-01-31,16541.1
2019-02-01,16349.1
2019-02-04,16286.6
2019-02-05,16234.3
2019-02-06,16249.8
2019-02-07,16467.5
2019-02-08,16473.4
2019-02-11,16468.2
2019-02-12,16488.1
2019-02-13,16501.7
2019-02-14,16353
2019-02-15,16281.5
2019-02-18,16278.1
2019-02-19,16323.6
2019-02-20,16364.6
2019-02-21,16240.1
2019-02-22,16189.5
2019-02-25,16220.3
2019-02-26,16189.7
2019-02-27,16265.5
2019-02-28,16658.3
2019-03-01,16316.3
2019-03-06,16351.9
2019-03-07,16401.7
2019-03-08,16375.8
2019-03-11,16357.9
2019-03-12,16356.3
2019-03-13,16323.3
2019-03-14,16268.2
2019-03-15,16159.7
2019-03-18,16155.6
2019-03-19,16135.4
2019-03-20,16119.1
2019-03-21,16116.1
2019-03-22,16022.8
2019-03-25,16182.1
2019-03-26,16167.5
2019-03-27,16171.3
2019-03-28,15965.4
2019-03-29,16355.6
2019-04-01,16144.7
2019-04-02,15941.9
2019-04-03,15888.6
2019-04-04,15846.4
2019-04-05,15880.7
2019-04-08,15832.5
2019-04-09,15834
2019-04-10,15848
2019-04-11,15852.5
2019-04-12,15858.8
2019-04-15,15820.5
2019-04-16,15788.3
2019-04-17,15818.9
2019-04-23,15827.2
2019-04-24,15696.5
2019-04-25,15719.3
2019-04-26,15659.4
2019-04-29,15672.5
2019-04-30,15783.6
2019-05-02,15725.7
2019-05-03,15482.8
2019-05-06,15396.1
2019-05-07,15334.8
2019-05-08,15382.5
2019-05-09,15289.9
2019-05-10,15209.6
2019-05-13,15183.7
2019-05-14,15198.3
2019-05-15,15224.8
2019-05-16,15195
2019-05-17,15128.8
2019-05-20,15149
2019-05-21,15137.5
2019-05-22,15102.3
2019-05-23,15031
2019-05-24,15071.3
2019-05-27,15070.4
2019-05-28,15065.8
2019-05-29,15140.8
2019-05-30,15271.6
2019-05-31,15551.6
2019-06-03,15277.5
2019-06-04,15118.9
2019-06-05,15115.2
2019-06-06,15112.2
2019-06-07,15101.9
2019-06-10,15021.6
2019-06-11,14965
2019-06-12,14976.4
2019-06-13,14972
2019-06-14,14900.8
2019-06-17,14843.7
2019-06-18,14935
2019-06-20,15178.6
2019-06-21,15345
2019-06-24,15417.5
2019-06-26,15411.4
2019-06-27,15432.1
2019-06-28,15618.5
2019-07-01,15693.7
2019-07-02,15335.9
2019-07-03,15249.9
2019-07-04,15237
2019-07-05,15243.3
2019-07-08,15138.9
2019-07-09,15116.4
2019-07-10,14997.7
2019-07-11,15032.1
2019-07-12,14987.5
2019-07-15,14995.8
2019-07-16,14930.4
2019-07-17,14976.9
2019-07-19,15157.1
2019-07-22,15186.9
2019-07-23,15056.2
2019-07-24,15034.8
2019-07-25,15032.2
2019-07-26,14998.4
2019-07-29,15000.3
2019-07-30,15093.6
2019-07-31,15329.6
2019-08-01,15121.6
2019-08-02,15158.1
2019-08-05,15191.1
2019-08-06,15190.8
2019-08-07,15101.8
2019-08-08,15094.4
2019-08-09,14986.4
2019-08-12,14995.1
2019-08-13,14953.3
2019-08-14,14954.9
2019-08-15,15074.3
2019-08-16,15004.8
2019-08-19,14832.6
2019-08-20,14804.5
2019-08-21,14774.7
2019-08-22,14694.3
2019-08-23,14711.9
2019-08-26,14702
2019-08-27,14779.8
2019-08-28,14606.1
2019-08-29,14486.1
2019-08-30,14677.4
2019-09-02,14610.8
2019-09-03,14409.5
2019-09-04,14301.3
2019-09-05,14275.9
2019-09-06,14267.7
2019-09-09,14329.7
2019-09-10,14342.5
2019-09-11,14345.3
2019-09-12,14359.4
2019-09-13,14229.6
2019-09-17,14184.6
2019-09-18,14224.5
2019-09-19,14110.2
2019-09-20,14085.3
2019-09-23,14095.2
2019-09-24,14209
2019-09-25,14141.7
2019-09-26,14253.6
2019-09-27,14144.7
2019-09-30,14284.8
2019-10-01,14166.9
2019-10-02,14679.6
2019-10-03,14583.6
2019-10-04,14560.2
2019-10-07,14618.9
2019-10-08,14635.8
2019-10-09,14655.2
2019-10-10,14680.9
2019-10-11,14673.1
2019-10-14,14673.8
2019-10-15,14619.3
2019-10-16,14587.9
2019-10-17,14579.5
2019-10-18,14522
2019-10-21,14522.7
2019-10-22,14495
2019-10-23,14503.6
2019-10-24,14516.4
2019-10-25,14551.4
2019-10-28,14542
2019-10-29,14450.7
2019-10-30,14459.9
2019-10-31,14762.2
2019-11-01,14521.2
2019-11-04,14441.7
2019-11-05,14430.9
2019-11-06,14423
2019-11-07,14496.5
2019-11-08,14492.3
2019-11-11,14489.6
2019-11-12,14501.8
2019-11-13,14452.6
2019-11-14,14444.7
2019-11-15,14443.8
2019-11-18,14455.5
2019-11-19,14343.6
2019-11-20,14296.1
2019-11-21,14304.4
2019-11-22,14205.8
2019-11-25,14204.4
2019-11-26,14318.3
2019-11-27,14253.1
2019-11-28,14258
2019-11-29,14438
2019-12-02,14298.3
2019-12-03,14213.6
2019-12-04,14218.4
2019-12-05,14267.1
2019-12-06,14257.6
2019-12-09,14238.2
2019-12-10,14296.2
2019-12-11,14266.2
2019-12-12,14303.7
2019-12-13,14300.2
2019-12-16,14291
2019-12-17,14202.6
2019-12-18,14163.8
2019-12-19,14139
2019-12-20,14094.9
2019-12-23,14124.2
2019-12-24,14050.3
2019-12-26,14160.6
2019-12-27,14324.7
2019-12-30,14489.2
2019-12-31,14504.5
2020-01-02,14529.3
2020-01-03,14448.5
2020-01-07,14432.3
2020-01-08,14206.2
2020-01-09,14181.8
2020-01-10,14083
2020-01-13,14122.3
2020-01-14,14036.9
2020-01-15,14070.4
2020-01-16,14039.8
2020-01-17,14091.1
2020-01-20,14111.7
2020-01-21,14229.1
2020-01-22,14263.1
2020-01-23,14415.1
2020-01-24,14409
2020-01-27,14396.5
2020-01-28,14454.1
2020-01-29,14466.6
2020-01-30,14614.8
2020-01-31,14856
2020-02-03,14655.6
2020-02-04,14603.1
2020-02-05,14618.8
2020-02-06,14626.4
2020-02-07,14667
2020-02-10,14688.7
2020-02-11,14704.7
2020-02-12,14712.2
2020-02-13,14516.3
2020-02-14,14553.5
2020-02-17,14537.1
2020-02-18,14489.4
2020-02-19,14474.3
2020-02-20,14482.2
2020-02-21,14582.9
2020-02-26,14601.8
2020-02-27,14873.8
2020-02-28,15104.8
2020-03-02,14875.9
2020-03-03,14770.2
2020-03-04,14738.4
2020-03-05,14764.9
2020-03-06,14796.5
2020-03-09,14815.6
2020-03-10,14783.9
2020-03-11,14759.3
2020-03-12,14782.5
2020-03-13,14701.2
2020-03-16,14653.6
2020-03-17,14732.2
2020-03-18,14596.5
2020-03-19,14602.1
2020-03-20,14583.7
2020-03-23,14537.5
2020-03-24,14425.4
2020-03-25,14462
2020-03-26,14555.6
2020-03-27,14950
2020-03-30,15019.2
2020-03-31,15340.3
2020-04-01,15121.3
2020-04-02,14951.6
2020-04-03,14939.1
2020-04-06,14941.8
2020-04-07,15055.4
2020-04-08,15084.6
2020-04-13,15488.1
2020-04-14,15485.9
2020-04-15,15385.1
2020-04-16,15314.3
2020-04-17,15246.9
2020-04-20,15226.6
2020-04-21,15232.1
2020-04-22,15294.6
2020-04-23,15458.7
2020-04-24,15430.6
2020-04-27,15416.1
2020-04-28,15429.4
2020-04-29,15505.5
2020-04-30,15885.6
2020-05-04,15718.3
2020-05-05,15506.7
2020-05-06,15516.2
2020-05-07,15504.4
2020-05-08,15489.2
2020-05-11,15490.4
2020-05-12,15501.2
2020-05-13,15517.5
2020-05-14,15554.7
2020-05-15,15549.9
2020-05-19,15544.1
2020-05-20,15534.8
2020-05-21,15530.2
2020-05-22,15385.3
2020-05-25,15385.6
2020-05-26,15426
2020-05-27,15426.2
2020-05-28,15565.8
2020-05-29,15762.7
2020-06-01,15595.2
2020-06-02,15429.4
2020-06-03,15422.5
2020-06-04,15372.1
2020-06-05,15345.3
2020-06-08,15365.8
2020-06-09,15364.2
2020-06-10,15310.3
2020-06-11,15327
2020-06-12,15301.7
2020-06-15,15328.3
2020-06-16,15412.1
2020-06-17,15258.7
2020-06-18,15383.8
2020-06-22,15468.6
2020-06-23,15477.5
2020-06-24,15477.7
2020-06-25,15413
2020-06-26,15372.5
2020-06-29,15282.9
2020-06-30,15576.4
2020-07-01,15729.5
2020-07-02,16492.4
2020-07-03,16504.6
2020-07-06,16406
2020-07-07,16364.3
2020-07-08,16357.5
2020-07-09,16364.5
2020-07-10,16175.7
2020-07-13,16154.4
2020-07-14,16127.6
2020-07-15,16160.2
2020-07-16,16197.1
2020-07-17,16222.3
2020-07-20,16255.5
2020-07-21,16267.2
2020-07-22,16178.8
2020-07-23,16186.9
2020-07-24,16075.1
2020-07-27,16088.7
2020-07-28,16136.4
2020-07-29,16204.6
2020-07-30,16295.5
2020-07-31,16728.5
2020-08-03,16584.8
2020-08-04,16489.5
2020-08-05,16455.8
2020-08-06,16477.2
2020-08-07,16503.2
2020-08-10,16505.4
2020-08-11,16511.6
2020-08-12,16529.7
2020-08-13,16495.5
2020-08-14,16507.2
2020-08-17,16484.8
2020-08-18,16531.5
2020-08-19,16518.1
2020-08-20,16482.7
2020-08-21,16428.1
2020-08-24,16394.4
2020-08-26,16461.7
2020-08-27,16556.1
2020-08-28,16493.2
2020-08-31,16681.2
2020-09-01,16508.9
2020-09-02,16461.5
2020-09-03,16498.6
2020-09-04,16524.2
2020-09-07,16524.3
2020-09-08,16539
2020-09-09,16535.3
2020-09-10,16521.3
2020-09-11,16519.4
2020-09-14,16508.9
2020-09-15,16471.7
2020-09-16,16502.7
2020-09-17,16508
2020-09-18,16471.3
2020-09-21,16514.5
2020-09-22,16461.6
2020-09-23,16388.3
2020-09-24,16409.5
2020-09-25,16416.8
2020-09-28,16438
2020-09-29,16539.2
2020-09-30,16711.2
2020-10-01,16532.5
2020-10-02,16436.2
2020-10-05,16396.5
2020-10-06,16432.6
2020-10-07,16429.2
2020-10-08,16438.2
2020-10-09,16517.7
2020-10-13,16508.5
2020-10-14,16480.9
2020-10-15,16455.4
2020-10-16,16402.3
2020-10-19,16332.8
2020-10-20,16305.7
2020-10-21,16289.1
2020-10-22,16275.8
2020-10-23,16281.6
2020-10-26,16220.1
2020-10-27,16253.7
2020-10-28,16234
2020-10-29,16301.8
2020-10-30,16536.4
2020-11-03,16370.1
2020-11-04,16303.7
2020-11-05,16372.1
2020-11-06,16263.2
2020-11-09,16252.5
2020-11-10,16253.5
2020-11-11,16228.2
2020-11-12,16195.9
2020-11-13,16265.1
2020-11-16,16327.7
2020-11-17,16193.8
2020-11-18,16163.3
2020-11-19,16216.8
2020-11-20,16278
2020-11-23,16284.2
2020-11-24,16288.8
2020-11-25,16239
2020-11-26,16242.1
2020-11-27,16383.6
2020-11-30,16519.5
2020-12-01,16584.3
2020-12-02,16153.2
2020-12-03,16183.2
2020-12-04,16192.6
2020-12-07,16172.9
2020-12-08,16206.7
2020-12-09,16338.1
2020-12-10,16273.5
2020-12-11,16276.5
2020-12-14,16230.5
2020-12-15,16291.3
2020-12-16,16263.5
2020-12-17,16170.1
2020-12-18,16103.5
2020-12-21,16110.8
2020-12-22,16204.2
2020-12-23,16099
2020-12-24,16096.4
2020-12-28,16054.5
2020-12-29,16168.1
2020-12-30,16250.4
2020-12-31,16217.1
2021-01-04,16108
2021-01-05,16021.1
2021-01-07,16057.8
2021-01-08,16004.1
2021-01-11,16054.4
2021-01-12,15962.8
2021-01-13,15919.7
2021-01-14,15954.5
2021-01-15,15919.8
2021-01-18,15931.5
2021-01-19,15945.6
2021-01-20,15951.2
2021-01-21,15966.8
2021-01-22,15940.9
2021-01-25,16024.6
2021-01-26,16095
2021-01-27,16055.3
2021-01-28,16165.1
2021-01-29,16348.1
2021-02-01,16321
2021-02-02,16208.1
2021-02-03,16236.3
2021-02-04,16303.1
2021-02-05,16258.1
2021-02-08,16220.4
2021-02-09,16232.6
2021-02-10,16222.6
2021-02-11,16172.2
2021-02-12,16113
2021-02-17,16012
2021-02-18,16066
2021-02-19,16007.1
2021-02-22,16024.8
2021-02-23,15994
2021-02-24,16119.9
2021-02-25,16103.7
2021-02-26,16223.7
2021-03-01,16078.3
2021-03-02,16002.2
2021-03-03,16008.6
2021-03-04,16060.8
2021-03-05,16139.5
2021-03-08,16138.8
2021-03-09,16079.6
2021-03-10,16091.7
2021-03-11,16094.5
2021-03-12,16064
2021-03-15,16023
2021-03-16,15943.3
2021-03-17,15863.3
2021-03-18,15866.8
2021-03-19,15845.6
2021-03-22,15812.4
2021-03-23,15772.4
2021-03-24,15780.2
2021-03-25,15781.1
2021-03-26,15777
2021-03-29,15648.7
2021-03-30,15737.7
2021-03-31,15831.2
2021-04-05,15764.2
2021-04-06,15813.1
2021-04-07,15830.2
2021-04-09,15858.2
2021-04-12,15849
2021-04-13,15830.1
2021-04-14,15844.4
2021-04-15,15846.3
2021-04-16,15822.5
2021-04-20,15800.4
2021-04-21,15820.2
2021-04-22,15823
2021-04-23,15786.2
2021-04-26,15797.7
2021-04-27,15805.3
2021-04-28,15855.8
2021-04-29,15878.4
2021-04-30,16058.1
2021-05-03,16110.6
2021-05-04,16065
2021-05-05,16041.5
2021-05-06,15989.4
2021-05-07,16032.9
2021-05-10,16071.5
2021-05-11,16077.9
2021-05-12,16027.8
2021-05-13,16076.9
2021-05-14,16088.4
2021-05-18,16102.3
2021-05-19,16072.2
2021-05-20,16314.8
2021-05-21,17084.3
2021-05-24,17188.5
2021-05-25,17122.2
2021-05-26,17223.2
2021-05-27,17262.7
2021-05-28,17378.6
2021-05-31,17380.5
2021-06-01,17180.4
2021-06-02,16783.8
2021-06-03,16935
2021-06-04,16944.6
2021-06-07,16876.1
2021-06-08,16860.8
2021-06-09,16845.3
2021-06-10,16878.7
2021-06-11,16902.2
2021-06-14,16860.3
2021-06-15,16850.5
2021-06-16,16826.6
2021-06-17,16737.9
2021-06-18,16742.8
2021-06-21,16732.2
2021-06-22,16693.7
2021-06-23,16709.7
2021-06-24,16722.2
2021-06-25,16645.7
2021-06-28,16724
2021-06-29,16830.1
2021-06-30,16966.1
2021-07-01,16772.1
2021-07-02,17011.4
2021-07-05,17017.7
2021-07-06,17046.5
2021-07-07,16997.7
2021-07-08,16972.6
2021-07-09,16598.1
2021-07-12,16628.2
2021-07-13,16581.3
2021-07-14,16560.4
2021-07-15,16589.4
2021-07-16,16551.6
2021-07-19,16351.7
2021-07-20,16237.9
2021-07-21,16211.7
2021-07-22,16175.1
2021-07-23,16139
2021-07-26,16143.4
2021-07-27,16215
2021-07-28,16184.6
2021-07-29,16382.4
2021-07-30,16617.8
2021-08-02,16352.7
2021-08-03,16465.5
2021-08-04,16460.3
2021-08-05,16427.8
2021-08-06,16431.1
2021-08-09,16443.3
2021-08-10,16532.1
2021-08-11,16525.2
2021-08-12,16575.7
2021-08-13,16554
2021-08-16,16434.9
2021-08-17,16460.3
2021-08-18,16417.9
2021-08-19,16397.4
2021-08-20,16323.7
2021-08-23,16958.6
2021-08-24,17056.7
2021-08-26,17152
2021-08-27,17064
2021-08-30,17051.3
2021-08-31,17216.6
2021-09-01,17205.1
2021-09-02,17195.1
2021-09-03,17257.1
2021-09-06,17256.7
2021-09-07,17055.9
2021-09-08,17049.5
2021-09-09,17066.4
2021-09-10,17029.6
2021-09-13,17053.1
2021-09-14,17031.5
2021-09-15,17020
2021-09-16,17025
2021-09-17,17020.7
2021-09-20,16989.7
2021-09-21,16911.7
2021-09-22,16902.4
2021-09-23,16834
2021-09-24,16770.3
2021-09-27,16945.7
2021-09-28,16942
2021-09-29,16819.7
2021-09-30,17137
2021-10-01,16995.3
2021-10-04,16987
2021-10-05,17028.4
2021-10-06,16878.8
2021-10-07,16899.9
2021-10-08,16905.9
2021-10-12,16916.8
2021-10-13,16922.5
2021-10-14,16948.6
2021-10-15,16993.1
2021-10-18,16995.1
2021-10-19,16967.8
2021-10-20,16952
2021-10-21,16898.2
2021-10-22,16816.7
2021-10-25,16922.8
2021-10-26,16834.4
2021-10-27,16810.3
2021-10-28,16956.7
2021-10-29,17228.2
2021-11-01,17119.7
2021-11-03,17133.2
2021-11-04,16978.6
2021-11-05,16927.2
2021-11-08,16940.8
2021-11-09,16937
2021-11-10,16982.8
2021-11-11,16975.8
2021-11-12,16962.6
2021-11-15,16822.1
2021-11-16,16856
2021-11-17,16820.1
2021-11-18,16824.9
2021-11-19,16753.4
2021-11-22,16775.6
2021-11-23,16773.1
2021-11-24,16814.7
2021-11-25,16815
2021-11-26,16715.6
2021-11-29,16729.3
2021-11-30,17128.2
2021-12-01,16983.8
2021-12-02,17171.5
2021-12-03,17209.9
2021-12-06,17197.4
2021-12-07,16964.6
2021-12-08,17013.4
2021-12-09,17441.3
2021-12-10,17414.4
2021-12-13,17478.6
2021-12-14,17440.3
2021-12-15,17390
2021-12-16,17271.9
2021-12-17,17220.4
2021-12-20,17266.6
2021-12-21,17266.7
2021-12-22,17248.7
2021-12-23,17244.2
2021-12-24,17176.9
2021-12-27,17242.7
2021-12-28,17210.2
2021-12-29,17168
2021-12-30,16952.5
2021-12-31,16952.9
2022-01-03,16838.2
2022-01-04,16700.9
2022-01-05,16828
2022-01-07,16900
2022-01-10,16999.7
2022-01-11,16965.6
2022-01-12,17108.5
2022-01-13,17215.4
2022-01-14,17241.8
2022-01-17,17241.2
2022-01-18,17212.7
2022-01-19,17191.8
2022-01-20,17149.2
2022-01-21,17037
2022-01-24,17010.2
2022-01-25,17033.7
2022-01-26,17049.6
2022-01-27,17044
2022-01-28,17017.3
2022-01-31,17134.5
2022-02-01,17145.7
2022-02-02,17212.6
2022-02-03,17220.4
2022-02-04,17189.6
2022-02-07,17163.3
2022-02-08,17129
2022-02-09,17052.9
2022-02-10,17006
2022-02-11,17015.1
2022-02-14,16977.3
2022-02-15,16937.9
2022-02-16,16981.9
2022-02-17,16851.8
2022-02-18,16907.9
2022-02-21,16909.1
2022-02-22,16935.3
2022-02-23,16916.3
2022-02-24,16924.5
2022-02-25,16926.2
2022-03-02,16880.6
2022-03-03,16966.5
2022-03-04,16947.8
2022-03-07,16973.4
2022-03-08,16931.9
2022-03-09,16966.6
2022-03-10,16994
2022-03-11,17001.6
2022-03-14,17026.2
2022-03-15,16998.8
2022-03-16,16875.6
2022-03-17,16853.3
2022-03-18,16803
2022-03-21,16833.7
2022-03-22,16862.8
2022-03-23,16985.4
2022-03-24,16931.1
2022-03-25,16915.8
2022-03-28,16880.4
2022-03-30,16755.9
2022-03-31,16645.2
2022-04-01,16527.4
2022-04-04,16732.7
2022-04-05,16697.4
2022-04-06,16714.7
2022-04-07,16769.7
2022-04-08,16673.8
2022-04-11,16691.9
2022-04-12,16649.4
2022-04-13,16611.6
2022-04-19,16628.3
2022-04-20,16656.9
2022-04-21,16703.9
2022-04-22,16733.8
2022-04-25,16691.9
2022-04-26,16608.5
2022-04-28,16519.6
2022-04-29,16294.1
2022-05-02,16298.5
2022-05-03,16297.6
2022-05-04,16371.4
2022-05-05,16443.6
2022-05-06,16417.5
2022-05-09,16448.2
2022-05-10,16380
2022-05-11,16431.5
2022-05-12,16377.9
2022-05-13,16414.2
2022-05-17,16485.6
2022-05-18,16440.9
2022-05-19,16496.8
2022-05-20,16498
2022-05-23,16467.1
2022-05-24,16478.7
2022-05-25,16396.8
2022-05-26,16451
2022-05-27,16454.2
2022-05-30,16449.6
2022-05-31,16156.6
2022-06-01,16352.2
2022-06-02,16360.7
2022-06-03,16536.8
2022-06-06,16744.6
2022-06-07,16868.7
2022-06-08,16820.7
2022-06-09,16843.2
2022-06-10,16907.5
2022-06-13,16889.2
2022-06-14,16743.5
2022-06-15,16786.5
2022-06-16,16851.5
2022-06-17,16404.6
2022-06-20,16393.2
2022-06-21,16425.1
2022-06-22,16591.8
2022-06-23,16596.3
2022-06-24,16603.6
2022-06-27,16411.6
2022-06-28,15921.2
2022-06-29,15910.5
2022-06-30,15821.3
2022-07-01,15750
2022-07-04,15809.6
2022-07-05,16483.8
2022-07-06,16267.1
2022-07-07,16344.5
2022-07-08,16440.8
2022-07-11,16403.9
2022-07-12,16367.1
2022-07-13,16312.6
2022-07-14,16385.6
2022-07-15,16399.8
2022-07-19,16379.8
2022-07-20,16506.1
2022-07-21,16436.2
2022-07-22,16290
2022-07-25,16279.9
2022-07-26,16210
2022-07-27,16202.3
2022-07-28,16281.9
2022-07-29,15933.2
2022-08-01,15826.4
2022-08-02,15984.8
2022-08-03,16027.3
2022-08-04,16239.1
2022-08-05,16614
2022-08-08,16638.1
2022-08-09,16664.8
2022-08-10,16663.8
2022-08-11,16676.4
2022-08-12,16293.9
2022-08-15,16145.7
2022-08-16,16092
2022-08-17,16133.9
2022-08-18,16134.2
2022-08-19,16147.8
2022-08-22,16162.3
2022-08-23,16378.4
2022-08-24,16388.7
2022-08-26,16256.5
2022-08-29,16239.6
2022-08-30,16058
2022-08-31,15910.7
2022-09-01,15833.5
2022-09-02,15788.9
2022-09-05,15796.7
2022-09-06,16137.9
2022-09-07,16068.4
2022-09-08,16166.1
2022-09-09,16150.9
2022-09-12,16174.6
2022-09-13,16161.8
2022-09-14,16140.8
2022-09-15,16123.5
2022-09-16,15937.4
2022-09-19,15899.1
2022-09-20,15947.1
2022-09-21,15970.6
2022-09-22,15964.2
2022-09-23,15986.8
2022-09-26,15942.3
2022-09-27,15879.5
2022-09-28,15912.7
2022-09-29,15539.1
2022-09-30,15378.2
2022-10-03,15232.4
2022-10-04,15632.4
2022-10-05,15378
2022-10-06,15634.1
2022-10-07,15689.1
2022-10-11,15829.9
2022-10-12,15830.8
2022-10-13,15870.3
2022-10-14,15847.3
2022-10-17,15815.6
2022-10-18,15895.5
2022-10-19,15797.3
2022-10-20,15795.2
2022-10-21,15651.1
2022-10-24,15609.7
2022-10-25,15551
2022-10-26,15521.2
2022-10-27,15657.5
2022-10-28,16266.7
2022-10-31,15905.4
2022-11-01,15791.5
2022-11-03,15985.5
2022-11-04,16186.3
2022-11-07,16254.3
2022-11-08,16667.9
2022-11-09,16684
2022-11-10,16683.1
2022-11-11,16695
2022-11-14,16656.1
2022-11-15,16686.8
2022-11-16,16604.9
2022-11-17,16491.9
2022-11-18,16367.3
2022-11-21,16330.5
2022-11-22,16289.2
2022-11-23,16272.4
2022-11-24,16291.1
2022-11-25,16342.5
2022-11-28,16338.1
2022-11-29,16034.8
2022-11-30,15696.6
2022-12-01,15686.5
2022-12-02,15691.5
2022-12-05,15837.3
2022-12-06,16427.5
2022-12-07,16373.9
2022-12-08,16455.6
2022-12-09,16504.8
2022-12-12,16586
2022-12-13,16571.3
2022-12-14,16469.5
2022-12-16,16462.8
2022-12-19,16414.7
2022-12-20,16486.9
2022-12-22,16290.5
2022-12-23,16184.1
2022-12-26,16188.6
2022-12-27,15870.5
2022-12-28,15550.2
2022-12-29,15477.3
2022-12-30,15119.5
2022-12-31,15143.6
2023-01-02,15148.8
2023-01-03,15391.9
2023-01-04,15406.3
2023-01-05,15587.8
2023-01-09,15650.4
2023-01-10,15886.6
2023-01-11,15828.5
2023-01-12,15922
2023-01-13,15914.4
2023-01-16,15927.9
2023-01-17,16096.4
2023-01-18,15959.9
2023-01-19,15999.3
2023-01-20,15815.5
2023-01-23,15817.9
2023-01-24,15790.9
2023-01-25,15792.6
2023-01-26,15893.5
2023-01-27,15965.7
2023-01-30,15752.2
2023-01-31,15447.2
2023-02-01,15453.5
2023-02-02,15915.1
2023-02-03,15919.5
2023-02-06,15599.4
2023-02-07,16136.7
2023-02-08,16109.4
2023-02-09,16284
2023-02-10,16293.9
2023-02-13,16299.8
2023-02-14,16299.7
2023-02-15,15923.2
2023-02-16,15919.9
2023-02-17,15953.5
2023-02-22,16022.7
2023-02-23,16102
2023-02-24,16157.4
2023-02-27,15836.1
2023-02-28,15740.5
2023-03-01,15581.4
2023-03-02,15945.3
2023-03-03,15916.3
2023-03-06,15912.4
2023-03-07,16225.7
2023-03-08,16213.5
2023-03-09,16281.8
2023-03-10,16273.9
2023-03-13,16343.4
2023-03-14,16266.2
2023-03-15,16276.3
2023-03-16,16314.1
2023-03-17,16234.9
2023-03-20,16053
2023-03-21,16051.3
2023-03-22,16068.3
2023-03-23,15994.3
2023-03-24,16019.7
2023-03-27,16010.7
2023-03-28,16130.1
2023-03-29,16158.7
2023-03-30,15792.1
2023-03-31,15560
2023-04-03,15431.9
2023-04-04,15766.2
2023-04-05,15793.6
2023-04-10,16119.1
2023-04-11,16204.4
2023-04-12,16223.3
2023-04-13,16221
2023-04-14,16139
2023-04-18,16160
2023-04-19,16071.2
2023-04-20,16099
2023-04-21,16067.9
2023-04-24,16166.6
2023-04-25,16256.9
2023-04-26,16227.7
2023-04-27,16192.1
2023-04-28,15627.3
2023-05-02,16163.6
2023-05-03,16100.1
2023-05-04,16264.1
2023-05-05,16262.3
2023-05-08,16160.4
2023-05-09,16107.4
2023-05-10,16100
2023-05-11,16106.2
2023-05-12,16100.5
2023-05-15,15981.3
2023-05-16,15950.2
2023-05-17,15870.5
2023-05-18,15850.2
2023-05-19,15810.2
2023-05-23,15831.2
2023-05-24,15811.7
2023-05-25,15794.6
2023-05-26,15767
2023-05-29,15766.7
2023-05-30,15146.1
2023-05-31,15182.8
2023-06-01,15111.4
2023-06-02,15350.5
2023-06-05,15311.7
2023-06-06,15946.3
2023-06-07,15866.8
2023-06-08,15877.9
2023-06-09,15933.9
2023-06-12,15934.7
2023-06-13,15906.7
2023-06-14,15929.3
2023-06-15,16344.6
2023-06-16,16252
2023-06-20,16060.7
2023-06-21,16191.5
2023-06-22,16153.5
2023-06-23,16078.3
2023-06-26,16047.8
2023-06-27,16039.3
2023-06-28,15941.5
2023-06-29,15518.6
2023-06-30,15099.9
2023-07-03,15097.6
2023-07-04,15128.6
2023-07-05,15659.4
2023-07-06,15969.8
2023-07-07,15937.5
2023-07-10,16106.2
2023-07-11,16276.6
2023-07-12,16294.6
2023-07-13,16262.5
2023-07-14,16153.6
2023-07-17,16143.8
2023-07-19,16167.1
2023-07-20,16920.6
2023-07-21,16768.8
2023-07-24,16717.4
2023-07-25,16708.6
2023-07-26,16845.4
2023-07-27,16766.5
2023-07-28,16383
2023-07-31,16286
2023-08-01,16689.7
2023-08-02,16735.9
2023-08-03,16620.9
2023-08-04,16519.5
2023-08-07,16507.9
2023-08-08,16881.1
2023-08-09,16899.6
2023-08-10,17098
2023-08-11,16737
2023-08-14,16699.8
2023-08-15,16611.4
2023-08-16,16566
2023-08-17,16551.9
2023-08-18,16572.2
2023-08-21,16472.6
2023-08-22,16502.4
2023-08-23,16420.1
2023-08-24,16328.5
2023-08-28,16325.6
2023-08-29,16238.3
2023-08-30,15657.5
2023-08-31,15364
2023-09-01,15443.3
2023-09-04,15446.3
2023-09-05,16265.8
2023-09-06,16251.6
2023-09-07,16499.9
2023-09-08,16530.2
2023-09-11,16512.8
2023-09-12,16501.9
2023-09-13,16375.6
2023-09-14,16392.4
2023-09-15,16338.2
2023-09-18,16284.7
2023-09-19,16270.8
2023-09-20,16242.5
2023-09-21,16244.4
2023-09-22,16212.1
2023-09-25,16187.7
2023-09-26,16173.7
2023-09-27,16068.6
2023-09-28,15615.6
2023-09-29,15328.6
2023-10-02,15233.1
2023-10-03,15953
2023-10-04,15949
2023-10-05,16063.7
2023-10-06,16029.8
2023-10-09,16029.2
2023-10-10,16230.2
2023-10-11,16174.7
2023-10-12,16145
2023-10-13,16099.7
2023-10-17,16100.1
2023-10-18,16056.3
2023-10-19,15916.8
2023-10-20,15943
2023-10-23,15961.4
2023-10-24,15881
2023-10-25,15886
2023-10-26,15789.6
2023-10-27,15782.5
2023-10-30,15409.5
2023-10-31,14998
2023-11-01,15039.3
2023-11-03,15536.2
2023-11-06,15534
2023-11-07,16149.4
2023-11-08,16067.1
2023-11-09,16831.6
2023-11-10,16846.8
2023-11-13,16806.6
2023-11-14,16869.4
2023-11-15,16803
2023-11-16,16836.2
2023-11-17,16911.9
2023-11-20,16895.7
2023-11-21,16785.9
2023-11-22,16787.2
2023-11-23,17159.1
2023-11-24,17069.1
2023-11-27,17155.8
2023-11-28,17045.5
2023-11-29,16674
2023-11-30,16258.3
2023-12-01,16245.4
2023-12-04,16339.3
2023-12-05,17022.6
2023-12-06,17083.2
2023-12-07,17213.9
2023-12-08,17156.7
2023-12-11,17158.7
2023-12-12,17247.3
2023-12-13,17338.4
2023-12-14,17356.3
2023-12-15,17228.8
2023-12-18,17256
2023-12-19,17547.6
2023-12-20,17607.1
2023-12-21,17581.3
2023-12-22,17551.9
2023-12-26,17602.8
2023-12-27,17354.3
2023-12-28,16990.8
2023-12-29,16217.5
2023-12-31,16254.2
2024-01-02,16743.8
2024-01-03,16828.9
2024-01-04,16833.3
2024-01-05,16824
2024-01-08,16862.6
2024-01-09,16723.5
2024-01-10,16882.7
2024-01-11,16907.9
2024-01-12,16878.9
2024-01-15,16883.2
2024-01-16,16919.9
2024-01-17,16886
2024-01-18,16915.3
2024-01-19,16870.5
2024-01-22,16840.2
2024-01-23,16828.3
2024-01-24,16815.6
2024-01-25,16892.2
2024-01-26,16822.6
2024-01-29,16884
2024-01-30,16588.6
2024-01-31,16359.2
2024-02-01,16867.1
2024-02-02,16869.8
2024-02-05,16861.6
2024-02-06,17047
2024-02-07,17052.5
2024-02-08,17095.1
2024-02-09,17103.8
2024-02-14,17097.1
2024-02-15,16809.8
2024-02-16,16735.8
2024-02-19,16739.7
2024-02-20,16697
2024-02-21,16704.8
2024-02-22,16655.4
2024-02-23,16727.1
2024-02-26,16565
2024-02-27,16967.8
2024-02-28,16908.7
2024-02-29,16495.7
2024-03-01,16511.3
2024-03-04,16503.8
2024-03-05,17060.6
2024-03-06,17027.6
2024-03-07,17206
2024-03-08,17241.4
2024-03-11,17148.3
2024-03-12,17147
2024-03-13,17133.2
2024-03-14,17272.1
2024-03-15,17407.7
2024-03-18,17462.8
2024-03-19,17572.4
2024-03-20,17459
2024-03-21,17427.9
2024-03-22,17460.7
2024-03-25,17455.6
2024-03-26,17314.5
2024-03-27,16707.4
2024-04-01,16667.8
2024-04-02,16927.5
2024-04-03,16901
2024-04-04,17608
2024-04-05,17562.4
2024-04-08,17545.1
2024-04-09,17536.7
2024-04-10,17421.4
2024-04-11,17376.6
2024-04-12,17391.1
2024-04-15,17299.6
2024-04-16,17331.9
2024-04-17,17361.3
2024-04-18,17364.5
2024-04-19,17259.6
2024-04-23,17301.3
2024-04-24,17291.2
2024-04-25,17359.4
2024-04-26,17196.9
2024-04-29,16875.9
2024-04-30,16638.5
2024-05-02,17137.3
2024-05-03,17087.5
2024-05-06,17193.8
2024-05-07,17208.1
2024-05-08,17221.3
2024-05-09,17685.3
2024-05-10,17789.1
2024-05-13,17652.9
2024-05-14,17854.1
2024-05-15,17853.9
2024-05-16,18377.6
2024-05-17,18347.6
2024-05-20,18272.5
2024-05-21,18193.2
2024-05-22,18197.3
2024-05-23,18273.7
2024-05-24,18235.3
2024-05-27,18249.8
2024-05-28,18218.7
2024-05-29,18207.3
2024-05-30,18048.1
2024-05-31,17839.9
2024-06-03,17758.7
2024-06-04,18323.4
2024-06-05,18347.8
2024-06-06,18313.5
2024-06-07,18388.8
2024-06-10,18431
2024-06-11,18438.4
2024-06-12,18488.8
2024-06-13,18514.9
2024-06-14,18536.6
2024-06-17,18484.9
2024-06-18,18431.3
2024-06-20,18427.9
2024-06-21,18499.5
2024-06-24,18467.1
2024-06-25,18457.6
2024-06-26,18401.4
2024-06-27,18319.6
2024-06-28,18111.3
2024-07-01,18034.5
2024-07-02,18215.4
2024-07-03,18177
2024-07-04,18206.3
2024-07-05,18432.4
2024-07-08,18341.9
2024-07-09,18478.5
2024-07-10,18429.2
2024-07-11,18500.6
2024-07-12,18508.4
2024-07-15,18310.6
2024-07-16,18403.6
2024-07-17,18400.2
2024-07-19,18260.4
2024-07-22,18245.4
2024-07-23,18368.9
2024-07-24,18190.7
2024-07-25,18156.1
2024-07-26,18178.7
2024-07-29,18346.8
2024-07-30,17997
2024-07-31,17492.8
2024-08-01,18039.7
2024-08-02,18086.3
2024-08-05,18104.1
2024-08-06,18530.8
2024-08-07,18530.4
2024-08-08,18543.4
2024-08-09,18520.8
2024-08-12,18535.3
2024-08-13,18207.6
2024-08-14,18221
2024-08-15,18005.2
2024-08-16,18021.5
2024-08-19,17974.8
2024-08-20,17985.2
2024-08-21,17868.8
2024-08-22,17931
2024-08-23,17846.6
2024-08-26,17848.3
2024-08-27,17782.3
2024-08-28,17830.3
2024-08-29,17801.1
2024-08-30,17652.1
2024-09-02,17651.7
2024-09-03,17594.6
2024-09-04,17688.3
2024-09-06,17869.2
2024-09-09,17869.8
2024-09-10,19159.6
2024-09-11,19109.2
2024-09-12,19113.5
2024-09-13,19059.3
2024-09-16,19077.9
2024-09-17,19074.7
2024-09-18,19046
2024-09-19,19261.7
2024-09-20,19122
2024-09-23,19078.2
2024-09-24,18985.6
2024-09-25,19002
2024-09-26,18995
2024-09-27,18791.6
2024-09-30,18840
2024-10-01,18790.1
2024-10-02,18799
2024-10-03,18831.4
2024-10-04,18817.2
2024-10-07,18818.9
2024-10-08,19018
2024-10-09,19014.3
2024-10-10,19153.5
2024-10-11,19183.2
2024-10-14,19192
2024-10-15,19121.2
2024-10-16,19155.9
2024-10-17,19170.7
2024-10-18,19087.1
2024-10-21,19056
2024-10-22,19047.9
2024-10-23,19048
2024-10-24,19028.3
2024-10-25,18776.8
2024-10-28,18753.7
2024-10-29,18703.9
2024-10-30,18711.4
2024-10-31,18788.5
2024-11-01,18756.1
2024-11-04,18728.2
2024-11-05,18744
2024-11-06,18708.7
2024-11-07,18796.3
2024-11-08,18811.4
2024-11-11,18839.9
2024-11-12,18908.4
2024-11-13,18908.7
2024-11-14,18912.6
2024-11-15,18896.9
2024-11-18,18879.8
2024-11-19,18732.4
2024-11-20,18719.1
2024-11-21,18755.2
2024-11-22,18686.2
2024-11-25,18745.6
2024-11-26,18715.8
2024-11-27,18736.4
2024-11-28,18730.9
2024-11-29,18685.6
2024-12-02,18709.3
2024-12-03,18766.8
2024-12-04,18820.4
2024-12-05,18762.4
2024-12-06,18577.5
2024-12-09,18610.3
2024-12-10,18519.3
2024-12-11,18516
2024-12-12,18560.6
2024-12-13,18766.7
2024-12-16,18917.3
2024-12-17,18842.6
2024-12-18,18821.1
2024-12-19,18778.2
2024-12-20,18663.4
2024-12-23,18510.9
2024-12-24,18299.2
2024-12-26,18112.3
2024-12-27,17778.7
2024-12-30,17411
2024-12-31,17373.7
2025-01-02,17884.3
2025-01-03,17998.9
2025-01-07,18156.4
2025-01-08,18175
2025-01-09,18158.7
2025-01-10,18176
2025-01-13,18150
2025-01-14,18169.1
2025-01-15,18148.8
2025-01-16,18101.8
2025-01-17,17962.4
2025-01-20,17981
2025-01-21,18168.8
2025-01-22,18135.9
2025-01-23,18178.4
2025-01-24,18151.8
2025-01-27,18212.2
2025-01-28,18284.8
2025-01-29,18133.1
2025-01-30,17837.9
2025-01-31,17864.5
2025-02-03,17837.4
2025-02-04,18140.5
2025-02-05,18149.7
2025-02-06,18342.3
2025-02-07,18300.3
2025-02-10,18323.6
2025-02-11,18347.1
2025-02-12,18333
2025-02-13,18289
2025-02-14,19441.5
2025-02-17,19434.6
2025-02-18,19334.7
2025-02-19,19320.9
2025-02-20,19210.7
2025-02-21,19270
2025-02-24,19259.5
2025-02-25,19155.7
2025-02-26,18926
2025-02-27,18940.6
2025-02-28,19146.1
2025-03-05,19435.8
2025-03-06,19461.8
2025-03-07,19398.2
2025-03-10,19427.2
2025-03-11,19395.3
2025-03-12,19414.3
2025-03-13,19414.7
2025-03-14,19314.3
2025-03-17,19231.9
2025-03-18,19220.9
2025-03-19,19161.3
2025-03-20,19264.5
2025-03-21,19296.1
2025-03-24,19232.3
2025-03-25,19208.9
2025-03-26,19210
2025-03-27,19208.4
2025-03-28,18886.4
2025-03-31,18683.6
2025-04-01,19176
2025-04-02,19144.2
2025-04-03,19619.9
2025-04-04,19386.8
2025-04-07,19550.6
2025-04-08,19529.6
2025-04-09,19425.4
2025-04-10,19417.8
2025-04-11,19487
2025-04-14,19495.2
2025-04-15,19420.8
2025-04-16,19295
2025-04-21,19292.6
2025-04-22,19266.5
2025-04-23,19262.3
2025-04-24,19133.7
2025-04-25,19066.6
2025-04-28,19071.9
2025-04-29,18642.9
2025-04-30,18384.7
2025-05-02,19134
2025-05-05,19122.5
2025-05-06,19247.3
2025-05-07,19277
2025-05-08,19320.8
2025-05-09,19320.3
2025-05-12,19336.4
2025-05-13,19369.7
2025-05-14,19240.7
2025-05-15,19115.3
2025-05-16,19137.8
2025-05-19,19103.4
2025-05-20,19019
2025-05-21,19032.8
2025-05-22,19053.2
2025-05-23,19023.8
2025-05-26,19018.7
2025-05-27,18960.8
2025-05-28,18976
2025-05-29,18520
2025-05-30,18074.4
2025-06-02,18083.4
2025-06-03,18894.9
2025-06-04,18888.3
2025-06-05,19082.2
2025-06-06,19124.2
2025-06-09,19176.4
2025-06-10,19078.6
2025-06-11,19085.8
2025-06-12,19180.7
2025-06-13,19178.1
2025-06-16,19133.3
2025-06-17,18930
2025-06-18,18990.5
2025-06-20,18975.6
2025-06-23,19011.1
2025-06-24,19014.4
2025-06-25,18789.3
2025-06-26,18860.5
2025-06-27,18295.8
2025-06-30,18157.5
2025-07-01,18082.2
2025-07-02,18082.5
2025-07-03,19103.3
2025-07-04,19130.9
2025-07-07,18971
2025-07-08,18952.6
2025-07-09,18927.7
2025-07-10,18986.8
2025-07-11,19039.1
2025-07-14,19088.3
2025-07-15,19051
2025-07-16,19003.1
2025-07-17,18991.5
2025-07-21,18986.8
2025-07-22,18982
2025-07-23,19343.9
2025-07-24,19346.8
2025-07-25,19338.1
2025-07-28,19364.9
2025-07-29,19340
2025-07-30,18765.9
2025-07-31,18646.5
2025-08-01,18731.6
2025-08-04,18723.3
2025-08-05,19736.3
2025-08-06,19716.7
2025-08-07,19631.6
2025-08-08,19683.9
2025-08-11,19665.2
2025-08-12,19708.8
2025-08-13,19654.6
2025-08-14,19663
2025-08-15,19422.8
2025-08-18,19265.1
2025-08-19,19277.2
2025-08-20,19221
2025-08-21,19229.4
2025-08-22,19273.4
2025-08-26,19422.7
2025-08-27,19451.7
2025-08-28,18932.5
2025-08-29,18488.4
2025-09-01,18483.7
2025-09-02,19086.1
2025-09-03,19100.8
2025-09-04,19509.2
2025-09-05,19528.8
2025-09-09,19550.7
2025-09-10,19450.3
2025-09-11,19661.9
2025-09-12,19662.9
2025-09-15,19611.2
2025-09-16,19537.7
2025-09-17,19565.1
2025-09-18,19541.8
2025-09-19,19540.3
2025-09-22,19525.4
2025-09-23,19468.8
2025-09-24,19446.8
2025-09-25,19436.8
2025-09-26,19373.4
2025-09-29,18966.5
2025-09-30,18521
2025-10-01,18366.6
2025-10-02,19303.4
2025-10-03,19296.2
2025-10-06,19220.4
2025-10-07,19677.9
2025-10-08,19665
2025-10-09,19785.2
2025-10-10,19613.4
2025-10-13,19645.7
2025-10-14,19584.5
2025-10-15,19564.6
2025-10-16,19612
2025-10-17,19570.6
2025-10-20,19864.2
2025-10-21,19909.8
2025-10-22,19936
2025-10-23,19968
2025-10-24,19549.8
2025-10-27,19492.4
2025-10-28,19295
2025-10-29,20774.7
2025-10-30,20774.7
2025-10-31,19786.9
2025-11-03,19623.5
2025-11-04,20547.7
2025-11-05,20518.8
2025-11-06,20843.2
2025-11-07,20888.8
2025-11-10,20964.3
2025-11-11,20969.1
2025-11-12,20917.5
2025-11-13,20947.8
2025-11-14,20883.8
2025-11-17,20846.1
2025-11-18,20739.6
2025-11-19,20691.2
2025-11-20,20622
2025-11-21,20637.2
2025-11-24,20640.1
2025-11-25,20513.3
2025-11-26,20425.6
2025-11-27,20451
2025-11-28,19473
2025-12-01,19630.1
2025-12-02,20861.4
2025-12-03,20939.2
2025-12-04,20928.6
2025-12-05,20920.3
2025-12-08,20872.3
2025-12-09,20970
2025-12-10,21040.3
2025-12-11,21082
2025-12-12,21028.3
2025-12-15,21041.7
2025-12-16,21080.5
2025-12-17,20914.6
2025-12-18,20885.9
2025-12-19,20711.7
2025-12-22,20271.3
2025-12-23,20162.3
2025-12-24,20105.7
2025-12-26,20023.8
2025-12-29,19118.6
2025-12-30,18978.3
2025-12-31,18992.5
2026-01-02,19889.1
2026-01-05,19974.4
2026-01-07,20002.8
2026-01-08,20100.9
2026-01-09,20105.2
2026-01-12,20143.4
2026-01-13,20178.2
2026-01-14,20008.6
2026-01-15,19919.8
2026-01-16,19926.2
2026-01-19,19961.9
2026-01-20,20015.1
2026-01-21,19866.4
2026-01-22,19834.5
2026-01-23,19870.2
2026-01-26,19850.4
2026-01-27,19852.2
2026-01-28,19932.1
2026-01-29,19931.4
2026-01-30,19948.5
2026-02-02,19891.7
2026-02-03,19968.8
2026-02-04,19962.5
2026-02-05,19908.5
2026-02-06,19963
2026-02-09,19999
2026-02-10,19995.1
2026-02-11,19989.9
2026-02-12,20057.2
2026-02-13,20018.3
2026-02-18,19793.1
2026-02-19,19834.4
2026-02-20,19853.1
2026-02-23,19801.3
2026-02-24,19758.5
2026-02-25,19690.8
2026-02-26,19647.6
2026-02-27,19669.5
2026-03-02,19629.6
2026-03-03,19519.6
2026-03-04,19548.7
2026-03-05,19564.6
2026-03-06,19561.3
2026-03-09,19525.7
2026-03-10,19496.3
2026-03-11,19450.1
2026-03-12,19379.7
2026-03-13,19284.5
2026-03-17,19193.4
2026-03-19,19023.4
2026-03-20,18998.6
2026-03-23,19116.5
2026-03-24,19196.4
2026-03-25,19201.8
2026-03-26,19178.6
2026-03-27,19212.9
2026-03-30,19164.8
2026-03-31,18581.4
2026-04-01,18590
2026-04-06,18606
2026-04-07,19388.7
2026-04-08,19440.1
2026-04-09,19458.1
2026-04-10,19490.2
2026-04-13,19433
2026-04-14,19435.6
2026-04-15,19356.4
2026-04-16,19288.5
2026-04-20,19229.5
2026-04-22,19096.9
2026-04-23,19078.2
2026-04-24,18849.7
2026-04-27,18859.4
2026-04-28,18943.5
2026-04-29,18932
2026-04-30,18463.5
2026-05-04,18338.7
2026-05-05,18982.7
2026-05-06,18988.8
2026-05-07,18998.6
2026-05-08,18996.2
2026-05-11,18913.1
2026-05-12,19058.9
2026-05-13,19064.2
2026-05-14,19012.9
2026-05-15,18923.5
2026-05-19,18835.3
2026-05-20,18740.2
2026-05-21,18793.4
2026-05-22,18837.8
2026-05-25,18845.6
2026-05-26,18912.2
2026-05-27,18759
2026-05-28,18786.6
2026-05-29,18243.3
2026-06-01,18145.8
2026-06-02,18661
2026-06-03,18785.8
2026-06-04,19217.5
2026-06-05,19221.5
2026-06-09,19091.3
2026-06-11,19089.3
2026-06-12,19122.2
2026-06-15,19169.7
2026-06-16,19092.7
2026-06-17,18928.5
2026-06-22,18888.2
2026-06-23,18606.1
2026-06-24,18570.4
2026-06-25,18474.3
2026-06-26,18421.7
2026-06-29,17895.8
2026-06-30,17698.8
2026-07-01,17605.9
2026-07-02,18279.9
2026-07-06,18414.2
2026-07-07,18740
2026-07-08,18628.5
2026-07-09,18881.6
2026-07-10,18901.8
2026-07-14,19144.4
2026-07-15,19194
2026-07-16,19205.8
2026-07-17,19161.4
2026-07-20,19178.9
2026-07-21,19111.4
2026-07-22,18812.8
2026-07-23,18397.2
2026-07-24,18319.4
2026-07-27,18243.7
2026-07-28,18227.4
2026-07-29,18313.6
2026-07-30,17814.3
2026-07-31,17486.4
2026-08-03,17835.4
2026-08-04,18828.9
2026-08-05,19496.4
2026-08-06,19444.6
2026-08-07,19423.8
2026-08-10,19416.3
2026-08-11,19424.1
2026-08-12,19453.1
2026-08-13,19417.6
2026-08-14,19404.7
2026-08-17,19204.4
2026-08-18,19184
2026-08-19,19230.5
2026-08-20,19248.8
2026-08-21,19185.7
2026-08-24,19046.1
2026-08-26,18972.8
2026-08-27,19021.8
2026-08-28,19085.4
2026-08-31,18551.6
2026-09-01,18509.7
2026-09-02,18566.6
2026-09-03,19410.1
2026-09-04,19439
2026-09-07,19443.6
2026-09-08,19445
2026-09-09,19479.1
2026-09-11,19380.1
2026-09-14,19271.9
2026-09-15,19056.1
2026-09-16,18980.4
2026-09-17,19004.1
2026-09-18,18998.7
2026-09-21,18990.1
2026-09-22,19009.2
2026-09-23,18800.6
2026-09-24,18801.8
2026-09-25,18888.7
2026-09-28,18793.8
2026-09-29,18598.4
2026-09-30,18216
2026-10-01,18706.2
2026-10-02,18675
2026-10-05,18768.4
2026-10-06,18780.2
2026-10-07,18798.2
2026-10-08,18741.6
