fecha,valor
2000-01-03,11.62
2000-01-04,11.62
2000-01-05,11.625
2000-01-07,11.625
2000-01-10,11.635
2000-01-11,11.64
2000-01-12,11.66
2000-01-13,11.675
2000-01-14,11.675
2000-01-17,11.67
2000-01-18,11.67
2000-01-19,11.665
2000-01-20,11.665
2000-01-21,11.655
2000-01-24,11.665
2000-01-25,11.665
2000-01-26,11.665
2000-01-27,11.665
2000-01-28,11.675
2000-01-31,11.68
2000-02-01,11.685
2000-02-02,11.685
2000-02-03,11.69
2000-02-04,11.69
2000-02-07,11.705
2000-02-08,11.71
2000-02-09,11.705
2000-02-10,11.71
2000-02-11,11.705
2000-02-14,11.72
2000-02-15,11.72
2000-02-16,11.725
2000-02-17,11.72
2000-02-18,11.725
2000-02-21,11.735
2000-02-22,11.743
2000-02-23,11.755
2000-02-24,11.751
2000-02-25,11.747
2000-02-28,11.75
2000-02-29,11.76
2000-03-02,11.76
2000-03-03,11.76
2000-03-08,11.775
2000-03-09,11.777
2000-03-10,11.78
2000-03-13,11.79
2000-03-14,11.83
2000-03-15,11.865
2000-03-16,11.845
2000-03-17,11.835
2000-03-20,11.84
2000-03-21,11.855
2000-03-22,11.87
2000-03-23,11.88
2000-03-24,11.85
2000-03-27,11.84
2000-03-28,11.845
2000-03-29,11.84
2000-03-30,11.845
2000-03-31,11.84
2000-04-03,11.84
2000-04-04,11.855
2000-04-05,11.863
2000-04-06,11.865
2000-04-07,11.855
2000-04-10,11.86
2000-04-11,11.865
2000-04-12,11.87
2000-04-13,11.855
2000-04-14,11.86
2000-04-18,11.868
2000-04-19,11.87
2000-04-20,11.87
2000-04-24,11.89
2000-04-25,11.912
2000-04-26,11.91
2000-04-27,1.905
2000-04-28,11.892
2000-05-02,11.9
2000-05-03,11.91
2000-05-04,11.905
2000-05-05,11.895
2000-05-08,11.91
2000-05-09,11.925
2000-05-10,11.93
2000-05-11,11.923
2000-05-12,11.92
2000-05-15,11.934
2000-05-16,11.965
2000-05-17,11.965
2000-05-18,11.975
2000-05-19,11.975
2000-05-23,11.988
2000-05-24,11.985
2000-05-25,11.98
2000-05-26,11.97
2000-05-29,11.975
2000-05-30,11.99
2000-05-31,12.005
2000-06-01,12.025
2000-06-02,12.04
2000-06-05,12.035
2000-06-06,12.015
2000-06-07,12.015
2000-06-09,12.02
2000-06-12,12.04
2000-06-13,12.04
2000-06-14,12.045
2000-06-15,12.05
2000-06-16,12.045
2000-06-20,12.055
2000-06-21,12.065
2000-06-22,12.067
2000-06-23,12.065
2000-06-26,12.085
2000-06-27,12.105
2000-06-28,12.11
2000-06-29,12.1
2000-06-30,12.1
2000-07-03,12.095
2000-07-04,12.105
2000-07-05,12.105
2000-07-06,12.105
2000-07-07,12.115
2000-07-10,12.125
2000-07-11,12.15
2000-07-12,12.16
2000-07-13,12.165
2000-07-14,12.17
2000-07-17,12.2
2000-07-19,12.21
2000-07-20,12.23
2000-07-21,12.23
2000-07-24,12.243
2000-07-25,12.25
2000-07-26,12.248
2000-07-27,12.242
2000-07-28,12.229
2000-07-31,12.235
2000-08-01,12.245
2000-08-02,12.255
2000-08-03,12.265
2000-08-04,12.264
2000-08-07,12.275
2000-08-08,12.292
2000-08-09,12.31
2000-08-10,12.335
2000-08-11,12.35
2000-08-14,12.38
2000-08-15,12.415
2000-08-16,12.41
2000-08-17,12.375
2000-08-18,12.355
2000-08-21,12.36
2000-08-22,12.38
2000-08-23,12.38
2000-08-24,12.371
2000-08-28,12.378
2000-08-29,12.375
2000-08-30,12.37
2000-08-31,12.352
2000-09-01,12.37
2000-09-04,12.384
2000-09-05,12.42
2000-09-06,12.435
2000-09-07,12.415
2000-09-08,12.4
2000-09-11,12.395
2000-09-12,12.39
2000-09-13,12.397
2000-09-14,12.4
2000-09-15,12.385
2000-09-18,12.335
2000-09-19,12.375
2000-09-20,12.37
2000-09-21,12.365
2000-09-22,12.34
2000-09-25,12.34
2000-09-26,12.335
2000-09-27,12.25
2000-09-28,12.25
2000-09-29,12.25
2000-10-02,12.265
2000-10-03,12.325
2000-10-04,12.37
2000-10-05,12.395
2000-10-06,12.41
2000-10-09,12.42
2000-10-10,12.42
2000-10-11,12.405
2000-10-12,12.375
2000-10-13,12.365
2000-10-17,12.37
2000-10-18,12.365
2000-10-19,12.37
2000-10-20,12.37
2000-10-23,12.41
2000-10-24,12.423
2000-10-25,12.42
2000-10-26,12.415
2000-10-27,12.375
2000-10-30,12.37
2000-10-31,12.375
2000-11-01,12.365
2000-11-02,12.355
2000-11-03,12.37
2000-11-07,12.4
2000-11-08,12.42
2000-11-09,12.415
2000-11-10,12.4
2000-11-13,12.39
2000-11-14,12.395
2000-11-15,12.39
2000-11-17,12.39
2000-11-20,12.422
2000-11-21,12.42
2000-11-22,12.44
2000-11-23,12.43
2000-11-24,12.434
2000-11-27,12.415
2000-11-28,12.41
2000-11-29,12.398
2000-11-30,12.403
2000-12-01,12.402
2000-12-04,12.41
2000-12-05,12.411
2000-12-07,12.419
2000-12-08,12.413
2000-12-11,12.426
2000-12-12,12.428
2000-12-13,12.431
2000-12-14,12.442
2000-12-15,12.435
2000-12-18,12.445
2000-12-19,12.45
2000-12-20,12.468
2000-12-21,12.465
2000-12-22,12.453
2000-12-26,12.466
2000-12-27,12.49
2000-12-28,12.5
2000-12-29,12.51
2000-12-31,12.51
2001-01-02,12.5
2001-01-03,12.525
2001-01-04,12.54
2001-01-05,12.55
2001-01-08,12.575
2001-01-09,12.62
2001-01-10,12.53
2001-01-11,12.545
2001-01-12,12.56
2001-01-15,12.57
2001-01-16,12.585
2001-01-17,12.615
2001-01-18,12.595
2001-01-19,12.58
2001-01-22,12.59
2001-01-23,12.58
2001-01-24,12.565
2001-01-25,12.545
2001-01-26,12.545
2001-01-29,12.54
2001-01-30,12.55
2001-01-31,12.545
2001-02-01,12.549
2001-02-02,12.555
2001-02-05,12.565
2001-02-06,12.57
2001-02-07,12.567
2001-02-08,12.569
2001-02-09,12.575
2001-02-12,12.58
2001-02-13,12.597
2001-02-14,12.61
2001-02-15,12.6
2001-02-16,12.595
2001-02-19,12.6
2001-02-20,12.602
2001-02-21,12.61
2001-02-22,12.608
2001-02-23,12.601
2001-02-28,12.62
2001-03-01,12.662
2001-03-02,12.68
2001-03-05,12.697
2001-03-06,12.705
2001-03-07,12.695
2001-03-08,12.705
2001-03-09,12.71
2001-03-12,12.702
2001-03-13,12.707
2001-03-14,12.72
2001-03-15,12.76
2001-03-16,12.825
2001-03-19,12.89
2001-03-20,12.895
2001-03-21,12.905
2001-03-22,12.965
2001-03-23,12.99
2001-03-26,12.845
2001-03-27,12.835
2001-03-28,12.82
2001-03-29,12.81
2001-03-30,12.83
2001-04-02,12.837
2001-04-03,12.871
2001-04-04,12.89
2001-04-05,12.885
2001-04-06,12.865
2001-04-09,12.845
2001-04-10,12.84
2001-04-11,12.835
2001-04-12,12.835
2001-04-16,12.872
2001-04-17,12.887
2001-04-18,12.9
2001-04-19,12.95
2001-04-20,12.98
2001-04-24,13.025
2001-04-25,12.995
2001-04-26,12.96
2001-04-27,12.935
2001-04-30,12.94
2001-05-02,12.995
2001-05-03,13.015
2001-05-04,13.015
2001-05-07,13.03
2001-05-08,13.045
2001-05-09,13.04
2001-05-10,13.04
2001-05-11,13.045
2001-05-14,13.055
2001-05-15,13.075
2001-05-16,13.075
2001-05-17,13.075
2001-05-18,13.065
2001-05-22,13.065
2001-05-23,13.065
2001-05-24,13.065
2001-05-25,13.065
2001-05-28,13.08
2001-05-29,13.11
2001-05-30,13.135
2001-05-31,13.145
2001-06-01,13.145
2001-06-04,13.145
2001-06-05,13.12
2001-06-06,13.14
2001-06-07,13.17
2001-06-08,13.165
2001-06-11,13.165
2001-06-12,13.13
2001-06-13,13.15
2001-06-14,13.16
2001-06-15,13.18
2001-06-19,13.615
2001-06-20,13.6
2001-06-21,13.585
2001-06-22,13.58
2001-06-25,13.6
2001-06-26,13.62
2001-06-27,13.635
2001-06-28,13.64
2001-06-29,13.742
2001-07-02,13.762
2001-07-03,13.775
2001-07-04,13.79
2001-07-05,13.78
2001-07-06,13.785
2001-07-09,13.795
2001-07-10,13.805
2001-07-12,13.84
2001-07-13,13.75
2001-07-16,13.715
2001-07-17,13.655
2001-07-19,13.52
2001-07-20,13.39
2001-07-23,13.37
2001-07-24,13.47
2001-07-26,13.4
2001-07-27,13.35
2001-07-30,13.36
2001-07-31,13.175
2001-08-01,13.42
2001-08-02,13.47
2001-08-03,13.485
2001-08-06,13.47
2001-08-07,13.362
2001-08-08,13.305
2001-08-09,13.333
2001-08-10,13.37
2001-08-13,13.37
2001-08-14,13.385
2001-08-15,13.375
2001-08-16,13.353
2001-08-17,13.37
2001-08-20,13.37
2001-08-21,13.378
2001-08-22,13.37
2001-08-23,13.35
2001-08-24,13.34
2001-08-27,13.335
2001-08-28,13.375
2001-08-29,13.37
2001-08-30,13.45
2001-08-31,13.525
2001-09-03,13.525
2001-09-04,13.515
2001-09-05,13.46
2001-09-06,13.435
2001-09-07,13.425
2001-09-10,13.445
2001-09-11,13.523
2001-09-12,13.517
2001-09-13,13.56
2001-09-14,13.614
2001-09-17,13.685
2001-09-18,13.715
2001-09-19,13.71
2001-09-20,13.65
2001-09-21,13.642
2001-09-24,13.595
2001-09-25,13.61
2001-09-26,13.643
2001-09-27,13.685
2001-09-28,13.71
2001-10-01,13.742
2001-10-02,13.79
2001-10-03,13.875
2001-10-04,14.09
2001-10-05,14.115
2001-10-08,13.95
2001-10-09,13.945
2001-10-10,13.965
2001-10-11,14.005
2001-10-12,14.04
2001-10-16,13.942
2001-10-17,13.935
2001-10-18,13.92
2001-10-19,13.925
2001-10-22,13.945
2001-10-23,13.945
2001-10-24,13.935
2001-10-25,13.938
2001-10-26,13.97
2001-10-29,14.045
2001-10-30,14.08
2001-10-31,14.082
2001-11-01,14.082
2001-11-02,14.115
2001-11-06,14.05
2001-11-07,13.99
2001-11-08,13.955
2001-11-09,13.93
2001-11-12,13.955
2001-11-13,13.98
2001-11-14,14.02
2001-11-15,14.025
2001-11-16,14.005
2001-11-19,13.98
2001-11-20,13.97
2001-11-21,13.975
2001-11-22,13.95
2001-11-23,13.9
2001-11-26,13.82
2001-11-27,13.815
2001-11-28,13.833
2001-11-29,13.843
2001-11-30,13.84
2001-12-03,13.845
2001-12-04,13.845
2001-12-05,13.892
2001-12-06,14.025
2001-12-07,14.01
2001-12-10,13.96
2001-12-11,13.95
2001-12-12,13.93
2001-12-13,13.87
2001-12-14,13.845
2001-12-17,13.883
2001-12-18,13.888
2001-12-19,13.885
2001-12-20,14.26
2001-12-21,14.55
2001-12-24,13.896
2001-12-26,13.948
2001-12-27,14.41
2001-12-28,14.75
2001-12-31,14.769
2002-01-02,14.785
2002-01-03,14.795
2002-01-04,14.805
2002-01-07,14.255
2002-01-08,14.029
2002-01-09,14.172
2002-01-10,14.263
2002-01-11,14.2
2002-01-14,14.119
2002-01-15,14.097
2002-01-16,14.092
2002-01-17,14.099
2002-01-18,14.18
2002-01-21,14.4
2002-01-22,14.665
2002-01-23,14.51
2002-01-24,14.29
2002-01-25,14.274
2002-01-28,14.27
2002-01-29,14.37
2002-01-30,14.295
2002-01-31,14.35
2002-02-01,14.348
2002-02-04,14.351
2002-02-05,14.456
2002-02-06,14.492
2002-02-07,14.415
2002-02-08,14.43
2002-02-13,14.45
2002-02-14,14.448
2002-02-15,14.567
2002-02-18,14.72
2002-02-19,14.905
2002-02-20,15.138
2002-02-21,14.967
2002-02-22,14.71
2002-02-25,14.72
2002-02-26,14.72
2002-02-27,14.84
2002-02-28,15
2002-03-01,15.09
2002-03-04,15.15
2002-03-05,15.111
2002-03-06,15.105
2002-03-07,15.12
2002-03-08,15.16
2002-03-11,15.285
2002-03-12,15.348
2002-03-13,15.417
2002-03-14,15.363
2002-03-15,15.213
2002-03-18,15.1
2002-03-19,15.07
2002-03-20,15.065
2002-03-21,14.955
2002-03-22,14.95
2002-03-25,15.114
2002-03-26,15.574
2002-03-27,15.65
2002-03-28,15.65
2002-04-01,15.62
2002-04-02,15.7
2002-04-03,15.71
2002-04-04,15.8
2002-04-05,16.11
2002-04-08,16.24
2002-04-09,16.14
2002-04-10,16.11
2002-04-11,16.26
2002-04-12,16.41
2002-04-15,16.555
2002-04-16,16.595
2002-04-17,16.692
2002-04-18,16.847
2002-04-19,16.8
2002-04-23,16.78
2002-04-24,16.8
2002-04-25,16.975
2002-04-26,16.715
2002-04-29,16.425
2002-04-30,16.595
2002-05-02,16.87
2002-05-03,17.03
2002-05-06,17.1
2002-05-07,16.93
2002-05-08,17.01
2002-05-09,16.892
2002-05-10,16.97
2002-05-13,17.002
2002-05-14,17.259
2002-05-15,17.267
2002-05-16,17.277
2002-05-17,17.287
2002-05-20,17.307
2002-05-21,17.342
2002-05-22,17.367
2002-05-23,17.372
2002-05-27,17.226
2002-05-28,16.891
2002-05-29,16.707
2002-05-30,16.601
2002-05-31,16.563
2002-06-03,16.663
2002-06-04,16.941
2002-06-05,17.198
2002-06-06,17.356
2002-06-07,17.286
2002-06-10,17.286
2002-06-11,17.37
2002-06-13,17.43
2002-06-14,17.41
2002-06-17,17.262
2002-06-18,17.184
2002-06-20,19.01
2002-06-21,19.109
2002-06-24,18.829
2002-06-25,18.499
2002-06-26,18.572
2002-06-27,18.732
2002-06-28,18.51
2002-07-01,18.885
2002-07-02,19.075
2002-07-03,19.34
2002-07-04,19.89
2002-07-05,19.91
2002-07-08,19.76
2002-07-09,20.09
2002-07-10,21.515
2002-07-11,24.862
2002-07-12,23.762
2002-07-15,23.41
2002-07-16,23.01
2002-07-17,23.11
2002-07-19,23.86
2002-07-22,25.025
2002-07-23,26.79
2002-07-24,25.535
2002-07-25,25.038
2002-07-26,25.038
2002-07-29,25.125
2002-07-30,25.125
2002-07-31,25.125
2002-08-01,25.125
2002-08-02,25.125
2002-08-05,22.7
2002-08-06,24.2
2002-08-08,25
2002-08-09,25.287
2002-08-12,25.785
2002-08-13,25.924
2002-08-14,26.174
2002-08-15,26.923
2002-08-16,27.722
2002-08-19,27.972
2002-08-20,27.772
2002-08-21,27.472
2002-08-22,27.073
2002-08-23,26.923
2002-08-26,26.823
2002-08-27,27.472
2002-08-28,28.022
2002-08-29,28.671
2002-08-30,28.821
2002-09-02,29.021
2002-09-03,29.22
2002-09-04,29.57
2002-09-05,30.27
2002-09-06,31.15
2002-09-09,31.83
2002-09-10,32.375
2002-09-11,31.227
2002-09-12,29.478
2002-09-13,28.571
2002-09-16,27.975
2002-09-17,27.475
2002-09-18,27.575
2002-09-19,29.22
2002-09-20,28.27
2002-09-23,27.77
2002-09-24,27.52
2002-09-25,27.17
2002-09-26,27.37
2002-09-27,27.47
2002-09-30,27.02
2002-10-01,27.17
2002-10-02,27.12
2002-10-03,27.17
2002-10-04,27.37
2002-10-07,27.42
2002-10-08,27.47
2002-10-09,27.57
2002-10-10,27.52
2002-10-11,27.27
2002-10-14,26.52
2002-10-15,26.77
2002-10-16,26.67
2002-10-17,26.42
2002-10-18,26.62
2002-10-21,26.92
2002-10-22,26.92
2002-10-23,26.67
2002-10-24,26.67
2002-10-25,26.72
2002-10-28,26.72
2002-10-29,26.765
2002-10-30,26.97
2002-10-31,27.07
2002-11-01,26.91
2002-11-04,26.91
2002-11-05,26.91
2002-11-06,26.86
2002-11-07,26.91
2002-11-08,26.85
2002-11-11,26.9
2002-11-12,26.9
2002-11-13,26.96
2002-11-14,27.01
2002-11-15,27.11
2002-11-18,27.21
2002-11-19,27.51
2002-11-20,27.66
2002-11-21,27.57
2002-11-22,27.52
2002-11-25,27.42
2002-11-26,27.22
2002-11-27,27.17
2002-11-28,27.22
2002-11-29,27.37
2002-12-02,27.12
2002-12-03,27.27
2002-12-04,27.27
2002-12-05,27.27
2002-12-06,27.22
2002-12-09,27.22
2002-12-10,27.27
2002-12-11,27.32
2002-12-12,27.27
2002-12-13,27.27
2002-12-16,27.27
2002-12-17,27.32
2002-12-18,27.27
2002-12-20,27.22
2002-12-23,27.02
2002-12-24,27.07
2002-12-26,27.07
2002-12-27,27.27
2002-12-30,27.17
2002-12-31,27.22
2003-01-02,27.37
2003-01-03,27.68
2003-01-07,28.225
2003-01-08,28.22
2003-01-09,28.225
2003-01-10,28.17
2003-01-13,28.17
2003-01-14,27.92
2003-01-15,27.62
2003-01-16,27.575
2003-01-17,27.575
2003-01-20,27.575
2003-01-21,27.625
2003-01-22,27.475
2003-01-23,27.325
2003-01-24,27.625
2003-01-27,27.475
2003-01-28,27.525
2003-01-29,27.775
2003-01-30,28.075
2003-01-31,28.4
2003-02-03,28.15
2003-02-04,28.53
2003-02-05,28.62
2003-02-06,28.42
2003-02-07,28.42
2003-02-10,28.47
2003-02-11,28.67
2003-02-12,28.67
2003-02-13,28.67
2003-02-14,28.62
2003-02-17,28.47
2003-02-18,28.42
2003-02-19,28.27
2003-02-20,28.32
2003-02-21,28.32
2003-02-24,28.37
2003-02-25,28.47
2003-02-26,28.52
2003-02-27,28.53
2003-02-28,28.52
2003-03-05,28.53
2003-03-06,28.48
2003-03-07,28.53
2003-03-10,28.63
2003-03-11,28.62
2003-03-12,28.62
2003-03-13,28.67
2003-03-14,28.68
2003-03-17,28.73
2003-03-18,28.78
2003-03-19,28.73
2003-03-20,28.68
2003-03-21,28.73
2003-03-24,28.68
2003-03-25,28.83
2003-03-26,28.93
2003-03-27,28.88
2003-03-28,28.88
2003-03-31,28.93
2003-04-01,29.03
2003-04-02,28.93
2003-04-03,28.68
2003-04-04,28.53
2003-04-07,28.48
2003-04-08,28.43
2003-04-09,28.68
2003-04-10,28.54
2003-04-11,28.49
2003-04-14,28.49
2003-04-15,28.54
2003-04-16,28.54
2003-04-17,28.54
2003-04-21,28.49
2003-04-22,28.63
2003-04-23,28.73
2003-04-24,28.88
2003-04-25,29.03
2003-04-28,29.18
2003-04-29,29.38
2003-04-30,29.43
2003-05-02,29.03
2003-05-05,29.28
2003-05-06,29.49
2003-05-07,29.59
2003-05-08,29.54
2003-05-09,29.19
2003-05-12,29.19
2003-05-13,29.345
2003-05-14,29.395
2003-05-15,29.34
2003-05-16,29.44
2003-05-19,29.54
2003-05-20,29.59
2003-05-21,29.44
2003-05-22,29.185
2003-05-23,29.185
2003-05-26,29.035
2003-05-27,28.73
2003-05-28,28.53
2003-05-29,28.23
2003-05-30,27.885
2003-06-02,27.8
2003-06-03,27.53
2003-06-04,27.485
2003-06-05,26.635
2003-06-06,26.59
2003-06-09,26.39
2003-06-10,26.35
2003-06-11,26.2
2003-06-12,26.4
2003-06-13,26.7
2003-06-16,26.41
2003-06-18,26.56
2003-06-20,26.56
2003-06-23,26.66
2003-06-24,26.5
2003-06-25,26.45
2003-06-26,26.44
2003-06-27,26.84
2003-06-30,27.04
2003-07-01,26.79
2003-07-02,26.89
2003-07-03,26.79
2003-07-04,26.59
2003-07-07,26.59
2003-07-08,26.59
2003-07-09,26.64
2003-07-10,26.84
2003-07-11,26.79
2003-07-14,26.74
2003-07-15,26.74
2003-07-16,26.74
2003-07-17,26.79
2003-07-21,26.84
2003-07-22,26.99
2003-07-23,27.09
2003-07-24,27.14
2003-07-25,27.19
2003-07-28,27.24
2003-07-29,27.29
2003-07-30,27.39
2003-07-31,27.44
2003-08-01,27.39
2003-08-04,27.49
2003-08-05,27.94
2003-08-06,28.24
2003-08-07,28.245
2003-08-08,28
2003-08-11,27.8
2003-08-12,27.9
2003-08-13,27.85
2003-08-14,27.6
2003-08-15,27.6
2003-08-18,27.65
2003-08-19,27.7
2003-08-20,27.75
2003-08-21,27.75
2003-08-22,27.75
2003-08-26,27.85
2003-08-27,27.9
2003-08-29,27.85
2003-09-01,27.7
2003-09-02,27.7
2003-09-03,27.7
2003-09-04,27.75
2003-09-05,27.85
2003-09-08,27.85
2003-09-09,27.9
2003-09-10,27.85
2003-09-11,27.9
2003-09-12,27.8
2003-09-15,27.8
2003-09-16,27.75
2003-09-17,27.65
2003-09-18,27.6
2003-09-19,27.65
2003-09-22,27.8
2003-09-23,28
2003-09-24,28.1
2003-09-25,28.15
2003-09-26,28.15
2003-09-29,28.2
2003-09-30,28.05
2003-10-01,27.95
2003-10-02,28.05
2003-10-03,28.04
2003-10-06,27.94
2003-10-07,28.03
2003-10-08,28.13
2003-10-09,28.28
2003-10-10,28.18
2003-10-13,28.13
2003-10-14,28.13
2003-10-15,28.13
2003-10-16,28.08
2003-10-17,28.08
2003-10-20,28.08
2003-10-21,28.23
2003-10-22,28.43
2003-10-23,28.43
2003-10-24,28.4
2003-10-27,28.48
2003-10-28,28.48
2003-10-29,28.63
2003-10-30,28.63
2003-10-31,28.53
2003-11-03,28.385
2003-11-04,28.54
2003-11-05,28.7
2003-11-06,28.85
2003-11-07,28.74
2003-11-10,28.69
2003-11-11,28.835
2003-11-12,28.89
2003-11-13,28.94
2003-11-14,28.84
2003-11-17,28.79
2003-11-18,28.84
2003-11-19,28.99
2003-11-20,29.14
2003-11-21,29.24
2003-11-24,29.04
2003-11-25,29.04
2003-11-26,29.04
2003-11-27,29.04
2003-11-28,28.94
2003-12-01,28.99
2003-12-02,29.09
2003-12-03,29.14
2003-12-04,29.19
2003-12-05,29.14
2003-12-08,29.14
2003-12-09,29.14
2003-12-10,29.24
2003-12-11,29.24
2003-12-12,29.19
2003-12-15,29.24
2003-12-16,29.24
2003-12-17,29.24
2003-12-18,29.29
2003-12-19,29.29
2003-12-22,29.29
2003-12-23,29.34
2003-12-24,29.34
2003-12-26,29.34
2003-12-29,29.34
2003-12-30,29.34
2003-12-31,29.34
2004-01-02,29.09
2004-01-05,29.09
2004-01-07,29.24
2004-01-08,29.44
2004-01-09,29.44
2004-01-12,29.44
2004-01-13,29.49
2004-01-14,29.44
2004-01-15,29.44
2004-01-16,29.44
2004-01-19,29.49
2004-01-20,29.54
2004-01-21,29.54
2004-01-22,29.54
2004-01-23,29.48
2004-01-26,29.38
2004-01-27,29.48
2004-01-28,29.43
2004-01-29,29.435
2004-01-30,29.435
2004-02-02,29.54
2004-02-03,29.54
2004-02-04,29.59
2004-02-05,29.64
2004-02-06,29.59
2004-02-09,29.54
2004-02-10,29.53
2004-02-11,29.58
2004-02-12,29.48
2004-02-13,29.49
2004-02-16,29.49
2004-02-17,29.44
2004-02-18,29.44
2004-02-19,29.44
2004-02-20,29.49
2004-02-25,29.48
2004-02-26,29.48
2004-02-27,29.49
2004-03-01,29.53
2004-03-02,29.58
2004-03-03,29.58
2004-03-04,29.58
2004-03-05,29.58
2004-03-08,29.58
2004-03-09,29.58
2004-03-10,29.58
2004-03-11,29.63
2004-03-12,29.635
2004-03-15,29.635
2004-03-16,29.635
2004-03-17,29.685
2004-03-18,29.685
2004-03-19,29.735
2004-03-22,29.735
2004-03-23,29.785
2004-03-24,29.73
2004-03-25,29.73
2004-03-26,29.73
2004-03-29,29.735
2004-03-30,29.73
2004-03-31,29.68
2004-04-01,29.685
2004-04-02,29.68
2004-04-05,29.68
2004-04-06,29.63
2004-04-07,29.63
2004-04-08,29.63
2004-04-12,29.63
2004-04-13,29.63
2004-04-14,29.68
2004-04-15,29.685
2004-04-16,29.685
2004-04-20,29.64
2004-04-21,29.65
2004-04-22,29.65
2004-04-23,29.61
2004-04-26,29.46
2004-04-27,29.51
2004-04-28,29.71
2004-04-29,29.76
2004-04-30,29.76
2004-05-03,29.61
2004-05-04,29.65
2004-05-05,29.7
2004-05-06,29.65
2004-05-07,29.75
2004-05-10,29.85
2004-05-11,29.85
2004-05-12,29.8
2004-05-13,29.8
2004-05-14,29.8
2004-05-18,29.71
2004-05-19,29.71
2004-05-20,29.76
2004-05-21,29.81
2004-05-24,29.81
2004-05-25,29.86
2004-05-26,29.81
2004-05-27,29.81
2004-05-28,29.76
2004-05-31,29.71
2004-06-01,29.71
2004-06-02,29.825
2004-06-03,29.77
2004-06-04,29.77
2004-06-07,29.82
2004-06-08,29.82
2004-06-09,29.77
2004-06-10,29.77
2004-06-11,29.715
2004-06-14,29.71
2004-06-15,29.71
2004-06-16,29.7
2004-06-17,29.65
2004-06-18,29.65
2004-06-21,29.75
2004-06-22,29.75
2004-06-23,29.75
2004-06-24,29.7
2004-06-25,29.75
2004-06-28,29.75
2004-06-29,29.75
2004-06-30,29.7
2004-07-01,29.65
2004-07-02,29.56
2004-07-05,29.51
2004-07-06,29.51
2004-07-07,29.51
2004-07-08,29.51
2004-07-09,29.51
2004-07-12,29.46
2004-07-13,29.41
2004-07-14,29.41
2004-07-15,29.41
2004-07-16,29.46
2004-07-19,29.41
2004-07-20,29.46
2004-07-21,29.51
2004-07-22,29.46
2004-07-23,29.36
2004-07-26,29.31
2004-07-27,29.41
2004-07-28,29.41
2004-07-29,29.46
2004-07-30,29.46
2004-08-02,29.21
2004-08-03,29.31
2004-08-04,29.26
2004-08-05,29.26
2004-08-06,29.26
2004-08-09,29.21
2004-08-10,29.16
2004-08-11,29.06
2004-08-12,28.96
2004-08-13,28.86
2004-08-16,28.72
2004-08-17,28.46
2004-08-18,28.46
2004-08-19,28.61
2004-08-20,28.71
2004-08-23,28.86
2004-08-24,29.06
2004-08-26,29.11
2004-08-27,28.72
2004-08-30,27.52
2004-08-31,28.82
2004-09-01,28.57
2004-09-02,28.42
2004-09-03,28.32
2004-09-06,28.26
2004-09-07,28.51
2004-09-08,28.51
2004-09-09,28.26
2004-09-13,28.11
2004-09-14,27.96
2004-09-15,27.76
2004-09-16,27.71
2004-09-17,28.01
2004-09-20,27.96
2004-09-21,27.71
2004-09-22,27.61
2004-09-23,27.51
2004-09-24,27.61
2004-09-27,27.61
2004-09-28,27.61
2004-09-29,27.56
2004-09-30,27.41
2004-10-01,27.31
2004-10-04,27.22
2004-10-05,27.22
2004-10-06,27.17
2004-10-07,27.02
2004-10-08,26.71
2004-10-12,26.76
2004-10-13,26.71
2004-10-14,26.96
2004-10-15,27.31
2004-10-18,28.01
2004-10-19,27.71
2004-10-20,27.46
2004-10-21,27.16
2004-10-22,27.105
2004-10-25,27.3
2004-10-26,27.31
2004-10-27,27.21
2004-10-28,26.91
2004-10-29,26.96
2004-11-01,27.06
2004-11-03,27.31
2004-11-04,27.16
2004-11-05,27.01
2004-11-08,26.96
2004-11-09,26.81
2004-11-10,26.76
2004-11-11,26.66
2004-11-12,26.51
2004-11-15,26.06
2004-11-16,26.2
2004-11-17,26.2
2004-11-18,26.2
2004-11-19,26.1
2004-11-22,26.2
2004-11-23,26.46
2004-11-24,27.06
2004-11-25,26.81
2004-11-26,26.65
2004-11-29,26.75
2004-11-30,26.76
2004-12-01,26.71
2004-12-02,26.7
2004-12-03,26.71
2004-12-06,26.66
2004-12-07,26.66
2004-12-08,26.66
2004-12-09,26.72
2004-12-10,26.72
2004-12-13,26.63
2004-12-14,26.62
2004-12-15,26.62
2004-12-16,26.62
2004-12-17,26.62
2004-12-20,26.63
2004-12-21,26.62
2004-12-22,26.57
2004-12-23,26.52
2004-12-24,26.52
2004-12-27,26.37
2004-12-28,26.33
2004-12-29,26.13
2004-12-30,26.43
2004-12-31,26.43
2005-01-03,26.08
2005-01-04,25.82
2005-01-05,25.46
2005-01-07,25.1
2005-01-10,25.25
2005-01-11,25.65
2005-01-12,26.31
2005-01-13,26.31
2005-01-14,26.26
2005-01-17,26.21
2005-01-18,25.95
2005-01-19,25.4
2005-01-20,24.65
2005-01-21,25.15
2005-01-24,25.35
2005-01-25,25.6
2005-01-26,25.19
2005-01-27,25
2005-01-28,25.15
2005-01-31,24.7
2005-02-01,24.4
2005-02-02,24.55
2005-02-03,24.4
2005-02-04,24.35
2005-02-09,24.6
2005-02-10,24.85
2005-02-11,24.8
2005-02-14,24.76
2005-02-15,24.76
2005-02-16,24.66
2005-02-17,24.66
2005-02-18,25.155
2005-02-21,25.5
2005-02-22,25.7
2005-02-23,25.45
2005-02-24,25.35
2005-02-25,25.35
2005-02-28,25.46
2005-03-02,25.61
2005-03-03,25.66
2005-03-04,25.71
2005-03-07,25.82
2005-03-08,25.72
2005-03-09,25.62
2005-03-10,25.51
2005-03-11,25.51
2005-03-14,25.47
2005-03-15,25.47
2005-03-16,25.46
2005-03-17,25.46
2005-03-18,25.45
2005-03-21,25.45
2005-03-22,25.45
2005-03-23,25.35
2005-03-24,25.35
2005-03-28,25.4
2005-03-29,25.55
2005-03-30,25.55
2005-03-31,25.55
2005-04-01,25.5
2005-04-04,25.41
2005-04-05,25.4
2005-04-06,25.4
2005-04-07,25.4
2005-04-08,25.4
2005-04-11,25.3
2005-04-12,25.1
2005-04-13,25.15
2005-04-14,25.15
2005-04-15,25.1
2005-04-19,25.1
2005-04-20,25.1
2005-04-21,25.1
2005-04-22,25.1
2005-04-25,25.1
2005-04-26,25.1
2005-04-27,25.1
2005-04-28,25.1
2005-04-29,25.1
2005-05-02,25
2005-05-03,24.9
2005-05-04,24.8
2005-05-05,24.81
2005-05-06,24.81
2005-05-09,24.71
2005-05-10,24.66
2005-05-11,24.56
2005-05-12,24.51
2005-05-13,24.26
2005-05-17,23.81
2005-05-18,24.16
2005-05-19,24.45
2005-05-20,24.6
2005-05-23,24.55
2005-05-24,24.5
2005-05-25,24.36
2005-05-26,24.26
2005-05-27,24.25
2005-05-30,24.2
2005-05-31,24.05
2005-06-01,24.1
2005-06-02,24.15
2005-06-03,24.15
2005-06-06,24.15
2005-06-07,24.15
2005-06-08,24.1
2005-06-09,24.05
2005-06-10,24
2005-06-13,24
2005-06-14,23.91
2005-06-15,23.81
2005-06-16,23.96
2005-06-17,24.06
2005-06-20,24.26
2005-06-21,24.46
2005-06-22,24.46
2005-06-23,24.51
2005-06-24,24.65
2005-06-27,24.65
2005-06-28,24.66
2005-06-29,24.66
2005-06-30,24.6
2005-07-01,24.55
2005-07-04,24.6
2005-07-05,24.81
2005-07-06,24.96
2005-07-07,24.81
2005-07-08,24.71
2005-07-11,24.66
2005-07-12,24.61
2005-07-13,24.51
2005-07-14,24.61
2005-07-15,24.61
2005-07-19,24.61
2005-07-20,24.4
2005-07-21,24.5
2005-07-22,24.5
2005-07-25,24.55
2005-07-26,24.6
2005-07-27,24.55
2005-07-28,24.5
2005-07-29,24.55
2005-08-01,24.5
2005-08-02,24.5
2005-08-03,24.45
2005-08-04,24.35
2005-08-05,24.35
2005-08-08,24.4
2005-08-09,24.45
2005-08-10,24.45
2005-08-11,24.35
2005-08-12,24.25
2005-08-15,24.21
2005-08-16,24.11
2005-08-17,24.26
2005-08-18,24.31
2005-08-19,24.36
2005-08-22,24.41
2005-08-23,24.41
2005-08-24,24.36
2005-08-26,24.3
2005-08-29,24.25
2005-08-30,24.25
2005-08-31,24.25
2005-09-01,24.21
2005-09-02,24.2
2005-09-05,24.2
2005-09-06,24.2
2005-09-07,24.21
2005-09-08,24.16
2005-09-09,24.11
2005-09-12,24.11
2005-09-13,24.16
2005-09-14,24.16
2005-09-15,24.16
2005-09-16,24.11
2005-09-19,24.11
2005-09-20,24.06
2005-09-21,24.05
2005-09-22,24.06
2005-09-23,23.96
2005-09-26,23.86
2005-09-27,23.9
2005-09-28,23.95
2005-09-29,24.1
2005-09-30,23.95
2005-10-03,23.9
2005-10-04,23.9
2005-10-05,23.9
2005-10-06,23.85
2005-10-07,23.75
2005-10-11,23.8
2005-10-12,23.76
2005-10-13,23.71
2005-10-14,23.71
2005-10-17,23.46
2005-10-18,23.46
2005-10-19,23.46
2005-10-20,23.51
2005-10-21,23.51
2005-10-24,23.46
2005-10-25,23.41
2005-10-26,23.36
2005-10-27,23.31
2005-10-28,23.31
2005-10-31,23.31
2005-11-01,23.46
2005-11-03,23.41
2005-11-04,23.26
2005-11-07,23.21
2005-11-08,23.21
2005-11-09,23.42
2005-11-10,23.63
2005-11-11,23.61
2005-11-14,23.61
2005-11-15,23.61
2005-11-16,23.61
2005-11-17,23.61
2005-11-18,23.66
2005-11-21,23.66
2005-11-22,23.66
2005-11-23,23.66
2005-11-24,23.61
2005-11-25,23.56
2005-11-28,23.56
2005-11-29,23.46
2005-11-30,23.46
2005-12-01,23.46
2005-12-02,23.46
2005-12-05,23.46
2005-12-06,23.46
2005-12-07,23.41
2005-12-08,23.36
2005-12-09,23.36
2005-12-12,23.36
2005-12-13,23.37
2005-12-14,23.37
2005-12-15,23.22
2005-12-16,23.42
2005-12-19,23.71
2005-12-20,23.71
2005-12-21,23.82
2005-12-22,23.82
2005-12-23,23.87
2005-12-26,24.02
2005-12-27,24.13
2005-12-28,24.18
2005-12-29,24.18
2005-12-30,24.17
2005-12-31,24.17
2006-01-02,24.17
2006-01-03,24.17
2006-01-04,24.17
2006-01-05,24.17
2006-01-09,24.17
2006-01-10,24.17
2006-01-11,24.16
2006-01-12,24.16
2006-01-13,24.16
2006-01-16,24.21
2006-01-17,24.2
2006-01-18,24.19
2006-01-19,24.19
2006-01-20,24.19
2006-01-23,24.2
2006-01-24,24.2
2006-01-25,24.2
2006-01-26,24.2
2006-01-27,24.2
2006-01-30,24.2
2006-01-31,24.2
2006-02-01,24.19
2006-02-02,24.2
2006-02-03,24.2
2006-02-06,24.2
2006-02-07,24.2
2006-02-08,24.2
2006-02-09,24.2
2006-02-10,24.2
2006-02-13,24.2
2006-02-14,24.2
2006-02-15,24.2
2006-02-16,24.2
2006-02-17,24.25
2006-02-20,24.31
2006-02-21,24.31
2006-02-22,24.31
2006-02-23,24.31
2006-02-24,24.26
2006-03-01,24.26
2006-03-02,24.26
2006-03-03,24.26
2006-03-06,24.26
2006-03-07,24.31
2006-03-08,24.36
2006-03-09,24.41
2006-03-10,24.36
2006-03-13,24.31
2006-03-14,24.31
2006-03-15,24.31
2006-03-16,24.25
2006-03-17,24.2
2006-03-20,24.25
2006-03-21,24.25
2006-03-22,24.25
2006-03-23,24.2
2006-03-24,24.2
2006-03-27,24.2
2006-03-28,24.25
2006-03-29,24.3
2006-03-30,24.25
2006-03-31,24.2
2006-04-03,24.1
2006-04-04,24.1
2006-04-05,24.1
2006-04-06,24.05
2006-04-07,24.11
2006-04-10,24.11
2006-04-11,24.11
2006-04-12,24.11
2006-04-13,24.11
2006-04-18,24.11
2006-04-19,24.11
2006-04-20,24.16
2006-04-21,24.16
2006-04-24,24.16
2006-04-25,24.11
2006-04-26,24.06
2006-04-27,24.01
2006-04-28,23.96
2006-05-02,23.91
2006-05-03,23.96
2006-05-04,24.01
2006-05-05,23.96
2006-05-08,23.92
2006-05-09,23.87
2006-05-10,23.87
2006-05-11,23.87
2006-05-12,23.92
2006-05-15,23.97
2006-05-16,24.02
2006-05-17,24.02
2006-05-18,24.01
2006-05-19,23.96
2006-05-23,24.05
2006-05-24,24.1
2006-05-25,24.06
2006-05-26,24.01
2006-05-29,23.96
2006-05-30,23.86
2006-05-31,23.76
2006-06-01,23.81
2006-06-02,23.91
2006-06-05,23.91
2006-06-06,23.86
2006-06-07,23.77
2006-06-08,23.82
2006-06-09,23.87
2006-06-12,23.87
2006-06-13,23.76
2006-06-14,23.81
2006-06-15,23.82
2006-06-16,23.87
2006-06-20,23.92
2006-06-21,23.96
2006-06-22,23.97
2006-06-23,23.97
2006-06-26,23.97
2006-06-27,23.97
2006-06-28,23.92
2006-06-29,23.87
2006-06-30,23.87
2006-07-03,23.96
2006-07-04,24.01
2006-07-05,24.07
2006-07-06,23.97
2006-07-07,23.92
2006-07-10,23.92
2006-07-11,23.87
2006-07-12,23.87
2006-07-13,23.92
2006-07-14,23.92
2006-07-17,23.97
2006-07-19,23.97
2006-07-20,23.97
2006-07-21,23.97
2006-07-24,23.92
2006-07-25,23.97
2006-07-26,23.97
2006-07-27,23.92
2006-07-28,23.92
2006-07-31,24.02
2006-08-01,24.12
2006-08-02,24.07
2006-08-03,24.06
2006-08-04,24.02
2006-08-07,23.97
2006-08-08,23.97
2006-08-09,23.97
2006-08-10,23.97
2006-08-11,23.97
2006-08-14,23.91
2006-08-15,23.91
2006-08-16,23.91
2006-08-17,23.91
2006-08-18,23.91
2006-08-21,23.96
2006-08-22,24.01
2006-08-23,24.01
2006-08-24,23.96
2006-08-28,23.96
2006-08-29,23.96
2006-08-30,23.96
2006-08-31,23.96
2006-09-01,24.01
2006-09-04,24.01
2006-09-05,24.01
2006-09-06,23.96
2006-09-07,23.96
2006-09-08,23.96
2006-09-11,23.91
2006-09-12,23.91
2006-09-13,23.91
2006-09-14,23.91
2006-09-15,23.91
2006-09-18,23.96
2006-09-19,23.96
2006-09-20,23.96
2006-09-21,23.86
2006-09-22,23.86
2006-09-25,23.86
2006-09-26,23.91
2006-09-27,23.91
2006-09-28,23.91
2006-09-29,23.91
2006-10-02,23.91
2006-10-03,23.85
2006-10-04,23.85
2006-10-05,23.85
2006-10-06,23.86
2006-10-09,23.86
2006-10-10,23.86
2006-10-11,23.86
2006-10-12,23.86
2006-10-13,23.86
2006-10-17,23.86
2006-10-18,23.86
2006-10-19,23.86
2006-10-20,23.81
2006-10-23,23.81
2006-10-24,23.81
2006-10-25,23.81
2006-10-26,23.86
2006-10-27,23.91
2006-10-30,23.91
2006-10-31,23.86
2006-11-01,23.86
2006-11-03,23.91
2006-11-06,23.91
2006-11-07,23.91
2006-11-08,23.91
2006-11-09,23.91
2006-11-10,23.91
2006-11-13,23.87
2006-11-14,23.87
2006-11-15,23.97
2006-11-16,24.02
2006-11-17,24.12
2006-11-20,24.27
2006-11-21,24.26
2006-11-22,24.31
2006-11-23,24.32
2006-11-24,24.32
2006-11-27,24.32
2006-11-28,24.37
2006-11-29,24.37
2006-11-30,24.37
2006-12-01,24.37
2006-12-04,24.43
2006-12-05,24.42
2006-12-06,24.42
2006-12-07,24.42
2006-12-08,24.42
2006-12-11,24.42
2006-12-12,24.42
2006-12-13,24.47
2006-12-14,24.47
2006-12-15,24.47
2006-12-18,24.47
2006-12-19,24.47
2006-12-20,24.47
2006-12-21,24.48
2006-12-22,24.48
2006-12-26,24.47
2006-12-27,24.47
2006-12-28,24.47
2006-12-29,24.47
2006-12-31,24.47
2007-01-02,24.47
2007-01-03,24.47
2007-01-04,24.47
2007-01-05,24.47
2007-01-08,24.52
2007-01-09,24.51
2007-01-10,24.51
2007-01-11,24.51
2007-01-12,24.51
2007-01-15,24.51
2007-01-16,24.51
2007-01-17,24.46
2007-01-18,24.46
2007-01-19,24.41
2007-01-22,24.36
2007-01-23,24.35
2007-01-24,24.35
2007-01-25,24.3
2007-01-26,24.3
2007-01-29,24.3
2007-01-30,24.3
2007-01-31,24.25
2007-02-01,24.3
2007-02-02,24.3
2007-02-05,24.3
2007-02-06,24.29
2007-02-07,24.29
2007-02-08,24.29
2007-02-09,24.29
2007-02-12,24.29
2007-02-13,24.3
2007-02-14,24.29
2007-02-15,24.29
2007-02-16,24.29
2007-02-21,24.29
2007-02-22,24.29
2007-02-23,24.29
2007-02-26,24.29
2007-02-27,24.34
2007-02-28,24.39
2007-03-01,24.39
2007-03-02,24.39
2007-03-05,24.39
2007-03-06,24.39
2007-03-07,24.39
2007-03-08,24.39
2007-03-09,24.39
2007-03-12,24.39
2007-03-13,24.34
2007-03-14,24.34
2007-03-15,24.34
2007-03-16,24.34
2007-03-19,24.3
2007-03-20,24.21
2007-03-21,24.21
2007-03-22,24.21
2007-03-23,24.21
2007-03-26,24.16
2007-03-27,24.16
2007-03-28,24.17
2007-03-29,24.17
2007-03-30,24.11
2007-04-02,24.11
2007-04-03,24.11
2007-04-04,24.11
2007-04-05,24.11
2007-04-09,24.11
2007-04-10,24.11
2007-04-11,24.16
2007-04-12,24.16
2007-04-13,24.16
2007-04-16,24.11
2007-04-17,24.11
2007-04-18,24.06
2007-04-19,24.05
2007-04-20,24.05
2007-04-24,24.06
2007-04-25,24.01
2007-04-26,24.01
2007-04-27,24.01
2007-04-30,24.01
2007-05-02,23.96
2007-05-03,23.96
2007-05-04,23.96
2007-05-07,24.01
2007-05-08,24.06
2007-05-09,24.11
2007-05-10,24.06
2007-05-11,24.06
2007-05-14,24.02
2007-05-15,24.02
2007-05-16,23.97
2007-05-17,23.92
2007-05-18,23.87
2007-05-22,23.92
2007-05-23,23.97
2007-05-24,23.97
2007-05-25,23.97
2007-05-28,23.97
2007-05-29,24.02
2007-05-30,24.02
2007-05-31,24.02
2007-06-01,23.97
2007-06-04,23.97
2007-06-05,23.97
2007-06-06,23.97
2007-06-07,23.87
2007-06-08,23.87
2007-06-11,23.87
2007-06-12,23.82
2007-06-13,23.82
2007-06-14,23.87
2007-06-15,23.92
2007-06-18,23.97
2007-06-20,23.97
2007-06-21,23.97
2007-06-22,23.92
2007-06-25,24.02
2007-06-26,23.92
2007-06-27,23.92
2007-06-28,23.97
2007-06-29,23.97
2007-07-02,23.87
2007-07-03,23.97
2007-07-04,23.97
2007-07-05,23.82
2007-07-06,23.82
2007-07-09,23.87
2007-07-10,23.92
2007-07-11,23.92
2007-07-12,23.92
2007-07-13,23.87
2007-07-16,23.82
2007-07-17,23.82
2007-07-19,23.72
2007-07-20,23.77
2007-07-23,23.76
2007-07-24,23.66
2007-07-25,23.72
2007-07-26,23.71
2007-07-27,23.72
2007-07-30,23.77
2007-07-31,23.72
2007-08-01,23.67
2007-08-02,23.67
2007-08-03,23.57
2007-08-06,23.61
2007-08-07,23.61
2007-08-08,23.61
2007-08-09,23.56
2007-08-10,23.51
2007-08-13,23.61
2007-08-14,23.65
2007-08-15,23.65
2007-08-16,23.71
2007-08-17,23.66
2007-08-20,23.66
2007-08-21,23.66
2007-08-22,23.65
2007-08-23,23.7
2007-08-24,23.7
2007-08-27,23.65
2007-08-28,23.6
2007-08-29,23.65
2007-08-30,23.65
2007-08-31,23.6
2007-09-03,23.55
2007-09-04,23.4
2007-09-05,23.2
2007-09-06,23.36
2007-09-07,23.21
2007-09-10,23.11
2007-09-11,23.21
2007-09-12,23.21
2007-09-13,23.31
2007-09-14,23.46
2007-09-17,23.51
2007-09-18,23.31
2007-09-19,22.96
2007-09-20,23.2
2007-09-21,23.15
2007-09-24,23.25
2007-09-25,23.15
2007-09-26,23.05
2007-09-27,23.15
2007-09-28,23.15
2007-10-01,22.95
2007-10-02,22.95
2007-10-03,22.85
2007-10-04,22.75
2007-10-05,22.7
2007-10-08,22.25
2007-10-09,22.3
2007-10-10,22.25
2007-10-11,22.21
2007-10-12,22.06
2007-10-16,22.11
2007-10-17,22.07
2007-10-18,22.27
2007-10-19,22.17
2007-10-22,22.07
2007-10-23,21.97
2007-10-24,21.97
2007-10-25,22.07
2007-10-26,21.96
2007-10-29,22.06
2007-10-30,21.9
2007-10-31,22.05
2007-11-01,21.96
2007-11-05,22.05
2007-11-06,21.95
2007-11-07,21.95
2007-11-08,22
2007-11-09,22.05
2007-11-12,22.05
2007-11-13,22
2007-11-14,22
2007-11-15,22.05
2007-11-16,21.95
2007-11-19,22
2007-11-20,21.95
2007-11-21,21.95
2007-11-22,21.95
2007-11-23,21.95
2007-11-26,21.9
2007-11-27,21.9
2007-11-28,21.95
2007-11-29,22
2007-11-30,21.91
2007-12-03,21.91
2007-12-04,21.85
2007-12-05,21.9
2007-12-06,21.85
2007-12-07,21.7
2007-12-10,21.76
2007-12-11,21.81
2007-12-12,21.76
2007-12-13,21.71
2007-12-14,21.6
2007-12-17,21.55
2007-12-18,21.55
2007-12-19,21.6
2007-12-20,21.65
2007-12-21,21.65
2007-12-24,21.55
2007-12-26,21.6
2007-12-27,21.6
2007-12-28,21.55
2007-12-31,21.55
2008-01-02,21.41
2008-01-03,21.45
2008-01-04,21.483
2008-01-07,21.517
2008-01-08,21.409
2008-01-09,21.265
2008-01-10,21.121
2008-01-11,21.004
2008-01-14,21.197
2008-01-15,21.351
2008-01-16,21.247
2008-01-17,21.256
2008-01-18,21.202
2008-01-21,21.134
2008-01-22,21.068
2008-01-23,21.014
2008-01-24,21.034
2008-01-25,21.107
2008-01-28,21.056
2008-01-29,21
2008-01-30,21.051
2008-01-31,21.02
2008-02-01,20.86
2008-02-06,20.768
2008-02-07,20.644
2008-02-08,20.703
2008-02-11,20.864
2008-02-12,21.125
2008-02-13,21.087
2008-02-14,21.031
2008-02-15,21.021
2008-02-18,20.957
2008-02-19,20.874
2008-02-20,20.955
2008-02-21,21.081
2008-02-22,21.088
2008-02-25,20.971
2008-02-26,20.971
2008-02-27,21.015
2008-02-28,20.942
2008-02-29,20.838
2008-03-03,20.808
2008-03-04,20.872
2008-03-05,20.692
2008-03-06,20.708
2008-03-07,20.642
2008-03-10,20.718
2008-03-11,20.786
2008-03-12,20.789
2008-03-13,20.746
2008-03-14,20.732
2008-03-17,20.707
2008-03-18,20.623
2008-03-19,20.564
2008-03-20,20.564
2008-03-24,20.563
2008-03-25,20.56
2008-03-26,20.452
2008-03-27,20.395
2008-03-28,20.248
2008-03-31,20.352
2008-04-01,20.305
2008-04-02,20.276
2008-04-03,20.147
2008-04-04,20.056
2008-04-07,20.018
2008-04-08,20.049
2008-04-09,20.055
2008-04-10,19.964
2008-04-11,19.859
2008-04-14,19.853
2008-04-15,19.805
2008-04-16,19.756
2008-04-17,19.74
2008-04-18,19.757
2008-04-21,19.751
2008-04-22,19.622
2008-04-23,19.597
2008-04-24,19.74
2008-04-25,19.994
2008-04-28,20.123
2008-04-29,20.092
2008-04-30,19.956
2008-05-02,19.953
2008-05-05,20
2008-05-06,20.056
2008-05-07,20.01
2008-05-08,20.01
2008-05-09,19.963
2008-05-12,19.957
2008-05-13,19.907
2008-05-14,19.896
2008-05-15,19.86
2008-05-16,19.857
2008-05-19,19.857
2008-05-20,19.875
2008-05-21,19.857
2008-05-22,19.81
2008-05-23,19.758
2008-05-26,19.705
2008-05-27,19.747
2008-05-28,19.755
2008-05-29,19.766
2008-05-30,19.752
2008-06-02,19.608
2008-06-03,19.543
2008-06-04,19.456
2008-06-05,19.491
2008-06-06,19.608
2008-06-09,19.628
2008-06-10,19.52
2008-06-11,19.469
2008-06-12,19.469
2008-06-13,19.472
2008-06-16,19.469
2008-06-17,19.46
2008-06-18,19.45
2008-06-20,19.407
2008-06-23,19.475
2008-06-24,19.597
2008-06-25,19.561
2008-06-26,19.409
2008-06-27,19.36
2008-06-30,19.428
2008-07-01,19.355
2008-07-02,19.357
2008-07-03,19.31
2008-07-04,19.26
2008-07-07,19.286
2008-07-08,19.257
2008-07-09,19.257
2008-07-10,19.233
2008-07-11,19.331
2008-07-14,19.305
2008-07-15,19.255
2008-07-16,19.255
2008-07-17,19.207
2008-07-21,19.163
2008-07-22,19.196
2008-07-23,19.244
2008-07-24,19.234
2008-07-25,19.214
2008-07-28,19.171
2008-07-29,19.208
2008-07-30,19.239
2008-07-31,19.212
2008-08-01,19.155
2008-08-04,19.117
2008-08-05,19.109
2008-08-06,19.119
2008-08-07,19.124
2008-08-08,19.146
2008-08-11,19.121
2008-08-12,19.119
2008-08-13,19.119
2008-08-14,19.096
2008-08-15,19.164
2008-08-18,19.224
2008-08-19,19.312
2008-08-21,19.415
2008-08-22,19.533
2008-08-26,19.46
2008-08-27,19.277
2008-08-28,19.239
2008-08-29,19.279
2008-09-01,19.274
2008-09-02,19.31
2008-09-04,19.359
2008-09-05,19.466
2008-09-08,19.527
2008-09-09,19.592
2008-09-10,19.864
2008-09-11,20.394
2008-09-12,20.481
2008-09-15,21.445
2008-09-16,20.705
2008-09-17,20.813
2008-09-18,21.092
2008-09-19,20.752
2008-09-22,20.583
2008-09-23,20.697
2008-09-24,20.916
2008-09-25,20.998
2008-09-26,21.208
2008-09-29,21.421
2008-09-30,21.467
2008-10-01,21.528
2008-10-02,21.437
2008-10-03,21.344
2008-10-06,21.53
2008-10-07,21.572
2008-10-08,21.964
2008-10-09,22.093
2008-10-10,22.479
2008-10-13,22.316
2008-10-14,22.005
2008-10-15,22.1
2008-10-16,22.133
2008-10-17,22.294
2008-10-20,22.563
2008-10-21,22.597
2008-10-22,22.927
2008-10-23,22.928
2008-10-24,22.908
2008-10-27,23.134
2008-10-28,23.207
2008-10-29,23.191
2008-10-30,23.159
2008-10-31,23.173
2008-11-03,23.272
2008-11-04,23.467
2008-11-05,23.379
2008-11-06,23.476
2008-11-07,23.66
2008-11-10,23.517
2008-11-11,23.613
2008-11-12,23.727
2008-11-13,23.8
2008-11-14,23.775
2008-11-17,23.773
2008-11-18,23.714
2008-11-19,23.762
2008-11-20,23.742
2008-11-21,23.763
2008-11-24,23.771
2008-11-25,23.754
2008-11-26,23.891
2008-11-27,23.903
2008-11-28,23.98
2008-12-01,24.056
2008-12-02,24.127
2008-12-03,24.193
2008-12-04,24.403
2008-12-05,24.548
2008-12-08,24.415
2008-12-09,24.43
2008-12-10,24.474
2008-12-11,24.421
2008-12-12,24.423
2008-12-15,24.428
2008-12-16,24.409
2008-12-17,24.408
2008-12-18,24.379
2008-12-19,24.326
2008-12-22,24.32
2008-12-23,24.318
2008-12-24,24.318
2008-12-26,24.315
2008-12-29,24.348
2008-12-30,24.362
2008-12-31,24.362
2009-01-02,24.362
2009-01-05,24.27
2009-01-07,24.132
2009-01-08,24.06
2009-01-09,24.056
2009-01-12,24.004
2009-01-13,23.6
2009-01-14,23.275
2009-01-15,23.142
2009-01-16,23.049
2009-01-19,22.997
2009-01-20,22.912
2009-01-21,22.838
2009-01-22,22.8
2009-01-23,22.8
2009-01-26,22.707
2009-01-27,22.7
2009-01-28,22.7
2009-01-29,22.703
2009-01-30,22.7
2009-02-02,22.703
2009-02-03,22.698
2009-02-04,22.703
2009-02-05,22.7
2009-02-06,22.759
2009-02-09,22.852
2009-02-10,23.014
2009-02-11,23.425
2009-02-12,23.406
2009-02-13,23.273
2009-02-16,23.266
2009-02-17,23.551
2009-02-18,23.69
2009-02-19,23.548
2009-02-20,23.672
2009-02-25,23.785
2009-02-26,23.703
2009-02-27,23.756
2009-03-02,23.926
2009-03-03,24.064
2009-03-04,24.153
2009-03-05,24.192
2009-03-06,24.184
2009-03-09,24.116
2009-03-10,23.992
2009-03-11,23.861
2009-03-12,23.972
2009-03-13,23.897
2009-03-16,23.75
2009-03-17,23.712
2009-03-18,23.888
2009-03-19,23.767
2009-03-20,23.864
2009-03-23,24.004
2009-03-24,24.143
2009-03-25,24.024
2009-03-26,23.867
2009-03-27,24.007
2009-03-30,24.125
2009-03-31,24.071
2009-04-01,24.035
2009-04-02,23.997
2009-04-03,23.921
2009-04-06,24.008
2009-04-07,24.062
2009-04-08,24.046
2009-04-13,23.994
2009-04-14,23.934
2009-04-15,23.971
2009-04-16,23.967
2009-04-17,23.991
2009-04-20,24.158
2009-04-21,24.159
2009-04-22,24.114
2009-04-23,24.124
2009-04-24,24.068
2009-04-27,24.116
2009-04-28,24.123
2009-04-29,23.988
2009-04-30,23.927
2009-05-04,23.862
2009-05-05,23.939
2009-05-06,23.918
2009-05-07,23.821
2009-05-08,23.74
2009-05-11,23.718
2009-05-12,23.718
2009-05-13,23.808
2009-05-14,23.812
2009-05-15,23.774
2009-05-19,23.723
2009-05-20,23.624
2009-05-21,23.594
2009-05-22,23.574
2009-05-25,23.574
2009-05-26,23.537
2009-05-27,23.518
2009-05-28,23.524
2009-05-29,23.418
2009-06-01,23.358
2009-06-02,23.214
2009-06-03,23.179
2009-06-04,23.129
2009-06-05,23.129
2009-06-08,23.224
2009-06-09,23.226
2009-06-10,23.26
2009-06-11,23.248
2009-06-12,23.285
2009-06-15,23.385
2009-06-16,23.464
2009-06-17,23.619
2009-06-18,23.435
2009-06-22,23.712
2009-06-23,23.655
2009-06-24,23.543
2009-06-25,23.611
2009-06-26,23.581
2009-06-29,23.522
2009-06-30,23.425
2009-07-01,23.321
2009-07-02,23.482
2009-07-03,23.421
2009-07-06,23.448
2009-07-07,23.356
2009-07-08,23.52
2009-07-09,23.428
2009-07-10,23.479
2009-07-13,23.429
2009-07-14,23.379
2009-07-15,23.334
2009-07-16,23.392
2009-07-17,23.435
2009-07-20,23.382
2009-07-21,23.363
2009-07-22,23.429
2009-07-23,23.363
2009-07-24,23.329
2009-07-27,23.333
2009-07-28,23.379
2009-07-29,23.428
2009-07-30,23.387
2009-07-31,23.273
2009-08-03,23.147
2009-08-04,23.123
2009-08-05,23.075
2009-08-06,22.945
2009-08-07,22.798
2009-08-10,22.861
2009-08-11,23
2009-08-12,22.92
2009-08-13,22.855
2009-08-14,22.87
2009-08-17,22.97
2009-08-18,22.879
2009-08-19,22.82
2009-08-20,22.843
2009-08-21,22.72
2009-08-24,22.667
2009-08-26,22.67
2009-08-27,22.67
2009-08-28,22.66
2009-08-31,22.552
2009-09-01,22.363
2009-09-02,22.454
2009-09-03,22.442
2009-09-04,22.396
2009-09-07,22.37
2009-09-08,22.314
2009-09-09,22.104
2009-09-10,22.025
2009-09-11,21.99
2009-09-14,22.022
2009-09-15,22.019
2009-09-16,21.919
2009-09-17,21.872
2009-09-18,21.822
2009-09-21,21.819
2009-09-22,21.716
2009-09-23,21.595
2009-09-24,21.489
2009-09-25,21.508
2009-09-28,21.508
2009-09-29,21.509
2009-09-30,21.458
2009-10-01,21.347
2009-10-02,21.315
2009-10-05,21.184
2009-10-06,21.001
2009-10-07,20.925
2009-10-08,20.813
2009-10-09,20.708
2009-10-13,20.572
2009-10-14,20.492
2009-10-15,20.414
2009-10-16,20.442
2009-10-19,20.527
2009-10-20,20.845
2009-10-21,20.904
2009-10-22,20.78
2009-10-23,20.613
2009-10-26,20.61
2009-10-27,20.848
2009-10-28,21.119
2009-10-29,20.945
2009-10-30,20.816
2009-11-03,20.889
2009-11-04,20.763
2009-11-05,20.71
2009-11-06,20.698
2009-11-09,20.586
2009-11-10,20.526
2009-11-11,20.46
2009-11-12,20.545
2009-11-13,20.66
2009-11-16,20.56
2009-11-17,20.548
2009-11-18,20.41
2009-11-19,20.443
2009-11-20,20.355
2009-11-23,20.205
2009-11-24,20.139
2009-11-25,20.155
2009-11-26,20.208
2009-11-27,20.265
2009-11-30,20.103
2009-12-01,19.93
2009-12-02,19.86
2009-12-03,19.907
2009-12-04,19.822
2009-12-07,19.723
2009-12-08,19.639
2009-12-09,19.743
2009-12-10,19.736
2009-12-11,19.707
2009-12-14,19.657
2009-12-15,19.704
2009-12-16,19.602
2009-12-17,19.658
2009-12-18,19.614
2009-12-21,19.642
2009-12-22,19.82
2009-12-23,19.653
2009-12-24,19.564
2009-12-28,19.544
2009-12-29,19.611
2009-12-30,19.637
2009-12-31,19.637
2010-01-04,19.515
2010-01-05,19.407
2010-01-07,19.514
2010-01-08,19.556
2010-01-11,19.529
2010-01-12,19.654
2010-01-13,19.631
2010-01-14,19.616
2010-01-15,19.627
2010-01-18,19.636
2010-01-19,19.635
2010-01-20,19.558
2010-01-21,19.603
2010-01-22,19.602
2010-01-25,19.612
2010-01-26,19.602
2010-01-27,19.602
2010-01-28,19.614
2010-01-29,19.6
2010-02-01,19.6
2010-02-02,19.551
2010-02-03,19.5
2010-02-04,19.617
2010-02-05,19.916
2010-02-08,19.9
2010-02-09,19.82
2010-02-10,19.729
2010-02-11,19.788
2010-02-12,19.9
2010-02-17,19.85
2010-02-18,19.85
2010-02-19,19.839
2010-02-22,19.757
2010-02-23,19.746
2010-02-24,19.777
2010-02-25,19.832
2010-02-26,19.81
2010-03-02,19.731
2010-03-03,19.65
2010-03-04,19.705
2010-03-05,19.75
2010-03-08,19.683
2010-03-09,19.651
2010-03-10,19.6
2010-03-11,19.6
2010-03-12,19.55
2010-03-15,19.548
2010-03-16,19.5
2010-03-17,19.551
2010-03-18,19.65
2010-03-19,19.678
2010-03-22,19.709
2010-03-23,19.635
2010-03-24,19.606
2010-03-25,19.605
2010-03-26,19.582
2010-03-29,19.509
2010-03-30,19.455
2010-03-31,19.457
2010-04-05,19.355
2010-04-06,19.271
2010-04-07,19.307
2010-04-08,19.357
2010-04-09,19.321
2010-04-12,19.294
2010-04-13,19.384
2010-04-14,19.41
2010-04-15,19.412
2010-04-16,19.409
2010-04-20,19.409
2010-04-21,19.373
2010-04-22,19.407
2010-04-23,19.409
2010-04-26,19.311
2010-04-27,19.344
2010-04-28,19.354
2010-04-29,19.301
2010-04-30,19.214
2010-05-03,19.17
2010-05-04,19.162
2010-05-05,19.354
2010-05-06,19.683
2010-05-07,19.583
2010-05-10,19.231
2010-05-11,19.135
2010-05-12,19.063
2010-05-13,19.119
2010-05-14,19.213
2010-05-18,19.225
2010-05-19,19.239
2010-05-20,19.299
2010-05-21,19.32
2010-05-24,19.318
2010-05-25,19.372
2010-05-26,19.267
2010-05-27,19.164
2010-05-28,19.164
2010-05-31,19.163
2010-06-01,19.187
2010-06-02,19.258
2010-06-03,19.282
2010-06-04,19.432
2010-06-07,19.714
2010-06-08,20.037
2010-06-09,20.063
2010-06-10,20.073
2010-06-11,20.784
2010-06-14,20.564
2010-06-15,20.802
2010-06-16,21.094
2010-06-17,20.991
2010-06-18,20.852
2010-06-21,20.91
2010-06-22,20.936
2010-06-23,20.955
2010-06-24,21.005
2010-06-25,20.912
2010-06-28,20.981
2010-06-29,21.06
2010-06-30,21.127
2010-07-01,21.219
2010-07-02,21.296
2010-07-05,21.337
2010-07-06,21.293
2010-07-07,21.184
2010-07-08,21.12
2010-07-09,21.096
2010-07-12,21.058
2010-07-13,20.923
2010-07-14,20.894
2010-07-15,20.985
2010-07-16,21.103
2010-07-19,21.247
2010-07-20,21.258
2010-07-21,21.13
2010-07-22,20.982
2010-07-23,21.028
2010-07-26,21.051
2010-07-27,21.083
2010-07-28,20.977
2010-07-29,20.904
2010-07-30,20.86
2010-08-02,20.812
2010-08-03,20.813
2010-08-04,20.694
2010-08-05,20.762
2010-08-06,20.784
2010-08-09,20.901
2010-08-10,20.826
2010-08-11,20.851
2010-08-12,20.932
2010-08-13,20.976
2010-08-16,20.913
2010-08-17,20.825
2010-08-18,20.833
2010-08-19,20.943
2010-08-20,20.96
2010-08-23,20.91
2010-08-24,20.86
2010-08-26,20.868
2010-08-27,20.906
2010-08-30,20.86
2010-08-31,20.807
2010-09-01,20.758
2010-09-02,20.783
2010-09-03,20.76
2010-09-06,20.711
2010-09-07,20.792
2010-09-08,20.784
2010-09-09,20.76
2010-09-10,20.713
2010-09-13,20.66
2010-09-14,20.61
2010-09-15,20.61
2010-09-16,20.519
2010-09-17,20.539
2010-09-20,20.56
2010-09-21,20.515
2010-09-22,20.421
2010-09-23,20.339
2010-09-24,20.255
2010-09-27,20.309
2010-09-28,20.309
2010-09-29,20.31
2010-09-30,20.306
2010-10-01,20.305
2010-10-04,20.31
2010-10-05,20.31
2010-10-06,20.26
2010-10-08,20.21
2010-10-12,20.158
2010-10-13,20.017
2010-10-14,20.243
2010-10-15,20.427
2010-10-18,20.358
2010-10-19,20.263
2010-10-20,20.233
2010-10-21,20.208
2010-10-22,20.236
2010-10-25,20.208
2010-10-26,20.158
2010-10-27,20.108
2010-10-28,20.058
2010-10-29,20.009
2010-11-01,19.991
2010-11-03,20.008
2010-11-05,19.91
2010-11-08,19.937
2010-11-09,19.852
2010-11-10,19.883
2010-11-11,19.801
2010-11-12,19.81
2010-11-15,19.856
2010-11-16,19.889
2010-11-17,20.003
2010-11-18,20.088
2010-11-19,20.158
2010-11-22,20.136
2010-11-23,20.058
2010-11-24,20.081
2010-11-25,20.005
2010-11-26,20.002
2010-11-29,20.01
2010-11-30,19.96
2010-12-01,19.934
2010-12-02,19.959
2010-12-03,19.96
2010-12-06,19.96
2010-12-07,19.962
2010-12-08,19.967
2010-12-09,19.917
2010-12-10,19.962
2010-12-13,19.965
2010-12-14,19.962
2010-12-16,19.965
2010-12-17,19.997
2010-12-20,19.962
2010-12-21,19.96
2010-12-22,19.986
2010-12-23,20.008
2010-12-24,20.01
2010-12-27,20.023
2010-12-28,20.094
2010-12-29,20.058
2010-12-30,20.103
2010-12-31,20.103
2011-01-03,19.957
2011-01-04,19.956
2011-01-05,19.957
2011-01-07,20.003
2011-01-10,20.003
2011-01-11,20.008
2011-01-12,19.957
2011-01-13,19.953
2011-01-14,19.907
2011-01-17,19.901
2011-01-18,19.857
2011-01-19,19.857
2011-01-20,19.807
2011-01-21,19.807
2011-01-24,19.843
2011-01-25,19.805
2011-01-26,19.755
2011-01-27,19.702
2011-01-28,19.652
2011-01-31,19.671
2011-02-01,19.655
2011-02-02,19.652
2011-02-03,19.652
2011-02-04,19.645
2011-02-07,19.652
2011-02-08,19.629
2011-02-09,19.586
2011-02-10,19.552
2011-02-11,19.552
2011-02-14,19.504
2011-02-15,19.47
2011-02-16,19.518
2011-02-17,19.582
2011-02-18,19.647
2011-02-21,19.652
2011-02-22,19.6
2011-02-23,19.563
2011-02-24,19.572
2011-02-25,19.529
2011-02-28,19.5
2011-03-01,19.449
2011-03-02,19.45
2011-03-03,19.401
2011-03-04,19.397
2011-03-09,19.366
2011-03-10,19.302
2011-03-11,19.278
2011-03-14,19.252
2011-03-15,19.306
2011-03-16,19.278
2011-03-17,19.352
2011-03-18,19.426
2011-03-21,19.441
2011-03-22,19.455
2011-03-23,19.371
2011-03-24,19.276
2011-03-25,19.303
2011-03-28,19.305
2011-03-29,19.275
2011-03-30,19.205
2011-03-31,19.198
2011-04-01,19.155
2011-04-04,19.105
2011-04-05,19.055
2011-04-06,19.044
2011-04-07,18.998
2011-04-08,19.04
2011-04-11,19.099
2011-04-12,19.055
2011-04-13,19.007
2011-04-14,18.932
2011-04-15,19.003
2011-04-19,18.992
2011-04-20,18.909
2011-04-25,18.907
2011-04-26,18.892
2011-04-27,18.926
2011-04-28,18.957
2011-04-29,18.957
2011-05-02,18.907
2011-05-03,18.868
2011-05-04,18.893
2011-05-05,18.991
2011-05-06,18.957
2011-05-09,18.907
2011-05-10,18.857
2011-05-11,18.916
2011-05-12,18.897
2011-05-13,18.945
2011-05-16,18.957
2011-05-17,18.896
2011-05-19,18.845
2011-05-20,18.844
2011-05-23,18.857
2011-05-24,18.857
2011-05-25,18.782
2011-05-26,18.732
2011-05-27,18.689
2011-05-30,18.7
2011-05-31,18.607
2011-06-01,18.607
2011-06-02,18.557
2011-06-03,18.5
2011-06-06,18.523
2011-06-07,18.553
2011-06-08,18.552
2011-06-09,18.507
2011-06-10,18.559
2011-06-13,18.535
2011-06-14,18.509
2011-06-15,18.544
2011-06-16,18.609
2011-06-17,18.559
2011-06-20,18.559
2011-06-21,18.559
2011-06-22,18.559
2011-06-23,18.559
2011-06-24,18.505
2011-06-27,18.512
2011-06-28,18.462
2011-06-29,18.412
2011-06-30,18.412
2011-07-01,18.361
2011-07-04,18.311
2011-07-05,18.363
2011-07-06,18.476
2011-07-07,18.464
2011-07-08,18.514
2011-07-11,18.595
2011-07-12,18.564
2011-07-13,18.538
2011-07-14,18.474
2011-07-15,18.499
2011-07-19,18.462
2011-07-20,18.514
2011-07-21,18.467
2011-07-22,18.465
2011-07-25,18.414
2011-07-26,18.365
2011-07-27,18.446
2011-07-28,18.423
2011-07-29,18.43
2011-08-01,18.414
2011-08-02,18.459
2011-08-03,18.414
2011-08-04,18.538
2011-08-05,18.627
2011-08-08,19.044
2011-08-09,19.408
2011-08-10,19.339
2011-08-11,19.243
2011-08-12,18.929
2011-08-15,18.603
2011-08-17,18.468
2011-08-18,18.819
2011-08-19,18.788
2011-08-22,18.714
2011-08-23,18.701
2011-08-24,18.701
2011-08-26,18.782
2011-08-29,18.719
2011-08-30,18.678
2011-08-31,18.659
2011-09-01,18.728
2011-09-02,18.906
2011-09-05,18.97
2011-09-06,19.106
2011-09-07,18.986
2011-09-08,19.053
2011-09-09,19.234
2011-09-12,19.284
2011-09-13,19.334
2011-09-14,19.426
2011-09-15,19.354
2011-09-16,19.324
2011-09-19,19.767
2011-09-20,19.72
2011-09-21,19.954
2011-09-22,20.403
2011-09-23,20.307
2011-09-26,20.243
2011-09-27,20.071
2011-09-28,20.097
2011-09-29,20.08
2011-09-30,20.268
2011-10-03,20.357
2011-10-04,20.446
2011-10-05,20.291
2011-10-06,20.096
2011-10-07,20.052
2011-10-11,20.098
2011-10-12,20.037
2011-10-13,20.016
2011-10-14,19.92
2011-10-17,19.947
2011-10-18,20.1
2011-10-19,20.02
2011-10-20,20.063
2011-10-21,19.926
2011-10-24,19.793
2011-10-25,19.69
2011-10-26,19.723
2011-10-27,19.412
2011-10-28,19.269
2011-10-31,19.345
2011-11-01,19.777
2011-11-03,19.699
2011-11-04,19.776
2011-11-07,19.772
2011-11-08,19.71
2011-11-09,19.779
2011-11-10,19.747
2011-11-11,19.649
2011-11-14,19.746
2011-11-15,19.819
2011-11-16,19.856
2011-11-17,19.941
2011-11-18,19.917
2011-11-21,20.06
2011-11-22,20.086
2011-11-23,20.28
2011-11-24,20.206
2011-11-25,20.224
2011-11-28,20.047
2011-11-29,19.957
2011-11-30,19.864
2011-12-01,19.829
2011-12-02,19.707
2011-12-05,19.808
2011-12-07,19.907
2011-12-08,19.906
2011-12-09,19.87
2011-12-12,19.98
2011-12-13,20.005
2011-12-14,20.143
2011-12-15,20.105
2011-12-16,20.026
2011-12-19,20.061
2011-12-20,20.01
2011-12-21,20.005
2011-12-23,20.027
2011-12-26,20.005
2011-12-27,19.999
2011-12-28,20.064
2011-12-29,20.039
2011-12-30,19.903
2011-12-31,19.903
2012-01-02,19.852
2012-01-03,19.702
2012-01-04,19.691
2012-01-05,19.709
2012-01-09,19.652
2012-01-10,19.595
2012-01-11,19.564
2012-01-12,19.589
2012-01-13,19.602
2012-01-16,19.572
2012-01-17,19.539
2012-01-18,19.533
2012-01-19,19.533
2012-01-20,19.564
2012-01-23,19.576
2012-01-24,19.682
2012-01-25,19.723
2012-01-26,19.623
2012-01-27,19.593
2012-01-30,19.628
2012-01-31,19.613
2012-02-01,19.551
2012-02-02,19.493
2012-02-03,19.449
2012-02-06,19.459
2012-02-07,19.448
2012-02-08,19.418
2012-02-09,19.412
2012-02-10,19.466
2012-02-13,19.474
2012-02-14,19.502
2012-02-15,19.504
2012-02-16,19.495
2012-02-17,19.45
2012-02-22,19.441
2012-02-23,19.417
2012-02-24,19.376
2012-02-27,19.35
2012-02-28,19.299
2012-02-29,19.288
2012-03-01,19.315
2012-03-02,19.372
2012-03-05,19.438
2012-03-06,19.571
2012-03-07,19.587
2012-03-08,19.588
2012-03-09,19.554
2012-03-12,19.705
2012-03-13,19.579
2012-03-14,19.567
2012-03-15,19.477
2012-03-16,19.417
2012-03-19,19.477
2012-03-20,19.56
2012-03-21,19.55
2012-03-22,19.568
2012-03-23,19.56
2012-03-26,19.53
2012-03-27,19.528
2012-03-28,19.539
2012-03-29,19.591
2012-03-30,19.54
2012-04-02,19.499
2012-04-03,19.48
2012-04-04,19.487
2012-04-09,19.477
2012-04-10,19.511
2012-04-11,19.488
2012-04-12,19.493
2012-04-13,19.546
2012-04-16,19.6
2012-04-17,19.717
2012-04-18,19.941
2012-04-19,19.902
2012-04-20,19.905
2012-04-24,19.88
2012-04-25,19.863
2012-04-26,19.856
2012-04-27,19.817
2012-04-30,19.793
2012-05-02,19.893
2012-05-03,19.905
2012-05-04,19.862
2012-05-07,19.848
2012-05-08,19.89
2012-05-09,19.992
2012-05-10,19.921
2012-05-11,19.924
2012-05-14,20.029
2012-05-15,20.053
2012-05-16,20.05
2012-05-17,20.089
2012-05-18,20.173
2012-05-22,20.264
2012-05-23,20.708
2012-05-24,20.605
2012-05-25,20.395
2012-05-28,20.348
2012-05-29,20.546
2012-05-30,21.06
2012-05-31,21.235
2012-06-01,21.438
2012-06-04,21.431
2012-06-05,21.465
2012-06-06,21.635
2012-06-07,21.641
2012-06-08,21.649
2012-06-11,21.495
2012-06-12,21.505
2012-06-13,21.602
2012-06-14,21.639
2012-06-15,21.579
2012-06-18,21.647
2012-06-20,21.626
2012-06-21,21.721
2012-06-22,21.731
2012-06-25,21.852
2012-06-26,21.995
2012-06-27,22.086
2012-06-28,22.102
2012-06-29,21.917
2012-07-02,21.823
2012-07-03,21.856
2012-07-04,21.959
2012-07-05,21.986
2012-07-06,22.066
2012-07-09,21.979
2012-07-10,21.947
2012-07-11,21.819
2012-07-12,21.742
2012-07-13,21.688
2012-07-16,21.687
2012-07-17,21.735
2012-07-19,21.734
2012-07-20,21.717
2012-07-23,21.854
2012-07-24,21.952
2012-07-25,21.857
2012-07-26,21.632
2012-07-27,21.516
2012-07-30,21.61
2012-07-31,21.566
2012-08-01,21.428
2012-08-02,21.278
2012-08-03,20.866
2012-08-06,20.804
2012-08-07,20.791
2012-08-08,20.843
2012-08-09,20.874
2012-08-10,20.967
2012-08-13,21.1
2012-08-14,21.241
2012-08-15,21.484
2012-08-16,21.424
2012-08-17,21.424
2012-08-20,21.411
2012-08-21,21.438
2012-08-22,21.548
2012-08-23,21.611
2012-08-24,21.581
2012-08-27,21.61
2012-08-28,21.665
2012-08-29,21.703
2012-08-30,21.61
2012-08-31,21.418
2012-09-03,21.323
2012-09-04,21.373
2012-09-05,21.429
2012-09-06,21.389
2012-09-07,21.305
2012-09-10,21.366
2012-09-11,21.323
2012-09-12,21.308
2012-09-13,21.252
2012-09-14,21.079
2012-09-17,21.095
2012-09-18,21.152
2012-09-19,21.213
2012-09-20,21.174
2012-09-21,21.103
2012-09-24,21.126
2012-09-25,21.129
2012-09-26,21.175
2012-09-27,21.063
2012-09-28,20.988
2012-10-01,20.674
2012-10-02,20.517
2012-10-03,20.497
2012-10-04,20.464
2012-10-05,20.464
2012-10-08,20.551
2012-10-09,20.571
2012-10-10,20.435
2012-10-11,20.262
2012-10-12,20.024
2012-10-16,19.971
2012-10-17,19.936
2012-10-18,19.73
2012-10-19,19.833
2012-10-22,19.758
2012-10-24,19.74
2012-10-25,19.77
2012-10-26,19.863
2012-10-29,19.93
2012-10-30,19.917
2012-10-31,19.906
2012-11-01,19.877
2012-11-05,19.745
2012-11-06,19.779
2012-11-07,19.872
2012-11-08,19.848
2012-11-09,19.903
2012-11-12,19.9
2012-11-13,19.951
2012-11-14,19.909
2012-11-15,19.841
2012-11-16,19.785
2012-11-19,19.708
2012-11-20,19.655
2012-11-21,19.699
2012-11-22,19.659
2012-11-23,19.694
2012-11-26,19.676
2012-11-27,19.693
2012-11-28,19.705
2012-11-29,19.679
2012-11-30,19.653
2012-12-03,19.558
2012-12-04,19.494
2012-12-05,19.466
2012-12-06,19.469
2012-12-07,19.47
2012-12-10,19.371
2012-12-11,19.113
2012-12-12,19.159
2012-12-13,19.187
2012-12-14,19.202
2012-12-17,19.273
2012-12-18,19.291
2012-12-19,19.258
2012-12-20,19.228
2012-12-21,19.203
2012-12-24,19.195
2012-12-26,19.204
2012-12-27,19.242
2012-12-28,19.401
2012-12-31,19.401
2013-01-02,19.402
2013-01-03,19.419
2013-01-04,19.397
2013-01-07,19.395
2013-01-08,19.385
2013-01-09,19.384
2013-01-10,19.382
2013-01-11,19.377
2013-01-14,19.381
2013-01-15,19.393
2013-01-16,19.396
2013-01-17,19.359
2013-01-18,19.304
2013-01-21,19.272
2013-01-22,19.272
2013-01-23,19.271
2013-01-24,19.29
2013-01-25,19.293
2013-01-28,19.284
2013-01-29,19.242
2013-01-30,19.169
2013-01-31,19.143
2013-02-01,19.149
2013-02-04,19.133
2013-02-05,19.115
2013-02-06,19.115
2013-02-07,19.113
2013-02-08,19.07
2013-02-13,19.081
2013-02-14,19.08
2013-02-15,19.07
2013-02-18,19.078
2013-02-19,19.136
2013-02-20,19.159
2013-02-21,19.135
2013-02-22,19.124
2013-02-25,19.118
2013-02-26,19.124
2013-02-27,19.114
2013-02-28,19.116
2013-03-01,19.112
2013-03-04,19.126
2013-03-05,19.079
2013-03-06,19.065
2013-03-07,19.069
2013-03-08,19.076
2013-03-11,19.061
2013-03-12,19.019
2013-03-13,18.998
2013-03-14,18.961
2013-03-15,18.906
2013-03-18,18.86
2013-03-19,18.915
2013-03-20,18.912
2013-03-21,19.004
2013-03-22,19.001
2013-03-25,18.947
2013-03-26,18.933
2013-03-27,18.95
2013-04-01,18.984
2013-04-02,18.977
2013-04-03,18.99
2013-04-04,19.156
2013-04-05,19.088
2013-04-08,19.028
2013-04-09,18.964
2013-04-10,19.013
2013-04-11,19.017
2013-04-12,18.954
2013-04-15,18.955
2013-04-16,18.944
2013-04-17,18.962
2013-04-18,19.026
2013-04-19,19.011
2013-04-23,18.947
2013-04-24,18.926
2013-04-25,18.953
2013-04-26,18.953
2013-04-29,18.944
2013-04-30,18.945
2013-05-02,18.953
2013-05-03,18.957
2013-05-06,19
2013-05-07,18.987
2013-05-08,18.961
2013-05-09,18.954
2013-05-10,18.976
2013-05-13,18.976
2013-05-14,18.96
2013-05-15,18.975
2013-05-16,18.966
2013-05-17,18.982
2013-05-20,18.989
2013-05-21,19.028
2013-05-22,19.015
2013-05-23,19.092
2013-05-24,19.295
2013-05-27,19.534
2013-05-28,19.943
2013-05-29,20.201
2013-05-30,20.624
2013-05-31,20.296
2013-06-03,20.318
2013-06-04,20.333
2013-06-05,20.369
2013-06-06,20.498
2013-06-07,20.725
2013-06-10,20.544
2013-06-11,20.724
2013-06-12,20.595
2013-06-13,20.671
2013-06-14,20.726
2013-06-17,20.775
2013-06-18,20.845
2013-06-20,21.201
2013-06-21,21.063
2013-06-24,20.967
2013-06-25,20.859
2013-06-26,20.573
2013-06-27,20.48
2013-06-28,20.568
2013-07-01,20.562
2013-07-02,20.651
2013-07-03,20.806
2013-07-04,20.715
2013-07-05,20.818
2013-07-08,20.748
2013-07-09,20.808
2013-07-10,21.195
2013-07-11,21.414
2013-07-12,21.381
2013-07-15,21.159
2013-07-16,21.011
2013-07-17,20.964
2013-07-19,21.051
2013-07-22,21.086
2013-07-23,21.114
2013-07-24,21.161
2013-07-25,21.345
2013-07-26,21.352
2013-07-29,21.363
2013-07-30,21.36
2013-07-31,21.532
2013-08-01,21.5
2013-08-02,21.577
2013-08-05,21.668
2013-08-06,21.724
2013-08-07,21.632
2013-08-08,21.479
2013-08-09,21.288
2013-08-12,21.579
2013-08-13,21.594
2013-08-14,21.714
2013-08-15,21.906
2013-08-16,21.884
2013-08-19,21.598
2013-08-20,21.623
2013-08-21,22.048
2013-08-22,22.451
2013-08-23,22.045
2013-08-26,22.112
2013-08-27,22.214
2013-08-28,22.162
2013-08-29,22.412
2013-08-30,22.606
2013-09-02,22.575
2013-09-03,22.666
2013-09-04,22.602
2013-09-05,22.664
2013-09-06,22.555
2013-09-09,22.406
2013-09-10,22.343
2013-09-11,22.361
2013-09-12,22.367
2013-09-13,22.394
2013-09-16,22.147
2013-09-17,22.126
2013-09-18,22
2013-09-19,21.803
2013-09-20,21.567
2013-09-23,21.49
2013-09-24,21.526
2013-09-25,21.667
2013-09-26,21.724
2013-09-27,22.002
2013-09-30,22.06
2013-10-01,21.995
2013-10-02,21.853
2013-10-03,21.65
2013-10-04,21.594
2013-10-07,21.63
2013-10-08,21.552
2013-10-09,21.621
2013-10-10,21.588
2013-10-11,21.61
2013-10-14,21.679
2013-10-15,21.71
2013-10-16,21.67
2013-10-17,21.584
2013-10-18,21.544
2013-10-21,21.551
2013-10-22,21.559
2013-10-23,21.571
2013-10-24,21.629
2013-10-25,21.627
2013-10-28,21.67
2013-10-29,21.659
2013-10-30,21.504
2013-10-31,21.553
2013-11-01,21.626
2013-11-04,21.586
2013-11-05,21.637
2013-11-06,21.597
2013-11-07,21.578
2013-11-08,21.554
2013-11-11,21.55
2013-11-12,21.537
2013-11-13,21.475
2013-11-14,21.344
2013-11-15,21.178
2013-11-18,20.974
2013-11-19,20.993
2013-11-20,21.129
2013-11-21,21.421
2013-11-22,21.174
2013-11-25,21.167
2013-11-26,21.192
2013-11-27,21.188
2013-11-28,21.218
2013-11-29,21.188
2013-12-02,21.189
2013-12-03,21.287
2013-12-04,21.519
2013-12-05,21.524
2013-12-06,21.313
2013-12-09,21.242
2013-12-10,21.215
2013-12-11,21.331
2013-12-12,21.311
2013-12-13,21.302
2013-12-16,21.261
2013-12-17,21.272
2013-12-18,21.343
2013-12-19,21.453
2013-12-20,21.45
2013-12-23,21.407
2013-12-24,21.404
2013-12-26,21.481
2013-12-27,21.531
2013-12-30,21.424
2013-12-31,21.424
2014-01-02,21.513
2014-01-03,21.364
2014-01-07,21.326
2014-01-08,21.403
2014-01-09,21.541
2014-01-10,21.568
2014-01-13,21.596
2014-01-14,21.566
2014-01-15,21.499
2014-01-16,21.494
2014-01-17,21.451
2014-01-20,21.305
2014-01-21,21.373
2014-01-22,21.467
2014-01-23,21.595
2014-01-24,21.699
2014-01-27,22.11
2014-01-28,22.172
2014-01-29,22.324
2014-01-30,22.197
2014-01-31,22.211
2014-02-03,22.14
2014-02-04,22.164
2014-02-05,22.199
2014-02-06,22.173
2014-02-07,22.158
2014-02-10,22.228
2014-02-11,22.238
2014-02-12,22.27
2014-02-13,22.399
2014-02-14,22.409
2014-02-17,22.573
2014-02-18,22.59
2014-02-19,22.589
2014-02-20,22.572
2014-02-21,22.517
2014-02-24,22.341
2014-02-25,22.367
2014-02-26,22.432
2014-02-27,22.629
2014-02-28,22.489
2014-03-05,22.387
2014-03-06,22.242
2014-03-07,22.318
2014-03-10,22.388
2014-03-11,22.586
2014-03-12,22.656
2014-03-13,22.671
2014-03-14,22.64
2014-03-17,22.614
2014-03-18,22.724
2014-03-19,22.776
2014-03-20,22.926
2014-03-21,22.896
2014-03-24,22.899
2014-03-25,22.816
2014-03-26,22.721
2014-03-27,22.545
2014-03-28,22.583
2014-03-31,22.668
2014-04-01,22.748
2014-04-02,22.85
2014-04-03,22.915
2014-04-04,22.753
2014-04-07,22.634
2014-04-08,22.665
2014-04-09,22.782
2014-04-10,22.779
2014-04-11,22.767
2014-04-14,22.79
2014-04-15,22.902
2014-04-16,22.896
2014-04-21,22.893
2014-04-22,22.946
2014-04-23,22.97
2014-04-24,22.893
2014-04-25,22.893
2014-04-28,22.91
2014-04-29,23.003
2014-04-30,23.07
2014-05-02,22.979
2014-05-05,23.028
2014-05-06,23.048
2014-05-07,23.041
2014-05-08,23.001
2014-05-09,22.988
2014-05-12,23.013
2014-05-13,22.996
2014-05-14,23.003
2014-05-15,23.013
2014-05-16,23.012
2014-05-19,23.06
2014-05-20,23.069
2014-05-21,23.063
2014-05-22,23.047
2014-05-23,23.025
2014-05-26,23.036
2014-05-27,23.033
2014-05-28,23.029
2014-05-29,23.017
2014-05-30,22.96
2014-06-02,22.985
2014-06-03,22.999
2014-06-04,23.031
2014-06-05,23.001
2014-06-06,22.976
2014-06-09,22.988
2014-06-10,22.989
2014-06-11,23.005
2014-06-12,22.983
2014-06-13,22.944
2014-06-16,22.969
2014-06-17,22.985
2014-06-18,22.977
2014-06-20,22.971
2014-06-23,22.922
2014-06-24,22.886
2014-06-25,22.845
2014-06-26,22.849
2014-06-27,22.883
2014-06-30,22.929
2014-07-01,22.967
2014-07-02,22.978
2014-07-03,23.02
2014-07-04,23.025
2014-07-07,22.985
2014-07-08,22.935
2014-07-09,22.894
2014-07-10,22.915
2014-07-11,22.898
2014-07-14,22.937
2014-07-15,22.956
2014-07-16,22.976
2014-07-17,22.98
2014-07-21,22.942
2014-07-22,22.922
2014-07-23,22.959
2014-07-24,22.993
2014-07-25,23.013
2014-07-28,23.042
2014-07-29,23.186
2014-07-30,23.204
2014-07-31,23.338
2014-08-01,23.348
2014-08-04,23.312
2014-08-05,23.383
2014-08-06,23.434
2014-08-07,23.531
2014-08-08,23.582
2014-08-11,23.528
2014-08-12,23.618
2014-08-13,23.747
2014-08-14,23.837
2014-08-15,23.763
2014-08-18,23.777
2014-08-19,23.86
2014-08-20,23.925
2014-08-21,24.025
2014-08-22,24.151
2014-08-26,24.02
2014-08-27,23.951
2014-08-28,23.831
2014-08-29,23.764
2014-09-01,23.858
2014-09-02,24.013
2014-09-03,24.001
2014-09-04,24.093
2014-09-05,24.026
2014-09-08,24.045
2014-09-09,24.16
2014-09-10,24.217
2014-09-11,24.217
2014-09-12,24.321
2014-09-15,24.315
2014-09-16,24.201
2014-09-17,24.259
2014-09-18,24.353
2014-09-19,24.352
2014-09-22,24.445
2014-09-23,24.519
2014-09-24,24.611
2014-09-25,24.777
2014-09-26,24.774
2014-09-29,24.765
2014-09-30,24.702
2014-10-01,24.507
2014-10-02,24.516
2014-10-03,24.581
2014-10-06,24.364
2014-10-07,24.332
2014-10-08,24.382
2014-10-09,24.398
2014-10-10,24.455
2014-10-13,24.363
2014-10-14,24.382
2014-10-15,24.428
2014-10-16,24.525
2014-10-17,24.41
2014-10-20,24.341
2014-10-21,24.297
2014-10-22,24.203
2014-10-23,24.299
2014-10-24,24.274
2014-10-27,24.261
2014-10-28,23.987
2014-10-29,23.807
2014-10-30,23.951
2014-10-31,24.198
2014-11-03,24.31
2014-11-04,24.406
2014-11-05,24.367
2014-11-06,24.302
2014-11-07,24.283
2014-11-10,24.133
2014-11-11,24.053
2014-11-12,24.161
2014-11-13,24.136
2014-11-14,24.176
2014-11-17,24.039
2014-11-18,23.907
2014-11-19,23.907
2014-11-20,23.878
2014-11-21,23.74
2014-11-24,23.624
2014-11-25,23.542
2014-11-26,23.61
2014-11-27,23.558
2014-11-28,23.726
2014-12-01,23.934
2014-12-02,24.041
2014-12-03,23.977
2014-12-04,24.012
2014-12-05,23.928
2014-12-08,23.898
2014-12-09,23.909
2014-12-10,23.97
2014-12-11,24.07
2014-12-12,24.184
2014-12-15,24.399
2014-12-16,24.597
2014-12-17,24.32
2014-12-18,24.086
2014-12-19,23.991
2014-12-22,24.174
2014-12-23,24.228
2014-12-24,24.122
2014-12-26,24.035
2014-12-29,23.999
2014-12-30,24.369
2014-12-31,24.369
2015-01-02,24.111
2015-01-05,24.182
2015-01-07,24.222
2015-01-08,24.38
2015-01-09,24.477
2015-01-12,24.582
2015-01-13,24.724
2015-01-14,24.828
2015-01-15,24.828
2015-01-16,24.722
2015-01-19,24.551
2015-01-20,24.549
2015-01-21,24.483
2015-01-22,24.468
2015-01-23,24.536
2015-01-26,24.404
2015-01-27,24.248
2015-01-28,24.298
2015-01-29,24.342
2015-01-30,24.473
2015-02-02,24.408
2015-02-03,24.31
2015-02-04,24.321
2015-02-05,24.44
2015-02-06,24.475
2015-02-09,24.519
2015-02-10,24.595
2015-02-11,24.835
2015-02-12,24.745
2015-02-13,24.615
2015-02-18,24.475
2015-02-19,24.632
2015-02-20,24.678
2015-02-23,24.772
2015-02-24,24.659
2015-02-25,24.631
2015-02-26,24.565
2015-02-27,24.655
2015-03-02,24.537
2015-03-03,24.674
2015-03-04,24.775
2015-03-05,24.718
2015-03-06,24.863
2015-03-09,25.104
2015-03-10,25.158
2015-03-11,25.125
2015-03-12,25.141
2015-03-13,25.35
2015-03-16,25.273
2015-03-17,25.482
2015-03-18,25.535
2015-03-19,25.62
2015-03-20,25.533
2015-03-23,25.499
2015-03-24,25.445
2015-03-25,25.498
2015-03-26,25.68
2015-03-27,25.848
2015-03-30,25.733
2015-03-31,25.709
2015-04-01,25.71
2015-04-06,25.602
2015-04-07,25.78
2015-04-08,25.929
2015-04-09,26.122
2015-04-10,26.433
2015-04-13,26.319
2015-04-14,26.594
2015-04-15,26.824
2015-04-16,26.742
2015-04-17,26.664
2015-04-20,26.68
2015-04-21,26.785
2015-04-22,26.849
2015-04-23,26.717
2015-04-24,26.424
2015-04-27,26.15
2015-04-28,25.946
2015-04-29,26.331
2015-04-30,26.421
2015-05-04,26.519
2015-05-05,26.444
2015-05-06,26.373
2015-05-07,26.437
2015-05-08,26.367
2015-05-11,26.447
2015-05-12,26.532
2015-05-13,26.523
2015-05-14,26.626
2015-05-15,26.591
2015-05-19,26.682
2015-05-20,26.708
2015-05-21,26.801
2015-05-22,26.892
2015-05-25,26.92
2015-05-26,26.975
2015-05-27,27.03
2015-05-28,26.933
2015-05-29,26.843
2015-06-01,26.885
2015-06-02,26.821
2015-06-03,26.863
2015-06-04,26.821
2015-06-05,26.848
2015-06-08,26.74
2015-06-09,26.7
2015-06-10,26.726
2015-06-11,26.809
2015-06-12,26.797
2015-06-15,26.892
2015-06-16,26.851
2015-06-17,26.832
2015-06-18,26.765
2015-06-22,26.828
2015-06-23,26.901
2015-06-24,26.882
2015-06-25,26.867
2015-06-26,26.903
2015-06-29,27.017
2015-06-30,27.07
2015-07-01,27.189
2015-07-02,27.148
2015-07-03,27.145
2015-07-06,27.284
2015-07-07,27.478
2015-07-08,27.588
2015-07-09,27.448
2015-07-10,27.385
2015-07-13,27.337
2015-07-14,27.387
2015-07-15,27.5
2015-07-16,27.484
2015-07-17,27.557
2015-07-20,27.634
2015-07-21,27.559
2015-07-22,27.777
2015-07-23,28.142
2015-07-24,28.531
2015-07-27,28.454
2015-07-28,28.56
2015-07-29,28.357
2015-07-30,28.426
2015-07-31,28.531
2015-08-03,28.652
2015-08-04,28.494
2015-08-05,28.488
2015-08-07,28.499
2015-08-10,28.409
2015-08-11,28.471
2015-08-12,28.427
2015-08-13,28.451
2015-08-14,28.483
2015-08-17,28.48
2015-08-18,28.518
2015-08-19,28.522
2015-08-20,28.482
2015-08-21,28.499
2015-08-24,28.593
2015-08-26,28.532
2015-08-27,28.501
2015-08-28,28.512
2015-08-31,28.598
2015-09-01,28.649
2015-09-02,28.659
2015-09-03,28.682
2015-09-04,28.678
2015-09-07,28.694
2015-09-08,28.693
2015-09-09,28.679
2015-09-10,28.865
2015-09-11,28.856
2015-09-14,28.843
2015-09-15,28.881
2015-09-16,28.84
2015-09-17,28.832
2015-09-18,28.818
2015-09-21,28.842
2015-09-22,28.876
2015-09-23,28.903
2015-09-24,29.18
2015-09-25,28.946
2015-09-28,28.928
2015-09-29,29.08
2015-09-30,29.126
2015-10-01,29.096
2015-10-02,29.147
2015-10-05,29.181
2015-10-06,29.203
2015-10-07,29.15
2015-10-08,29.128
2015-10-09,29.133
2015-10-13,29.478
2015-10-14,29.47
2015-10-15,29.395
2015-10-16,29.374
2015-10-19,29.427
2015-10-20,29.441
2015-10-21,29.471
2015-10-22,29.483
2015-10-23,29.453
2015-10-26,29.414
2015-10-27,29.412
2015-10-28,29.404
2015-10-29,29.437
2015-10-30,29.416
2015-11-03,29.364
2015-11-04,29.388
2015-11-05,29.463
2015-11-06,29.504
2015-11-09,29.507
2015-11-10,29.499
2015-11-11,29.483
2015-11-12,29.522
2015-11-13,29.522
2015-11-16,29.527
2015-11-17,29.529
2015-11-18,29.549
2015-11-19,29.522
2015-11-20,29.544
2015-11-23,29.565
2015-11-24,29.606
2015-11-25,29.597
2015-11-26,29.613
2015-11-27,29.653
2015-11-30,29.648
2015-12-01,29.638
2015-12-02,29.64
2015-12-03,29.654
2015-12-04,29.651
2015-12-07,29.649
2015-12-08,29.701
2015-12-09,29.707
2015-12-10,29.722
2015-12-11,29.818
2015-12-14,29.857
2015-12-15,29.854
2015-12-16,29.862
2015-12-17,29.857
2015-12-18,29.831
2015-12-21,29.831
2015-12-22,29.804
2015-12-23,29.813
2015-12-24,29.787
2015-12-28,29.815
2015-12-29,29.939
2015-12-30,29.948
2015-12-31,29.948
2016-01-04,30.189
2016-01-05,30.264
2016-01-07,30.521
2016-01-08,30.551
2016-01-11,30.675
2016-01-12,30.751
2016-01-13,30.766
2016-01-14,30.744
2016-01-15,30.839
2016-01-18,30.902
2016-01-19,30.9
2016-01-20,31.011
2016-01-21,31.075
2016-01-22,31.03
2016-01-25,31.072
2016-01-26,31.084
2016-01-27,31.028
2016-01-28,31.058
2016-01-29,31.074
2016-02-01,31.057
2016-02-02,31.169
2016-02-03,31.153
2016-02-04,31.186
2016-02-05,31.322
2016-02-10,31.466
2016-02-11,31.751
2016-02-12,31.894
2016-02-15,31.917
2016-02-16,31.9
2016-02-17,31.875
2016-02-18,31.902
2016-02-19,31.993
2016-02-22,31.957
2016-02-23,32
2016-02-24,32.09
2016-02-25,32.112
2016-02-26,32.203
2016-02-29,32.345
2016-03-01,32.557
2016-03-02,32.579
2016-03-03,32.366
2016-03-04,32.177
2016-03-07,32.201
2016-03-08,32.121
2016-03-09,32.033
2016-03-10,31.86
2016-03-11,31.83
2016-03-14,32.158
2016-03-15,32.384
2016-03-16,32.39
2016-03-17,32.286
2016-03-18,32.236
2016-03-21,32.22
2016-03-22,32.132
2016-03-23,32.124
2016-03-28,32.081
2016-03-29,32.065
2016-03-30,31.884
2016-03-31,31.742
2016-04-01,31.845
2016-04-04,31.403
2016-04-05,31.237
2016-04-06,31.36
2016-04-07,31.165
2016-04-08,31.028
2016-04-11,31.064
2016-04-12,31.018
2016-04-13,30.998
2016-04-14,31.339
2016-04-15,31.875
2016-04-19,31.854
2016-04-20,31.717
2016-04-21,31.871
2016-04-22,31.82
2016-04-25,31.847
2016-04-26,31.947
2016-04-27,32.005
2016-04-28,31.845
2016-04-29,31.542
2016-05-02,31.424
2016-05-03,31.682
2016-05-04,31.816
2016-05-05,31.651
2016-05-06,31.568
2016-05-09,31.664
2016-05-10,31.505
2016-05-11,31.375
2016-05-12,31.418
2016-05-13,31.594
2016-05-17,31.563
2016-05-18,31.489
2016-05-19,31.633
2016-05-20,31.337
2016-05-23,31.313
2016-05-24,31.209
2016-05-25,31.25
2016-05-26,31.172
2016-05-27,31.158
2016-05-30,31.036
2016-05-31,30.788
2016-06-01,31.055
2016-06-02,31.277
2016-06-03,31.028
2016-06-06,30.645
2016-06-07,30.691
2016-06-08,30.607
2016-06-09,30.715
2016-06-10,30.846
2016-06-13,31.039
2016-06-14,30.752
2016-06-15,30.597
2016-06-16,30.722
2016-06-17,30.662
2016-06-20,30.62
2016-06-21,30.552
2016-06-22,30.687
2016-06-23,30.721
2016-06-24,31.005
2016-06-27,31.095
2016-06-28,30.685
2016-06-29,30.488
2016-06-30,30.617
2016-07-01,30.415
2016-07-04,30.634
2016-07-05,30.775
2016-07-06,30.676
2016-07-07,30.508
2016-07-08,30.399
2016-07-11,30.414
2016-07-12,30.36
2016-07-13,30.379
2016-07-15,30.21
2016-07-19,29.931
2016-07-20,29.518
2016-07-21,29.452
2016-07-22,29.921
2016-07-25,29.732
2016-07-26,29.653
2016-07-27,29.386
2016-07-28,29.656
2016-07-29,29.812
2016-08-01,29.71
2016-08-02,29.561
2016-08-03,29.637
2016-08-04,29.484
2016-08-05,29.216
2016-08-08,29.117
2016-08-09,29.001
2016-08-10,28.831
2016-08-11,28.744
2016-08-12,28.821
2016-08-15,28.798
2016-08-16,28.615
2016-08-17,28.563
2016-08-18,28.441
2016-08-19,28.521
2016-08-22,28.507
2016-08-23,28.571
2016-08-24,28.832
2016-08-26,28.632
2016-08-29,28.583
2016-08-30,28.578
2016-08-31,28.848
2016-09-01,28.747
2016-09-02,28.827
2016-09-05,29.034
2016-09-06,29.181
2016-09-07,29.286
2016-09-08,29.25
2016-09-09,29.353
2016-09-12,29.294
2016-09-13,29.085
2016-09-15,28.879
2016-09-16,28.535
2016-09-19,28.506
2016-09-20,28.5
2016-09-21,28.537
2016-09-22,28.457
2016-09-23,28.533
2016-09-26,28.457
2016-09-27,28.492
2016-09-28,28.531
2016-09-29,28.512
2016-09-30,28.437
2016-10-03,28.262
2016-10-04,28.375
2016-10-05,28.23
2016-10-06,28.088
2016-10-07,28.07
2016-10-11,28.059
2016-10-12,28.082
2016-10-13,28.123
2016-10-14,28.113
2016-10-17,28.062
2016-10-18,28.08
2016-10-19,28.104
2016-10-20,28.075
2016-10-21,28.082
2016-10-24,28.079
2016-10-25,28.069
2016-10-26,28.114
2016-10-27,28.215
2016-10-28,28.401
2016-10-31,28.336
2016-11-01,28.252
2016-11-03,28.244
2016-11-04,28.207
2016-11-07,28.085
2016-11-08,28.073
2016-11-09,28.149
2016-11-10,28.363
2016-11-11,28.575
2016-11-14,28.819
2016-11-15,28.682
2016-11-16,28.813
2016-11-17,28.958
2016-11-18,29.164
2016-11-21,29.066
2016-11-22,29.053
2016-11-23,29.206
2016-11-24,29.16
2016-11-25,29.211
2016-11-28,29.14
2016-11-29,29.131
2016-11-30,29.014
2016-12-01,29.079
2016-12-02,29.042
2016-12-05,28.939
2016-12-06,28.796
2016-12-07,28.599
2016-12-08,28.77
2016-12-09,28.998
2016-12-12,28.851
2016-12-13,28.712
2016-12-14,28.508
2016-12-15,28.779
2016-12-16,28.767
2016-12-19,28.805
2016-12-20,28.745
2016-12-21,28.602
2016-12-22,28.584
2016-12-23,28.479
2016-12-26,28.56
2016-12-27,28.981
2016-12-28,29.113
2016-12-29,29.368
2016-12-30,29.34
2016-12-31,29.34
2017-01-02,28.795
2017-01-03,28.599
2017-01-04,28.685
2017-01-05,28.668
2017-01-09,28.728
2017-01-10,28.75
2017-01-11,28.835
2017-01-12,28.737
2017-01-13,28.808
2017-01-16,28.819
2017-01-17,28.718
2017-01-18,28.7
2017-01-19,28.611
2017-01-20,28.659
2017-01-23,28.49
2017-01-24,28.382
2017-01-25,28.479
2017-01-26,28.379
2017-01-27,28.399
2017-01-30,28.342
2017-01-31,28.245
2017-02-01,28.296
2017-02-02,28.397
2017-02-03,28.47
2017-02-06,28.402
2017-02-07,28.479
2017-02-08,28.684
2017-02-09,28.615
2017-02-10,28.672
2017-02-13,28.61
2017-02-14,28.47
2017-02-15,28.426
2017-02-16,28.335
2017-02-17,28.314
2017-02-20,28.309
2017-02-21,28.368
2017-02-22,28.431
2017-02-23,28.482
2017-02-24,28.552
2017-03-01,28.505
2017-03-02,28.344
2017-03-03,28.299
2017-03-06,28.253
2017-03-07,28.311
2017-03-08,28.461
2017-03-09,28.515
2017-03-10,28.419
2017-03-13,28.369
2017-03-14,28.43
2017-03-15,28.371
2017-03-16,28.245
2017-03-17,28.292
2017-03-20,28.226
2017-03-21,28.328
2017-03-22,28.371
2017-03-23,28.551
2017-03-24,28.44
2017-03-27,28.459
2017-03-28,28.47
2017-03-29,28.663
2017-03-30,28.701
2017-03-31,28.544
2017-04-03,28.511
2017-04-04,28.546
2017-04-05,28.56
2017-04-06,28.46
2017-04-07,28.463
2017-04-10,28.464
2017-04-11,28.5
2017-04-12,28.525
2017-04-18,28.442
2017-04-19,28.455
2017-04-20,28.456
2017-04-21,28.463
2017-04-24,28.394
2017-04-25,28.257
2017-04-26,28.123
2017-04-27,28.114
2017-04-28,28.123
2017-05-02,28.114
2017-05-03,28.007
2017-05-04,27.981
2017-05-05,27.823
2017-05-08,28.038
2017-05-09,28.091
2017-05-10,28.06
2017-05-11,28.042
2017-05-12,27.989
2017-05-15,28.056
2017-05-16,28.073
2017-05-17,28.108
2017-05-18,28.359
2017-05-19,28.259
2017-05-23,28.218
2017-05-24,28.238
2017-05-25,28.246
2017-05-26,28.252
2017-05-29,28.252
2017-05-30,28.256
2017-05-31,28.292
2017-06-01,28.352
2017-06-02,28.313
2017-06-05,28.35
2017-06-06,28.419
2017-06-07,28.494
2017-06-08,28.518
2017-06-09,28.491
2017-06-12,28.366
2017-06-13,28.367
2017-06-14,28.286
2017-06-15,28.311
2017-06-16,28.295
2017-06-20,28.323
2017-06-21,28.368
2017-06-22,28.379
2017-06-23,28.351
2017-06-26,28.333
2017-06-27,28.35
2017-06-28,28.369
2017-06-29,28.417
2017-06-30,28.495
2017-07-03,28.591
2017-07-04,28.721
2017-07-05,28.891
2017-07-06,29.043
2017-07-07,28.939
2017-07-10,28.935
2017-07-11,28.841
2017-07-12,28.724
2017-07-13,28.775
2017-07-14,28.638
2017-07-17,28.635
2017-07-19,28.62
2017-07-21,28.494
2017-07-24,28.484
2017-07-25,28.494
2017-07-26,28.442
2017-07-27,28.357
2017-07-28,28.312
2017-07-31,28.251
2017-08-01,28.304
2017-08-02,28.374
2017-08-03,28.377
2017-08-04,28.427
2017-08-07,28.615
2017-08-08,28.619
2017-08-09,28.764
2017-08-10,28.849
2017-08-11,28.895
2017-08-14,28.765
2017-08-15,28.533
2017-08-16,28.609
2017-08-17,28.592
2017-08-18,28.677
2017-08-21,28.81
2017-08-22,28.712
2017-08-23,28.907
2017-08-24,28.812
2017-08-28,28.728
2017-08-29,28.769
2017-08-30,28.843
2017-08-31,28.849
2017-09-01,28.831
2017-09-04,28.82
2017-09-05,28.776
2017-09-06,28.824
2017-09-07,28.852
2017-09-08,28.784
2017-09-11,28.817
2017-09-12,28.852
2017-09-13,29.007
2017-09-14,29.011
2017-09-15,28.918
2017-09-18,28.892
2017-09-19,28.906
2017-09-20,28.887
2017-09-21,28.916
2017-09-22,28.87
2017-09-25,28.896
2017-09-26,28.953
2017-09-27,29.147
2017-09-28,29.191
2017-09-29,28.98
2017-10-02,29.13
2017-10-03,29.187
2017-10-04,29.195
2017-10-05,29.209
2017-10-06,29.193
2017-10-09,29.233
2017-10-10,29.347
2017-10-11,29.326
2017-10-12,29.408
2017-10-13,29.413
2017-10-17,29.437
2017-10-18,29.522
2017-10-19,29.605
2017-10-20,29.665
2017-10-23,29.647
2017-10-24,29.693
2017-10-25,29.502
2017-10-26,29.406
2017-10-27,29.414
2017-10-30,29.226
2017-10-31,29.176
2017-11-01,29.23
2017-11-03,29.199
2017-11-06,29.196
2017-11-07,29.209
2017-11-08,29.181
2017-11-09,29.213
2017-11-10,29.249
2017-11-13,29.322
2017-11-14,29.401
2017-11-15,29.513
2017-11-16,29.41
2017-11-17,29.386
2017-11-20,29.406
2017-11-21,29.366
2017-11-22,29.353
2017-11-23,29.217
2017-11-24,29.095
2017-11-27,28.971
2017-11-28,28.938
2017-11-29,28.998
2017-11-30,28.998
2017-12-01,28.992
2017-12-04,28.987
2017-12-05,28.995
2017-12-06,28.995
2017-12-07,29.094
2017-12-08,28.974
2017-12-11,28.954
2017-12-12,28.959
2017-12-13,28.858
2017-12-14,28.779
2017-12-15,28.733
2017-12-18,28.74
2017-12-19,28.817
2017-12-20,28.761
2017-12-21,28.865
2017-12-22,28.8
2017-12-26,28.853
2017-12-27,28.814
2017-12-28,28.822
2017-12-29,28.807
2017-12-31,28.807
2018-01-02,28.763
2018-01-03,28.681
2018-01-04,28.653
2018-01-05,28.655
2018-01-08,28.667
2018-01-09,28.694
2018-01-10,28.677
2018-01-11,28.626
2018-01-12,28.627
2018-01-15,28.595
2018-01-16,28.61
2018-01-17,28.614
2018-01-18,28.588
2018-01-19,28.557
2018-01-22,28.503
2018-01-23,28.503
2018-01-24,28.459
2018-01-25,28.418
2018-01-26,28.4
2018-01-29,28.439
2018-01-30,28.451
2018-01-31,28.414
2018-02-01,28.41
2018-02-02,28.502
2018-02-05,28.499
2018-02-06,28.497
2018-02-07,28.54
2018-02-08,28.664
2018-02-09,28.808
2018-02-14,28.903
2018-02-15,28.504
2018-02-16,28.469
2018-02-19,28.473
2018-02-20,28.514
2018-02-21,28.519
2018-02-22,28.511
2018-02-23,28.434
2018-02-26,28.396
2018-02-27,28.355
2018-02-28,28.356
2018-03-01,28.41
2018-03-02,28.448
2018-03-05,28.382
2018-03-06,28.319
2018-03-07,28.339
2018-03-08,28.349
2018-03-09,28.358
2018-03-12,28.365
2018-03-13,28.365
2018-03-14,28.352
2018-03-15,28.382
2018-03-16,28.401
2018-03-19,28.482
2018-03-20,28.485
2018-03-21,28.509
2018-03-22,28.441
2018-03-23,28.349
2018-03-26,28.311
2018-03-27,28.394
2018-03-28,28.389
2018-04-02,28.386
2018-04-03,28.311
2018-04-04,28.334
2018-04-05,28.277
2018-04-06,28.318
2018-04-09,28.285
2018-04-10,28.249
2018-04-11,28.277
2018-04-12,28.29
2018-04-13,28.27
2018-04-16,28.28
2018-04-17,28.264
2018-04-18,28.234
2018-04-19,28.224
2018-04-20,28.165
2018-04-24,28.3
2018-04-25,28.369
2018-04-26,28.426
2018-04-27,28.464
2018-04-30,28.61
2018-05-02,28.962
2018-05-03,29.161
2018-05-04,29.156
2018-05-07,29.351
2018-05-08,29.959
2018-05-09,30.455
2018-05-10,30.006
2018-05-11,30.221
2018-05-14,30.559
2018-05-15,31.145
2018-05-16,30.739
2018-05-17,31.151
2018-05-18,31.407
2018-05-22,31.245
2018-05-23,31.244
2018-05-24,31.254
2018-05-25,31.281
2018-05-28,31.197
2018-05-29,31.148
2018-05-30,30.978
2018-05-31,31.192
2018-06-01,31.171
2018-06-04,31.091
2018-06-05,31.115
2018-06-06,31.046
2018-06-07,31.349
2018-06-08,31.288
2018-06-11,31.278
2018-06-12,31.301
2018-06-13,31.358
2018-06-14,31.522
2018-06-15,31.606
2018-06-18,31.562
2018-06-20,31.716
2018-06-21,31.674
2018-06-22,31.451
2018-06-25,31.39
2018-06-26,31.235
2018-06-27,31.383
2018-06-28,31.308
2018-06-29,31.466
2018-07-02,31.599
2018-07-03,31.446
2018-07-04,31.45
2018-07-05,31.375
2018-07-06,31.495
2018-07-09,31.409
2018-07-10,31.303
2018-07-11,31.374
2018-07-12,31.352
2018-07-13,31.354
2018-07-16,31.277
2018-07-17,31.164
2018-07-19,31.221
2018-07-20,31.027
2018-07-23,31.071
2018-07-24,30.911
2018-07-25,30.725
2018-07-26,30.722
2018-07-27,30.692
2018-07-30,30.538
2018-07-31,30.553
2018-08-01,30.497
2018-08-02,30.719
2018-08-03,30.568
2018-08-06,30.401
2018-08-07,30.041
2018-08-08,30.166
2018-08-09,30.686
2018-08-10,31.14
2018-08-13,31.432
2018-08-14,31.306
2018-08-15,31.565
2018-08-16,31.459
2018-08-17,31.585
2018-08-20,31.71
2018-08-21,31.837
2018-08-23,31.904
2018-08-24,31.91
2018-08-27,31.778
2018-08-28,31.933
2018-08-29,32.001
2018-08-30,32.192
2018-08-31,32.339
2018-09-03,32.452
2018-09-04,32.711
2018-09-05,32.818
2018-09-06,32.525
2018-09-07,32.388
2018-09-10,32.703
2018-09-11,32.861
2018-09-12,32.832
2018-09-13,32.991
2018-09-14,33.154
2018-09-17,33.15
2018-09-18,33.123
2018-09-19,33.102
2018-09-20,32.883
2018-09-21,32.786
2018-09-24,32.625
2018-09-25,33.023
2018-09-26,32.943
2018-09-27,33.044
2018-09-28,33.214
2018-10-01,33.212
2018-10-02,32.877
2018-10-03,32.793
2018-10-04,33.08
2018-10-05,33.043
2018-10-08,32.884
2018-10-09,32.779
2018-10-10,32.942
2018-10-11,32.971
2018-10-12,32.96
2018-10-16,32.844
2018-10-17,32.771
2018-10-18,32.78
2018-10-19,32.877
2018-10-22,32.76
2018-10-23,32.849
2018-10-24,32.881
2018-10-25,32.868
2018-10-26,32.877
2018-10-29,32.811
2018-10-30,32.805
2018-10-31,32.827
2018-11-01,32.808
2018-11-05,32.758
2018-11-06,32.756
2018-11-07,32.731
2018-11-08,32.642
2018-11-09,32.546
2018-11-12,32.587
2018-11-13,32.638
2018-11-14,32.733
2018-11-15,32.635
2018-11-16,32.458
2018-11-19,32.484
2018-11-20,32.5
2018-11-21,32.496
2018-11-22,32.447
2018-11-23,32.393
2018-11-26,32.496
2018-11-27,32.523
2018-11-28,32.383
2018-11-29,32.071
2018-11-30,32.197
2018-12-03,31.987
2018-12-04,31.994
2018-12-05,32.056
2018-12-06,32.154
2018-12-07,32.133
2018-12-10,32.192
2018-12-11,32.204
2018-12-12,32.223
2018-12-13,32.268
2018-12-14,32.297
2018-12-17,32.242
2018-12-18,32.222
2018-12-19,32.238
2018-12-20,32.25
2018-12-21,32.261
2018-12-24,32.266
2018-12-26,32.297
2018-12-27,32.37
2018-12-28,32.406
2019-01-02,32.441
2019-01-03,32.459
2019-01-04,32.497
2019-01-07,32.509
2019-01-08,32.536
2019-01-09,32.599
2019-01-10,32.759
2019-01-11,32.793
2019-01-14,32.673
2019-01-15,32.671
2019-01-16,32.684
2019-01-17,32.671
2019-01-18,32.622
2019-01-21,32.623
2019-01-22,32.615
2019-01-23,32.615
2019-01-24,32.598
2019-01-25,32.606
2019-01-28,32.595
2019-01-29,32.539
2019-01-30,32.569
2019-01-31,32.491
2019-02-01,32.483
2019-02-04,32.485
2019-02-05,32.489
2019-02-06,32.544
2019-02-07,32.6
2019-02-08,32.588
2019-02-11,32.608
2019-02-12,32.572
2019-02-13,32.592
2019-02-14,32.605
2019-02-15,32.615
2019-02-18,32.625
2019-02-19,32.651
2019-02-20,32.675
2019-02-21,32.725
2019-02-22,32.676
2019-02-25,32.66
2019-02-26,32.663
2019-02-27,32.673
2019-02-28,32.667
2019-03-01,32.676
2019-03-06,32.698
2019-03-07,32.942
2019-03-08,33.085
2019-03-11,33.078
2019-03-12,33.094
2019-03-13,33.405
2019-03-14,33.526
2019-03-15,33.466
2019-03-18,33.429
2019-03-19,33.227
2019-03-20,33.343
2019-03-21,33.379
2019-03-22,33.633
2019-03-25,33.524
2019-03-26,33.435
2019-03-27,33.791
2019-03-28,33.724
2019-03-29,33.484
2019-04-01,33.424
2019-04-02,33.607
2019-04-03,33.707
2019-04-04,33.838
2019-04-05,33.755
2019-04-08,33.785
2019-04-09,33.941
2019-04-10,33.893
2019-04-11,34.128
2019-04-12,34.068
2019-04-15,34.054
2019-04-16,34.22
2019-04-17,34.244
2019-04-23,34.497
2019-04-24,34.51
2019-04-25,34.636
2019-04-26,34.654
2019-04-29,34.65
2019-04-30,34.981
2019-05-02,35.101
2019-05-03,34.94
2019-05-06,35.036
2019-05-07,34.986
2019-05-08,35.047
2019-05-09,35.129
2019-05-10,35.145
2019-05-13,35.23
2019-05-14,35.21
2019-05-15,35.24
2019-05-16,35.187
2019-05-17,35.256
2019-05-20,35.267
2019-05-21,35.28
2019-05-22,35.278
2019-05-23,35.212
2019-05-24,35.149
2019-05-27,35.088
2019-05-28,35.112
2019-05-29,35.195
2019-05-30,35.237
2019-05-31,35.252
2019-06-03,35.182
2019-06-04,35.053
2019-06-05,35.063
2019-06-06,35.303
2019-06-07,35.362
2019-06-10,35.405
2019-06-11,35.352
2019-06-12,35.296
2019-06-13,35.295
2019-06-14,35.333
2019-06-17,35.303
2019-06-18,35.328
2019-06-20,35.225
2019-06-21,35.194
2019-06-24,35.153
2019-06-26,35.222
2019-06-27,35.255
2019-06-28,35.182
2019-07-01,35.09
2019-07-02,35.187
2019-07-03,35.187
2019-07-04,35.115
2019-07-05,35.217
2019-07-08,35.172
2019-07-09,35.196
2019-07-10,35.106
2019-07-11,35.134
2019-07-12,35.104
2019-07-15,35.097
2019-07-16,35.165
2019-07-17,35.102
2019-07-19,35.016
2019-07-22,34.811
2019-07-23,34.388
2019-07-24,33.83
2019-07-25,34.144
2019-07-26,34.174
2019-07-29,34.205
2019-07-30,34.326
2019-07-31,34.35
2019-08-01,34.595
2019-08-02,34.736
2019-08-05,35.141
2019-08-06,35.148
2019-08-07,35.295
2019-08-08,35.273
2019-08-09,35.344
2019-08-12,35.901
2019-08-13,35.878
2019-08-14,36.15
2019-08-15,36.198
2019-08-16,36.199
2019-08-19,36.343
2019-08-20,36.605
2019-08-21,36.502
2019-08-22,36.33
2019-08-23,36.476
2019-08-26,36.498
2019-08-27,36.501
2019-08-28,36.627
2019-08-29,36.608
2019-08-30,36.642
2019-09-02,36.797
2019-09-03,36.699
2019-09-04,36.651
2019-09-05,36.592
2019-09-06,36.429
2019-09-09,36.476
2019-09-10,36.598
2019-09-11,36.541
2019-09-12,36.462
2019-09-13,36.469
2019-09-16,36.662
2019-09-17,36.766
2019-09-18,36.762
2019-09-19,36.784
2019-09-20,36.794
2019-09-23,36.768
2019-09-24,36.789
2019-09-25,36.88
2019-09-26,36.812
2019-09-27,36.851
2019-09-30,36.939
2019-10-01,37.016
2019-10-02,37.184
2019-10-03,37.176
2019-10-04,37.151
2019-10-07,37.219
2019-10-08,37.225
2019-10-09,37.211
2019-10-10,37.181
2019-10-11,37.13
2019-10-14,37.207
2019-10-15,37.324
2019-10-16,37.34
2019-10-17,37.336
2019-10-18,37.368
2019-10-21,37.392
2019-10-22,37.408
2019-10-23,37.374
2019-10-24,37.398
2019-10-25,37.438
2019-10-28,37.501
2019-10-29,37.453
2019-10-30,37.481
2019-10-31,37.416
2019-11-01,37.422
2019-11-04,37.276
2019-11-05,37.336
2019-11-06,37.456
2019-11-07,37.449
2019-11-08,37.494
2019-11-11,37.476
2019-11-12,37.561
2019-11-13,37.566
2019-11-14,37.67
2019-11-15,37.653
2019-11-18,37.656
2019-11-19,37.656
2019-11-20,37.678
2019-11-21,37.743
2019-11-22,37.77
2019-11-25,37.804
2019-11-26,37.903
2019-11-27,37.996
2019-11-28,38.012
2019-11-29,37.84
2019-12-02,37.69
2019-12-03,37.618
2019-12-04,37.811
2019-12-05,37.811
2019-12-06,37.713
2019-12-09,37.802
2019-12-10,37.977
2019-12-11,37.937
2019-12-12,37.826
2019-12-13,37.784
2019-12-16,37.729
2019-12-17,37.699
2019-12-18,37.696
2019-12-19,37.598
2019-12-20,37.501
2019-12-23,37.087
2019-12-24,36.972
2019-12-26,37.008
2019-12-27,37.134
2019-12-30,37.308
2020-01-02,37.166
2020-01-03,37.279
2020-01-07,37.445
2020-01-08,37.452
2020-01-09,37.384
2020-01-10,37.259
2020-01-13,37.41
2020-01-14,37.358
2020-01-15,37.334
2020-01-16,37.29
2020-01-17,37.306
2020-01-20,37.362
2020-01-21,37.386
2020-01-22,37.312
2020-01-23,37.255
2020-01-24,37.224
2020-01-27,37.354
2020-01-28,37.377
2020-01-29,37.391
2020-01-30,37.583
2020-01-31,37.531
2020-02-03,37.568
2020-02-04,37.583
2020-02-05,37.578
2020-02-06,37.575
2020-02-07,37.724
2020-02-10,37.752
2020-02-11,37.773
2020-02-12,37.91
2020-02-13,38.053
2020-02-14,37.916
2020-02-17,37.906
2020-02-18,38.046
2020-02-19,38.064
2020-02-20,38.254
2020-02-21,38.378
2020-02-26,38.603
2020-02-27,38.96
2020-02-28,39.152
2020-03-02,39.191
2020-03-03,39.558
2020-03-04,40.124
2020-03-05,40.858
2020-03-06,41.64
2020-03-09,43.199
2020-03-10,43.237
2020-03-11,43.414
2020-03-12,44.452
2020-03-13,44.449
2020-03-16,45.542
2020-03-17,45.595
2020-03-18,45.942
2020-03-19,45.795
2020-03-20,44.636
2020-03-23,44.795
2020-03-24,44.281
2020-03-25,43.513
2020-03-26,42.713
2020-03-27,43.855
2020-03-30,43.749
2020-03-31,43.008
2020-04-01,44.003
2020-04-02,44.213
2020-04-03,44.622
2020-04-06,43.635
2020-04-07,43.037
2020-04-08,43.147
2020-04-13,43.51
2020-04-14,43.465
2020-04-15,43.699
2020-04-16,43.507
2020-04-17,43.389
2020-04-20,43.202
2020-04-21,43.248
2020-04-22,43.135
2020-04-23,43.16
2020-04-24,43.702
2020-04-27,43.459
2020-04-28,42.986
2020-04-29,42.438
2020-04-30,42.257
2020-05-04,42.744
2020-05-05,42.536
2020-05-06,43.117
2020-05-07,44.161
2020-05-08,44.062
2020-05-11,43.625
2020-05-12,43.584
2020-05-13,43.915
2020-05-14,44.098
2020-05-15,44.052
2020-05-19,43.584
2020-05-20,43.14
2020-05-21,43.174
2020-05-22,43.391
2020-05-25,43.231
2020-05-26,42.937
2020-05-27,43.203
2020-05-28,43.311
2020-05-29,43.308
2020-06-01,43.312
2020-06-02,43.077
2020-06-03,42.922
2020-06-04,42.955
2020-06-05,42.557
2020-06-08,42.484
2020-06-09,42.522
2020-06-10,42.822
2020-06-11,42.999
2020-06-12,42.745
2020-06-15,42.907
2020-06-16,42.609
2020-06-17,42.468
2020-06-18,42.705
2020-06-22,42.31
2020-06-23,42.164
2020-06-24,42.143
2020-06-25,42.07
2020-06-26,42.058
2020-06-29,42.062
2020-06-30,42.212
2020-07-01,42.175
2020-07-02,42.437
2020-07-03,42.793
2020-07-06,43.163
2020-07-07,43.503
2020-07-08,43.653
2020-07-09,43.647
2020-07-10,43.653
2020-07-13,43.699
2020-07-14,43.815
2020-07-15,43.924
2020-07-16,43.913
2020-07-17,43.723
2020-07-20,43.36
2020-07-21,43.082
2020-07-22,42.622
2020-07-23,42.532
2020-07-24,42.257
2020-07-27,42.392
2020-07-28,42.379
2020-07-29,42.505
2020-07-30,42.541
2020-07-31,42.376
2020-08-03,42.655
2020-08-04,42.771
2020-08-05,42.553
2020-08-06,42.718
2020-08-07,42.642
2020-08-10,42.461
2020-08-11,42.453
2020-08-12,42.534
2020-08-13,42.506
2020-08-14,42.5
2020-08-17,42.722
2020-08-18,42.612
2020-08-19,42.874
2020-08-20,43.192
2020-08-21,42.937
2020-08-24,42.779
2020-08-26,42.702
2020-08-27,42.65
2020-08-28,42.501
2020-08-31,42.587
2020-09-01,42.502
2020-09-02,42.673
2020-09-03,42.593
2020-09-04,42.444
2020-09-07,42.45
2020-09-08,42.558
2020-09-09,42.52
2020-09-10,42.524
2020-09-11,42.492
2020-09-14,42.488
2020-09-15,42.442
2020-09-16,42.434
2020-09-17,42.45
2020-09-18,42.437
2020-09-21,42.504
2020-09-22,42.422
2020-09-23,42.373
2020-09-24,42.439
2020-09-25,42.522
2020-09-28,42.472
2020-09-29,42.483
2020-09-30,42.575
2020-10-01,42.533
2020-10-02,42.557
2020-10-05,42.495
2020-10-06,42.49
2020-10-07,42.512
2020-10-08,42.555
2020-10-09,42.566
2020-10-13,42.624
2020-10-14,42.66
2020-10-15,42.805
2020-10-16,42.892
2020-10-19,42.784
2020-10-20,42.715
2020-10-21,42.679
2020-10-22,42.665
2020-10-23,42.667
2020-10-26,42.674
2020-10-27,42.686
2020-10-28,42.842
2020-10-29,43.033
2020-10-30,43.003
2020-11-03,42.826
2020-11-04,42.862
2020-11-05,42.741
2020-11-06,42.751
2020-11-09,42.529
2020-11-10,42.698
2020-11-11,42.78
2020-11-12,42.842
2020-11-13,42.961
2020-11-16,42.845
2020-11-17,42.746
2020-11-18,42.669
2020-11-19,42.814
2020-11-20,42.794
2020-11-23,42.676
2020-11-24,42.62
2020-11-25,42.633
2020-11-26,42.636
2020-11-27,42.625
2020-11-30,42.521
2020-12-01,42.39
2020-12-02,42.57
2020-12-03,42.631
2020-12-04,42.629
2020-12-07,42.651
2020-12-08,42.671
2020-12-09,42.566
2020-12-10,42.433
2020-12-11,42.446
2020-12-14,42.373
2020-12-15,42.434
2020-12-16,42.425
2020-12-17,42.35
2020-12-18,42.128
2020-12-21,42.194
2020-12-22,42.246
2020-12-23,42.315
2020-12-24,42.233
2020-12-28,42.149
2020-12-29,42.143
2020-12-30,42.34
2020-12-31,42.34
2021-01-04,42.16
2021-01-05,42.332
2021-01-07,42.492
2021-01-08,42.454
2021-01-11,42.619
2021-01-12,42.477
2021-01-13,42.422
2021-01-14,42.388
2021-01-15,42.351
2021-01-18,42.317
2021-01-19,42.241
2021-01-20,42.098
2021-01-21,42.169
2021-01-22,42.156
2021-01-25,42.079
2021-01-26,41.94
2021-01-27,42.188
2021-01-28,42.311
2021-01-29,42.278
2021-02-01,42.27
2021-02-02,42.313
2021-02-03,42.423
2021-02-04,42.621
2021-02-05,42.566
2021-02-08,42.513
2021-02-09,42.595
2021-02-10,42.708
2021-02-11,42.651
2021-02-12,42.612
2021-02-17,42.804
2021-02-18,42.843
2021-02-19,42.849
2021-02-22,43.039
2021-02-23,42.98
2021-02-24,43.049
2021-02-25,43.157
2021-02-26,43.145
2021-03-01,43.15
2021-03-02,43.326
2021-03-03,43.936
2021-03-04,43.903
2021-03-05,44.31
2021-03-08,44.574
2021-03-09,44.64
2021-03-10,44.537
2021-03-11,44.356
2021-03-12,44.534
2021-03-15,44.502
2021-03-16,44.494
2021-03-17,44.603
2021-03-18,44.34
2021-03-19,44.292
2021-03-22,44.234
2021-03-23,44.139
2021-03-24,44.235
2021-03-25,44.387
2021-03-26,44.518
2021-03-29,44.521
2021-03-30,44.359
2021-03-31,44.187
2021-04-05,44.219
2021-04-06,44.247
2021-04-07,44.027
2021-04-08,43.944
2021-04-09,44.093
2021-04-12,44.187
2021-04-13,44.273
2021-04-14,44.13
2021-04-15,44.086
2021-04-16,44.281
2021-04-20,44.184
2021-04-21,44.18
2021-04-22,44.081
2021-04-23,44.061
2021-04-26,44.056
2021-04-27,44.05
2021-04-28,43.964
2021-04-29,43.836
2021-04-30,43.802
2021-05-03,43.867
2021-05-04,44.025
2021-05-05,44.097
2021-05-06,43.973
2021-05-07,43.845
2021-05-10,43.969
2021-05-11,43.976
2021-05-12,44.056
2021-05-13,44.169
2021-05-14,44.182
2021-05-18,44.053
2021-05-19,44.151
2021-05-20,44.051
2021-05-21,44.105
2021-05-24,43.966
2021-05-25,43.937
2021-05-26,43.851
2021-05-27,43.78
2021-05-28,43.847
2021-05-31,43.794
2021-06-01,43.68
2021-06-02,43.63
2021-06-03,43.699
2021-06-04,43.591
2021-06-07,43.567
2021-06-08,43.526
2021-06-09,43.561
2021-06-10,43.593
2021-06-11,43.69
2021-06-14,43.634
2021-06-15,43.644
2021-06-16,43.662
2021-06-17,43.775
2021-06-18,43.813
2021-06-21,43.686
2021-06-22,43.583
2021-06-23,43.422
2021-06-24,43.458
2021-06-25,43.481
2021-06-28,43.547
2021-06-29,43.47
2021-06-30,43.577
2021-07-01,43.655
2021-07-02,43.781
2021-07-05,43.747
2021-07-06,43.884
2021-07-07,44.021
2021-07-08,44.023
2021-07-09,43.849
2021-07-12,43.919
2021-07-13,43.956
2021-07-14,43.836
2021-07-15,43.865
2021-07-16,43.897
2021-07-19,43.992
2021-07-20,43.9
2021-07-21,43.812
2021-07-22,43.741
2021-07-23,43.743
2021-07-26,43.786
2021-07-27,43.792
2021-07-28,43.789
2021-07-29,43.643
2021-07-30,43.704
2021-08-02,43.57
2021-08-03,43.641
2021-08-04,43.695
2021-08-05,43.668
2021-08-06,43.703
2021-08-09,43.652
2021-08-10,43.649
2021-08-11,43.568
2021-08-12,43.343
2021-08-13,43.328
2021-08-16,43.268
2021-08-17,43.203
2021-08-18,43.129
2021-08-19,43.206
2021-08-20,43.225
2021-08-23,42.965
2021-08-24,42.811
2021-08-26,42.603
2021-08-27,42.53
2021-08-30,42.434
2021-08-31,42.464
2021-09-01,42.541
2021-09-02,42.582
2021-09-03,42.688
2021-09-06,42.572
2021-09-07,42.589
2021-09-08,42.699
2021-09-09,42.685
2021-09-10,42.744
2021-09-13,42.741
2021-09-14,42.668
2021-09-15,42.645
2021-09-16,42.611
2021-09-17,42.699
2021-09-20,42.841
2021-09-21,42.739
2021-09-22,42.625
2021-09-23,42.596
2021-09-24,42.689
2021-09-27,42.692
2021-09-28,42.816
2021-09-29,42.884
2021-09-30,42.94
2021-10-01,42.942
2021-10-04,42.994
2021-10-05,43.034
2021-10-06,43.295
2021-10-07,43.296
2021-10-08,43.419
2021-10-12,43.623
2021-10-13,43.774
2021-10-14,43.9
2021-10-15,43.889
2021-10-18,43.764
2021-10-19,43.812
2021-10-20,43.785
2021-10-21,43.896
2021-10-22,43.878
2021-10-25,43.669
2021-10-26,43.54
2021-10-27,43.68
2021-10-28,43.953
2021-10-29,44.181
2021-11-01,44.175
2021-11-03,44.152
2021-11-04,43.974
2021-11-05,43.609
2021-11-08,43.526
2021-11-09,43.51
2021-11-10,43.672
2021-11-11,43.828
2021-11-12,44.097
2021-11-15,44.12
2021-11-16,44.035
2021-11-17,44.105
2021-11-18,44.192
2021-11-19,44.12
2021-11-22,44.022
2021-11-23,44.104
2021-11-24,44.158
2021-11-25,44.05
2021-11-26,44.169
2021-11-29,44.001
2021-11-30,44.1
2021-12-01,44.14
2021-12-02,44.154
2021-12-03,44.146
2021-12-06,44.152
2021-12-07,44.187
2021-12-08,44.172
2021-12-09,44.199
2021-12-10,44.258
2021-12-13,44.22
2021-12-14,44.274
2021-12-15,44.361
2021-12-16,44.465
2021-12-17,44.363
2021-12-20,44.337
2021-12-21,44.328
2021-12-22,44.383
2021-12-23,44.4
2021-12-24,44.4
2021-12-27,44.468
2021-12-28,44.445
2021-12-29,44.601
2021-12-30,44.695
2022-01-03,44.614
2022-01-04,44.725
2022-01-05,44.731
2022-01-07,44.515
2022-01-10,44.671
2022-01-11,44.63
2022-01-12,44.647
2022-01-13,44.555
2022-01-14,44.591
2022-01-17,44.563
2022-01-18,44.574
2022-01-19,44.639
2022-01-20,44.609
2022-01-21,44.534
2022-01-24,44.538
2022-01-25,44.475
2022-01-26,44.293
2022-01-27,44.074
2022-01-28,44.165
2022-01-31,44.154
2022-02-01,43.907
2022-02-02,43.854
2022-02-03,43.773
2022-02-04,43.738
2022-02-07,43.641
2022-02-08,43.454
2022-02-09,43.234
2022-02-10,43.182
2022-02-11,43.047
2022-02-14,43.091
2022-02-15,43.074
2022-02-16,43.016
2022-02-17,43.057
2022-02-18,43.023
2022-02-21,42.859
2022-02-22,42.634
2022-02-23,42.268
2022-02-24,43.025
2022-02-25,42.533
2022-03-02,42.715
2022-03-03,42.574
2022-03-04,42.661
2022-03-07,42.786
2022-03-08,42.75
2022-03-09,42.543
2022-03-10,42.604
2022-03-11,42.604
2022-03-14,42.684
2022-03-15,42.799
2022-03-16,42.652
2022-03-17,42.507
2022-03-18,42.617
2022-03-21,42.523
2022-03-22,42.322
2022-03-23,42.052
2022-03-24,41.789
2022-03-25,41.478
2022-03-28,41.365
2022-03-29,41.244
2022-03-30,40.969
2022-03-31,41.115
2022-04-01,41.119
2022-04-04,41.383
2022-04-05,41.428
2022-04-06,41.74
2022-04-07,42.059
2022-04-08,41.633
2022-04-11,41.453
2022-04-12,41.304
2022-04-13,41.247
2022-04-19,41.128
2022-04-20,40.796
2022-04-21,40.126
2022-04-22,40.049
2022-04-25,40.701
2022-04-26,40.91
2022-04-27,41.444
2022-04-28,41.335
2022-04-29,40.827
2022-05-02,40.926
2022-05-03,41.1
2022-05-04,41.261
2022-05-05,41.49
2022-05-06,41.595
2022-05-09,41.786
2022-05-10,41.653
2022-05-11,41.548
2022-05-12,41.753
2022-05-13,41.442
2022-05-17,40.6
2022-05-18,40.481
2022-05-19,40.331
2022-05-20,40.194
2022-05-23,40.001
2022-05-24,39.912
2022-05-25,40.046
2022-05-26,39.884
2022-05-27,39.81
2022-05-30,40.205
2022-05-31,39.902
2022-06-01,40.033
2022-06-02,40.009
2022-06-03,39.876
2022-06-06,39.689
2022-06-07,39.647
2022-06-08,39.48
2022-06-09,39.376
2022-06-10,39.575
2022-06-13,40.097
2022-06-14,40.041
2022-06-15,40.084
2022-06-16,40.044
2022-06-17,40.105
2022-06-20,40.015
2022-06-21,39.814
2022-06-22,39.84
2022-06-23,39.722
2022-06-24,39.716
2022-06-27,39.478
2022-06-28,39.074
2022-06-29,39.468
2022-06-30,39.863
2022-07-01,39.955
2022-07-04,39.95
2022-07-05,40.178
2022-07-06,40.228
2022-07-07,40.265
2022-07-08,40.298
2022-07-11,40.546
2022-07-12,41.006
2022-07-13,41.074
2022-07-14,41.951
2022-07-15,42.116
2022-07-19,41.993
2022-07-20,41.844
2022-07-21,41.801
2022-07-22,41.801
2022-07-25,41.676
2022-07-26,41.669
2022-07-27,41.514
2022-07-28,41.008
2022-07-29,40.934
2022-08-01,40.663
2022-08-02,41.013
2022-08-03,40.906
2022-08-04,40.654
2022-08-05,40.612
2022-08-08,40.178
2022-08-09,40.013
2022-08-10,40.087
2022-08-11,40.19
2022-08-12,40.126
2022-08-15,40.09
2022-08-16,40.139
2022-08-17,40.373
2022-08-18,40.51
2022-08-19,40.489
2022-08-22,40.431
2022-08-23,40.369
2022-08-24,40.401
2022-08-26,40.421
2022-08-29,40.688
2022-08-30,40.775
2022-08-31,40.96
2022-09-01,40.794
2022-09-02,40.883
2022-09-05,40.717
2022-09-06,40.781
2022-09-07,40.926
2022-09-08,40.782
2022-09-09,40.703
2022-09-12,40.659
2022-09-13,40.765
2022-09-14,40.67
2022-09-15,40.774
2022-09-16,40.982
2022-09-19,40.983
2022-09-20,40.941
2022-09-21,40.838
2022-09-22,40.626
2022-09-23,40.865
2022-09-26,41.176
2022-09-27,41.251
2022-09-28,41.333
2022-09-29,41.59
2022-09-30,41.736
2022-10-03,41.212
2022-10-04,40.957
2022-10-05,40.981
2022-10-06,40.934
2022-10-07,41.057
2022-10-11,41.086
2022-10-12,41.131
2022-10-13,41.248
2022-10-14,41.2
2022-10-17,41.205
2022-10-18,41.288
2022-10-19,41.24
2022-10-20,41.204
2022-10-21,41.214
2022-10-24,41.203
2022-10-25,41.169
2022-10-26,40.976
2022-10-27,40.765
2022-10-28,40.569
2022-10-31,40.608
2022-11-01,40.532
2022-11-03,40.289
2022-11-04,39.872
2022-11-07,39.9
2022-11-08,40.014
2022-11-09,40.108
2022-11-10,40.056
2022-11-11,39.978
2022-11-14,39.849
2022-11-15,39.711
2022-11-16,39.773
2022-11-17,40.117
2022-11-18,39.801
2022-11-21,39.534
2022-11-22,39.282
2022-11-23,39.161
2022-11-24,39.17
2022-11-25,39.257
2022-11-28,39.52
2022-11-29,39.379
2022-11-30,39.392
2022-12-01,39.072
2022-12-02,39.199
2022-12-05,39.305
2022-12-06,39.205
2022-12-07,39.07
2022-12-08,39.029
2022-12-09,38.873
2022-12-12,38.81
2022-12-13,38.683
2022-12-14,38.627
2022-12-15,38.788
2022-12-16,38.848
2022-12-19,38.826
2022-12-20,38.412
2022-12-21,38.341
2022-12-22,38.589
2022-12-23,39.1
2022-12-26,39.517
2022-12-27,40.038
2022-12-28,39.946
2022-12-29,39.625
2022-12-30,40.071
2023-01-02,39.795
2023-01-03,39.732
2023-01-04,39.862
2023-01-05,39.864
2023-01-09,39.823
2023-01-10,39.79
2023-01-11,39.79
2023-01-12,39.643
2023-01-13,39.695
2023-01-16,39.686
2023-01-17,39.584
2023-01-18,39.241
2023-01-19,39.151
2023-01-20,39.048
2023-01-23,39.163
2023-01-24,39.138
2023-01-25,39.085
2023-01-26,38.958
2023-01-27,38.625
2023-01-30,38.751
2023-01-31,38.681
2023-02-01,38.696
2023-02-02,38.572
2023-02-03,39.119
2023-02-06,39.258
2023-02-07,39.076
2023-02-08,39.092
2023-02-09,39.105
2023-02-10,39.144
2023-02-13,39.02
2023-02-14,39.084
2023-02-15,39.344
2023-02-16,39.57
2023-02-17,39.302
2023-02-22,38.866
2023-02-23,38.553
2023-02-24,38.764
2023-02-27,39.037
2023-02-28,38.893
2023-03-01,38.897
2023-03-02,39.137
2023-03-03,39.428
2023-03-06,39.218
2023-03-07,39.314
2023-03-08,39.171
2023-03-09,39.177
2023-03-10,39.261
2023-03-13,39.333
2023-03-14,39.248
2023-03-15,39.541
2023-03-16,39.679
2023-03-17,39.496
2023-03-20,39.24
2023-03-21,38.945
2023-03-22,38.979
2023-03-23,38.741
2023-03-24,38.935
2023-03-27,38.78
2023-03-28,38.715
2023-03-29,38.867
2023-03-30,38.835
2023-03-31,38.648
2023-04-03,38.567
2023-04-04,38.756
2023-04-05,38.698
2023-04-10,38.741
2023-04-11,38.615
2023-04-12,38.646
2023-04-13,38.749
2023-04-14,38.949
2023-04-18,38.926
2023-04-19,38.968
2023-04-20,39.017
2023-04-21,38.955
2023-04-24,38.896
2023-04-25,38.715
2023-04-26,38.705
2023-04-27,38.616
2023-04-28,38.783
2023-05-02,39.015
2023-05-03,39.074
2023-05-04,38.952
2023-05-05,38.83
2023-05-08,38.692
2023-05-09,38.86
2023-05-10,38.928
2023-05-11,38.953
2023-05-12,38.968
2023-05-15,38.949
2023-05-16,38.945
2023-05-17,38.904
2023-05-18,38.914
2023-05-19,38.856
2023-05-23,38.625
2023-05-24,38.673
2023-05-25,38.834
2023-05-26,38.799
2023-05-29,38.791
2023-05-30,38.739
2023-05-31,38.779
2023-06-01,38.799
2023-06-02,38.743
2023-06-05,38.782
2023-06-06,38.992
2023-06-07,38.954
2023-06-08,38.903
2023-06-09,38.705
2023-06-12,38.662
2023-06-13,38.427
2023-06-14,38.231
2023-06-15,38.173
2023-06-16,38.02
2023-06-20,37.931
2023-06-21,37.912
2023-06-22,37.765
2023-06-23,37.54
2023-06-26,37.596
2023-06-27,37.513
2023-06-28,37.62
2023-06-29,37.521
2023-06-30,37.408
2023-07-03,37.455
2023-07-04,37.493
2023-07-05,37.894
2023-07-06,38.33
2023-07-07,38.116
2023-07-10,38.031
2023-07-11,38.124
2023-07-12,38.157
2023-07-13,38.194
2023-07-14,38.026
2023-07-17,38.055
2023-07-19,38.002
2023-07-20,37.909
2023-07-21,37.963
2023-07-24,37.86
2023-07-25,37.643
2023-07-26,37.676
2023-07-27,37.741
2023-07-28,37.664
2023-07-31,37.429
2023-08-01,37.496
2023-08-02,37.861
2023-08-03,38.259
2023-08-04,38.055
2023-08-07,38.018
2023-08-08,38.031
2023-08-09,37.952
2023-08-10,37.794
2023-08-11,37.883
2023-08-14,38.152
2023-08-15,38.007
2023-08-16,37.845
2023-08-17,37.729
2023-08-18,37.839
2023-08-21,37.815
2023-08-22,37.83
2023-08-23,37.709
2023-08-24,37.686
2023-08-28,37.696
2023-08-29,37.788
2023-08-30,37.682
2023-08-31,37.592
2023-09-01,37.676
2023-09-04,37.754
2023-09-05,37.876
2023-09-06,37.87
2023-09-07,38.02
2023-09-08,38.117
2023-09-11,38.069
2023-09-12,38.251
2023-09-13,38.281
2023-09-14,38.149
2023-09-15,38.054
2023-09-18,38.127
2023-09-19,38.13
2023-09-20,38.053
2023-09-21,38.205
2023-09-22,38.115
2023-09-25,38.277
2023-09-26,38.285
2023-09-27,38.447
2023-09-28,38.746
2023-09-29,38.556
2023-10-02,38.721
2023-10-03,39.141
2023-10-04,39.388
2023-10-05,39.397
2023-10-06,39.596
2023-10-09,39.857
2023-10-10,39.967
2023-10-11,39.733
2023-10-12,39.953
2023-10-13,39.94
2023-10-17,39.894
2023-10-18,39.885
2023-10-19,39.872
2023-10-20,39.942
2023-10-23,39.818
2023-10-24,39.848
2023-10-25,39.885
2023-10-26,39.959
2023-10-27,39.923
2023-10-30,39.952
2023-10-31,39.974
2023-11-01,40.019
2023-11-03,39.821
2023-11-06,39.927
2023-11-07,39.918
2023-11-08,39.935
2023-11-09,39.875
2023-11-10,39.807
2023-11-13,39.982
2023-11-14,39.893
2023-11-15,39.699
2023-11-16,39.561
2023-11-17,39.558
2023-11-20,39.393
2023-11-21,39.066
2023-11-22,39.136
2023-11-23,39.297
2023-11-24,39.246
2023-11-27,39.2
2023-11-28,39.092
2023-11-29,39.091
2023-11-30,39.119
2023-12-01,38.974
2023-12-04,39.105
2023-12-05,39.17
2023-12-06,39.07
2023-12-07,39.127
2023-12-08,39.308
2023-12-11,39.554
2023-12-12,39.85
2023-12-13,39.96
2023-12-14,39.64
2023-12-15,39.388
2023-12-18,39.351
2023-12-19,39.233
2023-12-20,39.454
2023-12-21,39.365
2023-12-22,39.234
2023-12-26,39.195
2023-12-27,39.017
2023-12-28,39.044
2023-12-29,39.022
2024-01-02,39.092
2024-01-03,39.158
2024-01-04,39.223
2024-01-05,39.325
2024-01-08,39.339
2024-01-09,39.439
2024-01-10,39.334
2024-01-11,39.393
2024-01-12,39.207
2024-01-15,39.135
2024-01-16,39.262
2024-01-17,39.283
2024-01-18,39.348
2024-01-19,39.054
2024-01-22,38.745
2024-01-23,38.685
2024-01-24,38.707
2024-01-25,38.954
2024-01-26,38.986
2024-01-29,39.05
2024-01-30,39.171
2024-01-31,39.164
2024-02-01,39.074
2024-02-02,39.054
2024-02-05,39.148
2024-02-06,39.068
2024-02-07,39.073
2024-02-08,39.217
2024-02-09,39.163
2024-02-14,39.183
2024-02-15,39.102
2024-02-16,39.137
2024-02-19,39.082
2024-02-20,39.055
2024-02-21,39.097
2024-02-22,39.083
2024-02-23,39.063
2024-02-26,39.148
2024-02-27,39.153
2024-02-28,39.129
2024-02-29,39.047
2024-03-01,38.927
2024-03-04,38.998
2024-03-05,39.051
2024-03-06,38.962
2024-03-07,38.761
2024-03-08,38.756
2024-03-11,38.811
2024-03-12,38.789
2024-03-13,38.641
2024-03-14,38.404
2024-03-15,38.454
2024-03-18,38.389
2024-03-19,38.499
2024-03-20,38.095
2024-03-21,37.706
2024-03-22,37.89
2024-03-25,37.802
2024-03-26,37.507
2024-03-27,37.552
2024-04-01,37.857
2024-04-02,38.122
2024-04-03,38.247
2024-04-04,38.24
2024-04-05,38.521
2024-04-08,38.792
2024-04-09,38.494
2024-04-10,38.538
2024-04-11,38.664
2024-04-12,38.788
2024-04-15,38.891
2024-04-16,39.223
2024-04-17,38.707
2024-04-18,38.378
2024-04-19,38.506
2024-04-23,38.346
2024-04-24,38.342
2024-04-25,38.626
2024-04-26,38.162
2024-04-29,38.298
2024-04-30,38.318
2024-05-02,38.194
2024-05-03,38.078
2024-05-06,38.353
2024-05-07,38.613
2024-05-08,38.431
2024-05-09,38.487
2024-05-10,38.511
2024-05-13,38.531
2024-05-14,38.641
2024-05-15,38.728
2024-05-16,38.781
2024-05-17,38.497
2024-05-20,38.408
2024-05-21,38.285
2024-05-22,38.466
2024-05-23,38.478
2024-05-24,38.546
2024-05-27,38.553
2024-05-28,38.529
2024-05-29,38.744
2024-05-30,38.709
2024-05-31,38.792
2024-06-03,38.786
2024-06-04,38.925
2024-06-05,39.069
2024-06-06,38.834
2024-06-07,39.108
2024-06-10,39.183
2024-06-11,39.089
2024-06-12,39.179
2024-06-13,39.279
2024-06-14,39.256
2024-06-17,39.338
2024-06-18,39.367
2024-06-20,39.468
2024-06-21,39.651
2024-06-24,39.308
2024-06-25,39.285
2024-06-26,39.561
2024-06-27,39.424
2024-06-28,39.989
2024-07-01,40.027
2024-07-02,40.288
2024-07-03,40.042
2024-07-04,39.961
2024-07-05,40.132
2024-07-08,40.061
2024-07-09,39.922
2024-07-10,40.064
2024-07-11,40.021
2024-07-12,40.103
2024-07-15,40.145
2024-07-16,40.141
2024-07-17,40.284
2024-07-19,40.454
2024-07-22,40.116
2024-07-23,40.173
2024-07-24,40.243
2024-07-25,40.28
2024-07-26,40.261
2024-07-29,40.281
2024-07-30,40.282
2024-07-31,40.274
2024-08-01,40.348
2024-08-02,40.459
2024-08-05,40.631
2024-08-06,40.501
2024-08-07,40.405
2024-08-08,40.296
2024-08-09,40.207
2024-08-12,40.285
2024-08-13,40.395
2024-08-14,40.269
2024-08-15,40.33
2024-08-16,40.331
2024-08-19,40.244
2024-08-20,40.261
2024-08-21,40.338
2024-08-22,40.348
2024-08-23,40.251
2024-08-26,40.239
2024-08-27,40.279
2024-08-28,40.25
2024-08-29,40.347
2024-08-30,40.335
2024-09-02,40.296
2024-09-03,40.333
2024-09-04,40.367
2024-09-05,40.333
2024-09-06,40.346
2024-09-09,40.389
2024-09-10,40.437
2024-09-11,41.027
2024-09-12,41.071
2024-09-13,40.767
2024-09-16,40.956
2024-09-17,41.063
2024-09-18,41.307
2024-09-19,41.599
2024-09-20,41.677
2024-09-23,42.104
2024-09-24,42.254
2024-09-25,41.914
2024-09-26,41.69
2024-09-27,41.554
2024-09-30,41.64
2024-10-01,41.884
2024-10-02,41.804
2024-10-03,41.67
2024-10-04,41.316
2024-10-07,41.161
2024-10-08,41.543
2024-10-09,41.796
2024-10-10,41.726
2024-10-11,41.535
2024-10-14,41.424
2024-10-15,41.689
2024-10-16,41.876
2024-10-17,41.63
2024-10-18,41.546
2024-10-21,41.448
2024-10-22,41.514
2024-10-23,41.596
2024-10-24,41.602
2024-10-25,41.556
2024-10-28,40.984
2024-10-29,41.185
2024-10-30,41.4
2024-10-31,41.649
2024-11-01,41.589
2024-11-04,41.598
2024-11-05,41.559
2024-11-06,41.763
2024-11-07,41.731
2024-11-08,42.146
2024-11-11,42.319
2024-11-12,42.469
2024-11-13,42.899
2024-11-14,42.87
2024-11-15,42.913
2024-11-18,42.725
2024-11-19,42.602
2024-11-20,42.509
2024-11-21,42.609
2024-11-22,42.6
2024-11-25,42.842
2024-11-26,42.82
2024-11-27,43.007
2024-11-28,43.157
2024-11-29,43.158
2024-12-02,43.183
2024-12-03,43.175
2024-12-04,43.289
2024-12-05,43.45
2024-12-06,43.543
2024-12-09,43.726
2024-12-10,44.028
2024-12-11,44.433
2024-12-12,44.281
2024-12-13,44.558
2024-12-16,44.361
2024-12-17,44.572
2024-12-18,44.592
2024-12-19,44.728
2024-12-20,44.494
2024-12-23,44.157
2024-12-24,44.028
2024-12-26,43.85
2024-12-27,43.661
2024-12-30,44.066
2025-01-02,43.9
2025-01-03,43.97
2025-01-07,43.644
2025-01-08,43.934
2025-01-09,43.683
2025-01-10,43.961
2025-01-13,44.079
2025-01-14,43.962
2025-01-15,44.047
2025-01-16,43.975
2025-01-17,43.954
2025-01-20,43.746
2025-01-21,43.744
2025-01-22,43.458
2025-01-23,43.599
2025-01-24,43.243
2025-01-27,43.457
2025-01-28,43.368
2025-01-29,43.257
2025-01-30,43.33
2025-01-31,43.122
2025-02-03,43.495
2025-02-04,43.514
2025-02-05,43.481
2025-02-06,43.482
2025-02-07,43.428
2025-02-10,43.313
2025-02-11,43.373
2025-02-12,43.421
2025-02-13,43.326
2025-02-14,43.224
2025-02-17,43.215
2025-02-18,43.206
2025-02-19,43.172
2025-02-20,43.122
2025-02-21,42.843
2025-02-24,42.69
2025-02-25,42.607
2025-02-26,42.443
2025-02-27,42.397
2025-02-28,42.585
2025-03-05,42.594
2025-03-06,42.391
2025-03-07,42.392
2025-03-10,42.246
2025-03-11,42.41
2025-03-12,42.457
2025-03-13,42.603
2025-03-14,42.375
2025-03-17,42.082
2025-03-18,42.252
2025-03-19,42.235
2025-03-20,42.182
2025-03-21,42.226
2025-03-24,42.116
2025-03-25,42.093
2025-03-26,42.11
2025-03-27,42.151
2025-03-28,42.111
2025-03-31,42.127
2025-04-01,42.226
2025-04-02,42.285
2025-04-03,42.108
2025-04-04,42.525
2025-04-07,42.856
2025-04-08,42.935
2025-04-09,43.363
2025-04-10,42.934
2025-04-11,42.649
2025-04-14,42.351
2025-04-15,41.921
2025-04-16,42.211
2025-04-21,42.139
2025-04-22,41.923
2025-04-23,41.73
2025-04-24,41.84
2025-04-25,42.085
2025-04-28,42.055
2025-04-29,41.999
2025-04-30,41.949
2025-05-02,41.933
2025-05-05,41.862
2025-05-06,41.753
2025-05-07,41.791
2025-05-08,41.775
2025-05-09,41.754
2025-05-12,41.761
2025-05-13,41.644
2025-05-14,41.591
2025-05-15,41.701
2025-05-16,41.879
2025-05-19,41.633
2025-05-20,41.577
2025-05-21,41.528
2025-05-22,41.596
2025-05-23,41.64
2025-05-26,41.469
2025-05-27,41.552
2025-05-28,41.626
2025-05-29,41.578
2025-05-30,41.678
2025-06-02,41.584
2025-06-03,41.603
2025-06-04,41.543
2025-06-05,41.532
2025-06-06,41.397
2025-06-09,41.417
2025-06-10,41.303
2025-06-11,41.093
2025-06-12,40.867
2025-06-13,41.066
2025-06-16,40.836
2025-06-17,40.898
2025-06-18,40.865
2025-06-20,40.544
2025-06-23,40.397
2025-06-24,40.197
2025-06-25,40.266
2025-06-26,40.19
2025-06-27,39.936
2025-06-30,39.548
2025-07-01,40.046
2025-07-02,40.121
2025-07-03,40.037
2025-07-04,40.138
2025-07-07,40.442
2025-07-08,40.613
2025-07-09,40.416
2025-07-10,40.627
2025-07-11,40.741
2025-07-14,40.426
2025-07-15,40.433
2025-07-16,40.284
2025-07-17,40.358
2025-07-21,40.192
2025-07-22,39.981
2025-07-23,40.036
2025-07-24,40.06
2025-07-25,40.001
2025-07-28,40.007
2025-07-29,40.089
2025-07-30,40.162
2025-07-31,40.196
2025-08-01,40.132
2025-08-04,40.113
2025-08-05,40.132
2025-08-06,40.033
2025-08-07,40.036
2025-08-08,39.924
2025-08-11,40.026
2025-08-12,39.998
2025-08-13,39.987
2025-08-14,40.062
2025-08-15,40.051
2025-08-18,40.151
2025-08-19,40.188
2025-08-20,40.006
2025-08-21,40.06
2025-08-22,39.973
2025-08-26,40.004
2025-08-27,40.005
2025-08-28,39.988
2025-08-29,39.995
2025-09-01,40.007
2025-09-02,40.056
2025-09-03,40.05
2025-09-04,40.143
2025-09-05,39.952
2025-09-08,39.92
2025-09-09,40.007
2025-09-10,40.036
2025-09-11,40.12
2025-09-12,40.16
2025-09-15,40.187
2025-09-16,39.973
2025-09-17,39.93
2025-09-18,39.89
2025-09-19,39.805
2025-09-22,39.872
2025-09-23,39.889
2025-09-24,39.884
2025-09-25,39.856
2025-09-26,39.899
2025-09-29,39.849
2025-09-30,39.845
2025-10-01,39.875
2025-10-02,39.912
2025-10-03,39.869
2025-10-06,39.895
2025-10-07,39.905
2025-10-08,40.033
2025-10-09,40.055
2025-10-10,40.169
2025-10-13,40.082
2025-10-14,40.139
2025-10-15,40.016
2025-10-16,39.95
2025-10-17,39.865
2025-10-20,39.795
2025-10-21,39.815
2025-10-22,39.865
2025-10-23,39.86
2025-10-24,39.913
2025-10-27,39.842
2025-10-28,39.876
2025-10-29,39.867
2025-10-30,39.843
2025-10-31,39.799
2025-11-03,39.758
2025-11-04,39.808
2025-11-05,39.807
2025-11-06,39.774
2025-11-07,39.777
2025-11-10,39.749
2025-11-11,39.75
2025-11-12,39.771
2025-11-13,39.758
2025-11-14,39.778
2025-11-17,39.812
2025-11-18,39.818
2025-11-19,39.753
2025-11-20,39.778
2025-11-21,39.731
2025-11-24,39.719
2025-11-25,39.738
2025-11-26,39.671
2025-11-27,39.469
2025-11-28,39.264
2025-12-01,39.324
2025-12-02,39.156
2025-12-03,39.097
2025-12-04,39.051
2025-12-05,39.058
2025-12-08,39.178
2025-12-09,39.361
2025-12-10,39.225
2025-12-11,39.166
2025-12-12,39.111
2025-12-15,38.948
2025-12-16,39.165
2025-12-17,39.247
2025-12-18,39.182
2025-12-19,39.043
2025-12-22,39.07
2025-12-23,39.177
2025-12-24,39.246
2025-12-26,39.137
2025-12-29,39.136
2025-12-30,39.041
2026-01-02,38.886
2026-01-05,38.931
2026-01-07,38.922
2026-01-08,38.935
2026-01-09,38.815
2026-01-12,38.72
2026-01-13,38.597
2026-01-14,38.685
2026-01-15,38.599
2026-01-16,38.415
2026-01-19,38.349
2026-01-20,38.218
2026-01-21,37.854
2026-01-22,37.512
2026-01-23,37.454
2026-01-26,37.831
2026-01-27,37.983
2026-01-28,38.793
2026-01-29,38.784
2026-01-30,38.5
2026-02-02,38.523
2026-02-03,38.566
2026-02-04,38.641
2026-02-05,38.776
2026-02-06,38.516
2026-02-09,38.364
2026-02-10,38.469
2026-02-11,38.537
2026-02-12,38.731
2026-02-13,38.841
2026-02-18,38.79
2026-02-19,38.76
2026-02-20,38.708
2026-02-23,38.353
2026-02-24,38.397
2026-02-25,38.396
2026-02-26,38.436
2026-02-27,38.402
2026-03-02,38.74
2026-03-03,39.232
2026-03-04,39.33
2026-03-05,39.99
2026-03-06,40.319
2026-03-09,40.209
2026-03-10,39.967
2026-03-11,40.158
2026-03-12,40.372
2026-03-13,40.64
2026-03-16,40.477
2026-03-17,40.492
2026-03-18,40.562
2026-03-19,40.731
2026-03-20,40.735
2026-03-23,40.465
2026-03-24,40.524
2026-03-25,40.456
2026-03-26,40.613
2026-03-27,40.56
2026-03-30,40.626
2026-03-31,40.48
2026-04-01,40.538
2026-04-06,40.612
2026-04-07,40.572
2026-04-08,40.331
2026-04-09,40.339
2026-04-10,40.223
2026-04-13,40.209
2026-04-14,39.9
2026-04-15,39.768
2026-04-16,39.741
2026-04-17,39.609
2026-04-20,39.687
2026-04-21,39.533
2026-04-22,39.6
2026-04-23,39.757
2026-04-24,39.558
2026-04-27,39.781
2026-04-28,39.871
2026-04-29,40.288
2026-04-30,40.253
2026-05-04,40.163
2026-05-05,39.97
2026-05-06,39.868
2026-05-07,39.749
2026-05-08,39.747
2026-05-11,39.711
2026-05-12,39.812
2026-05-13,40.037
2026-05-14,40.074
2026-05-15,40.297
2026-05-19,40.301
2026-05-20,40.015
2026-05-21,39.92
2026-05-22,39.96
2026-05-25,40.011
2026-05-26,40.064
2026-05-27,40.093
2026-05-28,40.133
2026-05-29,40.165
2026-06-01,40.319
2026-06-02,40.271
2026-06-03,40.364
2026-06-04,40.255
2026-06-05,40.471
2026-06-08,40.498
2026-06-09,40.512
2026-06-10,40.674
2026-06-11,40.542
2026-06-12,40.353
2026-06-15,40.323
2026-06-16,40.172
2026-06-17,39.968
2026-06-18,40.097
2026-06-22,39.908
2026-06-23,40.105
2026-06-24,40.128
2026-06-25,40.216
2026-06-26,40.123
2026-06-29,40.175
2026-06-30,40.116
2026-07-01,40.203
2026-07-02,40.214
2026-07-03,40.23
2026-07-06,40.251
2026-07-07,40.19
2026-07-08,40.303
2026-07-09,40.219
2026-07-10,40.226
2026-07-13,40.232
2026-07-14,40.151
2026-07-15,40.177
2026-07-16,40.228
2026-07-17,40.189
2026-07-20,40.11
2026-07-21,40.143
2026-07-22,40.135
2026-07-23,40.2
2026-07-24,40.154
2026-07-27,40.203
2026-07-28,40.214
2026-07-29,40.223
2026-07-30,40.204
2026-07-31,40.273
2026-08-03,40.193
2026-08-04,40.256
2026-08-05,40.235
2026-08-06,40.269
2026-08-07,40.246
2026-08-10,40.233
2026-08-11,40.266
2026-08-12,40.344
2026-08-13,40.325
2026-08-14,40.331
2026-08-17,40.261
2026-08-18,40.319
2026-08-19,40.209
2026-08-20,40.195
2026-08-21,40.182
2026-08-24,40.179
2026-08-26,40.25
2026-08-27,40.266
2026-08-28,40.288
2026-08-31,40.244
2026-09-01,40.236
2026-09-02,40.233
2026-09-03,40.235
2026-09-04,40.243
2026-09-07,40.224
2026-09-08,40.216
2026-09-09,40.242
2026-09-10,40.259
2026-09-11,40.2
2026-09-14,40.218
2026-09-15,40.191
2026-09-16,40.196
2026-09-17,40.164
2026-09-18,40.142
2026-09-21,40.064
2026-09-22,40.052
2026-09-23,40.049
2026-09-24,40.214
2026-09-25,40.39
2026-09-28,40.273
2026-09-29,40.237
2026-09-30,40.286
2026-10-01,40.463
2026-10-02,40.342
2026-10-05,40.092
2026-10-06,40.166
2026-10-07,40.15
2026-10-08,40.21
2026-10-09,40.184
