fecha,tc,embig,vol_tc,ipd,indice_0_100,ipd_n_componentes,ipd_bloque_cambiaria,ipd_bloque_riesgo,z_tc,z_vol_tc,z_embig,pts_tc,pts_vol_tc,pts_embig
1995-01-03,833.18,,,,,,,,,,,,,
1995-01-04,835.38,,,,,,,,,,,,,
1995-01-05,838.33,,,,,,,,,,,,,
1995-01-06,838.87,,,,,,,,,,,,,
1995-01-10,837.07,,,,,,,,,,,,,
1995-01-11,840.36,,,,,,,,,,,,,
1995-01-12,843.69,,,,,,,,,,,,,
1995-01-13,841.52,,,,,,,,,,,,,
1995-01-17,846.61,,,,,,,,,,,,,
1995-01-18,847.61,,,,,,,,,,,,,
1995-01-19,850.26,,,,,,,,,,,,,
1995-01-20,852.68,,,,,,,,,,,,,
1995-01-24,855.49,,,,,,,,,,,,,
1995-01-25,856.65,,,,,,,,,,,,,
1995-01-26,857.56,,,,,,,,,,,,,
1995-01-27,859.3,,3.60055,,,,,,,,,,,
1995-01-31,856.41,,4.09122,,,,,,,,,,,
1995-02-01,857.16,,3.97459,,,,,,,,,,,
1995-02-02,855.76,,4.04922,,,,,,,,,,,
1995-02-03,852.22,,4.4374,,,,,,,,,,,
1995-02-07,848.27,,4.78999,,,,,,,,,,,
1995-02-08,848.43,,4.75074,,,,,,,,,,,
1995-02-09,847.04,,4.70775,,,,,,,,,,,
1995-02-10,845.73,,4.76385,,,,,,,,,,,
1995-02-14,846.2,,4.6672,,,,,,,,,,,
1995-02-15,848.15,,4.54537,,,,,,,,,,,
1995-02-16,848.52,,4.35428,,,,,,,,,,,
1995-02-17,848.9,,4.22104,,,,,,,,,,,
1995-02-21,851.88,,3.85654,,,,,,,,,,,
1995-02-22,853.63,,3.89485,,,,,,,,,,,
1995-02-23,855.32,,3.80723,,,,,,,,,,,
1995-02-24,855.48,,3.68653,,,,,,,,,,,
1995-02-28,856.99,,3.55221,,,,,,,,,,,
1995-03-01,857.85,,3.53772,,,,,,,,,,,
1995-03-02,858.87,,3.54271,,,,,,,,,,,
1995-03-03,861.33,,3.61516,,,,,,,,,,,
1995-03-07,858.95,,3.54377,,,,,,,,,,,
1995-03-08,861.13,,3.63668,,,,,,,,,,,
1995-03-09,862.41,,3.59275,,,,,,,,,,,
1995-03-10,863.06,,3.16892,,,,,,,,,,,
1995-03-14,865.92,,2.62262,,,,,,,,,,,
1995-03-15,866.96,,2.60411,,,,,,,,,,,
1995-03-16,866.4,,2.48776,,,,,,,,,,,
1995-03-17,865.63,,2.40329,,,,,,,,,,,
1995-03-21,863.77,,2.67112,,,,,,,,,,,
1995-03-22,865.89,,2.68109,,,,,,,,,,,
1995-03-23,867.81,,2.70265,,,,,,,,,,,
1995-03-24,868.95,,2.69137,,,,,,,,,,,
1995-03-28,870.14,,2.54836,,,,,,,,,,,
1995-03-29,872.57,,2.59929,,,,,,,,,,,
1995-03-30,876.21,,2.80505,,,,,,,,,,,
1995-03-31,880.23,,3.01824,,,,,,,,,,,
1995-04-04,876,,3.73859,,,,,,,,,,,
1995-04-05,874.3,,3.89149,,,,,,,,,,,
1995-04-06,871.6,,4.14514,,,,,,,,,,,
1995-04-07,868.96,,4.27054,,,,,,,,,,,
1995-04-11,866.78,,4.24601,,,,,,,,,,,
1995-04-12,868.8,,4.23317,,,,,,,,,,,
1995-04-13,866.25,,4.37763,,,,,,,,,,,
1995-04-14,866.25,,4.37367,,,,,,,,,,,
1995-04-18,871.87,,4.79616,,,,,,,,,,,
1995-04-19,874.37,,4.87135,,,,,,,,,,,
1995-04-20,874.35,,4.85817,,,,,,,,,,,
1995-04-21,877.38,,4.94288,,,,,,,,,,,
1995-04-25,878.2,,4.82901,,,,,,,,,,,
1995-04-26,876.32,,4.89909,,,,,,,,,,,
1995-04-27,875.78,,4.87824,,,,,,,,,,,
1995-04-28,876.21,,4.86783,,,,,,,,,,,
1995-05-02,877.9,,4.88632,,,,,,,,,,,
1995-05-03,880.63,,4.90769,,,,,,,,,,,
1995-05-04,882.97,,4.78433,,,,,,,,,,,
1995-05-05,882.24,,4.53417,,,,,,,,,,,
1995-05-09,881.33,,4.17286,,,,,,,,,,,
1995-05-10,878.87,,4.24409,,,,,,,,,,,
1995-05-11,880.25,,4.07474,,,,,,,,,,,
1995-05-12,881.07,,3.85674,,,,,,,,,,,
1995-05-16,877.45,,4.06981,,,,,,,,,,,
1995-05-17,875.17,,4.16909,,,,,,,,,,,
1995-05-18,874.74,,3.99881,,,,,,,,,,,
1995-05-19,875.75,,4.00112,,,,,,,,,,,
1995-05-23,871.11,,3.87161,,,,,,,,,,,
1995-05-24,869.95,,3.73795,,,,,,,,,,,
1995-05-25,870.55,,3.7523,,,,,,,,,,,
1995-05-26,872.96,,3.66916,,,,,,,,,,,
1995-05-30,872.66,,3.64229,,,,,,,,,,,
1995-05-31,876.36,,3.91113,,,,,,,,,,,
1995-06-01,876.62,,3.9054,,,,,,,,,,,
1995-06-02,877.22,,3.90891,,,,,,,,,,,
1995-06-06,874.81,,3.9645,,,,,,,,,,,
1995-06-07,873.06,,3.81558,,,,,,,,,,,
1995-06-08,871.02,,3.68964,,,,,,,,,,,
1995-06-09,871.93,,3.73929,,,,,,,,,,,
1995-06-13,873.74,,3.85119,,,,,,,,,,,
1995-06-14,875.28,,3.81991,,,,,,,,,,,
1995-06-15,873.78,,3.79547,,,,,,,,,,,
1995-06-16,872.54,,3.7804,,,,,,,,,,,
1995-06-20,873.91,,3.59012,,,,,,,,,,,
1995-06-21,875.59,,3.54784,,,,,,,,,,,
1995-06-22,875.32,,3.54491,,,,,,,,,,,
1995-06-23,874.81,,3.52563,,,,,,,,,,,
1995-06-27,873.64,,2.97933,,,,,,,,,,,
1995-06-28,875.95,,3.05094,,,,,,,,,,,
1995-06-29,878.8,,3.21993,,,,,,,,,,,
1995-06-30,881.23,,3.21963,,,,,,,,,,,
1995-07-04,880.49,,3.24105,,,,,,,,,,,
1995-07-05,883.81,,3.17218,,,,,,,,,,,
1995-07-06,887.3,,3.4079,,,,,,,,,,,
1995-07-07,891.28,,3.67479,,,,,,,,,,,
1995-07-11,897.12,,3.9533,,,,,,,,,,,
1995-07-12,897.51,,3.77736,,,,,,,,,,,
1995-07-13,895.84,,3.7184,,,,,,,,,,,
1995-07-14,892.82,,4.08805,,,,,,,,,,,
1995-07-18,891.76,,4.15724,,,,,,,,,,,
1995-07-19,894.03,,4.18485,,,,,,,,,,,
1995-07-20,894.5,,4.06155,,,,,,,,,,,
1995-07-21,894.5,,3.97164,,,,,,,,,,,
1995-07-25,896.68,,3.99288,,,,,,,,,,,
1995-07-26,897.32,,3.99043,,,,,,,,,,,
1995-07-27,897.77,,3.95937,,,,,,,,,,,
1995-07-28,895.56,,4.12866,,,,,,,,,,,
1995-08-01,898.35,,4.07149,,,,,,,,,,,
1995-08-02,900.78,,4.07401,,,,,,,,,,,
1995-08-03,905.53,,4.25375,,,,,,,,,,,
1995-08-04,917.53,,5.93446,,,,,,,,,,,
1995-08-08,916.14,,5.9823,,,,,,,,,,,
1995-08-09,920.1,,6.00711,,,,,,,,,,,
1995-08-10,919.32,,6.04357,,,,,,,,,,,
1995-08-11,917.13,,6.12668,,,,,,,,,,,
1995-08-15,922.21,,6.02503,,,,,,,,,,,
1995-08-16,928.25,,6.28114,,,,,,,,,,,
1995-08-17,944.55,,8.25308,,,,,,,,,,,
1995-08-18,947.22,,7.94035,,,,,,,,,,,
1995-08-22,946.83,,7.89124,,,,,,,,,,,
1995-08-23,949.51,,7.88972,,,,,,,,,,,
1995-08-24,955.12,,7.89547,,,,,,,,,,,
1995-08-25,962.6,,7.95121,,,,,,,,,,,
1995-08-29,972.03,,8.21996,,,,,,,,,,,
1995-08-30,963.93,,9.27143,,,,,,,,,,,
1995-08-31,960.19,,9.59015,,,,,,,,,,,
1995-09-01,949.35,,10.7547,,,,,,,,,,,
1995-09-05,957.54,,10.942,,,,,,,,,,,
1995-09-06,958.46,,10.9698,,,,,,,,,,,
1995-09-07,953.63,,11.3064,,,,,,,,,,,
1995-09-08,954.64,,10.5988,,,,,,,,,,,
1995-09-12,958.59,,10.541,,,,,,,,,,,
1995-09-13,959.18,,10.5274,,,,,,,,,,,
1995-09-14,959.15,,10.5012,,,,,,,,,,,
1995-09-15,960.25,,10.3743,,,,,,,,,,,
1995-09-19,962.5,,10.3043,,,,,,,,,,,
1995-09-20,970.08,,10.3889,,,,,,,,,,,
1995-09-21,974.88,,8.78806,,,,,,,,,,,
1995-09-22,974.23,,8.8099,,,,,,,,,,,
1995-09-26,977.35,,8.80429,,,,,,,,,,,
1995-09-27,980.54,,8.81369,,,,,,,,,,,
1995-09-28,981.09,,8.67209,,,,,,,,,,,
1995-09-29,972.8,,8.98444,,,,,,,,,,,
1995-10-03,971.22,,8.31852,,,,,,,,,,,
1995-10-04,976.76,,7.9402,,,,,,,,,,,
1995-10-05,972.75,,7.95778,,,,,,,,,,,
1995-10-06,972.93,,6.58499,,,,,,,,,,,
1995-10-10,982.84,,6.83219,,,,,,,,,,,
1995-10-11,981.45,,6.89974,,,,,,,,,,,
1995-10-12,981.26,,6.52244,,,,,,,,,,,
1995-10-13,984.88,,6.56905,,,,,,,,,,,
1995-10-17,987,,6.5036,,,,,,,,,,,
1995-10-18,990.52,,6.53677,,,,,,,,,,,
1995-10-19,991.22,,6.51746,,,,,,,,,,,
1995-10-20,991.52,,6.53287,,,,,,,,,,,
1995-10-24,991.98,,6.53871,,,,,,,,,,,
1995-10-25,993.68,,6.09806,,,,,,,,,,,
1995-10-26,994.77,,5.93639,,,,,,,,,,,
1995-10-27,995.01,,5.91107,,,,,,,,,,,
1995-10-31,994.5,,5.87936,,,,,,,,,,,
1995-11-01,996.76,,5.8364,,,,,,,,,,,
1995-11-02,996.96,,5.83992,,,,,,,,,,,
1995-11-03,998.18,,4.69695,,,,,,,,,,,
1995-11-07,998.49,,4.58666,,,,,,,,,,,
1995-11-08,999.51,,4.29585,,,,,,,,,,,
1995-11-09,999.73,,3.84293,,,,,,,,,,,
1995-11-10,1000.13,,3.8349,,,,,,,,,,,
1995-11-14,999.77,,2.05173,,,,,,,,,,,
1995-11-15,1001.14,,1.87362,,,,,,,,,,,
1995-11-16,1001.62,,1.83184,,,,,,,,,,,
1995-11-17,1002.25,,1.54258,,,,,,,,,,,
1995-11-21,1003.44,,1.47321,,,,,,,,,,,
1995-11-22,1003.47,,1.08644,,,,,,,,,,,
1995-11-23,1002.49,,1.22964,,,,,,,,,,,
1995-11-24,1001.23,,1.38833,,,,,,,,,,,
1995-11-28,1003.24,,1.48908,,,,,,,,,,,
1995-11-29,1001.73,,1.59453,,,,,,,,,,,
1995-11-30,998.16,,2.10444,,,,,,,,,,,
1995-12-01,998.15,,2.1052,,,,,,,,,,,
1995-12-05,995.93,,2.2598,,,,,,,,,,,
1995-12-06,990.16,,2.93634,,,,,,,,,,,
1995-12-07,983.29,,3.75163,,,,,,,,,,,
1995-12-08,974.04,,4.79736,,,,,,,,,,,
1995-12-12,979.87,,5.41753,,,,,,,,,,,
1995-12-13,986.17,,5.98429,,,,,,,,,,,
1995-12-14,994.57,,6.80929,,,,,,,,,,,
1995-12-15,992.88,,6.82315,,,,,,,,,,,
1995-12-19,986.71,,7.13417,,,,,,,,,,,
1995-12-20,987.22,,7.10842,,,,,,,,,,,
1995-12-21,985.39,,7.10535,,,,,,,,,,,
1995-12-22,984.06,,7.08665,,,,,,,,,,,
1995-12-27,990.1,,7.48578,,,,,,,,,,,
1995-12-28,986.96,,7.53244,,,,,,,,,,,
1995-12-29,987.65,,7.55155,,,,,,,,,,,
1996-01-03,994.31,,7.99767,,,,,,,,,,,
1996-01-04,994.5,,7.9527,,,,,,,,,,,
1996-01-05,998.68,,8.10702,,,,,,,,,,,
1996-01-09,997.06,,8.02723,,,,,,,,,,,
1996-01-10,1003.44,,8.34597,,,,,,,,,,,
1996-01-11,1003.86,,8.29392,,,,,,,,,,,
1996-01-12,1002.59,,7.9943,,,,,,,,,,,
1996-01-16,1011.59,,7.9853,,,,,,,,,,,
1996-01-17,1011.72,,6.90684,,,,,,,,,,,
1996-01-18,1010.34,,6.82371,,,,,,,,,,,
1996-01-19,1015.1,,6.6873,,,,,,,,,,,
1996-01-23,1019.17,,6.23596,,,,,,,,,,,
1996-01-24,1024.89,,6.31982,,,,,,,,,,,
1996-01-25,1026.08,,5.61164,,,,,,,,,,,
1996-01-26,1026.78,,5.60632,,,,,,,,,,,
1996-01-30,1027.61,,5.44297,,,,,,,,,,,
1996-01-31,1028.14,,5.32519,,,,,,,,,,,
1996-02-01,1026.3,,5.29145,,,,,,,,,,,
1996-02-02,1024.89,,5.10219,,,,,,,,,,,
1996-02-06,1022.93,,5.26453,,,,,,,,,,,
1996-02-07,1021.3,,5.04721,,,,,,,,,,,
1996-02-08,1022.28,,5.03138,,,,,,,,,,,
1996-02-09,1024.17,,4.92495,,,,,,,,,,,
1996-02-13,1027.54,,4.85143,,,,,,,,,,,
1996-02-14,1028.58,,4.4976,,,,,,,,,,,
1996-02-15,1027.57,,4.55851,,,,,,,,,,,
1996-02-16,1030.67,,4.50832,,,,,,,,,,,
1996-02-20,1033.41,,3.56468,,,,,,,,,,,
1996-02-21,1034.34,,3.54822,,,,,,,,,,,
1996-02-22,1035.43,,3.42665,,,,,,,,,,,
1996-02-23,1035.04,,3.21115,,,,,,,,,,,
1996-02-27,1038.49,,3.13486,,,,,,,,,,,
1996-02-28,1039.06,,2.6079,,,,,,,,,,,
1996-02-29,1039.81,,2.60197,,,,,,,,,,,
1996-03-01,1039.9,,2.61002,,,,,,,,,,,
1996-03-05,1041.28,,2.62103,,,,,,,,,,,
1996-03-06,1041.83,,2.62095,,,,,,,,,,,
1996-03-07,1042.03,,2.46469,,,,,,,,,,,
1996-03-08,1042.61,,2.33468,,,,,,,,,,,
1996-03-12,1043.5,,2.09315,,,,,,,,,,,
1996-03-13,1044.07,,1.86757,,,,,,,,,,,
1996-03-14,1044.99,,1.86858,,,,,,,,,,,
1996-03-15,1045.44,,1.86096,,,,,,,,,,,
1996-03-19,1046.76,,1.66357,,,,,,,,,,,
1996-03-20,1047.24,,1.67139,,,,,,,,,,,
1996-03-21,1047.65,,1.53158,,,,,,,,,,,
1996-03-22,1048.4,,1.32842,,,,,,,,,,,
1996-03-26,1048,,1.21446,,,,,,,,,,,
1996-03-27,1049.08,,1.21817,,,,,,,,,,,
1996-03-28,1049.22,,1.22726,,,,,,,,,,,
1996-03-29,1048.42,,1.27721,,,,,,,,,,,
1996-04-02,1042.2,,2.42248,,,,,,,,,,,
1996-04-03,1045.23,,2.60733,,,,,,,,,,,
1996-04-04,1046.92,,2.64571,,,,,,,,,,,
1996-04-09,1050.12,,2.81209,,,,,,,,,,,
1996-04-10,1047.35,,3.00168,,,,,,,,,,,
1996-04-11,1046.55,,3.02309,,,,,,,,,,,
1996-04-12,1047.48,,3.03214,,,,,,,,,,,
1996-04-16,1050.73,,3.19484,,,,,,,,,,,
1996-04-17,1054.41,,3.37837,,,,,,,,,,,
1996-04-18,1054.03,,3.39274,,,,,,,,,,,
1996-04-19,1052.9,,3.43236,,,,,,,,,,,
1996-04-23,1054.43,,3.45356,,,,,,,,,,,
1996-04-24,1055.31,,3.44319,,,,,,,,,,,
1996-04-25,1054.53,,3.46697,,,,,,,,,,,
1996-04-26,1054.29,,3.47287,,,,,,,,,,,
1996-04-30,1058.9,,3.75818,,,,,,,,,,,
1996-05-01,1061.55,,3.80754,,,,,,,,,,,
1996-05-03,1062.56,,3.80657,,,,,,,,,,,
1996-05-07,1063.41,,3.80219,,,,,,,,,,,
1996-05-08,1063.53,,3.77096,,,,,,,,,,,
1996-05-09,1061.63,,3.00719,,,,,,,,,,,
1996-05-10,1061.1,,2.95216,,,,,,,,,,,
1996-05-14,1065.78,,3.21398,,,,,,,,,,,
1996-05-15,1066.24,,3.11352,,,,,,,,,,,
1996-05-16,1066.61,,2.84986,,,,,,,,,,,
1996-05-17,1065.88,,2.84379,,,,,,,,,,,
1996-05-22,1068.18,,2.87759,,,,,,,,,,,
1996-05-23,1068.91,,2.76724,,,,,,,,,,,
1996-05-24,1069.47,,2.5866,,,,,,,,,,,
1996-05-28,1069.8,,2.56068,,,,,,,,,,,
1996-05-29,1071.19,,2.47462,,,,,,,,,,,
1996-05-30,1072.24,,2.46533,,,,,,,,,,,
1996-05-31,1073.06,,2.46546,,,,,,,,,,,
1996-06-04,1074.7,,2.40413,,,,,,,,,,,
1996-06-05,1074.72,,2.38971,,,,,,,,,,,
1996-06-06,1074.27,,2.06755,,,,,,,,,,,
1996-06-07,1072.95,,2.06571,,,,,,,,,,,
1996-06-12,1073.65,,2.06043,,,,,,,,,,,
1996-06-13,1070.8,,2.34404,,,,,,,,,,,
1996-06-14,1072.34,,2.3735,,,,,,,,,,,
1996-06-19,1072.74,,2.22721,,,,,,,,,,,
1996-06-20,1070.94,,2.33562,,,,,,,,,,,
1996-06-21,1070.86,,1.81721,,,,,,,,,,,
1996-06-25,1070.25,,1.83769,,,,,,,,,,,
1996-06-26,1069.81,,1.84865,,,,,,,,,,,
1996-06-27,1072.37,,1.98196,,,,,,,,,,,
1996-06-28,1069.73,,2.08522,,,,,,,,,,,
1996-07-03,1070.55,,2.08866,,,,,,,,,,,
1996-07-04,1068.12,,2.23965,,,,,,,,,,,
1996-07-05,1068.3,,2.23711,,,,,,,,,,,
1996-07-09,1068.17,,2.17789,,,,,,,,,,,
1996-07-10,1067.97,,2.13725,,,,,,,,,,,
1996-07-11,1065.65,,2.21467,,,,,,,,,,,
1996-07-12,1061.79,,2.38574,,,,,,,,,,,
1996-07-16,1065.58,,2.80364,,,,,,,,,,,
1996-07-17,1064.82,,2.80547,,,,,,,,,,,
1996-07-18,1062.86,,2.83656,,,,,,,,,,,
1996-07-19,1058.92,,3.02415,,,,,,,,,,,
1996-07-23,1063.53,,3.416,,,,,,,,,,,
1996-07-24,1064.56,,3.38756,,,,,,,,,,,
1996-07-25,1061.46,,3.49223,,,,,,,,,,,
1996-07-26,1061.03,,3.46573,,,,,,,,,,,
1996-07-30,1059.18,,3.49141,,,,,,,,,,,
1996-07-31,1056.74,,3.5468,,,,,,,,,,,
1996-08-01,1057.47,,3.57746,,,,,,,,,,,
1996-08-02,1054.87,,3.45567,,,,,,,,,,,
1996-08-06,1051.61,,3.50232,,,,,,,,,,,
1996-08-07,1049.37,,3.47548,,,,,,,,,,,
1996-08-09,1044.9,,3.6408,,,,,,,,,,,
1996-08-13,1035.79,,4.50465,,,,,,,,,,,
1996-08-14,1029.46,,4.75097,,,,,,,,,,,
1996-08-15,1041.76,,6.79841,,,,,,,,,,,
1996-08-16,1051.82,,7.79768,,,,,,,,,,,
1996-08-21,1044.54,,8.05032,,,,,,,,,,,
1996-08-22,1037.43,,8.14475,,,,,,,,,,,
1996-08-23,1040.15,,8.26367,,,,,,,,,,,
1996-08-27,1041.64,,8.31003,,,,,,,,,,,
1996-08-28,1044.54,,8.34924,,,,,,,,,,,
1996-08-29,1046.7,,8.2052,,,,,,,,,,,
1996-08-30,1045.02,,8.18259,,,,,,,,,,,
1996-09-03,1044.38,,8.14907,,,,,,,,,,,
1996-09-04,1045.27,,8.16957,,,,,,,,,,,
1996-09-05,1044.09,,8.16252,,,,,,,,,,,
1996-09-06,1043.93,,8.14269,,,,,,,,,,,
1996-09-10,1047.95,,8.28514,,,,,,,,,,,
1996-09-11,1051.64,,8.36411,,,,,,,,,,,
1996-09-12,1047.26,,8.42297,,,,,,,,,,,
1996-09-13,1047.66,,8.39399,,,,,,,,,,,
1996-09-17,1042.8,,8.42024,,,,,,,,,,,
1996-09-18,1038.9,,7.90945,,,,,,,,,,,
1996-09-19,1035.94,,7.64551,,,,,,,,,,,
1996-09-20,1037.1,,6.32753,,,,,,,,,,,
1996-09-24,1038.09,,5.18622,,,,,,,,,,,
1996-09-25,1040.36,,4.70851,,,,,,,,,,,
1996-09-26,1030.25,,5.3308,,,,,,,,,,,
1996-09-27,1027.68,,5.26219,,,,,,,,,,,
1996-10-01,1027.08,,5.20719,,,,,,,,,,,
1996-10-02,1030.54,,5.26273,,,,,,,,,,,
1996-10-03,1019.17,,6.32072,,,,,,,,,,,
1996-10-04,1015.24,,6.38415,,,,,,,,,,,
1996-10-08,1012.56,,6.3897,,,,,,,,,,,
1996-10-09,1010.32,,6.32943,,,,,,,,,,,
1996-10-10,1012.27,,6.45777,,,,,,,,,,,
1996-10-11,1013.12,,6.4957,,,,,,,,,,,
1996-10-16,1019.22,,6.77063,,,,,,,,,,,
1996-10-17,1018.5,,6.52643,,,,,,,,,,,
1996-10-18,1015.24,,6.48475,,,,,,,,,,,
1996-10-22,1018.33,,6.6562,,,,,,,,,,,
1996-10-23,1018.04,,6.55483,,,,,,,,,,,
1996-10-24,1017.52,,6.48847,,,,,,,,,,,
1996-10-25,1015.49,,6.4638,,,,,,,,,,,
1996-10-29,1012.43,,6.45098,,,,,,,,,,,
1996-10-30,1007.57,,6.51949,,,,,,,,,,,
1996-10-31,1005.83,,6.37315,,,,,,,,,,,
1996-11-01,1000.14,,5.8274,,,,,,,,,,,
1996-11-06,1006.36,,6.41478,,,,,,,,,,,
1996-11-07,1003.75,,6.43522,,,,,,,,,,,
1996-11-08,999.59,,6.28764,,,,,,,,,,,
1996-11-13,1000.22,,5.20502,,,,,,,,,,,
1996-11-14,997.38,,5.14119,,,,,,,,,,,
1996-11-15,1001.68,,5.41062,,,,,,,,,,,
1996-11-19,995.96,,5.69114,,,,,,,,,,,
1996-11-20,994.02,,5.6182,,,,,,,,,,,
1996-11-21,995.2,,5.63385,,,,,,,,,,,
1996-11-22,994.37,,5.01247,,,,,,,,,,,
1996-11-26,995.05,,5.05598,,,,,,,,,,,
1996-11-27,995.05,,5.01219,,,,,,,,,,,
1996-11-28,995.93,,4.83692,,,,,,,,,,,
1996-11-29,994.94,,4.82737,,,,,,,,,,,
1996-12-03,1000.09,,5.32146,,,,,,,,,,,
1996-12-04,995.73,,5.45343,,,,,,,,,,,
1996-12-05,997.4,,5.47554,,,,,,,,,,,
1996-12-06,997.48,,5.26528,,,,,,,,,,,
1996-12-10,997.99,,5.25617,,,,,,,,,,,
1996-12-11,998.17,,4.87271,,,,,,,,,,,
1996-12-12,998.31,,4.27151,,,,,,,,,,,
1996-12-13,999.47,,4.22337,,,,,,,,,,,
1996-12-17,1001.58,,4.02914,,,,,,,,,,,
1996-12-18,1000.4,,4.04866,,,,,,,,,,,
1996-12-19,1001.18,,3.91206,,,,,,,,,,,
1996-12-20,1001.1,,3.59779,,,,,,,,,,,
1996-12-24,1002.51,,2.92819,,,,,,,,,,,
1996-12-27,1003.49,,2.8081,,,,,,,,,,,
1996-12-31,1005.33,,2.839,,,,,,,,,,,
1997-01-03,1007.33,,2.83895,,,,,,,,,,,
1997-01-08,1022,,5.6656,,,,,,,,,,,
1997-01-09,1020.16,,5.75733,,,,,,,,,,,
1997-01-10,1013.68,,6.36223,,,,,,,,,,,
1997-01-14,1015.53,,6.33047,,,,,,,,,,,
1997-01-15,1026.53,,7.08526,,,,,,,,,,,
1997-01-16,1023.47,,6.9541,,,,,,,,,,,
1997-01-17,1018.15,,7.33382,,,,,,,,,,,
1997-01-21,1022.75,,7.42563,,,,,,,,,,,
1997-01-22,1023.67,,7.42178,,,,,,,,,,,
1997-01-23,1031.02,,7.69381,,,,,,,,,,,
1997-01-24,1031.51,,7.68619,,,,,,,,,,,
1997-01-28,1040.07,,8.03371,,,,,,,,,,,
1997-01-29,1057,,9.47678,,,,,,,,,,,
1997-01-30,1057.82,,9.39593,,,,,,,,,,,
1997-01-31,1070.97,,9.9494,,,,,,,,,,,
1997-02-04,1065.98,,10.2881,,,,,,,,,,,
1997-02-05,1076.25,,10.5128,,,,,,,,,,,
1997-02-06,1071.88,,10.8245,,,,,,,,,,,
1997-02-07,1070.08,,10.9585,,,,,,,,,,,
1997-02-11,1074.25,,10.9532,,,,,,,,,,,
1997-02-12,1075.17,,10.1351,,,,,,,,,,,
1997-02-13,1075.51,,10.0423,,,,,,,,,,,
1997-02-14,1073.36,,9.6335,,,,,,,,,,,
1997-02-18,1076.04,,9.62687,,,,,,,,,,,
1997-02-19,1075.11,,9.24213,,,,,,,,,,,
1997-02-20,1074.5,,9.09703,,,,,,,,,,,
1997-02-21,1074.1,,8.71171,,,,,,,,,,,
1997-02-25,1078.23,,8.69624,,,,,,,,,,,
1997-02-26,1084.09,,8.72414,,,,,,,,,,,
1997-02-27,1080.93,,8.80006,,,,,,,,,,,
1997-02-28,1080.51,,8.82993,,,,,,,,,,,
1997-03-04,1075.86,,8.83566,,,,,,,,,,,
1997-03-05,1067.77,,7.61283,,,,,,,,,,,
1997-03-06,1063.44,,7.78208,,,,,,,,,,,
1997-03-07,1057.58,,6.59564,,,,,,,,,,,
1997-03-11,1056.92,,6.42089,,,,,,,,,,,
1997-03-12,1062.73,,5.69595,,,,,,,,,,,
1997-03-13,1063.33,,5.56102,,,,,,,,,,,
1997-03-14,1060.35,,5.60954,,,,,,,,,,,
1997-03-18,1059.87,,5.36999,,,,,,,,,,,
1997-03-19,1058.61,,5.34171,,,,,,,,,,,
1997-03-20,1060.31,,5.39596,,,,,,,,,,,
1997-03-21,1060.66,,5.38551,,,,,,,,,,,
1997-03-26,1059.53,,5.26153,,,,,,,,,,,
1997-03-27,1059.88,,5.27585,,,,,,,,,,,
1997-04-01,1060.93,,5.31042,,,,,,,,,,,
1997-04-02,1061.98,,5.34127,,,,,,,,,,,
1997-04-03,1061.95,,5.08871,,,,,,,,,,,
1997-04-04,1062.46,,4.56842,,,,,,,,,,,
1997-04-08,1063.3,,4.5523,,,,,,,,,,,
1997-04-09,1062.67,,4.55029,,,,,,,,,,,
1997-04-10,1062.78,,4.36869,,,,,,,,,,,
1997-04-11,1060.71,,3.56843,,,,,,,,,,,
1997-04-15,1058.73,,3.34185,,,,,,,,,,,
1997-04-16,1058.97,,2.69154,,,,,,,,,,,
1997-04-17,1056.91,,2.77615,,,,,,,,,,,
1997-04-18,1054.35,,2.02125,,,,,,,,,,,
1997-04-22,1054.94,,2.02093,,,,,,,,,,,
1997-04-23,1057.64,,2.06854,,,,,,,,,,,
1997-04-24,1065.48,,3.36816,,,,,,,,,,,
1997-04-25,1066.77,,3.33839,,,,,,,,,,,
1997-04-29,1064,,3.46568,,,,,,,,,,,
1997-04-30,1063.11,,3.4834,,,,,,,,,,,
1997-05-01,1064.01,,3.46346,,,,,,,,,,,
1997-05-06,1076.39,,5.31634,,,,,,,,,,,
1997-05-07,1080.48,,5.42352,,,,,,,,,,,
1997-05-08,1075.05,,5.81981,,,,,,,,,,,
1997-05-09,1073.77,,5.85133,,,,,,,,,,,
1997-05-14,1077.36,,5.93392,,,,,,,,,,,
1997-05-15,1074.43,,6.05635,,,,,,,,,,,
1997-05-16,1074.52,,6.04461,,,,,,,,,,,
1997-05-20,1073.54,,6.06538,,,,,,,,,,,
1997-05-21,1075.2,,6.00445,,,,,,,,,,,
1997-05-22,1080.44,,6.10031,,,,,,,,,,,
1997-05-23,1080.43,,6.10493,,,,,,,,,,,
1997-05-27,1076.69,,6.22505,,,,,,,,,,,
1997-05-28,1076.24,,6.12161,,,,,,,,,,,
1997-05-29,1074.32,,6.20147,,,,,,,,,,,
1997-05-30,1076.4,,6.18348,,,,,,,,,,,
1997-06-04,1079.1,,5.72832,,,,,,,,,,,
1997-06-05,1077.19,,5.78611,,,,,,,,,,,
1997-06-06,1076.49,,5.68875,,,,,,,,,,,
1997-06-11,1078.64,,5.68379,,,,,,,,,,,
1997-06-12,1080.61,,5.69715,,,,,,,,,,,
1997-06-13,1080.46,,4.02569,,,,,,,,,,,
1997-06-17,1082.43,,3.84858,,,,,,,,,,,
1997-06-18,1086,,3.49619,,,,,,,,,,,
1997-06-19,1084.38,,3.51719,,,,,,,,,,,
1997-06-20,1084.28,,3.3561,,,,,,,,,,,
1997-06-24,1088.16,,3.34285,,,,,,,,,,,
1997-06-25,1086.47,,3.42815,,,,,,,,,,,
1997-06-26,1087.72,,3.38916,,,,,,,,,,,
1997-06-27,1090.58,,3.44796,,,,,,,,,,,
1997-07-02,1093.25,,3.15644,,,,,,,,,,,
1997-07-03,1098.72,,3.5099,,,,,,,,,,,
1997-07-04,1102.84,,3.26075,,,,,,,,,,,
1997-07-08,1102.45,,3.25659,,,,,,,,,,,
1997-07-09,1101.18,,3.18655,,,,,,,,,,,
1997-07-10,1098.64,,3.4111,,,,,,,,,,,
1997-07-11,1097.88,,3.41558,,,,,,,,,,,
1997-07-15,1099.56,,3.27604,,,,,,,,,,,
1997-07-16,1099.25,,3.25357,,,,,,,,,,,
1997-07-17,1100.83,,3.23795,,,,,,,,,,,
1997-07-18,1102.48,,3.22922,,,,,,,,,,,
1997-07-22,1109.46,,3.70382,,,,,,,,,,,
1997-07-23,1110.32,,3.70381,,,,,,,,,,,
1997-07-24,1106.7,,3.95251,,,,,,,,,,,
1997-07-25,1106.64,,3.86693,,,,,,,,,,,
1997-07-29,1108.16,,3.84615,,,,,,,,,,,
1997-07-30,1106.67,,3.82115,,,,,,,,,,,
1997-07-31,1109.65,,3.76446,,,,,,,,,,,
1997-08-01,1112.53,,3.80385,,,,,,,,,,,
1997-08-05,1112.83,,3.77259,,,,,,,,,,,
1997-08-06,1115.43,,3.76716,,,,,,,,,,,
1997-08-07,1115.2,,3.47832,,,,,,,,,,,
1997-08-12,1119.38,,3.47813,,,,,,,,,,,
1997-08-13,1120.33,,3.45389,,,,,,,,,,,
1997-08-14,1125.62,,3.63555,,,,,,,,,,,
1997-08-15,1128.25,,3.42601,,,,,,,,,,,
1997-08-20,1137.54,,4.11483,,,,,,,,,,,
1997-08-21,1140.54,,4.12477,,,,,,,,,,,
1997-08-22,1149.19,,4.51259,,,,,,,,,,,
1997-08-26,1145.52,,4.90262,,,,,,,,,,,
1997-08-27,1154.89,,5.36077,,,,,,,,,,,
1997-08-28,1161.15,,5.28044,,,,,,,,,,,
1997-08-29,1167.28,,5.35113,,,,,,,,,,,
1997-09-02,1174.01,,5.00833,,,,,,,,,,,
1997-09-03,1169.38,,5.48682,,,,,,,,,,,
1997-09-04,1172.82,,5.46251,,,,,,,,,,,
1997-09-05,1180.94,,5.40929,,,,,,,,,,,
1997-09-09,1204.09,,7.87555,,,,,,,,,,,
1997-09-10,1238.21,,11.5311,,,,,,,,,,,
1997-09-11,1250.03,,11.4568,,,,,,,,,,,
1997-09-12,1232.12,,13.4962,,,,,,,,,,,
1997-09-16,1245.06,,13.4835,,,,,,,,,,,
1997-09-17,1243.58,,13.6814,,,,,,,,,,,
1997-09-18,1241.83,,13.8008,,,,,,,,,,,
1997-09-19,1236.31,,14.2166,,,,,,,,,,,
1997-09-23,1242.45,,14.1894,,,,,,,,,,,
1997-09-24,1248.83,,14.1341,,,,,,,,,,,
1997-09-25,1251.88,,14.138,,,,,,,,,,,
1997-09-26,1249.73,,14.2685,,,,,,,,,,,
1997-09-30,1246.27,,14.24,,,,,,,,,,,
1997-10-01,1244.63,,14.2896,,,,,,,,,,,
1997-10-02,1243.27,,14.3751,,,,,,,,,,,
1997-10-03,1242.16,,14.4362,,,,,,,,,,,
1997-10-07,1250.95,,14.4751,,,,,,,,,,,
1997-10-08,1247.51,,14.403,,,,,,,,,,,
1997-10-09,1252.74,,14.4064,,,,,,,,,,,
1997-10-10,1258.04,,14.3488,,,,,,,,,,,
1997-10-15,1272.77,,13.4162,,,,,,,,,,,
1997-10-16,1263.79,,10.0358,,,,,,,,,,,
1997-10-17,1268.87,,9.60047,,,,,,,,,,,
1997-10-21,1264.6,,7.9403,,,,,,,,,,,
1997-10-22,1264.32,,7.17671,,,,,,,,,,,
1997-10-23,1267.87,,7.17227,,,,,,,,,,,
1997-10-24,1267.1,,7.14267,,,,,,,,,,,
1997-10-28,1274.05,,7.00349,,,,,,,,,,,
1997-10-29,1289.84,,7.91328,,,,,,,,,,,
1997-10-30,1282.82,,8.22198,,,,,,,,,,,
1997-10-31,1281.2,,8.26145,,,,,,,,,,,
1997-11-05,1284.63,,8.20555,,,,,,,,,,,
1997-11-06,1281.18,,8.20002,,,,,,,,,,,
1997-11-07,1286.73,,8.19825,,,,,,,,,,,
1997-11-11,1295.52,,8.32466,,,,,,,,,,,
1997-11-12,1294.51,,8.31943,,,,,,,,,,,
1997-11-13,1296.66,,8.10818,,,,,,,,,,,
1997-11-14,1297.87,,7.93772,,,,,,,,,,,
1997-11-19,1297.94,,7.92092,,,,,,,,,,,
1997-11-20,1296.62,,7.92435,,,,,,,,,,,
1997-11-21,1298.19,,6.96237,,,,,,,,,,,
1997-11-25,1296.37,,6.3548,,,,,,,,,,,
1997-11-26,1299.19,,6.2828,,,,,,,,,,,
1997-11-27,1303.15,,6.07562,,,,,,,,,,,
1997-11-28,1303.1,,6.06908,,,,,,,,,,,
1997-12-02,1307.54,,6.08965,,,,,,,,,,,
1997-12-03,1307.01,,6.08061,,,,,,,,,,,
1997-12-04,1299.43,,6.42571,,,,,,,,,,,
1997-12-05,1298.64,,4.84663,,,,,,,,,,,
1997-12-10,1298.78,,4.3398,,,,,,,,,,,
1997-12-11,1301.15,,4.30041,,,,,,,,,,,
1997-12-12,1304.85,,4.31054,,,,,,,,,,,
1997-12-16,1304.02,,4.14995,,,,,,,,,,,
1997-12-17,1296.3,,4.59636,,,,,,,,,,,
1997-12-18,1286.74,,4.72269,,,,,,,,,,,
1997-12-19,1286.12,,4.72019,,,,,,,,,,,
1997-12-23,1288.32,,4.72299,,,,,,,,,,,
1997-12-24,1281.6,,5.00395,,,,,,,,,,,
1997-12-30,1291.92,,5.87218,,,,,,,,,,,
1997-12-31,1293.58,,5.88818,,,,,,,,,,,
1998-01-02,1293.58,296,5.86762,,,,,,,,,,,
1998-01-05,1304.33,296,6.5641,,,,,,,,,,,
1998-01-06,1317.15,294,7.35852,,,,,,,,,,,
1998-01-07,1318.57,311,7.30792,,,,,,,,,,,
1998-01-08,1315.95,340,7.36269,,,,,,,,,,,
1998-01-09,1313.56,348,7.322,,,,,,,,,,,
1998-01-12,1315.7,349,7.33417,,,,,,,,,,,
1998-01-13,1315.7,320,6.96904,,,,,,,,,,,
1998-01-14,1318.25,320,6.96799,,,,,,,,,,,
1998-01-15,1318.53,319,6.96681,,,,,,,,,,,
1998-01-16,1319.21,313,6.95566,,,,,,,,,,,
1998-01-19,1322.16,313,6.93411,,,,,,,,,,,
1998-01-20,1325.07,302,6.93689,,,,,,,,,,,
1998-01-21,1327,309,6.46471,,,,,,,,,,,
1998-01-22,1331.48,307,5.64961,,,,,,,,,,,
1998-01-23,1334.71,294,5.59402,,,,,,,,,,,
1998-01-26,1332.78,317,5.71574,,,,,,,,,,,
1998-01-27,1336.38,313,5.10131,,,,,,,,,,,
1998-01-28,1337.3,305,4.61179,,,,,,,,,,,
1998-01-29,1339.57,324,4.60887,,,,,,,,,,,
1998-01-30,1341.85,310,4.56268,,,,,,,,,,,
1998-02-02,1342,303,3.90649,,,,,,,,,,,
1998-02-03,1343.9,312,2.35225,,,,,,,,,,,
1998-02-04,1345.01,310,2.35292,,,,,,,,,,,
1998-02-05,1345.46,289,2.09255,,,,,,,,,,,
1998-02-06,1346.09,280,1.80624,,,,,,,,,,,
1998-02-09,1346.42,281,1.83165,,,,,,,,,,,
1998-02-10,1347.72,281,1.78238,,,,,,,,,,,
1998-02-11,1348.23,300,1.78308,,,,,,,,,,,
1998-02-12,1348.86,304,1.76803,,,,,,,,,,,
1998-02-13,1349.34,308,1.77637,,,,,,,,,,,
1998-02-16,1349.54,308,1.75853,,,,,,,,,,,
1998-02-17,1350.97,312,1.70331,,,,,,,,,,,
1998-02-18,1350.23,304,1.77422,,,,,,,,,,,
1998-02-19,1349.95,302,1.54453,,,,,,,,,,,
1998-02-20,1350.1,294,1.41264,,,,,,,,,,,
1998-02-23,1347.94,280,1.44262,,,,,,,,,,,
1998-02-24,1340.92,277,2.34612,,,,,,,,,,,
1998-02-25,1334.72,282,2.88819,,,,,,,,,,,
1998-02-26,1340.75,279,3.26721,,,,,,,,,,,
1998-02-27,1344.25,266,3.34313,,,,,,,,,,,
1998-03-02,1343.85,261,3.34592,,,,,,,,,,,
1998-03-03,1349.04,267,3.57999,,,,,,,,,,,
1998-03-04,1352.21,266,3.6557,,,,,,,,,,,
1998-03-05,1349.8,275,3.72714,,,,,,,,,,,
1998-03-06,1353.19,270,3.81867,,,,,,,,,,,
1998-03-09,1353.71,277,3.81891,,,,,,,,,,,
1998-03-10,1354.9,275,3.81694,,,,,,,,,,,
1998-03-11,1355.88,275,3.82025,,,,,,,,,,,
1998-03-12,1356.63,271,3.82092,,,,,,,,,,,
1998-03-13,1356.7,281,3.82172,,,,,,,,,,,
1998-03-16,1355.9,277,3.83385,,,,,,,,,,,
1998-03-17,1358.66,271,3.87699,,,,,,,,,,,
1998-03-18,1359.96,270,3.87096,,,,,,,,,,,
1998-03-19,1360.56,269,3.86521,,,,,,,,,,,
1998-03-20,1361.87,264,3.86883,,,,,,,,,,,
1998-03-23,1361.86,264,3.79835,,,,,,,,,,,
1998-03-24,1361.86,266,3.14945,,,,,,,,,,,
1998-03-25,1364.4,277,2.43218,,,,,,,,,,,
1998-03-26,1364.76,273,2.08526,,,,,,,,,,,
1998-03-27,1365.66,272,1.9844,,,,,,,,,,,
1998-03-30,1361.49,269,2.38632,,,,,,,,,,,
1998-03-31,1358.03,285,2.32765,,,,,,,,,,,
1998-04-01,1360.26,290,2.25904,,,,,,,,,,,
1998-04-02,1362.54,297,2.16832,,,,,,,,,,,
1998-04-03,1357.75,306,2.45403,,,,,,,,,,,
1998-04-06,1357.71,291,2.45359,,,,,,,,,,,
1998-04-07,1355.5,287,2.51518,,,,,,,,,,,
1998-04-08,1354.15,289,2.52566,,,,,,,,,,,
1998-04-09,1357.14,290,2.64452,,,,,,,,,,,
1998-04-10,1357.14,290,2.6445,,,,,,,,,,,
1998-04-13,1357.14,280,2.63484,,,,,,,,,,,
1998-04-14,1363.38,284,3.01841,,,,,,,,,,,
1998-04-15,1365.21,291,3.03471,,,,,,,,,,,
1998-04-16,1364.06,292,3.05492,,,,,,,,,,,
1998-04-17,1360.74,293,3.16804,,,,,,,,,,,
1998-04-20,1360.49,289,3.16841,,,,,,,,,,,
1998-04-21,1360.42,285,3.16835,,,,,,,,,,,
1998-04-22,1357.51,282,3.166,,,,,,,,,,,
1998-04-23,1355.94,285,3.1754,,,,,,,,,,,
1998-04-24,1354.91,288,3.15701,,,,,,,,,,,
1998-04-27,1359.99,295,3.3151,,,,,,,,,,,
1998-04-28,1368.17,299,3.81336,,,,,,,,,,,
1998-04-29,1371.35,298,3.85088,,,,,,,,,,,
1998-04-30,1365.72,312,4.1356,,,,,,,,,,,
1998-05-01,1364.07,293,3.94272,,,,,,,,,,,
1998-05-04,1364.07,294,3.94248,,,,,,,,,,,
1998-05-05,1369.31,291,4.07484,,,,,,,,,,,
1998-05-06,1375.39,297,4.2604,,,,,,,,,,,
1998-05-07,1382.27,303,4.49243,,,,,,,,,,,
1998-05-08,1383.04,298,4.48168,,,,,,,,,,,
1998-05-11,1385.38,296,4.47456,,,,,,,,,,,
1998-05-12,1387.78,307,4.28417,,,,,,,,,,,
1998-05-13,1388.04,315,4.28752,,,,,,,,,,,
1998-05-14,1387.15,311,4.27769,,,,,,,,,,,
1998-05-15,1384.97,312,4.20021,,,,,,,,,,,
1998-05-18,1383.31,319,4.24958,,,,,,,,,,,
1998-05-19,1387.26,321,4.29426,,,,,,,,,,,
1998-05-20,1390.89,321,4.16609,,,,,,,,,,,
1998-05-21,1392.18,320,4.07337,,,,,,,,,,,
1998-05-22,1393.62,325,4.00109,,,,,,,,,,,
1998-05-25,1394.33,325,3.91461,,,,,,,,,,,
1998-05-26,1394.33,333,3.50707,,,,,,,,,,,
1998-05-27,1396.51,343,3.47783,,,,,,,,,,,
1998-05-28,1397.12,339,2.93961,,,,,,,,,,,
1998-05-29,1396.69,341,2.8606,,,,,,,,,,,
1998-06-01,1397.07,347,2.84729,,,,,,,,,,,
1998-06-02,1398.53,347,2.67112,,,,,,,,,,,
1998-06-03,1399.56,349,2.35531,,,,,,,,,,,
1998-06-04,1399.02,346,1.82084,,,,,,,,,,,
1998-06-05,1397.63,348,1.90715,,,,,,,,,,,
1998-06-08,1387.12,348,3.39631,,,,,,,,,,,
1998-06-09,1386.53,347,3.34165,,,,,,,,,,,
1998-06-10,1376.25,356,4.24618,,,,,,,,,,,
1998-06-11,1383.23,369,4.66897,,,,,,,,,,,
1998-06-12,1388.76,382,4.85657,,,,,,,,,,,
1998-06-15,1380.51,394,5.30343,,,,,,,,,,,
1998-06-16,1380.51,391,5.1882,,,,,,,,,,,
1998-06-17,1388.5,376,5.52875,,,,,,,,,,,
1998-06-18,1394.39,390,5.72997,,,,,,,,,,,
1998-06-19,1390.85,394,5.79122,,,,,,,,,,,
1998-06-22,1394.8,379,5.88184,,,,,,,,,,,
1998-06-23,1394.8,373,5.88184,,,,,,,,,,,
1998-06-24,1381.11,365,6.80891,,,,,,,,,,,
1998-06-25,1375.02,378,6.93222,,,,,,,,,,,
1998-06-26,1363.67,382,7.41924,,,,,,,,,,,
1998-06-29,1363.04,384,7.40453,,,,,,,,,,,
1998-06-30,1363.04,390,7.37113,,,,,,,,,,,
1998-07-01,1369.88,379,7.67591,,,,,,,,,,,
1998-07-02,1358.05,381,8.12808,,,,,,,,,,,
1998-07-03,1345.65,381,8.56891,,,,,,,,,,,
1998-07-06,1348.06,391,8.39105,,,,,,,,,,,
1998-07-07,1357.78,380,8.9292,,,,,,,,,,,
1998-07-08,1368.16,380,9.0972,,,,,,,,,,,
1998-07-09,1369.12,384,8.88612,,,,,,,,,,,
1998-07-10,1370.45,384,8.74676,,,,,,,,,,,
1998-07-13,1374.23,377,8.59266,,,,,,,,,,,
1998-07-14,1380.27,373,8.74771,,,,,,,,,,,
1998-07-15,1381.22,373,8.48439,,,,,,,,,,,
1998-07-16,1378.01,366,8.34168,,,,,,,,,,,
1998-07-17,1376.74,365,8.31118,,,,,,,,,,,
1998-07-20,1381.54,359,8.34866,,,,,,,,,,,
1998-07-21,1381.54,353,8.34866,,,,,,,,,,,
1998-07-22,1380.87,362,7.57843,,,,,,,,,,,
1998-07-23,1376.87,363,7.47975,,,,,,,,,,,
1998-07-24,1378.88,359,6.80536,,,,,,,,,,,
1998-07-27,1379.61,367,6.79481,,,,,,,,,,,
1998-07-28,1378.33,365,6.81372,,,,,,,,,,,
1998-07-29,1376.12,359,6.64329,,,,,,,,,,,
1998-07-30,1373.49,363,5.82501,,,,,,,,,,,
1998-07-31,1370.65,364,4.68402,,,,,,,,,,,
1998-08-03,1372.14,368,4.67335,,,,,,,,,,,
1998-08-04,1371.16,370,4.06239,,,,,,,,,,,
1998-08-05,1368.24,371,3.17031,,,,,,,,,,,
1998-08-06,1366.44,370,3.19218,,,,,,,,,,,
1998-08-07,1364.9,374,3.18589,,,,,,,,,,,
1998-08-10,1364.9,423,2.99083,,,,,,,,,,,
1998-08-11,1359.22,468,2.72803,,,,,,,,,,,
1998-08-12,1365.58,422,3.313,,,,,,,,,,,
1998-08-13,1371.23,421,3.63562,,,,,,,,,,,
1998-08-14,1377.08,425,3.95849,,,,,,,,,,,
1998-08-17,1386.02,435,4.42128,,,,,,,,,,,
1998-08-18,1386.02,444,4.42128,,,,,,,,,,,
1998-08-19,1385.77,440,4.41669,,,,,,,,,,,
1998-08-20,1384.24,443,4.295,,,,,,,,,,,
1998-08-21,1391.55,579,4.63447,,,,,,,,,,,
1998-08-24,1407.27,625,6.00995,,,,,,,,,,,
1998-08-25,1418.22,593,6.41784,,,,,,,,,,,
1998-08-26,1420.27,633,6.31731,,,,,,,,,,,
1998-08-27,1430.33,712,6.4606,,,,,,,,,,,
1998-08-28,1438.16,694,6.37956,,,,,,,,,,,
1998-08-31,1440.87,711,6.36399,,,,,,,,,,,
1998-09-01,1441.86,733,6.29078,,,,,,,,,,,
1998-09-02,1442.95,793,6.08819,,,,,,,,,,,
1998-09-03,1518.56,923,18.1012,,,,,,,,,,,
1998-09-04,1532.19,939,17.981,,,,,,,,,,,
1998-09-07,1538.84,939,17.8617,,,,,,,,,,,
1998-09-08,1511.55,871,19.4879,,,,,,,,,,,
1998-09-09,1505.66,871,19.7611,,,,,,,,,,,
1998-09-10,1493.4,1032,20.2987,,,,,,,,,,,
1998-09-11,1506.27,1066,20.3564,,,,,,,,,,,
1998-09-14,1505.85,1049,20.4099,,,,,,,,,,,
1998-09-15,1510.41,992,20.3566,,,,,,,,,,,
1998-09-16,1516.92,884,20.2879,,,,,,,,,,,
1998-09-17,1520.63,949,20.1963,,,,,,,,,,,
1998-09-18,1531.49,907,20.2139,,,,,,,,,,,
1998-09-21,1533.95,1013,20.0955,,,,,,,,,,,
1998-09-22,1529.26,945,20.2161,,,,,,,,,,,
1998-09-23,1541.16,935,20.2438,,,,,,,,,,,
1998-09-24,1561.28,896,20.4666,,,,,,,,,,,
1998-09-25,1548.95,887,20.9197,,,,,,,,,,,
1998-09-28,1547.81,874,20.9706,,,,,,,,,,,
1998-09-29,1556.25,895,20.9515,,,,,,,,,,,
1998-09-30,1556.15,950,20.9694,,,,,,,,,,,
1998-10-01,1556.52,974,11.2936,,,,,,,,,,,
1998-10-02,1573.22,992,11.4661,,,,,,,,,,,
1998-10-05,1578.96,1006,11.4448,,,,,,,,,,,
1998-10-06,1585.64,987,8.94926,,,,,,,,,,,
1998-10-07,1588.64,962,8.63951,,,,,,,,,,,
1998-10-08,1586.53,945,7.79915,,,,,,,,,,,
1998-10-09,1587.46,904,7.55626,,,,,,,,,,,
1998-10-12,1590.64,904,7.48303,,,,,,,,,,,
1998-10-13,1590.64,907,7.54449,,,,,,,,,,,
1998-10-14,1592.11,928,7.53802,,,,,,,,,,,
1998-10-15,1591.01,928,7.61836,,,,,,,,,,,
1998-10-16,1594.19,919,7.39931,,,,,,,,,,,
1998-10-19,1596.21,905,7.40272,,,,,,,,,,,
1998-10-20,1598.18,837,7.16724,,,,,,,,,,,
1998-10-21,1598.61,834,6.88573,,,,,,,,,,,
1998-10-22,1597.79,826,5.52034,,,,,,,,,,,
1998-10-23,1599.15,799,4.36228,,,,,,,,,,,
1998-10-26,1597.97,782,4.36242,,,,,,,,,,,
1998-10-27,1590.64,769,4.63565,,,,,,,,,,,
1998-10-28,1576.38,777,5.85718,,,,,,,,,,,
1998-10-29,1577.9,791,5.85614,,,,,,,,,,,
1998-10-30,1577.19,756,4.51752,,,,,,,,,,,
1998-11-02,1575.08,741,4.34609,,,,,,,,,,,
1998-11-03,1575.08,710,4.03344,,,,,,,,,,,
1998-11-04,1569.93,607,4.07218,,,,,,,,,,,
1998-11-05,1568.54,583,4.06458,,,,,,,,,,,
1998-11-06,1563.32,554,4.15384,,,,,,,,,,,
1998-11-09,1553.71,528,4.43438,,,,,,,,,,,
1998-11-10,1559.35,563,4.73783,,,,,,,,,,,
1998-11-11,1571.76,563,5.67345,,,,,,,,,,,
1998-11-12,1577.61,568,5.88033,,,,,,,,,,,
1998-11-13,1578.79,564,5.82865,,,,,,,,,,,
1998-11-16,1580.99,557,5.83385,,,,,,,,,,,
1998-11-17,1580.99,545,5.80217,,,,,,,,,,,
1998-11-18,1583.29,564,5.83922,,,,,,,,,,,
1998-11-19,1569.6,602,6.52515,,,,,,,,,,,
1998-11-20,1558.49,588,6.84663,,,,,,,,,,,
1998-11-23,1539.38,580,7.8828,,,,,,,,,,,
1998-11-24,1547.92,595,8.22998,,,,,,,,,,,
1998-11-25,1557.57,580,8.12766,,,,,,,,,,,
1998-11-26,1545.53,580,8.48698,,,,,,,,,,,
1998-11-27,1543.45,582,8.48473,,,,,,,,,,,
1998-11-30,1547.11,606,8.57142,,,,,,,,,,,
1998-12-01,1545.88,630,8.56504,,,,,,,,,,,
1998-12-02,1545.82,673,8.52474,,,,,,,,,,,
1998-12-03,1539.32,687,8.61194,,,,,,,,,,,
1998-12-04,1545.89,689,8.75265,,,,,,,,,,,
1998-12-07,1552.48,682,8.64844,,,,,,,,,,,
1998-12-08,1548.63,720,8.57674,,,,,,,,,,,
1998-12-09,1548.63,721,8.00528,,,,,,,,,,,
1998-12-10,1541.14,721,7.94993,,,,,,,,,,,
1998-12-11,1530.63,724,8.16095,,,,,,,,,,,
1998-12-14,1531.13,764,8.11866,,,,,,,,,,,
1998-12-15,1532.76,758,8.15521,,,,,,,,,,,
1998-12-16,1529.07,718,8.08152,,,,,,,,,,,
1998-12-17,1523.8,722,7.68934,,,,,,,,,,,
1998-12-18,1515.98,649,7.52916,,,,,,,,,,,
1998-12-21,1494.11,629,7.97931,,,,,,,,,,,
1998-12-22,1477.51,620,8.22811,,,,,,,,,,,
1998-12-23,1467.04,605,7.73825,,,,,,,,,,,
1998-12-24,1484.88,604,9.18813,,,,,,,,,,,
1998-12-25,1484.88,604,9.21326,,,,,,,,,,,
1998-12-28,1484.88,615,9.10426,,,,,,,,,,,
1998-12-29,1507.52,619,10.9619,,,,,,,,,,,
1998-12-30,1535.55,625,13.0027,,,,,,,,,,,
1998-12-31,1542.11,626,13.0153,,,,,,,,,,,
1999-01-01,1542.11,626,12.9219,,,,,,,,,,,
1999-01-04,1542.11,616,12.8186,,,,,,,,,,,
1999-01-05,1545.11,576,12.8165,,,,,,,,,,,
1999-01-06,1528.28,586,13.3808,,,,,,,,,,,
1999-01-07,1530.48,590,13.3058,,,,,,,,,,,
1999-01-08,1543.22,588,13.4098,,,,,,,,,,,
1999-01-11,1535.96,600,13.5328,,,,,,,,,,,
1999-01-12,1535.96,612,13.5286,,,,,,,,,,,
1999-01-13,1549.35,679,13.8247,,,,,,,,,,,
1999-01-14,1588.8,710,16.2164,,,,,,,,,,,
1999-01-15,1584.42,679,16.097,,,,,,,,,,,
1999-01-18,1596.59,679,14.9203,,,,,,,,,,,
1999-01-19,1580.4,670,14.7976,,,,,,,,,,,
1999-01-20,1587.18,642,14.2709,,,,,,,,,,,
1999-01-21,1582.57,667,14.1269,,,,,,,,,,,
1999-01-22,1589.65,682,14.0821,,,,,,,,,,,
1999-01-25,1591.81,696,14.0468,,,,,,,,,,,
1999-01-26,1591.58,683,13.3973,,,,,,,,,,,
1999-01-27,1591.69,662,12.0601,,,,,,,,,,,
1999-01-28,1590.33,643,12.0581,,,,,,,,,,,
1999-01-29,1580.72,641,12.3491,,,,,,,,,,,
1999-02-01,1582.9,642,12.3405,,,,,,,,,,,
1999-02-02,1581.27,611,12.3653,,,,,,,,,,,
1999-02-03,1576.22,615,11.6434,,,,,,,,,,,
1999-02-04,1574.07,608,11.6893,,,,,,,,,,,
1999-02-05,1575.69,617,11.4026,,,,,,,,,,,
1999-02-08,1570.94,619,11.3045,,,,,,,,,,,
1999-02-09,1562.14,645,11.5519,,,,,,,,,,,
1999-02-10,1563.39,644,11.1755,,,,,,,,,,,
1999-02-11,1570.81,636,6.61033,,,,,,,,,,,
1999-02-12,1564.04,620,6.70138,,,,,,,,,,,
1999-02-15,1565.57,620,5.9857,,,,,,,,,,,
1999-02-16,1557.79,602,5.14961,,,,,,,,,,,
1999-02-17,1561.53,607,4.94643,,,,,,,,,,,
1999-02-18,1569.4,587,5.29096,,,,,,,,,,,
1999-02-19,1567.17,582,4.9737,,,,,,,,,,,
1999-02-22,1560.46,593,5.06521,,,,,,,,,,,
1999-02-23,1556.65,590,5.0798,,,,,,,,,,,
1999-02-24,1550.88,582,5.14048,,,,,,,,,,,
1999-02-25,1557.97,586,5.54601,,,,,,,,,,,
1999-02-26,1572.46,588,6.31453,,,,,,,,,,,
1999-03-01,1568.3,603,6.33756,,,,,,,,,,,
1999-03-02,1560.4,621,6.54257,,,,,,,,,,,
1999-03-03,1557.94,626,6.48433,,,,,,,,,,,
1999-03-04,1558.66,635,6.48754,,,,,,,,,,,
1999-03-05,1555.84,626,6.47756,,,,,,,,,,,
1999-03-08,1552.37,632,6.44509,,,,,,,,,,,
1999-03-09,1552.44,642,6.16722,,,,,,,,,,,
1999-03-10,1550.33,619,6.16325,,,,,,,,,,,
1999-03-11,1545.09,583,5.93226,,,,,,,,,,,
1999-03-12,1552.28,592,6.08325,,,,,,,,,,,
1999-03-15,1562.91,573,6.58902,,,,,,,,,,,
1999-03-16,1563.97,552,6.33243,,,,,,,,,,,
1999-03-17,1561.74,553,6.30165,,,,,,,,,,,
1999-03-18,1554.85,553,6.19487,,,,,,,,,,,
1999-03-19,1550.03,521,6.25781,,,,,,,,,,,
1999-03-22,1546.77,517,6.13134,,,,,,,,,,,
1999-03-23,1546.77,508,6.0866,,,,,,,,,,,
1999-03-24,1544.6,511,5.96982,,,,,,,,,,,
1999-03-25,1541.74,507,5.71987,,,,,,,,,,,
1999-03-26,1534.28,519,4.60337,,,,,,,,,,,
1999-03-29,1525.59,515,4.84668,,,,,,,,,,,
1999-03-30,1529.59,521,4.84102,,,,,,,,,,,
1999-03-31,1533.51,506,4.9955,,,,,,,,,,,
1999-04-01,1533.32,498,4.98032,,,,,,,,,,,
1999-04-02,1533.32,498,4.97399,,,,,,,,,,,
1999-04-05,1533.32,504,4.94754,,,,,,,,,,,
1999-04-06,1532.48,502,4.94148,,,,,,,,,,,
1999-04-07,1534.13,505,4.97044,,,,,,,,,,,
1999-04-08,1548.14,494,5.90354,,,,,,,,,,,
1999-04-09,1574.77,488,8.3202,,,,,,,,,,,
1999-04-12,1588.17,482,8.49929,,,,,,,,,,,
1999-04-13,1588.19,466,8.50386,,,,,,,,,,,
1999-04-14,1603.95,453,9.04583,,,,,,,,,,,
1999-04-15,1593.17,453,9.27639,,,,,,,,,,,
1999-04-16,1586.04,446,9.37413,,,,,,,,,,,
1999-04-19,1578.93,461,9.5212,,,,,,,,,,,
1999-04-20,1570.53,471,9.78235,,,,,,,,,,,
1999-04-21,1563.94,462,9.91425,,,,,,,,,,,
1999-04-22,1570.34,462,9.94159,,,,,,,,,,,
1999-04-23,1573.86,459,9.71175,,,,,,,,,,,
1999-04-26,1578.98,461,9.37516,,,,,,,,,,,
1999-04-27,1580.78,462,9.37106,,,,,,,,,,,
1999-04-28,1590.53,462,9.50316,,,,,,,,,,,
1999-04-29,1598.69,467,9.54259,,,,,,,,,,,
1999-04-30,1604.44,458,9.52351,,,,,,,,,,,
1999-05-03,1611.48,461,9.51208,,,,,,,,,,,
1999-05-04,1613.61,458,9.45599,,,,,,,,,,,
1999-05-05,1603.97,468,9.92618,,,,,,,,,,,
1999-05-06,1610.66,475,9.62366,,,,,,,,,,,
1999-05-07,1618,478,7.89354,,,,,,,,,,,
1999-05-10,1631.71,482,7.88931,,,,,,,,,,,
1999-05-11,1627.3,484,8.00868,,,,,,,,,,,
1999-05-12,1631.02,487,7.34614,,,,,,,,,,,
1999-05-13,1631.95,487,6.78226,,,,,,,,,,,
1999-05-14,1630.08,495,6.50892,,,,,,,,,,,
1999-05-17,1640.15,477,6.33226,,,,,,,,,,,
1999-05-18,1640.15,500,5.78304,,,,,,,,,,,
1999-05-19,1644.11,511,5.27003,,,,,,,,,,,
1999-05-20,1643.05,528,5.34822,,,,,,,,,,,
1999-05-21,1644.6,572,5.36874,,,,,,,,,,,
1999-05-24,1665.36,596,6.50389,,,,,,,,,,,
1999-05-25,1671.2,637,6.48449,,,,,,,,,,,
1999-05-26,1669.27,632,6.4997,,,,,,,,,,,
1999-05-27,1682.12,740,6.70032,,,,,,,,,,,
1999-05-28,1685.33,668,6.69208,,,,,,,,,,,
1999-05-31,1671.67,668,7.62577,,,,,,,,,,,
1999-06-01,1663.55,658,7.98888,,,,,,,,,,,
1999-06-02,1657.7,689,7.72446,,,,,,,,,,,
1999-06-03,1667.88,679,7.83957,,,,,,,,,,,
1999-06-04,1654.75,666,8.46984,,,,,,,,,,,
1999-06-07,1653.96,630,8.02834,,,,,,,,,,,
1999-06-08,1653.96,622,7.93398,,,,,,,,,,,
1999-06-09,1672.01,643,8.69182,,,,,,,,,,,
1999-06-10,1679.12,690,8.7518,,,,,,,,,,,
1999-06-11,1686.08,673,8.74685,,,,,,,,,,,
1999-06-14,1682.09,691,8.6925,,,,,,,,,,,
1999-06-15,1682.09,677,8.6925,,,,,,,,,,,
1999-06-16,1694.56,660,8.9551,,,,,,,,,,,
1999-06-17,1698.55,654,8.92252,,,,,,,,,,,
1999-06-18,1693.75,647,9.06221,,,,,,,,,,,
1999-06-21,1692.36,642,8.08568,,,,,,,,,,,
1999-06-22,1694.26,651,8.02432,,,,,,,,,,,
1999-06-23,1710.03,674,8.54302,,,,,,,,,,,
1999-06-24,1723.26,670,8.54689,,,,,,,,,,,
1999-06-25,1734.83,714,8.76475,,,,,,,,,,,
1999-06-28,1737.91,707,7.99978,,,,,,,,,,,
1999-06-29,1751,660,7.80561,,,,,,,,,,,
1999-06-30,1732.1,667,8.91779,,,,,,,,,,,
1999-07-01,1736.03,664,8.79679,,,,,,,,,,,
1999-07-02,1751.26,667,8.27917,,,,,,,,,,,
1999-07-05,1755.31,667,8.18992,,,,,,,,,,,
1999-07-06,1755.31,662,8.18992,,,,,,,,,,,
1999-07-07,1772.69,662,8.06895,,,,,,,,,,,
1999-07-08,1795.36,668,8.78053,,,,,,,,,,,
1999-07-09,1831.1,670,10.5321,,,,,,,,,,,
1999-07-12,1840.38,716,10.2508,,,,,,,,,,,
1999-07-13,1887.17,732,12.4319,,,,,,,,,,,
1999-07-14,1926.55,714,13.5085,,,,,,,,,,,
1999-07-15,1881.42,687,17.2078,,,,,,,,,,,
1999-07-16,1823.29,689,21.4243,,,,,,,,,,,
1999-07-19,1821.95,686,21.4219,,,,,,,,,,,
1999-07-20,1819.04,701,21.4868,,,,,,,,,,,
1999-07-21,1819.04,705,21.4117,,,,,,,,,,,
1999-07-22,1809.56,675,21.5336,,,,,,,,,,,
1999-07-23,1807.9,677,21.5039,,,,,,,,,,,
1999-07-26,1831.19,677,21.8378,,,,,,,,,,,
1999-07-27,1829.63,678,21.7911,,,,,,,,,,,
1999-07-28,1829.06,684,21.2689,,,,,,,,,,,
1999-07-29,1817.09,678,21.5236,,,,,,,,,,,
1999-07-30,1806.52,676,21.5655,,,,,,,,,,,
1999-08-02,1809.5,669,21.5637,,,,,,,,,,,
1999-08-03,1813.6,673,21.5575,,,,,,,,,,,
1999-08-04,1800.79,682,21.5395,,,,,,,,,,,
1999-08-05,1822.84,700,21.5009,,,,,,,,,,,
1999-08-06,1834.97,674,20.4473,,,,,,,,,,,
1999-08-09,1849.12,655,20.5526,,,,,,,,,,,
1999-08-10,1852.8,656,18.3641,,,,,,,,,,,
1999-08-11,1855.03,651,16.5412,,,,,,,,,,,
1999-08-12,1865.3,673,14.5647,,,,,,,,,,,
1999-08-13,1893.25,675,10.0956,,,,,,,,,,,
1999-08-16,1879.15,673,10.5984,,,,,,,,,,,
1999-08-17,1879.15,685,10.5506,,,,,,,,,,,
1999-08-18,1880.39,682,10.5397,,,,,,,,,,,
1999-08-19,1898.03,692,10.5458,,,,,,,,,,,
1999-08-20,1892.5,712,10.6523,,,,,,,,,,,
1999-08-23,1907.94,720,10.1581,,,,,,,,,,,
1999-08-24,1912.27,743,10.1,,,,,,,,,,,
1999-08-25,1921.87,735,10.1004,,,,,,,,,,,
1999-08-26,1921.16,729,9.59149,,,,,,,,,,,
1999-08-27,1914.22,717,9.35686,,,,,,,,,,,
1999-08-30,1936.12,701,9.81098,,,,,,,,,,,
1999-08-31,1954.72,707,10.0399,,,,,,,,,,,
1999-09-01,1941.25,718,10.0153,,,,,,,,,,,
1999-09-02,1934.46,711,9.81192,,,,,,,,,,,
1999-09-03,1943.23,701,9.73582,,,,,,,,,,,
1999-09-06,1943.24,701,9.61277,,,,,,,,,,,
1999-09-07,1947.31,703,9.61213,,,,,,,,,,,
1999-09-08,1969.82,685,10.1108,,,,,,,,,,,
1999-09-09,1972.35,670,10.0826,,,,,,,,,,,
1999-09-10,1976.07,648,9.01589,,,,,,,,,,,
1999-09-13,1981.41,636,8.26902,,,,,,,,,,,
1999-09-14,1977.85,652,8.36947,,,,,,,,,,,
1999-09-15,1970.54,638,8.6397,,,,,,,,,,,
1999-09-16,1967.58,629,8.32672,,,,,,,,,,,
1999-09-17,1977.52,633,8.20702,,,,,,,,,,,
1999-09-20,1987.08,624,7.97095,,,,,,,,,,,
1999-09-21,1981.64,627,8.14768,,,,,,,,,,,
1999-09-22,1975.46,626,8.23147,,,,,,,,,,,
1999-09-23,1992.36,632,8.5789,,,,,,,,,,,
1999-09-24,1994.86,657,8.34025,,,,,,,,,,,
1999-09-27,1995.64,619,7.59132,,,,,,,,,,,
1999-09-28,2013.24,618,7.48592,,,,,,,,,,,
1999-09-29,2003.82,602,7.19105,,,,,,,,,,,
1999-09-30,2017.27,621,7.14426,,,,,,,,,,,
1999-10-01,2015.15,623,7.16705,,,,,,,,,,,
1999-10-04,2004.22,615,7.59718,,,,,,,,,,,
1999-10-05,1992.65,608,8.02498,,,,,,,,,,,
1999-10-06,2000.48,609,7.13102,,,,,,,,,,,
1999-10-07,1995.71,596,7.21467,,,,,,,,,,,
1999-10-08,1993.18,597,7.22637,,,,,,,,,,,
1999-10-11,1992.74,597,7.17901,,,,,,,,,,,
1999-10-12,1992.03,594,7.14166,,,,,,,,,,,
1999-10-13,1988.7,598,7.02399,,,,,,,,,,,
1999-10-14,1981.14,589,7.15584,,,,,,,,,,,
1999-10-15,1975.8,610,7.008,,,,,,,,,,,
1999-10-18,1977.04,606,6.77601,,,,,,,,,,,
1999-10-19,1977.04,598,6.71207,,,,,,,,,,,
1999-10-20,1965.92,578,6.91794,,,,,,,,,,,
1999-10-21,1957.53,567,6.22512,,,,,,,,,,,
1999-10-22,1946,548,6.41536,,,,,,,,,,,
1999-10-25,1946.24,533,6.40704,,,,,,,,,,,
1999-10-26,1949.33,518,5.33135,,,,,,,,,,,
1999-10-27,1966.07,515,6.3013,,,,,,,,,,,
1999-10-28,1968.9,503,5.70417,,,,,,,,,,,
1999-10-29,1965.44,505,5.70704,,,,,,,,,,,
1999-11-01,1971.59,514,5.68262,,,,,,,,,,,
1999-11-02,1971.59,522,5.37444,,,,,,,,,,,
1999-11-03,1966.5,532,5.15105,,,,,,,,,,,
1999-11-04,1960.7,537,5.17724,,,,,,,,,,,
1999-11-05,1962.16,545,5.20667,,,,,,,,,,,
1999-11-08,1959.46,522,5.20625,,,,,,,,,,,
1999-11-09,1954.56,525,5.2354,,,,,,,,,,,
1999-11-10,1948.05,531,5.29879,,,,,,,,,,,
1999-11-11,1951.11,531,5.2689,,,,,,,,,,,
1999-11-12,1958.41,533,5.44735,,,,,,,,,,,
1999-11-15,1961.8,538,5.48993,,,,,,,,,,,
1999-11-16,1961.8,540,5.48993,,,,,,,,,,,
1999-11-17,1961.7,550,5.12704,,,,,,,,,,,
1999-11-18,1946.27,554,5.65165,,,,,,,,,,,
1999-11-19,1927.47,558,6.2787,,,,,,,,,,,
1999-11-22,1925.11,554,6.2798,,,,,,,,,,,
1999-11-23,1935.48,556,6.58659,,,,,,,,,,,
1999-11-24,1925,547,5.91412,,,,,,,,,,,
1999-11-25,1912.86,547,6.11858,,,,,,,,,,,
1999-11-26,1918.85,545,6.32739,,,,,,,,,,,
1999-11-29,1921.93,542,6.21156,,,,,,,,,,,
1999-11-30,1923.77,535,6.24681,,,,,,,,,,,
1999-12-01,1922.47,527,6.22852,,,,,,,,,,,
1999-12-02,1918.63,529,6.20065,,,,,,,,,,,
1999-12-03,1911.35,532,6.2327,,,,,,,,,,,
1999-12-06,1903.8,525,6.30321,,,,,,,,,,,
1999-12-07,1886.46,512,6.86803,,,,,,,,,,,
1999-12-08,1888.99,496,6.92722,,,,,,,,,,,
1999-12-09,1888.99,499,6.85583,,,,,,,,,,,
1999-12-10,1906.91,493,7.69479,,,,,,,,,,,
1999-12-13,1900.22,471,7.643,,,,,,,,,,,
1999-12-14,1905.5,461,7.78198,,,,,,,,,,,
1999-12-15,1891.67,456,8.02846,,,,,,,,,,,
1999-12-16,1874.14,450,8.18457,,,,,,,,,,,
1999-12-17,1879.55,442,7.8005,,,,,,,,,,,
1999-12-20,1867.02,433,8.03495,,,,,,,,,,,
1999-12-21,1868.47,421,7.66842,,,,,,,,,,,
1999-12-22,1884.64,421,8.36653,,,,,,,,,,,
1999-12-23,1886.27,419,8.15276,,,,,,,,,,,
1999-12-24,1874.77,419,8.23704,,,,,,,,,,,
1999-12-27,1874.58,418,8.18316,,,,,,,,,,,
1999-12-28,1870.65,415,8.1458,,,,,,,,,,,
1999-12-29,1867.82,418,8.14135,,,,,,,,,,,
1999-12-30,1873.77,420,8.30038,,,,,,,,,,,
1999-12-31,1873.77,416,8.25085,,,,,,,,,,,
2000-01-03,1873.77,398,8.18153,,,,,,,,,,,
2000-01-04,1874.35,416,7.56621,,,,,,,,,,,
2000-01-05,1895.97,417,8.6394,,,,,,,,,,,
2000-01-06,1912.69,428,9.16095,,,,,,,,,,,
2000-01-07,1911.33,433,8.55345,,,,,,,,,,,
2000-01-10,1900.14,427,8.72535,,,,,,,,,,,
2000-01-11,1900.14,438,8.6636,,,,,,,,,,,
2000-01-12,1902.25,448,8.24802,,,,,,,,,,,
2000-01-13,1904.54,461,7.43067,,,,,,,,,,,
2000-01-14,1917.38,450,7.69314,,,,,,,,,,,
2000-01-17,1920.83,450,7.13852,,,,,,,,,,,
2000-01-18,1919.21,452,7.18095,,,,,,,,,,,
2000-01-19,1928.51,446,6.78725,,,,,,,,,,,
2000-01-20,1945.17,448,7.28166,,,,,,,,,,,
2000-01-21,1938.84,440,6.94643,,,,,,,,,,,
2000-01-24,1931.97,455,7.16803,,,,,,,,,,,
2000-01-25,1943.88,452,7.21512,,,,,,,,,,,
2000-01-26,1939.63,449,7.26154,,,,,,,,,,,
2000-01-27,1958.17,451,7.74318,,,,,,,,,,,
2000-01-28,1976.14,457,8.07053,,,,,,,,,,,
2000-01-31,1976.72,466,8.05837,,,,,,,,,,,
2000-02-01,1973.36,481,8.1675,,,,,,,,,,,
2000-02-02,1970.61,468,7.56345,,,,,,,,,,,
2000-02-03,1965.61,460,7.26533,,,,,,,,,,,
2000-02-04,1947.55,456,8.16215,,,,,,,,,,,
2000-02-07,1948.6,438,7.76001,,,,,,,,,,,
2000-02-08,1950.59,432,7.74649,,,,,,,,,,,
2000-02-09,1949.54,434,7.77419,,,,,,,,,,,
2000-02-10,1946.51,435,7.83676,,,,,,,,,,,
2000-02-11,1952.29,443,7.58846,,,,,,,,,,,
2000-02-14,1948.16,456,7.65417,,,,,,,,,,,
2000-02-15,1950.77,462,7.63473,,,,,,,,,,,
2000-02-16,1949.61,462,7.49771,,,,,,,,,,,
2000-02-17,1946.79,463,6.88919,,,,,,,,,,,
2000-02-18,1945.31,469,6.78671,,,,,,,,,,,
2000-02-21,1947.41,469,6.64801,,,,,,,,,,,
2000-02-22,1943.83,500,6.32896,,,,,,,,,,,
2000-02-23,1941.54,500,6.29272,,,,,,,,,,,
2000-02-24,1944.18,509,5.24457,,,,,,,,,,,
2000-02-25,1947.72,509,3.97816,,,,,,,,,,,
2000-02-28,1947.28,502,3.96478,,,,,,,,,,,
2000-02-29,1946.17,508,3.9491,,,,,,,,,,,
2000-03-01,1948.05,514,3.98227,,,,,,,,,,,
2000-03-02,1950.88,496,3.97315,,,,,,,,,,,
2000-03-03,1956.8,502,2.43505,,,,,,,,,,,
2000-03-06,1961.16,514,2.53438,,,,,,,,,,,
2000-03-07,1965.63,516,2.61818,,,,,,,,,,,
2000-03-08,1964.26,521,2.62619,,,,,,,,,,,
2000-03-09,1960.47,498,2.66595,,,,,,,,,,,
2000-03-10,1959.77,494,2.48996,,,,,,,,,,,
2000-03-13,1958.48,509,2.36103,,,,,,,,,,,
2000-03-14,1957.5,509,2.34017,,,,,,,,,,,
2000-03-15,1955.75,522,2.35556,,,,,,,,,,,
2000-03-16,1954.26,527,2.30567,,,,,,,,,,,
2000-03-17,1950.01,541,2.43448,,,,,,,,,,,
2000-03-20,1952.98,533,2.46252,,,,,,,,,,,
2000-03-21,1952.98,540,2.35007,,,,,,,,,,,
2000-03-22,1956.98,541,2.37148,,,,,,,,,,,
2000-03-23,1959.84,543,2.37722,,,,,,,,,,,
2000-03-24,1954.57,530,2.55322,,,,,,,,,,,
2000-03-27,1954.83,524,2.54891,,,,,,,,,,,
2000-03-28,1958.93,506,2.61765,,,,,,,,,,,
2000-03-29,1955.14,501,2.72426,,,,,,,,,,,
2000-03-30,1949.75,528,2.87022,,,,,,,,,,,
2000-03-31,1951.56,549,2.66257,,,,,,,,,,,
2000-04-03,1958.12,554,2.82093,,,,,,,,,,,
2000-04-04,1963.22,579,2.85894,,,,,,,,,,,
2000-04-05,1964.1,580,2.85406,,,,,,,,,,,
2000-04-06,1968.92,623,2.88532,,,,,,,,,,,
2000-04-07,1986.96,651,4.26673,,,,,,,,,,,
2000-04-10,1996.24,675,4.45732,,,,,,,,,,,
2000-04-11,1998.25,667,4.42403,,,,,,,,,,,
2000-04-12,1986.75,642,5.00592,,,,,,,,,,,
2000-04-13,1987.38,635,4.97622,,,,,,,,,,,
2000-04-14,1987.36,663,4.86003,,,,,,,,,,,
2000-04-17,1987.39,654,4.86589,,,,,,,,,,,
2000-04-18,1996.29,662,5.01572,,,,,,,,,,,
2000-04-19,2003.02,668,5.07041,,,,,,,,,,,
2000-04-20,1996.07,670,5.32817,,,,,,,,,,,
2000-04-21,1996.07,670,5.16967,,,,,,,,,,,
2000-04-24,1996.07,671,5.17302,,,,,,,,,,,
2000-04-25,1991.17,670,5.30117,,,,,,,,,,,
2000-04-26,1988.65,672,5.26019,,,,,,,,,,,
2000-04-27,1998.95,688,5.29104,,,,,,,,,,,
2000-04-28,2002.95,716,5.29615,,,,,,,,,,,
2000-05-01,2004.47,701,5.24238,,,,,,,,,,,
2000-05-02,2004.47,704,5.22948,,,,,,,,,,,
2000-05-03,2001.62,747,5.29926,,,,,,,,,,,
2000-05-04,2015.92,829,5.71758,,,,,,,,,,,
2000-05-05,2027.26,827,5.18149,,,,,,,,,,,
2000-05-08,2033.17,832,5.05346,,,,,,,,,,,
2000-05-09,2044.59,840,5.32044,,,,,,,,,,,
2000-05-10,2031.86,853,5.40418,,,,,,,,,,,
2000-05-11,2021.68,786,5.82571,,,,,,,,,,,
2000-05-12,2031.96,780,6.00218,,,,,,,,,,,
2000-05-15,2039.29,769,6.05022,,,,,,,,,,,
2000-05-16,2035.54,782,6.02491,,,,,,,,,,,
2000-05-17,2037.1,773,5.95832,,,,,,,,,,,
2000-05-18,2047.79,761,5.92288,,,,,,,,,,,
2000-05-19,2055.35,797,5.96165,,,,,,,,,,,
2000-05-22,2076.85,816,6.71911,,,,,,,,,,,
2000-05-23,2094.73,820,6.89064,,,,,,,,,,,
2000-05-24,2111.94,832,7.0144,,,,,,,,,,,
2000-05-25,2142.14,834,8.04071,,,,,,,,,,,
2000-05-26,2113.28,839,10.0598,,,,,,,,,,,
2000-05-29,2096.52,839,10.7345,,,,,,,,,,,
2000-05-30,2077.28,751,11.4643,,,,,,,,,,,
2000-05-31,2084.92,770,11.4178,,,,,,,,,,,
2000-06-01,2096.96,764,11.3475,,,,,,,,,,,
2000-06-02,2095.1,719,11.3054,,,,,,,,,,,
2000-06-05,2118.57,722,11.7944,,,,,,,,,,,
2000-06-06,2118.57,724,11.7386,,,,,,,,,,,
2000-06-07,2121.73,715,11.3522,,,,,,,,,,,
2000-06-08,2127.03,697,11.03,,,,,,,,,,,
2000-06-09,2125.3,689,11.0487,,,,,,,,,,,
2000-06-12,2115.86,685,11.2849,,,,,,,,,,,
2000-06-13,2106.97,691,11.418,,,,,,,,,,,
2000-06-14,2122.24,698,11.575,,,,,,,,,,,
2000-06-15,2111.09,713,11.7898,,,,,,,,,,,
2000-06-16,2110.57,722,11.7767,,,,,,,,,,,
2000-06-19,2114.8,713,11.2848,,,,,,,,,,,
2000-06-20,2115.15,712,10.9158,,,,,,,,,,,
2000-06-21,2123.58,709,10.6206,,,,,,,,,,,
2000-06-22,2134.34,706,9.46359,,,,,,,,,,,
2000-06-23,2129.13,702,8.10356,,,,,,,,,,,
2000-06-26,2123.99,740,7.56836,,,,,,,,,,,
2000-06-27,2123.99,766,6.62202,,,,,,,,,,,
2000-06-28,2135.65,765,6.74428,,,,,,,,,,,
2000-06-29,2136.22,749,6.53055,,,,,,,,,,,
2000-06-30,2139.11,751,6.4963,,,,,,,,,,,
2000-07-03,2150.76,749,5.56891,,,,,,,,,,,
2000-07-04,2150.76,749,5.56891,,,,,,,,,,,
2000-07-05,2151.05,734,5.56592,,,,,,,,,,,
2000-07-06,2163.44,728,5.8196,,,,,,,,,,,
2000-07-07,2168.65,732,5.80982,,,,,,,,,,,
2000-07-10,2165.51,724,5.52631,,,,,,,,,,,
2000-07-11,2171.63,721,5.1724,,,,,,,,,,,
2000-07-12,2182.56,714,4.90211,,,,,,,,,,,
2000-07-13,2172.16,705,4.81581,,,,,,,,,,,
2000-07-14,2166.22,686,5.00798,,,,,,,,,,,
2000-07-17,2156.32,681,5.41443,,,,,,,,,,,
2000-07-18,2144.01,695,5.91174,,,,,,,,,,,
2000-07-19,2151.56,694,5.8797,,,,,,,,,,,
2000-07-20,2155.81,694,5.67197,,,,,,,,,,,
2000-07-21,2155.81,691,5.56911,,,,,,,,,,,
2000-07-24,2152.3,675,5.51888,,,,,,,,,,,
2000-07-25,2147.65,666,5.60601,,,,,,,,,,,
2000-07-26,2153.91,667,5.37669,,,,,,,,,,,
2000-07-27,2165.37,679,5.6477,,,,,,,,,,,
2000-07-28,2173.78,699,5.75769,,,,,,,,,,,
2000-07-31,2172.79,691,5.50376,,,,,,,,,,,
2000-08-01,2174.55,704,5.50132,,,,,,,,,,,
2000-08-02,2175.02,705,5.50059,,,,,,,,,,,
2000-08-03,2173.62,706,5.15796,,,,,,,,,,,
2000-08-04,2177.67,711,5.13115,,,,,,,,,,,
2000-08-07,2180.64,708,5.10778,,,,,,,,,,,
2000-08-08,2180.64,678,5.02402,,,,,,,,,,,
2000-08-09,2176.52,661,4.73655,,,,,,,,,,,
2000-08-10,2176.17,686,4.40918,,,,,,,,,,,
2000-08-11,2179.6,683,4.30655,,,,,,,,,,,
2000-08-14,2180.89,678,3.90001,,,,,,,,,,,
2000-08-15,2180.99,674,3.12649,,,,,,,,,,,
2000-08-16,2185.45,676,3.00151,,,,,,,,,,,
2000-08-17,2185.46,677,2.97909,,,,,,,,,,,
2000-08-18,2185.75,684,2.97543,,,,,,,,,,,
2000-08-21,2183.01,683,2.93941,,,,,,,,,,,
2000-08-22,2183.01,683,2.7536,,,,,,,,,,,
2000-08-23,2187.83,688,2.69319,,,,,,,,,,,
2000-08-24,2196.72,687,2.43897,,,,,,,,,,,
2000-08-25,2205.6,687,2.46657,,,,,,,,,,,
2000-08-28,2208.82,683,2.43832,,,,,,,,,,,
2000-08-29,2208.17,676,2.47036,,,,,,,,,,,
2000-08-30,2204.22,678,2.62741,,,,,,,,,,,
2000-08-31,2208.21,686,2.6093,,,,,,,,,,,
2000-09-01,2212.97,690,2.62719,,,,,,,,,,,
2000-09-04,2214,690,2.62118,,,,,,,,,,,
2000-09-05,2210.32,700,2.7485,,,,,,,,,,,
2000-09-06,2211.13,684,2.58053,,,,,,,,,,,
2000-09-07,2211.11,691,2.57367,,,,,,,,,,,
2000-09-08,2209.18,692,2.62172,,,,,,,,,,,
2000-09-11,2204.85,691,2.78402,,,,,,,,,,,
2000-09-12,2206.39,697,2.77809,,,,,,,,,,,
2000-09-13,2206.93,705,2.72524,,,,,,,,,,,
2000-09-14,2208.64,702,2.72079,,,,,,,,,,,
2000-09-15,2212.73,702,2.75581,,,,,,,,,,,
2000-09-18,2210.34,743,2.74084,,,,,,,,,,,
2000-09-19,2211.36,742,2.73183,,,,,,,,,,,
2000-09-20,2210.81,739,2.6844,,,,,,,,,,,
2000-09-21,2212.93,739,2.34785,,,,,,,,,,,
2000-09-22,2223.46,757,2.50395,,,,,,,,,,,
2000-09-25,2232.24,751,2.78229,,,,,,,,,,,
2000-09-26,2228.05,751,2.89876,,,,,,,,,,,
2000-09-27,2222.67,744,2.97065,,,,,,,,,,,
2000-09-28,2216.93,725,3.10412,,,,,,,,,,,
2000-09-29,2211.94,722,3.1298,,,,,,,,,,,
2000-10-02,2212.26,712,3.12523,,,,,,,,,,,
2000-10-03,2210.4,699,3.08187,,,,,,,,,,,
2000-10-04,2201.51,699,3.39236,,,,,,,,,,,
2000-10-05,2194.98,704,3.52832,,,,,,,,,,,
2000-10-06,2185.06,717,3.82433,,,,,,,,,,,
2000-10-09,2187.38,717,3.82674,,,,,,,,,,,
2000-10-10,2184.26,719,3.82037,,,,,,,,,,,
2000-10-11,2182.17,728,3.81295,,,,,,,,,,,
2000-10-12,2175.97,746,3.86059,,,,,,,,,,,
2000-10-13,2175.96,745,3.74977,,,,,,,,,,,
2000-10-16,2180.69,750,3.89665,,,,,,,,,,,
2000-10-17,2180.69,779,3.88221,,,,,,,,,,,
2000-10-18,2178.13,773,3.8819,,,,,,,,,,,
2000-10-19,2162.86,766,4.41693,,,,,,,,,,,
2000-10-20,2152.31,766,4.01877,,,,,,,,,,,
2000-10-23,2159.79,773,3.93471,,,,,,,,,,,
2000-10-24,2157.84,789,3.94241,,,,,,,,,,,
2000-10-25,2153.18,815,3.93643,,,,,,,,,,,
2000-10-26,2170.32,810,5.16169,,,,,,,,,,,
2000-10-27,2167.26,813,5.14455,,,,,,,,,,,
2000-10-30,2158.14,813,5.24552,,,,,,,,,,,
2000-10-31,2158.36,768,5.26564,,,,,,,,,,,
2000-11-01,2147.89,779,5.33304,,,,,,,,,,,
2000-11-02,2138.95,771,5.4015,,,,,,,,,,,
2000-11-03,2136.73,759,5.26445,,,,,,,,,,,
2000-11-06,2139.21,759,5.26999,,,,,,,,,,,
2000-11-07,2139.21,764,5.28305,,,,,,,,,,,
2000-11-08,2134.08,767,5.30479,,,,,,,,,,,
2000-11-09,2124.84,804,5.39518,,,,,,,,,,,
2000-11-10,2127.51,805,5.45014,,,,,,,,,,,
2000-11-13,2126.41,809,5.31632,,,,,,,,,,,
2000-11-14,2126.41,807,5.31632,,,,,,,,,,,
2000-11-15,2125.17,806,5.32172,,,,,,,,,,,
2000-11-16,2125.31,805,4.87243,,,,,,,,,,,
2000-11-17,2121.64,808,4.6512,,,,,,,,,,,
2000-11-20,2122.63,801,4.40849,,,,,,,,,,,
2000-11-21,2122.61,797,4.41894,,,,,,,,,,,
2000-11-22,2124.16,810,4.42196,,,,,,,,,,,
2000-11-23,2131.76,810,3.46373,,,,,,,,,,,
2000-11-24,2141.14,807,3.93017,,,,,,,,,,,
2000-11-27,2141.91,801,3.70161,,,,,,,,,,,
2000-11-28,2158.05,800,4.64251,,,,,,,,,,,
2000-11-29,2169.82,805,4.65364,,,,,,,,,,,
2000-11-30,2172.84,818,4.3187,,,,,,,,,,,
2000-12-01,2168.6,795,4.38171,,,,,,,,,,,
2000-12-04,2174.85,808,4.4455,,,,,,,,,,,
2000-12-05,2180.3,789,4.4725,,,,,,,,,,,
2000-12-06,2184.18,784,4.29972,,,,,,,,,,,
2000-12-07,2174.29,783,4.33395,,,,,,,,,,,
2000-12-08,2176.33,769,4.3344,,,,,,,,,,,
2000-12-11,2176.33,762,4.31209,,,,,,,,,,,
2000-12-12,2175.57,750,4.32631,,,,,,,,,,,
2000-12-13,2183.08,752,4.34946,,,,,,,,,,,
2000-12-14,2186.87,754,4.32467,,,,,,,,,,,
2000-12-15,2184.76,751,4.2588,,,,,,,,,,,
2000-12-18,2175.91,752,4.68162,,,,,,,,,,,
2000-12-19,2179.13,746,4.6587,,,,,,,,,,,
2000-12-20,2187.17,753,4.72702,,,,,,,,,,,
2000-12-21,2185.05,768,4.73303,,,,,,,,,,,
2000-12-22,2187.02,769,4.58416,,,,,,,,,,,
2000-12-25,2193.57,769,4.62578,,,,,,,,,,,
2000-12-26,2193.57,774,3.99029,,,,,,,,,,,
2000-12-27,2196.76,767,3.61058,,,,,,,,,,,
2000-12-28,2215.35,751,4.55174,,,,,,,,,,,
2000-12-29,2229.18,755,4.77542,,,,,,,,,,,
2001-01-01,2229.18,755,4.76476,,,,,,,,,,,
2001-01-02,2229.18,776,4.75916,,,,,,,,,,,
2001-01-03,2219.6,742,5.12194,,,,,,,,,,,
2001-01-04,2224.38,747,4.73205,,,,,,,,,,,
2001-01-05,2239.89,756,5.15985,,,,,,,,,,,
2001-01-08,2243.16,764,5.13179,,,,,,,,,,,
2001-01-09,2243.16,760,5.11646,,,,,,,,,,,
2001-01-10,2235.43,753,5.35417,,,,,,,,,,,
2001-01-11,2230.14,738,5.49461,,,,,,,,,,,
2001-01-12,2246.58,731,5.88255,,,,,,,,,,,
2001-01-15,2251.75,731,5.5226,,,,,,,,,,,
2001-01-16,2248.61,723,5.63193,,,,,,,,,,,
2001-01-17,2245.89,718,5.65617,,,,,,,,,,,
2001-01-18,2236.46,724,5.94002,,,,,,,,,,,
2001-01-19,2246.74,696,6.06127,,,,,,,,,,,
2001-01-22,2244.59,689,6.08126,,,,,,,,,,,
2001-01-23,2240.02,699,6.17468,,,,,,,,,,,
2001-01-24,2255.82,714,6.53018,,,,,,,,,,,
2001-01-25,2254.35,718,5.99409,,,,,,,,,,,
2001-01-26,2250.03,712,5.72058,,,,,,,,,,,
2001-01-29,2245.46,701,5.78766,,,,,,,,,,,
2001-01-30,2240.56,698,5.8574,,,,,,,,,,,
2001-01-31,2240.8,697,5.60564,,,,,,,,,,,
2001-02-01,2242.08,685,5.57094,,,,,,,,,,,
2001-02-02,2240.04,697,5.01578,,,,,,,,,,,
2001-02-05,2242.2,692,4.99978,,,,,,,,,,,
2001-02-06,2238.35,672,5.03589,,,,,,,,,,,
2001-02-07,2235.03,667,4.90941,,,,,,,,,,,
2001-02-08,2238.09,644,4.84998,,,,,,,,,,,
2001-02-09,2242.68,639,4.12167,,,,,,,,,,,
2001-02-12,2237.58,630,4.09031,,,,,,,,,,,
2001-02-13,2229.59,605,4.23737,,,,,,,,,,,
2001-02-14,2237.37,600,4.44444,,,,,,,,,,,
2001-02-15,2239.03,597,4.19105,,,,,,,,,,,
2001-02-16,2238.61,612,3.83429,,,,,,,,,,,
2001-02-19,2238.51,612,3.82345,,,,,,,,,,,
2001-02-20,2245.16,638,3.90498,,,,,,,,,,,
2001-02-21,2247.09,656,2.95457,,,,,,,,,,,
2001-02-22,2252.65,644,3.095,,,,,,,,,,,
2001-02-23,2252.86,629,3.01422,,,,,,,,,,,
2001-02-26,2257.7,630,2.99376,,,,,,,,,,,
2001-02-27,2256.42,636,2.87025,,,,,,,,,,,
2001-02-28,2257.45,646,2.86896,,,,,,,,,,,
2001-03-01,2259.64,641,2.87615,,,,,,,,,,,
2001-03-02,2265.44,632,2.93163,,,,,,,,,,,
2001-03-05,2264.09,624,2.95559,,,,,,,,,,,
2001-03-06,2259.07,619,3.01001,,,,,,,,,,,
2001-03-07,2260.33,624,2.92096,,,,,,,,,,,
2001-03-08,2262.06,626,2.90671,,,,,,,,,,,
2001-03-09,2262.55,610,2.85221,,,,,,,,,,,
2001-03-12,2264.01,613,2.66541,,,,,,,,,,,
2001-03-13,2275.98,615,2.68278,,,,,,,,,,,
2001-03-14,2275.92,625,2.54264,,,,,,,,,,,
2001-03-15,2282.01,626,2.62241,,,,,,,,,,,
2001-03-16,2281.02,638,2.638,,,,,,,,,,,
2001-03-19,2282.96,639,2.61278,,,,,,,,,,,
2001-03-20,2282.96,639,2.52484,,,,,,,,,,,
2001-03-21,2282.17,633,2.5593,,,,,,,,,,,
2001-03-22,2284.04,646,2.47999,,,,,,,,,,,
2001-03-23,2290.02,643,2.5595,,,,,,,,,,,
2001-03-26,2295.74,642,2.58634,,,,,,,,,,,
2001-03-27,2293.99,620,2.60129,,,,,,,,,,,
2001-03-28,2299.68,619,2.66145,,,,,,,,,,,
2001-03-29,2303.86,630,2.68016,,,,,,,,,,,
2001-03-30,2309.83,645,2.6821,,,,,,,,,,,
2001-04-02,2310.57,642,2.63034,,,,,,,,,,,
2001-04-03,2304.19,640,2.72475,,,,,,,,,,,
2001-04-04,2308.64,642,2.73943,,,,,,,,,,,
2001-04-05,2315.81,632,2.83034,,,,,,,,,,,
2001-04-06,2317.46,639,2.81352,,,,,,,,,,,
2001-04-09,2318.58,635,2.81833,,,,,,,,,,,
2001-04-10,2315.21,624,2.52204,,,,,,,,,,,
2001-04-11,2309.84,618,2.74976,,,,,,,,,,,
2001-04-12,2314.07,621,2.68676,,,,,,,,,,,
2001-04-13,2314.07,621,2.66687,,,,,,,,,,,
2001-04-16,2314.07,611,2.67838,,,,,,,,,,,
2001-04-17,2320.18,621,2.75254,,,,,,,,,,,
2001-04-18,2319.57,623,2.74807,,,,,,,,,,,
2001-04-19,2316.91,615,2.83475,,,,,,,,,,,
2001-04-20,2327.08,620,3.05257,,,,,,,,,,,
2001-04-23,2329.73,638,2.99018,,,,,,,,,,,
2001-04-24,2334.38,639,2.96709,,,,,,,,,,,
2001-04-25,2339.16,634,2.93996,,,,,,,,,,,
2001-04-26,2345.21,645,2.9856,,,,,,,,,,,
2001-04-27,2345.57,620,2.92639,,,,,,,,,,,
2001-04-30,2346.73,628,2.92351,,,,,,,,,,,
2001-05-01,2341.09,638,2.86811,,,,,,,,,,,
2001-05-02,2341.09,638,2.84854,,,,,,,,,,,
2001-05-03,2345.96,642,2.75572,,,,,,,,,,,
2001-05-04,2349.95,624,2.78099,,,,,,,,,,,
2001-05-07,2354.47,620,2.81307,,,,,,,,,,,
2001-05-08,2359.54,616,2.72501,,,,,,,,,,,
2001-05-09,2359.22,622,2.47612,,,,,,,,,,,
2001-05-10,2359.98,609,2.47161,,,,,,,,,,,
2001-05-11,2359.79,594,2.47601,,,,,,,,,,,
2001-05-14,2367.3,602,2.56481,,,,,,,,,,,
2001-05-15,2371.58,601,2.51689,,,,,,,,,,,
2001-05-16,2376.93,598,2.49514,,,,,,,,,,,
2001-05-17,2378.21,570,2.35043,,,,,,,,,,,
2001-05-18,2378.41,572,2.08486,,,,,,,,,,,
2001-05-21,2348.88,575,5.25258,,,,,,,,,,,
2001-05-22,2314.75,568,7.44639,,,,,,,,,,,
2001-05-23,2316.72,569,7.40584,,,,,,,,,,,
2001-05-24,2295.23,561,7.93847,,,,,,,,,,,
2001-05-25,2310.64,563,8.39878,,,,,,,,,,,
2001-05-28,2339.98,563,9.64682,,,,,,,,,,,
2001-05-29,2339.98,566,9.60972,,,,,,,,,,,
2001-05-30,2331.91,578,9.68653,,,,,,,,,,,
2001-05-31,2324.98,596,9.69526,,,,,,,,,,,
2001-06-01,2327.25,598,9.67738,,,,,,,,,,,
2001-06-04,2319.16,590,9.68922,,,,,,,,,,,
2001-06-05,2296.88,595,10.1162,,,,,,,,,,,
2001-06-06,2303.37,596,10.2171,,,,,,,,,,,
2001-06-07,2303.38,590,10.2114,,,,,,,,,,,
2001-06-08,2303.41,580,10.2128,,,,,,,,,,,
2001-06-11,2296.31,580,10.0974,,,,,,,,,,,
2001-06-12,2309.06,582,10.3443,,,,,,,,,,,
2001-06-13,2313.74,586,10.3341,,,,,,,,,,,
2001-06-14,2302.16,589,10.3877,,,,,,,,,,,
2001-06-15,2300.18,582,10.3725,,,,,,,,,,,
2001-06-18,2303.13,581,9.58939,,,,,,,,,,,
2001-06-19,2303.13,586,8.12029,,,,,,,,,,,
2001-06-20,2307.78,575,8.15178,,,,,,,,,,,
2001-06-21,2305.35,569,7.4196,,,,,,,,,,,
2001-06-22,2300.46,572,7.05045,,,,,,,,,,,
2001-06-25,2298.88,569,5.16741,,,,,,,,,,,
2001-06-26,2298.88,559,5.16741,,,,,,,,,,,
2001-06-27,2304.68,545,5.20853,,,,,,,,,,,
2001-06-28,2307.03,536,5.15832,,,,,,,,,,,
2001-06-29,2305.33,528,5.13405,,,,,,,,,,,
2001-07-02,2298.85,535,5.08742,,,,,,,,,,,
2001-07-03,2298.85,532,3.74572,,,,,,,,,,,
2001-07-04,2300.02,532,3.60551,,,,,,,,,,,
2001-07-05,2303.26,526,3.6437,,,,,,,,,,,
2001-07-06,2303.36,535,3.64373,,,,,,,,,,,
2001-07-09,2304.75,538,3.46002,,,,,,,,,,,
2001-07-10,2305.37,546,2.82618,,,,,,,,,,,
2001-07-11,2306.16,558,2.72116,,,,,,,,,,,
2001-07-12,2312.21,576,2.2185,,,,,,,,,,,
2001-07-13,2323.99,570,2.76969,,,,,,,,,,,
2001-07-16,2317.92,576,2.96514,,,,,,,,,,,
2001-07-17,2302.56,577,3.86346,,,,,,,,,,,
2001-07-18,2298.76,591,3.82718,,,,,,,,,,,
2001-07-19,2298.63,591,3.81389,,,,,,,,,,,
2001-07-20,2301.67,578,3.77281,,,,,,,,,,,
2001-07-23,2301.67,572,3.76345,,,,,,,,,,,
2001-07-24,2302.26,572,3.764,,,,,,,,,,,
2001-07-25,2301.56,569,3.65239,,,,,,,,,,,
2001-07-26,2302.7,564,3.63642,,,,,,,,,,,
2001-07-27,2301.53,573,3.63195,,,,,,,,,,,
2001-07-30,2301.7,568,3.48551,,,,,,,,,,,
2001-07-31,2298.27,575,3.52895,,,,,,,,,,,
2001-08-01,2293.25,574,3.60501,,,,,,,,,,,
2001-08-02,2295.19,562,3.57828,,,,,,,,,,,
2001-08-03,2298.91,555,3.63436,,,,,,,,,,,
2001-08-06,2295.72,556,3.65221,,,,,,,,,,,
2001-08-07,2291.46,549,3.69403,,,,,,,,,,,
2001-08-08,2291.46,560,3.68809,,,,,,,,,,,
2001-08-09,2295.05,548,3.59442,,,,,,,,,,,
2001-08-10,2291.5,543,2.97759,,,,,,,,,,,
2001-08-13,2288.03,548,2.90875,,,,,,,,,,,
2001-08-14,2284.9,549,1.88955,,,,,,,,,,,
2001-08-15,2284.98,538,1.83361,,,,,,,,,,,
2001-08-16,2291.41,535,2.14082,,,,,,,,,,,
2001-08-17,2288.18,541,2.10994,,,,,,,,,,,
2001-08-20,2285.06,537,2.14011,,,,,,,,,,,
2001-08-21,2285.06,543,2.1322,,,,,,,,,,,
2001-08-22,2283.86,531,2.13267,,,,,,,,,,,
2001-08-23,2279.25,518,2.18121,,,,,,,,,,,
2001-08-24,2275.07,492,2.23124,,,,,,,,,,,
2001-08-27,2273.5,486,2.21807,,,,,,,,,,,
2001-08-28,2282.56,493,2.72371,,,,,,,,,,,
2001-08-29,2290.57,500,2.9521,,,,,,,,,,,
2001-08-30,2297.24,504,3.12174,,,,,,,,,,,
2001-08-31,2301.23,517,3.12975,,,,,,,,,,,
2001-09-03,2296.85,517,3.16641,,,,,,,,,,,
2001-09-04,2305.15,507,3.32575,,,,,,,,,,,
2001-09-05,2305.28,523,3.32514,,,,,,,,,,,
2001-09-06,2312.87,543,3.4652,,,,,,,,,,,
2001-09-07,2317.02,551,3.42043,,,,,,,,,,,
2001-09-10,2320.09,561,3.34016,,,,,,,,,,,
2001-09-11,2324.78,561,3.27835,,,,,,,,,,,
2001-09-12,2341.28,561,3.92912,,,,,,,,,,,
2001-09-13,2341.14,569,3.90679,,,,,,,,,,,
2001-09-14,2337.25,608,3.92903,,,,,,,,,,,
2001-09-17,2342.44,604,3.84052,,,,,,,,,,,
2001-09-18,2342.18,599,3.84547,,,,,,,,,,,
2001-09-19,2338.39,603,3.93056,,,,,,,,,,,
2001-09-20,2342.04,607,3.74499,,,,,,,,,,,
2001-09-21,2341.68,625,3.59948,,,,,,,,,,,
2001-09-24,2342.18,609,3.54227,,,,,,,,,,,
2001-09-25,2329.7,615,4.16394,,,,,,,,,,,
2001-09-26,2327.09,615,4.12181,,,,,,,,,,,
2001-09-27,2328.49,619,4.04531,,,,,,,,,,,
2001-09-28,2328.75,615,4.02992,,,,,,,,,,,
2001-10-01,2332.19,618,3.92924,,,,,,,,,,,
2001-10-02,2338.45,623,3.85333,,,,,,,,,,,
2001-10-03,2334.24,617,3.95082,,,,,,,,,,,
2001-10-04,2336.18,620,3.82547,,,,,,,,,,,
2001-10-05,2336.28,617,3.79745,,,,,,,,,,,
2001-10-08,2331.03,617,3.89449,,,,,,,,,,,
2001-10-09,2331.02,606,3.83735,,,,,,,,,,,
2001-10-10,2328.91,600,2.83929,,,,,,,,,,,
2001-10-11,2320.41,583,3.08153,,,,,,,,,,,
2001-10-12,2312.33,591,3.24121,,,,,,,,,,,
2001-10-15,2314.74,591,3.13375,,,,,,,,,,,
2001-10-16,2314.74,593,3.13627,,,,,,,,,,,
2001-10-17,2303.3,587,3.48554,,,,,,,,,,,
2001-10-18,2300.01,591,3.38212,,,,,,,,,,,
2001-10-19,2313.24,579,4.12109,,,,,,,,,,,
2001-10-22,2315.26,581,4.14516,,,,,,,,,,,
2001-10-23,2318.47,577,3.79243,,,,,,,,,,,
2001-10-24,2316.14,583,3.7891,,,,,,,,,,,
2001-10-25,2319.53,585,3.82649,,,,,,,,,,,
2001-10-26,2316.68,586,3.84192,,,,,,,,,,,
2001-10-29,2314.5,596,3.79256,,,,,,,,,,,
2001-10-30,2311.42,606,3.62681,,,,,,,,,,,
2001-10-31,2310.02,619,3.59815,,,,,,,,,,,
2001-11-01,2309.12,621,3.56323,,,,,,,,,,,
2001-11-02,2309.89,616,3.57148,,,,,,,,,,,
2001-11-05,2309.42,610,3.51713,,,,,,,,,,,
2001-11-06,2309.42,604,3.51721,,,,,,,,,,,
2001-11-07,2309.22,600,3.51563,,,,,,,,,,,
2001-11-08,2306.57,589,3.31693,,,,,,,,,,,
2001-11-09,2307.24,586,3.09911,,,,,,,,,,,
2001-11-12,2303.68,586,3.10756,,,,,,,,,,,
2001-11-13,2303.68,577,3.10756,,,,,,,,,,,
2001-11-14,2300.69,570,2.60164,,,,,,,,,,,
2001-11-15,2302.81,539,2.57075,,,,,,,,,,,
2001-11-16,2311.57,527,2.04054,,,,,,,,,,,
2001-11-19,2314.33,545,2.06253,,,,,,,,,,,
2001-11-20,2310.9,534,2.05458,,,,,,,,,,,
2001-11-21,2314.86,517,2.13189,,,,,,,,,,,
2001-11-22,2319.34,517,2.18152,,,,,,,,,,,
2001-11-23,2317.57,513,2.15288,,,,,,,,,,,
2001-11-26,2316.4,512,2.13253,,,,,,,,,,,
2001-11-27,2313.26,516,2.13467,,,,,,,,,,,
2001-11-28,2312.9,511,2.12255,,,,,,,,,,,
2001-11-29,2310.97,532,2.14093,,,,,,,,,,,
2001-11-30,2308.59,534,2.17067,,,,,,,,,,,
2001-12-03,2303.35,543,2.31243,,,,,,,,,,,
2001-12-04,2304.13,540,2.3181,,,,,,,,,,,
2001-12-05,2314.76,520,2.85996,,,,,,,,,,,
2001-12-06,2315.36,508,2.82055,,,,,,,,,,,
2001-12-07,2314.89,493,2.82367,,,,,,,,,,,
2001-12-10,2310.9,505,2.83889,,,,,,,,,,,
2001-12-11,2308.41,503,2.87236,,,,,,,,,,,
2001-12-12,2306.56,509,2.84549,,,,,,,,,,,
2001-12-13,2307.12,497,2.83055,,,,,,,,,,,
2001-12-14,2312,483,2.59135,,,,,,,,,,,
2001-12-17,2318.67,487,2.75752,,,,,,,,,,,
2001-12-18,2310.58,500,2.99258,,,,,,,,,,,
2001-12-19,2306.82,513,2.97294,,,,,,,,,,,
2001-12-20,2307.1,508,2.87039,,,,,,,,,,,
2001-12-21,2306.88,504,2.86478,,,,,,,,,,,
2001-12-24,2303.15,500,2.90585,,,,,,,,,,,
2001-12-25,2297.59,500,2.98104,,,,,,,,,,,
2001-12-26,2297.59,494,2.98283,,,,,,,,,,,
2001-12-27,2297.17,494,2.97723,,,,,,,,,,,
2001-12-28,2301.33,499,3.0544,,,,,,,,,,,
2001-12-31,2291.18,508,3.33401,,,,,,,,,,,
2002-01-01,2291.18,508,3.32804,,,,,,,,,,,
2002-01-02,2291.18,500,2.7895,,,,,,,,,,,
2002-01-03,2289.42,501,2.77564,,,,,,,,,,,
2002-01-04,2289.91,498,2.78674,,,,,,,,,,,
2002-01-07,2295.59,510,2.94497,,,,,,,,,,,
2002-01-08,2295.59,510,2.9336,,,,,,,,,,,
2002-01-09,2306.31,515,3.40665,,,,,,,,,,,
2002-01-10,2306.35,548,3.40541,,,,,,,,,,,
2002-01-11,2311.57,561,3.41805,,,,,,,,,,,
2002-01-14,2304.54,579,3.40077,,,,,,,,,,,
2002-01-15,2297.31,568,3.35892,,,,,,,,,,,
2002-01-16,2280.73,578,4.15345,,,,,,,,,,,
2002-01-17,2265.66,555,4.66451,,,,,,,,,,,
2002-01-18,2265.01,557,4.66059,,,,,,,,,,,
2002-01-21,2269.76,557,4.77142,,,,,,,,,,,
2002-01-22,2259.24,553,4.93857,,,,,,,,,,,
2002-01-23,2247.29,543,5.17198,,,,,,,,,,,
2002-01-24,2239.92,537,5.21552,,,,,,,,,,,
2002-01-25,2231.98,537,5.14345,,,,,,,,,,,
2002-01-28,2242.67,534,5.48301,,,,,,,,,,,
2002-01-29,2252.37,551,5.7996,,,,,,,,,,,
2002-01-30,2262.45,559,6.09586,,,,,,,,,,,
2002-01-31,2264.82,559,6.12442,,,,,,,,,,,
2002-02-01,2265.99,563,6.1303,,,,,,,,,,,
2002-02-04,2267.33,573,6.04372,,,,,,,,,,,
2002-02-05,2266.61,570,6.04046,,,,,,,,,,,
2002-02-06,2259.81,569,5.75541,,,,,,,,,,,
2002-02-07,2254.98,561,5.75486,,,,,,,,,,,
2002-02-08,2260.17,568,5.75785,,,,,,,,,,,
2002-02-11,2272.76,568,6.17168,,,,,,,,,,,
2002-02-12,2283.14,557,6.36859,,,,,,,,,,,
2002-02-13,2290.19,556,5.91619,,,,,,,,,,,
2002-02-14,2309.27,558,6.00041,,,,,,,,,,,
2002-02-15,2312.03,571,5.98282,,,,,,,,,,,
2002-02-18,2288.54,571,7.16886,,,,,,,,,,,
2002-02-19,2288.98,569,6.91745,,,,,,,,,,,
2002-02-20,2280.98,575,6.73886,,,,,,,,,,,
2002-02-21,2282.94,602,6.56866,,,,,,,,,,,
2002-02-22,2309.45,614,7.33712,,,,,,,,,,,
2002-02-25,2307.75,626,7.29186,,,,,,,,,,,
2002-02-26,2310.21,617,7.2121,,,,,,,,,,,
2002-02-27,2313.13,627,7.11269,,,,,,,,,,,
2002-02-28,2309.82,623,7.1697,,,,,,,,,,,
2002-03-01,2306.45,606,7.22093,,,,,,,,,,,
2002-03-04,2306.33,604,7.22801,,,,,,,,,,,
2002-03-05,2299.15,591,7.35538,,,,,,,,,,,
2002-03-06,2293.6,583,7.31885,,,,,,,,,,,
2002-03-07,2290,551,7.29188,,,,,,,,,,,
2002-03-08,2289.83,545,7.27454,,,,,,,,,,,
2002-03-11,2283.83,537,7.1211,,,,,,,,,,,
2002-03-12,2269.88,543,7.27094,,,,,,,,,,,
2002-03-13,2269.17,546,7.161,,,,,,,,,,,
2002-03-14,2270.66,528,6.39421,,,,,,,,,,,
2002-03-15,2272.27,519,6.37598,,,,,,,,,,,
2002-03-18,2278.56,517,5.45017,,,,,,,,,,,
2002-03-19,2282.25,522,5.4878,,,,,,,,,,,
2002-03-20,2274.53,516,5.47879,,,,,,,,,,,
2002-03-21,2279.6,521,5.53316,,,,,,,,,,,
2002-03-22,2280,513,3.44424,,,,,,,,,,,
2002-03-25,2274.47,509,3.50229,,,,,,,,,,,
2002-03-26,2274.47,515,3.45003,,,,,,,,,,,
2002-03-27,2261.37,519,3.78576,,,,,,,,,,,
2002-03-28,2261.23,511,3.80254,,,,,,,,,,,
2002-03-29,2261.23,511,3.81761,,,,,,,,,,,
2002-04-01,2261.23,504,3.81935,,,,,,,,,,,
2002-04-02,2264.57,519,3.82757,,,,,,,,,,,
2002-04-03,2257.16,526,3.88875,,,,,,,,,,,
2002-04-04,2267.99,528,4.34928,,,,,,,,,,,
2002-04-05,2269.35,542,4.36423,,,,,,,,,,,
2002-04-08,2263.03,552,4.37552,,,,,,,,,,,
2002-04-09,2255.02,555,4.01284,,,,,,,,,,,
2002-04-10,2254.45,545,4.01293,,,,,,,,,,,
2002-04-11,2257.78,548,4.0499,,,,,,,,,,,
2002-04-12,2261.66,544,4.09822,,,,,,,,,,,
2002-04-15,2264.98,548,3.99694,,,,,,,,,,,
2002-04-16,2266.92,545,3.95743,,,,,,,,,,,
2002-04-17,2262.56,545,3.84014,,,,,,,,,,,
2002-04-18,2261.12,548,3.72668,,,,,,,,,,,
2002-04-19,2256.66,550,3.7601,,,,,,,,,,,
2002-04-22,2260.9,549,3.77998,,,,,,,,,,,
2002-04-23,2259.88,547,3.77863,,,,,,,,,,,
2002-04-24,2263.68,556,3.23959,,,,,,,,,,,
2002-04-25,2265.7,559,3.25284,,,,,,,,,,,
2002-04-26,2267.4,561,3.26071,,,,,,,,,,,
2002-04-29,2270.92,554,3.29839,,,,,,,,,,,
2002-04-30,2275.35,550,3.32654,,,,,,,,,,,
2002-05-01,2275.43,557,3.05939,,,,,,,,,,,
2002-05-02,2275.43,550,2.58475,,,,,,,,,,,
2002-05-03,2279.56,550,2.64706,,,,,,,,,,,
2002-05-06,2286.39,548,2.56841,,,,,,,,,,,
2002-05-07,2285.64,548,2.10631,,,,,,,,,,,
2002-05-08,2286.6,540,2.08041,,,,,,,,,,,
2002-05-09,2284.93,545,2.11945,,,,,,,,,,,
2002-05-10,2289.17,551,2.12957,,,,,,,,,,,
2002-05-13,2292,543,2.1187,,,,,,,,,,,
2002-05-14,2292,532,2.12638,,,,,,,,,,,
2002-05-15,2293,535,1.91666,,,,,,,,,,,
2002-05-16,2300.02,543,2.0283,,,,,,,,,,,
2002-05-17,2314.21,537,2.51761,,,,,,,,,,,
2002-05-20,2332.68,542,3.46119,,,,,,,,,,,
2002-05-21,2350.2,546,3.95885,,,,,,,,,,,
2002-05-22,2363.28,552,4.15605,,,,,,,,,,,
2002-05-23,2349.8,547,4.99934,,,,,,,,,,,
2002-05-24,2338.55,543,5.51831,,,,,,,,,,,
2002-05-27,2331.07,543,5.76997,,,,,,,,,,,
2002-05-28,2309.85,534,6.84914,,,,,,,,,,,
2002-05-29,2314.3,551,6.85573,,,,,,,,,,,
2002-05-30,2317.12,553,6.84941,,,,,,,,,,,
2002-05-31,2321.16,552,6.8482,,,,,,,,,,,
2002-06-03,2321.68,548,6.80665,,,,,,,,,,,
2002-06-04,2321.68,555,6.80065,,,,,,,,,,,
2002-06-05,2324.54,555,6.80101,,,,,,,,,,,
2002-06-06,2331.69,564,6.8197,,,,,,,,,,,
2002-06-07,2335.3,560,6.81555,,,,,,,,,,,
2002-06-10,2336.11,556,6.81874,,,,,,,,,,,
2002-06-11,2336.11,559,6.81874,,,,,,,,,,,
2002-06-12,2340.36,566,6.82248,,,,,,,,,,,
2002-06-13,2347.68,566,6.82513,,,,,,,,,,,
2002-06-14,2357.14,573,6.65275,,,,,,,,,,,
2002-06-17,2369.12,566,6.31928,,,,,,,,,,,
2002-06-18,2379.92,566,5.98308,,,,,,,,,,,
2002-06-19,2383.31,581,5.70573,,,,,,,,,,,
2002-06-20,2393.87,581,5.38429,,,,,,,,,,,
2002-06-21,2391.65,594,4.99966,,,,,,,,,,,
2002-06-24,2384.22,582,4.98917,,,,,,,,,,,
2002-06-25,2383.41,588,3.26628,,,,,,,,,,,
2002-06-26,2386.18,604,3.26644,,,,,,,,,,,
2002-06-27,2392.13,588,3.28154,,,,,,,,,,,
2002-06-28,2398.14,592,3.29743,,,,,,,,,,,
2002-07-01,2398.82,592,3.29413,,,,,,,,,,,
2002-07-02,2398.82,602,3.29413,,,,,,,,,,,
2002-07-03,2410.54,601,3.48334,,,,,,,,,,,
2002-07-04,2425.42,601,3.78908,,,,,,,,,,,
2002-07-05,2426.4,589,3.82755,,,,,,,,,,,
2002-07-08,2434.32,600,3.809,,,,,,,,,,,
2002-07-09,2457.39,610,4.53507,,,,,,,,,,,
2002-07-10,2462.18,627,4.53259,,,,,,,,,,,
2002-07-11,2482.21,627,4.94389,,,,,,,,,,,
2002-07-12,2506.84,638,5.53852,,,,,,,,,,,
2002-07-15,2513.99,636,5.48852,,,,,,,,,,,
2002-07-16,2507.21,644,5.80562,,,,,,,,,,,
2002-07-17,2499.92,680,6.1182,,,,,,,,,,,
2002-07-18,2524.76,686,6.64413,,,,,,,,,,,
2002-07-19,2538.47,680,6.57073,,,,,,,,,,,
2002-07-22,2529.57,695,6.62134,,,,,,,,,,,
2002-07-23,2517.42,778,7.09091,,,,,,,,,,,
2002-07-24,2539,734,7.35218,,,,,,,,,,,
2002-07-25,2572.42,756,8.15187,,,,,,,,,,,
2002-07-26,2580.15,800,8.14475,,,,,,,,,,,
2002-07-29,2596.26,810,8.09115,,,,,,,,,,,
2002-07-30,2599.57,882,8.02089,,,,,,,,,,,
2002-07-31,2625.06,903,8.27334,,,,,,,,,,,
2002-08-01,2636.3,854,8.2432,,,,,,,,,,,
2002-08-02,2640.35,872,8.18425,,,,,,,,,,,
2002-08-05,2643.03,876,8.25784,,,,,,,,,,,
2002-08-06,2663.81,870,8.13977,,,,,,,,,,,
2002-08-07,2670.61,860,8.12209,,,,,,,,,,,
2002-08-08,2670.61,834,8.09683,,,,,,,,,,,
2002-08-09,2649.32,842,8.73798,,,,,,,,,,,
2002-08-12,2568.8,897,14.7919,,,,,,,,,,,
2002-08-13,2595.8,922,15.0805,,,,,,,,,,,
2002-08-14,2657.98,924,16.843,,,,,,,,,,,
2002-08-15,2635.87,921,17.1056,,,,,,,,,,,
2002-08-16,2648.77,897,17.0932,,,,,,,,,,,
2002-08-19,2663.61,897,16.9999,,,,,,,,,,,
2002-08-20,2663.61,873,16.8069,,,,,,,,,,,
2002-08-21,2620.91,843,17.9414,,,,,,,,,,,
2002-08-22,2626.17,840,17.424,,,,,,,,,,,
2002-08-23,2652.96,845,17.7134,,,,,,,,,,,
2002-08-26,2643.37,863,17.7019,,,,,,,,,,,
2002-08-27,2653.29,858,17.7306,,,,,,,,,,,
2002-08-28,2672.25,869,17.5823,,,,,,,,,,,
2002-08-29,2688.64,889,17.6414,,,,,,,,,,,
2002-08-30,2712.46,889,17.8598,,,,,,,,,,,
2002-09-02,2703.55,889,17.9357,,,,,,,,,,,
2002-09-03,2679.51,909,18.0915,,,,,,,,,,,
2002-09-04,2677.39,919,18.0752,,,,,,,,,,,
2002-09-05,2694.51,927,18.2103,,,,,,,,,,,
2002-09-06,2714.77,916,18.087,,,,,,,,,,,
2002-09-09,2712.14,914,13.6131,,,,,,,,,,,
2002-09-10,2703.63,927,13.4422,,,,,,,,,,,
2002-09-11,2707.58,911,10.7412,,,,,,,,,,,
2002-09-12,2718.85,932,10.2129,,,,,,,,,,,
2002-09-13,2730.91,941,10.1945,,,,,,,,,,,
2002-09-16,2741.29,955,10.1193,,,,,,,,,,,
2002-09-17,2758.95,982,10.2542,,,,,,,,,,,
2002-09-18,2783.44,1016,8.06619,,,,,,,,,,,
2002-09-19,2785.81,1059,8.09557,,,,,,,,,,,
2002-09-20,2789.01,1058,7.65234,,,,,,,,,,,
2002-09-23,2815.05,1072,7.65516,,,,,,,,,,,
2002-09-24,2793.36,1076,8.5664,,,,,,,,,,,
2002-09-25,2810.46,1059,8.50212,,,,,,,,,,,
2002-09-26,2802.32,1037,8.59846,,,,,,,,,,,
2002-09-27,2825.32,1043,8.53397,,,,,,,,,,,
2002-09-30,2828.08,1066,8.31214,,,,,,,,,,,
2002-10-01,2850.65,1004,7.41074,,,,,,,,,,,
2002-10-02,2885.48,1010,7.91611,,,,,,,,,,,
2002-10-03,2888.23,1009,7.91099,,,,,,,,,,,
2002-10-04,2881.78,991,8.00834,,,,,,,,,,,
2002-10-07,2876.4,999,8.07334,,,,,,,,,,,
2002-10-08,2869.73,1011,7.99618,,,,,,,,,,,
2002-10-09,2850.98,1023,8.67568,,,,,,,,,,,
2002-10-10,2854.04,1015,8.67051,,,,,,,,,,,
2002-10-11,2870.63,1000,8.72588,,,,,,,,,,,
2002-10-14,2861.16,1000,8.94671,,,,,,,,,,,
2002-10-15,2861.16,967,8.8287,,,,,,,,,,,
2002-10-16,2852.99,975,8.56786,,,,,,,,,,,
2002-10-17,2857.13,961,8.56695,,,,,,,,,,,
2002-10-18,2853.9,935,8.60913,,,,,,,,,,,
2002-10-21,2836.34,910,8.41702,,,,,,,,,,,
2002-10-22,2791.46,893,9.85014,,,,,,,,,,,
2002-10-23,2758.76,873,10.4028,,,,,,,,,,,
2002-10-24,2744.32,870,10.4948,,,,,,,,,,,
2002-10-25,2747.07,860,9.95395,,,,,,,,,,,
2002-10-28,2755.69,857,10.0513,,,,,,,,,,,
2002-10-29,2770.73,860,9.78133,,,,,,,,,,,
2002-10-30,2781.72,846,8.64062,,,,,,,,,,,
2002-10-31,2773.73,824,8.58372,,,,,,,,,,,
2002-11-01,2778.6,805,8.68681,,,,,,,,,,,
2002-11-04,2778.47,788,8.70958,,,,,,,,,,,
2002-11-05,2778.47,791,8.7277,,,,,,,,,,,
2002-11-06,2774.58,822,8.53036,,,,,,,,,,,
2002-11-07,2761.99,806,8.55121,,,,,,,,,,,
2002-11-08,2743,798,8.26994,,,,,,,,,,,
2002-11-11,2743.92,798,8.31061,,,,,,,,,,,
2002-11-12,2743.92,805,8.31061,,,,,,,,,,,
2002-11-13,2727.05,809,8.43315,,,,,,,,,,,
2002-11-14,2717.89,784,8.3249,,,,,,,,,,,
2002-11-15,2724.04,749,8.48427,,,,,,,,,,,
2002-11-18,2703.75,717,8.57479,,,,,,,,,,,
2002-11-19,2679.96,704,7.37064,,,,,,,,,,,
2002-11-20,2683.04,689,6.47828,,,,,,,,,,,
2002-11-21,2671.7,690,6.40792,,,,,,,,,,,
2002-11-22,2666.41,672,6.35053,,,,,,,,,,,
2002-11-25,2687.25,674,6.98296,,,,,,,,,,,
2002-11-26,2716.95,703,7.90588,,,,,,,,,,,
2002-11-27,2735.04,689,8.18009,,,,,,,,,,,
2002-11-28,2754.67,689,8.61301,,,,,,,,,,,
2002-11-29,2758.28,684,8.60008,,,,,,,,,,,
2002-12-02,2784.21,686,9.26834,,,,,,,,,,,
2002-12-03,2812.94,689,9.94487,,,,,,,,,,,
2002-12-04,2826.1,695,10.0146,,,,,,,,,,,
2002-12-05,2806.63,696,10.219,,,,,,,,,,,
2002-12-06,2788.72,702,10.1707,,,,,,,,,,,
2002-12-09,2782.4,683,10.2292,,,,,,,,,,,
2002-12-10,2815,682,10.9354,,,,,,,,,,,
2002-12-11,2816.42,686,10.5836,,,,,,,,,,,
2002-12-12,2801.01,675,10.7416,,,,,,,,,,,
2002-12-13,2793.16,662,10.8445,,,,,,,,,,,
2002-12-16,2808.16,644,10.4229,,,,,,,,,,,
2002-12-17,2807.61,626,9.66668,,,,,,,,,,,
2002-12-18,2805.55,610,9.72006,,,,,,,,,,,
2002-12-19,2818.81,627,9.44549,,,,,,,,,,,
2002-12-20,2818.54,619,9.34521,,,,,,,,,,,
2002-12-23,2814.71,613,9.25822,,,,,,,,,,,
2002-12-24,2826.04,621,8.70605,,,,,,,,,,,
2002-12-25,2823.95,621,8.57423,,,,,,,,,,,
2002-12-26,2823.95,619,8.33242,,,,,,,,,,,
2002-12-27,2843.57,626,8.57328,,,,,,,,,,,
2002-12-30,2854.29,626,8.11289,,,,,,,,,,,
2002-12-31,2864.79,633,7.45083,,,,,,,,,,,
2003-01-01,2864.79,633,7.32199,0.90898,,3,1.30217,0.515787,1.67604,0.928309,0.515787,,,
2003-01-02,2864.79,607,6.76085,0.396464,,3,1.20953,-0.416597,1.66457,0.754479,-0.416597,,,
2003-01-03,2844.82,603,6.85002,-0.271153,,3,0.290888,-0.833194,-0.186049,0.767824,-0.833194,,,
2003-01-06,2841.56,581,6.79041,-0.874418,,3,-0.0427714,-1.70606,-0.835416,0.749873,-1.70606,,,
2003-01-07,2841.56,592,5.51943,-1.00422,,3,-0.46107,-1.54736,-1.32166,0.39952,-1.54736,,,
2003-01-08,2881.83,613,7.3338,0.00227371,,3,0.718714,-0.714167,0.541102,0.896326,-0.714167,,,
2003-01-09,2902.92,607,7.20209,0.631261,,3,1.18317,0.0793519,1.5093,0.85704,0.0793519,,,
2003-01-10,2915.01,598,7.03525,0.886469,,3,1.89197,-0.119028,2.97807,0.805865,-0.119028,,,
2003-01-13,2905.77,589,7.16768,1.07315,,3,1.76938,0.376921,2.70324,0.835512,0.376921,,,
2003-01-14,2906.49,590,7.15376,0.880489,,3,1.78082,-0.019838,2.73414,0.827491,-0.019838,,,
2003-01-15,2903.05,604,7.17609,0.236464,,3,0.770498,-0.297569,0.710793,0.830203,-0.297569,,,
2003-01-16,2905.41,598,7.09241,0.0174071,,3,0.332384,-0.297569,-0.139803,0.804571,-0.297569,,,
2003-01-17,2928.19,617,7.40295,0.702451,,3,0.611384,0.793519,0.339806,0.882961,0.793519,,,
2003-01-20,2923.58,617,7.41597,0.933342,,3,0.716083,1.1506,0.54691,0.885256,1.1506,,,
2003-01-21,2926.06,631,7.38107,1.20443,,3,0.742468,1.66639,0.613568,0.871367,1.66639,,,
2003-01-22,2933.81,654,7.3279,1.50096,,3,0.978441,2.02347,1.10417,0.852715,2.02347,,,
2003-01-23,2947.05,657,7.34666,1.79553,,3,1.2105,2.38056,1.57369,0.847303,2.38056,,,
2003-01-24,2926.88,677,7.77267,1.36245,,3,0.304674,2.42023,-0.340375,0.949724,2.42023,,,
2003-01-27,2924.73,682,7.75864,1.48609,,3,0.353577,2.61861,-0.226422,0.933577,2.61861,,,
2003-01-28,2948.3,673,8.08822,1.28399,89.5868,3,0.861913,1.70606,0.709447,1.01438,1.70606,12.3066,12.5618,14.7184
2003-01-29,2965.6,679,8.216,1.05859,89.8432,3,1.08561,1.03157,1.12533,1.04588,1.03157,11.8346,12.589,15.4195
2003-01-30,2950.71,675,8.54423,0.632252,90.2379,3,0.510661,0.753843,-0.107741,1.12906,0.753843,10.4268,12.7707,17.0405
2003-01-31,2926.46,686,8.71942,0.419683,91.3294,3,0.436685,0.402681,-0.275927,1.1493,0.402681,10.1244,12.7572,18.4478
2003-02-03,2940.26,681,8.7388,0.390406,93.0874,3,0.780812,0,0.433126,1.1285,0,10.5753,12.4774,20.0348
2003-02-04,2957.4,689,8.83127,0.660605,94.9665,3,0.64672,0.674491,0.144508,1.14893,0.674491,10.9263,12.2491,21.7912
2003-02-05,2966.78,677,7.61886,0.134217,95.0961,3,0.308109,-0.0396759,-0.198807,0.815025,-0.0396759,10.3917,12.1376,22.5668
2003-02-06,2961.29,686,7.37694,0.475076,94.9424,3,0.47404,0.476111,0.215901,0.732178,0.476111,9.60252,12.1246,23.2153
2003-02-07,2963.28,690,7.282,0.6162,94.6676,3,1.03402,0.19838,1.37679,0.691249,0.19838,8.6364,12.1677,23.8634
2003-02-10,2954.03,692,7.2785,0.4848,94.0283,3,0.513327,0.456273,0.35123,0.675425,0.456273,7.22987,12.3189,24.4795
2003-02-11,2968.88,683,7.4237,0.12264,93.1181,3,0.466754,-0.221475,0.234901,0.698606,-0.221475,5.69007,12.5639,24.8642
2003-02-12,2963.21,692,7.4573,0.363944,93.2782,3,0.123866,0.604022,-0.425929,0.673661,0.604022,4.87855,12.3995,26.0002
2003-02-13,2960.77,706,7.48607,0.495346,93.8532,3,0.18533,0.805362,-0.292101,0.662761,0.805362,4.69326,12.0954,27.0646
2003-02-14,2959.75,700,7.04041,0.230964,93.2863,3,0.0592469,0.402681,-0.424355,0.542849,0.402681,4.2438,12.0635,26.979
2003-02-17,2954.76,700,7.04497,0.239273,92.3792,3,0.156402,0.322145,-0.224616,0.537419,0.322145,3.80117,12.1124,26.4657
2003-02-18,2934.58,691,7.51369,-0.111886,90.4073,3,-0.545917,0.322145,-1.7543,0.662466,0.322145,2.22053,12.5085,25.6783
2003-02-19,2929.64,690,7.47975,-0.31016,87.1148,3,-0.539784,-0.0805362,-1.72483,0.645264,-0.0805362,0.13296,13.0855,23.8963
2003-02-20,2937.44,684,7.35785,-0.612058,81.6336,3,-0.338218,-0.885898,-1.27209,0.595653,-0.885898,-2.24623,13.7916,20.0883
2003-02-21,2938.23,667,6.91834,-0.844121,75.5021,3,-0.359394,-1.32885,-1.19081,0.472021,-1.32885,-3.11599,14.0962,14.5218
2003-02-24,2939.92,678,6.91065,-0.539138,69.0269,3,-0.212512,-0.865764,-0.893492,0.468467,-0.865764,-3.84319,14.1943,8.67575
2003-02-25,2949.05,671,6.3769,-0.197836,63.8645,3,0.358171,-0.753843,0.391841,0.324501,-0.753843,-4.21618,13.8309,4.24979
2003-02-26,2951.81,669,6.0081,-0.158286,59.422,3,0.476946,-0.793519,0.728668,0.225224,-0.793519,-4.63934,13.2133,0.848036
2003-02-27,2949.85,668,5.73924,-0.184413,56.367,3,0.226314,-0.595139,0.299581,0.153046,-0.595139,-4.27634,12.3544,-1.71104
2003-02-28,2956.31,666,4.88455,0.117601,55.2262,3,0.235203,0,0.547319,-0.0769131,0,-3.49903,11.205,-2.47973
2003-03-03,2957.87,666,4.62675,-0.123068,53.2777,3,0.196814,-0.442949,0.54119,-0.147562,-0.442949,-3.40215,10.0083,-3.32845
2003-03-04,2959.97,670,4.15019,-0.0116291,50.7155,3,-0.0232582,0,0.232462,-0.278978,0,-3.32188,8.65656,-4.61918
2003-03-05,2962.06,663,3.99354,-0.130717,49.7043,3,-0.0600938,-0.201341,0.202826,-0.323014,-0.201341,-2.93879,7.57101,-4.92791
2003-03-06,2960.77,646,3.94146,-0.442973,46.206,3,-0.0527507,-0.833194,0.233072,-0.338573,-0.833194,-2.91802,6.53946,-7.41547
2003-03-07,2960.11,649,3.93376,-0.42217,42.2856,3,-0.209526,-0.634815,-0.0776815,-0.341371,-0.634815,-4.28327,5.52909,-8.9602
2003-03-10,2959.75,659,3.76335,-0.258045,39.5249,3,-0.274482,-0.241609,-0.159957,-0.389007,-0.241609,-4.74225,4.49536,-10.2282
2003-03-11,2961.93,665,3.29971,-0.251782,38.1522,3,-0.34005,-0.163513,-0.155278,-0.524823,-0.163513,-5.09315,3.33036,-10.085
2003-03-12,2962.76,667,3.23266,-0.0879386,36.5152,3,-0.380268,0.204391,-0.207577,-0.55296,0.204391,-4.86551,2.16741,-10.7867
2003-03-13,2961.99,645,3.21995,-0.184695,34.0983,3,-0.36939,0,-0.179202,-0.559577,0,-4.72183,1.01554,-12.1955
2003-03-14,2959.39,643,3.23352,-0.304298,32.2401,3,-0.404205,-0.204391,-0.250366,-0.558044,-0.204391,-4.52741,-0.00622884,-13.2262
2003-03-17,2958.86,640,3.17327,-0.568828,29.5182,3,-0.412831,-0.724826,-0.246271,-0.579391,-0.724826,-4.4911,-1.02253,-14.9682
2003-03-18,2956.47,623,1.89043,-1.175,26.1079,3,-0.699001,-1.65099,-0.446314,-0.951688,-1.65099,-3.23843,-2.44448,-18.2092
2003-03-19,2955.84,616,1.74466,-1.36795,22.9278,3,-0.752102,-1.9838,-0.510212,-0.993992,-1.9838,-2.10737,-3.82371,-21.1411
2003-03-20,2955.64,611,1.54255,-1.03914,21.7082,3,-0.768978,-1.30931,-0.485308,-1.05265,-1.30931,-1.40648,-5.2134,-21.6719
2003-03-21,2954.62,594,1.55996,-1.31819,20.3993,3,-0.731931,-1.90444,-0.416265,-1.0476,-1.90444,-0.728137,-6.45588,-22.4167
2003-03-24,2956.06,608,1.55805,-0.959024,19.2802,3,-0.688094,-1.22995,-0.32804,-1.04815,-1.22995,-0.241798,-7.67413,-22.8038
2003-03-25,2956.06,595,1.14619,-0.881688,17.5399,3,-0.692127,-1.07125,-0.216576,-1.16768,-1.07125,-0.743857,-8.78194,-22.9343
2003-03-26,2959.26,585,1.16111,-0.898182,15.773,3,-0.606086,-1.19028,-0.0488257,-1.16335,-1.19028,-1.36311,-9.73941,-23.1245
2003-03-27,2959.84,591,1.12298,-0.672535,14.6736,3,-0.591228,-0.753843,-0.00804501,-1.17441,-0.753843,-1.59178,-10.6731,-23.0615
2003-03-28,2958.73,593,0.84642,-0.316315,13.7406,3,-0.63263,0,-0.0105858,-1.25467,0,-2.01479,-11.4738,-22.7708
2003-03-31,2958.25,595,0.829058,-0.57572,12.8113,3,-0.675329,-0.476111,-0.0909453,-1.25971,-0.476111,-2.48285,-12.1903,-22.5155
2003-04-01,2958.15,591,0.786309,-0.400259,12.0491,3,-0.681491,-0.119028,-0.0908638,-1.27212,-0.119028,-2.70371,-12.8146,-22.4327
2003-04-02,2958.56,575,0.740264,-0.542916,11.2761,3,-0.748587,-0.337245,-0.211693,-1.28548,-0.337245,-2.98579,-13.3856,-22.3525
2003-04-03,2956.5,545,0.7633,-1.27286,9.82869,3,-0.799978,-1.74574,-0.321159,-1.2788,-1.74574,-3.31933,-13.7318,-23.1202
2003-04-04,2951.14,532,0.982595,-1.59909,8.01629,3,-0.857303,-2.34088,-0.499452,-1.21515,-2.34088,-3.49253,-13.8253,-24.6659
2003-04-07,2946.79,512,1.0888,-2.06951,5.73646,3,-0.925269,-3.21375,-0.666207,-1.18433,-3.21375,-3.6174,-13.5083,-27.1379
2003-04-08,2942.41,544,1.11572,-1.40039,4.57843,3,-1.01536,-1.78542,-0.8542,-1.17652,-1.78542,-3.92031,-13.3785,-28.1228
2003-04-09,2938.32,554,1.1515,-0.93056,3.85473,3,-1.10728,-0.753843,-1.04842,-1.16613,-0.753843,-4.32613,-13.3546,-28.4645
2003-04-10,2920.4,560,2.3258,-0.304771,3.75964,3,-1.28403,0.674491,-1.74273,-0.825336,0.674491,-5.27895,-13.4609,-27.5005
2003-04-11,2911.74,561,2.4608,-0.0535216,3.96045,3,-1.337,1.22995,-1.88783,-0.786159,1.22995,-6.35516,-13.7288,-25.9556
2003-04-14,2923.07,547,2.96932,0.276744,4.70266,3,-0.914521,1.46801,-1.18647,-0.642577,1.46801,-7.16318,-14.201,-23.9332
2003-04-15,2931.69,540,3.22376,-0.333681,5.54791,3,-0.588011,-0.0793519,-0.60622,-0.569802,-0.0793519,-7.49118,-14.385,-22.5759
2003-04-16,2919.58,539,3.48117,-0.618321,6.39819,3,-0.720856,-0.515787,-0.946291,-0.495421,-0.515787,-7.99287,-14.4331,-21.1758
2003-04-17,2918.01,540,3.47532,-0.537791,7.0212,3,-0.361414,-0.714167,-0.222585,-0.500244,-0.714167,-7.95181,-14.3046,-20.7224
2003-04-18,2918.01,540,3.48136,-0.46328,8.18975,3,-0.172718,-0.753843,0.158291,-0.503728,-0.753843,-7.77736,-14.3424,-19.6904
2003-04-21,2918.01,528,3.46501,-0.548792,8.80004,3,-0.423093,-0.674491,-0.334766,-0.511419,-0.674491,-7.89103,-14.1522,-19.1568
2003-04-22,2920.04,521,3.49095,-0.619207,9.20793,3,-0.563923,-0.674491,-0.620877,-0.50697,-0.674491,-8.25767,-13.7916,-18.7428
2003-04-23,2916.03,513,3.4413,-0.673903,9.56741,3,-0.395583,-0.952222,-0.265609,-0.525557,-0.952222,-8.47977,-13.4225,-18.5303
2003-04-24,2911,508,3.43992,-0.830865,9.31259,3,-0.471452,-1.19028,-0.414609,-0.528294,-1.19028,-8.73477,-12.8766,-19.0761
2003-04-25,2908.25,504,3.43582,-0.941384,8.35546,3,-0.533786,-1.34898,-0.538727,-0.528845,-1.34898,-8.93403,-12.0857,-20.6249
2003-04-28,2912.83,485,3.53638,-1.02161,7.71924,3,-0.416509,-1.62671,-0.336274,-0.496744,-1.62671,-8.97303,-11.361,-21.9468
2003-04-29,2900,467,3.75023,-1.38753,6.44227,3,-0.711918,-2.06315,-0.99606,-0.427776,-2.06315,-9.29006,-10.3969,-23.8708
2003-04-30,2887.82,465,3.89115,-1.34908,5.52667,3,-0.873076,-1.82509,-1.36207,-0.384081,-1.82509,-9.79372,-9.5015,-25.1781
2003-05-01,2868.43,460,4.34922,-1.47383,5.31523,3,-1.12257,-1.82509,-2.00905,-0.236091,-1.82509,-10.8402,-8.74297,-25.1017
2003-05-02,2868.43,440,4.38006,-1.75333,5.15734,3,-1.04675,-2.45991,-1.88701,-0.206497,-2.45991,-11.6931,-8.03061,-25.1189
2003-05-05,2865.94,443,4.38437,-1.36868,5.90576,3,-1.19567,-1.54169,-2.19874,-0.192597,-1.54169,-13.0256,-7.56608,-23.5026
2003-05-06,2858.37,471,4.40694,-0.42195,7.08999,3,-1.07515,0.231254,-1.96405,-0.186257,0.231254,-14.2588,-7.14023,-21.5109
2003-05-07,2856.98,460,4.42019,-0.47348,7.70222,3,-0.827932,-0.119028,-1.4805,-0.175361,-0.119028,-14.7933,-6.55107,-20.9534
2003-05-08,2866.06,450,4.33554,-0.257921,7.76717,3,-0.198435,-0.317407,-0.20153,-0.19534,-0.317407,-13.7215,-6.11376,-22.3976
2003-05-09,2848.41,429,4.6713,-0.447466,7.23378,3,-0.537849,-0.357083,-0.998073,-0.0776259,-0.357083,-12.9118,-5.53411,-24.3204
2003-05-12,2840.04,414,4.32079,-0.893137,5.81463,3,-0.715025,-1.07125,-1.26555,-0.164496,-1.07125,-12.4427,-4.98854,-26.7541
2003-05-13,2833.86,411,4.00207,-1.51054,4.61757,3,-0.71987,-2.3012,-1.2054,-0.234335,-2.3012,-12.3113,-4.56458,-28.5065
2003-05-14,2813.6,437,4.37543,-0.95747,4.31203,3,-1.08174,-0.833194,-2.06787,-0.0956236,-0.833194,-12.8742,-4.25373,-28.56
2003-05-15,2821.08,465,4.64103,-0.198191,4.61799,3,-1.07087,0.674491,-2.13468,-0.00706473,0.674491,-14.268,-3.98874,-27.1252
2003-05-16,2827.99,486,4.83625,0.929151,6.05877,3,-0.482578,2.34088,-1.02268,0.0575249,2.34088,-15.8034,-3.81347,-24.3243
2003-05-19,2816.46,511,4.87796,1.63519,8.99753,3,-0.545321,3.81569,-1.16294,0.0722982,3.81569,-17.6501,-3.68601,-19.6663
2003-05-20,2874.77,548,9.28041,2.8214,15.5834,3,1.64279,4,1.73567,1.54992,4,-17.718,-2.42701,-14.2715
2003-05-21,2909.83,505,10.3418,2.78805,24.8092,3,2.95309,2.62302,4,1.90618,2.62302,-15.5038,-0.487959,-9.19902
2003-05-22,2912.46,486,10.3293,1.89706,33.7421,3,2.93228,0.861849,3.96258,1.90198,0.861849,-12.1737,1.7419,-5.82611
2003-05-23,2905.91,482,10.356,1.28004,41.8014,3,2.63503,-0.0749434,3.35913,1.91092,-0.0749434,-8.74981,4.09197,-3.54076
2003-05-26,2868.37,482,11.3039,0.606436,47.9578,3,2.22461,-1.01174,2.22015,2.22906,-1.01174,-6.37015,6.71929,-2.39137
2003-05-27,2868.37,478,11.2234,-0.81876,50.1278,3,0.910556,-2.54808,-0.380936,2.20205,-2.54808,-5.78596,9.23163,-3.31786
2003-05-28,2850.03,481,11.3454,-0.532077,53.2426,3,-0.239776,-0.824378,-2.72257,2.24301,-0.824378,-7.07637,11.7255,-1.40651
2003-05-29,2874.91,481,11.5687,0.0840288,59.1117,3,0.280473,-0.112415,-1.72613,2.28707,-0.112415,-6.75439,14.0219,1.84414
2003-05-30,2855.88,479,11.8149,0.0020141,65.4818,3,0.0414999,-0.0374717,-2.26458,2.34758,-0.0374717,-6.98917,16.1549,6.31607
2003-06-02,2853.33,466,11.8151,0.135297,70.6178,3,0.795197,-0.524604,-0.748094,2.33849,-0.524604,-5.51859,18.1071,8.02932
2003-06-03,2853.33,474,11.7804,0.355431,73.1261,3,0.785806,-0.0749434,-0.74728,2.31889,-0.0749434,-4.35183,20.1074,7.37048
2003-06-04,2846.16,469,11.8114,0.326807,75.5907,3,1.02833,-0.374717,-0.261908,2.31857,-0.374717,-3.20769,21.9948,6.80357
2003-06-05,2849.71,455,11.7584,-0.173134,75.8445,3,0.553054,-0.899321,-1.18475,2.29086,-0.899321,-4.06869,24.1475,5.76571
2003-06-06,2839.21,444,11.6255,-0.263551,76.39,3,0.709464,-1.23657,-0.816007,2.23494,-1.23657,-3.89302,26.0842,4.1989
2003-06-09,2828.2,450,11.6602,-0.00386959,78.9298,3,0.516865,-0.524604,-1.18374,2.21747,-0.524604,-3.74564,27.6186,5.05685
2003-06-10,2818.5,461,11.6968,-0.0607514,82.7081,3,0.290686,-0.412189,-1.60265,2.18402,-0.412189,-3.9414,28.6381,8.01142
2003-06-11,2809.63,470,11.4669,0.156153,85.2966,3,0.199891,0.112415,-1.67399,2.07378,0.112415,-3.50449,29.5118,9.28926
2003-06-12,2821.27,469,11.5254,0.487814,86.7548,3,0.37608,0.599547,-1.31519,2.06735,0.599547,-2.78823,30.5576,8.98536
2003-06-13,2832.2,465,11.5762,0.84873,86.5892,3,0.83561,0.861849,-0.389859,2.06108,0.861849,-2.29474,32.2151,6.66885
2003-06-16,2821.61,456,11.5607,0.568831,84.2589,3,0.837887,0.299774,-0.371185,2.04696,0.299774,-1.72122,34.8348,1.14538
2003-06-17,2818.62,441,8.69169,-0.068165,76.6907,3,0.538161,-0.674491,-0.0782764,1.1546,-0.674491,-3.43891,37.0893,-6.95968
2003-06-18,2828.96,445,7.42607,-0.0537693,67.6095,3,0.754311,-0.861849,0.751438,0.757183,-0.861849,-6.61461,37.9752,-13.7512
2003-06-19,2829.42,452,7.40008,-0.028652,60.7406,3,0.504772,-0.562076,0.268897,0.740646,-0.562076,-10.243,37.7245,-16.7409
2003-06-20,2827.4,456,7.39802,-0.0181633,55.897,3,0.225975,-0.262302,-0.286446,0.738396,-0.262302,-13.798,36.9378,-17.2427
2003-06-23,2826.36,465,5.98797,0.313012,54.7871,3,0.202058,0.423966,0.121993,0.282123,0.423966,-15.8126,35.1308,-14.531
2003-06-24,2826.36,463,5.98797,0.5886,60.0613,3,0.252184,0.925016,0.248771,0.255597,0.925016,-15.0863,33.0003,-7.85273
2003-06-25,2815.26,454,5.73558,0.0838767,62.3188,3,-0.256212,0.423966,-0.679229,0.166805,0.423966,-13.0849,30.8694,-5.46561
2003-06-26,2806.96,454,4.60848,-0.232902,61.162,3,-0.619973,0.154169,-1.05977,-0.180179,0.154169,-12.4966,28.6385,-4.97992
2003-06-27,2812.28,458,4.25301,-0.180623,60.4907,3,-0.515416,0.154169,-0.741222,-0.289611,0.154169,-11.0798,26.1968,-4.62635
2003-06-30,2817.32,447,4.34826,-0.492799,58.1595,3,-0.368922,-0.616677,-0.477555,-0.260288,-0.616677,-10.8755,23.8576,-4.82259
2003-07-01,2817.32,457,4.34826,-0.263128,55.8353,3,-0.367553,-0.158704,-0.474817,-0.260288,-0.158704,-10.6542,21.4881,-4.99861
2003-07-02,2817.63,462,4.29721,0.134207,55.1071,3,-0.128345,0.396759,0.0193161,-0.276005,0.396759,-10.3956,19.0373,-3.53454
2003-07-03,2812.4,464,4.27072,0.20459,56.5334,3,-0.0669303,0.476111,0.150301,-0.284161,0.476111,-9.10911,16.5577,-0.915195
2003-07-04,2815.14,464,4.15074,0.0875005,57.8514,3,-0.142406,0.317407,0.0362848,-0.321097,0.317407,-8.28273,14.1011,2.03303
2003-07-07,2815.14,482,3.94525,0.592305,60.069,3,-0.283399,1.46801,-0.182441,-0.384357,1.46801,-7.30218,11.5849,5.78627
2003-07-08,2820.85,482,3.83164,0.431242,61.8752,3,-0.178158,1.04064,0.0630158,-0.419332,1.04064,-5.70511,9.08799,8.4923
2003-07-09,2838.88,484,4.24748,0.582821,63.421,3,0.266322,0.899321,0.823957,-0.291314,0.899321,-3.3428,6.83541,9.92844
2003-07-10,2846.89,479,4.12266,0.582563,63.7615,3,0.528106,0.637019,1.38595,-0.32974,0.637019,-0.814146,4.58739,9.98824
2003-07-11,2855.41,494,4.03707,0.907558,63.9723,3,0.634758,1.18036,1.62561,-0.35609,1.18036,1.06934,2.32615,10.5768
2003-07-14,2856.96,473,3.72686,0.16838,62.5291,3,0.617798,-0.281038,1.68719,-0.451591,-0.281038,3.00515,-0.00816735,9.53209
2003-07-15,2871.88,472,4.00537,0.266396,63.7362,3,0.851301,-0.31851,2.06845,-0.36585,-0.31851,5.00163,-1.42966,10.1642
2003-07-16,2879.37,478,3.92676,0.218937,64.7101,3,0.606497,-0.168623,1.60304,-0.39005,-0.168623,5.7798,-2.49447,11.4248
2003-07-17,2888.57,471,3.99946,0.195222,65.5026,3,0.63401,-0.243566,1.63668,-0.368665,-0.243566,7.03549,-3.51882,11.9859
2003-07-18,2883.9,474,4.06421,-0.164227,64.9863,3,0.364772,-0.693227,1.0811,-0.351553,-0.693227,8.32149,-4.54004,11.2049
2003-07-21,2880.69,455,4.10566,-0.166347,63.2728,3,0.266854,-0.599547,0.874389,-0.340681,-0.599547,9.07129,-5.14789,9.34944
2003-07-22,2878.33,451,4.14102,-0.401836,59.6512,3,-0.0917097,-0.711962,0.150434,-0.333853,-0.711962,9.06137,-5.75191,6.34171
2003-07-23,2878.56,448,3.74406,-0.678363,56.8046,3,-0.307517,-1.04921,-0.149721,-0.465313,-1.04921,9.60981,-6.38111,3.57589
2003-07-24,2882.7,445,3.42247,-0.682151,55.1091,3,-0.464981,-0.899321,-0.35811,-0.571852,-0.899321,10.2981,-6.76751,1.57855
2003-07-25,2887.31,437,3.41763,-0.794916,52.7763,3,-0.278323,-1.31151,0.0193948,-0.576041,-1.31151,11.0433,-7.05373,-1.21329
2003-07-28,2888.32,425,3.42937,-0.620938,52.2882,3,-0.192669,-1.04921,0.189474,-0.574812,-1.04921,11.6823,-7.35552,-2.03861
2003-07-29,2883.15,431,3.57162,-0.453369,51.5629,3,-0.232246,-0.674491,0.065857,-0.53035,-0.674491,12.2015,-7.6153,-3.0233
2003-07-30,2873.17,452,3.91926,-0.0909263,50.704,3,-0.387947,0.206094,-0.357575,-0.418319,0.206094,11.8444,-7.75265,-3.38777
2003-07-31,2880.4,450,3.80554,-0.0598864,49.6945,3,-0.344603,0.22483,-0.229483,-0.459723,0.22483,11.4825,-7.9205,-3.86746
2003-08-01,2879.6,479,3.84094,0.577899,51.5659,3,-0.455486,1.61128,-0.456921,-0.454052,1.61128,11.0091,-8.04537,-1.39786
2003-08-04,2886.87,501,3.84666,1.27946,54.1814,3,-0.3264,2.88532,-0.195312,-0.457487,2.88532,10.9795,-8.10233,1.30424
2003-08-05,2894.58,487,3.87029,1.04038,56.4853,3,-0.0551229,2.13589,0.34179,-0.452036,2.13589,11.2158,-8.11237,3.38181
2003-08-06,2901.09,513,3.40047,1.26602,59.0429,3,0.208799,2.32325,1.0301,-0.612506,2.32325,11.3633,-8.38182,6.06145
2003-08-07,2887.05,500,3.93022,0.883564,60.1583,3,-0.143929,1.91106,0.14371,-0.431567,1.91106,10.1646,-8.45854,8.45226
2003-08-08,2887.05,488,3.84164,0.116272,57.2107,3,-0.142173,0.374717,0.177474,-0.46182,0.374717,8.84647,-8.60557,6.96983
2003-08-11,2875.18,477,4.18422,-0.672033,54.0358,3,-0.482216,-0.861849,-0.619623,-0.34481,-0.861849,6.68256,-8.53647,5.88969
2003-08-12,2873.51,474,3.77093,-0.5985,50.7414,3,-0.74734,-0.449661,-1.00871,-0.485971,-0.449661,3.7575,-8.6652,5.64916
2003-08-13,2868.5,458,3.69206,-1.51183,44.1564,3,-1.00019,-2.02347,-1.48747,-0.512912,-2.02347,0.805782,-8.75141,2.10204
2003-08-14,2870.67,459,3.49228,-1.09486,39.3414,3,-0.690852,-1.49887,-0.800558,-0.581146,-1.49887,-1.49869,-8.87736,-0.282601
2003-08-15,2864.81,459,3.51658,-0.919305,36.5921,3,-0.808137,-1.03047,-1.04343,-0.572846,-1.03047,-3.47608,-9.01999,-0.911783
2003-08-18,2861.34,458,3.51965,-0.633668,34.9235,3,-0.630316,-0.637019,-0.688834,-0.571798,-0.637019,-4.91273,-9.18706,-0.976687
2003-08-19,2861.34,450,3.51677,-0.709974,33.8388,3,-0.59557,-0.824378,-0.618357,-0.572783,-0.824378,-5.60666,-9.37316,-1.1814
2003-08-20,2869.29,428,3.68121,-0.671088,33.8642,3,-0.292969,-1.04921,-0.0693191,-0.516618,-1.04921,-5.53262,-9.42162,-1.18151
2003-08-21,2861.63,411,3.73326,-1.10758,32.3881,3,-0.491463,-1.7237,-0.484088,-0.498839,-1.7237,-5.61693,-9.30006,-2.69492
2003-08-22,2853.56,409,3.75452,-1.1668,31.1199,3,-0.534963,-1.79864,-0.578349,-0.491577,-1.79864,-6.13447,-9.17195,-3.57366
2003-08-25,2841.25,401,3.9605,-1.37454,28.6188,3,-0.68814,-2.06094,-0.955058,-0.421222,-2.06094,-7.09668,-8.9213,-5.3632
2003-08-26,2843.66,405,3.9855,-1.12094,26.4863,3,-0.630598,-1.61128,-0.848512,-0.412684,-1.61128,-7.82961,-8.70865,-6.97546
2003-08-27,2848.86,401,3.93888,-0.815857,24.2657,3,-0.694921,-0.936793,-0.961234,-0.428608,-0.936793,-8.2498,-8.5928,-8.89174
2003-08-28,2850.89,420,3.8105,-0.0487429,24.299,3,-0.509675,0.412189,-0.546891,-0.472458,0.412189,-8.53178,-8.60603,-8.56318
2003-08-29,2846.26,422,3.82935,0.0641899,22.7874,3,-0.433696,0.562076,-0.401374,-0.466018,0.562076,-8.38982,-8.52218,-10.3006
2003-09-01,2832.94,422,3.90898,0.209416,19.8152,3,-0.443018,0.861849,-0.447216,-0.43882,0.861849,-8.39741,-8.29621,-13.4912
2003-09-02,2832.94,411,3.69085,-0.116533,16.8797,3,-0.53284,0.299774,-0.552355,-0.513325,0.299774,-8.88917,-8.1029,-16.1282
2003-09-03,2841.02,416,3.76805,0.0894797,14.1973,3,-0.45806,0.637019,-0.429164,-0.486956,0.637019,-9.76588,-7.73861,-18.2982
2003-09-04,2826.46,422,3.80763,-0.33002,11.7495,3,-0.809928,0.149887,-1.14642,-0.473437,0.149887,-10.4074,-7.49165,-20.3515
2003-09-05,2816.74,431,3.87611,-0.248789,11.0753,3,-0.909766,0.412189,-1.36948,-0.450048,0.412189,-11.4663,-7.39691,-20.0614
2003-09-08,2820.46,425,3.81923,-0.181577,11.9876,3,-0.550513,0.187359,-0.631552,-0.469474,0.187359,-11.6538,-7.6083,-18.7503
2003-09-09,2822.85,426,3.87135,0.074182,13.3231,3,-0.488655,0.637019,-0.525636,-0.451674,0.637019,-11.5142,-7.73908,-17.4236
2003-09-10,2820.2,418,3.85827,-0.285271,16.0136,3,-0.72043,0.149887,-0.984719,-0.45614,0.149887,-11.5181,-7.97165,-14.4966
2003-09-11,2825.28,410,3.93291,-0.328642,17.8632,3,-0.282567,-0.374717,-0.134486,-0.430647,-0.374717,-11.2024,-8.01241,-12.9219
2003-09-12,2829.82,419,3.99236,-0.160644,19.8218,3,0.0346932,-0.355981,0.479727,-0.410341,-0.355981,-10.1236,-8.0298,-12.0248
2003-09-15,2824.88,421,4.00748,-0.103547,21.2642,3,-0.150887,-0.0562076,0.103403,-0.405178,-0.0562076,-9.56999,-7.98874,-11.177
2003-09-16,2824.53,420,4.00509,-0.170874,22.7922,3,-0.210598,-0.131151,-0.0152025,-0.405993,-0.131151,-9.16149,-7.94158,-10.1047
2003-09-17,2823.79,426,3.80082,0.0848404,25.0351,3,-0.205036,0.374717,0.0656923,-0.475765,0.374717,-9.18938,-8.0333,-7.74218
2003-09-18,2823.28,425,3.74032,0.149946,29.0108,3,-0.337127,0.637019,-0.177825,-0.496428,0.637019,-9.12867,-8.22108,-3.6395
2003-09-19,2833.64,417,3.94884,-0.0876419,32.6419,3,-0.175284,0,0.0746393,-0.425207,0,-8.67952,-8.2981,-0.380447
2003-09-22,2844.64,422,3.927,0.13946,38.0194,3,0.166505,0.112415,0.765675,-0.432665,0.112415,-7.21912,-8.45844,3.69701
2003-09-23,2859.37,430,4.32112,0.504217,44.0586,3,0.558774,0.449661,1.4156,-0.298051,0.449661,-5.15155,-8.44889,7.65905
2003-09-24,2866.42,434,4.35713,0.553255,49.2622,3,0.731793,0.374717,1.74934,-0.285753,0.374717,-2.58411,-8.34358,10.1899
2003-09-25,2872.3,441,4.39925,0.773144,52.3978,3,0.871797,0.674491,2.01496,-0.271365,0.674491,-0.139612,-8.14725,10.6847
2003-09-26,2871.39,451,4.34456,0.981417,55.8787,3,0.613852,1.34898,1.51775,-0.290047,1.34898,1.68542,-7.95524,12.1486
2003-09-29,2879.32,456,3.96601,0.913627,58.5222,3,0.478273,1.34898,1.37589,-0.419343,1.34898,3.40489,-7.90457,13.0219
2003-09-30,2889.39,479,4.06363,1.15087,63.1764,3,0.390681,1.91106,1.16736,-0.386001,1.91106,4.97806,-7.69859,15.897
2003-10-01,2888.21,485,4.03004,1.08873,66.7178,3,0.2102,1.96726,0.817873,-0.397473,1.96726,6.07258,-7.52392,18.1691
2003-10-02,2907.41,459,3.88255,0.596191,69.8729,3,0.461684,0.730698,1.37122,-0.447848,0.730698,8.28834,-7.39857,18.9831
2003-10-03,2905.12,435,3.54129,-0.0753664,70.4484,3,0.373871,-0.524604,1.31215,-0.564408,-0.524604,10.7059,-7.48184,17.2243
2003-10-06,2881.88,439,4.91099,-0.304767,70.0401,3,-0.0474592,-0.562076,0.00166144,-0.0965799,-0.562076,11.305,-7.1568,15.8919
2003-10-07,2872.7,433,5.13987,-1.03098,66.2691,3,-0.413206,-1.64876,-0.808008,-0.0184037,-1.64876,11.2274,-6.87181,11.9134
2003-10-08,2868.91,419,5.15945,-1.43165,62.1772,3,-0.465101,-2.39819,-0.918485,-0.0117161,-2.39819,11.4377,-6.54507,7.28457
2003-10-09,2887.59,415,5.52863,-0.999422,59.7144,3,-0.425032,-1.57381,-0.928186,0.0781222,-1.57381,10.7554,-6.10308,5.06205
2003-10-10,2878.39,422,5.72798,-0.481733,58.5211,3,-0.551278,-0.412189,-1.20869,0.106137,-0.412189,9.18193,-5.62835,4.96748
2003-10-13,2868.85,422,5.84852,-0.409704,57.3758,3,-0.257332,-0.562076,-0.645834,0.13117,-0.562076,8.48899,-5.13047,4.01729
2003-10-14,2868.85,409,5.84617,-0.447179,56.3368,3,-0.0699811,-0.824378,-0.26472,0.124757,-0.824378,8.26479,-4.63394,2.70599
2003-10-15,2865.32,407,5.87907,-0.217266,55.1958,3,-0.0598159,-0.374717,-0.254092,0.13446,-0.374717,7.97203,-4.05976,1.28357
2003-10-16,2873.7,405,5.91828,-0.282665,53.5547,3,-0.265556,-0.299774,-0.678024,0.146912,-0.299774,7.50745,-3.45284,-0.499924
2003-10-17,2867.75,428,5.91142,0.0484996,54.0719,3,-0.202775,0.299774,-0.544904,0.139355,0.299774,6.91418,-2.91363,0.071388
2003-10-20,2865.04,453,5.80373,0.57703,55.7293,3,-0.0825061,1.23657,-0.262308,0.0972954,1.23657,5.92479,-2.40468,2.20924
2003-10-21,2864.34,444,5.52013,0.620409,56.1679,3,-0.145635,1.38645,-0.29139,0.000119687,1.38645,4.29919,-2.11997,3.98867
2003-10-22,2864.25,458,5.44829,0.949747,57.6584,3,-0.0865056,1.986,-0.148594,-0.0244175,1.986,2.48993,-1.8675,7.03595
2003-10-23,2870.01,444,5.44627,0.698062,57.3769,3,-0.140216,1.53634,-0.255201,-0.0252323,1.53634,0.337247,-1.63482,8.67448
2003-10-24,2872.55,452,5.45485,0.49635,55.55,3,0.0371717,0.955529,0.0967657,-0.0224222,0.955529,-1.01345,-1.38438,7.94782
2003-10-27,2857.88,487,5.64395,0.566234,54.2341,3,-0.179042,1.31151,-0.399487,0.041404,1.31151,-2.70574,-0.947441,7.88726
2003-10-28,2882.77,483,6.36761,0.98752,53.6136,3,0.476171,1.49887,0.661659,0.290683,1.49887,-3.18901,-0.303107,7.10574
2003-10-29,2879.34,471,6.37844,0.46641,51.243,3,0.408216,0.524604,0.523705,0.292727,0.524604,-3.47353,0.355022,4.36155
2003-10-30,2870.11,484,5.9318,0.773602,51.9197,3,0.0108649,1.53634,-0.0965864,0.118316,1.53634,-4.87281,0.894978,5.8975
2003-10-31,2884.17,493,6.24736,0.931567,55.7438,3,0.289321,1.57381,0.379743,0.1989,1.57381,-5.74442,1.61806,9.87012
2003-11-03,2878.05,489,5.60424,0.23339,57.7681,3,0.354364,0.112415,0.733255,-0.0245263,0.112415,-5.03407,1.68167,11.1205
2003-11-04,2878.05,478,5.48144,-0.165375,60.9793,3,-0.180863,-0.149887,-0.294538,-0.0671884,-0.149887,-4.51776,1.62482,13.8723
2003-11-05,2869.46,463,5.56981,-0.267202,65.1801,3,-0.272101,-0.262302,-0.507715,-0.036488,-0.262302,-4.08059,1.58201,17.6787
2003-11-06,2856.34,462,5.23801,-0.598976,66.5857,3,-0.411046,-0.786906,-0.670334,-0.151758,-0.786906,-3.82106,1.36112,19.0456
2003-11-07,2854.17,460,5.14533,-0.980442,64.8319,3,-0.761789,-1.19909,-1.33962,-0.183957,-1.19909,-3.96718,1.09945,17.6997
2003-11-10,2843.82,456,5.16985,-1.0226,62.633,3,-0.846098,-1.19909,-1.51676,-0.175439,-1.19909,-4.81097,0.819317,16.6247
2003-11-11,2840.41,456,5.1739,-0.847577,61.1734,3,-0.908249,-0.786906,-1.64247,-0.17403,-0.786906,-6.12662,0.541128,16.7589
2003-11-12,2840.41,451,5.16922,-0.567663,59.8829,3,-0.723138,-0.412189,-1.27062,-0.175657,-0.412189,-7.10471,0.249872,16.7377
2003-11-13,2845.69,459,5.09083,-0.218442,60.1203,3,-0.36194,-0.0749434,-0.520989,-0.202891,-0.0749434,-6.95284,-0.0804226,17.1535
2003-11-14,2850.24,471,5.10615,0.114107,60.3624,3,-0.221446,0.449661,-0.245323,-0.197568,0.449661,-6.66649,-0.398217,17.4271
2003-11-17,2842.53,478,5.17335,0.352984,59.534,3,-0.15588,0.861849,-0.137537,-0.174224,0.861849,-6.56049,-0.655526,16.75
2003-11-18,2842.53,476,5.17501,0.350121,58.5289,3,-0.0866633,0.786906,0.000318753,-0.173645,0.786906,-6.29711,-0.821345,15.6473
2003-11-19,2831.97,467,5.30598,0.179015,55.6343,3,-0.27899,0.637019,-0.429836,-0.128144,0.637019,-6.59216,-0.923589,13.15
2003-11-20,2826.6,475,5.23521,0.0660462,53.2372,3,-0.504927,0.637019,-0.857121,-0.152732,0.637019,-7.18069,-1.04719,11.4651
2003-11-21,2831.1,474,5.27055,-0.173051,50.6858,3,-0.495989,0.149887,-0.851523,-0.140455,0.149887,-8.09307,-1.16092,9.93974
2003-11-24,2836.45,470,5.07935,-0.264348,47.5172,3,-0.266394,-0.262302,-0.325909,-0.206879,-0.262302,-8.01807,-1.39699,6.93222
2003-11-25,2838.02,477,3.82356,-0.189033,43.0602,3,-0.453009,0.0749434,-0.262866,-0.643153,0.0749434,-8.86029,-2.27736,4.19783
2003-11-26,2839.2,476,3.84327,0.0799323,41.6124,3,-0.214852,0.374717,0.2066,-0.636305,0.374717,-9.13965,-3.15189,3.90397
2003-11-27,2838.7,463,3.72982,-0.274184,37.7495,3,-0.13618,-0.412189,0.401973,-0.674332,-0.412189,-8.59262,-3.86894,0.211105
2003-11-28,2838.7,463,3.14206,-0.351192,33.1856,3,-0.327667,-0.374717,0.221706,-0.877039,-0.374717,-8.61099,-4.80662,-3.39676
2003-12-01,2836.05,455,3.10343,-0.509976,30.6458,3,-0.495348,-0.524604,-0.102695,-0.888,-0.524604,-9.28321,-5.54498,-4.52598
2003-12-02,2829.08,451,3.14871,-0.797805,28.5553,3,-0.658818,-0.936793,-0.451036,-0.866601,-0.936793,-9.32884,-6.2115,-5.90432
2003-12-03,2817.14,442,3.28775,-1.06601,26.0161,3,-0.895444,-1.23657,-0.980208,-0.810681,-1.23657,-9.61469,-6.81196,-7.5572
2003-12-04,2815.19,435,2.98941,-0.989362,24.819,3,-0.966988,-1.01174,-1.03265,-0.90133,-1.01174,-9.86114,-7.42299,-7.8969
2003-12-05,2815.33,458,3.00196,-0.552978,26.1314,3,-0.95607,-0.149887,-1.02698,-0.88516,-0.149887,-9.66595,-8.11242,-6.09025
2003-12-08,2808.42,436,2.87519,-0.865179,26.6235,3,-1.05587,-0.674491,-1.19609,-0.915646,-0.674491,-9.40783,-8.79985,-5.1688
2003-12-09,2808.42,418,2.87499,-1.05476,25.9768,3,-0.910421,-1.19909,-0.912778,-0.908063,-1.19909,-8.71955,-9.41986,-5.8838
2003-12-10,2822.78,426,3.50845,-0.409732,26.469,3,-0.276124,-0.54334,0.138739,-0.690987,-0.54334,-7.48488,-9.90966,-6.13642
2003-12-11,2815.45,450,3.4998,0.119595,27.5384,3,-0.379093,0.618283,-0.0771828,-0.681003,0.618283,-7.13239,-10.4026,-4.92657
2003-12-12,2808.31,456,3.47355,-0.263467,26.3454,3,-0.526933,0,-0.368227,-0.68564,0,-7.19228,-10.7661,-5.6962
2003-12-15,2812.81,448,3.48661,0.115217,25.6079,3,-0.294169,0.524604,0.0924384,-0.680777,0.524604,-6.95444,-11.1674,-6.2703
2003-12-16,2807.25,451,3.51766,0.455058,25.932,3,-0.401393,1.31151,-0.131669,-0.671118,1.31151,-7.08648,-11.6341,-5.34741
2003-12-17,2793.06,444,3.70239,-0.0999352,25.075,3,-0.949305,0.749434,-1.28496,-0.613644,0.749434,-7.8059,-12.0006,-5.1185
2003-12-18,2795.21,440,3.7082,-0.527992,23.3011,3,-0.75621,-0.299774,-0.900582,-0.611839,-0.299774,-7.7476,-12.2546,-6.69665
2003-12-19,2801.67,437,3.77157,-0.55374,22.202,3,-0.470461,-0.637019,-0.348799,-0.592122,-0.637019,-7.24597,-12.5443,-8.0077
2003-12-22,2806.89,433,3.76934,-0.470947,21.6182,3,-0.454762,-0.487132,-0.316706,-0.592818,-0.487132,-7.20396,-12.819,-8.35885
2003-12-23,2809.09,431,3.77893,-0.485505,20.796,3,-0.296519,-0.674491,-0.00320481,-0.589832,-0.674491,-6.93122,-12.6847,-9.58809
2003-12-24,2806.33,429,3.76597,-0.276381,19.8328,3,-0.0656303,-0.487132,0.462605,-0.593865,-0.487132,-6.65394,-12.5399,-10.9734
2003-12-25,2796.89,429,3.88888,-0.310561,19.736,3,-0.283876,-0.337245,-0.0121265,-0.555626,-0.337245,-7.0002,-12.4278,-10.8361
2003-12-26,2796.89,436,3.88888,-0.190898,20.1647,3,-0.419269,0.0374717,-0.282911,-0.555626,0.0374717,-7.45855,-12.2021,-10.1747
2003-12-29,2795.21,431,3.8885,-0.283248,20.7805,3,-0.566495,0,-0.577245,-0.555746,0,-7.90666,-11.9834,-9.32943
2003-12-30,2780.82,426,4.15725,-0.494511,21.6214,3,-0.876607,-0.112415,-1.28108,-0.472136,-0.112415,-8.68065,-11.7277,-7.97028
2003-12-31,2778.21,427,3.96311,-0.452101,23.3825,3,-0.904202,0,-1.27587,-0.532533,0,-9.05954,-11.6456,-5.91235
2004-01-01,2778.21,427,3.9708,-0.351771,25.2927,3,-0.703542,0,-0.876944,-0.53014,0,-9.04213,-11.4713,-4.19387
2004-01-02,2778.21,413,3.96966,-0.745313,24.708,3,-0.703719,-0.786906,-0.876944,-0.530495,-0.786906,-8.87425,-11.1129,-5.30486
2004-01-05,2777.96,399,3.91637,-0.897003,24.6119,3,-0.669854,-1.12415,-0.808419,-0.531289,-1.12415,-8.52567,-10.7658,-6.09661
2004-01-06,2778.92,380,3.92466,-0.993881,24.7958,3,-0.339007,-1.64876,-0.160232,-0.517782,-1.64876,-7.87005,-10.4337,-6.90042
2004-01-07,2765.76,363,3.59436,-1.46699,21.7083,3,-0.610724,-2.32325,-0.609723,-0.611726,-2.32325,-8.33915,-10.1285,-9.82405
2004-01-08,2758.83,352,3.58918,-1.74665,16.8368,3,-0.757861,-2.73543,-0.905174,-0.610548,-2.73543,-8.64187,-9.60758,-14.9137
2004-01-09,2750.89,369,3.61048,-1.25083,14.569,3,-0.927858,-1.57381,-1.24319,-0.61253,-1.57381,-9.10897,-9.28684,-17.0352
2004-01-12,2754.33,358,3.5785,-1.15635,11.9646,3,-0.851311,-1.4614,-1.07152,-0.631101,-1.4614,-9.66745,-8.90039,-19.4676
2004-01-13,2754.33,383,3.57936,-0.337737,10.5174,3,-0.862833,0.187359,-1.09633,-0.629331,0.187359,-10.1549,-8.64807,-20.6796
2004-01-14,2762.31,396,3.47922,0.437037,11.483,3,-0.437435,1.31151,-0.213358,-0.661512,1.31151,-9.50836,-8.8341,-20.1745
2004-01-15,2747.06,391,3.86028,0.494136,13.4918,3,-0.548069,1.53634,-0.563228,-0.53291,1.53634,-9.54423,-9.053,-17.911
2004-01-16,2723.83,387,4.52742,-0.0028662,14.669,3,-0.755167,0.749434,-1.19612,-0.314218,0.749434,-10.3812,-8.97704,-15.9727
2004-01-19,2728.7,387,4.52029,0.219888,16.24,3,-0.721848,1.16162,-1.12567,-0.31803,1.16162,-11.2489,-8.92831,-13.5828
2004-01-20,2728.7,391,4.47817,-0.176048,16.978,3,-0.726812,0.374717,-1.12091,-0.332713,0.374717,-12.2685,-8.79123,-11.9623
2004-01-21,2730.75,385,4.54406,-0.587093,16.2371,3,-0.83694,-0.337245,-1.36416,-0.309715,-0.337245,-13.6632,-8.48413,-11.6156
2004-01-22,2740.76,386,4.80996,-0.188575,16.5254,3,-0.264734,-0.112415,-0.31107,-0.218398,-0.112415,-13.9549,-8.23508,-11.2846
2004-01-23,2742.88,383,4.83931,0.098777,17.2234,3,0.272497,-0.0749434,0.753869,-0.208874,-0.0749434,-13.2048,-8.01222,-11.5596
2004-01-26,2747.72,388,4.93534,0.198812,18.4258,3,0.285209,0.112415,0.746302,-0.175883,0.112415,-12.2612,-7.79511,-11.5179
2004-01-27,2766.89,387,5.38658,0.342861,20.6353,3,0.760665,-0.0749434,1.53161,-0.0102788,-0.0749434,-10.1067,-7.56265,-11.6953
2004-01-28,2736.28,385,6.62918,0.187668,22.4247,3,0.300392,0.0749434,0.181979,0.418806,0.0749434,-8.98872,-6.84749,-11.7391
2004-01-29,2721.56,423,6.82086,0.64069,25.3673,3,-0.180016,1.4614,-0.846265,0.486232,1.4614,-9.15226,-6.08959,-9.39085
2004-01-30,2740.55,425,7.3835,0.958897,30.8564,3,0.269039,1.64876,-0.142949,0.681026,1.64876,-8.76035,-5.16649,-5.2168
2004-02-02,2742.47,435,7.39723,1.02333,37.5926,3,0.210551,1.83611,-0.264676,0.685779,1.83611,-8.46652,-4.15189,0.211015
2004-02-03,2738.15,428,7.39463,0.667933,43.7542,3,-0.275418,1.61128,-1.23571,0.684878,1.61128,-9.59454,-3.06097,6.40971
2004-02-04,2747.28,426,7.36968,1.08096,53.4493,3,0.550641,1.61128,0.425041,0.676241,1.61128,-8.6359,-1.84228,13.9275
2004-02-05,2750.67,436,7.34296,0.741624,62.7271,3,0.921171,0.562076,1.1747,0.667639,0.562076,-6.54684,-0.614106,19.8881
2004-02-06,2748.9,441,7.27509,0.573916,69.1187,3,0.473341,0.674491,0.302434,0.644248,0.674491,-4.97953,0.551341,23.5469
2004-02-09,2757.14,432,7.34197,0.290004,73.8132,3,0.617481,-0.0374717,0.567373,0.667588,-0.0374717,-3.39208,1.69783,25.5075
2004-02-10,2741.17,443,7.63119,0.529089,76.4401,3,0.421158,0.637019,0.0744574,0.767859,0.637019,-2.30516,2.89446,25.8508
2004-02-11,2735.5,441,7.56405,0.363484,76.223,3,0.0899485,0.637019,-0.564686,0.744583,0.637019,-2.61762,4.13508,24.7056
2004-02-12,2736.94,433,7.32989,-0.0158961,74.6878,3,0.00675013,-0.0385423,-0.650829,0.664329,-0.0385423,-2.72312,5.24239,22.1685
2004-02-13,2736.42,438,6.642,-0.0629183,74.5037,3,-0.0861606,-0.0396759,-0.598701,0.42638,-0.0396759,-2.19501,5.90737,20.7913
2004-02-16,2724.36,438,6.8121,-0.0904934,73.5409,3,-0.498394,0.317407,-1.48288,0.486092,0.317407,-2.52793,6.66264,19.4062
2004-02-17,2724.36,432,6.8121,-0.254121,73.2959,3,-0.151159,-0.357083,-0.789731,0.487414,-0.357083,-2.23488,7.40745,18.1233
2004-02-18,2715.2,430,6.9018,-0.284631,74.2388,3,-0.212179,-0.357083,-0.94453,0.520172,-0.357083,-1.84806,8.1039,17.9829
2004-02-19,2697.66,436,7.06966,-0.201,74.2004,3,-0.60038,0.19838,-1.78064,0.579878,0.19838,-3.15813,8.81727,18.5413
2004-02-20,2693.84,442,7.04804,-0.218181,73.2111,3,-0.674418,0.238056,-1.92113,0.572294,0.238056,-5.57576,9.57138,19.2155
2004-02-23,2700.19,434,7.08075,-0.170404,72.0352,3,-0.261456,-0.0793519,-1.10668,0.583768,-0.0793519,-7.28613,10.3219,18.9994
2004-02-24,2665.83,429,7.63656,-0.473841,69.3483,3,-0.908007,-0.0396759,-2.5935,0.777483,-0.0396759,-11.1608,11.1844,19.3247
2004-02-25,2651.94,432,6.94288,-0.479573,67.0723,3,-1.11785,0.158704,-2.77026,0.534559,0.158704,-13.9986,11.4013,19.6695
2004-02-26,2664.3,424,7.12137,-0.418136,63.33,3,-0.439514,-0.396759,-1.46529,0.58626,-0.396759,-14.7604,11.6435,16.4469
2004-02-27,2686.54,424,7.3374,-0.239684,58.9373,3,0.155446,-0.634815,-0.349518,0.66041,-0.634815,-15.1147,11.7493,12.3027
2004-03-01,2682.34,413,7.31199,-0.413928,53.523,3,-0.0740124,-0.753843,-0.79373,0.645705,-0.753843,-15.7277,11.7957,7.45498
2004-03-02,2662.81,414,7.63644,-0.112134,50.5501,3,0.291518,-0.515787,-0.168323,0.751359,-0.515787,-14.7292,11.8742,3.40521
2004-03-03,2660.42,411,7.43437,-0.127711,45.9438,3,0.49842,-0.753843,0.32326,0.673581,-0.753843,-14.8012,11.8515,-1.10647
2004-03-04,2670.97,402,7.63265,-0.151297,42.5721,3,0.490924,-0.793519,0.245651,0.736197,-0.793519,-15.622,11.868,-3.67396
2004-03-05,2676.41,411,7.72971,-0.149945,39.8769,3,0.136545,-0.436435,-0.49575,0.768839,-0.436435,-16.2961,11.9254,-5.75242
2004-03-08,2673.29,404,7.55986,-0.0743319,38.5375,3,0.129068,-0.277731,-0.448559,0.706694,-0.277731,-17.2007,11.9246,-6.18643
2004-03-09,2675.65,412,7.43123,0.294633,37.6827,3,0.589266,0,0.51969,0.658842,0,-16.7443,11.7957,-7.36867
2004-03-10,2679.22,416,7.47701,0.499662,38.1785,3,0.721592,0.277731,0.775596,0.667588,0.277731,-15.5065,11.7389,-8.05386
2004-03-11,2685.17,417,7.54779,0.650117,40.6299,3,0.625744,0.674491,0.571689,0.679799,0.674491,-14.4387,11.8201,-6.75141
2004-03-12,2683.08,416,7.54277,0.365638,42.2277,3,0.453545,0.277731,0.241884,0.665206,0.277731,-13.6843,12.0813,-6.16941
2004-03-15,2669.48,407,7.58646,0.210603,43.3581,3,0.222827,0.19838,-0.217107,0.66276,0.19838,-12.5058,12.2701,-6.40623
2004-03-16,2661.45,416,7.60821,0.115261,44.7522,3,-0.00753393,0.238056,-0.670802,0.655734,0.238056,-12.4147,12.4519,-5.285
2004-03-17,2648.97,403,7.67371,-0.390279,44.3527,3,-0.344123,-0.436435,-1.36152,0.673271,-0.436435,-12.8055,12.5917,-5.4335
2004-03-18,2650.21,399,7.43639,-0.558063,43.0071,3,-0.481311,-0.634815,-1.55166,0.589038,-0.634815,-12.565,12.5777,-7.0056
2004-03-19,2669.07,387,7.95145,-0.506956,41.9246,3,0.057339,-1.07125,-0.64679,0.761468,-1.07125,-11.3355,12.7351,-9.47495
2004-03-22,2669.39,393,7.88576,-0.0685172,42.3059,3,0.339077,-0.476111,-0.0492257,0.727379,-0.476111,-10.3401,12.8795,-10.2335
2004-03-23,2669.39,399,6.42598,-0.16968,43.4482,3,0.255779,-0.595139,0.296246,0.215313,-0.595139,-7.61305,12.3678,-11.3065
2004-03-24,2664.5,402,6.16306,0.205294,46.0391,3,0.370913,0.0396759,0.62498,0.116845,0.0396759,-4.40054,12.0055,-11.5659
2004-03-25,2667.05,399,5.94794,0.217407,48.4587,3,0.355463,0.0793519,0.676066,0.0348606,0.0793519,-2.36389,11.4963,-10.6737
2004-03-26,2679.33,389,5.38246,0.136307,49.8934,3,0.11391,0.158704,0.388924,-0.161105,0.158704,-1.65984,10.7153,-9.16199
2004-03-29,2673.68,386,5.40516,-0.105042,51.0723,3,-0.0117039,-0.19838,0.129829,-0.153237,-0.19838,-0.77847,9.95172,-8.10096
2004-03-30,2676.93,378,4.71304,-0.409534,49.9373,3,-0.0652261,-0.753843,0.26264,-0.393093,-0.753843,-0.367331,8.86086,-8.55625
2004-03-31,2678.16,379,4.69322,-0.385565,48.9532,3,0.0620639,-0.833194,0.524087,-0.399959,-0.833194,-0.175677,7.83557,-8.70669
2004-04-01,2682.09,364,4.51802,-0.614349,47.188,3,0.060769,-1.28947,0.582214,-0.460676,-1.28947,0.145336,6.68884,-9.64618
2004-04-02,2671.01,358,4.71421,-0.754426,44.8925,3,-0.397925,-1.11093,-0.403163,-0.392687,-1.11093,0.233164,5.57073,-10.9114
2004-04-05,2666.55,358,4.73271,-0.68068,42.6069,3,-0.369463,-0.991898,-0.352649,-0.386277,-0.991898,0.32345,4.51693,-12.2335
2004-04-06,2667.06,358,4.71951,-0.552197,39.4576,3,-0.429903,-0.674491,-0.468956,-0.39085,-0.674491,-0.610773,3.49971,-13.4313
2004-04-07,2663.05,359,4.70785,-0.606781,35.4474,3,-0.539072,-0.674491,-0.683251,-0.394893,-0.674491,-1.9644,2.47014,-15.0584
2004-04-08,2659.05,358,4.62819,-0.417573,31.7243,3,-0.716118,-0.119028,-1.00974,-0.422496,-0.119028,-3.39096,1.42204,-16.3067
2004-04-09,2659.05,358,4.62998,-0.180271,29.8871,3,-0.479569,0.119028,-0.53726,-0.421878,0.119028,-4.07282,0.418957,-16.4591
2004-04-12,2659.05,355,4.29497,-0.219151,28.4757,3,-0.438301,0,-0.338627,-0.537975,0,-4.15353,-0.67093,-16.6998
2004-04-13,2648.8,355,4.37865,-0.323244,27.0692,3,-0.646487,0,-0.783998,-0.508977,0,-4.22263,-1.71167,-16.9965
2004-04-14,2642.55,365,4.1345,-0.188422,27.7123,3,-0.733927,0.357083,-0.87427,-0.593584,0.357083,-3.79902,-2.85993,-15.6287
2004-04-15,2631.72,381,4.36072,0.0964857,29.8477,3,-0.838603,1.03157,-1.16202,-0.515187,1.03157,-3.48666,-3.89873,-12.7669
2004-04-16,2619.59,383,3.63046,-0.0540376,31.3678,3,-1.219,1.11093,-1.67049,-0.767512,1.11093,-4.45121,-5.33006,-8.85094
2004-04-19,2620.19,373,3.63487,-0.191941,30.9503,3,-1.19724,0.813357,-1.62979,-0.764689,0.813357,-5.89117,-6.68729,-6.47128
2004-04-20,2612.3,389,3.68973,0.128991,31.9647,3,-1.12954,1.38752,-1.51465,-0.744429,1.38752,-7.58426,-7.60052,-2.85049
2004-04-21,2620.94,396,3.98898,0.237722,32.0757,3,-0.761123,1.23657,-0.881064,-0.641182,1.23657,-8.97464,-8.30211,-0.647541
2004-04-22,2628.19,390,4.14437,0.0274774,31.428,3,-0.357234,0.412189,-0.126901,-0.587567,0.412189,-9.68698,-8.85054,-0.0344671
2004-04-23,2618.21,373,3.7675,-0.337504,29.8373,3,-0.375234,-0.299774,-0.0340707,-0.716398,-0.299774,-10.0012,-9.2915,-0.870025
2004-04-26,2622.74,374,3.88288,-0.0792057,29.9231,3,-0.270827,0.112415,0.134274,-0.675927,0.112415,-10.0013,-9.77203,-0.303568
2004-04-27,2613.94,398,3.88239,0.0670504,31.5252,3,-0.289865,0.423966,0.0955653,-0.675295,0.423966,-10.2291,-10.1039,1.8582
2004-04-28,2620.97,419,4.08314,0.323393,33.9735,3,-0.290007,0.936793,0.0262901,-0.606305,0.936793,-10.7921,-10.3952,5.16078
2004-04-29,2635.96,428,4.66844,0.737823,38.8275,3,-0.0232229,1.49887,0.358706,-0.405152,1.49887,-11.1632,-10.4977,10.4884
2004-04-30,2646.99,443,4.82586,1.57427,47.5671,3,0.450584,2.69796,1.25222,-0.351052,2.69796,-9.72764,-10.5925,17.8873
2004-05-03,2655.18,473,4.96029,2.16831,58.3773,3,0.55197,3.78464,1.40178,-0.297836,3.78464,-7.99986,-10.4368,26.814
2004-05-04,2670.92,466,5.41666,1.88895,67.1881,3,1.15488,2.62302,2.44352,-0.133763,2.62302,-5.11114,-9.94013,32.2393
2004-05-05,2664.79,475,5.45447,1.52985,74.2003,3,0.886339,2.17336,1.88225,-0.109571,2.17336,-2.64522,-9.33652,36.1821
2004-05-06,2658.43,525,5.49648,2.0753,81.274,3,0.44091,3.7097,0.965233,-0.0834125,3.7097,-0.836708,-8.53942,40.6502
2004-05-07,2690.68,544,6.96915,2.49713,87.373,3,1.13466,3.85959,1.84247,0.426861,3.85959,1.08315,-7.25705,43.5469
2004-05-10,2708.02,599,7.26368,2.68618,92.2511,3,1.37237,4,2.2157,0.529034,4,2.80029,-5.84252,45.2933
2004-05-11,2731.79,566,7.5372,2.697,95.6471,3,1.57188,3.82211,2.51978,0.623987,3.82211,4.62251,-4.52327,45.5479
2004-05-12,2729.54,567,7.45077,2.54796,97.5748,3,1.62184,3.47409,2.64905,0.594628,3.47409,6.21057,-3.40339,44.7676
2004-05-13,2729.01,559,7.17634,1.48963,98.2407,3,1.68424,1.29502,2.8685,0.499978,1.29502,8.10703,-2.67649,42.8102
2004-05-14,2741.66,520,6.81823,0.216884,98.3502,3,1.21476,-0.780989,2.05349,0.37602,-0.780989,10.0465,-2.0297,40.3334
2004-05-17,2719.89,506,7.70836,-1.31507,97.855,3,0.582569,-3.21271,0.479439,0.685699,-3.21271,11.6638,-1.29557,37.4868
2004-05-18,2713.3,501,7.66149,-1.11591,97.1648,3,-0.0308588,-2.20097,-0.731848,0.67013,-2.20097,12.6775,-0.519264,35.0065
2004-05-19,2725.45,521,7.70094,-0.629374,96.582,3,0.267732,-1.52648,-0.148403,0.683867,-1.52648,13.5386,0.273821,32.7695
2004-05-20,2737.55,550,7.74673,0.157686,96.6753,3,0.528369,-0.212997,0.356921,0.699817,-0.212997,13.768,1.05572,31.8516
2004-05-21,2759.79,544,7.70744,0.834765,97.4247,3,0.711044,0.958487,0.735956,0.686132,0.958487,13.6319,1.82791,31.9649
2004-05-24,2766.83,546,7.70017,1.40569,98.166,3,1.2849,1.52648,1.88619,0.683601,1.52648,13.8696,2.47991,31.8165
2004-05-25,2766.83,522,7.43878,1.10903,98.5701,3,1.36606,0.851988,2.15144,0.580695,0.851988,14.4401,3.0534,31.0766
2004-05-26,2760.06,546,7.67279,1.00841,98.7919,3,1.02284,0.993986,1.39504,0.650638,0.993986,14.7929,3.62882,30.3702
2004-05-27,2754.83,534,7.73719,0.111498,98.5904,3,0.68449,-0.461494,0.703302,0.665677,-0.461494,15.3165,4.2796,28.9943
2004-05-28,2745.91,521,7.93232,-0.307589,97.8025,3,0.0948132,-0.70999,-0.535744,0.725371,-0.70999,15.4001,5.19741,27.205
2004-05-31,2724.92,524,8.59853,-0.511813,96.0638,3,-0.349135,-0.674491,-1.64849,0.95022,-0.674491,15.0928,6.52096,24.4501
2004-06-01,2724.92,524,8.4322,-0.101544,94.1525,3,-0.380586,0.177498,-1.64163,0.880458,0.177498,13.4719,7.69288,22.9876
2004-06-02,2736.39,496,8.41052,-0.846642,90.9931,3,-0.0248062,-1.66848,-0.914862,0.86525,-1.66848,12.5836,9.06716,19.3424
2004-06-03,2727.68,503,8.46192,-0.537804,86.2214,3,-0.0816211,-0.993986,-1.04257,0.879332,-0.993986,12.0729,10.6138,13.5347
2004-06-04,2722.69,486,7.49814,-0.651393,78.497,3,-0.166801,-1.13598,-0.873727,0.540125,-1.13598,10.778,11.6359,6.08302
2004-06-07,2715.37,466,7.25183,-0.938291,67.087,3,0.0505348,-1.92712,-0.343947,0.445017,-1.92712,9.16409,12.3692,-4.4463
2004-06-08,2707.33,475,6.56793,-0.903152,53.8983,3,-0.232492,-1.57381,-0.666009,0.201025,-1.57381,6.41366,12.3505,-14.8658
2004-06-09,2705.97,486,6.56649,-0.346373,42.8952,3,-0.48521,-0.207536,-1.16746,0.197037,-0.207536,2.76732,11.927,-21.7991
2004-06-10,2719.34,490,6.83747,-0.16099,36.8071,3,-0.0106775,-0.311303,-0.289749,0.268394,-0.311303,-0.22724,11.5508,-24.5164
2004-06-11,2732.4,491,6.85321,0.3251,37.1981,3,0.338896,0.311303,0.430796,0.246996,0.311303,-1.74881,11.4429,-22.496
2004-06-14,2734.94,497,6.2069,0.805859,45.0779,3,0.416417,1.1953,0.825236,0.00759839,1.1953,-1.4463,10.9717,-14.4474
2004-06-15,2734.94,498,6.12606,0.742994,52.1596,3,0.5639,0.922089,1.14822,-0.020424,0.922089,0.343842,10.3357,-8.51994
2004-06-16,2735.05,493,5.93444,0.470365,56.3314,3,0.560247,0.380482,1.20734,-0.0868407,0.380482,1.63077,9.56477,-4.86419
2004-06-17,2725.87,482,5.83737,-0.0240482,55.6455,3,0.0920576,-0.140154,0.304602,-0.120487,-0.140154,1.58244,8.79297,-4.72987
2004-06-18,2713.07,487,5.14958,-0.271881,51.4403,3,-0.543762,0,-0.728635,-0.35889,0,0.190176,7.82365,-6.57356
2004-06-21,2710.99,482,4.99118,-0.526695,44.0867,3,-0.662895,-0.390495,-0.911898,-0.413892,-0.390495,-2.47066,6.75318,-10.1958
2004-06-22,2710.99,477,4.99118,-0.632806,37.6221,3,-0.66212,-0.603492,-0.909927,-0.414312,-0.603492,-5.31275,5.73342,-12.7985
2004-06-23,2709.3,469,4.96378,-0.702396,31.5933,3,-0.694801,-0.70999,-0.979326,-0.410276,-0.70999,-7.38318,4.63822,-15.6617
2004-06-24,2715.53,475,5.07716,-0.22902,30.4437,3,-0.351542,-0.106499,-0.358687,-0.344398,-0.106499,-8.31568,3.69077,-14.9314
2004-06-25,2702.6,478,5.20546,-0.238338,30.676,3,-0.316928,-0.159748,-0.357812,-0.276043,-0.159748,-8.16187,2.77832,-13.9404
2004-06-28,2697.08,483,4.56272,-0.148852,31.906,3,-0.492951,0.195247,-0.488729,-0.497173,0.195247,-7.13944,1.4617,-12.4163
2004-06-29,2695.02,482,4.55938,-0.0970061,31.9215,3,-0.531258,0.337245,-0.56993,-0.492586,0.337245,-6.15369,0.198268,-12.1231
2004-06-30,2699.58,483,4.29159,0.105903,35.2433,3,-0.444935,0.656741,-0.312187,-0.577682,0.656741,-5.66997,-1.14387,-7.94285
2004-07-01,2694.09,491,4.22108,0.0185494,37.239,3,-0.690641,0.72774,-0.781352,-0.59993,0.72774,-5.45999,-2.53792,-4.76313
2004-07-02,2682.25,481,4.4135,-0.184038,38.9425,3,-0.634322,0.266246,-0.7386,-0.530043,0.266246,-5.35715,-3.55719,-2.14312
2004-07-05,2674.1,481,4.43571,-0.296998,41.3145,3,-0.682746,0.0887488,-0.846313,-0.519178,0.0887488,-5.85994,-4.488,1.66247
2004-07-06,2674.1,474,4.36501,-0.378634,43.2789,3,-0.649348,-0.107919,-0.761001,-0.537696,-0.107919,-5.96914,-5.20409,4.45212
2004-07-07,2672.95,472,4.36534,-0.48787,42.7471,3,-0.756985,-0.218754,-0.986486,-0.527485,-0.218754,-5.79269,-5.88749,4.42731
2004-07-08,2675.05,484,3.8894,-0.376204,41.9409,3,-0.678491,-0.0739168,-0.66775,-0.689232,-0.0739168,-6.14328,-6.78725,4.87141
2004-07-09,2677.42,478,3.35188,-0.200319,39.9873,3,-0.475581,0.0749434,-0.0746767,-0.876486,0.0749434,-6.59717,-7.82215,4.40663
2004-07-12,2668.83,472,3.35553,-0.314534,35.9099,3,-0.47918,-0.149887,-0.0906268,-0.867734,-0.149887,-7.38139,-8.55532,1.84658
2004-07-13,2670.01,466,3.38048,-0.275973,32.3347,3,-0.43953,-0.112415,-0.0373831,-0.841678,-0.112415,-8.3789,-9.20178,-0.0845759
2004-07-14,2674.41,451,3.50454,-0.447237,29.2481,3,-0.294928,-0.599547,0.196154,-0.78601,-0.599547,-9.1797,-9.70741,-1.86474
2004-07-15,2662.19,445,3.63214,-0.923261,26.3634,3,-0.572485,-1.27404,-0.40586,-0.739109,-1.27404,-9.66825,-10.1054,-3.86297
2004-07-16,2642.78,438,4.06111,-1.13113,23.7493,3,-0.950755,-1.31151,-1.32848,-0.573033,-1.31151,-10.0291,-10.1197,-6.1019
2004-07-19,2628.3,431,4.31558,-1.18617,21.8436,3,-1.02336,-1.34898,-1.58498,-0.461734,-1.34898,-10.4672,-10.0149,-7.67423
2004-07-20,2632.64,429,4.43227,-1.06348,20.6481,3,-0.927865,-1.19909,-1.44796,-0.407768,-1.19909,-10.8238,-9.90909,-8.61893
2004-07-21,2632.64,442,4.45348,-0.580073,20.9837,3,-1.01026,-0.149887,-1.633,-0.387518,-0.149887,-11.4175,-9.9183,-7.68055
2004-07-22,2633.14,443,4.27867,-0.326532,20.7159,3,-0.765478,0.112415,-1.08975,-0.441204,0.112415,-12.0184,-9.97849,-7.28716
2004-07-23,2619.84,439,4.30896,-0.203914,20.8102,3,-0.632658,0.22483,-0.835584,-0.429733,0.22483,-12.4385,-10.1186,-6.63261
2004-07-26,2628.46,447,4.63183,0.352399,22.2116,3,-0.0821088,0.786906,0.147331,-0.311548,0.786906,-12.031,-10.0754,-5.68195
2004-07-27,2636.32,449,4.87313,0.487487,23.9117,3,0.0381812,0.936793,0.295714,-0.219352,0.936793,-11.424,-9.96446,-4.69986
2004-07-28,2639.72,441,4.84461,0.128818,23.9798,3,0.107749,0.149887,0.438188,-0.22269,0.149887,-10.7689,-9.65677,-5.59456
2004-07-29,2634.44,432,4.84379,-0.119357,23.5717,3,-0.0138833,-0.22483,0.191642,-0.219408,-0.22483,-9.8833,-9.29449,-7.25048
2004-07-30,2619.55,435,4.9764,0.00659985,24.1368,3,-0.024272,0.0374717,0.122864,-0.171408,0.0374717,-9.16406,-9.01603,-7.68307
2004-08-02,2612.44,445,4.96159,-0.126605,24.6481,3,-0.365625,0.112415,-0.555444,-0.175806,0.112415,-8.93924,-8.74425,-7.66841
2004-08-03,2613.58,439,4.97758,-0.345397,24.7485,3,-0.503436,-0.187359,-0.84215,-0.164722,-0.187359,-9.01715,-8.4201,-7.81425
2004-08-04,2605.85,435,5.01041,-0.385681,25.0585,3,-0.73282,-0.0385423,-1.32,-0.145639,-0.0385423,-9.33168,-8.09895,-7.51083
2004-08-05,2609.39,438,5.04555,-0.0483415,26.067,3,-0.533118,0.436435,-0.938345,-0.127891,0.436435,-9.63391,-7.65053,-6.64853
2004-08-06,2609.61,448,5.00861,0.250647,27.4875,3,-0.212872,0.714167,-0.287775,-0.13797,0.714167,-9.90764,-7.05071,-5.55413
2004-08-09,2602.91,443,4.98087,-0.0420395,28.364,3,-0.203107,0.119028,-0.271234,-0.134979,0.119028,-10.1193,-6.42216,-5.09463
2004-08-10,2597.71,428,4.94611,-0.2885,28.3234,3,-0.338944,-0.238056,-0.549429,-0.128459,-0.238056,-10.5802,-5.7757,-5.32078
2004-08-11,2598.98,432,4.86885,-0.0341329,29.6761,3,-0.147618,0.0793519,-0.149983,-0.145252,0.0793519,-10.9697,-5.23267,-4.12148
2004-08-12,2606.93,436,4.96703,0.0455728,32.959,3,-0.0278822,0.119028,0.0460364,-0.101801,0.119028,-10.7132,-4.72056,-1.60718
2004-08-13,2614.97,436,4.58284,-0.10104,36.5991,3,0.0756513,-0.277731,0.39206,-0.240758,-0.277731,-9.2389,-4.46946,0.307431
2004-08-16,2609.92,434,4.23202,-0.0511864,40.7531,3,0.0563309,-0.158704,0.47519,-0.362528,-0.158704,-7.38659,-4.42198,2.56164
2004-08-17,2609.92,428,4.16862,0.181519,45.4307,3,0.164659,0.19838,0.710919,-0.381601,0.19838,-5.38214,-4.42765,5.24051
2004-08-18,2608.88,427,4.16552,0.0565726,47.8517,3,0.113145,0,0.609646,-0.383355,0,-3.25242,-4.43126,5.53539
2004-08-19,2609.88,428,4.17004,-0.0817794,48.7851,3,-0.0445311,-0.119028,0.293067,-0.382129,-0.119028,-1.93418,-4.37635,5.09558
2004-08-20,2607.62,411,3.80328,-0.570882,47.3861,3,-0.348246,-0.793519,-0.174172,-0.52232,-0.793519,-1.30241,-4.46218,3.15066
2004-08-23,2606.57,408,3.56882,-0.557396,43.9352,3,-0.301435,-0.813357,0.00789493,-0.610766,-0.813357,-1.43084,-4.73252,0.0985329
2004-08-24,2595.75,393,3.5662,-0.850541,38.9498,3,-0.550481,-1.1506,-0.48727,-0.613692,-1.1506,-2.15521,-5.06068,-3.83435
2004-08-25,2589.25,397,3.52914,-0.817621,35.5252,3,-0.683019,-0.952222,-0.73534,-0.630699,-0.952222,-3.22903,-5.39242,-5.85335
2004-08-26,2575.51,407,3.84125,-0.776977,33.2109,3,-0.958815,-0.595139,-1.40999,-0.507637,-0.595139,-4.6841,-5.61468,-6.49032
2004-08-27,2568.68,402,3.50329,-0.622635,31.0548,3,-1.12624,-0.119028,-1.61764,-0.634838,-0.119028,-6.2375,-5.98895,-6.71879
2004-08-30,2574.49,399,3.61948,-0.528839,29.7092,3,-0.938651,-0.119028,-1.29498,-0.582324,-0.119028,-6.87163,-6.3213,-7.09786
2004-08-31,2551.43,406,4.62508,-0.135858,30.4068,3,-1.02556,0.753843,-1.86993,-0.181187,0.753843,-7.83421,-6.35767,-5.40128
2004-09-01,2536.51,409,4.87928,-0.228982,30.9333,3,-1.17213,0.714167,-2.26586,-0.078398,0.714167,-8.71999,-6.3116,-4.03515
2004-09-02,2538.59,406,4.84331,-0.304748,30.074,3,-0.807875,0.19838,-1.52973,-0.0860174,0.19838,-9.22462,-6.24802,-4.45341
2004-09-03,2552.78,398,5.42041,-0.0604045,29.0462,3,-0.200161,0.0793519,-0.54224,0.141918,0.0793519,-9.40848,-5.96196,-5.58332
2004-09-06,2564.89,398,5.76663,0.108151,29.5404,3,0.0179231,0.19838,-0.243167,0.279013,0.19838,-9.40655,-5.60013,-5.45289
2004-09-07,2564.89,394,5.75216,0.157446,31.03,3,0.552948,-0.238056,0.832515,0.273382,-0.238056,-8.20669,-5.2716,-5.49166
2004-09-08,2552.74,395,5.91447,0.167244,31.7133,3,0.651895,-0.317407,0.966005,0.337786,-0.317407,-7.20546,-4.84344,-6.23785
2004-09-09,2536,383,6.04779,-0.21902,30.8169,3,0.236452,-0.674491,0.0820356,0.390868,-0.674491,-7.14379,-4.37298,-7.66633
2004-09-10,2523.08,390,5.94461,-0.25265,30.3084,3,-0.425948,-0.0793519,-1.20229,0.350393,-0.0793519,-8.58342,-3.82254,-7.28568
2004-09-13,2535.29,402,6.3905,0.0359866,30.6003,3,-0.324786,0.396759,-1.17795,0.528381,0.396759,-10.1076,-3.01276,-6.27938
2004-09-14,2525.12,401,6.42865,-0.0204234,29.9259,3,-0.556634,0.515787,-1.65849,0.545225,0.515787,-12.2358,-2.15792,-5.68035
2004-09-15,2521.77,394,6.41307,-0.0781976,29.4796,3,-0.354775,0.19838,-1.24953,0.539979,0.19838,-13.9005,-1.31303,-5.30683
2004-09-16,2536.4,395,6.91272,0.598518,31.7629,3,0.482868,0.714167,0.22616,0.739577,0.714167,-14.1105,-0.295523,-3.83108
2004-09-17,2522.57,388,7.05463,0.323904,34.8738,3,0.489105,0.158704,0.181943,0.796267,0.158704,-13.9495,0.928144,-2.10485
2004-09-20,2518.3,384,7.03903,-0.192859,36.1724,3,0.0903925,-0.476111,-0.60925,0.790035,-0.476111,-14.5856,2.24138,-1.48336
2004-09-21,2548.2,393,8.44598,0.623548,41.5733,3,1.32645,-0.0793519,1.30081,1.35208,-0.0793519,-13.0855,4.1328,0.526059
2004-09-22,2561.2,391,8.6842,0.925988,48.1655,3,1.75279,0.0991898,2.05833,1.44724,0.0991898,-10.5149,6.14467,2.53569
2004-09-23,2560.66,394,8.49891,0.757012,54.0131,3,1.35532,0.158704,1.33742,1.37322,0.158704,-7.88363,7.92817,3.96853
2004-09-24,2567.83,407,8.51788,1.40141,61.5779,3,1.8506,0.952222,2.3204,1.3808,0.952222,-4.08019,9.72427,5.93382
2004-09-27,2602.2,412,9.72446,2.12035,70.8111,3,2.9314,1.30931,4,1.86281,1.30931,0.869643,11.6144,8.32704
2004-09-28,2600.64,414,9.06728,1.57194,76.1541,3,2.1123,1.03157,2.62432,1.60028,1.03157,4.79462,12.81,8.54944
2004-09-29,2596.28,404,8.7664,1.18009,80.1246,3,1.646,0.714167,1.81193,1.48008,0.714167,8.1153,13.731,8.27829
2004-09-30,2595.17,407,8.78407,1.17427,83.8322,3,1.63437,0.714167,1.7816,1.48714,0.714167,10.5215,14.5004,8.81029
2004-10-01,2608.3,405,8.75039,0.939927,86.066,3,1.75905,0.120804,2.04442,1.47368,0.120804,12.2851,15.1527,8.62826
2004-10-04,2630.81,392,9.06597,0.457357,86.7939,3,1.53732,-0.622607,1.47489,1.59975,-0.622607,13.512,16.0369,7.24501
2004-10-05,2629.65,391,9.0755,0.40079,87.2853,3,1.54871,-0.747128,1.49385,1.60356,-0.747128,13.9302,16.9598,6.39533
2004-10-06,2608.36,393,9.44358,0.491831,87.9208,3,1.2366,-0.252934,0.722592,1.7506,-0.252934,13.6034,17.8857,6.43172
2004-10-07,2603.34,396,9.08067,0.411797,89.0912,3,1.07653,-0.252934,0.547429,1.60563,-0.252934,13.6893,18.4564,6.94545
2004-10-08,2601.7,387,8.79556,0.0664477,89.6511,3,0.680919,-0.548024,-0.129893,1.49173,-0.548024,14.3555,19.1257,6.17003
2004-10-11,2583.74,387,9.19253,-0.0854008,89.4406,3,-0.170802,0,-1.99192,1.65031,0,13.7977,20.0473,5.59557
2004-10-12,2583.74,384,9.01352,-0.128591,89.2505,3,-0.17287,-0.0843113,-1.92454,1.5788,-0.0843113,13.6444,20.8997,4.70635
2004-10-13,2558.04,393,9.81857,0.0435361,89.4643,3,-0.123706,0.210778,-2.14781,1.9004,0.210778,12.9136,21.8441,4.70666
2004-10-14,2553.07,407,9.67138,0.260144,88.8622,3,-0.154204,0.674491,-2.15001,1.8416,0.674491,11.2426,22.9221,4.69742
2004-10-15,2549.1,398,9.45783,0.211139,88.6562,3,-0.252213,0.674491,-2.26072,1.75629,0.674491,9.41394,23.7387,5.50351
2004-10-18,2562.56,401,9.56354,0.649375,90.1305,3,0.497792,0.800958,-0.802936,1.79852,0.800958,9.01783,23.8545,7.25819
2004-10-19,2562.56,408,8.64797,0.758177,90.3525,3,0.314918,1.20144,-0.802936,1.43277,1.20144,7.41837,23.809,9.12519
2004-10-20,2556.18,412,8.50653,0.851003,90.2293,3,0.732426,0.96958,0.0885835,1.37627,0.96958,5.9728,23.8151,10.4415
2004-10-21,2561.33,406,8.53917,0.551048,89.885,3,0.975629,0.126467,0.56195,1.38931,0.126467,5.43297,23.9882,10.4638
2004-10-22,2555.26,406,8.51281,0.713257,88.6704,3,0.920646,0.505868,0.462515,1.37878,0.505868,4.13318,24.5225,10.0147
2004-10-25,2553.02,415,6.84602,0.484732,85.376,3,0.210661,0.758802,-0.291612,0.712935,0.758802,0.893578,24.8439,9.6385
2004-10-26,2568.11,413,7.26569,0.518541,82.943,3,0.657681,0.379401,0.434781,0.880582,0.379401,-0.892184,24.989,8.8462
2004-10-27,2582.39,402,7.5733,0.481452,81.1941,3,1.21584,-0.252934,1.42821,1.00347,-0.252934,-1.2321,25.0476,7.37864
2004-10-28,2579.59,401,7.57873,0.491363,79.3816,3,1.02488,-0.0421557,1.04413,1.00563,-0.0421557,-1.88526,25.0599,6.20705
2004-10-29,2585.8,401,7.38706,0.61844,78.4937,3,1.28039,-0.0435155,1.63172,0.929067,-0.0435155,-2.25605,24.7795,5.97025
2004-11-01,2575.19,395,6.66985,0.131737,77.5722,3,0.937965,-0.674491,1.23151,0.644422,-0.674491,-2.48463,24.1324,5.92435
2004-11-02,2575.19,389,6.67718,-0.133474,76.0126,3,0.576166,-0.843113,0.502818,0.649514,-0.843113,-3.38615,23.5742,5.8245
2004-11-03,2568.08,389,6.17512,-0.208861,73.8806,3,-0.0383204,-0.379401,-0.524579,0.447938,-0.379401,-4.54807,22.747,5.68166
2004-11-04,2561.28,381,6.19832,-0.402425,71.2863,3,-0.13036,-0.674491,-0.718406,0.457687,-0.674491,-5.76341,22.0471,5.00258
2004-11-05,2550.37,375,6.31739,-0.71328,68.693,3,-0.520214,-0.906347,-1.54648,0.506056,-0.906347,-7.13642,21.4213,4.40813
2004-11-08,2547.79,375,5.91711,-0.53012,67.1703,3,-0.406826,-0.653413,-1.15914,0.345486,-0.653413,-6.41314,20.354,3.22941
2004-11-09,2544.65,375,5.91394,-0.430443,66.12,3,-0.481484,-0.379401,-1.30818,0.345214,-0.379401,-5.86747,19.2923,2.69513
2004-11-10,2542.2,371,4.80925,-0.56538,63.9635,3,-0.582735,-0.548024,-1.07678,-0.0886953,-0.548024,-4.91015,17.5764,1.29717
2004-11-11,2540.47,371,4.77308,-0.335793,61.8089,3,-0.460808,-0.210778,-0.825422,-0.0961944,-0.210778,-3.69532,15.8634,-0.359214
2004-11-12,2540.47,367,4.74838,-0.161501,60.4424,3,-0.196534,-0.126467,-0.290431,-0.102637,-0.126467,-1.84928,14.1629,-1.87131
2004-11-15,2541.98,361,4.30819,-0.281275,56.9764,3,-0.18315,-0.379401,-0.0872805,-0.279019,-0.379401,-1.18194,12.283,-4.1246
2004-11-16,2541.98,357,4.30819,-0.327837,52.8647,3,-0.107651,-0.548024,0.0623969,-0.277698,-0.548024,-0.362001,10.7049,-7.47814
2004-11-17,2535.89,351,4.30226,-0.414873,48.0363,3,-0.197411,-0.632335,-0.115957,-0.278866,-0.632335,-0.557264,9.13102,-10.5375
2004-11-18,2523.41,350,4.48845,-0.548022,43.8649,3,-0.421554,-0.674491,-0.640831,-0.202277,-0.674491,-1.69845,7.58584,-12.0225
2004-11-19,2515.32,351,4.53834,-0.536147,39.2068,3,-0.608581,-0.463712,-1.03736,-0.179805,-0.463712,-3.09762,6.05297,-13.7485
2004-11-22,2517.86,348,4.5826,-0.456692,35.7928,3,-0.570786,-0.342598,-0.982533,-0.15904,-0.342598,-3.71352,5.18203,-15.6757
2004-11-23,2521.81,339,3.97493,-0.587342,31.9246,3,-0.599708,-0.574976,-0.788396,-0.41102,-0.574976,-4.7862,3.91955,-17.2088
2004-11-24,2509.79,336,3.39881,-0.656791,28.1392,3,-0.863921,-0.449661,-1.07705,-0.650789,-0.449661,-6.96282,2.35367,-17.2516
2004-11-25,2501.88,336,3.45042,-0.572162,24.8106,3,-0.73963,-0.404694,-0.852442,-0.626819,-0.404694,-8.50258,0.861098,-17.5479
2004-11-26,2501.88,331,3.18194,-0.633532,21.1784,3,-0.592573,-0.674491,-0.451548,-0.733599,-0.674491,-10.067,-0.594525,-18.16
2004-11-29,2484.36,337,3.61942,-0.628186,19.1345,3,-0.986576,-0.269796,-1.42769,-0.545459,-0.269796,-12.132,-1.58995,-17.1436
2004-11-30,2479.1,340,3.55763,-0.470999,18.2668,3,-1.21179,0.269796,-1.85935,-0.564236,0.269796,-14.0087,-2.59403,-15.1305
2004-12-01,2479.18,338,3.60582,-0.29339,18.0534,3,-0.901542,0.314762,-1.26241,-0.540678,0.314762,-14.5953,-3.41545,-13.9358
2004-12-02,2472.12,346,3.61307,-0.103621,18.8148,3,-0.881733,0.674491,-1.22158,-0.541891,0.674491,-15.132,-4.28451,-11.7687
2004-12-03,2481.93,350,4.01694,0.261732,21.4338,3,-0.555721,1.07919,-0.740258,-0.371184,1.07919,-14.7989,-5.14458,-8.62269
2004-12-06,2475.23,357,4.04228,0.41799,24.173,3,-0.288172,1.12415,-0.21696,-0.359384,1.12415,-14.2813,-5.87475,-5.67098
2004-12-07,2466.71,358,4.10291,0.332372,26.5079,3,-0.352522,1.01726,-0.375166,-0.329878,1.01726,-13.6652,-6.56915,-3.25774
2004-12-08,2455.12,370,4.24428,0.489161,29.9141,3,-0.606196,1.58452,-0.947635,-0.264757,1.58452,-13.8035,-6.85276,0.570351
2004-12-09,2455.12,368,4.27365,0.367508,32.2907,3,-0.421255,1.15627,-0.590672,-0.251837,1.15627,-13.7357,-7.06998,3.09641
2004-12-10,2464.19,367,4.65282,0.281909,33.828,3,-0.356915,0.920733,-0.630294,-0.0835362,0.920733,-14.1341,-7.09511,5.05721
2004-12-13,2440.72,363,5.38091,-0.0886937,34.5044,3,-0.619676,0.442289,-1.47849,0.23914,0.442289,-15.4619,-6.63087,6.59718
2004-12-14,2416.29,361,6.02342,-0.277522,34.6819,3,-0.869806,0.314762,-2.26587,0.526259,0.314762,-17.6371,-5.88724,8.20625
2004-12-15,2385.1,357,7.0737,-0.772987,33.4258,3,-1.14128,-0.404694,-3.27639,0.993834,-0.404694,-20.4824,-4.68196,8.5902
2004-12-16,2376.37,348,7.04356,-1.0386,31.735,3,-1.36954,-0.707662,-3.71949,0.980413,-0.707662,-23.1729,-3.56239,8.47033
2004-12-17,2365.75,342,7.0629,-1.1917,29.5344,3,-1.50549,-0.877909,-4,0.989027,-0.877909,-25.6335,-2.46233,7.63017
2004-12-20,2361.46,338,6.91644,-1.12993,27.3503,3,-1.41675,-0.843113,-3.75733,0.923821,-0.843113,-27.831,-1.45957,6.64083
2004-12-21,2329.79,337,7.57409,-1.09633,25.7539,3,-1.3917,-0.800958,-4,1.2166,-0.800958,-30.425,0.00449449,6.17441
2004-12-22,2316.12,336,7.60009,-0.843532,25.1806,3,-1.01257,-0.674491,-3.25332,1.22817,-0.674491,-32.2441,1.67226,5.75244
2004-12-23,2381.03,334,13.5749,0.911629,29.9147,3,2.20266,-0.379401,0.517247,3.88807,-0.379401,-31.8758,5.83485,5.95569
2004-12-24,2404.4,334,14.2376,1.49093,37.3121,3,3.10832,-0.126467,2.21664,4,-0.126467,-30.2814,10.4403,7.15321
2004-12-27,2375.99,327,14.5665,1.12433,43.8045,3,2.5056,-0.256949,1.0112,4,-0.256949,-28.3686,14.8998,7.2733
2004-12-28,2385.32,331,14.7293,1.75066,52.258,3,3.54555,-0.0442289,3.0911,4,-0.0442289,-23.747,19.3052,6.69991
2004-12-29,2415.37,332,15.5914,2.02248,60.9571,3,4,0.0449661,4,4,0.0449661,-18.4993,23.3467,6.10969
2004-12-30,2412.1,334,15.5808,1.56742,66.9335,3,2.91002,0.22483,1.82004,4,0.22483,-15.3436,27.1124,5.16475
2004-12-31,2389.75,332,15.7061,0.955666,69.3035,3,1.77643,0.134898,-0.447134,4,0.134898,-14.9208,30.84,3.38423
2005-01-03,2389.75,334,15.7169,1.51062,72.874,3,2.48165,0.539593,0.963294,4,0.539593,-13.5855,34.188,2.27154
2005-01-04,2338.84,331,17.2147,0.600033,73.7161,3,0.975235,0.22483,-2.04953,4,0.22483,-15.0138,37.8864,0.843476
2005-01-05,2315.45,342,17.4023,0.337245,73.2398,3,0,0.674491,-4,4,0.674491,-17.7934,41.8189,-0.785659
2005-01-06,2344.45,354,18.2217,0.802431,74.5916,3,0.480711,1.12415,-3.03858,4,1.12415,-19.8204,45.2482,-0.836181
2005-01-07,2386.67,357,19.4888,1.70927,78.7639,3,2.06956,1.34898,0.13912,4,1.34898,-18.554,47.3904,-0.0725371
2005-01-10,2358.54,366,19.6292,1.52503,82.9616,3,1.38632,1.66374,-1.22736,4,1.66374,-17.608,48.6176,1.95207
2005-01-11,2358.54,364,19.3851,2.1621,88.2201,3,2.61549,1.70871,1.23098,4,1.70871,-13.7039,47.957,3.96686
2005-01-12,2380.96,354,19.2126,2.23672,92.9761,3,3.70901,0.764423,3.41802,4,0.764423,-7.73043,45.4868,5.21973
2005-01-13,2358.64,361,19.4617,1.5095,95.7084,3,2.47941,0.539593,0.95883,4,0.539593,-4.07756,43.4346,6.35133
2005-01-14,2340.42,361,19.5876,0.722794,97.1347,3,1.04089,0.404694,-1.91821,4,0.404694,-2.56501,42.2599,7.43978
2005-01-17,2351.23,361,19.6646,0.983529,98.2275,3,1.96706,0,-0.0658854,4,0,-0.347491,40.7697,7.80525
2005-01-18,2351.23,374,19.0286,1.32161,99.0216,3,1.96872,0.674491,-0.0625553,4,0.674491,1.65941,38.7324,8.6297
2005-01-19,2371.77,373,19.0879,1.50301,99.4752,3,1.92683,1.07919,-0.146341,4,1.07919,2.96462,36.9432,9.56738
2005-01-20,2363.69,367,16.3692,1.37946,99.539,3,2.2643,0.494627,0.528606,4,0.494627,2.92258,36.4059,10.2105
2005-01-21,2381.54,364,16.2035,1.7399,99.57,3,3.12007,0.359728,2.24013,4,0.359728,2.90851,36.0985,10.5631
2005-01-24,2373.86,360,15.678,1.42979,99.6056,3,2.67972,0.179864,1.35945,4,0.179864,3.0341,35.727,10.8445
2005-01-25,2370.77,355,15.6123,0.987763,99.5115,3,2.60505,-0.629525,1.2101,4,-0.629525,2.25176,36.6665,10.5932
2005-01-26,2370.08,360,14.8607,0.87033,99.3312,3,2.10039,-0.359728,0.200776,4,-0.359728,0.531267,38.161,10.6389
2005-01-27,2370.95,365,14.867,1.22372,99.2671,3,2.31253,0.134898,0.625067,4,0.134898,-0.0392213,38.6249,10.6814
2005-01-28,2372.63,371,14.5334,1.23423,99.3194,3,1.92886,0.539593,-0.142282,4,0.539593,0.106912,38.2483,10.9642
2005-01-31,2367.76,364,14.545,1.20027,99.2609,3,1.99584,0.404694,-0.0083225,4,0.404694,-0.361548,38.6683,10.9542
2005-02-01,2363.75,371,12.258,1.27883,99.3836,3,1.61338,0.944287,-0.0506429,3.2774,0.944287,0.590397,37.4176,11.3756
2005-02-02,2358.16,374,11.6676,1.10975,99.501,3,1.36515,0.854355,-0.282269,3.01257,0.854355,2.28325,35.9769,11.2409
2005-02-03,2364.13,367,10.8713,0.808148,99.5018,3,1.30153,0.314762,-0.0357112,2.63878,0.314762,3.66245,35.3444,10.495
2005-02-04,2365.08,364,8.71038,0.356825,99.2811,3,0.803583,-0.0899321,-0.0697518,1.67692,-0.0899321,3.73828,35.9282,9.61461
2005-02-07,2361.92,364,7.61562,0.414809,99.0396,3,0.604787,0.22483,0.0114583,1.19812,0.22483,4.50931,35.9704,8.55986
2005-02-08,2365.79,359,7.63572,0.23723,98.4509,3,0.789222,-0.314762,0.388513,1.18993,-0.314762,4.38293,37.0629,7.00507
2005-02-09,2364.16,366,6.79892,0.281376,97.5593,3,0.69765,-0.134898,0.578441,0.816859,-0.134898,3.07129,37.9975,6.49058
2005-02-10,2358.61,361,5.96026,0.0990107,96.6767,3,0.242988,-0.0449661,0.0263819,0.459593,-0.0449661,2.6687,37.8807,6.12732
2005-02-11,2344.94,358,5.65732,-0.107964,96.0438,3,-0.170962,-0.0449661,-0.671857,0.329934,-0.0449661,3.53346,36.7566,5.75376
2005-02-14,2346.04,357,5.40465,-0.105994,95.0687,3,-0.122056,-0.0899321,-0.462281,0.21817,-0.0899321,3.41819,35.7805,5.86997
2005-02-15,2338.27,359,5.52265,-0.076653,93.5464,3,-0.378136,0.22483,-1.01544,0.259167,0.22483,2.93992,35.052,5.55445
2005-02-16,2330.62,355,4.47896,-0.508806,90.7463,3,-0.747815,-0.269796,-1.303,-0.192635,-0.269796,2.29982,34.4784,3.96808
2005-02-17,2331.7,348,4.39831,-0.482245,87.4345,3,-0.604762,-0.359728,-0.979841,-0.229683,-0.359728,1.26359,33.2929,2.87793
2005-02-18,2327.45,347,3.16395,-0.459125,82.5564,3,-0.648453,-0.269796,-0.527055,-0.769851,-0.269796,-0.954504,31.4925,2.01844
2005-02-21,2318.12,347,3.2439,-0.551868,77.2524,3,-0.878907,-0.22483,-1.02295,-0.734863,-0.22483,-3.08014,28.9203,1.41222
2005-02-22,2318.12,356,3.27064,-0.297987,73.3742,3,-0.685906,0.0899321,-0.648652,-0.72316,0.0899321,-4.8274,25.4628,2.73883
2005-02-23,2311.83,358,3.30202,-0.153688,70.0625,3,-0.644622,0.337245,-0.579817,-0.709427,0.337245,-5.62676,21.6296,4.05969
2005-02-24,2308.58,348,3.2468,-0.289085,64.857,3,-0.758034,0.179864,-0.782473,-0.733595,0.179864,-7.05904,17.6852,4.23081
2005-02-25,2308.7,346,3.20009,-0.26258,59.4158,3,-0.662344,0.137185,-0.570654,-0.754034,0.137185,-7.56773,13.4513,3.53223
2005-02-28,2323.77,343,4.23209,0.0744165,55.193,3,0.148833,0,0.602653,-0.304987,0,-7.0364,9.44398,2.78543
2005-03-01,2327.98,346,4.33063,-0.00926746,50.2912,3,0.270533,-0.289067,0.802901,-0.261836,-0.289067,-6.24187,6.09355,0.439564
2005-03-02,2329.67,341,4.31774,-0.0859592,45.7355,3,0.454394,-0.626313,1.1771,-0.268313,-0.626313,-4.84011,2.95727,-2.38164
2005-03-03,2333.65,343,4.24788,0.27844,43.7316,3,0.605057,-0.0481779,1.51074,-0.300629,-0.0481779,-3.35977,0.157435,-3.06612
2005-03-04,2333.7,340,4.23754,0.251393,43.3344,3,0.599142,-0.0963558,1.50413,-0.305844,-0.0963558,-1.86313,-1.72579,-3.07665
2005-03-07,2338.93,334,4.3512,0.0740873,42.0559,3,0.389064,-0.24089,1.03409,-0.255959,-0.24089,-0.890108,-3.10062,-3.9534
2005-03-08,2324.89,328,4.69073,-0.318504,39.9889,3,0.0374835,-0.674491,0.179284,-0.104317,-0.674491,-1.08409,-4.31014,-4.61687
2005-03-09,2325.69,335,4.71037,-0.0376573,38.8145,3,0.0210412,-0.0963558,0.137624,-0.0955417,-0.0963558,-1.4962,-5.15753,-4.5318
2005-03-10,2334.11,334,4.92433,-0.0346179,38.3255,3,0.171654,-0.24089,0.345783,-0.0024754,-0.24089,-1.19401,-5.58574,-4.89474
2005-03-11,2340.34,340,4.62684,0.220089,39.529,3,0.247466,0.192712,0.631857,-0.136925,0.192712,0.0320693,-6.04233,-4.46069
2005-03-14,2332.72,356,4.75392,0.613089,42.2008,3,-0.0264473,1.25263,0.0269552,-0.0798497,1.25263,0.496082,-6.35676,-1.93847
2005-03-15,2346.71,368,5.10009,1.41164,47.8322,3,0.703445,2.11983,1.33437,0.0725172,2.11983,2.74017,-6.57267,1.66467
2005-03-16,2362.36,375,5.41469,1.6177,55.9257,3,1.11556,2.11983,2.02068,0.210451,2.11983,5.8912,-6.16842,6.20296
2005-03-17,2386.47,372,6.37215,1.85651,64.5369,3,1.68954,2.02347,2.73326,0.645823,2.02347,9.24155,-5.23431,10.5296
2005-03-18,2374.46,368,6.66798,1.43687,71.0295,3,1.33204,1.54169,1.88368,0.780405,1.54169,11.1814,-3.68692,13.535
2005-03-21,2371.43,378,6.46234,1.32022,76.833,3,1.38781,1.25263,2.09058,0.685053,1.25263,13.5074,-2.31275,15.6383
2005-03-22,2371.43,379,6.46234,0.890756,80.1528,3,1.05884,0.722669,1.43552,0.682166,0.722669,14.9151,-1.05345,16.2911
2005-03-23,2361.78,403,6.5868,1.02124,83.1347,3,0.500791,1.54169,0.264875,0.736707,1.54169,15.1676,0.172482,17.7946
2005-03-24,2382.3,436,7.03753,1.89873,87.8762,3,0.521366,3.2761,0.100775,0.941957,3.2761,14.9177,1.46057,21.4979
2005-03-25,2382.3,436,7.03904,2.13216,91.8934,3,0.79552,3.46881,0.651502,0.939538,3.46881,14.6717,2.56466,24.6571
2005-03-28,2382.3,448,6.80889,2.18784,94.5216,3,0.810519,3.56517,0.789187,0.831851,3.56517,13.7459,3.13771,27.638
2005-03-29,2397.25,438,7.03698,2.1181,96.4359,3,1.201,3.03521,1.46975,0.932248,3.03521,13.1297,3.63863,29.6675
2005-03-30,2393.32,407,7.11965,0.849687,97.0834,3,1.33804,0.361334,1.7104,0.965681,0.361334,13.0006,4.24896,29.8339
2005-03-31,2376.48,393,7.71627,-0.638494,96.4499,3,0.626039,-1.90303,0.0218189,1.23026,-1.90303,12.5326,5.33753,28.5798
2005-04-01,2363.23,398,8.05182,-0.633143,95.736,3,0.395851,-1.66214,-0.576844,1.36855,-1.66214,11.624,6.57837,27.5336
2005-04-04,2365.98,419,8.03232,-0.39212,95.3154,3,0.444297,-1.22854,-0.458525,1.34712,-1.22854,10.8584,7.72789,26.7291
2005-04-05,2374.47,412,7.70298,-0.431631,95.2084,3,0.22074,-1.084,-0.749772,1.19125,-1.084,10.2999,8.60096,26.3075
2005-04-06,2369.67,404,7.77745,0.10647,95.3443,3,0.212941,0,-0.79147,1.21735,0,9.64597,9.40395,26.2944
2005-04-07,2362.28,400,7.83732,0.459865,95.7872,3,0.43795,0.481779,-0.362956,1.23886,0.481779,9.02371,10.023,26.7405
2005-04-08,2353.16,400,7.95124,0.395883,95.9362,3,0.550877,0.24089,-0.175283,1.27704,0.24089,8.45703,10.8498,26.6294
2005-04-11,2349.8,402,7.86939,-0.145113,95.2618,3,0.384265,-0.674491,-0.459485,1.22802,-0.674491,8.37947,12.0021,24.8803
2005-04-12,2331.95,400,8.06141,-0.310812,93.3965,3,-0.188022,-0.433601,-1.68627,1.31022,-0.433601,6.83135,13.6198,22.9454
2005-04-13,2335.4,398,7.66857,-0.11469,90.9917,3,-0.0848454,-0.144534,-1.29848,1.12879,-0.144534,4.82264,15.1278,21.0413
2005-04-14,2328.74,411,6.56585,0.177246,88.0917,3,-0.32,0.674491,-1.26927,0.629266,0.674491,2.00031,15.9595,20.1319
2005-04-15,2346.09,434,7.07534,1.09591,87.4301,3,0.409234,1.78258,-0.0368785,0.855347,1.78258,0.52234,16.1868,20.721
2005-04-18,2363.96,431,7.64023,1.28435,87.3591,3,1.02702,1.54169,0.949303,1.10473,1.54169,-0.368905,16.5325,21.1955
2005-04-19,2363.3,425,7.64011,1.38749,88.3184,3,1.42601,1.34898,1.75177,1.10025,1.34898,-0.119927,16.6022,21.8362
2005-04-20,2355.64,428,7.58928,1.37117,88.9625,3,1.15247,1.58987,1.22989,1.07505,1.58987,0.615812,16.6772,21.6695
2005-04-21,2344.45,405,7.00161,0.382671,85.9814,3,0.909876,-0.144534,1.01698,0.802768,-0.144534,1.37557,17.3597,17.2462
2005-04-22,2336.35,411,7.05668,-0.3226,80.084,3,0.318358,-0.963558,-0.174753,0.811469,-0.963558,0.765992,18.4412,10.8768
2005-04-25,2336.25,411,7.05591,-0.45862,72.2883,3,-0.0982153,-0.819024,-1.00756,0.81113,-0.819024,-0.809118,19.4929,3.60445
2005-04-26,2343.97,400,6.72423,-0.516952,63.2815,3,0.026011,-1.05991,-0.614475,0.666497,-1.05991,-2.79167,19.9973,-3.92415
2005-04-27,2342.56,402,6.72375,-0.467501,58.4452,3,0.17309,-1.10809,-0.323122,0.669302,-1.10809,-4.74973,19.9476,-6.75266
2005-04-28,2338.07,410,6.3538,0.31764,61.9731,3,0.249857,0.385423,-0.00590302,0.505618,0.385423,-4.73875,19.1112,-2.39933
2005-04-29,2344.87,406,6.22099,0.239686,65.1096,3,0.575728,-0.0963558,0.703802,0.447654,-0.0963558,-3.502,18.0735,0.538113
2005-05-02,2348.32,407,6.23211,0.30618,67.5478,3,0.662323,-0.0499623,0.870795,0.453851,-0.0499623,-2.24403,17.0847,2.70715
2005-05-03,2349.59,392,6.06735,0.106332,69.3769,3,0.472084,-0.25942,0.564099,0.380069,-0.25942,-1.02405,16.2065,4.19447
2005-05-04,2345.45,388,6.05954,-0.082775,68.7386,3,0.405173,-0.570723,0.433702,0.376644,-0.570723,0.0971819,15.4822,3.15928
2005-05-05,2337.08,389,6.08739,-0.291156,66.1515,3,0.317009,-0.899321,0.244719,0.3893,-0.899321,0.661722,14.8585,0.631324
2005-05-06,2338.44,380,5.96811,-0.494419,62.9837,3,0.160294,-1.14913,-0.0156405,0.336229,-1.14913,0.818243,14.1325,-1.96706
2005-05-09,2339.06,368,5.95641,-0.822045,60.5133,3,0.0903143,-1.7344,-0.150865,0.331494,-1.7344,1.11452,13.3775,-3.97871
2005-05-10,2339.06,384,5.27679,-0.165753,61.0467,3,-0.0906167,-0.24089,-0.206724,0.0254901,-0.24089,2.50663,12.1507,-3.61071
2005-05-11,2339.77,383,5.25406,-0.0410174,61.3167,3,0.0178897,-0.0999246,0.0205,0.0152793,-0.0999246,3.74643,11.0947,-3.52436
2005-05-12,2340.99,380,5.1381,-0.0415808,60.513,3,0.228142,-0.311303,0.479948,-0.0236644,-0.311303,5.40317,10.5002,-5.39038
2005-05-13,2344,381,4.4146,0.157121,57.0179,3,0.106706,0.207536,0.559181,-0.345769,0.207536,6.00474,9.42946,-8.41632
2005-05-16,2348.69,381,3.47974,0.410566,53.7139,3,-0.00901012,0.830142,0.752769,-0.77079,0.830142,5.84005,7.67785,-9.80395
2005-05-17,2347.25,389,3.48119,0.185483,49.1315,3,-0.0441046,0.415071,0.680998,-0.769207,0.415071,4.82638,5.90464,-11.5996
2005-05-18,2341.72,382,3.39613,-0.0543379,43.7166,3,-0.212444,0.103768,0.382088,-0.806975,0.103768,4.00109,4.09217,-14.3766
2005-05-19,2339.44,373,2.97574,-0.300196,41.1577,3,-0.392857,-0.207536,0.210192,-0.995907,-0.207536,3.22109,2.37314,-14.4366
2005-05-20,2336.99,367,2.72796,-0.575652,40.2183,3,-0.580582,-0.570723,-0.0569784,-1.10418,-0.570723,3.32626,0.559232,-13.6672
2005-05-23,2337,364,2.72789,-0.709471,39.2926,3,-0.692568,-0.726375,-0.284128,-1.10101,-0.726375,4.00133,-1.24431,-13.4645
2005-05-24,2329.05,370,2.69597,-0.84571,38.0886,3,-0.861277,-0.830142,-0.609231,-1.11332,-0.830142,3.99435,-2.91329,-12.9925
2005-05-25,2328.69,366,2.69443,-0.702965,37.2332,3,-0.73144,-0.674491,-0.3505,-1.11238,-0.674491,3.95938,-4.57704,-12.1492
2005-05-26,2329.35,347,2.63129,-0.929934,32.8143,3,-0.666538,-1.19333,-0.199638,-1.13344,-1.19333,3.7214,-6.02268,-14.8844
2005-05-27,2330.79,347,2.38908,-0.736258,29.5144,3,-0.616432,-0.856084,-0.00096877,-1.2319,-0.856084,3.0253,-7.4626,-16.0483
2005-05-30,2332.79,347,2.3382,-0.624991,26.5163,3,-0.575491,-0.674491,0.0983234,-1.24931,-0.674491,2.28423,-8.86475,-16.9032
2005-05-31,2332.79,353,2.31925,-0.526983,24.5695,3,-0.379475,-0.674491,0.489919,-1.24887,-0.674491,2.1902,-10.1943,-17.4265
2005-06-01,2338.89,356,2.48201,-0.246933,24.0777,3,-0.182562,-0.311303,0.807176,-1.1723,-0.311303,2.51176,-11.5241,-16.91
2005-06-02,2339.67,354,2.12695,0.155516,25.4283,3,-0.259691,0.570723,0.81071,-1.33009,0.570723,3.03799,-13.1584,-14.4512
2005-06-03,2336.65,349,2.16899,-0.0254015,26.8882,3,-0.362107,0.311303,0.585088,-1.3093,0.311303,3.60451,-14.7542,-11.9621
2005-06-06,2330.93,358,2.32711,0.129175,29.9725,3,-0.519909,0.778259,0.197991,-1.23781,0.778259,3.98292,-16.4321,-7.57832
2005-06-07,2330.93,361,2.32711,0.0514141,30.6986,3,-0.519779,0.622607,0.197991,-1.23755,0.622607,4.36707,-17.6447,-6.0238
2005-06-08,2331.38,353,2.32443,-0.303951,29.8205,3,-0.659786,0.0518839,-0.0812301,-1.23834,0.0518839,4.25612,-18.7137,-5.72194
2005-06-09,2347.83,351,3.4573,0.0163008,30.0128,3,-0.0192823,0.0518839,0.68964,-0.728205,0.0518839,4.45141,-19.3739,-5.06464
2005-06-10,2361.41,343,3.97982,0.195365,30.1402,3,0.494498,-0.103768,1.48345,-0.494452,-0.103768,5.29786,-19.5216,-5.63609
2005-06-13,2349.17,340,4.38793,-0.149243,28.3007,3,0.427888,-0.726375,1.16766,-0.311882,-0.726375,5.62358,-18.9242,-8.39864
2005-06-14,2345.6,335,4.41676,-0.396603,26.4471,3,0.348239,-1.14145,0.99546,-0.298982,-1.14145,5.84542,-18.3032,-11.0951
2005-06-15,2334.27,337,4.6707,-0.250958,25.8352,3,0.120692,-0.622607,0.426766,-0.185383,-0.622607,5.86312,-17.6799,-12.3481
2005-06-16,2330.33,333,4.69408,-0.548709,25.0725,3,-0.371044,-0.726375,-0.567168,-0.17492,-0.726375,5.14475,-16.8646,-13.2077
2005-06-17,2326.43,331,4.71443,-0.604091,24.986,3,-0.793111,-0.415071,-1.4204,-0.165818,-0.415071,3.93316,-16.0231,-12.9241
2005-06-20,2322.05,327,4.74971,-0.529773,25.5353,3,-0.592591,-0.466955,-1.03515,-0.150035,-0.466955,3.27919,-15.2348,-12.5091
2005-06-21,2319.11,323,4.62433,-0.509357,26.5802,3,-0.603643,-0.415071,-1.00116,-0.206127,-0.415071,2.94965,-14.522,-11.8475
2005-06-22,2314.89,332,4.65921,-0.238767,28.0571,3,-0.42565,-0.0518839,-0.660778,-0.190522,-0.0518839,2.69463,-13.8135,-10.8241
2005-06-23,2316.45,334,4.66771,-0.0134378,31.0843,3,-0.286295,0.25942,-0.385871,-0.186719,0.25942,2.56489,-13.1557,-8.32486
2005-06-24,2319.27,334,4.68774,0.125151,34.0519,3,-0.112886,0.363187,-0.0480138,-0.177759,0.363187,2.55241,-12.3374,-6.16308
2005-06-27,2320.29,331,4.677,0.21788,37.0547,3,0.0206897,0.415071,0.223942,-0.182562,0.415071,2.69523,-11.459,-4.18152
2005-06-28,2323.19,326,4.70743,0.268942,39.965,3,0.174696,0.363187,0.51834,-0.168948,0.363187,2.7419,-10.5238,-2.25309
2005-06-29,2327.9,327,4.66531,0.168225,41.5065,3,0.388334,-0.0518839,0.964968,-0.1883,-0.0518839,2.89978,-9.62452,-1.76873
2005-06-30,2331.81,331,4.71126,0.253955,41.8741,3,0.456027,0.0518839,1.0798,-0.167745,0.0518839,3.15666,-8.52942,-2.75316
2005-07-01,2324.22,324,4.82399,-0.0452145,41.8,3,0.220874,-0.311303,0.558932,-0.117183,-0.311303,3.13147,-7.39884,-3.93258
2005-07-04,2324.69,324,4.75611,0.0149591,41.3738,3,0.191796,-0.161878,0.5313,-0.147708,-0.161878,3.44461,-6.36113,-5.70965
2005-07-05,2324.69,325,4.75611,0.140506,41.7062,3,0.119135,0.161878,0.385978,-0.147708,0.161878,3.62477,-5.33258,-6.58598
2005-07-06,2338.17,329,5.20011,0.376915,44.2642,3,0.430074,0.323756,0.813162,0.0469855,0.323756,4.48915,-4.13077,-6.09415
2005-07-07,2338.86,330,4.52269,0.183341,44.8959,3,0.19806,0.168623,0.65329,-0.25717,0.168623,4.45781,-3.68552,-5.87639
2005-07-08,2332.7,319,4.00878,0.0290186,44.2669,3,0.114245,-0.0562076,0.7164,-0.487911,-0.0562076,3.72519,-3.67664,-5.7817
2005-07-11,2330.72,320,3.62822,-0.0154531,44.7727,3,-0.0309061,0,0.596966,-0.658778,0,3.18438,-4.00886,-4.40283
2005-07-12,2324.37,314,3.70249,-0.280696,45.2116,3,-0.167939,-0.393453,0.290452,-0.62633,-0.393453,2.51474,-4.32233,-2.98082
2005-07-13,2323.08,315,3.32187,-0.588825,43.934,3,-0.615574,-0.562076,-0.434825,-0.796324,-0.562076,1.69209,-4.89671,-2.86137
2005-07-14,2326.09,318,3.31811,-0.503442,44.1048,3,-0.557223,-0.449661,-0.316753,-0.797693,-0.449661,1.93054,-5.48986,-2.33583
2005-07-15,2329.4,318,3.30411,-0.0799642,46.09,3,-0.328551,0.168623,0.146705,-0.803808,0.168623,3.42748,-6.10897,-1.22848
2005-07-18,2332.07,320,3.24161,-0.00113869,48.1022,3,-0.227108,0.22483,0.377364,-0.831579,0.22483,4.77902,-6.76657,0.0897417
2005-07-19,2320.26,322,3.71957,0.208827,50.8426,3,-0.256837,0.674491,0.103506,-0.61718,0.674491,5.83448,-7.16082,2.16898
2005-07-20,2312.73,322,3.8461,0.11611,52.1961,3,-0.386063,0.618283,-0.211521,-0.560605,0.618283,6.26044,-7.5107,3.44637
2005-07-21,2312.73,319,3.83679,-0.0921377,51.8961,3,-0.465313,0.281038,-0.365724,-0.564902,0.281038,6.28047,-7.8724,3.48805
2005-07-22,2312.82,327,3.80665,0.0742857,51.7022,3,-0.554023,0.702595,-0.528757,-0.579289,0.702595,5.82233,-8.25601,4.13585
2005-07-25,2316.42,329,3.84951,0.0768526,51.1642,3,-0.520785,0.674491,-0.480454,-0.561117,0.674491,5.15122,-8.61851,4.63153
2005-07-26,2315.39,330,3.81857,0.181401,50.8302,3,-0.255482,0.618283,0.0655926,-0.576556,0.618283,4.71959,-9.00804,5.11865
2005-07-27,2316.93,326,3.74475,0.184317,50.8916,3,-0.0419252,0.41056,0.526041,-0.609891,0.41056,4.30074,-9.41019,6.00107
2005-07-28,2313.84,321,3.69281,0.0859084,50.2503,3,-0.13477,0.306587,0.363802,-0.633342,0.306587,3.61786,-9.85519,6.48761
2005-07-29,2311.43,316,3.54486,-0.361585,49.0428,3,-0.232631,-0.490539,0.233052,-0.698314,-0.490539,3.3066,-10.4088,6.145
2005-08-01,2308.49,314,3.55712,-0.56635,46.8273,3,-0.396892,-0.735808,-0.10234,-0.691445,-0.735808,2.69944,-10.9171,5.04495
2005-08-02,2308.42,308,3.55674,-0.76848,43.3851,3,-0.371931,-1.16503,-0.0532694,-0.690593,-1.16503,2.27263,-11.3939,2.50637
2005-08-03,2305.95,308,2.72375,-0.790887,39.0388,3,-0.662014,-0.91976,-0.259805,-1.06422,-0.91976,1.24323,-12.3474,0.142944
2005-08-04,2306.51,304,2.7213,-0.712319,35.7929,3,-0.566196,-0.858443,-0.0674201,-1.06497,-0.858443,0.559213,-12.9903,-1.776
2005-08-05,2307.4,298,2.64586,-0.709795,33.1895,3,-0.499831,-0.91976,0.0961883,-1.09585,-0.91976,-0.0196101,-13.4336,-3.35729
2005-08-08,2307.69,305,2.65363,-0.375881,31.9474,3,-0.414516,-0.337245,0.258404,-1.08744,-0.337245,-0.331102,-13.7604,-3.96112
2005-08-09,2308.3,302,2.52954,-0.272793,31.9744,3,-0.422951,-0.122635,0.291266,-1.13717,-0.122635,-0.330392,-14.2322,-3.46303
2005-08-10,2305.63,297,2.5451,-0.426134,32.5329,3,-0.423047,-0.429221,0.280897,-1.12699,-0.429221,0.329153,-14.5703,-3.22595
2005-08-11,2299.75,300,2.57622,-0.29132,33.2669,3,-0.58264,0,-0.0534883,-1.11179,0,0.573708,-14.9035,-2.40325
2005-08-12,2313.52,310,3.41251,0.45988,35.1637,3,-0.0613176,0.981077,0.61721,-0.739845,0.981077,1.01599,-14.9464,-0.905937
2005-08-15,2308.38,302,3.42728,-0.069194,34.9224,3,-0.199705,0.0613173,0.331918,-0.731329,0.0613173,0.972856,-14.8408,-1.20962
2005-08-16,2308.38,304,2.9739,0.0272412,34.2816,3,-0.313422,0.367904,0.299556,-0.926399,0.367904,1.15276,-15.0947,-1.77641
2005-08-17,2301.74,301,2.92703,0.032235,33.9872,3,-0.426069,0.490539,0.090562,-0.942699,0.490539,1.4318,-15.4331,-2.01155
2005-08-18,2303.2,302,2.94249,0.0698226,34.5566,3,-0.228259,0.367904,0.477154,-0.933672,0.367904,2.21836,-15.8076,-1.85416
2005-08-19,2307.45,306,3.03085,-0.228275,33.4957,3,-0.456549,0,-0.0205441,-0.892554,0,2.68041,-16.0364,-3.1483
2005-08-22,2309.83,303,2.99803,0.006998,33.2526,3,-0.261932,0.275928,0.37423,-0.898094,0.275928,3.46868,-16.3332,-3.88289
2005-08-23,2304.26,303,3.10402,-0.11394,32.2326,3,-0.381174,0.153293,0.081422,-0.843769,0.153293,3.46908,-16.5126,-4.72393
2005-08-24,2302.59,308,3.08939,0.196476,32.2743,3,-0.250881,0.643832,0.342852,-0.844613,0.643832,3.30085,-16.7318,-4.29478
2005-08-25,2305.05,309,3.10144,0.211824,32.7078,3,-0.220183,0.643832,0.395449,-0.835815,0.643832,3.33593,-16.9484,-3.67969
2005-08-26,2305.87,304,3.09019,-0.109888,33.5814,3,-0.311751,0.091976,0.215117,-0.838619,0.091976,3.33072,-17.1363,-2.61298
2005-08-29,2306.71,303,3.06374,-0.0707322,35.3274,3,-0.356075,0.214611,0.135291,-0.847441,0.214611,3.57291,-17.3881,-0.857352
2005-08-30,2305.15,305,3.07209,0.0457061,38.2623,3,-0.245833,0.337245,0.351281,-0.842947,0.337245,3.98425,-17.6821,1.96017
2005-08-31,2304.3,307,3.05183,-0.0366071,41.0432,3,-0.226508,0.153293,0.39763,-0.850645,0.153293,4.63127,-17.591,4.00297
2005-09-01,2302.78,305,3.05772,-0.165782,43.0876,3,-0.331565,0,0.183724,-0.846853,0,4.88581,-17.4451,5.64693
2005-09-02,2298.85,302,3.10529,-0.16292,45.152,3,-0.448474,0.122635,-0.0715565,-0.825392,0.122635,4.73873,-17.2326,7.64592
2005-09-05,2295.31,302,3.13931,-0.188597,45.8623,3,-0.561146,0.183952,-0.312691,-0.809602,0.183952,4.19795,-16.9796,8.64395
2005-09-06,2295.31,295,3.13475,-0.443041,45.2166,3,-0.518177,-0.367904,-0.228669,-0.807685,-0.367904,3.70046,-16.6556,8.17174
2005-09-07,2286.61,283,3.3642,-0.957959,43.2083,3,-0.689571,-1.22635,-0.669873,-0.70927,-1.22635,2.78853,-16.218,6.63777
2005-09-08,2279.95,277,3.39716,-1.14892,40.0086,3,-0.826231,-1.47162,-0.956692,-0.695769,-1.47162,1.91976,-15.732,3.82083
2005-09-09,2289.3,275,2.96594,-0.973079,34.8186,3,-0.53586,-1.4103,-0.201768,-0.869952,-1.4103,1.13005,-15.6268,-0.684703
2005-09-12,2305.09,271,3.88948,-0.730252,32.5105,3,0.195064,-1.65557,0.878557,-0.48843,-1.65557,1.62455,-15.2676,-3.84644
2005-09-13,2306.71,272,3.89917,-0.461761,30.8448,3,0.241507,-1.16503,0.964692,-0.481678,-1.16503,2.22205,-14.7505,-6.62673
2005-09-14,2295.02,266,4.18013,-0.289402,29.77,3,0.218322,-0.797125,0.796643,-0.36,-0.797125,2.85413,-14.1445,-8.93965
2005-09-15,2290.02,265,4.22958,-0.104175,29.1958,3,0.282189,-0.490539,0.890544,-0.326165,-0.490539,3.22152,-13.5519,-10.4739
2005-09-16,2299.82,258,4.47245,-0.225478,29.205,3,0.34617,-0.797125,0.911741,-0.219401,-0.797125,4.06878,-12.9408,-11.923
2005-09-19,2301.99,251,4.46944,-0.508191,27.5355,3,-0.0353044,-0.981077,0.146092,-0.216701,-0.981077,3.82691,-12.2114,-14.0801
2005-09-20,2295.57,251,4.49658,-0.647565,25.8573,3,-0.252735,-1.04239,-0.303417,-0.202053,-1.04239,3.44555,-11.5172,-16.0711
2005-09-21,2300.58,242,4.56832,-0.497073,23.758,3,0.232201,-1.22635,0.635043,-0.170641,-1.22635,3.65397,-10.763,-19.133
2005-09-22,2291.05,249,4.77102,-0.29491,22.2854,3,0.145988,-0.735808,0.377032,-0.0850569,-0.735808,3.59767,-9.99167,-21.3206
2005-09-23,2292.59,243,4.77814,-0.379318,21.5241,3,-0.0841457,-0.674491,-0.0870565,-0.0812348,-0.674491,3.31457,-9.27612,-22.5143
2005-09-26,2290.03,237,4.78022,-0.414265,20.5756,3,-0.215357,-0.613173,-0.352486,-0.0782275,-0.613173,2.86988,-8.54226,-23.752
2005-09-27,2289.18,235,4.7788,-0.396302,19.3925,3,-0.0567968,-0.735808,-0.0373592,-0.0762345,-0.735808,2.50959,-7.80057,-25.3165
2005-09-28,2290.74,238,4.79269,-0.074694,19.2925,3,-0.149388,0,-0.22933,-0.069446,0,1.97618,-7.13149,-25.5522
2005-09-29,2293.29,231,4.81604,-0.330709,18.8633,3,0.197026,-0.858443,0.453245,-0.0591937,-0.858443,2.19533,-6.43758,-26.8945
2005-09-30,2289.61,240,4.81195,0.0556039,19.4333,3,0.0498905,0.0613173,0.157483,-0.0577022,0.0613173,2.40166,-5.8219,-27.1465
2005-10-03,2288.22,236,4.78883,0.132495,20.2897,3,0.0810388,0.183952,0.22413,-0.0620527,0.183952,2.87953,-5.22888,-27.361
2005-10-04,2289.13,245,4.79261,0.496222,22.9209,3,0.134002,0.858443,0.324062,-0.0560589,0.858443,3.42544,-4.68683,-25.8177
2005-10-05,2289.79,252,4.59378,0.588645,27.6429,3,0.073577,1.10371,0.272987,-0.125833,1.10371,4.3828,-4.30863,-22.4313
2005-10-06,2294.12,289,4.49511,1.9554,38.3432,3,0.109124,3.80168,0.373934,-0.155685,3.80168,5.8257,-3.98903,-13.4934
2005-10-07,2302.79,277,4.46065,1.48334,47.5496,3,0.452659,2.51401,1.07295,-0.167633,2.51401,7.12304,-3.37526,-6.19817
2005-10-10,2303.01,277,3.72232,1.55419,56.2418,3,0.349105,2.75928,1.16164,-0.463428,2.75928,7.36733,-3.33979,2.21427
2005-10-11,2303.01,281,3.71194,1.38622,63.0776,3,0.319739,2.45269,1.10203,-0.462549,2.45269,7.39111,-3.27432,8.96077
2005-10-12,2299.94,303,3.25231,1.74642,70.1488,3,0.120396,3.37245,0.890847,-0.650055,3.37245,7.27808,-3.45061,16.3214
2005-10-13,2299.47,308,3.14167,0.686952,72.7203,3,-0.0363953,1.4103,0.620783,-0.693574,1.4103,6.93656,-3.73407,19.5178
2005-10-14,2298.99,311,2.75116,0.978786,76.4113,3,-0.372487,2.33006,0.101874,-0.846847,2.33006,6.06137,-4.19649,24.5464
2005-10-17,2294.75,295,2.79963,0.431437,79.0884,3,-0.486107,1.34898,-0.150952,-0.821262,1.34898,5.67908,-4.6282,28.0375
2005-10-18,2294.75,293,2.62076,0.230038,81.4194,3,-0.521001,0.981077,-0.151519,-0.890482,0.981077,5.68546,-5.10833,30.8423
2005-10-19,2288.69,286,2.64353,-0.69877,80.8985,3,-0.600415,-0.797125,-0.323016,-0.877814,-0.797125,4.90464,-5.73241,31.7262
2005-10-20,2283.96,278,2.32053,-1.18944,78.482,3,-0.78463,-1.59425,-0.564092,-1.00517,-1.59425,4.1987,-6.65247,30.9358
2005-10-21,2289.15,288,2.4611,-0.878193,77.0607,3,-0.591356,-1.16503,-0.237144,-0.945568,-1.16503,4.11505,-7.48284,30.4285
2005-10-24,2288.69,283,2.43095,-0.488479,76.8448,3,-0.48642,-0.490539,-0.0200773,-0.952763,-0.490539,4.41262,-8.26028,30.6925
2005-10-25,2285.37,267,2.48085,-0.958892,75.1723,3,-0.568802,-1.34898,-0.210065,-0.927538,-1.34898,4.31231,-9.11266,29.9726
2005-10-26,2284.05,263,2.46961,-0.799888,72.9247,3,-0.434746,-1.16503,0.0587018,-0.928194,-1.16503,4.63227,-10.0134,28.3058
2005-10-27,2288.52,270,2.54358,-0.199738,73.338,3,-0.154208,-0.245269,0.584829,-0.893244,-0.245269,4.73883,-10.7361,29.3353
2005-10-28,2289.87,267,2.49048,-0.657732,71.0491,3,-0.27307,-1.04239,0.364145,-0.910285,-1.04239,4.98735,-11.648,27.7097
2005-10-31,2289.57,261,2.48066,-0.687071,68.3108,3,-0.27043,-1.10371,0.373333,-0.914193,-1.10371,5.18979,-12.5838,25.7048
2005-11-01,2287.51,259,2.49783,-0.238031,65.7687,3,-0.230793,-0.245269,0.445779,-0.907365,-0.245269,5.35532,-13.5017,23.915
2005-11-02,2285.83,258,2.50662,-0.150334,63.136,3,-0.239351,-0.0613173,0.425164,-0.903867,-0.0613173,5.54399,-14.3467,21.9387
2005-11-03,2285.24,258,2.39557,-0.448667,54.199,3,-0.406796,-0.490539,0.13444,-0.948031,-0.490539,5.4096,-15.3439,14.1333
2005-11-04,2283.78,256,1.88409,-0.508568,46.608,3,-0.587915,-0.429221,-0.0243967,-1.15143,-0.429221,4.36724,-16.2914,8.53218
2005-11-07,2282.76,253,1.87442,-0.42792,39.1748,3,-0.610571,-0.245269,-0.0658663,-1.15528,-0.245269,3.16138,-16.7601,2.77355
2005-11-08,2282.76,257,1.87442,-0.215021,33.4339,3,-0.552677,0.122635,0.0499218,-1.15528,0.122635,2.132,-17.1085,-1.58962
2005-11-09,2282.67,253,1.84884,-0.287343,26.6792,3,-0.513368,-0.0613173,0.138716,-1.16545,-0.0613173,1.38931,-17.0184,-7.6917
2005-11-10,2280.94,263,1.85243,0.0018382,24.5697,3,-0.54818,0.551856,0.0676623,-1.16402,0.551856,0.881713,-17.2058,-9.10615
2005-11-11,2280.19,263,1.85124,0.0718626,21.921,3,-0.530765,0.674491,0.102965,-1.1645,0.674491,0.865475,-17.1458,-11.7986
2005-11-14,2280.19,257,1.77582,-0.0138482,20.6831,3,-0.518235,0.490539,0.158016,-1.19449,0.490539,1.12157,-17.2889,-13.1495
2005-11-15,2280.19,257,1.77582,-0.136483,19.6959,3,-0.518235,0.245269,0.158016,-1.19449,0.245269,1.37482,-17.3945,-14.2844
2005-11-16,2280.43,261,1.55229,0.0913644,21.8598,3,-0.553079,0.735808,0.177221,-1.28338,0.735808,1.83424,-18.0754,-11.899
2005-11-17,2278.23,261,1.41787,-0.236363,24.6435,3,-0.595361,0.122635,0.146114,-1.33684,0.122635,2.50069,-18.7464,-9.11073
2005-11-18,2277.99,254,1.10089,-0.475069,25.8757,3,-0.643552,-0.306587,0.175785,-1.46289,-0.306587,2.88912,-19.3596,-7.65381
2005-11-21,2277.73,252,1.10178,-0.356135,26.2871,3,-0.650952,-0.0613173,0.160633,-1.46254,-0.0613173,3.05805,-19.8649,-6.90608
2005-11-22,2276.64,250,1.01018,-0.445427,27.9141,3,-0.706901,-0.183952,0.0851583,-1.49896,-0.183952,3.35366,-20.5702,-4.86934
2005-11-23,2278.48,245,1.05847,-0.695951,28.2494,3,-0.656094,-0.735808,0.167569,-1.47976,-0.735808,3.45826,-21.1067,-4.10221
2005-11-24,2277.92,245,0.719715,-0.705965,26.6352,3,-0.676123,-0.735808,0.262228,-1.61447,-0.735808,3.13753,-21.5589,-4.94336
2005-11-25,2277.92,244,0.658213,-0.525796,27.0514,3,-0.683687,-0.367904,0.271556,-1.63893,-0.367904,3.06214,-22.2665,-3.74422
2005-11-28,2275.4,245,0.720715,-0.463055,27.7653,3,-0.737879,-0.18823,0.138316,-1.61408,-0.18823,2.86278,-22.9888,-2.10864
2005-11-29,2273.08,243,0.734856,-0.482058,26.9881,3,-0.771403,-0.192712,0.0656446,-1.60845,-0.192712,2.50881,-23.5159,-2.0049
2005-11-30,2274.04,243,0.761772,-0.331728,26.4174,3,-0.791931,0.128474,0.0138867,-1.59775,0.128474,2.13233,-24.0564,-1.65849
2005-12-01,2274.71,237,0.786671,-0.503832,26.2451,3,-0.750715,-0.256949,0.0864153,-1.58785,-0.256949,2.08716,-24.6028,-1.23925
2005-12-02,2272.95,235,0.797343,-0.560861,26.0823,3,-0.800536,-0.321186,-0.0174697,-1.5836,-0.321186,2.09125,-24.9638,-1.04511
2005-12-05,2274.39,238,0.850203,-0.43411,26.0631,3,-0.675508,-0.192712,0.20922,-1.56024,-0.192712,2.33655,-25.3223,-0.951152
2005-12-06,2274.1,241,0.84775,-0.244385,25.9719,3,-0.617244,0.128474,0.326722,-1.56121,0.128474,2.58216,-25.6701,-0.940191
2005-12-07,2274.19,241,0.850073,-0.257489,26.0646,3,-0.643452,0.128474,0.273383,-1.56029,0.128474,2.70387,-26.0374,-0.601901
2005-12-08,2274.06,248,0.823506,0.144336,26.5093,3,-0.674887,0.963558,0.221063,-1.57084,0.963558,2.84857,-26.4727,0.133473
2005-12-09,2274.06,243,0.822361,0.0726317,26.5117,3,-0.625583,0.770847,0.320125,-1.57129,0.770847,3.04299,-26.8373,0.305972
2005-12-12,2275.09,241,0.847515,-0.0860226,26.286,3,-0.632673,0.460628,0.29534,-1.56069,0.460628,3.16156,-27.1277,0.252078
2005-12-13,2275.47,238,0.8525,-0.273267,25.8609,3,-0.613982,0.0674491,0.330743,-1.55871,0.0674491,3.30719,-27.3807,-0.0656449
2005-12-14,2275.33,239,0.84913,-0.243541,24.8353,3,-0.621981,0.134898,0.316083,-1.56005,0.134898,3.40814,-27.4434,-1.12951
2005-12-15,2275.45,239,0.788154,-0.482246,24.0963,3,-0.627247,-0.337245,0.329755,-1.58425,-0.337245,3.55266,-27.5222,-1.93416
2005-12-16,2276.7,241,0.816992,-0.224765,24.8487,3,-0.584427,0.134898,0.403947,-1.5728,0.134898,3.77316,-27.7623,-1.16219
2005-12-19,2277.85,241,0.837664,-0.153396,25.4671,3,-0.576587,0.269796,0.411422,-1.5646,0.269796,4.01159,-27.9664,-0.57804
2005-12-20,2286.83,240,1.61006,0.120523,27.2352,3,-0.163648,0.404694,0.930721,-1.25802,0.404694,4.81535,-28.0542,0.473993
2005-12-21,2286.46,235,1.60012,-0.0871386,29.2029,3,-0.174277,0,0.911928,-1.26048,0,5.54352,-28.1569,1.81624
2005-12-22,2285.61,236,1.60514,-0.0680191,31.3331,3,-0.203487,0.0674491,0.849435,-1.25641,0.0674491,6.13905,-28.1153,3.30936
2005-12-23,2283.47,241,1.65194,-0.00910548,33.1057,3,-0.294925,0.276714,0.64475,-1.2346,0.276714,6.5297,-27.9501,4.52607
2005-12-26,2282.36,241,1.60473,-0.0410998,34.5821,3,-0.373871,0.291672,0.50273,-1.25047,0.291672,6.9044,-27.7656,5.44335
2005-12-27,2282.36,242,1.54561,-0.111666,35.8979,3,-0.66084,0.437508,-0.0484138,-1.27327,0.437508,6.82827,-27.5748,6.64438
2005-12-28,2283.11,243,1.54421,0.101284,37.4575,3,-0.627575,0.830142,0.0144643,-1.26961,0.830142,6.86049,-27.3949,7.99183
2005-12-29,2282.35,241,1.55509,0.00188873,39.3051,3,-0.618829,0.622607,0.0200169,-1.25768,0.622607,6.8303,-27.213,9.68777
2005-12-30,2284.22,244,1.52975,-0.00396356,41.3677,3,-0.492177,0.48425,0.268872,-1.25323,0.48425,7.13089,-27.0178,11.2547
2006-01-02,2284.22,244,1.52506,0.0164254,43.0543,3,-0.451399,0.48425,0.33901,-1.24181,0.48425,7.27417,-26.7915,12.5717
2006-01-03,2284.22,240,1.52193,-0.15563,43.3882,3,-0.449617,0.138357,0.33901,-1.23824,0.138357,7.28935,-26.4977,12.5965
2006-01-04,2282.27,238,1.56848,-0.297566,43.2374,3,-0.522215,-0.0729179,0.170678,-1.21511,-0.0729179,7.19025,-26.1642,12.2113
2006-01-05,2282.13,237,1.56856,-0.251085,41.755,3,-0.50217,0,0.209516,-1.21386,0,7.16226,-25.7639,10.3567
2006-01-06,2279.99,227,1.61721,-0.796135,38.5417,3,-0.618006,-0.974264,-0.0417619,-1.19425,-0.974264,6.77279,-25.233,7.00192
2006-01-09,2278.4,226,1.63819,-0.855842,35.7579,3,-0.662476,-1.04921,-0.141946,-1.18301,-1.04921,6.31105,-24.681,4.12783
2006-01-10,2278.4,221,1.63799,-0.891686,33.5745,3,-0.659221,-1.12415,-0.140864,-1.17758,-1.12415,5.82626,-24.1405,1.88877
2006-01-11,2276.58,215,1.66619,-1.03471,30.8608,3,-0.645496,-1.42392,-0.127651,-1.16334,-1.42392,5.35422,-23.5053,-0.988066
2006-01-12,2274.73,217,1.69257,-0.944581,29.3209,3,-0.690068,-1.19909,-0.227866,-1.15227,-1.19909,4.80767,-22.9388,-2.54789
2006-01-13,2274.59,216,1.67937,-0.576006,28.1754,3,-0.627409,-0.524604,-0.0977772,-1.15704,-0.524604,4.32539,-22.4254,-3.72459
2006-01-16,2273.31,216,1.67564,-0.532822,26.9628,3,-0.615984,-0.449661,-0.0740705,-1.1579,-0.449661,3.86002,-21.9067,-4.99052
2006-01-17,2273.31,216,0.740107,-0.434608,25.237,3,-0.794273,-0.0749434,-0.074415,-1.51413,-0.0749434,2.92633,-21.9003,-5.78903
2006-01-18,2270.88,212,0.786856,-0.36513,24.3951,3,-0.805203,0.0749434,-0.114752,-1.49566,0.0749434,2.00331,-21.9842,-5.62398
2006-01-19,2271.55,203,0.818456,-0.733384,22.4433,3,-0.717334,-0.749434,0.0444558,-1.47912,-0.749434,1.27418,-21.865,-6.96585
2006-01-20,2269.7,202,0.807105,-0.761321,20.3474,3,-0.773208,-0.749434,-0.0672373,-1.47918,-0.749434,0.643159,-21.6953,-8.6004
2006-01-23,2269.41,203,0.806307,-0.705958,18.5959,3,-0.737424,-0.674491,-0.00266065,-1.47219,-0.674491,0.20746,-21.5264,-10.0851
2006-01-24,2262.04,200,1.31827,-0.878737,16.6953,3,-0.882459,-0.875015,-0.492254,-1.27266,-0.875015,-0.1626,-21.0948,-12.0472
2006-01-25,2262.87,197,1.32133,-0.748665,14.7413,3,-0.770956,-0.726375,-0.276783,-1.26513,-0.726375,-0.393241,-20.5954,-14.2701
2006-01-26,2273.5,196,2.25168,-0.200542,14.2995,3,-0.262726,-0.138357,0.382554,-0.908006,-0.138357,-0.100795,-20.195,-15.4047
2006-01-27,2270.85,194,2.24345,-0.249168,13.7764,3,-0.290801,-0.207536,0.321811,-0.903413,-0.207536,-0.0580072,-19.7721,-16.3935
2006-01-30,2266.66,194,2.3063,-0.34433,13.0308,3,-0.411946,-0.276714,0.0545671,-0.87846,-0.276714,-0.280971,-19.2744,-17.4139
2006-01-31,2265.65,200,2.30183,0.0758864,13.506,3,-0.19412,0.345893,0.4855,-0.87374,0.345893,-0.166979,-19.1203,-17.2068
2006-02-01,2267.63,195,2.33883,0.0369986,14.2135,3,-0.144757,0.218754,0.565624,-0.855137,0.218754,0.147079,-19.0223,-16.9113
2006-02-02,2267.39,194,2.33823,-0.145512,14.4419,3,-0.515855,0.22483,-0.177913,-0.853797,0.22483,-0.163128,-18.7922,-16.6028
2006-02-03,2266.07,194,2.32923,-0.0671366,16.086,3,-0.471519,0.337245,-0.0882273,-0.85481,0.337245,-0.204573,-18.907,-14.8025
2006-02-06,2265.22,191,2.32485,-0.139754,17.8155,3,-0.354452,0.0749434,0.142486,-0.85139,0.0749434,0.028815,-18.9987,-13.2146
2006-02-07,2259.64,190,2.44573,-0.468429,18.8909,3,-0.487198,-0.449661,-0.171612,-0.802784,-0.449661,0.00318792,-18.8909,-12.2214
2006-02-08,2256.57,181,2.46547,-0.703562,19.7596,3,-0.65769,-0.749434,-0.520513,-0.794866,-0.749434,-0.330999,-18.7342,-11.1752
2006-02-09,2259.07,183,2.52069,-0.538386,20.8575,3,-0.552168,-0.524604,-0.330333,-0.774003,-0.524604,-0.42229,-18.5938,-10.1264
2006-02-10,2256.95,169,2.52681,-1.07626,19.5104,3,-0.578705,-1.57381,-0.386229,-0.771181,-1.57381,-0.662019,-18.0422,-11.7854
2006-02-13,2253.1,167,2.56954,-1.06775,18.1301,3,-0.674108,-1.4614,-0.593193,-0.755024,-1.4614,-1.08775,-17.4615,-13.3207
2006-02-14,2254.03,167,2.58319,-0.893071,16.9971,3,-0.43716,-1.34898,-0.13006,-0.744259,-1.34898,-1.12067,-16.6143,-15.268
2006-02-15,2254.98,168,2.58812,-0.444879,16.8047,3,-0.290211,-0.599547,0.154405,-0.734826,-0.599547,-0.896095,-15.9506,-16.3486
2006-02-16,2253.68,169,2.57772,-0.548971,17.2516,3,-0.42345,-0.674491,-0.110309,-0.736592,-0.674491,-1.02893,-15.4139,-16.3056
2006-02-17,2254.11,172,2.58071,0.134168,19.5283,3,-0.331212,0.599547,0.0704031,-0.732826,0.599547,-0.936095,-15.1399,-14.3957
2006-02-20,2253.89,172,2.58107,0.273383,22.2167,3,-0.202668,0.749434,0.323707,-0.729043,0.749434,-0.67451,-14.8495,-12.2593
2006-02-21,2253.89,169,2.34189,0.12067,25.166,3,-0.283263,0.524604,0.248743,-0.81527,0.524604,-0.0313932,-14.7636,-10.0391
2006-02-22,2253.42,168,2.33294,0.0203941,27.5689,3,-0.333929,0.374717,0.142736,-0.810594,0.374717,0.345988,-14.5728,-8.20428
2006-02-23,2251.78,160,1.45081,-0.401926,26.929,3,-0.504078,-0.299774,0.118417,-1.12657,-0.299774,0.10769,-14.7151,-8.46366
2006-02-24,2249.9,162,1.43471,-0.481928,26.1987,3,-0.58914,-0.374717,-0.0495346,-1.12875,-0.374717,-0.22454,-14.8516,-8.72514
2006-02-27,2246.18,153,1.41158,-0.881168,24.5539,3,-0.713128,-1.04921,-0.299178,-1.12708,-1.04921,-0.534821,-14.9134,-9.99789
2006-02-28,2247.32,156,1.45227,-0.627868,22.4847,3,-0.656189,-0.599547,-0.206372,-1.10601,-0.599547,-1.12916,-14.8919,-11.4942
2006-03-01,2245.71,150,1.37401,-0.840785,20.048,3,-0.707305,-0.974264,-0.285979,-1.12863,-0.974264,-1.83265,-14.8231,-13.2962
2006-03-02,2247.48,148,1.44173,-0.54233,19.0006,3,-0.560056,-0.524604,-0.0327632,-1.08735,-0.524604,-1.69211,-14.8752,-14.432
2006-03-03,2251.45,146,1.63852,-0.563477,17.7389,3,-0.302576,-0.824378,0.397521,-1.00267,-0.824378,-1.26555,-14.8095,-16.186
2006-03-06,2256.17,152,1.84914,0.173408,18.5287,3,0.0470433,0.299774,1.01623,-0.922141,0.299774,-0.541334,-14.9899,-15.9401
2006-03-07,2259.12,168,1.71607,0.683414,21.6169,3,0.0927907,1.27404,1.14828,-0.962694,1.27404,0.584451,-15.5546,-13.4129
2006-03-08,2258.11,174,1.65031,1.14118,27.1361,3,0.108993,2.17336,1.1928,-0.974811,2.17336,2.1466,-16.3247,-8.68574
2006-03-09,2254.55,174,1.69339,1.10537,32.5838,3,-0.0750243,2.28577,0.798143,-0.948192,2.28577,3.2461,-16.9279,-3.73442
2006-03-10,2257.67,169,1.74076,0.960156,39.8743,3,-0.103161,2.02347,0.720812,-0.927134,2.02347,4.36512,-17.4617,2.97088
2006-03-13,2265.15,169,1.97654,0.800508,46.8972,3,0.027204,1.57381,0.896079,-0.841671,1.57381,5.82827,-17.7183,8.78715
2006-03-14,2263.46,174,2.00776,0.309823,51.485,3,-0.129788,0.749434,0.567728,-0.827305,0.749434,6.4985,-17.8113,12.7978
2006-03-15,2262.41,168,2.01989,-0.137457,52.6567,3,-0.125026,-0.149887,0.57217,-0.822223,-0.149887,6.89354,-17.8856,13.6488
2006-03-16,2259.53,172,2.06839,0.0295017,54.8546,3,-0.0908835,0.149887,0.620711,-0.802478,0.149887,7.5774,-17.9172,15.1945
2006-03-17,2258.01,171,2.08763,0.0950566,54.7064,3,-0.259547,0.449661,0.27565,-0.794744,0.449661,7.77393,-17.9789,14.9113
2006-03-20,2257.01,173,2.09526,0.0156161,53.7281,3,-0.568315,0.599547,-0.345704,-0.790926,0.599547,7.14285,-18.0535,14.6387
2006-03-21,2257.01,174,2.09526,-0.103255,52.8763,3,-0.506284,0.299774,-0.223172,-0.789395,0.299774,6.69716,-18.0395,14.2186
2006-03-22,2259.19,173,2.11596,0.144806,53.3497,3,-0.384879,0.674491,0.00989968,-0.779658,0.674491,6.56848,-18.0044,14.7857
2006-03-23,2263.31,173,2.17202,0.13066,55.3702,3,-0.113398,0.374717,0.533776,-0.760572,0.374717,6.95143,-17.6228,16.0415
2006-03-24,2265.49,176,2.14588,0.34741,58.4869,3,0.0203289,0.674491,0.810126,-0.769468,0.674491,7.73359,-17.2017,17.955
2006-03-27,2266.95,173,2.01273,0.194978,62.4502,3,0.0901827,0.299774,0.995169,-0.814804,0.299774,8.8787,-16.7539,20.3254
2006-03-28,2268.35,168,2.01345,-0.00300895,64.6954,3,0.143869,-0.149887,1.09974,-0.811997,-0.149887,10.0359,-16.3662,21.0257
2006-03-29,2276.08,167,2.21349,0.11385,68.0267,3,0.377587,-0.149887,1.49797,-0.742795,-0.149887,11.5526,-15.8067,22.2808
2006-03-30,2286.73,168,2.6299,0.3001,70.8512,3,0.675144,-0.0749434,1.95306,-0.602776,-0.0749434,13.2049,-15.1593,22.8056
2006-03-31,2289.98,174,2.61708,0.427719,74.0172,3,0.705551,0.149887,2.01823,-0.607125,0.149887,14.4157,-14.5364,24.1379
2006-04-03,2293.38,171,2.58734,0.458942,74.8952,3,0.767997,0.149887,2.15321,-0.617221,0.149887,15.3432,-14.184,23.7359
2006-04-04,2296.18,169,2.58535,0.595076,74.6252,3,0.815435,0.374717,2.24876,-0.617895,0.374717,16.3485,-13.9027,22.1795
2006-04-05,2288.67,174,2.93911,0.571034,72.8471,3,0.31769,0.824378,1.12887,-0.493489,0.824378,16.4709,-13.6232,19.9994
2006-04-06,2294.99,177,2.90158,0.566455,71.1111,3,0.158646,0.974264,0.817923,-0.500631,0.974264,16.6471,-13.3481,17.8121
2006-04-07,2313.05,182,3.81001,0.868181,70.8097,3,0.837041,0.899321,1.86251,-0.188423,0.899321,17.7103,-12.6977,15.7971
2006-04-10,2342.35,190,5.5251,1.87769,74.2442,3,2.03169,1.7237,3.6697,0.393678,1.7237,19.8374,-11.3505,15.7573
2006-04-11,2352.58,190,5.5254,2.03524,79.2742,3,2.19689,1.87359,4,0.393781,1.87359,22.0525,-9.88481,17.1066
2006-04-12,2336.26,189,6.32271,1.77321,84.1048,3,2.12249,1.42392,3.5806,0.664385,1.42392,23.4463,-8.19403,18.8526
2006-04-13,2335.16,188,6.28049,1.48838,87.2513,3,1.8526,1.12415,3.05515,0.650056,1.12415,24.3749,-6.7157,19.5922
2006-04-14,2335.16,188,6.25201,0.97967,88.9333,3,1.20991,0.749434,1.77942,0.64039,0.749434,24.8575,-5.44041,19.5163
2006-04-17,2335.16,196,6.23401,0.465214,89.7244,3,0.180994,0.749434,-0.272294,0.634282,0.749434,24.5559,-4.29271,19.4612
2006-04-18,2366.15,181,7.40345,0.385108,90.5363,3,1.10746,-0.337245,1.18555,1.02938,-0.337245,25.2063,-2.88119,18.2111
2006-04-19,2349.03,165,8.14772,-0.107848,90.1224,3,1.20823,-1.42392,1.13592,1.28054,-1.42392,26.2556,-1.3709,15.2376
2006-04-20,2344.73,161,8.25783,-0.26737,89.4437,3,1.11402,-1.64876,0.911066,1.31696,-1.64876,26.8822,0.178681,12.3828
2006-04-21,2336.1,161,8.47989,-0.400845,88.0778,3,0.847065,-1.64876,0.302554,1.39158,-1.64876,27.1351,1.85253,9.09016
2006-04-24,2337.42,160,8.48104,-0.715209,86.254,3,0.892828,-2.32325,0.395839,1.38982,-2.32325,27.42,3.65547,5.17848
2006-04-25,2332.99,159,8.56352,-0.808661,84.4881,3,-0.343285,-1.27404,-2.10061,1.41404,-1.27404,25.4642,5.5512,3.47271
2006-04-26,2348.49,159,8.73761,0.379932,85.0872,3,0.834808,-0.0749434,0.19694,1.47268,-0.0749434,24.2228,7.29691,3.5675
2006-04-27,2373.94,158,9.27785,1.05904,86.7101,3,1.96819,0.149887,2.28384,1.65253,0.149887,23.9505,8.91583,3.84376
2006-04-28,2375.66,157,9.28562,1.20463,88.241,3,2.33431,0.0749434,3.01392,1.65471,0.0749434,24.1543,10.4489,3.63786
2006-05-01,2375.03,150,9.31514,0.946067,89.1348,3,2.26685,-0.374717,2.87654,1.65716,-0.374717,24.3338,12.0147,2.78619
2006-05-02,2375.03,152,9.33438,1.1366,90.0698,3,2.42309,-0.149887,3.19048,1.6557,-0.149887,24.6132,13.501,1.95556
2006-05-03,2380.31,156,9.14874,1.0931,90.9141,3,2.0275,0.158704,2.46214,1.59286,0.158704,25.1688,14.7988,0.946508
2006-05-04,2377.59,162,9.2084,0.882519,91.3987,3,1.05087,0.714167,0.489016,1.61273,0.714167,24.6646,16.1748,0.559351
2006-05-05,2381.36,164,8.9248,0.994274,91.5866,3,1.076,0.912546,0.633714,1.51829,0.912546,23.6724,17.3381,0.576065
2006-05-08,2370.63,165,8.12427,1.02464,90.2542,3,0.587879,1.4614,-0.0759712,1.25173,1.4614,21.5745,18.4767,0.203031
2006-05-09,2351.06,168,8.57619,0.730946,87.9278,3,-0.036977,1.49887,-1.47617,1.40221,1.49887,18.2521,20.0444,-0.368726
2006-05-10,2338.76,167,8.4124,0.214673,84.6674,3,-0.694806,1.12415,-2.73728,1.34767,1.12415,13.9919,21.548,-0.872503
2006-05-11,2329.35,168,8.53588,-0.0849216,80.8327,3,-0.919277,0.749434,-3.22514,1.38659,0.749434,9.27993,23.0967,-1.54399
2006-05-12,2346.06,174,8.91826,0.338057,79.1134,3,-0.373094,1.04921,-2.25573,1.50954,1.04921,5.95877,24.2077,-1.05313
2006-05-15,2375.86,184,9.94132,1.47515,81.7793,3,1.22661,1.7237,0.607225,1.846,1.7237,6.54857,24.6248,0.605912
2006-05-16,2424.27,186,11.3056,2.39786,86.4237,3,3.14697,1.64876,4,2.29395,1.64876,8.4211,24.2827,3.71997
2006-05-17,2410.96,197,11.147,2.83233,91.6339,3,3.11659,2.54808,4,2.23319,2.54808,9.73026,22.7888,9.11482
2006-05-18,2435.52,206,11.5046,3.15989,95.6252,3,3.17216,3.14762,4,2.34432,3.14762,10.5896,20.8373,14.1983
2006-05-19,2450.63,210,11.4019,3.07578,97.9394,3,3.15383,2.99774,4,2.30766,2.99774,11.3906,18.8413,17.7075
2006-05-22,2452.5,230,11.398,3.44885,99.2652,3,3.15053,3.74717,4,2.30106,3.74717,11.5349,16.6408,21.0895
2006-05-23,2493.98,221,12.3504,3.11192,99.756,3,3.30105,2.92279,4,2.6021,2.92279,12.6767,15.0693,22.01
2006-05-24,2490.06,234,12.4038,3.18856,99.8977,3,3.30443,3.07268,4,2.60887,3.07268,13.0769,14.2351,22.5858
2006-05-25,2518.34,215,12.4482,2.13946,99.9281,3,3.30465,0.974264,4,2.6093,0.974264,13.3035,14.1402,22.4843
2006-05-26,2517.44,207,12.4798,1.68958,99.9388,3,3.30422,0.0749434,4,2.60843,0.0749434,13.4797,14.2926,22.1664
2006-05-29,2475.75,207,14.2676,0.527348,99.9297,3,2.47862,-1.42392,1.77578,3.18146,-1.42392,13.2347,15.0394,21.6556
2006-05-30,2475.75,208,14.2676,0.206729,99.9046,3,1.08795,-0.674491,-0.999753,3.17565,-0.674491,11.9959,16.0471,21.8617
2006-05-31,2482.41,207,14.2692,-0.143504,99.8587,3,1.43669,-1.7237,-0.29486,3.16824,-1.7237,11.3587,17.2967,21.2033
2006-06-01,2486.07,202,14.2205,-0.0309101,99.8126,3,0.61267,-0.674491,-1.91634,3.14168,-0.674491,10.7016,18.4302,20.6808
2006-06-02,2484.62,210,14.2543,0.558411,99.7861,3,0.592218,0.524604,-1.95367,3.1381,0.524604,9.77358,19.3644,20.6481
2006-06-05,2450.8,204,15.166,0.52325,99.7515,3,0.971557,0.0749434,-1.45914,3.40225,0.0749434,9.34761,20.5924,19.8114
2006-06-06,2443.72,216,14.8132,0.78791,99.7557,3,0.676498,0.899321,-1.90854,3.26153,0.899321,9.14746,21.3405,19.2677
2006-06-07,2470.99,212,14.8985,1.01815,99.8082,3,1.36181,0.674491,-0.5477,3.27133,0.674491,9.81586,21.5877,18.4046
2006-06-08,2482.15,222,14.6898,1.68794,99.8897,3,1.57724,1.79864,-0.0468085,3.20129,1.79864,10.5262,21.1322,18.2313
2006-06-09,2511.34,222,14.9391,1.91189,99.934,3,2.62468,1.19909,1.98316,3.2662,1.19909,11.618,20.8126,17.5034
2006-06-12,2510.82,228,14.5789,2.83357,99.9583,3,3.56873,2.09842,4,3.13745,2.09842,12.3848,20.4747,17.0988
2006-06-13,2534.83,247,13.3285,2.99761,99.9662,3,3.3722,2.62302,4,2.7444,2.62302,12.1777,20.2906,17.4979
2006-06-14,2569.1,238,13.5636,2.82596,99.9661,3,3.40362,2.2483,4,2.80724,2.2483,12.1798,20.4961,17.2902
2006-06-15,2570.11,224,13.3397,1.90803,99.9478,3,3.36641,0.449661,4,2.73282,0.449661,12.6202,21.3787,15.949
2006-06-16,2564.3,224,13.3831,1.78649,99.9198,3,3.16079,0.412189,3.5798,2.74179,0.412189,12.9472,22.3663,14.6063
2006-06-19,2559.04,220,13.4621,1.3296,99.8423,3,2.99644,-0.337245,3.22925,2.76363,-0.337245,13.5037,24.0521,12.2866
2006-06-20,2559.04,227,12.3091,0.408501,99.6467,3,2.05357,-1.23657,1.6995,2.40764,-1.23657,13.7281,26.1724,9.74623
2006-06-21,2568.12,234,12.2853,0.607001,99.2791,3,1.25147,-0.0374717,0.109432,2.39351,-0.0374717,13.1277,28.4974,7.65404
2006-06-22,2566.76,239,11.7458,1.22066,99.0833,3,1.09235,1.34898,-0.0384561,2.22315,1.34898,11.5528,29.2497,8.28073
2006-06-23,2578.02,247,11.7959,1.78717,99.1061,3,1.62582,1.94853,1.02253,2.2291,1.94853,10.0359,28.9598,10.1105
2006-06-26,2607.13,253,10.2421,2.57375,99.4825,3,2.44954,2.69796,3.1513,1.74778,2.69796,9.9755,26.2915,13.2155
2006-06-27,2607.13,265,10.2421,2.75874,99.7508,3,2.4448,3.07268,3.14823,1.74136,3.07268,10.9153,23.5278,15.3077
2006-06-28,2619.75,260,10.2731,2.35939,99.8846,3,2.54543,2.17336,3.35161,1.73925,2.17336,11.5123,21.1779,17.1944
2006-06-29,2634.06,256,10.3073,2.18391,99.9442,3,2.86896,1.49887,4,1.73791,1.49887,12.9451,19.3103,17.6888
2006-06-30,2633.12,239,10.2975,1.13151,99.9541,3,2.63774,-0.374717,3.54385,1.73163,-0.374717,14.7154,18.4875,16.7512
2006-07-03,2579.08,233,11.9685,-0.474698,99.9356,3,0.324643,-1.27404,-1.5731,2.22239,-1.27404,15.104,18.5911,16.2406
2006-07-04,2579.08,233,11.8373,-0.935959,99.887,3,0.301442,-2.17336,-1.5648,2.16769,-2.17336,16.0385,19.1487,14.6998
2006-07-05,2579.08,233,11.4414,-0.967233,99.7908,3,-0.135824,-1.79864,-2.31177,2.04012,-1.79864,16.3357,19.8673,13.5877
2006-07-06,2574.74,233,11.4826,-1.09026,99.5313,3,-0.681657,-1.49887,-3.40839,2.04507,-1.49887,16.3803,21.2585,11.8925
2006-07-07,2562.85,234,11.0781,-0.575656,99.0865,3,-1.0389,-0.112415,-4,1.92221,-0.112415,14.8937,22.5235,11.6693
2006-07-10,2525.5,223,12.4021,-0.448908,97.9625,3,-0.410684,-0.487132,-3.12869,2.30732,-0.487132,12.7894,24.9203,10.2528
2006-07-11,2491.45,225,12.8252,-0.563425,95.5937,3,-0.789605,-0.337245,-4,2.42079,-0.337245,9.47084,28.2153,7.90756
2006-07-12,2488.33,230,11.6613,-0.462553,91.7847,3,-0.962579,0.0374717,-4,2.07484,0.0374717,4.89413,31.1817,5.70887
2006-07-13,2512.4,251,12.3127,0.465895,89.4854,3,-0.679494,1.61128,-3.62342,2.26443,1.61128,-0.613012,32.358,7.74034
2006-07-14,2534.13,247,12.777,0.827822,87.7187,3,0.419078,1.23657,-1.55823,2.39639,1.23657,-4.62434,33.0838,9.2593
2006-07-17,2549.77,244,12.9829,1.91557,88.8217,3,2.03249,1.79864,1.61203,2.45295,1.79864,-5.77416,32.2457,12.3502
2006-07-18,2556.72,236,13.0238,2.14034,91.6636,3,3.23147,1.04921,4,2.46294,1.04921,-3.7964,30.4994,14.9606
2006-07-19,2531.85,230,13.39,1.44782,92.8299,3,2.67081,0.22483,2.7754,2.56623,0.22483,-1.82164,29.7504,14.9012
2006-07-20,2521.18,228,13.4474,0.0649363,91.1919,3,1.62874,-1.49887,0.67713,2.58035,-1.49887,-1.37396,31.2117,11.3542
2006-07-21,2521.18,224,13.3088,-0.270949,87.611,3,0.95697,-1.49887,-0.618278,2.53222,-1.49887,-2.74542,33.5897,6.76671
2006-07-24,2470.32,223,14.125,-0.964753,79.3096,3,-0.617996,-1.31151,-4,2.76401,-1.31151,-9.16054,37.8915,0.578615
2006-07-25,2450.79,222,14.2049,-0.699772,68.6629,3,-0.612639,-0.786906,-4,2.77472,-0.786906,-16.3632,41.4924,-6.46634
2006-07-26,2458.56,214,14.0937,-0.786927,57.3501,3,-0.637062,-0.936793,-4,2.72588,-0.936793,-23.8888,43.8245,-12.5856
2006-07-27,2466.95,211,13.9459,-0.609408,46.7341,3,-0.207079,-1.01174,-3.08247,2.66831,-1.01174,-30.7494,44.913,-17.4295
2006-07-28,2443.35,212,14.0753,-0.6457,40.0524,3,-0.65438,-0.637019,-4,2.69124,-0.637019,-37.5841,45.398,-17.7614
2006-07-31,2426,208,12.6527,-0.490756,39.993,3,-0.119663,-0.861849,-2.51693,2.2776,-0.861849,-38.4704,45.4443,-16.9809
2006-08-01,2426.52,210,12.6598,-0.0772321,43.1967,3,0.482555,-0.637019,-1.31011,2.27522,-0.637019,-38.4516,45.8099,-14.1616
2006-08-02,2436.43,202,12.8709,-0.0293372,46.7468,3,0.578345,-0.637019,-1.17534,2.33203,-0.637019,-37.5138,46.2614,-12.0008
2006-08-03,2429.24,202,12.8636,-0.154603,50.3145,3,0.102982,-0.412189,-2.11724,2.3232,-0.412189,-36.3231,46.5777,-9.94012
2006-08-04,2415.51,199,12.8873,-0.159376,51.9027,3,0.39321,-0.711962,-1.53327,2.31969,-0.711962,-33.9568,46.9397,-11.0802
2006-08-07,2389.87,197,12.4757,-0.227638,52.7458,3,0.0693285,-0.524604,-2.05813,2.19678,-0.524604,-32.9221,46.815,-11.1471
2006-08-08,2389.87,191,11.8288,-0.58111,52.6784,3,-0.0380694,-1.12415,-2.08986,2.01372,-1.12415,-31.102,46.4286,-12.6482
2006-08-09,2388.13,180,11.8351,-0.872432,51.1159,3,-0.395882,-1.34898,-2.80108,2.00932,-1.34898,-29.9775,46.395,-15.3017
2006-08-10,2363.82,185,11.3235,-0.983147,45.5942,3,-0.99203,-0.974264,-3.84168,1.85762,-0.974264,-30.1281,45.9191,-20.1968
2006-08-11,2363.56,187,10.5276,-0.642732,40.0769,3,-0.685917,-0.599547,-3.00289,1.63105,-0.599547,-31.2389,44.8102,-23.4945
2006-08-14,2371.77,183,10.2409,-0.223459,32.4192,3,0.302515,-0.749434,-0.942251,1.54728,-0.749434,-32.8628,42.9258,-27.6438
2006-08-15,2372.95,192,10.0875,0.34633,26.5116,3,0.317944,0.374717,-0.865345,1.50123,0.374717,-36.2537,40.8057,-28.0403
2006-08-16,2362.28,187,9.83902,0.420341,23.3933,3,0.0163041,0.824378,-1.39839,1.431,0.824378,-39.1647,38.9686,-26.4106
2006-08-17,2356.49,188,9.84101,0.550054,24.8398,3,0.575503,0.524604,-0.277186,1.42819,0.524604,-40.4103,38.3467,-23.0967
2006-08-18,2366.36,190,10.1386,0.724725,27.9516,3,0.924845,0.524604,0.34339,1.5063,0.524604,-40.3179,38.1568,-19.8873
2006-08-21,2370.49,189,7.96619,0.622847,33.273,3,0.496261,0.749434,0.0868497,0.905672,0.749434,-37.5505,37.397,-16.5735
2006-08-22,2370.49,192,7.68305,0.359091,37.0292,3,0.418408,0.299774,0.00981188,0.827004,0.299774,-34.2706,36.0475,-14.7477
2006-08-23,2362.67,201,7.48413,0.914741,43.3184,3,0.480501,1.34898,0.189286,0.771715,1.34898,-30.7551,34.6788,-10.6053
2006-08-24,2374.59,204,7.65978,1.2777,50.4897,3,1.05654,1.49887,1.29608,0.817006,1.49887,-26.7215,33.0751,-5.86387
2006-08-25,2398,207,8.15534,1.5365,58.7476,3,1.53665,1.53634,2.12399,0.949314,1.53634,-20.7098,31.1598,-1.70242
2006-08-28,2425.65,208,8.91818,1.98233,67.6405,3,2.36047,1.60419,3.56311,1.15783,1.60419,-14.5667,29.3184,2.88881
2006-08-29,2409.54,212,9.22445,1.75008,73.6469,3,1.90906,1.59111,2.57657,1.24155,1.59111,-10.6536,27.5135,6.787
2006-08-30,2402.07,209,9.11895,1.32567,77.7011,3,1.9094,0.74194,2.60609,1.21271,0.74194,-7.06979,25.7751,8.99584
2006-08-31,2396.63,204,9.09973,0.786978,80.2955,3,1.36642,0.207536,1.52539,1.20746,0.207536,-3.81735,24.2606,9.85226
2006-09-01,2398.56,204,8.91698,0.33782,81.5885,3,0.67564,0,0.193778,1.1575,0,-2.31964,22.9828,10.9253
2006-09-04,2398.83,204,8.04027,-0.163036,81.7525,3,-0.288601,-0.0374717,-1.49506,0.91786,-0.0374717,-1.84376,21.8724,11.7239
2006-09-05,2398.83,196,8.04027,-0.345228,82.3437,3,0.208865,-0.899321,-0.500131,0.91786,-0.899321,-0.507955,20.8251,12.0265
2006-09-06,2377.18,198,8.68506,-0.33658,83.641,3,-0.148557,-0.524604,-1.39122,1.09411,-0.524604,0.657135,19.7754,13.2084
2006-09-07,2381.46,198,7.85799,-0.0513729,85.7455,3,0.047141,-0.149887,-0.773753,0.868035,-0.149887,3.09384,18.4687,14.183
2006-09-08,2387.31,202,7.88977,0.163512,87.4122,3,0.177138,0.149887,-0.522445,0.876721,0.149887,4.95684,17.4399,15.0155
2006-09-11,2388.54,202,7.8117,0.174376,88.1824,3,0.198866,0.149887,-0.457649,0.855381,0.149887,5.27003,16.6932,16.2192
2006-09-12,2409.93,203,8.38304,0.869194,89.1432,3,0.951483,0.786906,0.891412,1.01155,0.786906,6.51634,16.0481,16.5788
2006-09-13,2406.89,203,8.18888,1.05747,90.2364,3,1.51539,0.599547,2.07229,0.95848,0.599547,8.96209,15.3687,15.9056
2006-09-14,2399.92,201,8.21485,0.803821,90.6485,3,1.15798,0.449661,1.35038,0.96558,0.449661,10.0866,14.8996,15.6623
2006-09-15,2392.81,200,8.22962,0.412349,90.1393,3,0.749755,0.0749434,0.529894,0.969617,0.0749434,10.33,14.6543,15.155
2006-09-18,2390.66,198,8.23248,0.282768,89.5622,3,0.640479,-0.0749434,0.310558,0.9704,-0.0749434,10.6134,14.8662,14.0826
2006-09-19,2395.43,205,8.24927,0.245919,89.3648,3,0.117121,0.374717,-0.740745,0.974988,0.374717,10.0851,15.0324,14.2473
2006-09-20,2396.41,206,8.12512,0.338042,88.3171,3,0.226424,0.449661,-0.488204,0.941052,0.449661,9.75013,15.4405,13.1265
2006-09-21,2399.46,221,7.96785,1.12244,88.023,3,0.521178,1.7237,0.144294,0.898063,1.7237,8.90685,15.5782,13.538
2006-09-22,2408.62,223,7.29643,1.4496,87.8561,3,0.950677,1.94853,1.18682,0.714535,1.94853,8.20425,15.4382,14.2137
2006-09-25,2417.23,225,6.12728,1.69089,87.2844,3,1.13348,2.2483,1.87047,0.396487,2.2483,6.95382,14.9813,15.3492
2006-09-26,2420.25,219,5.6401,1.13592,86.0191,3,0.997796,1.27404,1.7318,0.263795,1.27404,6.40979,14.4804,15.1289
2006-09-27,2411.68,213,5.67676,0.72557,84.7027,3,0.701705,0.749434,1.12935,0.27406,0.749434,5.32455,13.9725,15.4056
2006-09-28,2399.36,210,5.92621,-0.175069,82.4259,3,0.249409,-0.599547,0.155771,0.343047,-0.599547,4.32662,13.6261,14.4733
2006-09-29,2397.07,202,5.92967,-0.730952,79.658,3,-0.112923,-1.34898,-0.569847,0.344002,-1.34898,3.79206,13.3036,12.5623
2006-10-02,2394.31,200,5.94258,-1.03861,77.2074,3,-0.465935,-1.61128,-1.27943,0.347564,-1.61128,4.05771,13.0777,10.0721
2006-10-03,2390.41,205,5.96727,-0.733042,76.0711,3,-0.679179,-0.786906,-1.71308,0.354722,-0.786906,3.02439,12.6921,10.3546
2006-10-04,2396.38,204,5.01843,-0.380527,75.9404,3,-0.348866,-0.412189,-0.790771,0.0930386,-0.412189,3.55611,11.822,10.5623
2006-10-05,2403.43,197,5.0764,-0.220117,75.435,3,0.271729,-0.711962,0.434367,0.10909,-0.711962,4.63653,11.1927,9.60571
2006-10-06,2393.47,188,5.2701,-0.36444,73.8175,3,0.0580252,-0.786906,-0.0466644,0.162715,-0.786906,5.11059,10.6733,8.03364
2006-10-09,2395.23,188,5.27281,-0.216483,72.5858,3,0.204053,-0.637019,0.244638,0.163467,-0.637019,5.78015,10.1292,6.67651
2006-10-10,2395.23,181,4.13086,-0.683343,67.4292,3,0.169655,-1.53634,0.489638,-0.150328,-1.53634,5.55623,9.31435,2.55863
2006-10-11,2387.11,177,4.26367,-1.01519,60.0057,3,-0.269205,-1.76117,-0.426135,-0.112275,-1.76117,3.32615,8.51917,-1.8396
2006-10-12,2389.07,171,4.17949,-1.06632,52.9721,3,-0.446417,-1.68623,-0.758,-0.134833,-1.68623,1.3487,7.55347,-5.93003
2006-10-13,2374.51,170,4.58282,-0.815171,48.2901,3,-0.543662,-1.08668,-1.06533,-0.0219923,-1.08668,-0.172188,6.61223,-8.14992
2006-10-16,2356.53,172,5.25142,-1.02066,43.3457,3,-1.10453,-0.936793,-2.37217,0.163112,-0.936793,-2.71942,5.81669,-9.75154
2006-10-17,2356.53,175,5.16178,-0.652148,39.994,3,-1.11694,-0.187359,-2.37217,0.138294,-0.187359,-4.24339,4.99202,-10.7546
2006-10-18,2359.41,171,5.19535,-0.468863,37.0435,3,-0.750367,-0.187359,-1.64832,0.147588,-0.187359,-5.29913,4.2115,-11.8689
2006-10-19,2348.43,171,5.31075,-0.460132,31.4863,3,-1.14509,0.22483,-2.46973,0.179537,0.22483,-7.59495,3.46794,-14.3867
2006-10-20,2345.49,171,4.98729,-0.251968,25.9492,3,-0.803709,0.299774,-1.69623,0.0888105,0.299774,-9.94749,2.80972,-16.913
2006-10-23,2340.89,169,4.64156,-0.208974,20.4209,3,-0.417949,0,-0.82899,-0.00690795,0,-11.8543,2.35053,-20.0753
2006-10-24,2341.51,173,4.574,-0.1654,17.0755,3,-0.405743,0.0749434,-0.785873,-0.0256122,0.0749434,-13.5523,2.0343,-21.4064
2006-10-25,2341.33,176,4.54927,0.0460779,15.4768,3,-0.507391,0.599547,-0.982324,-0.0324585,0.599547,-15.0172,1.74754,-21.2535
2006-10-26,2339.92,172,4.34787,0.0355828,15.9615,3,-0.228608,0.299774,-0.369,-0.0882159,0.299774,-15.5349,1.40536,-19.9089
2006-10-27,2327.23,177,4.59134,0.0808796,17.9213,3,-0.512732,0.674491,-1.00465,-0.0208114,0.674491,-16.242,1.13167,-16.9684
2006-10-30,2314.76,178,4.79161,0.0775122,20.8515,3,-0.744297,0.899321,-1.52248,0.0338898,0.899321,-16.909,0.894129,-13.1336
2006-10-31,2315.38,197,4.84183,0.642855,24.827,3,-0.737762,2.02347,-1.52203,0.0465058,2.02347,-17.2608,0.648747,-8.56097
2006-11-01,2308.49,197,4.61321,0.404381,27.264,3,-0.98988,1.79864,-1.96297,-0.0167886,1.79864,-18.5793,0.559945,-4.71669
2006-11-02,2302.64,192,4.25193,0.270508,28.8453,3,-1.18268,1.7237,-2.24855,-0.116809,1.7237,-21.1748,0.359955,-0.339848
2006-11-03,2296.65,185,4.1899,-0.0762647,29.7939,3,-0.976907,0.824378,-1.81983,-0.133984,0.824378,-22.8927,0.0913029,2.59529
2006-11-06,2300.88,181,4.30462,0.0171751,30.5733,3,-0.41531,0.449661,-0.728399,-0.102222,0.449661,-23.8683,-0.151387,4.59301
2006-11-07,2300.88,184,4.30462,-0.592503,30.8787,3,-0.435573,-0.749434,-0.768923,-0.102222,-0.749434,-25.0549,-0.107535,6.04112
2006-11-08,2288.13,185,4.46239,-0.641583,32.1486,3,-0.608675,-0.674491,-1.15881,-0.0585442,-0.674491,-25.8694,-0.058642,8.07673
2006-11-09,2282.52,185,4.32572,-0.460561,34.2522,3,-0.621348,-0.299774,-1.14632,-0.096381,-0.299774,-26.4427,-0.0234136,10.7183
2006-11-10,2268.47,190,4.33299,-0.14387,36.6415,3,-0.887287,0.599547,-1.6802,-0.0943692,0.599547,-27.2265,-0.0913433,13.9593
2006-11-13,2277.66,188,4.40868,0.0204263,40.4484,3,-0.708582,0.749434,-1.34375,-0.0734131,0.749434,-26.5164,-0.315739,17.2805
2006-11-14,2277.66,186,4.40868,-0.166932,42.2565,3,-0.708582,0.374717,-1.34375,-0.0734131,0.374717,-25.6305,-0.517539,18.4046
2006-11-15,2277.21,181,4.31158,-0.197592,43.2748,3,-0.320241,-0.0749434,-0.540188,-0.100295,-0.0749434,-24.6184,-0.753761,18.647
2006-11-16,2274.26,178,4.17561,-0.276097,43.9683,3,-0.252421,-0.299774,-0.366903,-0.137939,-0.299774,-22.6427,-1.05625,17.6672
2006-11-17,2276.37,184,4.27061,0.0353027,45.0543,3,0.295436,-0.22483,0.701225,-0.110354,-0.22483,-20.3895,-1.24714,16.6909
2006-11-20,2285.65,185,4.69828,0.177099,46.5196,3,0.354199,0,0.700347,0.00805016,0,-18.9585,-1.23451,16.7127
2006-11-21,2283.99,189,4.67055,0.372182,48.5674,3,0.294704,0.449661,0.589014,0.00039307,0.449661,-17.6669,-1.21101,17.4453
2006-11-22,2282.67,190,4.65731,0.580482,50.6068,3,0.261642,0.899321,0.525831,-0.00254626,0.899321,-16.231,-1.18268,18.0204
2006-11-23,2283.33,190,4.6849,0.754095,53.3454,3,0.384038,1.12415,0.762986,0.00509061,1.12415,-15.1336,-1.09241,19.5714
2006-11-24,2283.33,192,4.42671,0.552456,55.135,3,0.280534,0.824378,0.626281,-0.0652141,0.824378,-13.5575,-1.13291,19.8254
2006-11-27,2298.52,197,4.86565,0.830827,57.9708,3,0.537503,1.12415,1.01857,0.0564414,1.12415,-11.0956,-1.10707,20.1734
2006-11-28,2320.64,201,6.01048,1.30759,60.4397,3,1.49102,1.12415,2.60759,0.374458,1.12415,-7.14631,-0.792335,18.3783
2006-11-29,2317.35,200,5.92889,1.18636,63.2906,3,1.39846,0.974264,2.44435,0.352582,0.974264,-2.96721,-0.440657,16.6985
2006-11-30,2300.42,208,6.44361,1.23211,66.697,3,0.890405,1.57381,1.28375,0.497065,1.57381,0.335797,0.132504,16.2287
2006-12-01,2295.99,212,6.41238,1.23179,71.1137,3,0.739875,1.7237,0.990218,0.489532,1.7237,2.87827,0.695503,17.5399
2006-12-04,2293.42,207,6.38487,0.560344,72.863,3,0.146423,0.974264,-0.191062,0.483908,0.974264,3.33341,1.21543,18.3142
2006-12-05,2292.63,199,6.38488,-0.271039,73.8729,3,-0.617022,0.0749434,-1.71945,0.485401,0.0749434,2.46442,1.73281,19.6757
2006-12-06,2278.97,194,6.43326,-0.592341,74.0259,3,-0.959852,-0.22483,-2.41892,0.499213,-0.22483,1.33787,2.22876,20.4592
2006-12-07,2279.82,193,6.37993,-0.631598,73.4926,3,-0.363875,-0.899321,-1.21286,0.485115,-0.899321,1.28271,2.75658,19.4533
2006-12-08,2280.5,186,5.95672,-0.987516,70.7833,3,-0.251334,-1.7237,-0.869663,0.366996,-1.7237,2.03874,3.21772,15.5268
2006-12-11,2280.5,187,5.78703,-0.731871,68.2638,3,-0.189704,-1.27404,-0.699118,0.31971,-1.27404,2.65576,3.61752,11.9905
2006-12-12,2272.09,190,5.93892,-0.436345,67.3397,3,-0.423029,-0.449661,-1.20926,0.363198,-0.449661,2.79017,4.03452,10.515
2006-12-13,2272.27,184,5.93926,-0.244152,67.1788,3,0.0363001,-0.524604,-0.291116,0.363716,-0.524604,3.02203,4.46572,9.6911
2006-12-14,2272.75,182,5.92337,-0.288867,67.1347,3,0.0218133,-0.599547,-0.316074,0.359701,-0.599547,3.06952,4.92624,9.13893
2006-12-15,2270.18,181,5.92417,-0.121795,66.5895,3,-0.0937042,-0.149887,-0.548693,0.361285,-0.149887,1.9189,5.37338,9.29718
2006-12-18,2262.15,178,5.82294,-0.416494,64.4984,3,-0.383328,-0.449661,-1.10079,0.33413,-0.449661,0.253302,5.7175,8.5276
2006-12-19,2255.38,174,5.8892,-0.645195,60.814,3,-0.316126,-0.974264,-0.987032,0.354781,-0.974264,-1.22929,6.11087,5.93246
2006-12-20,2249.28,171,5.93506,-0.637987,56.2732,3,-0.526539,-0.749434,-1.42197,0.368891,-0.749434,-3.09052,6.51504,2.84865
2006-12-21,2234.36,171,6.27786,-0.80899,50.3331,3,-1.01843,-0.599547,-2.50547,0.46861,-0.599547,-6.22212,6.98434,-0.42907
2006-12-22,2229.28,168,6.27773,-0.914353,44.7498,3,-1.07927,-0.749434,-2.62769,0.469144,-0.749434,-9.30018,7.47261,-3.42266
2006-12-25,2228.76,168,5.57609,-0.717904,38.9677,3,-0.911204,-0.524604,-2.08812,0.265712,-0.524604,-12.1327,7.59453,-6.49408
2006-12-26,2228.76,171,3.79514,-0.469645,32.6284,3,-0.939291,0,-1.62742,-0.251163,0,-15.7974,6.86441,-8.43855
2006-12-27,2225.44,165,3.79372,-0.533746,26.9354,3,-0.842661,-0.22483,-1.43596,-0.249359,-0.22483,-18.8418,6.13406,-10.3568
2006-12-28,2233.31,161,3.73658,-0.299976,22.3224,3,-0.0753491,-0.524604,0.111255,-0.261954,-0.524604,-19.2767,5.28372,-13.6847
2006-12-29,2238.79,161,3.98221,0.010926,18.9929,3,0.321626,-0.299774,0.831055,-0.187803,-0.299774,-18.8575,4.55993,-16.7095
2007-01-01,2238.79,161,4.00726,0.0220179,17.6273,3,0.343809,-0.299774,0.866579,-0.17896,-0.299774,-17.7163,3.94491,-18.6012
2007-01-02,2238.79,163,4.01892,-0.0142461,18.2708,3,0.346225,-0.374717,0.864298,-0.171848,-0.374717,-15.669,3.42034,-19.4805
2007-01-03,2231.42,166,3.69511,0.231655,20.4329,3,0.163537,0.299774,0.591467,-0.264393,0.299774,-13.4178,2.8378,-18.987
2007-01-04,2218.11,170,4.04194,0.195724,22.7501,3,-0.507873,0.899321,-0.854855,-0.16089,0.899321,-13.3641,2.32891,-16.2147
2007-01-05,2218.05,171,4.02573,0.139546,26.1323,3,-0.695173,0.974264,-1.22665,-0.163693,0.974264,-13.9986,1.91001,-11.779
2007-01-08,2228.38,171,4.5429,0.354139,29.6198,3,-0.265987,0.974264,-0.523563,-0.00841052,0.974264,-14.1132,1.64869,-7.91564
2007-01-09,2228.38,176,4.45756,0.461072,32.6533,3,-0.276951,1.19909,-0.523563,-0.0303395,1.19909,-13.6741,1.30808,-4.98063
2007-01-10,2238.52,173,4.86006,0.561391,35.4784,3,0.373348,0.749434,0.655876,0.0908203,0.749434,-12.9328,1.06715,-2.65593
2007-01-11,2250.6,168,5.32024,0.685638,39.0045,3,1.29633,0.0749434,2.362,0.230667,0.0749434,-10.5399,0.956307,-1.41188
2007-01-12,2231.48,164,6.03864,0.230852,40.305,3,0.761478,-0.299774,1.07284,0.450113,-0.299774,-9.03883,1.04302,-1.69922
2007-01-15,2221.35,164,6.10813,-0.107927,41.4518,3,0.0839199,-0.299774,-0.305536,0.473375,-0.299774,-8.30624,1.17722,-1.41921
2007-01-16,2221.35,161,6.0648,-0.410084,42.3305,3,0.0791539,-0.899321,-0.301827,0.460135,-0.899321,-7.66915,1.27893,-1.27924
2007-01-17,2221.96,157,6.03004,-0.610207,42.4346,3,-0.24615,-0.974264,-0.941816,0.449516,-0.974264,-7.21504,1.35562,-1.70594
2007-01-18,2224.22,164,5.61043,-0.356589,44.1367,3,-0.638235,-0.0749434,-1.59778,0.32131,-0.0749434,-6.36959,1.21887,-0.712539
2007-01-19,2226.06,160,5.56811,-0.00824451,47.5755,3,0.0584544,-0.0749434,-0.19147,0.308379,-0.0749434,-4.06551,1.06922,0.571747
2007-01-22,2229.29,161,5.59365,0.255403,51.2887,3,0.510806,0,0.705429,0.316183,0,-1.40212,1.11785,1.573
2007-01-23,2240.32,160,5.86026,0.534297,55.1069,3,0.918707,0.149887,1.44355,0.393865,0.149887,1.52383,1.72879,1.85423
2007-01-24,2250.38,160,6.00535,0.851034,60.2896,3,1.25241,0.449661,2.06884,0.435977,0.449661,4.81767,2.3607,3.11122
2007-01-25,2254.67,161,5.92581,0.651772,63.7547,3,1.30354,0,2.19806,0.409026,0,6.72456,2.96641,4.06368
2007-01-26,2252.88,162,5.89424,0.774424,66.4566,3,1.17413,0.374717,1.95055,0.397708,0.374717,7.69948,3.48139,5.2757
2007-01-29,2259.43,165,5.96343,0.907627,69.4864,3,1.29065,0.524604,2.1658,0.415506,0.524604,8.78952,3.98067,6.71625
2007-01-30,2261.22,167,5.96197,0.862726,72.3607,3,0.976018,0.749434,1.54164,0.410395,0.749434,9.27063,4.44678,8.6433
2007-01-31,2259.72,165,5.81096,0.580112,73.4647,3,0.560676,0.599547,0.759181,0.362171,0.599547,9.36116,4.9791,9.12446
2007-02-01,2255.17,160,5.36576,0.171194,73.3877,3,0.1925,0.149887,0.161486,0.223515,0.149887,10.2758,5.32571,7.78624
2007-02-02,2246.06,157,5.6339,-0.0800002,72.6938,3,-0.0101135,-0.149887,-0.321013,0.300786,-0.149887,11.1323,5.76523,5.7962
2007-02-05,2241.53,157,5.49843,-0.387247,70.286,3,-0.399777,-0.374717,-1.05625,0.2567,-0.374717,10.7912,6.08136,3.41351
2007-02-06,2229.3,159,5.86781,-0.595885,66.6955,3,-0.817053,-0.374717,-2.00244,0.368335,-0.374717,9.59387,6.54682,0.554829
2007-02-07,2232.37,163,5.64796,-0.310221,63.6129,3,-0.695386,0.0749434,-1.69064,0.299865,0.0749434,7.50159,6.81221,-0.700938
2007-02-08,2235.3,162,5.29411,-0.060714,60.9003,3,-0.496145,0.374717,-1.18324,0.190951,0.374717,4.2166,6.82497,-0.14122
2007-02-09,2239.2,161,4.35954,0.162695,60.6497,3,-0.199215,0.524604,-0.30384,-0.0945897,0.524604,2.92123,6.31548,1.41303
2007-02-12,2229.87,160,4.30744,0.0395647,61.1915,3,-0.370531,0.449661,-0.631355,-0.109707,0.449661,2.6107,5.75835,2.82242
2007-02-13,2230.4,156,4.30687,0.0307055,62.7971,3,0.0614111,0,0.231406,-0.108584,0,3.09958,5.20079,4.49677
2007-02-14,2223.3,159,4.47153,-0.166131,64.3926,3,-0.257318,-0.0749434,-0.457585,-0.0570512,-0.0749434,3.53639,4.70302,6.15317
2007-02-15,2221.43,161,4.4658,-0.13421,65.1824,3,-0.418306,0.149887,-0.777811,-0.0588016,0.149887,4.29007,4.33691,6.55537
2007-02-16,2219.15,163,4.4653,-0.125237,64.7677,3,-0.62519,0.374717,-1.19412,-0.0562587,0.374717,3.36179,4.00323,7.40264
2007-02-19,2221.7,163,4.45219,0.114425,64.2656,3,-0.220811,0.449661,-0.386395,-0.0552262,0.449661,2.34823,3.66314,8.25422
2007-02-20,2221.7,165,4.02571,0.299646,63.4245,3,-0.300029,0.899321,-0.418857,-0.1812,0.899321,0.611478,3.13455,9.67845
2007-02-21,2220.76,162,3.58684,0.148054,60.8672,3,-0.153552,0.449661,0.00351848,-0.310623,0.449661,-1.33037,2.45261,9.74496
2007-02-22,2218.78,158,3.45638,-0.0868797,58.1288,3,-0.173759,0,-0.000376421,-0.347142,0,-3.42104,1.74991,9.7999
2007-02-23,2214.44,161,3.48061,-0.08233,54.9033,3,-0.241745,0.0770847,-0.145426,-0.338063,0.0770847,-5.43134,1.05744,9.27722
2007-02-26,2216.57,167,3.26361,0.134362,51.9635,3,-0.286739,0.555463,-0.171764,-0.401715,0.555463,-7.67253,0.280195,9.35581
2007-02-27,2211.46,191,3.22852,0.914749,52.1618,3,-0.471707,2.3012,-0.533194,-0.41022,2.3012,-9.65075,-0.502491,12.315
2007-02-28,2224.12,180,4.0371,0.90301,53.3912,3,0.139631,1.66639,0.438657,-0.159396,1.66639,-9.94931,-0.99922,14.3397
2007-03-01,2231.94,182,4.28421,1.3366,57.7933,3,0.530691,2.1425,1.14139,-0.0800101,2.1425,-8.96846,-1.28179,18.0435
2007-03-02,2246.88,188,4.77437,1.83748,64.805,3,1.2944,2.38056,2.51905,0.0697491,2.38056,-6.16742,-1.47493,22.4474
2007-03-05,2242.62,188,4.7677,1.4848,71.1977,3,1.06515,1.90444,2.06259,0.0677123,1.90444,-3.17399,-1.60672,25.9784
2007-03-06,2245.71,180,4.31942,0.329013,74.1397,3,1.29284,-0.634815,2.65088,-0.0651935,-0.634815,1.0278,-1.96622,25.0781
2007-03-07,2222.45,180,5.74531,0.230177,75.7837,3,0.222299,0.238056,0.0721492,0.372449,0.238056,2.5711,-1.88086,25.0934
2007-03-08,2218.94,178,5.73459,-0.132293,75.5692,3,-0.185235,-0.0793519,-0.74052,0.370051,-0.0793519,2.96591,-1.72549,24.3288
2007-03-09,2214.05,170,5.71312,-1.03732,71.8267,3,-0.884361,-1.19028,-2.13277,0.364044,-1.19028,1.38217,-1.35119,21.7958
2007-03-12,2210.98,174,5.56318,-0.86972,68.8183,3,-0.866569,-0.87287,-2.05226,0.31912,-0.87287,0.0995758,-0.978137,19.6968
2007-03-13,2205.77,179,5.59839,-0.498273,67.0066,3,-1.15525,0.158704,-2.6418,0.331298,0.158704,-2.55534,-0.579046,20.141
2007-03-14,2206.38,176,5.51674,-0.200459,66.8876,3,-0.319161,-0.0817565,-0.944721,0.306399,-0.0817565,-3.007,-0.243226,20.1378
2007-03-15,2210.12,175,5.56195,-0.0280383,67.2552,3,-0.0560766,0,-0.433776,0.321623,0,-2.68494,0.108403,19.8317
2007-03-16,2197.76,174,5.87516,0.162907,68.2442,3,-0.264365,0.590179,-0.951576,0.422845,0.590179,-2.45088,0.548534,20.1465
2007-03-19,2204.05,170,5.96876,-0.00377406,67.84,3,0.0767632,-0.0843113,-0.302146,0.455672,-0.0843113,-2.37748,1.0201,19.1974
2007-03-20,2204.05,172,5.96876,-0.0378742,66.6743,3,0.261497,-0.337245,0.0648769,0.458117,-0.337245,-1.94095,1.61657,16.9987
2007-03-21,2186.21,170,6.56918,-0.279342,65.1749,3,-0.305751,-0.252934,-1.26117,0.649669,-0.252934,-3.12847,2.51905,15.7843
2007-03-22,2172.6,159,6.84965,-0.985731,61.9455,3,-0.875414,-1.09605,-2.48603,0.735203,-1.09605,-5.49506,3.56093,13.8796
2007-03-23,2168.95,158,6.8455,-0.832407,59.1842,3,-0.568766,-1.09605,-1.87142,0.733886,-1.09605,-7.16236,4.59737,11.7492
2007-03-26,2174.72,158,6.93701,-0.663095,56.1979,3,-0.567388,-0.758802,-1.8977,0.762924,-0.758802,-8.83789,5.72683,9.30895
2007-03-27,2172.14,157,6.91936,-0.835553,49.5424,3,-0.659369,-1.01174,-2.07606,0.757323,-1.01174,-10.3458,6.86401,3.02411
2007-03-28,2172.09,160,6.47874,-0.342687,44.8025,3,-0.0951937,-0.590179,-0.80789,0.617503,-0.590179,-11.5027,7.58391,-1.27871
2007-03-29,2169.67,159,6.23789,0.259901,40.7622,3,0.266867,0.252934,-0.00733964,0.541074,0.252934,-12.5176,8.12415,-4.84434
2007-03-30,2155.06,157,5.72954,-0.0205753,34.0377,3,-0.209773,0.168623,-0.799308,0.379761,0.168623,-15.3634,8.26028,-8.85918
2007-04-02,2190.3,158,8.66562,0.780354,31.6029,3,1.30777,0.252934,1.31371,1.30184,0.252934,-15.9027,9.31437,-11.8087
2007-04-03,2189.18,155,8.6175,0.709562,32.9091,3,1.33481,0.0843113,1.39311,1.27652,0.0843113,-17.1515,10.6048,-10.5442
2007-04-04,2171.47,153,8.32911,0.162229,32.6743,3,0.661704,-0.337245,0.141249,1.18216,-0.337245,-17.0716,11.3423,-11.5964
2007-04-05,2166.93,152,8.33452,0.125785,33.5698,3,0.588814,-0.337245,-0.00434558,1.18197,-0.337245,-16.4496,12.1343,-12.1149
2007-04-06,2166.93,145,8.33549,0.177534,37.904,3,1.11387,-0.758802,1.05001,1.17773,-0.758802,-13.6905,13.0688,-11.4742
2007-04-09,2166.93,145,8.34315,-0.497035,39.2678,3,-0.150956,-0.843113,-1.47712,1.17521,-0.843113,-13.1952,13.9203,-11.4573
2007-04-10,2164.55,148,8.32803,-0.262552,40.1374,3,-0.187859,-0.337245,-1.54433,1.16861,-0.337245,-12.1845,14.7382,-12.4163
2007-04-11,2157.82,147,8.3491,-0.0238799,40.792,3,0.205174,-0.252934,-0.761903,1.17225,-0.252934,-12.028,15.5768,-12.7568
2007-04-12,2154.61,148,8.28339,0.0768538,41.1821,3,0.238019,-0.0843113,-0.669894,1.14593,-0.0843113,-12.2606,16.3688,-12.926
2007-04-13,2152.65,145,8.12352,0.19792,41.3125,3,0.142906,0.252934,-0.806352,1.09216,0.252934,-12.1261,17.0064,-13.5677
2007-04-16,2138.74,144,8.20575,-0.0836098,41.0153,3,-0.335842,0.168623,-1.78435,1.11267,0.168623,-13.5216,17.6183,-13.0815
2007-04-17,2136.82,145,8.1901,-0.161227,40.5571,3,-0.322454,0,-1.74744,1.10253,0,-15.2223,18.2114,-12.432
2007-04-18,2141.35,141,7.90097,-0.112157,41.1784,3,0.0286192,-0.252934,-0.952237,1.00948,-0.252934,-14.9486,18.5742,-12.4472
2007-04-19,2148.46,132,7.79315,-0.363384,43.5096,3,0.36928,-1.09605,-0.227758,0.966318,-1.09605,-12.8604,18.8647,-12.4948
2007-04-20,2143.31,127,7.81103,-0.504923,44.7459,3,0.254825,-1.26467,-0.453604,0.963253,-1.26467,-11.5312,19.112,-12.8349
2007-04-23,2121.42,131,8.42067,-0.39339,45.7681,3,0.0563328,-0.843113,-1.02347,1.13613,-0.843113,-10.7103,19.487,-13.0086
2007-04-24,2115.56,136,8.43798,-0.293099,47.8316,3,-0.0803295,-0.505868,-1.2977,1.13704,-0.505868,-9.98285,19.8763,-12.0618
2007-04-25,2119.37,133,8.49969,-0.258063,48.1542,3,-0.0945696,-0.421557,-1.33934,1.1502,-0.421557,-10.4911,20.3871,-11.7417
2007-04-26,2112.61,132,8.52801,-0.158502,46.5608,3,-0.569937,0.252934,-2.29679,1.15691,0.252934,-12.6638,20.956,-11.7313
2007-04-27,2111.52,134,8.28584,0.193601,47.376,3,-0.455911,0.843113,-1.99433,1.08251,0.843113,-13.8099,21.637,-10.4511
2007-04-30,2110.67,140,5.23935,0.414726,45.9853,3,-0.182284,1.01174,-0.547396,0.182827,1.01174,-15.5694,20.55,-8.99533
2007-05-01,2104.16,137,5.23179,0.0639347,43.5427,3,-0.209376,0.337245,-0.595494,0.176743,0.337245,-17.4166,19.4497,-8.49044
2007-05-02,2104.16,136,4.73822,0.0459894,43.1052,3,-0.413889,0.505868,-0.854074,0.0262956,0.505868,-18.3507,18.3402,-6.88419
2007-05-03,2085.18,138,5.4339,0.0104251,42.6719,3,-0.737952,0.758802,-1.70673,0.230828,0.758802,-19.954,17.4257,-4.79977
2007-05-04,2077.12,142,5.42603,-0.0259829,41.9097,3,-0.97939,0.927425,-2.18769,0.228908,0.927425,-22.997,16.5047,-1.59792
2007-05-07,2069.01,143,5.40128,-0.365347,42.4026,3,-1.23656,0.505868,-2.69463,0.221503,0.505868,-24.1708,15.6138,0.959543
2007-05-08,2081.24,140,6.13065,0.0169227,43.4525,3,-0.472023,0.505868,-1.38679,0.442746,0.505868,-24.0594,14.949,2.56283
2007-05-09,2074.03,137,6.14082,-0.192283,42.8192,3,-0.721812,0.337245,-1.8908,0.44718,0.337245,-25.1085,14.2471,3.68066
2007-05-10,2045.51,141,7.43911,-0.183354,41.8445,3,-0.872576,0.505868,-2.58624,0.841087,0.505868,-26.8842,13.9355,4.79321
2007-05-11,2041.39,140,7.41614,-0.327863,39.8907,3,-0.740038,0.0843113,-2.31202,0.831943,0.0843113,-28.2022,13.6364,4.45649
2007-05-14,2029.2,140,7.38435,-0.44319,38.5686,3,-0.88638,0,-2.5934,0.820639,0,-28.8761,13.3193,4.12534
2007-05-15,2002.04,138,8.28765,-0.684346,36.6691,3,-1.453,0.0843113,-4,1.09399,0.0843113,-30.835,13.2423,4.26181
2007-05-16,1995.17,135,8.04068,-0.704553,34.557,3,-1.49342,0.0843113,-4,1.01316,0.0843113,-33.4582,13.1554,4.85981
2007-05-17,1988.01,129,7.62317,-1.12293,31.9186,3,-1.48705,-0.758802,-3.85446,0.880354,-0.758802,-36.4547,12.9423,5.43098
2007-05-18,1990.43,123,7.82185,-1.20473,29.5658,3,-1.2291,-1.18036,-3.39105,0.932846,-1.18036,-38.7349,12.7748,5.52582
2007-05-21,1985.33,123,7.43245,-1.11296,27.2332,3,-1.04556,-1.18036,-2.90046,0.809348,-1.18036,-39.9391,12.3218,4.85059
2007-05-22,1985.33,119,7.52384,-0.706931,25.9344,3,-0.0648799,-1.34898,-0.958333,0.828574,-1.34898,-39.3248,11.9505,3.30876
2007-05-23,1957.54,118,8.21364,-0.951156,23.8332,3,-0.721952,-1.18036,-2.46793,1.02403,-1.18036,-39.7669,11.6723,1.92781
2007-05-24,1963.56,120,8.58492,-0.35168,23.2646,3,-0.197492,-0.505868,-1.52391,1.12892,-0.505868,-38.9257,11.5995,0.590721
2007-05-25,1962.59,118,8.58599,-0.244387,22.0037,3,-0.320151,-0.168623,-1.76618,1.12588,-0.168623,-38.3511,11.5249,-1.17001
2007-05-28,1934.55,118,9.28957,-0.613266,19.2036,3,-1.05791,-0.168623,-3.44085,1.32503,-0.168623,-39.8687,12.2117,-3.13941
2007-05-29,1934.55,118,9.40941,-0.437287,17.9212,3,-1.0432,0.168623,-3.44085,1.35446,0.168623,-41.7377,13.04,-3.38115
2007-05-30,1914.96,120,9.49971,-0.160845,17.408,3,-0.743247,0.421557,-2.86599,1.3795,0.421557,-43.1826,14.0935,-3.50289
2007-05-31,1930.64,117,10.379,-0.127656,17.0707,3,-0.255311,0,-2.14495,1.63433,0,-43.3865,15.2036,-4.74639
2007-06-01,1900.09,109,11.2328,-0.782765,15.297,3,-1.05966,-0.505868,-4,1.88068,-0.505868,-43.9591,16.2286,-6.97245
2007-06-04,1885.8,110,11.2836,-0.567758,14.8441,3,-0.713959,-0.421557,-3.32115,1.89323,-0.421557,-44.2112,17.4828,-8.42752
2007-06-05,1882.06,112,10.6364,-0.599248,13.521,3,-0.945561,-0.252934,-3.59401,1.70288,-0.252934,-45.1686,18.168,-9.47842
2007-06-06,1877.88,114,10.6699,-0.319375,13.2585,3,-0.385816,-0.252934,-2.48124,1.70961,-0.252934,-45.4629,19.0947,-10.3734
2007-06-07,1886.92,115,10.665,-0.264565,13.0926,3,-0.613441,0.0843113,-2.93298,1.70609,0.0843113,-45.6247,19.7287,-11.0114
2007-06-08,1900.68,118,11.3829,1.05627,16.1185,3,1.1008,1.01174,0.289937,1.91167,1.01174,-45.3581,21.419,-9.94237
2007-06-11,1924.54,117,12.6761,1.75573,21.7926,3,2.66834,0.843113,3.05185,2.28482,0.843113,-43.0696,23.9142,-9.05212
2007-06-12,1924.54,104,12.0358,1.14429,27.2834,3,2.71013,-0.421557,3.32584,2.09442,-0.421557,-38.1409,25.7348,-10.3105
2007-06-13,1931.36,108,12.1771,1.40429,34.3658,3,3.06151,-0.252934,4,2.12302,-0.252934,-31.9755,27.6209,-11.2797
2007-06-14,1947.37,107,12.6406,1.34941,43.4094,3,3.12038,-0.421557,4,2.24076,-0.421557,-25.2303,29.5311,-10.8914
2007-06-15,1945.09,98,12.6126,0.696634,50.6364,3,2.82656,-1.43329,3.433,2.22012,-1.43329,-18.8338,30.8938,-11.4236
2007-06-18,1920.25,95,13.2767,-0.215207,54.056,3,1.1715,-1.60192,-0.0568083,2.39981,-1.60192,-16.0933,32.3568,-12.2075
2007-06-19,1920.25,96,13.2767,0.373435,58.1296,3,1.16843,-0.421557,-0.0568083,2.39366,-0.421557,-15.1544,33.6697,-10.3857
2007-06-20,1896.07,96,13.1084,-0.364164,60.3096,3,0.0304736,-0.758802,-2.2647,2.32565,-0.758802,-14.8971,34.7521,-9.54538
2007-06-21,1905.13,97,13.2019,-0.390051,60.168,3,-0.189923,-0.590179,-2.70439,2.32454,-0.590179,-16.0159,35.8914,-9.70752
2007-06-22,1938.17,103,14.7811,0.968033,64.5685,3,1.26158,0.674491,-0.229295,2.75245,0.674491,-14.3911,36.9786,-8.01899
2007-06-25,1944.01,113,13.896,1.98043,73.2979,3,2.19033,1.77054,1.90319,2.47746,1.77054,-9.04134,36.5703,-4.23102
2007-06-26,1960.32,119,14.1899,2.48423,81.6303,3,2.77637,2.19209,3.01261,2.54013,2.19209,-3.05175,35.2481,-0.56613
2007-06-27,1965.31,119,13.6075,2.68736,87.9776,3,3.18263,2.19209,4,2.36526,2.19209,2.49957,33.2597,2.21825
2007-06-28,1982.29,107,13.6384,2.1386,91.784,3,3.18115,1.09605,4,2.3623,1.09605,6.73741,31.4112,3.63543
2007-06-29,1958.09,119,13.0729,1.74316,94.8698,3,1.88441,1.60192,1.57455,2.19427,1.60192,9.82895,28.9433,6.09755
2007-07-02,1960.61,120,12.6301,1.27106,96.4719,3,1.69901,0.843113,1.34336,2.05466,0.843113,12.0568,27.1595,7.25563
2007-07-03,1960.61,123,12.5677,0.862179,97.4299,3,1.13418,0.590179,0.243613,2.02474,0.590179,13.6569,25.9173,7.85567
2007-07-04,1958.95,123,12.5151,0.745914,97.9819,3,0.901649,0.590179,-0.198807,2.0021,0.590179,14.4067,25.0792,8.49599
2007-07-05,1958.95,116,12.4943,0.671102,98.3804,3,0.330468,1.01174,-1.32313,1.98406,1.01174,14.7893,24.3798,9.21134
2007-07-06,1969.36,109,12.4009,0.436775,98.125,3,1.46373,-0.590179,0.975865,1.95159,-0.590179,15.5099,24.9641,7.65098
2007-07-09,1962.55,109,11.8554,0.195256,97.3257,3,1.065,-0.674491,0.351647,1.77836,-0.674491,14.8487,26.1507,6.32635
2007-07-10,1945.94,124,12.3231,0.446837,96.8857,3,0.556428,0.337245,-0.755799,1.86865,0.337245,12.7819,26.6991,7.40478
2007-07-11,1960.31,118,12.5188,0.465261,96.2002,3,1.09914,-0.168623,0.307656,1.89063,-0.168623,10.9332,27.4961,7.77098
2007-07-12,1964.82,116,12.2198,0.723905,95.6788,3,1.19488,0.252934,0.59952,1.79023,0.252934,9.02021,27.8475,8.81105
2007-07-13,1954.48,119,12.3777,0.805886,95.7738,3,0.515724,1.09605,-0.768469,1.79992,1.09605,6.31758,27.4696,11.9866
2007-07-16,1956.05,125,11.3699,1.1261,96.8084,3,0.650285,1.60192,-0.209801,1.51037,1.60192,5.92062,25.6082,15.2796
2007-07-17,1942.43,121,11.7106,0.390997,96.8204,3,0.781994,0,-0.0069734,1.57096,0,5.94686,25.0949,15.7787
2007-07-18,1931.04,131,10.9127,0.580473,97.4137,3,-0.188036,1.34898,-1.72409,1.34802,1.34898,6.05759,23.6624,17.6937
2007-07-19,1928.59,126,10.8401,0.338451,97.8053,3,-0.419145,1.09605,-2.15709,1.3188,1.09605,6.20693,22.4619,19.1365
2007-07-20,1921.04,135,8.98937,0.529576,97.5761,3,-0.542764,1.60192,-1.93298,0.847454,1.60192,5.32594,21.7308,20.5194
2007-07-23,1921.04,139,8.8991,0.420937,96.592,3,-0.59142,1.43329,-2.00279,0.819955,1.43329,3.25591,22.0095,21.3266
2007-07-24,1912.9,149,8.32392,1.06199,95.4283,3,-0.489673,2.61365,-1.65426,0.674917,2.61365,0.426177,21.989,23.0131
2007-07-25,1916.23,153,8.28049,1.04228,93.7052,3,-0.0232314,2.10778,-0.707597,0.661134,2.10778,-2.76327,22.1666,24.3019
2007-07-26,1935.68,190,8.53023,2.34763,93.9487,3,0.695269,4,0.671259,0.719278,4,-4.99964,20.8886,28.0597
2007-07-27,1981.58,180,11.3319,3.33928,95.5734,3,2.67856,4,3.95669,1.40042,4,-3.19504,19.2107,29.5578
2007-07-30,1984.1,180,11.3318,3.201,97.0476,3,2.69229,3.7097,4,1.38458,3.7097,-1.39219,17.4929,30.9469
2007-07-31,1971.8,174,11.5872,2.4925,97.9514,3,2.62428,2.36072,3.81504,1.43353,2.36072,0.693544,16.1365,31.1214
2007-08-01,1958.5,177,11.8515,2.2119,98.5522,3,2.1474,2.27641,2.80175,1.49305,2.27641,2.25258,15.0188,31.2808
2007-08-02,1971.2,173,12.0724,0.380232,98.4468,3,1.94082,-1.18036,2.34957,1.53208,-1.18036,4.25043,14.9367,29.2597
2007-08-03,1957.68,178,12.1787,0.125509,98.3268,3,0.166707,0.0843113,-1.19233,1.52575,0.0843113,3.12068,14.8769,30.3292
2007-08-06,1963.69,183,12.1741,0.383239,98.4002,3,0.26061,0.505868,-0.979453,1.50067,0.505868,2.38062,14.6246,31.395
2007-08-07,1976.89,174,11.9554,0.617497,98.4644,3,0.98206,0.252934,0.519214,1.44491,0.252934,3.04978,14.306,31.1086
2007-08-08,1976.89,157,11.7018,-0.0458217,98.2652,3,1.34165,-1.43329,1.30271,1.38058,-1.43329,3.65151,14.2983,30.3154
2007-08-09,1957.58,171,12.2226,0.268651,98.0695,3,0.45299,0.0843113,-0.5835,1.48948,0.0843113,3.05566,14.373,30.6409
2007-08-10,1981.9,171,12.8344,0.644624,97.9959,3,1.62649,-0.337245,1.63214,1.62084,-0.337245,4.41635,14.3587,29.2208
2007-08-13,2006.79,168,13.4994,0.625079,97.7517,3,2.23123,-0.981077,2.69365,1.76882,-0.981077,6.15292,14.7744,26.8243
2007-08-14,1997.38,178,13.337,1.07197,98.0779,3,1.55376,0.590179,1.3835,1.72401,0.590179,6.77241,14.4922,26.8133
2007-08-15,2016.3,186,13.3364,2.38849,98.7555,3,2.07901,2.69796,2.4529,1.70512,2.69796,8.50981,13.7487,26.4969
2007-08-16,2048.44,216,14.1099,3.46476,99.4492,3,2.92952,4,4,1.85904,4,10.48,12.5551,26.4142
2007-08-17,2124.4,191,18.1617,2.6382,99.6965,3,3.3794,1.89701,4,2.75879,1.89701,12.3282,12.5181,24.8502
2007-08-20,2113.54,200,18.439,3.13768,99.8667,3,3.40877,2.86659,4,2.81754,2.86659,13.6835,12.2673,23.9159
2007-08-21,2113.54,202,18.2238,2.78532,99.9235,3,3.37855,2.19209,4,2.75709,2.19209,15.117,12.4269,22.3795
2007-08-22,2154.94,192,18.8729,2.05835,99.9455,3,3.44221,0.674491,4,2.88443,0.674491,16.3955,12.8755,20.6744
2007-08-23,2133.04,193,19.6314,0.876155,99.9112,3,3.52285,-1.77054,4,3.04569,-1.77054,18.3939,14.335,17.1823
2007-08-24,2138.13,187,18.3703,0.835276,99.8047,3,1.83917,-0.168623,0.914927,2.76342,-0.168623,18.6228,16.0547,15.1272
2007-08-27,2128.17,187,18.5985,0.476236,99.5667,3,1.8799,-0.927425,0.948587,2.81121,-0.927425,18.9962,18.2091,12.3613
2007-08-28,2114.15,203,18.6261,0.884603,99.3265,3,1.51627,0.252934,0.218052,2.81449,0.252934,18.3636,19.9084,11.0545
2007-08-29,2147.34,199,18.6834,1.03605,99.0828,3,1.3133,0.758802,-0.195831,2.82242,0.758802,17.6524,21.4166,10.0137
2007-08-30,2160.65,205,18.6799,1.68981,99.3502,3,2.19926,1.18036,1.59451,2.80401,1.18036,16.4945,21.0515,11.8042
2007-08-31,2173.17,197,18.1827,1.66413,99.5744,3,2.31653,1.01174,1.95415,2.67891,1.01174,17.0604,20.4837,12.0303
2007-09-03,2160.99,197,18.5765,1.65381,99.7044,3,2.29588,1.01174,1.83087,2.76089,1.01174,17.5636,20.1747,11.9661
2007-09-04,2160.99,193,18.6371,0.987086,99.7348,3,2.64866,-0.674491,2.52961,2.76772,-0.674491,18.2092,20.4955,11.0302
2007-09-05,2161.56,208,18.629,1.37166,99.827,3,1.8159,0.927425,0.874314,2.75749,0.927425,17.2221,20.1423,12.4627
2007-09-06,2174.56,204,17.8505,0.899153,99.8577,3,1.714,0.0843113,0.847649,2.58034,0.0843113,17.4563,20.1832,12.2182
2007-09-07,2166.6,214,17.9118,1.40909,99.8883,3,1.21626,1.60192,-0.154133,2.58664,1.60192,16.3518,20.0894,13.447
2007-09-10,2191,223,17.8413,2.22625,99.9337,3,2.09178,2.36072,1.61897,2.5646,2.36072,15.1859,19.4442,15.3036
2007-09-11,2194.65,211,17.5518,1.91243,99.95,3,2.13864,1.68623,1.77998,2.49729,1.68623,14.9636,19.256,15.7304
2007-09-12,2185.89,204,17.7194,0.87969,99.9173,3,1.928,-0.168623,1.32825,2.52775,-0.168623,15.2131,20.4385,14.2657
2007-09-13,2182.22,189,17.2595,0.187201,99.7693,3,1.47045,-1.09605,0.53216,2.40874,-1.09605,15.3898,22.8646,11.5149
2007-09-14,2157.75,185,12.8005,-0.843033,99.3785,3,0.59034,-2.27641,-0.261097,1.44178,-2.27641,15.2901,25.0855,9.00292
2007-09-17,2128.5,183,13.6512,-1.91521,97.8113,3,-0.626593,-3.20383,-2.87151,1.61832,-3.20383,14.4572,29.4329,3.92123
2007-09-18,2130.66,167,13.6524,-2.09987,93.9293,3,-0.658663,-3.54108,-2.9319,1.61458,-3.54108,12.5892,34.4287,-3.08857
2007-09-19,2124.36,152,11.6927,-2.40069,86.9122,3,-0.801388,-4,-2.79281,1.19004,-4,9.25552,38.5934,-10.9368
2007-09-20,2055.28,149,16.1257,-2.07145,79.9612,3,-0.939075,-3.20383,-4,2.12185,-3.20383,3.21093,41.052,-14.3017
2007-09-21,2042.63,144,16.1133,-2.11545,71.1553,3,-0.942767,-3.28814,-4,2.11447,-3.28814,-1.04315,43.0648,-20.8664
2007-09-24,2026.33,151,16.2222,-1.73266,63.555,3,-0.935983,-2.52934,-4,2.12803,-2.52934,-5.70512,43.7796,-24.5194
2007-09-25,2028.95,154,16.1961,-0.9386,56.8342,3,-0.949775,-0.927425,-4,2.10045,-0.927425,-9.7961,43.7602,-27.1298
2007-09-26,2045.51,157,15.3122,-0.147628,52.3487,3,-0.885436,0.590179,-3.66979,1.89891,0.590179,-13.1518,43.0703,-27.5698
2007-09-27,2009.46,161,15.8772,0.569909,48.0763,3,-0.0405414,1.18036,-2.09216,2.01107,1.18036,-16.6708,42.3222,-27.575
2007-09-28,2013.18,166,15.6279,1.1824,46.2424,3,0.341329,2.02347,-1.27009,1.95275,2.02347,-19.7247,41.584,-25.6169
2007-10-01,2023.19,163,15.9152,1.09963,44.1428,3,1.0189,1.18036,0.0279376,2.00986,1.18036,-21.3969,40.7814,-25.2417
2007-10-02,2015.75,164,15.8677,0.887712,43.7679,3,0.763688,1.01174,-0.470957,1.99833,1.01174,-24.2381,40.0306,-22.0247
2007-10-03,2013.39,166,15.8309,0.610327,40.9163,3,0.29323,0.927425,-1.39707,1.98353,0.927425,-26.2737,39.1121,-21.9221
2007-10-04,2017.69,168,15.5794,1.00747,41.3195,3,1.25615,0.758802,0.594009,1.91829,0.758802,-26.534,38.5155,-20.662
2007-10-05,2018.45,159,15.648,0.381693,37.5383,3,1.18494,-0.421557,0.446743,1.92314,-0.421557,-25.7401,37.5589,-24.2805
2007-10-08,1999.95,159,14.7491,0.105707,30.1353,3,0.380037,-0.168623,-0.966234,1.72631,-0.168623,-27.3981,35.7696,-28.2362
2007-10-09,1999.95,151,14.6676,-0.188583,23.5293,3,0.55026,-0.927425,-0.597475,1.69799,-0.927425,-28.4242,33.6842,-31.7307
2007-10-10,1968.13,153,15.2098,-0.534187,19.5778,3,-0.14095,-0.927425,-2.07274,1.79084,-0.927425,-30.3982,31.9747,-31.9987
2007-10-11,1972.81,151,15.4028,-0.668509,17.395,3,-0.110671,-1.22635,-2.03219,1.81085,-1.22635,-31.8682,30.7832,-31.52
2007-10-12,1963.03,149,15.226,-0.519407,18.2017,3,-0.384763,-0.654052,-2.53361,1.76408,-0.654052,-34.0441,31.3158,-29.07
2007-10-15,1978.97,150,15.4897,-0.0459461,23.3042,3,0.480403,-0.572295,-0.840116,1.80092,-0.572295,-33.8145,32.9016,-25.7828
2007-10-16,1978.97,152,15.4534,0.352975,31.0586,3,0.460681,0.245269,-0.834456,1.75582,0.245269,-33.4627,34.5596,-20.0383
2007-10-17,2004.58,162,16.5351,1.42523,44.9017,3,1.95114,0.899321,1.96036,1.94192,0.899321,-30.2117,36.589,-11.4756
2007-10-18,1994.06,160,12.1822,1.0169,56.6446,3,1.13449,0.899321,1.20806,1.06092,0.899321,-25.2071,35.511,-3.6593
2007-10-19,2018.55,170,12.9709,1.91865,70.997,3,2.0122,1.82509,2.81532,1.20908,1.82509,-17.9037,33.1153,5.78533
2007-10-22,2007.24,171,12.8162,1.57453,80.7771,3,1.32397,1.82509,1.51736,1.13058,1.82509,-12.0253,30.0361,12.7663
2007-10-23,2022.76,168,13.1315,1.55637,86.6159,3,1.68441,1.42833,2.23162,1.1372,1.42833,-6.30175,27.2776,15.6401
2007-10-24,2006.67,175,13.029,0.939709,88.733,3,0.68914,1.19028,0.278568,1.09971,1.19028,-3.07716,25.7682,16.0419
2007-10-25,2025.7,171,11.9015,1.12742,89.7206,3,1.25274,1.0021,1.62891,0.876565,1.0021,-0.229714,24.4602,15.4901
2007-10-26,2020.29,167,11.9368,0.245962,88.0241,3,0.569008,-0.0770847,0.257387,0.880629,-0.0770847,0.944465,24.3701,12.7096
2007-10-29,2005.28,160,12.0896,-0.0882105,85.6007,3,0.49807,-0.674491,0.087932,0.908207,-0.674491,1.02693,24.3744,10.1993
2007-10-30,1995.94,157,12.1296,-0.367632,82.7017,3,-0.0607741,-0.674491,-1.03251,0.910965,-0.674491,0.597454,24.3405,7.76378
2007-10-31,1999.44,148,12.1523,-0.74575,79.1805,3,0.382084,-1.87359,-0.14296,0.907129,-1.87359,1.69528,24.2626,3.22268
2007-11-01,1987.69,161,12.2684,-0.447873,74.9673,3,-0.296199,-0.599547,-1.50862,0.916228,-0.599547,-0.114084,24.1629,0.918463
2007-11-02,2008.11,168,12.871,0.279945,74.6567,3,0.335061,0.22483,-0.350447,1.02057,0.22483,-0.822665,23.4103,2.06904
2007-11-05,2014.12,166,12.4679,0.680312,76.3838,3,0.761078,0.599547,0.58611,0.936045,0.599547,0.550105,22.44,3.39362
2007-11-06,2014.12,165,12.4679,0.853549,79.3438,3,0.957664,0.749434,0.992296,0.923032,0.749434,1.90067,21.2524,6.19067
2007-11-07,2012.89,176,10.8792,1.46954,84.378,3,0.690776,2.2483,0.777289,0.604263,2.2483,4.12419,19.2071,11.0466
2007-11-08,2023.99,185,10.9829,1.57112,88.9597,3,1.19371,1.94853,1.75829,0.629121,1.94853,6.74078,17.0582,15.1607
2007-11-09,2033.94,188,10.7953,1.29313,91.8914,3,0.937514,1.64876,1.27906,0.595963,1.64876,9.08185,15.229,17.5806
2007-11-12,2045.59,188,10.6428,1.41502,93.7925,3,1.03139,1.79864,1.50146,0.561318,1.79864,10.2261,13.6284,19.938
2007-11-13,2045.59,187,10.6428,1.41235,94.9387,3,1.02606,1.79864,1.49676,0.555365,1.79864,11.3737,12.3329,21.2321
2007-11-14,2051.88,183,9.81098,0.885069,94.3773,3,1.09565,0.674491,1.80651,0.384782,0.674491,11.4944,11.5341,21.3488
2007-11-15,2032.04,194,10.3126,0.660919,93.9812,3,0.497461,0.824378,0.516092,0.478829,0.824378,11.173,11.2875,21.5207
2007-11-16,2044.7,201,9.64191,0.803391,92.5981,3,0.482632,1.12415,0.626927,0.338336,1.12415,10.0784,11.1257,21.394
2007-11-19,2040.35,209,9.41829,0.924865,91.6873,3,0.126031,1.7237,-0.0361689,0.28823,1.7237,9.18676,10.7699,21.7306
2007-11-20,2054.3,210,9.33709,1.13879,91.0588,3,0.404,1.87359,0.541704,0.266297,1.87359,8.08268,10.2866,22.6896
2007-11-21,2056.28,219,8.74513,1.55104,91.9673,3,0.25423,2.84785,0.363026,0.145433,2.84785,7.97751,9.39302,24.5968
2007-11-22,2074.6,219,8.67629,1.52602,92.5209,3,1.02857,2.02347,1.93381,0.123329,2.02347,8.08403,8.73344,25.7035
2007-11-23,2074.6,218,8.56948,1.08665,93.5926,3,0.749378,1.42392,1.40613,0.0926267,1.42392,8.63689,7.94018,27.0155
2007-11-26,2088.24,241,8.09474,1.80332,95.5661,3,1.05857,2.54808,2.12321,-0.0060615,2.54808,9.37119,6.83206,29.3629
2007-11-27,2089.11,228,7.72991,1.12144,96.7473,3,0.744005,1.49887,1.56991,-0.0819012,1.49887,10.4489,5.86614,30.4322
2007-11-28,2094.74,210,7.72857,0.142898,97.3191,3,0.810401,-0.524604,1.70298,-0.0821792,-0.524604,11.1934,5.09611,31.0296
2007-11-29,2066.81,215,9.12658,-0.0553241,97.5435,3,0.0392385,-0.149887,-0.129791,0.208268,-0.149887,11.8287,4.61335,31.1014
2007-11-30,2060.42,200,8.74238,-0.663468,96.9755,3,-0.12784,-1.19909,-0.381645,0.125964,-1.19909,12.2307,4.24194,30.5029
2007-12-03,2043.11,208,9.3657,-1.49653,95.2435,3,-0.669823,-2.32325,-1.59204,0.252395,-2.32325,11.8374,4.15209,29.254
2007-12-04,2052.18,211,9.45245,-0.807928,93.4475,3,-0.491706,-1.12415,-1.24956,0.266152,-1.12415,11.0213,3.95494,28.4712
2007-12-05,2057.4,205,9.45024,-0.362036,90.9018,3,-0.499243,-0.22483,-1.26057,0.26208,-0.22483,10.2441,3.96122,26.6966
2007-12-06,2036.6,194,10.0949,-0.862173,86.4754,3,-0.300421,-1.42392,-0.995406,0.394565,-1.42392,8.88525,4.09314,23.497
2007-12-07,2023.18,185,10.2266,-0.6971,81.8988,3,-0.419935,-0.974264,-1.25966,0.419793,-0.974264,7.26862,4.17988,20.4503
2007-12-10,2016.77,177,10.0222,-1.20009,74.5795,3,-0.226815,-2.17336,-0.831489,0.377858,-2.17336,5.6458,4.27624,14.6575
2007-12-11,2009.83,190,10.0644,-0.957591,66.8063,3,-0.529742,-1.38544,-1.4445,0.385016,-1.38544,3.15382,4.2919,9.3606
2007-12-12,2005.82,188,9.96071,-0.890099,60.4392,3,-0.715213,-1.06499,-1.79193,0.361498,-1.06499,-0.17823,4.35426,6.26319
2007-12-13,2003.9,177,9.43106,-0.735941,55.2147,3,-0.406896,-1.06499,-1.06254,0.248749,-1.06499,-1.68186,4.17367,2.7229
2007-12-14,2017.36,171,9.47948,-0.3695,50.7528,3,0.112989,-0.851988,-0.0302414,0.256219,-0.851988,-2.31362,4.10703,-1.04058
2007-12-17,2009.85,180,9.52897,0.229769,48.1005,3,0.0949484,0.36459,-0.073403,0.2633,0.36459,-2.3484,4.08194,-3.63304
2007-12-18,2006.48,185,9.10178,-0.0542438,43.5741,3,0.116343,-0.22483,0.0613384,0.171347,-0.22483,-2.79546,3.97553,-7.60592
2007-12-19,2007.98,192,9.09536,0.334817,39.0454,3,0.219974,0.449661,0.270503,0.169446,0.449661,-2.85904,3.96461,-12.0602
2007-12-20,2005.92,198,8.28621,0.928151,36.8685,3,0.132603,1.7237,0.265168,3.86661e-05,1.7237,-4.40548,3.82631,-12.5523
2007-12-21,2000.58,187,8.2684,0.541025,34.9178,3,-0.230472,1.31252,-0.45726,-0.00368469,1.31252,-6.1129,3.71308,-12.6824
2007-12-24,1993.08,180,7.67262,-0.0735889,28.5318,3,-0.293014,0.145836,-0.456391,-0.129636,0.145836,-8.28168,3.49981,-16.6863
2007-12-25,1989.7,180,7.60861,-0.259277,24.2209,3,-0.2998,-0.218754,-0.455627,-0.143973,-0.218754,-9.85209,3.35387,-19.2809
2007-12-26,1989.7,177,7.42577,-0.64676,21.9239,3,-0.345586,-0.947933,-0.506995,-0.184178,-0.947933,-11.5992,3.20811,-19.685
2007-12-27,1987.81,177,6.23243,-0.927631,19.5385,3,-0.469822,-1.38544,-0.496196,-0.443448,-1.38544,-11.6719,2.58892,-21.3785
2007-12-28,2001.72,186,6.96804,0.028023,21.4162,3,-0.0168719,0.0729179,0.251628,-0.285372,0.0729179,-11.3207,2.27719,-19.5404
2007-12-31,2014.76,195,6.99645,0.808643,28.3825,3,0.377682,1.2396,1.03557,-0.280211,1.2396,-9.48832,1.90494,-14.0341
2008-01-01,2014.76,195,6.73773,0.823744,33.8922,3,0.407883,1.2396,1.15366,-0.33789,1.2396,-7.49799,1.39261,-10.0024
2008-01-02,2014.76,208,6.62407,1.36778,40.133,3,0.3926,2.34297,1.1479,-0.362696,2.34297,-5.36017,0.827975,-5.3348
2008-01-03,2012.82,210,5.68337,1.3551,48.4936,3,0.288951,2.42125,1.14589,-0.567987,2.42125,-3.37196,-0.0818637,1.94742
2008-01-04,2013.27,220,5.22161,1.18784,55.6686,3,-0.0187609,2.39444,0.631238,-0.66876,2.39444,-1.56313,-1.11682,8.34856
2008-01-07,2013.98,219,5.10816,0.728103,62.8186,3,-0.263746,1.71995,0.163027,-0.690518,1.71995,-0.608573,-2.10252,15.5297
2008-01-08,2013.98,220,4.94993,0.737011,68.7644,3,-0.279654,1.75368,0.163027,-0.722334,1.75368,0.87929,-3.07367,20.9588
2008-01-09,2000.91,235,5.43907,0.706829,73.9553,3,-0.474915,1.88857,-0.333405,-0.616426,1.88857,2.15716,-3.86291,25.6611
2008-01-10,2004.7,221,5.47499,0.225241,76.8504,3,-0.358908,0.809389,-0.109168,-0.608647,0.809389,2.94916,-4.53751,28.4388
2008-01-11,2003.74,226,4.87429,0.0139603,77.9533,3,-0.444223,0.472144,-0.151725,-0.736721,0.472144,2.81872,-5.3605,30.4951
2008-01-14,1985.35,229,5.70051,0.0132277,77.3342,3,-0.715484,0.74194,-0.87266,-0.558309,0.74194,2.13561,-6.10292,31.3015
2008-01-15,1949.43,241,8.47446,0.18839,78.0272,3,-1.1071,1.48388,-2.25469,0.0404948,1.48388,0.115748,-6.18321,34.0947
2008-01-16,1948.91,238,8.44732,-0.300861,76.1859,3,-0.871519,0.269796,-1.7736,0.0305615,0.269796,-1.68004,-6.39237,34.2583
2008-01-17,1960.49,250,8.84898,0.673325,75.4247,3,-0.676821,2.02347,-1.46658,0.112938,2.02347,-3.2199,-6.3267,34.9713
2008-01-18,1947.6,259,9.04636,0.703788,75.9124,3,-0.885693,2.29327,-1.92638,0.154999,2.29327,-4.50336,-6.16553,36.5813
2008-01-21,1968.13,259,9.91332,1.02077,79.0509,3,-0.0493716,2.09092,-0.44025,0.341507,2.09092,-4.38085,-5.61172,39.0435
2008-01-22,1968.13,280,9.90739,1.65004,83.9124,3,0.635836,2.66424,0.932136,0.339536,2.66424,-3.0351,-4.9473,41.8948
2008-01-23,2007.41,285,12.2564,2.40052,90.0151,3,1.63092,3.17011,2.42323,0.838616,3.17011,-0.580167,-3.7471,44.3424
2008-01-24,2005.08,251,12.2598,0.708793,92.4921,3,1.35014,0.0674491,1.8685,0.831778,0.0674491,1.12115,-2.64543,44.0164
2008-01-25,1970.65,257,13.5098,0.486198,93.0938,3,1.07357,-0.101174,1.05501,1.09213,-0.101174,1.66186,-1.64603,43.0779
2008-01-28,1961.3,259,13.2947,0.265118,92.3758,3,0.496511,0.0337245,-0.0415456,1.03457,0.0337245,0.930544,-0.746053,42.1913
2008-01-29,1969.65,253,13.4365,-0.548369,90.312,3,0.656939,-1.75368,0.264706,1.04917,-1.75368,0.315076,0.247741,39.7491
2008-01-30,1946.54,239,13.948,-1.72783,84.2157,3,-0.420453,-3.03521,-1.98635,1.14544,-3.03521,-2.21009,1.50246,34.9233
2008-01-31,1939.6,256,13.9599,-0.0662186,80.7132,3,-0.503407,0.37097,-2.14552,1.13871,0.37097,-5.08253,3.00558,32.7902
2008-02-01,1939.77,257,13.9573,0.056479,77.6114,3,0.112958,0,-0.902749,1.12867,0,-6.55527,4.65103,29.5156
2008-02-04,1921.94,251,14.169,-0.281251,74.6195,3,-0.0229085,-0.539593,-1.20585,1.16003,-0.539593,-7.91349,6.39622,26.1368
2008-02-05,1917.26,263,14.142,0.206991,72.9683,3,-0.260509,0.674491,-1.66613,1.14511,0.674491,-9.63697,8.13852,24.4667
2008-02-06,1928.3,262,14.344,0.960292,73.7646,3,0.369256,1.55133,-0.44348,1.18199,1.55133,-9.68931,9.70671,23.7472
2008-02-07,1929.7,247,14.3096,-0.0475925,72.9069,3,0.511857,-0.607042,-0.14278,1.16649,-0.607042,-9.76949,11.3512,21.3252
2008-02-08,1935.49,262,14.4084,0.478789,74.3597,3,0.620332,0.337245,0.0597209,1.18094,0.337245,-9.49486,12.9581,20.8964
2008-02-11,1923.08,262,14.2493,0.721285,76.4919,3,0.700631,0.74194,0.254809,1.14645,0.74194,-8.3682,14.2662,20.5939
2008-02-12,1912.8,252,12.9224,-0.140625,75.5135,3,0.46069,-0.74194,0.0513613,0.870018,-0.74194,-6.38906,15.0983,16.8043
2008-02-13,1901.38,246,13.0414,-0.508808,74.884,3,0.0615689,-1.07919,-0.759584,0.882722,-1.07919,-5.51656,15.9185,14.482
2008-02-14,1898.4,247,12.7641,-0.0218684,72.7188,3,-0.0437368,0,-0.910523,0.823049,0,-5.09088,16.7715,11.0381
2008-02-15,1894.87,255,12.6287,-0.346172,69.2826,3,-0.220201,-0.472144,-1.23041,0.790006,-0.472144,-4.54526,17.654,6.17384
2008-02-18,1905.37,255,12.1236,-0.15148,65.2367,3,0.13546,-0.438419,-0.416553,0.687473,-0.438419,-4.59787,18.2658,1.56881
2008-02-19,1905.37,252,12.1236,0.15756,59.8292,3,0.31512,0,-0.0504553,0.680695,0,-5.5955,18.8646,-3.43994
2008-02-20,1890.74,241,9.28738,-0.179076,50.0848,3,-0.0209066,-0.337245,-0.166635,0.124822,-0.337245,-8.12465,18.3785,-10.1691
2008-02-21,1910.81,251,10.4528,0.385387,48.8505,3,0.500977,0.269796,0.657566,0.344388,0.269796,-9.27886,17.911,-9.78155
2008-02-22,1895.85,244,9.11668,-0.270744,45.9681,3,0.166728,-0.708215,0.249185,0.0842709,-0.708215,-10.0319,16.9228,-10.9227
2008-02-25,1892,229,9.05596,-0.892418,41.606,3,-0.098609,-1.68623,-0.263827,0.0666088,-1.68623,-10.1848,15.9088,-14.118
2008-02-26,1887.97,229,8.76957,-0.842002,40.5135,3,-0.200125,-1.48388,-0.405967,0.00571668,-1.48388,-10.7973,14.8892,-13.5784
2008-02-27,1879.19,232,8.06135,-0.350977,45.686,3,-0.162362,-0.539593,-0.193555,-0.131168,-0.539593,-9.17249,13.7872,-8.92873
2008-02-28,1854.87,248,8.98834,-0.498884,44.0484,3,-0.862869,-0.134898,-1.77301,0.0472732,-0.134898,-8.80207,12.7252,-9.8747
2008-02-29,1843.59,258,9.04459,0.107642,44.2416,3,-0.796452,1.01174,-1.64842,0.0555179,1.01174,-9.51324,11.7078,-7.95297
2008-03-03,1845.17,270,8.75918,1.05369,49.3168,3,-0.725486,2.83286,-1.44997,-0.00100459,2.83286,-9.77898,10.6403,-1.54459
2008-03-04,1849.46,260,8.89233,0.797114,51.5688,3,-0.564143,2.15837,-1.14434,0.0160521,2.15837,-9.27916,9.56102,1.28689
2008-03-05,1841.61,247,8.46553,0.244379,48.8368,3,-0.590428,1.07919,-1.11442,-0.0664386,1.07919,-9.92037,8.37103,0.386112
2008-03-06,1856.69,252,9.19689,0.244323,49.9508,3,0.185126,0.303521,0.307198,0.0630534,0.303521,-9.4924,7.31929,2.12392
2008-03-07,1880.12,265,10.4177,0.699835,50.7945,3,0.927526,0.472144,1.56089,0.294163,0.472144,-8.05942,6.47268,2.38121
2008-03-10,1902.17,273,11.219,0.784707,51.0365,3,1.36707,0.202347,2.28748,0.446655,0.202347,-6.11966,5.80469,1.35143
2008-03-11,1864.78,251,13.0703,0.111088,51.9965,3,0.795493,-0.573317,0.793938,0.797049,-0.573317,-5.4095,5.73332,1.67269
2008-03-12,1865.98,259,12.9644,0.893197,57.3073,3,0.943281,0.843113,1.11282,0.773744,0.843113,-3.60469,5.60004,5.31192
2008-03-13,1853.41,259,13.1277,0.484052,59.1967,3,0.462236,0.505868,0.121988,0.802485,0.505868,-2.61623,5.56191,6.25098
2008-03-14,1856.01,269,13.157,0.195496,61.196,3,0.0874708,0.303521,-0.624767,0.799708,0.303521,-2.03446,5.54648,7.68396
2008-03-17,1843.95,286,13.0545,0.186785,62.43,3,-0.536992,0.910563,-1.84673,0.772745,0.910563,-3.37016,5.60876,10.1914
2008-03-18,1857.55,271,13.4319,0.896619,65.0808,3,0.410531,1.38271,-0.0157616,0.836824,1.38271,-3.31047,5.70851,12.6828
2008-03-19,1823.11,277,14.645,0.559235,67.6574,3,-0.129338,1.24781,-1.314,1.05532,1.24781,-4.33617,6.51109,15.4825
2008-03-20,1815.65,277,13.9072,0.569715,68.2883,3,-0.108379,1.24781,-1.12817,0.911409,1.24781,-5.96644,7.01508,17.2397
2008-03-21,1815.65,277,13.7889,0.201349,69.8797,3,-0.170619,0.573317,-1.21772,0.876478,0.573317,-7.26223,7.68745,19.4545
2008-03-24,1815.65,257,13.8102,-0.938491,69.726,3,0.0453175,-1.9223,-0.776635,0.86727,-1.9223,-7.73599,8.42445,19.0375
2008-03-25,1815.65,259,13.8295,-0.484757,70.9086,3,-0.19385,-0.775664,-1.25792,0.87022,-0.775664,-8.46451,9.16035,20.2127
2008-03-26,1835.01,262,14.4795,-0.0702268,71.8225,3,0.837558,-0.978012,0.686829,0.988287,-0.978012,-7.62802,10.1278,19.3227
2008-03-27,1821.31,254,14.0051,-0.418242,72.0824,3,0.681121,-1.5176,0.462845,0.899397,-1.5176,-5.59943,10.8823,16.7995
2008-03-28,1810.68,255,13.9932,-0.481876,70.1559,3,0.486404,-1.45016,0.0764984,0.896309,-1.45016,-4.08363,11.7586,12.4809
2008-03-31,1821.6,258,14.1973,0.385549,67.9022,3,0.703649,0.0674491,0.476173,0.931125,0.0674491,-2.35185,12.7381,7.51597
2008-04-01,1834.96,244,14.4436,-0.0246557,65.0379,3,0.962425,-1.01174,0.95488,0.96997,-1.01174,-0.423213,13.7656,1.69547
2008-04-02,1827.94,236,14.4294,-0.63453,61.8771,3,0.484615,-1.75368,0.00186305,0.967368,-1.75368,0.621926,14.8686,-3.61349
2008-04-03,1826.34,229,14.0732,-0.506206,59.1128,3,0.673816,-1.68623,0.445813,0.901818,-1.68623,0.756973,15.7561,-7.40034
2008-04-04,1824.39,231,13.1585,-0.434318,54.8525,3,0.750142,-1.61878,0.766797,0.733487,-1.61878,0.00592599,16.2746,-11.428
2008-04-07,1816.28,222,12.2309,-1.05571,47.841,3,0.316746,-2.42817,0.0648036,0.568689,-2.42817,-2.11395,16.4233,-16.4684
2008-04-08,1811.23,223,10.3382,-0.808302,44.3498,3,-0.200173,-1.41643,-0.61348,0.213134,-1.41643,-3.44636,15.8209,-18.0248
2008-04-09,1812.85,232,10.3454,-0.137652,40.4881,3,-0.0392327,-0.236072,-0.29232,0.213855,-0.236072,-4.75282,15.193,-19.9522
2008-04-10,1799.07,222,10.4092,-0.333189,37.4892,3,-0.261684,-0.404694,-0.741957,0.218589,-0.404694,-5.52928,14.5359,-21.5174
2008-04-11,1791.63,228,10.3911,-0.250885,35.8814,3,-0.366873,-0.134898,-0.943318,0.209572,-0.134898,-5.80044,13.9157,-22.2339
2008-04-14,1792.49,224,10.2626,-0.00671377,35.1919,3,-0.215775,0.202347,-0.612282,0.180732,0.202347,-4.63725,13.3329,-23.5037
2008-04-15,1792.69,219,9.75175,-0.186867,31.4262,3,-0.171387,-0.202347,-0.419158,0.0763834,-0.202347,-4.94068,12.442,-26.0751
2008-04-16,1797.89,201,7.5397,-1.16951,25.8103,3,-0.315539,-2.02347,-0.284632,-0.346446,-2.02347,-3.87779,10.8263,-31.1381
2008-04-17,1798.89,200,7.44142,-0.734011,21.9484,3,-0.0515915,-1.41643,0.263406,-0.366589,-1.41643,-2.56572,9.42335,-34.9092
2008-04-18,1792.87,201,7.50855,-0.884864,19.001,3,-0.0160514,-1.75368,0.316722,-0.348825,-1.75368,-1.20364,8.14579,-37.9412
2008-04-21,1785.17,204,7.61522,-0.722646,19.5665,3,-0.163759,-1.28153,-0.00239934,-0.325118,-1.28153,-0.552682,7.1773,-37.0582
2008-04-22,1780.79,208,7.62892,-0.460883,19.6296,3,-0.247276,-0.674491,-0.177037,-0.317514,-0.674491,0.365406,6.17233,-36.9081
2008-04-23,1775.08,209,6.311,0.0111688,19.8459,3,-0.584704,0.607042,-0.599997,-0.569411,0.607042,-0.729456,4.8585,-34.2831
2008-04-24,1765.3,203,6.10493,-0.269198,20.2457,3,-0.808192,0.269796,-1.01339,-0.602989,0.269796,-1.99354,3.59239,-31.3532
2008-04-25,1765.75,202,5.91756,-0.280763,20.7927,3,-0.696423,0.134898,-0.755115,-0.637731,0.134898,-2.71721,2.29259,-28.7827
2008-04-28,1775.22,202,5.81316,-0.204026,19.2138,3,-0.374327,-0.0337245,-0.0858732,-0.662781,-0.0337245,-3.15409,0.910841,-28.5429
2008-04-29,1767.73,205,4.92474,-0.294956,18.5152,3,-0.522463,-0.0674491,-0.205685,-0.83924,-0.0674491,-4.1081,-0.616157,-26.7606
2008-04-30,1780.21,202,5.78497,-0.207539,19.6261,3,-0.0778336,-0.337245,0.510364,-0.666031,-0.337245,-3.72045,-2.01065,-24.6428
2008-05-01,1767.27,189,6.15605,-0.455355,19.761,3,-0.101321,-0.809389,0.389388,-0.592029,-0.809389,-3.77312,-3.28403,-23.1818
2008-05-02,1767.27,185,6.18093,-0.558454,19.4326,3,-0.105171,-1.01174,0.374176,-0.584519,-1.01174,-4.09454,-4.39179,-22.0811
2008-05-05,1756.25,183,6.32296,-0.823711,20.0491,3,-0.500788,-1.14663,-0.449772,-0.551805,-1.14663,-4.55691,-5.37269,-20.0213
2008-05-06,1756.25,174,6.33572,-1.15131,19.1417,3,-0.346598,-1.95602,-0.143447,-0.549748,-1.95602,-4.12087,-5.97252,-20.7649
2008-05-07,1769.32,183,7.05057,-0.702733,17.7028,3,-0.258833,-1.14663,-0.11699,-0.400676,-1.14663,-3.91526,-6.3986,-21.9833
2008-05-08,1787.62,193,7.7252,0.420344,19.6371,3,0.435994,0.404694,1.13065,-0.258666,0.404694,-2.40002,-6.92836,-21.0345
2008-05-09,1793.13,199,7.67613,0.809224,22.5656,3,0.539262,1.07919,1.34078,-0.262255,1.07919,-0.470689,-7.51412,-19.4496
2008-05-12,1781.79,196,7.99985,0.791553,24.9249,3,0.57137,1.01174,1.33215,-0.189411,1.01174,1.24422,-7.97087,-18.3484
2008-05-13,1781.29,185,7.99839,0.714611,27.7392,3,0.552385,0.876838,1.29357,-0.188804,0.876838,2.80996,-8.3487,-16.722
2008-05-14,1780.01,180,7.90806,0.0934134,31.9257,3,0.254276,-0.0674491,0.71497,-0.206418,-0.0674491,3.7882,-8.39322,-13.4692
2008-05-15,1787.65,179,8.08278,-0.371898,33.1734,3,0.0655935,-0.809389,0.296928,-0.165741,-0.809389,3.83851,-8.25023,-12.4149
2008-05-16,1792.94,169,8.07834,-0.910303,33.0851,3,0.0679691,-1.88857,0.290413,-0.154475,-1.88857,3.81286,-8.06768,-12.6601
2008-05-19,1785.04,172,8.08634,-0.670658,33.2656,3,0.142563,-1.48388,0.429088,-0.143961,-1.48388,4.21479,-7.90574,-13.0435
2008-05-20,1779.35,184,8.12011,0.0560304,35.081,3,0.0446118,0.0674491,0.223554,-0.134331,0.0674491,4.61569,-7.78728,-11.7475
2008-05-21,1787.59,180,8.19003,0.191372,35.7222,3,0.247845,0.134898,0.614239,-0.118549,0.134898,5.75876,-7.38293,-12.6536
2008-05-22,1779.48,168,8.1039,-0.341187,35.4655,3,-0.0753314,-0.607042,-0.0188685,-0.131794,-0.607042,6.68143,-6.93736,-14.2785
2008-05-23,1779.59,178,8.10464,0.281953,37.4884,3,-0.178033,0.74194,-0.230525,-0.125541,0.74194,7.21458,-6.49929,-13.2269
2008-05-26,1777.98,178,7.89858,0.23468,39.0901,3,-0.0702324,0.539593,0.029186,-0.169651,0.539593,7.35277,-6.06151,-12.2012
2008-05-27,1777.98,172,7.73375,-0.320684,38.9956,3,0.0331225,-0.674491,0.266266,-0.20002,-0.674491,7.79566,-5.45803,-13.342
2008-05-28,1772.55,173,7.38822,-0.310549,38.618,3,-0.283853,-0.337245,-0.299994,-0.267711,-0.337245,7.02585,-5.07814,-13.3297
2008-05-29,1767.41,163,6.98345,-0.233262,39.4334,3,-0.264177,-0.202347,-0.171594,-0.35676,-0.202347,6.51063,-4.86623,-12.211
2008-05-30,1755.95,156,7.35577,-0.907974,38.1524,3,-0.466966,-1.34898,-0.658362,-0.27557,-1.34898,5.51967,-4.56057,-12.8067
2008-06-02,1744.01,161,7.41902,-0.844204,38.0777,3,-0.676672,-1.01174,-1.09721,-0.25613,-1.01174,4.91015,-4.28182,-12.5506
2008-06-03,1744.01,170,7.41902,-0.336808,41.079,3,-0.673616,0,-1.09423,-0.253005,0,4.04405,-4.03028,-8.93477
2008-06-04,1730.61,166,7.26087,-0.600621,41.4594,3,-0.863997,-0.337245,-1.44033,-0.287666,-0.337245,2.79391,-3.92615,-7.40838
2008-06-05,1728.76,163,5.8856,-0.407856,38.4004,3,-0.950611,0.134898,-1.3018,-0.599423,0.134898,0.487433,-4.22049,-7.86654
2008-06-06,1709.95,173,6.45994,0.116029,35.8937,3,-1.04947,1.28153,-1.63305,-0.465901,1.28153,-2.29317,-4.3806,-7.43257
2008-06-09,1702.44,173,6.33727,-0.0142458,33.0549,3,-0.972779,0.944287,-1.4522,-0.493357,0.944287,-4.8444,-4.61777,-7.48292
2008-06-10,1687.13,167,6.72141,-0.66655,28.4156,3,-1.26565,-0.0674491,-2.12691,-0.404395,-0.0674491,-7.83666,-4.7148,-9.03296
2008-06-11,1696.79,176,7.33406,0.0583095,28.3018,3,-0.69277,0.809389,-1.12441,-0.261133,0.809389,-9.49526,-4.76139,-7.44152
2008-06-12,1700.94,170,7.13835,0.0120997,29.5579,3,-0.582842,0.607042,-0.862075,-0.303609,0.607042,-10.6124,-4.91807,-4.91164
2008-06-13,1705.35,166,7.10249,-0.20774,31.9198,3,-0.078234,-0.337245,0.147662,-0.30413,-0.337245,-10.8601,-5.1097,-2.11033
2008-06-16,1707.87,170,7.19947,0.0446339,34.4024,3,0.156717,-0.0674491,0.589688,-0.276254,-0.0674491,-10.8166,-5.28238,0.501384
2008-06-17,1684.52,172,8.28712,0.29046,35.2315,3,0.108776,0.472144,0.230203,-0.0126496,0.472144,-10.8414,-5.18411,1.25705
2008-06-18,1655.42,183,9.32112,-0.015351,34.5,3,-0.637744,0.607042,-1.5148,0.239315,0.607042,-12.7932,-4.83846,2.13162
2008-06-19,1652.41,180,9.34394,0.0070235,35.7354,3,-0.795342,0.809389,-1.83632,0.24564,0.809389,-14.5429,-4.50635,4.78467
2008-06-20,1670.31,181,10.6052,0.408601,36.1885,3,-0.329432,1.14663,-1.21594,0.557074,1.14663,-15.4848,-3.87473,5.54805
2008-06-23,1678.82,181,10.981,0.36587,36.66,3,-0.145098,0.876838,-0.94246,0.652264,0.876838,-16.4164,-3.11091,6.18735
2008-06-24,1713.63,189,13.7576,1.38619,42.9531,3,1.49084,1.28153,1.64383,1.33785,1.28153,-15.3398,-1.6949,9.98783
2008-06-25,1748.04,196,15.7538,1.96355,51.5956,3,2.91536,1.01174,4,1.83073,1.01174,-11.3143,0.298476,12.6114
2008-06-26,1783.44,216,17.3528,2.83792,63.075,3,3.11278,2.56306,4,2.22555,2.56306,-7.20267,2.71218,17.5655
2008-06-27,1832.81,219,19.5646,3.0419,76.1689,3,3.38583,2.69796,4,2.77165,2.69796,-2.66496,5.2259,23.6079
2008-06-30,1923.02,221,25.1323,3.39957,86.8167,3,4,2.79914,4,4,2.79914,1.62834,8.0347,27.1536
2008-07-01,1923.02,228,25.1323,3.34898,92.9274,3,4,2.69796,4,4,2.69796,5.00052,10.0914,27.8355
2008-07-02,1915.44,228,24.9166,3.11291,96.6052,3,4,2.22582,4,4,2.22582,7.6942,11.4418,27.4692
2008-07-03,1818.6,223,32.0771,1.71796,97.8775,3,2.89633,0.539593,1.79265,4,0.539593,8.8584,13.1718,25.8473
2008-07-04,1748.43,223,35.1021,0.365794,97.9963,3,0.394342,0.337245,-3.21132,4,0.337245,7.89445,15.5481,24.5537
2008-07-07,1748.43,226,35.0451,0.202347,98.0947,3,0,0.404694,-4,4,0.404694,6.41822,17.9169,23.7595
2008-07-08,1719.48,228,35.449,0.0337245,98.3851,3,0,0.0674491,-4,4,0.0674491,5.24225,19.8421,23.3008
2008-07-09,1736.49,227,35.5528,0,98.3624,3,0,0,-4,4,0,3.69555,22.1932,22.4737
2008-07-10,1728.74,231,35.6043,0.44366,98.5238,3,0.280278,0.607042,-3.43944,4,0.607042,2.26309,24.1398,22.1209
2008-07-11,1768.09,230,36.4287,1.55764,99.0494,3,2.57568,0.539593,1.15137,4,0.539593,2.62494,24.7971,21.6274
2008-07-14,1778.8,236,36.4593,1.76855,99.3968,3,2.79517,0.74194,1.59034,4,0.74194,2.94082,25.3445,21.1114
2008-07-15,1753.51,237,36.4916,1.76017,99.5986,3,2.87958,0.640766,1.75916,4,0.640766,3.48045,25.894,20.2242
2008-07-16,1777.17,228,35.9509,1.54024,99.7442,3,3.01131,0.0691785,2.02261,4,0.0691785,4.80844,26.1877,18.7481
2008-07-17,1768.53,212,36.0277,0.856989,99.8018,3,2.99551,-1.28153,1.99102,4,-1.28153,6.26059,27.0302,16.511
2008-07-18,1757.79,209,36.0669,0.258633,99.7926,3,1.9337,-1.41643,-0.132606,4,-1.41643,6.74084,28.5909,14.4609
2008-07-21,1788.24,210,36.433,0.312035,99.7892,3,2.34402,-1.71995,0.688041,4,-1.71995,7.43109,30.0336,12.3245
2008-07-22,1802.01,203,35.9022,0.464855,99.7226,3,3.15553,-2.22582,2.31106,4,-2.22582,7.94315,32.0884,9.69106
2008-07-23,1797.43,198,35.3416,0.302781,99.5532,3,2.56158,-1.95602,1.12317,4,-1.95602,7.093,34.906,7.55419
2008-07-24,1772.25,208,35.0286,1.01024,99.2648,3,2.22282,-0.202347,0.44565,4,-0.202347,5.84039,38.0473,5.37711
2008-07-25,1777.1,199,33.5118,0.967373,98.7491,3,2.54179,-0.607042,1.08358,4,-0.607042,4.77371,41.6224,2.35299
2008-07-28,1785.17,207,28.0929,0.973546,97.7733,3,2.08199,-0.134898,0.163981,4,-0.134898,3.03682,45.5017,-0.765295
2008-07-29,1764.48,201,28.1928,0.657332,96.007,3,1.38211,-0.0674491,-1.23577,4,-0.0674491,0.0650159,50.2622,-4.32026
2008-07-30,1789.68,202,28.9473,1.16815,94.126,3,1.99041,0.345893,-0.0191721,4,0.345893,-2.64001,53.937,-7.17106
2008-07-31,1792.24,209,22.5921,1.22142,93.5484,3,2.30084,0.141998,1.10801,3.49367,0.141998,-3.1568,54.5495,-7.84436
2008-08-01,1800.54,212,17.4233,1.36259,94.666,3,1.73119,0.993986,1.24495,2.21743,0.993986,-0.0954022,51.4617,-6.70026
2008-08-04,1779.97,211,18.0189,0.794142,95.2532,3,1.22369,0.36459,0.0828863,2.3645,0.36459,2.55305,49.3103,-6.61017
2008-08-05,1771.31,208,16.945,0.969882,96.0752,3,1.34022,0.599547,0.58109,2.09934,0.599547,5.33649,46.4598,-5.72107
2008-08-06,1772.16,208,16.6559,0.662891,96.5841,3,0.801178,0.524604,-0.425599,2.02796,0.524604,7.39252,44.1333,-4.9417
2008-08-07,1782.92,216,16.6148,0.783501,96.8232,3,0.967455,0.599547,-0.0828994,2.01781,0.599547,9.3263,42.386,-4.88906
2008-08-08,1782.92,217,14.6532,0.500761,96.0311,3,0.551861,0.449661,-0.426351,1.53007,0.449661,8.70681,42.5205,-5.19627
2008-08-11,1816.25,216,15.9048,1.13219,95.4812,3,1.81473,0.449661,1.7937,1.83575,0.449661,9.04275,42.1328,-5.69431
2008-08-12,1821.76,220,14.8389,1.47439,95.2151,3,1.97451,0.974264,2.37645,1.57257,0.974264,9.53807,40.998,-5.32094
2008-08-13,1836.25,217,14.3969,1.45341,95.1318,3,2.17763,0.729179,2.89606,1.4592,0.729179,10.137,39.473,-4.4782
2008-08-14,1854.16,221,14.4527,1.34976,95.5895,3,2.29847,0.401049,3.13056,1.46639,0.401049,10.6854,37.1502,-2.24621
2008-08-15,1853.45,225,14.1486,1.40672,96.5219,3,2.23011,0.583343,3.07268,1.38753,0.583343,12.2094,34.0136,0.298969
2008-08-18,1882.11,229,13.9124,1.51003,97.3158,3,2.07213,0.947933,2.82017,1.32408,0.947933,12.9307,30.9692,3.41586
2008-08-19,1882.11,228,13.8046,1.2654,97.757,3,1.94745,0.583343,2.6042,1.2907,0.583343,12.7199,28.5218,6.5154
2008-08-20,1891.99,233,13.7278,1.48612,98.2963,3,1.83625,1.13598,2.40279,1.26972,1.13598,12.8738,25.8145,9.60791
2008-08-21,1880.69,228,12.683,0.82011,98.2179,3,1.14323,0.496993,1.27875,1.00771,0.496993,13.4215,24.3532,10.4432
2008-08-22,1864.26,226,13.3516,0.496787,98.0107,3,0.922575,0.070999,0.682185,1.16296,0.070999,13.4323,23.195,11.3834
2008-08-25,1872.07,233,13.3447,0.405786,97.7339,3,0.527576,0.283996,-0.0988618,1.15401,0.283996,13.5673,22.0637,12.1028
2008-08-26,1873.94,232,12.2943,0.356035,97.5742,3,0.428074,0.283996,-0.0290138,0.885161,0.283996,14.4156,20.5146,12.644
2008-08-27,1892.06,231,11.8431,0.187882,96.988,3,0.5216,-0.145836,0.277924,0.765275,-0.145836,15.1263,19.3384,12.5233
2008-08-28,1887.71,227,11.973,0.294484,96.3301,3,0.663912,-0.0749434,0.535989,0.791836,-0.0749434,15.2993,18.3398,12.691
2008-08-29,1907.97,223,12.2973,0.59646,95.7015,3,1.38028,-0.187359,1.89671,0.863847,-0.187359,16.1509,18.0015,11.5491
2008-09-01,1932.2,223,11.5087,0.449535,95.3917,3,1.57356,-0.674491,2.48709,0.660029,-0.674491,17.9054,17.1307,10.3556
2008-09-02,1932.2,230,11.1278,0.702167,95.1388,3,1.47928,-0.0749434,2.40665,0.551902,-0.0749434,19.2691,16.291,9.5788
2008-09-03,1975.1,235,12.6463,1.22923,95.6612,3,2.08375,0.374717,3.25328,0.914217,0.374717,21.2214,15.2479,9.19191
2008-09-04,1992.59,242,12.7025,1.7973,96.4825,3,2.43299,1.16162,3.95506,0.910911,1.16162,22.926,14.0101,9.54636
2008-09-05,2017.53,242,12.7478,1.93832,97.4244,3,2.45271,1.42392,4,0.905422,1.42392,24.317,12.9205,10.1869
2008-09-08,2041.81,235,12.1019,1.62854,97.6961,3,2.35776,0.899321,3.97423,0.741286,0.899321,25.1212,12.0592,10.5158
2008-09-09,2031.12,248,12.7001,1.79688,97.8593,3,2.24477,1.34898,3.61821,0.871344,1.34898,25.525,11.5198,10.8146
2008-09-10,2071.24,250,13.6391,1.69344,97.9744,3,2.26273,1.12415,3.44755,1.0779,1.12415,25.6084,11.2045,11.1615
2008-09-11,2081.32,250,13.5738,1.35024,97.9746,3,2.10092,0.599547,3.15465,1.04719,0.599547,25.6215,10.9695,11.3837
2008-09-12,2082.46,248,13.5217,1.068,97.8107,3,1.68635,0.449661,2.34749,1.0252,0.449661,25.533,10.9022,11.3755
2008-09-15,2051.55,291,14.8995,2.47599,98.2508,3,0.951973,4,0.569768,1.33418,4,23.4069,10.5258,14.3181
2008-09-16,2071.29,326,14.9198,2.71809,98.7697,3,1.43619,4,1.54119,1.33119,4,21.6438,10.0021,17.1237
2008-09-17,2109.37,344,15.6645,2.73137,99.1026,3,1.46274,4,1.44372,1.48177,4,20.2186,9.66868,19.2153
2008-09-18,2139.14,317,15.3347,2.84719,99.4776,3,1.69439,4,2.02698,1.36179,4,19.1758,9.16827,21.1335
2008-09-19,2187.01,260,15.1917,1.63384,99.6201,3,2.36836,0.899321,3.43443,1.3023,0.899321,19.671,8.88191,21.0672
2008-09-22,2067.45,254,27.4114,-0.204093,99.5487,3,2.36472,-2.77291,0.740096,3.98935,-2.77291,20.4624,10.3543,18.732
2008-09-23,2045.85,266,27.9312,-1.14367,99.3198,3,1.71265,-4,-0.574696,4,-4,21.2914,12.3949,15.6336
2008-09-24,2077.59,276,28.1489,-1.19007,99.0247,3,1.61986,-4,-0.760271,4,-4,21.8374,14.64,12.5473
2008-09-25,2147.41,271,29.7391,-0.554495,98.7918,3,2.24523,-3.35422,0.490468,4,-3.35422,22.4931,16.7561,9.54262
2008-09-26,2118.31,291,30.5228,1.6066,99.0642,3,1.06867,2.14453,-1.86265,4,2.14453,19.8125,17.7224,11.5293
2008-09-29,2105.61,333,30.6408,3.35638,99.5722,3,2.71275,4,1.4255,4,4,17.4215,17.5181,14.6326
2008-09-30,2174.62,318,32.1424,3.75368,99.8257,3,4,3.50735,4,4,3.50735,16.4105,17.2547,16.1605
2008-10-01,2184.76,324,31.5784,3.47273,99.9143,3,3.7079,3.23756,3.41579,4,3.23756,15.3763,17.277,17.261
2008-10-02,2166.05,350,31.9059,3.18988,99.9461,3,2.37977,4,0.759537,4,4,13.5913,17.7123,18.6425
2008-10-03,2192.69,347,31.8987,3.48201,99.9683,3,3.18688,3.77715,2.37375,4,3.77715,12.4407,18.0367,19.4909
2008-10-06,2160.08,421,32.454,3.4471,99.9835,3,2.8942,4,1.78841,4,4,11.1138,18.2529,20.6168
2008-10-07,2250.73,435,34.9982,3.58431,99.9916,3,3.16861,4,2.33723,4,4,10.2031,18.4204,21.3681
2008-10-08,2261.96,479,34.5813,3.5892,99.996,3,3.17841,4,2.35682,4,4,9.40381,18.4609,22.1313
2008-10-09,2326.41,479,35.5906,4,99.9986,3,4,4,4,4,4,9.07711,18.188,22.7335
2008-10-10,2254.24,564,37.9327,3.47374,99.9995,3,2.94748,4,1.89496,4,4,8.48305,18.0463,23.4702
2008-10-13,2318.63,564,38.1677,4,99.9998,3,4,4,4,4,4,9.10973,18.1682,22.7219
2008-10-14,2318.63,478,38.204,2.94835,99.9998,3,2.9964,2.90031,1.9928,4,2.90031,9.1836,18.7757,22.0405
2008-10-15,2223.94,501,41.3758,1.53126,99.9996,3,1.57863,1.48388,-0.842738,4,1.48388,8.80857,19.9291,21.2619
2008-10-16,2316.54,540,43.3945,2.98141,99.9996,3,1.96283,4,-0.0743408,4,4,8.22404,20.5745,21.2012
2008-10-17,2304.68,521,42.9592,-0.0705383,99.9993,3,2.75923,-2.90031,1.51847,4,-2.90031,8.00449,22.0943,19.9004
2008-10-20,2271.98,530,37.5843,-0.407932,99.9992,3,1.47741,-2.29327,-1.04519,4,-2.29327,7.54535,22.1972,20.2566
2008-10-21,2243.49,585,37.7053,2.54995,99.9998,3,1.09991,4,-1.80018,4,4,6.65941,20.5155,22.825
2008-10-22,2296.32,699,38.1058,3.52215,100,3,3.0443,4,2.08859,4,4,6.73856,18.707,24.5544
2008-10-23,2346.47,741,37.1938,3.23399,100,3,2.46797,4,0.935949,4,4,6.38988,17.469,26.1411
2008-10-24,2361.01,709,36.5765,3.40013,100,3,2.80027,4,1.60053,4,4,6.92901,16.9383,26.1327
2008-10-27,2386.48,672,36.3644,3.76754,100,3,3.53507,4,3.07014,4,4,7.2269,16.8212,25.952
2008-10-28,2379.24,640,35.1569,3.681,100,3,3.80859,3.55341,3.61717,4,3.55341,7.15515,16.8417,26.0031
2008-10-29,2382.31,611,35.1751,-0.420587,100,3,3.15883,-4,2.31765,4,-4,7.40983,18.0235,24.5666
2008-10-30,2374.1,569,34.971,-0.786636,100,3,2.42673,-4,0.853456,4,-4,8.00469,19.415,22.5802
2008-10-31,2359.52,531,35.0472,-0.966435,99.9997,3,2.06713,-4,0.134262,4,-4,8.16646,21.2502,20.583
2008-11-03,2392.28,514,34.5004,-0.921738,99.9978,3,2.15652,-4,0.313046,4,-4,8.56989,23.4241,18.0038
2008-11-04,2392.28,468,31.7898,-0.920985,99.9871,3,2.15803,-4,0.492605,3.82345,-4,8.97529,26.1245,14.8873
2008-11-05,2351.56,493,32.5739,-1.16078,99.931,3,1.67844,-4,-0.586744,3.94363,-4,9.13992,29.7815,11.0095
2008-11-06,2327.78,506,31.3062,-1.31626,99.6429,3,1.36747,-4,-0.973456,3.7084,-4,8.61011,35.0794,5.95344
2008-11-07,2342.65,504,29.0505,-0.126854,99.0503,3,1.523,-1.77671,-0.241127,3.28713,-1.77671,8.68833,39.3944,0.967639
2008-11-10,2317.34,498,27.644,-0.166622,97.4234,3,0.67065,-1.00389,-1.67775,3.01905,-1.00389,6.81225,45.3144,-4.7033
2008-11-11,2281.24,498,28.1982,1.04963,96.1249,3,0.259732,1.83952,-2.593,3.11246,1.83952,4.44168,48.0543,-6.3711
2008-11-12,2281.24,526,23.7067,1.18954,95.8423,3,0.355617,2.02347,-1.59031,2.30155,2.02347,4.02467,47.5862,-5.76861
2008-11-13,2335.02,548,20.4248,1.80255,94.7371,3,1.02976,2.57533,0.357209,1.70232,2.57533,4.48619,48.1546,-7.90371
2008-11-14,2329.82,537,20.3464,1.3954,96.0808,3,0.767322,2.02347,-0.14334,1.67798,2.02347,3.21209,44.1945,-1.32586
2008-11-17,2308.65,539,19.9254,1.64468,97.4798,3,0.775346,2.51401,-0.0423404,1.59303,2.51401,3.55952,39.5685,4.35175
2008-11-18,2308.65,565,19.2916,2.58445,97.4991,3,1.16889,4,0.868568,1.46922,4,5.10206,38.0509,4.3462
2008-11-19,2329.9,601,17.762,2.64391,96.9658,3,1.28783,4,1.38498,1.19067,4,4.84938,37.6265,4.48989
2008-11-20,2342.18,646,16.0818,2.3059,96.3031,3,0.611809,4,0.344061,0.879557,4,4.65169,37.0049,4.64649
2008-11-21,2359.26,646,16.1426,2.43622,95.4941,3,0.872448,4,0.882413,0.862483,4,4.35803,36.3223,4.81373
2008-11-24,2355.71,603,15.6365,2.44826,94.1624,3,1.03354,3.86299,1.30682,0.76025,3.86299,3.38342,35.9147,4.86432
2008-11-25,2314.72,577,16.7406,0.650263,89.9479,3,0.626036,0.674491,0.307617,0.944455,0.674491,1.28135,37.5715,1.09509
2008-11-26,2307.37,574,16.7214,-0.724664,89.4258,3,0.267558,-1.71689,-0.39492,0.930036,-1.71689,-0.753169,35.6269,4.55215
2008-11-27,2324.1,574,16.9917,-1.83019,87.4857,3,0.339621,-4,-0.284646,0.963888,-4,-1.6659,34.4476,4.70401
2008-11-28,2324.1,575,16.8871,-1.94317,85.4563,3,0.113656,-4,-0.702508,0.929821,-4,-2.38699,33.0003,4.84301
2008-12-01,2318,610,15.9935,0.185953,87.742,3,0.00400205,0.367904,-0.761475,0.769479,0.367904,-3.14382,29.4151,11.4707
2008-12-02,2320.12,598,16.0087,0.874876,90.8899,3,0.523404,1.22635,0.288177,0.758631,1.22635,-3.11721,25.5168,18.4903
2008-12-03,2315.35,595,14.9122,0.841071,93.6437,3,0.455795,1.22635,0.352254,0.559336,1.22635,-2.26689,21.5001,24.4104
2008-12-04,2317.48,592,14.5,0.63928,95.6609,3,0.236166,1.04239,-0.00318042,0.475512,1.04239,-1.49382,17.9749,29.1799
2008-12-05,2323.28,583,14.3309,0.358959,96.072,3,0.288697,0.429221,0.139526,0.437867,0.429221,-1.22899,15.8726,31.4284
2008-12-08,2333.54,570,13.8721,-1.03169,95.3164,3,0.450621,-2.51401,0.541144,0.360099,-2.51401,0.16621,14.6639,30.4864
2008-12-09,2333.54,563,12.5161,-0.950746,93.1222,3,0.305932,-2.20742,0.488953,0.122912,-2.20742,2.31922,13.6758,27.1272
2008-12-10,2311.7,546,13.0622,-1.46617,89.0814,3,0.133529,-3.06587,0.0650697,0.201988,-3.06587,3.79296,13.3583,21.9302
2008-12-11,2302.93,539,10.0211,-1.78258,81.2693,3,-0.25403,-3.31114,-0.204432,-0.303627,-3.31114,3.73407,13.1274,14.4079
2008-12-12,2278.29,534,10.6331,-1.82206,71.9054,3,-0.57826,-3.06587,-0.954645,-0.201874,-3.06587,3.27128,12.3787,6.25544
2008-12-15,2273.24,540,10.2175,-1.34856,61.549,3,-0.796291,-1.90084,-1.32162,-0.270967,-1.90084,2.20323,11.1374,-1.79168
2008-12-16,2254.5,542,10.5515,-1.17302,47.3753,3,-0.997061,-1.34898,-1.77869,-0.215436,-1.34898,-0.290911,9.68318,-12.017
2008-12-17,2223.3,512,10.7307,-1.60312,31.8401,3,-1.10783,-2.09842,-2.03001,-0.185643,-2.09842,-3.42217,8.07574,-22.8134
2008-12-18,2173.86,506,12.4988,-1.71343,19.5799,3,-1.47515,-1.95172,-3.05759,0.107286,-1.95172,-6.04844,6.79987,-31.1715
2008-12-19,2163.14,503,11.8065,-1.58051,10.7298,3,-1.36238,-1.79864,-2.71694,-0.00781213,-1.79864,-8.11445,5.40116,-36.5569
2008-12-22,2167.35,506,11.9786,-1.5996,5.17303,3,-1.23193,-1.96726,-2.4805,0.016645,-1.96726,-9.55349,4.20939,-39.4829
2008-12-23,2169.83,499,11.0064,-1.75762,3.15364,3,-1.04212,-2.47313,-1.93924,-0.144989,-2.47313,-10.1009,3.19701,-39.9424
2008-12-24,2180.49,497,11.3789,-0.695192,3.17369,3,-0.491062,-0.899321,-0.899071,-0.0830534,-0.899321,-10.4162,2.58909,-38.9992
2008-12-25,2198.09,497,11.4776,-0.108868,4.54021,3,0.344341,-0.562076,0.755325,-0.0666435,-0.562076,-10.4283,2.09572,-37.1272
2008-12-26,2198.09,498,11.4776,0.0699878,6.69937,3,0.477221,-0.337245,1.02109,-0.0666435,-0.337245,-10.0185,1.56406,-34.8462
2008-12-29,2204.95,506,11.6677,0.232359,6.75719,3,0.520926,-0.0562076,1.07689,-0.0350386,-0.0562076,-8.76221,1.00969,-35.4903
2008-12-30,2234,500,12.8778,0.469311,6.26473,3,0.938622,0,1.71786,0.159384,0,-7.66204,0.586401,-36.6596
2008-12-31,2243.59,498,13.0623,0.46758,5.83639,3,0.935161,0,1.68474,0.185581,0,-6.66353,0.326968,-37.827
2009-01-01,2243.59,498,13.0431,0.358187,5.52945,3,0.716373,0,1.25337,0.179379,0,-5.75906,0.126273,-38.8378
2009-01-02,2243.59,474,12.9683,-0.347997,4.81373,3,0.709196,-1.40519,1.25337,0.165025,-1.40519,-4.88996,-0.0542147,-40.2421
2009-01-05,2234.81,460,12.7799,-1.07132,4.77592,3,0.49912,-2.64176,0.869761,0.128478,-2.64176,-4.66969,-0.204435,-40.35
2009-01-06,2227.24,470,12.7606,-0.843605,4.87871,3,0.0552238,-1.74243,-0.00701192,0.11746,-1.74243,-5.01099,-0.208784,-39.9015
2009-01-07,2197.72,486,13.1217,-0.557235,5.82346,3,-0.383772,-0.730698,-0.940565,0.173022,-0.730698,-5.85477,-0.235235,-38.0865
2009-01-08,2214.13,502,13.5758,0.00931304,8.10073,3,-0.149997,0.168623,-0.546056,0.246063,0.168623,-6.47861,0.143499,-35.5642
2009-01-09,2220.82,505,13.2698,0.794689,12.549,3,-0.0968494,1.68623,-0.386062,0.192363,1.68623,-6.61002,0.463865,-31.3048
2009-01-12,2216.23,515,13.2685,1.49288,19.0484,3,-0.0494504,3.03521,-0.289247,0.190346,3.03521,-6.28566,0.892135,-25.5581
2009-01-13,2216.23,522,13.0115,1.44297,26.5713,3,0.0193454,2.86659,-0.108428,0.147118,2.86659,-5.16511,1.27,-19.5336
2009-01-14,2226.87,532,12.1865,1.47969,37.0366,3,0.430043,2.52934,0.852515,0.00757106,2.52934,-2.70426,1.51016,-11.7693
2009-01-15,2234.4,540,8.82952,1.06107,47.3915,3,0.0424605,2.07968,0.63547,-0.550549,2.07968,0.769744,0.909395,-4.28769
2009-01-16,2249.64,521,8.69803,0.486119,55.2623,3,0.129124,0.843113,0.830658,-0.57241,0.843113,4.14339,0.370214,0.748696
2009-01-19,2227.68,521,9.64953,0.142564,61.7519,3,0.0040906,0.281038,0.422397,-0.414216,0.281038,6.82368,-0.0392557,4.96751
2009-01-20,2227.68,532,9.66166,0.25471,68.8464,3,0.00355172,0.505868,0.419302,-0.412198,0.505868,8.81962,-0.283365,10.3102
2009-01-21,2245.28,522,9.86314,-0.259424,70.305,3,0.0994345,-0.618283,0.57757,-0.378701,-0.618283,10.1042,-0.550721,10.7515
2009-01-22,2245.97,517,9.5566,-0.679136,68.39,3,-0.00929109,-1.34898,0.411084,-0.429666,-1.34898,9.87809,-0.889258,9.4012
2009-01-23,2247.87,514,9.54866,-0.310691,67.0832,3,-0.171721,-0.449661,0.0875438,-0.430985,-0.449661,9.06931,-1.23076,9.24467
2009-01-26,2280.77,504,10.66,-0.228274,65.4737,3,0.555189,-1.01174,1.35659,-0.24621,-1.01174,9.38415,-1.4345,7.52406
2009-01-27,2280.43,500,9.78217,-0.690731,61.3003,3,0.473387,-1.85485,1.33894,-0.392162,-1.85485,9.14527,-1.97166,4.12669
2009-01-28,2310.83,480,10.6555,-0.86689,56.3354,3,0.683145,-2.41693,1.61325,-0.246959,-2.41693,9.16404,-2.40135,-0.427263
2009-01-29,2341.09,478,11.3917,-0.570018,52.8171,3,1.06238,-2.20242,2.24933,-0.124562,-2.20242,10.1448,-2.69931,-4.6284
2009-01-30,2386.58,472,12.8677,-0.318656,52.9288,3,1.63744,-2.27475,3.15775,0.117137,-2.27475,11.9597,-2.74478,-6.28611
2009-02-02,2420.26,489,13.1437,0.39805,58.4751,3,1.64252,-0.84642,3.12409,0.160947,-0.84642,14.0145,-2.69567,-2.84374
2009-02-03,2450.78,476,13.1734,0.333543,62.8047,3,1.96317,-1.29608,3.76083,0.165501,-1.29608,17.4068,-2.62368,-1.97839
2009-02-04,2443.67,476,11.7082,0.602698,66.9184,3,1.42564,-0.220242,2.92937,-0.0780911,-0.220242,20.7454,-2.81975,-1.00721
2009-02-05,2469.02,479,11.822,0.711766,69.3175,3,1.36732,0.0562076,2.79382,-0.0591708,0.0562076,23.5905,-3.07035,-1.2027
2009-02-06,2472.65,464,11.8769,0.235039,67.4122,3,0.919738,-0.449661,1.88953,-0.0500505,-0.449661,25.8864,-3.31956,-5.15465
2009-02-09,2449.49,457,12.7413,-0.697441,59.5519,3,0.403761,-1.79864,0.714278,0.093244,-1.79864,27.4579,-3.49124,-14.4147
2009-02-10,2450.6,475,12.7187,0.0211771,54.2104,3,0.0985618,-0.0562076,0.108279,0.0888443,-0.0562076,27.8805,-3.57422,-20.0958
2009-02-11,2494.07,489,13.4753,0.693775,51.2184,3,0.671765,0.715786,1.13201,0.211517,0.715786,28.1948,-3.38575,-23.5907
2009-02-12,2537.82,497,14.0647,0.926819,50.7061,3,0.89008,0.963558,1.47366,0.306502,0.963558,28.9975,-2.56833,-25.723
2009-02-13,2520.06,477,14.8426,0.696399,51.5084,3,0.732073,0.660726,1.02924,0.434906,0.660726,29.1815,-1.60688,-26.0662
2009-02-16,2509.5,477,14.1853,0.904571,54.4082,3,0.804019,1.00512,1.28522,0.32282,1.00512,29.9506,-0.902124,-24.6402
2009-02-17,2509.5,500,14.1853,1.01342,57.2724,3,0.781628,1.24521,1.24284,0.32042,1.24521,30.626,-0.203747,-23.1499
2009-02-18,2554.4,491,14.7814,0.439374,59.8772,3,0.826864,0.0518839,1.2352,0.418525,0.0518839,31.1004,0.550095,-21.7733
2009-02-19,2558.14,471,14.7233,-0.483526,60.5991,3,0.433814,-1.40087,0.461633,0.405995,-1.40087,31.0982,1.33711,-21.8362
2009-02-20,2547.4,477,15.0858,0.239315,62.6087,3,0.530514,-0.0518839,0.597172,0.463855,-0.0518839,31.4175,2.16968,-20.9785
2009-02-23,2588.31,488,15.1956,0.771463,66.1718,3,1.02409,0.518839,1.56846,0.479716,0.518839,31.2529,2.81786,-17.8989
2009-02-24,2572.3,481,15.682,-0.0656187,68.3306,3,0.906441,-1.03768,1.25897,0.553908,-1.03768,30.9094,3.66318,-16.242
2009-02-25,2596.37,468,15.503,-0.281435,70.2976,3,0.682344,-1.24521,0.847,0.517687,-1.24521,29.9311,4.32648,-13.96
2009-02-26,2575.5,463,16.0051,0.010445,72.1906,3,0.487845,-0.466955,0.382032,0.593658,-0.466955,27.9506,4.93139,-10.6914
2009-02-27,2555.05,460,15.6526,-0.286084,72.2951,3,0.361743,-0.93391,0.193995,0.529491,-0.93391,25.2629,5.30018,-8.268
2009-03-02,2555.89,480,15.1694,-0.260927,70.1452,3,-0.0548998,-0.466955,-0.556758,0.446959,-0.466955,22.1942,5.62106,-7.67001
2009-03-03,2590.97,482,15.2685,0.212815,69.7433,3,0.425631,0,0.390403,0.460859,0,19.1589,5.90174,-5.31734
2009-03-04,2588.96,472,15.1817,0.165235,68.267,3,0.174818,0.155652,-0.0950779,0.444713,0.155652,16.5067,6.42211,-4.6618
2009-03-05,2589.48,499,14.9478,1.08355,69.5236,3,0.351154,1.81594,0.297933,0.404375,1.81594,14.1315,6.8097,-1.41764
2009-03-06,2572.92,506,15.2702,1.37528,73.2318,3,0.415787,2.33478,0.372813,0.458762,2.33478,12.4963,7.1331,3.6024
2009-03-09,2548.57,498,15.28,0.532033,76.9582,3,0.18204,0.882026,-0.0955598,0.459641,0.882026,11.4797,7.27733,8.20112
2009-03-10,2559.36,486,15.2886,0.0559012,77.059,3,-0.0438492,0.155652,-0.540901,0.453203,0.155652,10.9038,7.59013,8.56508
2009-03-11,2525.06,496,15.112,0.414985,76.2423,3,-0.36336,1.19333,-1.14515,0.418433,1.19333,8.96814,7.81786,9.45631
2009-03-12,2506.73,495,13.9754,-0.444096,72.0039,3,-0.628773,-0.25942,-1.4836,0.226057,-0.25942,6.5417,7.95743,7.50473
2009-03-13,2481.26,487,14.2131,-0.867559,66.7611,3,-0.697441,-1.03768,-1.65987,0.264993,-1.03768,4.2158,7.99731,4.54795
2009-03-16,2445.3,481,15.0028,-0.838391,60.5099,3,-0.742873,-0.93391,-1.882,0.396258,-0.93391,1.31037,8.22094,0.978569
2009-03-17,2390.96,474,16.7629,-0.942182,53.1669,3,-1.20987,-0.674491,-3.10332,0.683572,-0.674491,-2.81831,8.65583,-2.67065
2009-03-18,2390.98,498,15.0274,-0.491574,49.6169,3,-1.03503,0.0518839,-2.46135,0.391289,0.0518839,-6.3485,8.63882,-2.67342
2009-03-19,2383.15,479,14.9217,-0.915281,47.9698,3,-0.948535,-0.882026,-2.26874,0.371671,-0.882026,-8.95011,8.60248,-1.68257
2009-03-20,2335.29,478,16.0645,-0.802171,44.0163,3,-1.0855,-0.518839,-2.73151,0.560505,-0.518839,-12.0846,8.66567,-2.56475
2009-03-23,2340.83,475,14.4323,-0.597172,38.9164,3,-0.831158,-0.363187,-1.94925,0.28693,-0.363187,-15.2848,8.40334,-4.20217
2009-03-24,2340.83,475,14.5327,-0.15326,38.5952,3,-0.306519,0,-0.913476,0.300438,0,-17.3171,8.15818,-2.2459
2009-03-25,2353.21,466,14.0792,-0.968318,36.1069,3,-0.224467,-1.71217,-0.67137,0.222436,-1.71217,-18.6156,7.8256,-3.10302
2009-03-26,2379.94,470,15.1419,-0.161421,35.493,3,0.195996,-0.518839,-0.00593431,0.397927,-0.518839,-18.941,7.62773,-3.19373
2009-03-27,2435.81,468,17.8457,0.418064,38.0306,3,1.40685,-0.570723,1.96856,0.845144,-0.570723,-17.4158,7.98162,-2.53517
2009-03-30,2485.56,484,19.5616,1.17762,43.3668,3,1.94017,0.415071,2.75611,1.12424,0.415071,-14.4572,8.71104,-0.887028
2009-03-31,2561.21,486,21.9434,1.63665,48.7708,3,2.75447,0.518839,4,1.50894,0.518839,-11.0784,9.75012,0.0990015
2009-04-01,2544.24,493,22.0491,1.94113,55.5311,3,2.53328,1.34898,3.55636,1.51019,1.34898,-7.57142,10.7337,2.36877
2009-04-02,2534.99,475,22.0666,1.19293,55.9443,3,2.17833,0.207536,2.8614,1.49526,0.207536,-5.1306,11.7654,-0.690545
2009-04-03,2451.72,445,24.8393,-0.0623545,50.4792,3,1.1205,-1.24521,0.310216,1.93079,-1.24521,-5.20934,13.2136,-7.52513
2009-04-06,2422.71,442,24.9443,-0.913322,44.9758,3,0.404363,-2.23101,-1.13235,1.94107,-2.23101,-6.18235,14.5888,-13.4306
2009-04-07,2408.42,443,24.8395,-1.32541,39.8038,3,-0.410993,-2.23982,-2.74199,1.92001,-2.23982,-8.20765,15.8506,-17.8392
2009-04-08,2416.63,437,24.6195,-1.50986,32.9032,3,-0.223644,-2.79607,-2.29011,1.84282,-2.79607,-9.09383,16.8351,-24.8381
2009-04-09,2388.11,424,24.7985,-1.46193,29.4609,3,-0.41861,-2.50525,-2.65797,1.82075,-2.50525,-10.023,18.0281,-28.5442
2009-04-10,2388.11,424,24.6375,-0.374208,31.1088,3,0.311498,-1.05991,-1.16091,1.78391,-1.05991,-9.64434,19.5627,-28.8096
2009-04-13,2388.11,422,24.1813,-0.234897,33.1771,3,0.541943,-1.01174,-0.627389,1.71127,-1.01174,-8.56789,20.9495,-29.2045
2009-04-14,2392.22,435,22.8442,0.0853521,36.8164,3,0.604306,-0.433601,-0.285155,1.49377,-0.433601,-6.03554,21.9694,-29.1175
2009-04-15,2394.27,431,22.846,0.101073,38.9732,3,0.539392,-0.337245,-0.399469,1.47825,-0.337245,-4.1283,23.12,-30.0186
2009-04-16,2380.69,413,22.9088,0.0507741,42.5598,3,0.679683,-0.578135,-0.122233,1.4816,-0.578135,-2.12163,24.3388,-29.6574
2009-04-17,2344.98,400,22.3699,-0.453171,43.8726,3,0.298105,-1.20445,-0.800243,1.39645,-1.20445,-0.290074,25.1795,-31.0169
2009-04-20,2343.34,423,22.3571,0.139342,46.6634,3,0.278684,0,-0.831628,1.389,0,0.774323,26.3002,-30.4112
2009-04-21,2376.38,406,22.8985,-0.427942,45.6199,3,0.589453,-1.44534,-0.2813,1.46021,-1.44534,1.37569,27.3824,-33.1382
2009-04-22,2338.6,398,23.5789,-0.691541,46.6713,3,0.254966,-1.63805,-1.04038,1.55031,-1.63805,1.02515,28.6714,-33.0252
2009-04-23,2318.83,406,23.3318,-0.108203,46.8738,3,0.169018,-0.385423,-1.16635,1.50439,-0.385423,-0.0808668,29.73,-32.7754
2009-04-24,2300.74,390,21.5407,-0.166183,44.6567,3,0.197591,-0.529957,-0.838955,1.23414,-0.529957,-2.75165,30.0413,-32.633
2009-04-27,2283.2,396,19.7815,-0.718802,37.6084,3,-0.088622,-1.34898,-1.14899,0.971746,-1.34898,-6.38005,29.4952,-35.5067
2009-04-28,2325.02,379,17.3645,-0.760906,29.2819,3,-0.172831,-1.34898,-0.962833,0.61717,-1.34898,-10.6899,27.7542,-37.7823
2009-04-29,2332.47,351,17.5788,-1.01964,20.3711,3,0.273258,-2.31254,-0.100375,0.646891,-2.31254,-13.1884,25.3809,-41.8214
2009-04-30,2289.73,353,18.2767,-1.22867,14.4544,3,0.0986264,-2.55596,-0.549175,0.746427,-2.55596,-15.0995,23.1942,-43.6404
2009-05-01,2288.64,349,14.9451,-0.949681,12.6101,3,0.0212214,-1.92058,-0.219681,0.262124,-1.92058,-15.1192,21.2855,-43.5562
2009-05-04,2288.64,341,14.6455,-1.1738,12.1012,3,0.170505,-2.5181,0.124179,0.216831,-2.5181,-14.0249,19.7796,-43.6534
2009-05-05,2272.55,330,14.6827,-1.32217,12.1075,3,-0.396031,-2.2483,-1.01409,0.222026,-2.2483,-12.6874,18.4658,-43.6709
2009-05-06,2256.99,322,14.5497,-0.990999,13.1359,3,-0.633016,-1.34898,-1.46882,0.202788,-1.34898,-12.2436,17.4697,-42.0902
2009-05-07,2233.5,316,14.4493,-1.08439,13.9212,3,-0.460064,-1.70871,-1.10612,0.185992,-1.70871,-11.1465,16.3658,-41.2981
2009-05-08,2208.98,316,14.6403,-1.10799,12.4235,3,-0.687136,-1.52885,-1.58312,0.208853,-1.52885,-11.2318,14.7816,-41.1263
2009-05-11,2210.35,332,14.6638,-0.561411,11.7947,3,-0.673162,-0.449661,-1.55513,0.208802,-0.449661,-11.8341,13.4746,-39.8458
2009-05-12,2220.92,334,14.8567,-0.128418,11.3954,3,-0.391734,0.134898,-1.02108,0.237617,0.134898,-12.3185,12.4225,-38.7086
2009-05-13,2221.4,353,14.8323,0.557735,12.2603,3,-0.233512,1.34898,-0.701063,0.234039,1.34898,-12.7295,11.6343,-36.6444
2009-05-14,2257.36,348,16.3825,0.938083,14.07,3,0.482218,1.39395,0.496574,0.467862,1.39395,-12.5806,11.1405,-34.49
2009-05-15,2251.53,345,15.7091,0.940031,17.2614,3,0.621013,1.25905,0.878301,0.363726,1.25905,-11.6894,10.7278,-31.777
2009-05-18,2252.8,329,15.7297,0.220325,17.4601,3,0.620514,-0.179864,0.875768,0.36526,-0.179864,-10.295,9.89975,-32.1446
2009-05-19,2255.22,321,14.6189,-0.0887206,18.3082,3,0.452084,-0.629525,0.708815,0.195352,-0.629525,-9.55629,8.92702,-31.0625
2009-05-20,2221.27,318,14.5174,-0.760967,18.1326,3,0.0968441,-1.61878,0.0141046,0.179584,-1.61878,-8.6562,7.76326,-30.9745
2009-05-21,2196.21,313,14.706,-1.06445,15.8217,3,-0.510119,-1.61878,-1.22586,0.20562,-1.61878,-8.48463,6.50602,-32.1997
2009-05-22,2206.6,307,14.8015,-1.0455,13.8752,3,-0.337325,-1.75368,-0.892785,0.218134,-1.75368,-8.31591,5.5354,-33.3442
2009-05-25,2201.44,307,14.6561,-0.723846,13.8646,3,-0.413473,-1.03422,-1.01953,0.192586,-1.03422,-8.21168,4.91471,-32.8385
2009-05-26,2201.44,300,12.6547,-0.793777,13.7952,3,-0.5983,-0.989253,-1.06781,-0.128794,-0.989253,-8.28714,4.31705,-32.2348
2009-05-27,2213.89,284,12.8348,-0.845117,14.1664,3,-0.116422,-1.57381,-0.1328,-0.100043,-1.57381,-8.35571,3.74257,-31.2204
2009-05-28,2208.89,296,11.3812,-0.418568,15.9779,3,-0.0277462,-0.809389,0.276689,-0.332182,-0.809389,-7.87586,2.94824,-29.0944
2009-05-29,2190.45,311,11.6034,-0.0841786,18.0737,3,-0.303255,0.134898,-0.314244,-0.292266,0.134898,-8.14047,2.55376,-26.3395
2009-06-01,2140.66,284,13.7069,-0.83694,18.934,3,-0.594694,-1.07919,-1.24134,0.0519481,-1.07919,-9.3637,2.43674,-24.139
2009-06-02,2109.42,295,14.2399,-0.573932,20.9332,3,-0.878067,-0.269796,-1.89657,0.14044,-0.269796,-10.2953,2.41161,-21.1832
2009-06-03,2077.02,309,14.8086,-0.113198,23.43,3,-1.30558,1.07919,-2.84673,0.235571,1.07919,-11.7097,2.48865,-17.349
2009-06-04,2073.55,298,14.6398,-0.628099,24.7903,3,-1.30116,0.0449661,-2.80325,0.200927,0.0449661,-13.3248,2.5258,-14.4107
2009-06-05,2072,286,14.411,-1.15636,24.6441,3,-1.1436,-1.16912,-2.4476,0.160409,-1.16912,-14.0762,2.48046,-13.7602
2009-06-08,2063.1,283,14.3437,-0.408475,25.1079,3,-0.727019,-0.0899321,-1.60021,0.146176,-0.0899321,-14.16,2.43263,-13.1647
2009-06-09,2091.1,276,15.3064,-0.456184,24.1197,3,-0.0130477,-0.899321,-0.336494,0.310398,-0.899321,-13.4616,2.48043,-14.8991
2009-06-10,2060.18,280,15.8154,-0.639954,20.6951,3,0.0469586,-1.32687,-0.310397,0.404314,-1.32687,-12.77,2.56082,-19.0957
2009-06-11,2042.19,278,14.0437,-0.582016,16.7904,3,-0.264712,-0.899321,-0.618428,0.0890045,-0.899321,-13.205,2.15085,-22.1554
2009-06-12,2026.17,282,14.0482,-0.319071,13.9416,3,-0.424019,-0.214124,-0.933088,0.08505,-0.214124,-14.1855,1.85364,-23.7265
2009-06-15,2015.4,291,13.8782,-0.0806718,13.3124,3,-0.461117,0.299774,-0.971557,0.049322,0.299774,-15.5173,1.58775,-22.7581
2009-06-16,2015.4,299,13.8151,0.0822612,13.6674,3,-0.762902,0.927425,-1.55748,0.0316769,0.927425,-17.3946,1.46602,-20.404
2009-06-17,2014.91,308,13.4584,0.333872,16.0931,3,-0.470459,1.1382,-0.905715,-0.0352025,1.1382,-18.7028,1.33697,-16.541
2009-06-18,2071.29,298,17.4749,0.752739,20.7028,3,0.704519,0.800958,0.68831,0.720729,0.800958,-17.9577,1.84304,-13.1825
2009-06-19,2074.72,306,17.3302,0.93233,26.515,3,0.89508,0.96958,1.10195,0.688209,0.96958,-16.9503,2.34367,-8.87843
2009-06-22,2108.2,319,18.6109,1.30585,33.2377,3,1.4735,1.1382,2.02448,0.922528,1.1382,-14.7031,3.09768,-5.15679
2009-06-23,2108.2,320,18.6109,1.15351,40.2434,3,1.4639,0.843113,2.01005,0.917745,0.843113,-12.1045,4.15129,-1.80335
2009-06-24,2165,308,21.0951,1.11609,47.6311,3,2.27434,-0.0421557,3.16835,1.38033,-0.0421557,-9.07242,5.60286,1.10071
2009-06-25,2158.72,312,21.101,1.07198,53.3152,3,1.59593,0.548024,1.83005,1.36181,0.548024,-7.58675,7.21427,3.68764
2009-06-26,2188.5,311,21.5482,1.02858,57.5211,3,1.88853,0.168623,2.34766,1.42941,0.168623,-5.02532,8.81258,3.73386
2009-06-29,2158.67,302,20.4628,0.18593,61.3143,3,1.13066,-0.758802,1.0499,1.21142,-0.758802,-2.83008,9.83613,4.30825
2009-06-30,2158.67,301,19.6722,0.100645,63.7603,3,1.0444,-0.843113,1.03794,1.05087,-0.843113,-0.0675562,10.6207,3.20716
2009-07-01,2145.21,291,18.8949,-0.244197,63.2894,3,0.270409,-0.758802,-0.364297,0.905115,-0.758802,2.2564,11.2627,-0.229719
2009-07-02,2111.71,305,19.8549,-0.117875,65.1119,3,0.0804171,-0.316168,-0.912176,1.07301,-0.316168,4.00347,12.0091,-0.900649
2009-07-03,2096.23,305,20.0657,-0.304597,68.0763,3,-0.352245,-0.256949,-1.81217,1.10768,-0.256949,4.54296,12.745,0.78837
2009-07-06,2086.36,306,20.0796,0.0104997,69.4946,3,-0.155916,0.176916,-1.41894,1.10711,0.176916,4.68001,13.5432,1.27142
2009-07-07,2109.08,317,19.8745,0.384041,72.2508,3,0.0604194,0.707662,-0.945802,1.06664,0.707662,4.06491,14.0347,4.1512
2009-07-08,2090.35,336,19.3701,0.93327,77.0601,3,-0.0391643,1.9057,-1.05043,0.972106,1.9057,3.29254,14.0964,9.67115
2009-07-09,2108.2,320,19.2166,0.533334,80.1652,3,0.467121,0.599547,-0.00925582,0.943497,0.599547,3.72683,14.4629,11.9755
2009-07-10,2105.36,333,18.9277,0.851358,83.1351,3,0.564513,1.1382,0.238999,0.890028,1.1382,4.58412,14.6976,13.8534
2009-07-13,2116.99,332,18.7676,0.910812,85.4145,3,0.767733,1.05389,0.677149,0.858317,1.05389,5.78321,14.9454,14.6859
2009-07-14,2085.74,324,19.7431,0.280378,85.8439,3,0.307822,0.252934,-0.415046,1.03069,0.252934,6.6625,15.6574,13.524
2009-07-15,2054.19,309,20.638,-0.464818,84.0598,3,0.250723,-1.18036,-0.685298,1.18674,-1.18036,6.99627,17.017,10.0465
2009-07-16,2018.93,295,19.0473,-0.76999,80.268,3,-0.443933,-1.09605,-1.7853,0.897438,-1.09605,5.17767,17.861,7.22924
2009-07-17,2025.71,285,19.0915,-1.20282,74.1168,3,-0.340012,-2.06563,-1.58351,0.903485,-2.06563,3.03365,18.9169,2.16631
2009-07-20,2006.82,290,18.161,-1.27647,65.5381,3,-0.740241,-1.81269,-2.21475,0.734269,-1.81269,-0.777784,19.5429,-3.22701
2009-07-21,2006.82,302,18.161,-0.695863,58.8213,3,-0.422146,-0.96958,-1.57726,0.732965,-0.96958,-4.18693,19.7252,-6.71696
2009-07-22,1986.35,293,14.7289,-0.659189,52.1174,3,-0.622809,-0.695569,-1.36285,0.117236,-0.695569,-8.54139,18.6747,-8.01588
2009-07-23,1975.05,267,14.7271,-0.776688,45.0748,3,-0.373018,-1.18036,-0.864594,0.118558,-1.18036,-11.0884,17.4525,-11.2893
2009-07-24,1953.12,271,13.2324,-0.702351,38.6146,3,-0.814522,-0.590179,-1.47457,-0.154477,-0.590179,-14.5604,15.7654,-12.5903
2009-07-27,1970.11,264,13.8031,-0.732841,35.2983,3,-0.369635,-1.09605,-0.692037,-0.0472325,-1.09605,-16.0446,14.4413,-13.0984
2009-07-28,1982.43,270,14.2471,-0.770151,32.2545,3,-0.191321,-1.34898,-0.418584,0.0359422,-1.34898,-17.2056,13.3429,-13.8828
2009-07-29,2013.82,273,15.8788,-0.161979,32.5373,3,0.519156,-0.843113,0.692493,0.345819,-0.843113,-16.2506,12.8424,-14.0546
2009-07-30,2073.92,273,18.929,0.905652,36.1369,3,1.55837,0.252934,2.19212,0.924622,0.252934,-13.5603,12.8704,-13.1732
2009-07-31,2043.37,284,19.4467,1.03711,41.0432,3,1.52619,0.548024,2.02953,1.02286,0.548024,-10.0932,12.9493,-11.8129
2009-08-03,2040.95,255,19.4041,0.465137,42.7424,3,1.30967,-0.379401,1.60457,1.01478,-0.379401,-7.25398,12.8999,-12.9036
2009-08-04,2008.96,243,19.5343,-0.143957,40.7705,3,0.850289,-1.1382,0.661094,1.03948,-1.1382,-5.70923,12.8294,-16.3497
2009-08-05,1992.98,232,19.4959,-0.690627,34.8705,3,0.347129,-1.72838,-0.337944,1.0322,-1.72838,-4.95608,12.683,-22.8564
2009-08-06,1987.84,240,19.0672,-0.880496,30.0109,3,-0.369855,-1.39114,-1.69056,0.950846,-1.39114,-6.39175,12.4385,-26.0359
2009-08-07,1997.01,226,19.2492,-1.17284,23.6455,3,0.0617347,-2.40741,-0.861911,0.985381,-2.40741,-7.1202,12.0583,-31.2926
2009-08-10,1997.01,240,19.038,-0.277253,20.2868,3,0.0681007,-0.622607,-0.8091,0.945301,-0.622607,-8.20057,11.8108,-33.3234
2009-08-11,2022.56,256,19.2574,0.617039,21.2084,3,0.694486,0.539593,0.402036,0.986937,0.539593,-7.56241,11.868,-33.0971
2009-08-12,2050.45,262,19.2656,1.18042,26.0501,3,1.15279,1.20804,1.3171,0.988492,1.20804,-6.04628,12.1165,-30.0201
2009-08-13,2026.45,268,18.7008,1.01429,31.8788,3,0.901066,1.12751,0.920817,0.881315,1.12751,-3.74276,12.475,-26.8535
2009-08-14,1999.98,272,19.2397,1.21564,40.5279,3,0.578953,1.85233,0.174328,0.983579,1.85233,-2.18339,12.8909,-20.1796
2009-08-17,2016.09,277,19.1834,1.11683,49.572,3,0.743735,1.48992,0.514569,0.9729,1.48992,0.400042,13.2419,-14.0699
2009-08-18,2016.09,266,19.1834,0.439421,53.8991,3,0.476161,0.402681,-0.0205787,0.9729,0.402681,1.88245,13.4496,-11.433
2009-08-19,2037.1,272,19.085,0.400407,57.8973,3,0.398133,0.402681,-0.157958,0.954223,0.402681,3.01523,14.1759,-9.29382
2009-08-20,2041.91,275,18.9084,0.483939,62.547,3,0.677328,0.29055,0.436311,0.918344,0.29055,4.20472,14.7805,-6.43825
2009-08-21,2012.67,260,19.2342,0.0871719,65.3732,3,0.680212,-0.505868,0.381644,0.978779,-0.505868,5.8938,15.7041,-6.22472
2009-08-24,1997.31,265,19.3009,-0.0780908,67.6545,3,0.349686,-0.505868,-0.285532,0.984905,-0.505868,6.21753,16.5196,-5.08268
2009-08-25,1997.44,266,19.1895,0.168417,70.8105,3,0.336833,0,-0.283532,0.957199,0,6.25042,17.118,-2.55801
2009-08-26,2007.2,273,18.4109,0.0936904,71.6446,3,0.145225,0.0421557,-0.518991,0.809441,0.0421557,5.12722,17.4626,-0.945223
2009-08-27,2044.79,272,16.3911,0.0867485,68.9336,3,0.299964,-0.126467,0.171486,0.428442,-0.126467,3.34389,17.2433,-1.65364
2009-08-28,2043.65,276,15.5186,0.592637,67.4165,3,0.510784,0.674491,0.758971,0.262597,0.674491,2.19327,16.6543,-1.43103
2009-08-31,2035,288,15.5876,0.768532,68.4554,3,0.588562,0.948503,0.897784,0.279341,0.948503,1.53433,15.9058,1.01523
2009-09-01,2057.81,287,14.919,0.810247,71.6259,3,0.756303,0.864191,1.36035,0.152257,0.864191,2.14345,14.8597,4.62275
2009-09-02,2068.96,291,14.5786,0.733554,76.0534,3,0.729383,0.737724,1.37252,0.0862508,0.737724,3.59078,13.6242,8.83847
2009-09-03,2065.73,276,14.5417,0.220855,79.2004,3,0.294165,0.147545,0.508852,0.079479,0.147545,5.39171,12.5435,11.2652
2009-09-04,2029.75,269,16.0513,-0.106006,82.0026,3,0.0830785,-0.29509,-0.217625,0.383782,-0.29509,5.789,11.7114,14.5021
2009-09-07,2018.72,269,16.2037,-0.363702,81.7848,3,0.0735532,-0.800958,-0.269332,0.416439,-0.800958,6.25436,11.2946,14.2358
2009-09-08,2018.72,246,15.5523,-0.979348,77.4713,3,-0.230313,-1.72838,-0.746155,0.285529,-1.72838,5.49992,11.1271,10.8442
2009-09-09,1994.44,252,15.2104,-1.13852,70.2843,3,-0.632961,-1.64407,-1.48271,0.216793,-1.64407,3.20223,10.9357,6.14641
2009-09-10,1998.17,261,14.738,-0.616077,64.6768,3,-0.59982,-0.632335,-1.32049,0.120851,-0.632335,1.18745,10.4809,3.00843
2009-09-11,2008.95,257,14.1173,-0.339149,59.0121,3,-0.172431,-0.505868,-0.342302,-0.0025592,-0.505868,0.716397,9.70423,-1.40857
2009-09-14,1985.38,252,14.4154,-0.491079,52.9502,3,-0.276536,-0.705621,-0.613061,0.0599893,-0.705621,-0.353082,8.90902,-5.6057
2009-09-15,1998.99,243,14.6655,-0.114676,50.838,3,-0.10483,-0.124521,-0.322776,0.113115,-0.124521,-0.64172,8.09614,-6.61647
2009-09-16,1986.86,229,14.2155,-0.474998,47.4983,3,-0.02383,-0.926166,-0.0658572,0.0181973,-0.926166,-0.553519,7.19884,-9.14697
2009-09-17,1960.76,237,14.7568,-0.62073,43.312,3,-0.289237,-0.952222,-0.711715,0.133241,-0.952222,-1.64158,6.42401,-11.4705
2009-09-18,1962.6,227,14.0351,-0.823674,39.9137,3,-0.457071,-1.19028,-0.900595,-0.0135469,-1.19028,-2.84191,5.44813,-12.6926
2009-09-21,1951.38,232,13.9349,-0.564745,38.1272,3,-0.335971,-0.793519,-0.641246,-0.0306967,-0.793519,-3.1641,4.47028,-13.179
2009-09-22,1950.77,234,13.9311,-0.420788,35.9979,3,-0.484492,-0.357083,-0.938964,-0.0300191,-0.357083,-3.75709,3.5208,-13.7658
2009-09-23,1914.47,238,15.0528,-0.135988,35.1791,3,-0.629059,0.357083,-1.47123,0.213115,0.357083,-4.63431,2.95586,-13.1425
2009-09-24,1911.66,246,12.8838,-0.128594,34.4176,3,-0.614272,0.357083,-0.967512,-0.261032,0.357083,-5.68054,2.30742,-12.2093
2009-09-25,1922.5,250,13.247,0.219736,33.1139,3,-0.473074,0.912546,-0.764016,-0.182132,0.912546,-7.06131,1.88496,-11.7097
2009-09-28,1926.59,245,13.3637,0.111927,30.8682,3,-0.291934,0.515787,-0.426872,-0.156995,0.515787,-8.20776,1.46743,-12.3915
2009-09-29,1921.64,243,12.3198,-0.0485658,28.0365,3,-0.454215,0.357083,-0.520955,-0.387475,0.357083,-9.79059,0.959301,-13.1322
2009-09-30,1922,223,11.958,-0.343391,24.6737,3,-0.0916426,-0.595139,0.290184,-0.473469,-0.595139,-10.5484,0.444607,-15.2225
2009-10-01,1925.49,235,12.0967,-0.223318,23.3524,3,-0.0102002,-0.436435,0.430682,-0.451082,-0.436435,-10.5187,-0.0244999,-16.1044
2009-10-02,1918.87,230,10.8997,-0.567392,22.0225,3,-0.341265,-0.793519,0.0413111,-0.723841,-0.793519,-10.1871,-0.985067,-16.8053
2009-10-05,1919.75,220,10.9116,-0.683734,21.1261,3,-0.37557,-0.991898,-0.0300149,-0.721126,-0.991898,-9.90605,-1.95734,-17.0105
2009-10-06,1925.57,212,11.056,-0.73525,21.8079,3,-0.240547,-1.22995,0.207121,-0.688215,-1.22995,-9.13674,-2.81167,-16.2437
2009-10-07,1906.59,217,10.8247,-0.360505,24.0635,3,-0.482955,-0.238056,-0.224976,-0.740934,-0.238056,-8.18624,-3.70375,-14.0465
2009-10-08,1897.31,198,10.7487,-1.05147,22.7858,3,-0.634936,-1.46801,-0.511627,-0.758246,-1.46801,-7.40396,-4.43632,-15.3739
2009-10-09,1870.96,176,11.0384,-1.48428,19.6143,3,-0.826056,-2.1425,-0.959877,-0.692235,-2.1425,-7.73276,-4.90488,-17.748
2009-10-12,1857.21,176,10.7068,-1.38808,17.3276,3,-1.03042,-1.74574,-1.29306,-0.767788,-1.74574,-8.12118,-5.4804,-19.0708
2009-10-13,1857.21,201,10.1039,-0.799024,15.7022,3,-1.16161,-0.436435,-1.41806,-0.905169,-0.436435,-8.86325,-6.20863,-19.2259
2009-10-14,1825.68,198,11.1573,-0.966126,14.5996,3,-1.19825,-0.734005,-1.7246,-0.671891,-0.734005,-10.0731,-6.67698,-18.6503
2009-10-15,1830.38,201,10.8738,-0.46523,14.9429,3,-1.06933,0.138866,-1.4015,-0.737152,0.138866,-10.675,-7.40944,-16.9726
2009-10-16,1838.26,209,11.1158,0.339264,17.6802,3,-0.650616,1.32914,-0.624574,-0.676658,1.32914,-10.7919,-8.20286,-13.325
2009-10-19,1843.81,217,11.2913,0.619585,20.7733,3,-0.407381,1.64655,-0.178214,-0.636548,1.64655,-10.7196,-8.9701,-9.537
2009-10-20,1858.4,228,11.8927,0.460486,23.2697,3,-0.170116,1.09109,0.158846,-0.499078,1.09109,-9.97485,-9.56233,-7.19316
2009-10-21,1913.98,227,15.0142,1.17501,27.2734,3,1.17958,1.17044,2.1498,0.209352,1.17044,-6.98448,-9.82019,-5.92195
2009-10-22,1910.04,228,15.0233,1.08324,31.2554,3,1.07539,1.09109,1.94653,0.204251,1.09109,-4.45377,-9.59451,-4.6963
2009-10-23,1914.89,225,14.9068,0.837173,33.3761,3,1.01969,0.654653,1.86535,0.174037,0.654653,-2.05916,-9.3495,-5.2152
2009-10-26,1924.35,223,14.9976,0.661346,35.3092,3,1.0648,0.257894,1.93787,0.191724,0.257894,0.13071,-9.08932,-5.73214
2009-10-27,1932.81,252,15.0462,0.98073,39.0312,3,0.989399,0.97206,1.78015,0.198645,0.97206,2.29981,-8.63406,-4.63459
2009-10-28,1977.26,263,17.0249,1.26061,45.0244,3,1.07304,1.44817,1.49705,0.649032,1.44817,3.47214,-7.65475,-0.792983
2009-10-29,2006.18,231,17.6501,0.813061,48.9673,3,1.48726,0.138866,2.19435,0.780159,0.138866,5.16354,-6.49911,0.302842
2009-10-30,2004.37,237,17.568,0.947613,54.7385,3,1.39928,0.495949,2.04975,0.748809,0.495949,7.06391,-5.08259,2.75723
2009-11-02,1993.8,230,17.76,0.750021,60.1114,3,1.20247,0.297569,1.62014,0.784804,0.297569,8.56143,-3.61799,5.168
2009-11-03,1993.8,230,17.7669,0.127592,63.2614,3,1.10822,-0.853032,1.43567,0.780766,-0.853032,9.64272,-2.21347,5.83217
2009-11-04,2008.72,221,17.3206,-0.457242,62.9122,3,0.732067,-1.64655,0.786154,0.67798,-1.64655,10.6002,-0.885874,3.19794
2009-11-05,1963.7,222,19.3702,-0.0797157,66.3671,3,0.177814,-0.337245,-0.769416,1.12504,-0.337245,10.2408,0.869202,5.25706
2009-11-06,1958.24,220,18.5567,-0.305236,70.3781,3,0.0441809,-0.654653,-0.847998,0.93636,-0.654653,10.1655,2.33706,7.87558
2009-11-09,1981.61,208,18.4854,-0.232225,74.0826,3,0.388583,-0.853032,-0.131758,0.908925,-0.853032,10.9922,3.78436,9.306
2009-11-10,1968.45,200,18.7892,-0.445416,75.1661,3,0.279608,-1.17044,-0.41002,0.969236,-1.17044,11.8077,5.4177,7.94064
2009-11-11,1969.52,200,17.2768,-0.421321,76.787,3,-0.0292853,-0.813357,-0.697111,0.63854,-0.813357,12.5727,6.50317,7.71116
2009-11-12,1969.52,206,17.3249,-0.0854251,77.8812,3,0.444127,-0.614977,0.245022,0.643231,-0.614977,13.8966,7.64697,6.33763
2009-11-13,1976.89,208,17.3234,0.059772,77.0789,3,0.575817,-0.456273,0.515755,0.63588,-0.456273,14.9796,8.84134,3.25794
2009-11-16,1971.27,212,17.4755,0.221864,75.9095,3,0.285024,0.158704,-0.0974144,0.667462,0.158704,15.1793,10.0661,0.664169
2009-11-17,1971.27,217,17.4278,0.546428,76.1649,3,0.418366,0.674491,0.180416,0.656316,0.674491,15.1708,11.064,-0.0697859
2009-11-18,1966.22,215,14.4107,0.309857,73.5275,3,0.0245749,0.595139,0.0496971,-0.000547349,0.595139,13.5578,11.0704,-1.10067
2009-11-19,1953.45,220,14.6354,0.233498,70.7998,3,-0.0884676,0.555463,-0.223308,0.046373,0.555463,11.7941,11.0966,-2.09089
2009-11-20,1962.33,216,14.6782,0.124722,68.4167,3,-0.067964,0.317407,-0.18977,0.0538422,0.317407,10.0392,11.1118,-2.73436
2009-11-23,1974.47,211,14.7262,0.0428298,66.2832,3,0.125336,-0.0396759,0.187918,0.0627534,-0.0396759,8.50426,11.0887,-3.30968
2009-11-24,1964.92,206,14.8327,-0.200691,62.0644,3,0.0350524,-0.436435,-0.0139883,0.0840931,-0.436435,6.93401,11.1313,-6.00087
2009-11-25,1969.01,200,12.3976,-0.363935,56.0306,3,-0.13273,-0.595139,0.180606,-0.446067,-0.595139,5.76491,10.2224,-9.95669
2009-11-26,1974.14,200,11.1817,-0.43362,51.2951,3,-0.0737219,-0.793519,0.561393,-0.708837,-0.793519,4.2281,8.83925,-11.7722
2009-11-27,1974.14,215,11.1852,-0.0923367,47.328,3,-0.164835,-0.019838,0.371036,-0.700706,-0.019838,2.62502,7.45207,-12.7491
2009-11-30,1997.47,223,11.8835,0.250992,45.4313,3,0.0258723,0.476111,0.602422,-0.550677,0.476111,1.65223,6.16976,-12.3907
2009-12-01,1998.45,212,11.8843,0.186423,45.6544,3,0.13479,0.238056,0.820091,-0.550512,0.238056,1.06635,4.90324,-10.3152
2009-12-02,1990.29,211,11.6429,0.207614,48.1841,3,-0.0212078,0.436435,0.55996,-0.602375,0.436435,0.85233,3.68996,-6.3582
2009-12-03,1990.8,204,8.16925,-0.13899,47.9581,3,-0.436684,0.158704,0.461998,-1.33537,0.158704,2.02678,1.34288,-5.41155
2009-12-04,1989.94,197,8.07892,-0.584036,46.8962,3,-0.453905,-0.714167,0.443954,-1.35176,-0.714167,3.25718,-0.839055,-5.52191
2009-12-07,2003.94,202,7.34835,-0.731302,45.0013,3,-0.629409,-0.833194,0.2461,-1.50492,-0.833194,3.61153,-3.13499,-5.47522
2009-12-08,2009.45,211,6.8647,-0.335088,45.4194,3,-0.630499,-0.0396759,0.340284,-1.60128,-0.0396759,4.32743,-5.58375,-3.3243
2009-12-09,2009.45,214,6.87252,-0.210441,46.2198,3,-0.541686,0.120804,0.51115,-1.59452,0.120804,5.4817,-7.71532,-1.54653
2009-12-10,2016.73,210,6.92218,-0.10938,46.1288,3,-0.46403,0.245269,0.651472,-1.57953,0.245269,5.86853,-9.83243,0.0927305
2009-12-11,2016.17,207,6.87244,-0.0257751,45.804,3,-0.460332,0.408782,0.657918,-1.57858,0.408782,6.00231,-11.9389,1.74056
2009-12-14,2000.54,205,7.43741,-0.292913,43.8559,3,-0.710347,0.124521,0.0401371,-1.46083,0.124521,6.12028,-13.9363,1.67188
2009-12-15,1992.1,207,7.64158,-0.488915,39.9871,3,-0.830285,-0.147545,-0.251087,-1.40948,-0.147545,5.67203,-15.7935,0.108577
2009-12-16,2001.86,216,7.69947,-0.307719,37.7229,3,-0.720827,0.105389,-0.0469848,-1.39467,0.105389,5.55004,-17.0155,-0.81166
2009-12-17,2005.09,228,7.18476,-0.0239951,36.7907,3,-0.815872,0.767882,-0.130679,-1.50106,0.767882,5.62219,-18.4198,-0.411701
2009-12-18,2015.74,215,7.23512,-0.170162,35.7326,3,-0.693135,0.352811,0.0945262,-1.4808,0.352811,5.8693,-19.7924,-0.344275
2009-12-21,2025.85,204,7.14335,-0.216811,34.8099,3,-0.433622,0,0.621821,-1.48906,0,6.25506,-21.1757,-0.269381
2009-12-22,2030.17,211,6.76836,-0.0655814,35.289,3,-0.341941,0.210778,0.879013,-1.56289,0.210778,7.09752,-22.7452,0.936624
2009-12-23,2054.1,212,7.65881,-0.118809,36.164,3,-0.111151,-0.126467,1.15598,-1.37828,-0.126467,8.02911,-23.6804,1.81535
2009-12-24,2045.07,208,7.99628,-0.502081,35.9189,3,-0.203203,-0.800958,0.900242,-1.30665,-0.800958,8.33942,-24.2206,1.80006
2009-12-25,2043.41,208,8.0252,-0.289253,35.217,3,-0.325573,-0.252934,0.642797,-1.29394,-0.252934,8.57364,-24.7182,1.36156
2009-12-28,2043.41,201,7.11024,-0.301703,33.2745,3,-0.519094,-0.0843113,0.433179,-1.47137,-0.0843113,8.35725,-25.3977,0.314937
2009-12-29,2037.92,203,7.23711,-0.451009,31.0889,3,-0.606928,-0.29509,0.232067,-1.44592,-0.29509,7.74205,-25.9876,-0.665596
2009-12-30,2046.2,203,7.05569,-0.561536,28.5384,3,-0.785827,-0.337245,-0.0893465,-1.48231,-0.337245,7.05778,-26.461,-2.05841
2009-12-31,2044.23,198,7.09474,-0.544216,27.236,3,-0.709032,-0.379401,0.0564133,-1.47448,-0.379401,6.6423,-26.3953,-3.01103
2010-01-01,2044.23,198,7.0822,-0.53662,27.3868,3,-0.693839,-0.379401,0.0893126,-1.47699,-0.379401,6.329,-26.5309,-2.41125
2010-01-04,2044.23,191,6.76872,-0.552339,27.9599,3,-0.725276,-0.379401,0.0893126,-1.53986,-0.379401,6.20793,-26.6482,-1.59982
2010-01-05,2021.21,190,8.01422,-0.644975,26.9713,3,-0.784082,-0.505868,-0.278102,-1.29006,-0.505868,5.61797,-26.219,-2.4277
2010-01-06,1992.78,189,9.51883,-0.77421,25.2188,3,-1.02147,-0.526946,-1.05465,-0.988295,-0.526946,4.1669,-25.3965,-3.55157
2010-01-07,1971.32,194,10.0719,-0.627848,23.6618,3,-1.17138,-0.0843113,-1.46539,-0.877375,-0.0843113,2.26306,-24.5086,-4.09263
2010-01-08,1969.08,190,10.0668,-0.724451,21.65,3,-1.19597,-0.252934,-1.51353,-0.878403,-0.252934,0.350281,-23.5261,-5.17423
2010-01-11,1968.24,186,9.76101,-0.681064,20.5764,3,-1.23566,-0.126467,-1.5316,-0.939723,-0.126467,-0.999873,-22.8662,-5.55751
2010-01-12,1968.24,199,9.67992,-0.268384,21.1824,3,-1.00048,0.463712,-1.04497,-0.955987,0.463712,-1.68903,-22.5951,-4.53341
2010-01-13,1959.43,196,9.54575,-0.215501,21.4389,3,-0.810404,0.379401,-0.637911,-0.982897,0.379401,-2.20283,-22.2882,-4.07003
2010-01-14,1965.81,209,9.62423,0.105066,21.8009,3,-0.506514,0.716646,-0.0458734,-0.967155,0.716646,-2.13595,-21.8923,-4.17088
2010-01-15,1974.13,209,9.53835,0.241427,22.9784,3,-0.402414,0.885269,0.179551,-0.98438,0.885269,-2.08144,-21.6613,-3.27886
2010-01-18,1967.4,209,9.29561,0.271395,24.4202,3,-0.490025,1.03281,0.0530154,-1.03306,1.03281,-2.60551,-21.4852,-1.48906
2010-01-19,1967.4,211,9.2168,0.0248661,24.6926,3,-0.498292,0.548024,0.0522888,-1.04887,0.548024,-3.34178,-21.0705,-0.895103
2010-01-20,1957.82,221,7.82017,0.224174,25.7401,3,-0.647699,1.09605,0.0335845,-1.32898,1.09605,-4.36472,-21.172,1.27682
2010-01-21,1964.18,230,8.02856,0.149679,27.7923,3,-0.628066,0.927425,0.0310536,-1.28719,0.927425,-5.2023,-21.4152,4.40985
2010-01-22,1967.08,232,8.11472,0.167066,29.2751,3,-0.677604,1.01174,-0.0853013,-1.26991,1.01174,-5.9054,-21.5634,6.7439
2010-01-25,1981.96,224,8.76411,0.145706,30.7637,3,-0.38308,0.674491,0.373504,-1.13966,0.674491,-6.00274,-21.4156,8.18208
2010-01-26,1961.97,219,9.27878,-0.0832808,32.0115,3,-0.545963,0.379401,-0.0557105,-1.03621,0.379401,-6.30084,-21.1568,9.46915
2010-01-27,1972.22,233,9.38562,0.113446,34.3549,3,-0.321132,0.548024,0.371591,-1.01386,0.548024,-5.9304,-20.9156,11.2009
2010-01-28,1988.05,233,10.0143,0.0080865,36.3186,3,-0.15245,0.168623,0.57276,-0.877659,0.168623,-5.48627,-20.494,12.2989
2010-01-29,1991.21,241,10.0594,0.138366,38.7678,3,-0.144824,0.421557,0.567833,-0.857482,0.421557,-5.07292,-20.0495,13.8902
2010-02-01,1982.29,237,10.1077,0.0977332,41.1697,3,-0.394713,0.590179,0.0476795,-0.837105,0.590179,-5.13889,-19.4895,15.7981
2010-02-02,1972.6,243,9.52307,0.358104,44.9386,3,-0.337684,1.05389,0.263747,-0.939114,1.05389,-4.652,-19.2646,18.8552
2010-02-03,1959.93,239,8.46634,-0.205457,47.0984,3,-0.684926,0.274012,-0.231225,-1.13863,0.274012,-3.87539,-19.4428,20.4166
2010-02-04,1966.02,260,7.69358,0.149392,50.0625,3,-0.860498,1.15928,-0.440926,-1.28007,1.15928,-2.90125,-19.8443,22.808
2010-02-05,1984.16,271,8.35882,0.326854,54.0681,3,-0.632039,1.28575,-0.116433,-1.14765,1.28575,-1.56539,-20.0663,25.6998
2010-02-08,1997.13,266,8.62868,0.439085,58.2901,3,-0.365422,1.24359,0.35382,-1.08466,1.24359,0.229315,-20.0927,28.1534
2010-02-09,2003.76,252,8.67166,0.109761,59.6965,3,-0.180957,0.400479,0.704458,-1.06637,0.400479,1.88141,-20.1423,27.9574
2010-02-10,1981.4,238,9.51458,-0.0996386,60.125,3,-0.199277,0,0.499862,-0.898417,0,2.95357,-20.044,27.2155
2010-02-11,1965.03,225,9.95378,-0.915464,56.3144,3,-0.397635,-1.43329,0.0117905,-0.80706,-1.43329,3.02828,-20.0271,23.3132
2010-02-12,1943.6,229,10.538,-1.23899,50.6904,3,-0.77619,-1.70179,-0.851057,-0.701323,-1.70179,2.05751,-19.8404,18.4732
2010-02-15,1936.9,229,10.5393,-1.23005,44.9729,3,-0.988492,-1.47162,-1.27589,-0.701094,-1.47162,0.787451,-19.4728,13.6582
2010-02-16,1936.9,228,10.5393,-0.998392,41.1283,3,-1.05659,-0.940199,-1.41208,-0.701094,-0.940199,-0.602723,-19.0331,10.7641
2010-02-17,1925.79,225,10.5887,-0.712586,37.681,3,-0.934634,-0.490539,-1.17703,-0.692234,-0.490539,-1.73445,-18.2844,7.69988
2010-02-18,1928.79,219,10.5194,-0.46699,35.4623,3,-0.729588,-0.204391,-0.754516,-0.704659,-0.204391,-2.45555,-17.6201,5.53789
2010-02-19,1930.94,224,10.5094,-0.318015,33.7506,3,-0.472517,-0.163513,-0.238566,-0.706469,-0.163513,-2.58294,-16.9924,3.32589
2010-02-22,1928.86,222,10.0229,-0.355307,32.0173,3,-0.465345,-0.245269,-0.136925,-0.793766,-0.245269,-3.03509,-16.5571,1.60955
2010-02-23,1914.87,240,9.73814,-0.0532168,32.1203,3,-0.646026,0.539593,-0.448728,-0.843324,0.539593,-3.39838,-16.3866,1.90532
2010-02-24,1924.75,224,9.73253,-0.208022,31.0267,3,-0.416043,0,0.0122445,-0.844331,0,-3.7116,-16.1533,0.891591
2010-02-25,1932.15,220,9.31346,-0.1604,30.4601,3,-0.405111,0.0843113,0.109307,-0.919529,0.0843113,-4.12562,-16.1494,0.735103
2010-02-26,1941.98,211,9.54253,-0.402965,28.6716,3,-0.300063,-0.505868,0.278299,-0.878425,-0.505868,-4.35133,-16.025,-0.952136
2010-03-01,1932.32,200,9.5665,-0.634302,26.3353,3,-0.383334,-0.885269,0.107456,-0.874125,-0.885269,-4.24037,-15.8463,-3.57807
2010-03-02,1913.86,202,9.94066,-0.967445,22.3668,3,-0.399126,-1.53576,0.00746441,-0.805716,-1.53576,-4.34799,-15.2994,-7.98588
2010-03-03,1895.86,208,10.1925,-0.660877,21.0861,3,-0.689419,-0.632335,-0.618318,-0.76052,-0.632335,-4.63597,-14.8148,-9.46316
2010-03-04,1916.41,205,11.001,-0.528879,19.2607,3,-0.467578,-0.590179,-0.319014,-0.616143,-0.590179,-4.45709,-14.0108,-12.2714
2010-03-05,1928.33,191,10.6706,-0.636691,16.8397,3,-0.472424,-0.800958,-0.269363,-0.675485,-0.800958,-4.47293,-13.2738,-15.4135
2010-03-08,1902.31,187,11.0644,-0.565632,14.5337,3,-0.625397,-0.505868,-0.639086,-0.611707,-0.505868,-5.14591,-12.5256,-17.7947
2010-03-09,1894.44,186,10.8657,-0.580944,13.0777,3,-0.529552,-0.632335,-0.404017,-0.655088,-0.632335,-5.91378,-11.9488,-19.0597
2010-03-10,1894.3,186,10.4323,-0.62638,12.0373,3,-0.367491,-0.885269,0.000136519,-0.735118,-0.885269,-6.206,-11.6313,-20.1253
2010-03-11,1888.05,185,10.1962,-0.745474,12.3665,3,-0.689991,-0.800958,-0.601276,-0.778705,-0.800958,-6.7157,-11.6705,-19.2473
2010-03-12,1894.79,188,9.79797,-0.430435,14.0182,3,-0.776558,-0.0843113,-0.712378,-0.840737,-0.0843113,-6.77052,-12.0691,-17.1422
2010-03-15,1892.99,193,9.76429,-0.103668,16.5592,3,-0.502425,0.29509,-0.169722,-0.835128,0.29509,-6.07972,-12.5711,-14.79
2010-03-16,1899.75,195,9.90084,0.0472805,19.1689,3,-0.326996,0.421557,0.155705,-0.809697,0.421557,-4.92225,-13.0121,-12.8967
2010-03-17,1896.15,192,9.74713,-0.0424215,20.9669,3,-0.379933,0.29509,0.0772532,-0.837119,0.29509,-3.92465,-13.3507,-11.7577
2010-03-18,1893.42,192,9.71001,-0.00140432,22.2724,3,-0.340054,0.337245,0.156536,-0.836644,0.337245,-3.17512,-13.6095,-10.943
2010-03-19,1900.55,192,9.82834,-0.0549692,23.03,3,-0.320717,0.210778,0.163805,-0.805239,0.210778,-2.84192,-13.7755,-10.3526
2010-03-22,1907.06,195,9.94008,-0.0440085,23.9449,3,-0.214484,0.126467,0.348141,-0.777109,0.126467,-2.43407,-13.8533,-9.76774
2010-03-23,1907.06,189,9.61889,-0.264775,23.321,3,-0.318773,-0.210778,0.190101,-0.827646,-0.210778,-1.86337,-13.777,-11.0386
2010-03-24,1907.06,181,9.4104,-0.358761,22.882,3,-0.295965,-0.421557,0.271565,-0.863496,-0.421557,-1.63079,-13.7486,-11.7386
2010-03-25,1923.41,181,9.8335,-0.233167,22.6718,3,-0.0447764,-0.421557,0.698911,-0.788464,-0.421557,-1.1141,-13.6122,-12.6019
2010-03-26,1922.91,179,9.63231,-0.330877,22.88,3,-0.147856,-0.513898,0.524386,-0.820098,-0.513898,-0.900975,-13.583,-12.636
2010-03-29,1933.4,175,9.69808,-0.448961,23.4204,3,-0.0969647,-0.800958,0.610255,-0.804185,-0.800958,-0.463759,-13.5766,-12.5393
2010-03-30,1934.21,172,9.00638,-0.41,25.0875,3,-0.145509,-0.674491,0.626055,-0.917074,-0.674491,0.0795473,-13.8341,-11.1579
2010-03-31,1928.59,173,8.31827,-0.277589,26.2693,3,-0.260087,-0.29509,0.499647,-1.01982,-0.29509,1.07936,-14.1706,-10.6395
2010-04-01,1921.88,173,7.5682,-0.43419,26.5655,3,-0.57329,-0.29509,-0.0158175,-1.13076,-0.29509,1.35279,-14.657,-10.1303
2010-04-02,1921.88,171,7.22202,-0.445308,27.1694,3,-0.595526,-0.29509,-0.00467015,-1.18638,-0.29509,1.5955,-15.1686,-9.25744
2010-04-05,1921.88,158,5.20177,-0.776649,26.5039,3,-0.878806,-0.674491,-0.237936,-1.51968,-0.674491,1.94826,-15.9215,-9.52281
2010-04-06,1911.78,159,5.34841,-0.746076,25.989,3,-0.986285,-0.505868,-0.480169,-1.4924,-0.505868,1.87415,-16.6182,-9.26698
2010-04-07,1911.07,171,5.35336,-0.482967,26.4359,3,-0.923779,-0.0421557,-0.369174,-1.47838,-0.0421557,1.5489,-17.3291,-7.78392
2010-04-08,1920.53,166,5.38791,-0.491421,27.2371,3,-0.729908,-0.252934,-0.00733157,-1.45248,-0.252934,2.09022,-18.0174,-6.83573
2010-04-09,1931.91,167,5.60428,-0.353261,27.4829,3,-0.580056,-0.126467,0.245291,-1.4054,-0.126467,2.95529,-18.5511,-6.92128
2010-04-12,1921.32,174,6.02729,0.0269896,27.9014,3,-0.662667,0.716646,0.00745409,-1.33279,0.716646,3.12212,-19.0439,-6.17681
2010-04-13,1926.16,173,5.97342,0.0668036,27.9642,3,-0.498728,0.632335,0.339601,-1.33706,0.632335,3.28921,-19.5266,-5.79844
2010-04-14,1936.22,167,6.09652,-0.246588,27.3108,3,-0.366709,-0.126467,0.579859,-1.31328,-0.126467,3.72911,-19.8829,-6.53534
2010-04-15,1938.24,162,6.02551,-0.289034,26.4034,3,-0.449594,-0.128474,0.414056,-1.31325,-0.128474,3.93946,-20.2026,-7.33347
2010-04-16,1943.83,173,5.98336,-0.1052,26.2465,3,-0.510174,0.299774,0.284749,-1.3051,0.299774,4.04376,-20.6299,-7.16736
2010-04-19,1942.21,173,5.95754,-0.203796,25.7507,3,-0.407592,0,0.487784,-1.30297,0,4.15564,-21.0345,-7.3705
2010-04-20,1951.04,173,6.08161,-0.155231,26.0901,3,-0.353287,0.0428248,0.575445,-1.28202,0.0428248,4.50855,-21.485,-6.93341
2010-04-21,1947.69,179,6.15449,0.0304845,27.3145,3,-0.495753,0.556723,0.274825,-1.26633,0.556723,4.54465,-22.0054,-5.22477
2010-04-22,1948.47,175,5.48353,0.0254392,28.1434,3,-0.558339,0.609217,0.246952,-1.36363,0.609217,4.15747,-22.6277,-3.38642
2010-04-23,1955.84,170,5.58119,-0.309463,28.2126,3,-0.530469,-0.0884578,0.285807,-1.34674,-0.0884578,3.94339,-23.1122,-2.61859
2010-04-26,1950.89,170,5.42678,-0.333532,28.5869,3,-0.578607,-0.0884578,0.211675,-1.36889,-0.0884578,3.59033,-23.6702,-1.33323
2010-04-27,1943.41,188,5.63671,-0.0229151,29.859,3,-0.742079,0.696249,-0.15151,-1.33265,0.696249,2.90486,-24.2031,1.15724
2010-04-28,1961.82,180,6.37603,-0.177866,30.1908,3,-0.442763,0.0870311,0.331848,-1.21737,0.0870311,2.75632,-24.4224,1.85691
2010-04-29,1973.05,187,6.38126,0.119567,32.063,3,-0.326568,0.565702,0.560557,-1.21369,0.565702,3.31034,-24.7052,3.45782
2010-04-30,1969.75,192,6.45421,0.273404,34.5619,3,-0.438163,0.984971,0.321504,-1.19783,0.984971,3.64567,-24.9553,5.87151
2010-05-03,1950.44,186,7.55649,0.101229,37.707,3,-0.514187,0.716646,0.00131772,-1.02969,0.716646,3.90611,-24.7404,8.54132
2010-05-04,1973.42,201,8.14737,0.228589,41.2961,3,-0.133002,0.590179,0.674126,-0.940129,0.590179,5.03092,-24.4215,10.6867
2010-05-05,1988.47,220,8.38104,0.786248,46.0767,3,-0.155887,1.72838,0.591317,-0.90309,1.72838,5.97837,-24.0307,14.129
2010-05-06,2003.37,253,8.54555,1.36021,53.1345,3,-0.10401,2.82443,0.664164,-0.872185,2.82443,6.62196,-23.4916,20.0042
2010-05-07,2010.13,247,8.44284,1.16932,58.8748,3,-0.00100536,2.33964,0.878904,-0.880915,2.33964,7.17318,-22.8238,24.5254
2010-05-10,2029.54,215,8.36999,0.816167,61.7846,3,0.40982,1.22251,1.70917,-0.889531,1.22251,8.72627,-22.2584,25.3168
2010-05-11,1988.32,211,11.7593,0.191451,62.2386,3,-0.0386549,0.421557,0.313326,-0.390636,0.421557,8.69113,-21.3431,24.8906
2010-05-12,1980.5,202,11.8339,-0.520931,61.2372,3,-0.28306,-0.758802,-0.186464,-0.379656,-0.758802,7.99217,-20.5193,23.7643
2010-05-13,1966.36,204,12.1952,-1.30912,57.4527,3,-0.57369,-2.04455,-0.820894,-0.326486,-2.04455,6.88196,-19.7406,20.3113
2010-05-14,1959.62,219,12.2526,-0.927573,54.349,3,-0.716942,-1.1382,-1.11586,-0.318024,-1.1382,5.57491,-18.8774,17.6515
2010-05-17,1968.1,218,12.3199,-0.339592,53.8334,3,-0.826729,0.147545,-1.34533,-0.308128,0.147545,3.83089,-17.938,17.9405
2010-05-18,1968.1,234,12.2356,0.30131,55.5637,3,-0.388038,0.990658,-0.455547,-0.32053,0.990658,2.84373,-16.9927,19.7128
2010-05-19,1976.46,243,12.2792,0.770987,58.3465,3,-0.207486,1.74946,-0.100856,-0.314117,1.74946,2.47618,-16.0209,21.8912
2010-05-20,1997.09,262,12.7458,1.32492,63.1222,3,0.204803,2.44503,0.655041,-0.245434,2.44503,2.83086,-14.7952,25.0866
2010-05-21,2017.68,262,13.1195,1.15644,68.2728,3,0.528064,1.78481,1.24655,-0.190425,1.78481,3.66229,-13.4605,28.071
2010-05-24,1998.42,251,13.6402,0.805859,72.0508,3,0.262736,1.34898,0.639254,-0.113783,1.34898,3.98096,-12.0805,30.1504
2010-05-25,1975.01,260,14.3049,0.556665,73.885,3,0.0504955,1.06283,0.11693,-0.0159394,1.06283,4.17807,-10.7755,30.4824
2010-05-26,1989.51,248,14.1549,0.151173,74.898,3,0.0979557,0.204391,0.233941,-0.0380292,0.204391,4.06417,-9.6595,30.4934
2010-05-27,1976.4,234,14.252,-0.704377,72.3227,3,-0.264164,-1.14459,-0.5046,-0.0237291,-1.14459,3.16868,-8.74026,27.8943
2010-05-28,1966.8,241,14.3491,-0.705277,69.1046,3,-0.585059,-0.825496,-1.16068,-0.00943702,-0.825496,1.86314,-7.79576,25.0373
2010-05-31,1971.55,241,13.894,-0.359016,67.5368,3,-0.350129,-0.367904,-0.623643,-0.0766139,-0.367904,1.29942,-6.96981,23.2072
2010-06-01,1971.55,234,13.2517,-0.571198,64.7383,3,-0.135694,-1.0067,-0.0990916,-0.172295,-1.0067,0.592378,-6.32695,20.4729
2010-06-02,1971.45,225,12.941,-0.601949,59.6946,3,-0.318,-0.885898,-0.417,-0.219,-0.885898,-0.352079,-5.76744,15.8141
2010-06-03,1963.36,217,12.6535,-0.467465,52.8137,3,-0.280878,-0.654052,-0.303764,-0.257992,-0.654052,-1.27817,-5.23498,9.32684
2010-06-04,1961.47,238,12.5477,-0.13941,47.8219,3,-0.197063,-0.0817565,-0.124015,-0.27011,-0.0817565,-2.23513,-4.65417,4.71116
2010-06-07,1965.83,236,11.9619,-0.20431,43.9491,3,-0.242592,-0.166028,-0.127689,-0.357495,-0.166028,-3.97365,-4.13283,2.05561
2010-06-08,1965.83,242,9.65054,-0.0173661,43.1625,3,-0.414133,0.379401,-0.125828,-0.702439,0.379401,-4.38636,-4.42445,1.97334
2010-06-09,1960.5,237,9.60343,0.0376664,45.2719,3,-0.472691,0.548024,-0.24179,-0.703592,0.548024,-4.45038,-4.74428,4.46659
2010-06-10,1943.41,220,9.76488,-0.197313,49.5044,3,-0.563248,0.168623,-0.451137,-0.67536,0.168623,-4.10791,-5.08821,8.70058
2010-06-11,1928.83,232,10.028,-0.450979,51.3233,3,-0.69118,-0.210778,-0.745367,-0.636993,-0.210778,-3.7538,-5.39172,10.4688
2010-06-14,1925.35,222,9.84815,-0.671289,50.0575,3,-0.794554,-0.548024,-0.925745,-0.663362,-0.548024,-3.35411,-5.73168,9.14328
2010-06-15,1925.35,210,9.84815,-1.04054,44.9494,3,-0.794358,-1.28672,-0.925745,-0.66297,-1.28672,-3.7926,-6.04221,4.78419
2010-06-16,1917.82,210,9.68619,-0.947652,38.5384,3,-0.83247,-1.06283,-0.97967,-0.68527,-1.06283,-4.57652,-6.32302,-0.562078
2010-06-17,1912.29,217,8.61152,-0.42056,32.3344,3,-0.779802,-0.0613173,-0.713266,-0.846339,-0.0613173,-5.74518,-6.74889,-5.17156
2010-06-18,1902.78,212,7.293,-0.778995,25.9937,3,-0.822181,-0.735808,-0.600129,-1.04423,-0.735808,-7.20854,-7.29415,-9.50366
2010-06-21,1906.61,210,7.04644,-0.5809,21.881,3,-0.753018,-0.408782,-0.427149,-1.07889,-0.408782,-7.92425,-7.91962,-12.2751
2010-06-22,1889.51,216,6.60918,-0.329919,19.4607,3,-0.986865,0.327026,-0.8313,-1.14243,0.327026,-8.5629,-8.70959,-13.2668
2010-06-23,1886.05,217,5.57723,-0.323371,18.235,3,-1.01465,0.367904,-0.735437,-1.29385,0.367904,-9.27299,-9.65802,-12.834
2010-06-24,1895.75,217,6.01669,-0.367998,19.0988,3,-0.798256,0.0622607,-0.373377,-1.22314,0.0622607,-9.24197,-10.7553,-10.904
2010-06-25,1896.87,219,5.99346,-0.167755,20.5301,3,-0.672756,0.337245,-0.121204,-1.22431,0.337245,-8.47429,-11.9389,-9.05673
2010-06-28,1900.36,217,5.94308,-0.170927,21.0456,3,-0.679099,0.337245,-0.127832,-1.23037,0.337245,-8.08557,-12.9851,-7.88371
2010-06-29,1901.65,230,5.97572,0.0881537,22.9118,3,-0.456028,0.632335,0.312361,-1.22442,0.632335,-7.84838,-14.1003,-5.1395
2010-06-30,1916.46,229,6.8575,0.189338,25.269,3,-0.169347,0.548024,0.746639,-1.08533,0.548024,-6.94641,-15.106,-2.67861
2010-07-01,1913.15,231,6.78495,0.153132,27.2034,3,-0.326072,0.632335,0.436591,-1.08873,0.632335,-6.36434,-16.0339,-0.398387
2010-07-02,1897.33,228,7.22341,-0.036312,27.5317,3,-0.494181,0.421557,0.0304348,-1.0188,0.421557,-6.23727,-16.7383,0.507303
2010-07-05,1884.31,228,7.29708,-0.0903328,27.897,3,-0.686534,0.505868,-0.36716,-1.00591,0.505868,-6.46615,-17.3578,1.72088
2010-07-06,1884.31,228,7.29708,-0.371373,26.7703,3,-0.700591,-0.0421557,-0.398092,-1.00309,-0.0421557,-6.66846,-17.5151,0.953917
2010-07-07,1882.47,219,7.30428,-0.638174,24.685,3,-0.896946,-0.379401,-0.794497,-0.999396,-0.379401,-7.0695,-17.5459,-0.699598
2010-07-08,1901.38,216,8.01279,-0.582454,23.5367,3,-0.574728,-0.590179,-0.259303,-0.890152,-0.590179,-6.84428,-17.5932,-2.02575
2010-07-09,1889.61,206,7.88473,-0.709661,22.7824,3,-0.534053,-0.885269,-0.163295,-0.904811,-0.885269,-6.29792,-17.7282,-3.19154
2010-07-12,1877.66,205,8.10564,-0.714677,22.6572,3,-0.501929,-0.927425,-0.137718,-0.866141,-0.927425,-5.60488,-17.8879,-3.85
2010-07-13,1877.2,191,8.10108,-1.00085,22.7717,3,-0.507437,-1.49426,-0.148952,-0.865923,-1.49426,-4.93201,-18.0807,-4.21555
2010-07-14,1871.19,191,8.07406,-0.820483,23.1407,3,-0.557692,-1.08327,-0.251185,-0.8642,-1.08327,-4.30836,-18.2878,-4.2631
2010-07-15,1873.87,195,8.102,-0.762465,22.1561,3,-0.748245,-0.776686,-0.643839,-0.85265,-0.776686,-4.21551,-18.1551,-5.47331
2010-07-16,1871.96,200,7.96536,-0.400282,23.2482,3,-0.637051,-0.163513,-0.407358,-0.866744,-0.163513,-4.08221,-18.1525,-4.51709
2010-07-19,1878.77,196,8.06184,-0.341792,23.9528,3,-0.397436,-0.286148,0.0520763,-0.846948,-0.286148,-3.68134,-18.0415,-4.32437
2010-07-20,1872.92,197,7.51246,-0.0874501,24.6791,3,-0.501926,0.327026,-0.0783768,-0.925475,0.327026,-3.03389,-17.9408,-4.34624
2010-07-21,1872.92,202,7.49557,0.0525049,25.8279,3,-0.426407,0.531417,0.0702675,-0.923082,0.531417,-2.33867,-17.7459,-4.08759
2010-07-22,1867.07,192,7.26456,-0.283538,26.0897,3,-0.546637,-0.0204391,-0.139223,-0.954051,-0.0204391,-2.13346,-17.5348,-4.24198
2010-07-23,1864.04,181,7.25239,-0.605167,24.7483,3,-0.556282,-0.654052,-0.164139,-0.948426,-0.654052,-2.15298,-17.1387,-5.95993
2010-07-26,1867.47,170,7.2524,-0.760598,23,3,-0.595031,-0.926166,-0.246441,-0.94362,-0.926166,-2.22994,-16.6755,-8.09461
2010-07-27,1859.5,169,7.32475,-0.802295,20.4958,3,-0.612692,-0.991898,-0.301226,-0.924158,-0.991898,-2.71031,-16.081,-10.7128
2010-07-28,1852.83,175,6.56912,-0.853202,17.7799,3,-0.754181,-0.952222,-0.472031,-1.03633,-0.952222,-3.65688,-15.6243,-12.9389
2010-07-29,1846.23,176,6.603,-0.63887,15.8762,3,-0.761954,-0.515787,-0.492707,-1.0312,-0.515787,-4.33818,-15.246,-14.5396
2010-07-30,1841.35,183,6.15168,-0.31099,15.2484,3,-0.820359,0.19838,-0.541159,-1.09956,0.19838,-4.76796,-15.1942,-14.7895
2010-08-02,1842.79,173,5.85587,-0.314191,14.749,3,-0.866437,0.238056,-0.591228,-1.14165,0.238056,-4.91796,-15.2066,-15.1264
2010-08-03,1832.45,175,6.05126,-0.259231,14.9978,3,-0.875545,0.357083,-0.642761,-1.10833,0.357083,-5.13142,-15.3406,-14.5302
2010-08-04,1834.58,167,6.11812,-0.473163,15.3689,3,-0.747947,-0.19838,-0.399721,-1.09617,-0.19838,-4.83518,-15.4912,-14.3047
2010-08-05,1824.52,170,4.61559,-0.511478,15.5303,3,-0.903927,-0.119028,-0.487018,-1.32084,-0.119028,-5.03003,-15.8725,-13.5672
2010-08-06,1818.5,174,4.37859,-0.587934,15.8098,3,-0.937812,-0.238056,-0.520391,-1.35523,-0.238056,-5.33857,-16.2942,-12.5574
2010-08-09,1815.46,154,4.05424,-0.827534,15.5506,3,-1.02025,-0.634815,-0.639678,-1.40083,-0.634815,-5.72998,-16.6777,-12.0418
2010-08-10,1808.93,156,4.07133,-0.801672,16.01,3,-0.96853,-0.634815,-0.5411,-1.39596,-0.634815,-6.08267,-17.2042,-10.7031
2010-08-11,1810.12,151,4.13146,-0.743076,16.191,3,-0.970365,-0.515787,-0.561487,-1.37924,-0.515787,-6.35003,-17.6632,-9.79581
2010-08-12,1807.55,152,3.96937,-0.725718,16.2773,3,-0.876135,-0.575301,-0.359172,-1.3931,-0.575301,-6.12291,-18.1245,-9.47528
2010-08-13,1812.2,163,4.25715,-0.491802,16.0628,3,-0.705873,-0.277731,-0.064338,-1.34741,-0.277731,-5.82674,-18.4721,-9.63832
2010-08-16,1835.32,170,6.40625,0.300921,17.6085,3,-0.191676,0.793519,0.646798,-1.03015,0.793519,-5.43368,-18.9486,-8.0092
2010-08-17,1835.32,150,6.376,-0.0877256,17.6078,3,-0.0960993,-0.0793519,0.825498,-1.0177,-0.0793519,-4.68096,-19.0253,-8.68594
2010-08-18,1810.75,142,7.74054,-0.269893,16.8211,3,-0.341407,-0.19838,0.12499,-0.807805,-0.19838,-4.59562,-18.7669,-9.81643
2010-08-19,1808.14,150,7.72204,-0.130934,17.1906,3,-0.341221,0.0793519,0.124206,-0.806648,0.0793519,-4.39615,-18.7219,-9.69136
2010-08-20,1819.13,153,8.18702,-0.230542,18.1196,3,-0.219475,-0.241609,0.298412,-0.737361,-0.241609,-4.05253,-18.731,-9.09694
2010-08-23,1820.93,154,8.15041,-0.498484,18.7879,3,-0.506429,-0.490539,-0.271571,-0.741287,-0.490539,-4.10109,-18.687,-8.42405
2010-08-24,1806.93,171,8.40675,0.173863,21.4079,3,-0.674229,1.02196,-0.649872,-0.698586,1.02196,-4.50056,-18.9414,-5.15013
2010-08-25,1818.86,173,8.82541,0.646883,25.8225,3,-0.136971,1.43074,0.359189,-0.633132,1.43074,-3.90663,-19.2004,-1.07043
2010-08-26,1820.29,181,8.7877,0.663563,30.0064,3,-0.0822573,1.40938,0.472573,-0.637087,1.40938,-3.11795,-19.2925,2.41689
2010-08-27,1811.46,178,8.8872,0.409354,32.4448,3,-0.349067,1.16778,-0.0749997,-0.623133,1.16778,-2.72218,-19.0645,4.23142
2010-08-30,1817.68,193,8.99931,0.725972,36.1003,3,-0.279584,1.73153,0.0445397,-0.603707,1.73153,-2.16413,-18.8142,7.07865
2010-08-31,1823.74,197,8.90816,0.597416,39.2112,3,-0.0132115,1.20804,0.591009,-0.617432,1.20804,-1.01983,-18.5119,8.74291
2010-09-01,1826.31,188,8.91373,0.3104,42.1189,3,-0.144295,0.765094,0.330035,-0.618625,0.765094,-0.334043,-18.168,10.621
2010-09-02,1815.09,176,8.96875,-0.177581,43.3722,3,-0.314284,-0.0408782,-0.0205903,-0.607977,-0.0408782,0.108325,-17.5262,10.79
2010-09-03,1810.65,172,8.93529,-0.167661,44.959,3,-0.253566,-0.0817565,0.10176,-0.608891,-0.0817565,0.700622,-16.8504,11.1087
2010-09-06,1807.73,172,8.93403,-0.534412,46.0707,3,-0.373894,-0.69493,-0.143463,-0.604326,-0.69493,1.17409,-16.1093,11.0059
2010-09-07,1807.73,184,8.84379,-0.417915,47.5306,3,-0.462267,-0.373564,-0.311829,-0.612704,-0.373564,1.39388,-15.3782,11.5149
2010-09-08,1808.65,190,8.84241,-0.115037,49.9262,3,-0.483007,0.252934,-0.355779,-0.610236,0.252934,1.59106,-14.6542,12.9894
2010-09-09,1803,181,8.89837,-0.0109033,52.6526,3,-0.401208,0.379401,-0.200423,-0.601992,0.379401,1.74126,-13.8891,14.8004
2010-09-10,1802.54,171,8.8412,-0.110315,54.1034,3,-0.347098,0.126467,-0.0853004,-0.608895,0.126467,1.7195,-13.1713,15.5552
2010-09-13,1801.04,177,7.40102,-0.0267914,52.8574,3,-0.432984,0.379401,-0.0450565,-0.820911,0.379401,1.06145,-12.9838,14.7798
2010-09-14,1793.28,177,7.48629,-0.333845,51.9197,3,-0.541222,-0.126467,-0.280113,-0.802332,-0.126467,0.00736102,-12.7845,14.6968
2010-09-15,1788.05,166,5.96565,-0.79612,49.9119,3,-0.749127,-0.843113,-0.467617,-1.03064,-0.843113,-0.558113,-13.0021,13.4721
2010-09-16,1806.78,162,7.1251,-0.46111,48.6519,3,-0.289885,-0.632335,0.273351,-0.85312,-0.632335,-0.415718,-13.044,12.1116
2010-09-17,1811.55,164,6.83425,-0.168049,48.8903,3,-0.230708,-0.105389,0.433809,-0.895225,-0.105389,-0.286561,-13.1954,12.3722
2010-09-20,1806.76,174,6.87153,-0.105645,50.3896,3,-0.274523,0.0632335,0.333946,-0.882992,0.0632335,0.291193,-13.3321,13.4305
2010-09-21,1798.73,186,6.49741,0.132219,50.2306,3,-0.304664,0.569102,0.325521,-0.93485,0.569102,1.22193,-13.5577,12.5664
2010-09-22,1805.31,181,6.16502,0.338525,49.0538,3,-0.144985,0.822036,0.687227,-0.977198,0.822036,1.53481,-13.8847,11.4037
2010-09-23,1803.71,182,6.15186,0.279663,47.5898,3,-0.45241,1.01174,0.0639471,-0.968766,1.01174,1.14434,-14.1939,10.6394
2010-09-24,1810.72,174,6.10401,0.0851342,46.3559,3,-0.419911,0.590179,0.132492,-0.972314,0.590179,1.34116,-14.5155,9.53027
2010-09-27,1809.46,175,5.96906,-0.0807637,43.3034,3,-0.372306,0.210778,0.239193,-0.983804,0.210778,1.52155,-14.8281,6.60996
2010-09-28,1802.15,178,5.96066,-0.261594,40.0969,3,-0.354566,-0.168623,0.262366,-0.971498,-0.168623,1.20255,-15.078,3.97233
2010-09-29,1804.06,168,5.94638,-0.39411,37.515,3,-0.424208,-0.364011,0.119349,-0.967765,-0.364011,0.997272,-15.3106,1.82829
2010-09-30,1799.89,169,5.61785,-0.420611,36.6365,3,-0.487391,-0.353831,0.039779,-1.01456,-0.353831,1.05127,-15.6526,1.23785
2010-10-01,1801.01,166,5.57638,-0.357078,35.9566,3,-0.579258,-0.134898,-0.142757,-1.01576,-0.134898,0.82069,-16.0001,1.136
2010-10-04,1795.93,169,5.63145,-0.33991,36.6548,3,-0.634853,-0.0449661,-0.26562,-1.00409,-0.0449661,0.708102,-16.4085,2.35522
2010-10-05,1802.09,173,5.78688,-0.203278,37.4304,3,-0.406556,0,0.163011,-0.976123,0,1.15515,-16.7861,3.06138
2010-10-06,1802.43,177,5.78311,0.0997934,38.2119,3,-0.429938,0.629525,0.113086,-0.972961,0.629525,1.59835,-17.1623,3.77588
2010-10-07,1796.29,175,5.80318,0.0190984,38.3214,3,-0.45643,0.494627,0.0495771,-0.962437,0.494627,1.8339,-17.5061,3.99366
2010-10-08,1786.2,171,6.11711,-0.0891226,38.3988,3,-0.605423,0.427177,-0.31186,-0.898986,0.427177,1.62117,-17.7824,4.56012
2010-10-11,1786.37,171,6.11838,-0.122671,38.0489,3,-0.515139,0.269796,-0.141716,-0.888561,0.269796,1.52887,-17.8299,4.35
2010-10-12,1786.37,158,5.94193,-0.560694,37.225,3,-0.626761,-0.494627,-0.339731,-0.91379,-0.494627,1.46954,-17.8944,3.64986
2010-10-13,1786.77,157,5.85467,-0.67484,37.6648,3,-0.630223,-0.719457,-0.338661,-0.921785,-0.719457,1.59239,-17.8141,3.88648
2010-10-14,1791.56,151,4.51157,-0.726391,36.705,3,-0.553461,-0.899321,0.0132085,-1.12013,-0.899321,1.34451,-18.0155,3.376
2010-10-15,1801.2,151,4.84857,-0.463719,35.645,3,-0.20798,-0.719457,0.652301,-1.06826,-0.719457,1.54399,-18.118,2.21895
2010-10-18,1807.88,161,4.961,-0.170889,35.4125,3,-0.094465,-0.247313,0.8617,-1.05063,-0.247313,2.0349,-18.2605,1.63815
2010-10-19,1807.88,165,4.67031,0.200799,35.6569,3,-0.115511,0.51711,0.859983,-1.09101,0.51711,2.53525,-18.4208,1.54243
2010-10-20,1817.45,162,4.85934,0.236866,35.2949,3,0.0465535,0.427177,1.15125,-1.05814,0.427177,2.96474,-18.4744,0.804547
2010-10-21,1812.6,164,4.95918,0.34224,35.5175,3,-0.102427,0.786906,0.836039,-1.04089,0.786906,3.68707,-18.5553,0.385725
2010-10-22,1816.28,151,4.82094,-0.00126094,35.2102,3,-0.208299,0.205777,0.640525,-1.05712,0.205777,4.1567,-18.6154,-0.331026
2010-10-25,1823.05,145,4.97033,-0.356214,34.237,3,-0.191769,-0.52066,0.643445,-1.02698,-0.52066,4.51808,-18.5927,-1.68839
2010-10-26,1830.96,144,4.87032,-0.41383,33.7035,3,-0.0703367,-0.757323,0.894536,-1.03521,-0.757323,5.09513,-18.6153,-2.77632
2010-10-27,1838.45,136,5.00851,-0.543622,33.1827,3,-0.0932581,-0.993986,0.82275,-1.00927,-0.993986,5.73563,-18.6167,-3.93623
2010-10-28,1846.41,136,4.98969,-0.489355,32.9443,3,0.109942,-1.08865,1.22713,-1.00724,-1.08865,6.82751,-18.5925,-5.29066
2010-10-29,1839.9,138,5.27179,-0.203693,33.4771,3,-0.0219626,-0.385423,0.905583,-0.949508,-0.385423,7.81245,-18.5697,-5.76561
2010-11-01,1831.64,132,5.46577,-0.312805,33.5716,3,-0.240186,-0.385423,0.430227,-0.910599,-0.385423,8.45986,-18.4898,-6.39845
2010-11-02,1831.64,136,5.39778,-0.256821,33.385,3,-0.369108,-0.144534,0.176178,-0.914394,-0.144534,8.46603,-18.4195,-6.66149
2010-11-03,1845.51,135,5.89356,-0.0181983,32.9753,3,-0.229108,0.192712,0.373782,-0.831999,0.192712,8.69348,-18.2599,-7.4583
2010-11-04,1840.51,137,5.82611,-0.0740394,32.6534,3,-0.437146,0.289067,-0.0330477,-0.841245,0.289067,8.60603,-18.1245,-7.82818
2010-11-05,1821.05,135,6.7946,-0.235175,32.1511,3,-0.566706,0.0963558,-0.445674,-0.687738,0.0963558,8.46499,-17.8925,-8.42147
2010-11-08,1817.7,147,6.86195,0.243508,33.4164,3,-0.476542,0.963558,-0.288575,-0.664509,0.963558,8.37206,-17.776,-7.17969
2010-11-09,1828.28,143,7.07051,0.14513,35.9081,3,-0.287876,0.578135,0.048772,-0.624523,0.578135,8.80804,-17.6612,-5.23872
2010-11-10,1836.27,147,7.14994,0.222862,39.1647,3,-0.3733,0.819024,-0.136257,-0.610343,0.819024,9.07821,-17.527,-2.38647
2010-11-11,1858.01,147,8.04364,0.419919,43.4332,3,0.11717,0.722669,0.703976,-0.469637,0.722669,9.80723,-17.0498,0.675789
2010-11-12,1858.01,151,7.95499,0.716022,47.9072,3,0.420308,1.01174,1.31666,-0.476046,1.01174,10.4811,-16.5548,3.98092
2010-11-15,1861.74,145,7.9169,0.33673,49.8437,3,0.528925,0.144534,1.53514,-0.477292,0.144534,11.1285,-16.0153,4.73055
2010-11-16,1861.74,168,7.9169,0.901289,52.5158,3,0.35724,1.44534,1.18979,-0.475313,1.44534,11.4356,-15.4176,6.49771
2010-11-17,1880.98,158,8.41945,0.651334,54.0922,3,0.555911,0.746758,1.51083,-0.399005,0.746758,11.7656,-14.7728,7.09943
2010-11-18,1875.78,157,8.42617,0.407192,54.3387,3,0.139894,0.674491,0.677773,-0.397985,0.674491,11.6123,-14.1574,6.88376
2010-11-19,1865.82,159,8.78616,0.294653,55.4596,3,0.0111709,0.578135,0.365664,-0.343323,0.578135,11.3374,-13.462,7.58418
2010-11-22,1875.39,163,8.84992,0.581895,58.9802,3,0.103877,1.05991,0.541394,-0.33364,1.05991,11.1795,-12.7332,10.5339
2010-11-23,1882,168,8.81913,0.19701,61.2361,3,0.201309,0.192712,0.740934,-0.338316,0.192712,10.9797,-12.0143,12.2706
2010-11-24,1892.84,153,8.90604,0.0145792,63.2651,3,0.0773362,-0.0481779,0.476023,-0.32135,-0.0481779,10.5951,-11.3045,13.9746
2010-11-25,1889.11,153,8.91789,0.0505042,65.1929,3,0.101008,0,0.518727,-0.31671,0,9.87074,-10.5924,15.9146
2010-11-26,1889.11,153,8.75902,0.0745347,66.1717,3,0.245425,-0.0963558,0.824488,-0.333637,-0.0963558,9.76099,-9.98427,16.395
2010-11-29,1906.69,169,8.90738,0.435063,68.7475,3,0.379586,0.490539,1.06259,-0.30342,0.490539,10.2392,-9.32278,17.8311
2010-11-30,1916.96,180,8.95077,0.610839,71.6244,3,0.436816,0.784862,1.1676,-0.293964,0.784862,10.9925,-8.63072,19.2626
2010-12-01,1932.63,166,8.99976,0.665192,73.7971,3,0.511359,0.819024,1.30666,-0.283943,0.819024,11.6889,-8.03352,20.1417
2010-12-02,1933.58,161,8.83307,0.575077,75.7789,3,0.572019,0.578135,1.44956,-0.305522,0.578135,12.8451,-7.45714,20.3909
2010-12-03,1920,156,8.19743,0.330535,77.4375,3,0.323824,0.337245,1.04081,-0.393159,0.337245,13.9843,-7.11006,20.5632
2010-12-06,1896.73,158,9.64487,-0.260118,75.9641,3,-0.182991,-0.337245,-0.201553,-0.164428,-0.337245,14.2142,-6.74758,18.4974
2010-12-07,1889.75,148,9.75288,-0.89144,72.7734,3,-0.433899,-1.34898,-0.725699,-0.142099,-1.34898,13.8117,-6.45333,15.415
2010-12-08,1880.82,150,9.95056,-0.684009,69.8192,3,-0.789884,-0.578135,-1.47124,-0.108532,-0.578135,12.8099,-6.09656,13.1059
2010-12-09,1880.82,148,9.13588,-0.648317,66.1663,3,-0.863033,-0.433601,-1.49498,-0.23109,-0.433601,10.9707,-5.97048,11.166
2010-12-10,1902.72,145,9.92355,-0.300356,62.5426,3,-0.257335,-0.343377,-0.408599,-0.10607,-0.343377,9.48141,-5.69377,8.75497
2010-12-13,1911.87,154,10.0032,0.122745,61.7641,3,0.245489,0,0.576133,-0.085155,0,8.59958,-5.33698,8.50147
2010-12-14,1894.12,148,10.6917,0.167865,59.0612,3,0.13211,0.20362,0.244826,0.0193947,0.20362,7.75851,-4.90179,6.2045
2010-12-15,1899.89,155,10.1404,0.387113,58.0761,3,0.316082,0.458145,0.692733,-0.0605687,0.458145,6.99732,-4.58997,5.66875
2010-12-16,1905.84,165,10.1042,0.735767,59.3003,3,0.402529,1.069,0.871022,-0.0659641,1.069,7.16405,-4.26557,6.40183
2010-12-17,1916.09,180,9.95697,1.09779,62.2524,3,0.21029,1.98529,0.5074,-0.0868191,1.98529,7.2476,-3.99523,9.00006
2010-12-20,1923.13,170,9.897,0.59564,62.3024,3,0.173181,1.0181,0.440111,-0.0937481,1.0181,7.15153,-3.76947,8.92033
2010-12-21,1928.71,172,9.88062,0.977939,65.1047,3,0.530539,1.42534,1.1507,-0.0896177,1.42534,7.47175,-3.50573,11.1386
2010-12-22,1934.96,167,9.76799,0.671048,67.3989,3,0.527616,0.814479,1.16195,-0.106719,0.814479,8.04093,-3.27772,12.6357
2010-12-23,1934.44,165,9.71548,0.316238,68.3098,3,0.424941,0.207536,0.964574,-0.114692,0.207536,8.42017,-3.07951,12.9691
2010-12-24,1928.33,165,9.8309,-0.192426,67.3947,3,0.185871,-0.570723,0.46891,-0.0971668,-0.570723,8.12437,-2.87311,12.1434
2010-12-27,1939.54,163,9.51777,0.0341621,66.0007,3,0.223976,-0.155652,0.592665,-0.144714,-0.155652,7.73221,-2.74137,11.0098
2010-12-28,1964.57,161,10.3204,0.104434,64.2083,3,0.572056,-0.363187,1.16695,-0.022834,-0.363187,7.77926,-2.50515,8.93416
2010-12-29,2027.33,166,14.7544,0.937538,65.1764,3,1.71942,0.155652,2.79504,0.643806,0.155652,9.13933,-1.63378,7.67088
2010-12-30,1989.88,162,16.5373,0.685431,65.566,3,1.31898,0.0518839,1.72786,0.9101,0.0518839,9.3855,-0.501887,6.68236
2010-12-31,1913.98,172,21.7458,0.626089,66.6011,3,0.681454,0.570723,-0.332086,1.69499,0.570723,8.07876,1.43313,7.08916
2011-01-03,1913.98,163,21.2763,0.341341,68.6682,3,0.475147,0.207536,-0.666719,1.61701,0.207536,7.58313,3.05611,8.02899
2011-01-04,1902.71,141,21.348,-0.44651,70.161,3,-0.0628766,-0.830142,-1.75047,1.62472,-0.830142,6.59644,4.64539,8.91917
2011-01-05,1899.86,137,21.2767,-1.15994,68.563,3,-1.02279,-1.2971,-3.65814,1.61256,-1.2971,4.63734,6.2605,7.66518
2011-01-06,1894.82,141,21.3059,-0.719283,68.3216,3,-0.556539,-0.882026,-2.72604,1.61296,-0.882026,3.51054,7.9623,6.8488
2011-01-07,1869.94,147,21.3939,-0.447355,67.8192,3,0.194852,-1.08956,-1.23278,1.62248,-1.08956,2.75878,9.57176,5.48862
2011-01-10,1859.97,152,21.3405,-0.164072,66.8294,3,0.035044,-0.363187,-1.5394,1.60949,-0.363187,0.813107,11.1775,4.83876
2011-01-11,1859.97,144,21.1354,0.262988,67.159,3,0.188731,0.337245,-1.18992,1.56738,0.337245,-0.513269,12.5929,5.07934
2011-01-12,1856.79,138,21.0849,0.207927,66.537,3,0.182376,0.233478,-1.18759,1.55235,0.233478,-2.25566,14.1171,4.67561
2011-01-13,1855.46,143,21.0256,0.247918,64.8209,3,0.236417,0.25942,-1.06483,1.53766,0.25942,-4.07317,15.6982,3.19588
2011-01-14,1864.36,142,21.0021,0.324654,62.0395,3,0.753077,-0.103768,-0.0182136,1.52437,-0.103768,-4.60107,17.3433,-0.702651
2011-01-17,1872.46,142,21.0247,0.348037,61.1346,3,1.03332,-0.337245,0.544523,1.52212,-0.337245,-4.51334,18.9048,-3.25679
2011-01-18,1872.46,140,20.9724,0.514088,59.4234,3,1.02818,0,0.545359,1.51099,0,-5.10281,20.4901,-5.96386
2011-01-19,1864.64,148,20.9165,0.838958,60.0451,3,0.951541,0.726375,0.40316,1.49992,0.726375,-5.81245,21.98,-6.1224
2011-01-20,1841.9,147,21.2276,0.525749,60.8173,3,0.636427,0.415071,-0.270555,1.54341,0.415071,-6.96622,23.5041,-5.72055
2011-01-21,1849.59,147,21.354,0.546168,63.5038,3,0.625382,0.466955,-0.307887,1.55865,0.466955,-7.64298,24.8845,-3.73777
2011-01-24,1838.94,142,21.1819,0.259502,64.311,3,0.311468,0.207536,-0.90687,1.52981,0.207536,-9.02322,26.3847,-3.0505
2011-01-25,1842.43,152,20.4654,0.57306,65.9691,3,0.315977,0.830142,-0.792171,1.42413,0.830142,-10.7899,27.5775,-0.818471
2011-01-26,1853.71,142,16.3336,0.110972,63.0259,3,0.325711,-0.103768,-0.179439,0.830861,-0.103768,-13.6811,28.0195,-1.3125
2011-01-27,1862.05,146,15.7249,0.468025,62.238,3,0.780398,0.155652,0.818154,0.742642,0.155652,-14.5655,27.924,-1.12052
2011-01-28,1858.7,157,8.40532,0.403839,61.4274,3,0.0813037,0.726375,0.466672,-0.304065,0.726375,-13.8446,26.1019,-0.829959
2011-01-31,1857.98,150,8.39749,0.420027,61.715,3,0.243389,0.596665,0.789911,-0.303134,0.596665,-12.4649,24.2774,-0.097571
2011-02-01,1867.82,141,8.55387,-0.0149199,63.2806,3,0.359289,-0.389129,0.993078,-0.274499,-0.389129,-9.84248,22.3945,0.728623
2011-02-02,1853.33,136,8.89433,-0.0780181,67.1048,3,-0.0263265,-0.12971,0.159567,-0.21222,-0.12971,-6.18596,20.4145,2.87623
2011-02-03,1852.67,140,8.88321,-0.146535,69.0619,3,-0.163359,-0.12971,-0.129806,-0.196912,-0.12971,-3.75578,18.5867,4.23098
2011-02-04,1863.03,135,7.94543,-0.482498,68.9433,3,-0.00514297,-0.959852,0.311756,-0.322042,-0.959852,-2.34184,16.8141,4.47108
2011-02-07,1872.01,140,7.88802,-0.0812704,69.2225,3,0.148763,-0.311303,0.623792,-0.326267,-0.311303,-0.358276,15.0203,4.56041
2011-02-08,1871.81,139,7.88869,0.046901,68.4917,3,-0.00996577,0.103768,0.300167,-0.320099,0.103768,1.00933,13.3359,4.14645
2011-02-09,1875.32,147,7.86903,0.528947,69.5746,3,0.279636,0.778259,0.879596,-0.320324,0.778259,2.89397,11.5586,5.12205
2011-02-10,1891.54,151,8.3597,0.678292,70.9999,3,0.578326,0.778259,1.40644,-0.249789,0.778259,5.11678,9.85512,6.028
2011-02-11,1889.1,154,8.26897,0.777692,72.4655,3,0.362054,1.19333,0.984573,-0.260464,1.19333,5.97927,8.16988,8.31632
2011-02-14,1880.37,157,8.35244,0.589822,73.2325,3,0.0900822,1.08956,0.426014,-0.245849,1.08956,5.8464,6.54856,10.8375
2011-02-15,1891.84,161,8.60715,0.819311,74.185,3,0.289641,1.34898,0.787763,-0.208481,1.34898,6.02834,4.97787,13.1788
2011-02-16,1902.01,153,8.58279,0.441482,72.9411,3,0.390068,0.492897,0.989333,-0.209197,0.492897,6.60055,3.48088,12.8597
2011-02-17,1907.69,151,7.02264,0.135998,71.6929,3,0.116345,0.155652,0.662679,-0.429989,0.155652,7.49105,1.72076,12.4811
2011-02-18,1893.46,150,7.67947,-0.0382319,69.7712,3,-0.0245798,-0.0518839,0.285792,-0.334951,-0.0518839,8.10679,0.00835844,11.656
2011-02-21,1879.15,150,7.91998,-0.155194,68.373,3,-0.102853,-0.207536,0.0933973,-0.299103,-0.207536,9.07792,-1.67249,10.9676
2011-02-22,1879.15,161,7.92272,-0.0640383,66.1734,3,-0.283728,0.155652,-0.27285,-0.294606,0.155652,9.64019,-3.28105,9.81426
2011-02-23,1889.69,162,7.88095,0.172129,66.3871,3,-0.278349,0.622607,-0.259649,-0.297049,0.622607,9.55816,-4.32344,11.1524
2011-02-24,1898.28,165,7.88373,0.325338,65.8877,3,-0.231349,0.882026,-0.166506,-0.296193,0.882026,8.66189,-5.29571,12.5215
2011-02-25,1898.39,166,7.82468,0.488179,66.1832,3,-0.00943665,0.985794,0.284836,-0.303709,0.985794,8.48388,-5.28963,12.989
2011-02-28,1895.56,160,7.86144,0.426072,66.2044,3,0.177653,0.674491,0.653001,-0.297694,0.674491,8.35628,-5.28417,13.1323
2011-03-01,1907.37,159,7.9351,0.211167,66.9915,3,0.37045,0.0518839,1.02682,-0.285922,0.0518839,8.36229,-5.27881,13.908
2011-03-02,1913.21,155,7.23651,0.0182045,67.3242,3,0.243945,-0.207536,0.871037,-0.383147,-0.207536,9.00797,-5.42959,13.7459
2011-03-03,1916.05,144,7.20027,-0.392354,66.4715,3,0.149203,-0.93391,0.685332,-0.386926,-0.93391,9.7931,-5.62375,12.3022
2011-03-04,1904.73,151,7.52534,-0.315638,67.0513,3,-0.00866976,-0.622607,0.321732,-0.339071,-0.622607,9.78032,-5.62686,12.8978
2011-03-07,1890.23,150,7.99603,-0.260865,66.4271,3,-0.158543,-0.363187,-0.04854,-0.268546,-0.363187,9.18116,-5.587,12.8329
2011-03-08,1893.17,143,8.00148,-0.487137,64.5446,3,-0.299783,-0.674491,-0.333435,-0.266131,-0.674491,8.65152,-5.57393,11.467
2011-03-09,1889.85,147,8.02656,-0.353126,61.358,3,-0.446832,-0.25942,-0.631695,-0.261968,-0.25942,7.30889,-5.57036,9.61942
2011-03-10,1879.49,157,7.66294,0.0767677,59.1385,3,-0.676607,0.830142,-1.03969,-0.313527,0.830142,5.03156,-5.65823,9.76521
2011-03-11,1871.97,149,7.76866,-0.278967,55.1723,3,-0.609818,0.0518839,-0.921171,-0.298464,0.0518839,3.24874,-5.72876,7.65227
2011-03-14,1866.2,155,7.67732,-0.0319204,52.8114,3,-0.478912,0.415071,-0.647792,-0.310032,0.415071,2.2314,-5.80133,6.38132
2011-03-15,1876.29,158,7.60396,0.284865,50.7738,3,-0.36418,0.93391,-0.410908,-0.317452,0.93391,1.08939,-5.90976,5.59412
2011-03-16,1887.67,168,7.67655,0.562707,51.2363,3,-0.1198,1.24521,0.0668329,-0.306434,1.24521,0.209156,-6.00195,7.0291
2011-03-17,1892.62,164,7.65653,0.327171,51.9654,3,0.135502,0.518839,0.5813,-0.310295,0.518839,0.131483,-5.88631,7.72022
2011-03-18,1876.78,162,7.77521,0.415695,53.6935,3,0.00124846,0.830142,0.296462,-0.293965,0.830142,0.141515,-5.84122,9.39317
2011-03-21,1874.79,160,7.31118,0.222048,55.1245,3,0.0290241,0.415071,0.42247,-0.364422,0.415071,0.454468,-5.89561,10.5656
2011-03-22,1874.79,164,7.31118,0.159523,55.9695,3,-0.147909,0.466955,0.0687009,-0.36452,0.466955,0.778711,-5.95623,11.147
2011-03-23,1866.34,160,7.14291,-0.380544,53.8764,3,-0.501668,-0.25942,-0.613889,-0.389447,-0.25942,0.442918,-6.05723,9.49067
2011-03-24,1867.74,156,6.90277,-0.419716,51.0386,3,-0.580013,-0.25942,-0.734652,-0.425375,-0.25942,-0.0985069,-6.18936,7.32644
2011-03-25,1865.11,152,6.89792,-0.358765,47.8071,3,-0.354342,-0.363187,-0.283904,-0.42478,-0.363187,-0.640897,-6.30242,4.75043
2011-03-28,1871.37,152,7.05377,-0.229733,45.3137,3,-0.200046,-0.25942,0.000332159,-0.400424,-0.25942,-1.26109,-6.38885,2.96367
2011-03-29,1877.84,156,6.76006,-0.185091,43.8154,3,-0.110763,-0.25942,0.223334,-0.44486,-0.25942,-2.02254,-6.52891,2.36685
2011-03-30,1888,153,6.98343,0.0101956,43.7852,3,0.227927,-0.207536,0.866136,-0.410283,-0.207536,-2.02712,-6.55444,2.36676
2011-03-31,1879.47,153,7.06391,0.0308409,45.3855,3,0.0616817,0,0.521062,-0.397699,0,-2.18724,-6.57672,4.14943
2011-04-01,1870.6,154,6.96462,0.105139,46.9841,3,-0.0542273,0.264506,0.302925,-0.411379,0.264506,-2.20797,-6.6541,5.84614
2011-04-04,1858.95,156,6.80139,-0.000593786,47.9755,3,-0.378902,0.377715,-0.32423,-0.433575,0.377715,-2.47209,-6.815,7.26257
2011-04-05,1846.78,152,7.03032,-0.371925,48.4148,3,-0.68879,-0.0550605,-0.978233,-0.399347,-0.0550605,-3.08762,-6.94321,8.44561
2011-04-06,1838.29,147,7.13023,-0.588291,47.5184,3,-1.00796,-0.168623,-1.63153,-0.384385,-0.168623,-4.03988,-7.0573,8.61555
2011-04-07,1826.97,147,7.18613,-0.612315,44.9006,3,-1.05601,-0.168623,-1.73726,-0.374751,-0.168623,-4.69527,-7.10083,6.69669
2011-04-08,1825.09,146,7.12112,-0.608941,43.6542,3,-0.936844,-0.281038,-1.49053,-0.383153,-0.281038,-5.22918,-7.17058,6.05391
2011-04-11,1817.35,146,7.17229,-0.629672,41.413,3,-0.865892,-0.393453,-1.36053,-0.371248,-0.393453,-5.88535,-7.20296,4.50132
2011-04-12,1815.79,154,6.72496,-0.215632,39.5575,3,-0.712301,0.281038,-0.98896,-0.435643,0.281038,-6.40815,-7.28701,3.25263
2011-04-13,1818.14,155,6.19525,0.014681,37.5527,3,-0.560818,0.590179,-0.606327,-0.515308,0.590179,-7.00773,-7.44648,2.00687
2011-04-14,1818.91,153,6.0308,0.0458288,36.536,3,-0.358003,0.449661,-0.175962,-0.540044,0.449661,-7.69585,-7.63971,1.87155
2011-04-15,1811.1,155,5.61312,0.0609014,35.2673,3,-0.49648,0.618283,-0.390144,-0.602816,0.618283,-8.30489,-7.89693,1.46916
2011-04-18,1800.63,159,5.78181,0.154229,35.0266,3,-0.534656,0.843113,-0.493954,-0.575358,0.843113,-9.15156,-8.08697,2.26517
2011-04-19,1799.79,159,5.76255,-0.0654925,34.2324,3,-0.524438,0.393453,-0.470962,-0.577914,0.393453,-9.62731,-8.2627,2.12237
2011-04-20,1790.54,150,5.80303,-0.450725,33.986,3,-0.732827,-0.168623,-0.894295,-0.571358,-0.168623,-9.87885,-8.42407,2.28895
2011-04-21,1782.59,150,5.76091,-0.459968,33.8451,3,-0.891833,-0.0281038,-1.21409,-0.569578,-0.0281038,-10.3183,-8.55341,2.71676
2011-04-22,1782.59,150,5.81237,-0.440184,33.5606,3,-0.739849,-0.140519,-0.92796,-0.551737,-0.140519,-10.9039,-8.66189,3.12639
2011-04-25,1782.59,154,5.49627,-0.354956,33.1249,3,-0.569392,-0.140519,-0.545866,-0.592919,-0.140519,-11.3907,-8.82539,3.34106
2011-04-26,1781.56,153,5.09591,-0.397201,32.3922,3,-0.597676,-0.196726,-0.547752,-0.6476,-0.196726,-12.0683,-8.98641,3.44686
2011-04-27,1787.88,149,4.73838,-0.139713,31.8784,3,-0.335634,0.0562076,0.0251905,-0.696459,0.0562076,-12.816,-9.23037,3.92477
2011-04-28,1784.11,146,4.69381,-0.184686,31.1458,3,-0.256957,-0.112415,0.179787,-0.6937,-0.112415,-13.088,-9.47227,3.706
2011-04-29,1767.54,147,5.22438,-0.290405,29.8206,3,-0.524602,-0.0562076,-0.447209,-0.601996,-0.0562076,-13.6905,-9.58727,3.0984
2011-05-02,1768.19,142,5.17854,-0.535433,28.0709,3,-0.508791,-0.562076,-0.424631,-0.592952,-0.562076,-13.6574,-9.64451,1.37276
2011-05-03,1768.37,143,5.02293,-0.471069,27.7521,3,-0.492477,-0.449661,-0.378667,-0.606288,-0.449661,-13.0927,-9.81405,0.658794
2011-05-04,1767.05,146,4.96092,-0.348512,28.5261,3,-0.640816,-0.0562076,-0.666435,-0.615196,-0.0562076,-12.2744,-10.0646,0.865153
2011-05-05,1763.45,146,4.70715,-0.272065,29.6419,3,-0.656546,0.112415,-0.661601,-0.65149,0.112415,-11.3655,-10.3746,1.38198
2011-05-06,1769.46,145,5.04993,-0.0993626,31.3493,3,-0.198725,0,0.198128,-0.595578,0,-9.90677,-10.653,1.90905
2011-05-09,1763.12,145,5.00833,-0.0240975,33.4312,3,-0.335212,0.287017,-0.0710579,-0.599367,0.287017,-8.79827,-10.956,3.18555
2011-05-10,1779.7,142,6.326,0.0704173,34.4332,3,0.0821833,0.0586514,0.561739,-0.397373,0.0586514,-7.38978,-10.961,2.78401
2011-05-11,1791.72,146,6.85987,0.247967,35.2586,3,0.378631,0.117303,1.07199,-0.314725,0.117303,-5.84672,-10.8053,1.91055
2011-05-12,1798.66,145,7.04315,0.326497,36.2608,3,0.594343,0.0586514,1.47394,-0.285259,0.0586514,-4.32297,-10.6018,1.18556
2011-05-13,1807.86,148,7.17024,0.477484,37.7657,3,0.661711,0.293257,1.58858,-0.265159,0.293257,-2.48376,-10.3308,0.580321
2011-05-16,1805.37,152,6.86887,0.625273,39.4899,3,0.710954,0.539593,1.73249,-0.310582,0.539593,-0.394826,-10.1256,0.010356
2011-05-17,1814.98,154,7.10409,0.71276,42.3827,3,0.586155,0.839366,1.4469,-0.27459,0.839366,1.4218,-9.89533,0.856207
2011-05-18,1826.03,150,7.05314,0.462412,45.8288,3,0.556919,0.367904,1.3955,-0.281665,0.367904,3.60892,-9.66213,1.88196
2011-05-19,1824.62,149,6.79358,0.354325,48.9293,3,0.371404,0.337245,1.06312,-0.320312,0.337245,5.78778,-9.44081,2.58234
2011-05-20,1814.99,146,7.16357,0.018998,50.6818,3,0.037996,0,0.339093,-0.263101,0,6.99718,-9.16608,2.85068
2011-05-23,1819.86,147,7.18201,-0.00495173,52.0169,3,0.174049,-0.183952,0.607542,-0.259445,-0.183952,8.09468,-8.84455,2.76675
2011-05-24,1828.12,148,7.25827,-0.045562,53.3559,3,0.154145,-0.245269,0.55328,-0.244989,-0.245269,9.13795,-8.45414,2.67213
2011-05-25,1828.64,147,7.21624,-0.0538933,53.6822,3,-0.0464692,-0.0613173,0.155451,-0.248389,-0.0613173,9.25986,-8.02515,2.44752
2011-05-26,1831.58,154,7.11494,0.229095,55.2516,3,0.0289682,0.429221,0.321184,-0.263248,0.429221,9.38071,-7.60374,3.47459
2011-05-27,1829.75,154,5.98709,0.353396,57.6761,3,0.093619,0.613173,0.624317,-0.437079,0.613173,10.3656,-7.42207,4.73257
2011-05-30,1817.34,154,6.70222,0.184689,60.3537,3,-0.182478,0.551856,-0.0364469,-0.328509,0.551856,10.6781,-7.1341,6.80972
2011-05-31,1817.34,144,6.70487,-0.229266,61.2426,3,-0.335897,-0.122635,-0.344627,-0.327166,-0.122635,10.6878,-6.85642,7.41121
2011-06-01,1797.83,142,7.95634,-0.402612,61.0442,3,-0.621271,-0.183952,-1.10913,-0.13341,-0.183952,10.276,-6.40597,7.17416
2011-06-02,1789.41,139,8.13855,-0.809662,59.058,3,-0.822198,-0.797125,-1.5419,-0.102491,-0.797125,9.48788,-5.91444,5.48455
2011-06-03,1784.12,142,8.17485,-0.747814,56.6314,3,-0.882455,-0.613173,-1.67045,-0.0944646,-0.613173,7.75183,-5.46262,4.34214
2011-06-06,1785.05,144,8.037,-0.560565,54.6043,3,-0.630591,-0.490539,-1.14688,-0.114305,-0.490539,6.74626,-5.01398,2.87201
2011-06-07,1785.05,145,7.34354,-0.248535,53.3931,3,-0.681021,0.183952,-1.14176,-0.220286,0.183952,5.1296,-4.85033,3.11378
2011-06-08,1770.13,152,7.50647,0.0775921,52.7447,3,-0.580624,0.735808,-0.973197,-0.18805,0.735808,3.18173,-4.73157,4.29453
2011-06-09,1769.83,150,7.32201,0.181955,52.1941,3,-0.433215,0.797125,-0.658347,-0.208082,0.797125,1.14899,-4.65932,5.70438
2011-06-10,1772.59,150,7.04549,0.159168,50.9801,3,-0.294837,0.613173,-0.341359,-0.248316,0.613173,-0.691941,-4.64513,6.31716
2011-06-13,1774.94,151,7.09067,0.144674,49.1459,3,-0.262508,0.551856,-0.285197,-0.23982,0.551856,-2.61713,-4.57773,6.34072
2011-06-14,1777.64,141,6.7747,-0.17786,45.7545,3,-0.233085,-0.122635,-0.177473,-0.288697,-0.122635,-4.15945,-4.58285,4.49676
2011-06-15,1774.24,149,6.23475,-0.054673,43.798,3,-0.0466026,-0.0627433,0.278092,-0.371297,-0.0627433,-5.21241,-4.65814,3.66852
2011-06-16,1781.4,157,6.52864,0.359982,43.8193,3,0.127728,0.592236,0.577279,-0.321822,0.592236,-5.6743,-4.65971,4.1533
2011-06-17,1793.92,151,6.95136,0.280498,44.8072,3,0.358649,0.202347,0.965464,-0.248167,0.202347,-5.08505,-4.65104,4.54331
2011-06-20,1787.8,149,6.90849,0.0930606,45.1784,3,0.186121,0,0.619579,-0.247337,0,-5.07559,-4.64134,4.8953
2011-06-21,1789.47,147,6.64754,0.340331,46.6434,3,0.141069,0.539593,0.568291,-0.286153,0.539593,-5.06769,-4.68644,6.39757
2011-06-22,1780.48,141,6.77109,-0.187173,46.1368,3,0.0303494,-0.404694,0.326783,-0.266084,-0.404694,-4.90251,-4.70149,5.74082
2011-06-23,1779.1,149,6.68613,-0.277087,44.2191,3,-0.149479,-0.404694,-0.0189283,-0.280029,-0.404694,-5.21635,-4.70828,4.14374
2011-06-24,1788.11,152,7.07437,0.00731901,42.9155,3,-0.187709,0.202347,-0.159488,-0.215931,0.202347,-5.95103,-4.48999,3.35648
2011-06-27,1787.8,144,6.75583,-0.152249,41.6536,3,-0.102152,-0.202347,0.0625286,-0.266832,-0.202347,-5.84491,-4.42224,1.92073
2011-06-28,1787.8,136,6.75583,-0.370949,41.1255,3,-0.134856,-0.607042,-0.00484861,-0.264864,-0.607042,-5.51768,-4.35896,1.00209
2011-06-29,1786.73,130,5.63594,-0.334935,41.3775,3,-0.0628277,-0.607042,0.318569,-0.444225,-0.607042,-4.16865,-4.65529,0.201468
2011-06-30,1780.16,121,5.54231,-0.964726,40.8005,3,-0.175775,-1.75368,0.106128,-0.457678,-1.75368,-2.60554,-4.98603,-1.60793
2011-07-01,1772.32,119,5.65903,-1.30629,38.7396,3,-0.521667,-2.09092,-0.605488,-0.437846,-2.09092,-1.59113,-5.2865,-4.38277
2011-07-04,1762.59,119,5.93607,-1.12541,36.687,3,-0.699497,-1.55133,-1.00666,-0.392335,-1.55133,-1.45103,-5.51742,-6.34452
2011-07-05,1762.59,132,5.93607,-0.416305,36.0843,3,-0.697711,-0.134898,-1.00638,-0.389047,-0.134898,-1.32187,-5.66501,-6.92878
2011-07-06,1766.57,135,5.25396,-0.0846851,35.5046,3,-0.641514,0.472144,-0.788584,-0.494444,0.472144,-1.14724,-5.94031,-7.4078
2011-07-07,1767.47,132,5.25831,0.199165,35.566,3,-0.478508,0.876838,-0.470694,-0.486321,0.876838,-0.972413,-6.20106,-7.26056
2011-07-08,1759.38,143,5.45527,0.645187,37.3126,3,-0.463302,1.75368,-0.476599,-0.450005,1.75368,-1.1044,-6.4231,-5.15989
2011-07-11,1759.41,156,5.42089,1.1901,41.1548,3,-0.250318,2.63051,-0.0443701,-0.456267,2.63051,-0.886516,-6.68617,-1.27249
2011-07-12,1768.42,157,5.7335,0.892104,45.1768,3,-0.0369173,1.82113,0.330927,-0.404762,1.82113,-0.407782,-6.83593,2.42052
2011-07-13,1765.32,157,5.72766,0.712308,48.0932,3,-0.194162,1.61878,0.0160764,-0.404401,1.61878,-0.65855,-6.88164,5.63338
2011-07-14,1758.25,149,5.64132,0.437118,48.3873,3,-0.373572,1.24781,-0.329181,-0.417964,1.24781,-1.52335,-6.9741,6.88477
2011-07-15,1748.41,152,5.12368,0.108921,47.7332,3,-0.456648,0.674491,-0.409031,-0.504264,0.674491,-2.83381,-7.21648,7.78351
2011-07-18,1750.9,149,5.14452,-0.383557,45.9199,3,-0.396144,-0.37097,-0.293119,-0.499169,-0.37097,-3.69977,-7.44764,7.06736
2011-07-19,1758.99,151,5.48601,-0.324607,43.4052,3,-0.379417,-0.269796,-0.31855,-0.440283,-0.269796,-4.53165,-7.57292,5.50972
2011-07-20,1757.49,145,5.25981,-0.516958,42.1671,3,-0.359425,-0.674491,-0.241053,-0.477796,-0.674491,-5.06136,-7.75923,4.98769
2011-07-21,1757.49,139,5.26455,-0.371942,41.8124,3,-0.204291,-0.539593,0.0703392,-0.478921,-0.539593,-4.97371,-7.94296,4.72903
2011-07-22,1756.38,142,4.82167,-0.293261,40.6928,3,-0.0469301,-0.539593,0.459949,-0.553809,-0.539593,-4.37758,-8.24571,3.31611
2011-07-25,1757.35,138,4.84291,-0.344901,39.9792,3,-0.0827603,-0.607042,0.382852,-0.548373,-0.607042,-4.06865,-8.49921,2.54706
2011-07-26,1768.02,141,5.42677,-0.261475,40.3843,3,0.0166422,-0.539593,0.481634,-0.448349,-0.539593,-3.61249,-8.6799,2.67671
2011-07-27,1759.88,135,5.61491,-0.326374,40.416,3,-0.113154,-0.539593,0.188693,-0.415002,-0.539593,-3.73545,-8.65286,2.80436
2011-07-28,1764.89,132,5.64157,-0.167128,43.3967,3,0.00298865,-0.337245,0.41615,-0.410173,-0.337245,-3.46035,-8.65259,5.50966
2011-07-29,1771.15,132,5.60316,-0.198367,47.5966,3,0.156695,-0.553428,0.729752,-0.416363,-0.553428,-2.20086,-8.66674,8.46414
2011-08-01,1777.82,124,5.363,-0.27586,50.8377,3,0.257669,-0.809389,0.972547,-0.457209,-0.809389,-0.31357,-8.73325,9.88449
2011-08-02,1771.81,127,5.53109,-0.453686,50.695,3,-0.0979828,-0.809389,0.233045,-0.429011,-0.809389,0.869042,-8.77158,8.59756
2011-08-03,1765.53,131,5.63637,-0.0907622,50.6718,3,-0.0466263,-0.134898,0.316595,-0.409847,-0.134898,1.92358,-8.69089,7.43914
2011-08-04,1772.52,147,5.80976,0.580524,52.1264,3,0.0144128,1.14663,0.407789,-0.378963,1.14663,2.76062,-8.58479,7.95061
2011-08-05,1781.33,146,5.76686,0.575676,51.8615,3,0.0721668,1.07919,0.529578,-0.385245,1.07919,3.7207,-8.52397,6.66474
2011-08-08,1792.68,177,6.10732,1.95827,54.7826,3,0.206836,3.7097,0.738951,-0.325279,3.7097,4.45877,-8.38189,8.70576
2011-08-09,1811.18,186,6.80889,2.40935,60.4624,3,0.818694,4,1.84155,-0.204166,4,5.84234,-8.11533,12.7354
2011-08-10,1811.68,196,6.72994,2.48388,66.8156,3,0.967754,4,2.15059,-0.215085,4,7.70426,-7.78398,16.8954
2011-08-11,1800.97,195,6.96084,1.97536,71.9716,3,0.578258,3.37245,1.32848,-0.171965,3.37245,9.01783,-7.37669,20.3305
2011-08-12,1793.47,191,6.79071,1.68576,76.8179,3,0.201414,3.17011,0.603157,-0.20033,3.17011,9.62699,-6.88426,24.0752
2011-08-15,1783.35,181,7.22146,0.0820381,78.1541,3,-0.240618,0.404694,-0.355918,-0.125318,0.404694,9.47315,-6.48931,25.1703
2011-08-16,1783.35,186,7.09315,-0.265232,78.3213,3,-0.665362,0.134898,-1.18505,-0.145672,0.134898,8.7107,-6.22563,25.8362
2011-08-17,1776.66,172,7.25009,-1.14884,76.5048,3,-0.813799,-1.48388,-1.51087,-0.116732,-1.48388,7.72,-5.99699,24.7818
2011-08-18,1767.29,183,7.53975,-0.71198,75.4935,3,-0.74947,-0.674491,-1.43332,-0.0656212,-0.674491,6.44687,-5.67491,24.7215
2011-08-19,1775.84,183,7.69962,-0.391599,75.1967,3,-0.378503,-0.404694,-0.719376,-0.0376297,-0.404694,5.41574,-5.22936,25.0103
2011-08-22,1779.05,180,7.7125,-0.00685986,76.2088,3,-0.0811688,0.0674491,-0.127187,-0.0351504,0.0674491,4.92935,-4.74148,26.0209
2011-08-23,1779.86,178,7.44,-0.2502,76.2421,3,-0.0853297,-0.415071,-0.0910754,-0.079584,-0.415071,4.42478,-4.41621,26.2336
2011-08-24,1781.91,171,7.2093,0.0819853,77.433,3,0.0929716,0.070999,0.302714,-0.116771,0.070999,4.48497,-4.11732,27.0654
2011-08-25,1791.61,178,7.37158,0.162487,78.3691,3,0.537971,-0.212997,1.16447,-0.0885256,-0.212997,5.09869,-3.80857,27.079
2011-08-26,1791.05,183,7.30478,0.232514,79.5582,3,0.323029,0.141998,0.745702,-0.0996429,0.141998,5.0609,-3.49905,27.9963
2011-08-29,1794.02,174,7.22026,0.0128007,80.3326,3,0.309597,-0.283996,0.733048,-0.113853,-0.283996,4.82188,-3.18269,28.6934
2011-08-30,1787.52,175,7.23793,0.0384086,81.6111,3,0.147816,-0.070999,0.405183,-0.109551,-0.070999,4.90694,-2.87526,29.5794
2011-08-31,1783.66,165,7.15261,-0.140413,81.4845,3,0.00317025,-0.283996,0.128885,-0.122544,-0.283996,4.75542,-2.63743,29.3665
2011-09-01,1780.26,175,7.08084,-0.187213,79.4586,3,-0.301507,-0.0729179,-0.471941,-0.131074,-0.0729179,4.09313,-2.47574,27.8413
2011-09-02,1778.51,185,6.86407,-0.023266,77.7904,3,-0.346306,0.299774,-0.52781,-0.164801,0.299774,3.23192,-2.31895,26.8775
2011-09-05,1782.8,185,6.50761,0.301713,72.7956,3,-0.344507,0.947933,-0.467168,-0.221846,0.947933,2.25961,-2.30616,22.8422
2011-09-06,1782.8,188,5.18815,0.395227,66.0542,3,-0.303315,1.09377,-0.162315,-0.444315,1.09377,0.473293,-2.60301,18.1839
2011-09-07,1791.89,187,5.58492,0.89059,60.3149,3,0.0311493,1.75003,0.435403,-0.373104,1.75003,-1.13685,-2.79643,14.2482
2011-09-08,1789.3,193,5.22742,0.738339,55.6916,3,0.0183199,1.45836,0.467213,-0.430573,1.45836,-1.96495,-3.06463,10.7212
2011-09-09,1789.9,205,5.02842,0.829353,52.4407,3,0.054511,1.60419,0.571405,-0.462382,1.60419,-2.00071,-3.32308,7.7645
2011-09-12,1796.58,211,4.7479,1.04486,56.0933,3,0.0844705,2.00524,0.677634,-0.508693,2.00524,-1.01176,-3.67657,10.7816
2011-09-13,1811.34,206,5.49324,0.916388,60.5029,3,0.483794,1.34898,1.34699,-0.379403,1.34898,1.38401,-3.86821,12.9871
2011-09-14,1813.42,209,5.22531,0.965871,68.0362,3,0.298765,1.63298,1.02249,-0.424958,1.63298,3.68247,-4.05899,18.4127
2011-09-15,1824.15,202,4.93383,0.642281,72.5173,3,0.574571,0.70999,1.6225,-0.473362,0.70999,6.35267,-4.33707,20.5017
2011-09-16,1822.04,204,4.86896,0.253643,74.5377,3,0.507286,0,1.49769,-0.48312,0,8.24668,-4.6803,20.9714
2011-09-19,1820.29,221,4.92832,0.56064,76.2482,3,0.319183,0.802097,1.11206,-0.473697,0.802097,9.2402,-5.01145,22.0194
2011-09-20,1843.26,214,6.36204,0.648118,78.8219,3,0.621746,0.674491,1.46886,-0.22537,0.674491,10.4003,-5.03742,23.4589
2011-09-21,1854.96,224,6.55967,1.00933,81.2993,3,0.851967,1.16669,1.89372,-0.189784,1.16669,11.5069,-4.98593,24.7783
2011-09-22,1882.23,253,7.86945,2.5565,86.8222,3,1.32127,3.79173,2.60659,0.0359445,3.79173,11.9001,-4.56598,29.4881
2011-09-23,1915.63,250,9.43972,2.79021,91.3517,3,2.15328,3.42714,4,0.306566,3.42714,13.3261,-3.91203,31.9376
2011-09-26,1902.45,255,10.1102,2.29262,94.3044,3,2.03311,2.55213,3.64411,0.42211,2.55213,14.2591,-3.25379,33.2991
2011-09-27,1903.31,240,9.85939,1.74266,95.9412,3,1.51654,1.96878,2.65418,0.378893,1.96878,14.8205,-2.75076,33.8715
2011-09-28,1887.38,241,10.5307,1.14183,96.902,3,0.971141,1.31252,1.44769,0.494588,1.31252,14.9287,-2.25281,34.2262
2011-09-29,1907.75,238,10.7312,-0.095227,96.963,3,0.830397,-1.02085,1.13165,0.529146,-1.02085,15.8384,-1.84971,32.9743
2011-09-30,1915.1,240,10.6023,-0.199877,96.845,3,0.256507,-0.656261,0.00609657,0.506918,-0.656261,16.2642,-1.45686,32.0377
2011-10-03,1929.01,254,10.6626,0.420483,96.9248,3,0.840967,0,1.16461,0.517326,0,17.1723,-1.00678,30.7593
2011-10-04,1943.8,255,10.6329,1.16592,97.4028,3,1.13276,1.19909,1.75332,0.512193,1.19909,17.8066,-0.420464,30.0166
2011-10-05,1972.76,248,11.2643,1.36839,97.6666,3,2.13723,0.599547,3.65346,0.621009,0.599547,19.3386,0.156665,28.1713
2011-10-06,1967.56,234,11.3597,0.686389,97.6391,3,1.59761,-0.22483,2.55777,0.637452,-0.22483,20.5763,0.77026,26.2925
2011-10-07,1952.09,229,12.1329,0.216552,97.2929,3,1.18254,-0.749434,1.59605,0.769023,-0.749434,21.6506,1.51129,24.131
2011-10-10,1931.64,229,13.2337,-0.625107,96.1296,3,0.548429,-1.79864,0.140628,0.956229,-1.79864,22.6932,2.52278,20.9137
2011-10-11,1931.64,206,13.1785,-1.6827,93.54,3,0.231893,-3.59728,-0.481765,0.94555,-3.59728,23.6745,3.68083,16.1847
2011-10-12,1913.6,191,13.9076,-2.34991,88.4935,3,-0.699827,-4,-2.47015,1.07049,-4,23.7839,5.26186,9.44774
2011-10-13,1896.72,198,14.4326,-1.73142,83.4704,3,-0.91071,-2.55213,-2.98188,1.16046,-2.55213,21.7189,6.98758,4.76396
2011-10-14,1909.12,189,14.4704,-1.57823,78.7466,3,-0.312669,-2.8438,-1.79228,1.16694,-2.8438,19.9163,8.74238,0.0879163
2011-10-17,1895.33,196,14.8281,-1.24037,73.4128,3,-0.14736,-2.33337,-1.52295,1.22823,-2.33337,18.3308,10.6064,-5.52436
2011-10-18,1895.33,196,14.307,-0.43387,69.9105,3,-0.19325,-0.674491,-1.52295,1.13645,-0.674491,15.9508,12.0519,-8.09217
2011-10-19,1902.47,198,14.2183,0.467856,68.0831,3,0.336165,0.599547,-0.443682,1.11601,0.599547,13.9326,13.3538,-9.20328
2011-10-20,1900.1,200,13.333,0.398286,60.3931,3,0.571741,0.22483,0.181574,0.961909,0.22483,11.9944,14.562,-16.1632
2011-10-21,1905.95,196,11.7647,0.448223,51.5741,3,0.296899,0.599547,-0.101588,0.695386,0.599547,8.2174,15.0979,-21.7412
2011-10-24,1897.45,195,11.613,0.199186,43.6117,3,0.398372,0,0.127074,0.66967,0,4.84263,15.2721,-26.5031
2011-10-25,1878.78,203,12.1133,0.316501,38.313,3,0.0334552,0.599547,-0.684719,0.751629,0.599547,1.65309,15.4656,-28.8056
2011-10-26,1875.55,194,11.7732,-0.222832,33.4386,3,-0.220835,-0.22483,-1.13255,0.690881,-0.22483,-0.76135,15.4095,-31.2096
2011-10-27,1878.1,170,11.0546,-1.17383,29.7699,3,-0.174309,-2.17336,-0.918773,0.570154,-2.17336,-2.61763,15.2025,-32.815
2011-10-28,1862.84,180,11.2081,-0.871905,27.5813,3,-0.619658,-1.12415,-1.83526,0.595943,-1.12415,-4.24609,15.1079,-33.2805
2011-10-31,1863.06,188,10.7578,-0.459138,24.8416,3,-0.468615,-0.449661,-1.45751,0.520277,-0.449661,-6.49699,14.8569,-33.5183
2011-11-01,1871.49,196,10.4494,-0.178053,20.9526,3,0.0935541,-0.449661,-0.281361,0.468469,-0.449661,-8.05707,14.3863,-35.3767
2011-11-02,1891.38,194,9.63156,0.300676,18.1353,3,0.526409,0.0749434,0.721742,0.331076,0.0749434,-10.3014,13.7677,-35.331
2011-11-03,1889.66,179,9.63843,0.592179,17.8986,3,0.434924,0.749434,0.537617,0.33223,0.749434,-11.9636,13.479,-33.6168
2011-11-04,1905.38,181,10.0335,0.645064,18.9907,3,1.14024,0.149887,1.88188,0.398599,0.149887,-11.8546,13.3154,-32.47
2011-11-07,1915.72,187,9.65824,0.66256,22.5112,3,1.32512,0,2.31468,0.335558,0,-10.3303,13.1892,-30.3477
2011-11-08,1915.72,181,9.65824,0.0456852,27.7703,3,1.14058,-1.04921,1.9456,0.335558,-1.04921,-8.50785,13.1069,-26.8287
2011-11-09,1908.71,196,9.1541,0.370838,37.0938,3,0.516847,0.22483,0.781618,0.252075,0.22483,-5.79564,12.8566,-19.9672
2011-11-10,1917.69,187,8.6919,0.690852,46.1117,3,0.707214,0.674491,1.23972,0.174704,0.674491,-1.86931,12.1296,-14.1486
2011-11-11,1913.65,187,8.44226,0.39256,53.6228,3,0.260516,0.524604,0.390024,0.131008,0.524604,0.209822,11.145,-7.73201
2011-11-14,1913.65,189,7.98279,0.112586,58.7212,3,0.000341309,0.22483,-0.0513699,0.0520525,0.22483,1.60135,9.95738,-2.83751
2011-11-15,1913.65,188,7.98279,0.300474,61.4336,3,0.00140134,0.599547,-0.0491479,0.0519506,0.599547,2.97866,8.87803,-0.42311
2011-11-16,1915.41,190,7.89118,-0.0969909,59.3515,3,0.180735,-0.374717,0.326476,0.0349946,-0.374717,3.72081,7.89791,-2.26723
2011-11-17,1912.2,200,7.90413,0.485258,59.674,3,-0.0786926,1.04921,-0.192962,0.0355766,1.04921,3.3645,7.01751,-0.708039
2011-11-18,1910.83,197,7.84308,0.398669,59.4903,3,-0.0270393,0.824378,-0.0787078,0.0246292,0.824378,3.3874,6.38623,-0.283323
2011-11-21,1917.45,205,7.73078,0.68865,61.2946,3,0.103262,1.27404,0.202273,0.00425061,1.27404,3.4444,5.73391,2.11628
2011-11-22,1928.47,209,6.88204,0.95644,63.6167,3,0.264124,1.64876,0.670261,-0.142012,1.64876,4.68973,4.86156,4.06539
2011-11-23,1925.39,217,6.87504,1.12901,68.3521,3,0.159597,2.09842,0.462579,-0.143386,2.09842,6.07505,4.01092,8.26615
2011-11-24,1932.63,217,6.92955,0.867654,74.9491,3,0.386326,1.34898,0.906678,-0.134026,1.34898,7.48043,3.24545,14.2232
2011-11-25,1932.63,217,5.97096,0.953372,80.1648,3,0.332932,1.57381,0.965394,-0.29953,1.57381,9.56488,2.35307,18.2468
2011-11-28,1948.48,210,6.3358,0.503385,82.6291,3,0.557109,0.449661,1.35121,-0.23699,0.449661,11.6652,1.66685,19.297
2011-11-29,1946.28,209,6.38381,0.177226,83.4873,3,0.279509,0.0749434,0.789161,-0.230142,0.0749434,12.4347,1.07622,19.9763
2011-11-30,1967.18,199,6.40347,-0.244783,82.1583,3,0.784472,-1.27404,1.79517,-0.226222,-1.27404,13.5137,0.626823,18.0178
2011-12-01,1948.51,189,7.54705,-0.841304,78.3558,3,0.340864,-2.02347,0.706441,-0.0247128,-2.02347,14.1455,0.340675,13.8696
2011-12-02,1949.56,191,7.11662,-0.774721,74.1646,3,0.324144,-1.87359,0.750576,-0.102288,-1.87359,13.5716,-0.0953337,10.6883
2011-12-05,1938.83,187,7.30289,-0.934054,68.9937,3,-0.219353,-1.64876,-0.369656,-0.0690499,-1.64876,11.4947,-0.468867,7.96792
2011-12-06,1936.29,180,7.33193,-1.13302,64.9103,3,-0.224344,-2.0417,-0.384501,-0.0641876,-2.0417,9.51081,-0.848795,6.24829
2011-12-07,1936.11,187,7.16834,-0.73016,60.9326,3,-0.67933,-0.780989,-1.26439,-0.0942746,-0.780989,7.69252,-1.18485,4.4249
2011-12-08,1930.57,190,7.11353,-0.133623,57.8744,3,-0.409243,0.141998,-0.714037,-0.10445,0.141998,5.88834,-1.45686,3.44289
2011-12-09,1930.57,179,7.0566,-0.608431,54.0983,3,-0.435873,-0.780989,-0.755375,-0.11637,-0.780989,4.82562,-1.6995,0.972195
2011-12-12,1927.1,183,7.10025,-0.246573,52.7325,3,-0.28015,-0.212997,-0.451813,-0.108487,-0.212997,4.44855,-1.85424,0.138237
2011-12-13,1932.3,182,7.1469,0.0530249,51.7896,3,-0.112704,0.218754,-0.125171,-0.100237,0.218754,4.37802,-2.00024,-0.588178
2011-12-14,1929.01,189,7.18631,0.0220652,52.2434,3,-0.174623,0.218754,-0.257328,-0.0919189,0.218754,3.82039,-2.1209,0.54394
2011-12-15,1937.6,190,7.28461,0.103538,50.7876,3,0.134158,0.0729179,0.340025,-0.0717082,0.0729179,4.33072,-2.22425,-1.31888
2011-12-16,1935.96,197,7.28801,0.724928,52.0321,3,0.100875,1.34898,0.268276,-0.0665263,1.34898,4.66008,-2.31037,-0.31765
2011-12-19,1935.64,201,7.21618,0.756454,52.2905,3,0.163926,1.34898,0.400978,-0.0731268,1.34898,4.84904,-2.3839,-0.174667
2011-12-20,1939.39,191,6.97094,0.410019,50.2061,3,0.110048,0.70999,0.338258,-0.118162,0.70999,4.53488,-2.36244,-1.96633
2011-12-21,1932.08,186,7.09071,-0.0525458,45.7046,3,0.0369064,-0.141998,0.166547,-0.0927343,-0.141998,4.24419,-2.30964,-6.22994
2011-12-22,1935.72,187,6.9959,-0.111766,42.0121,3,-0.0776965,-0.145836,-0.0437797,-0.111613,-0.145836,3.32296,-2.2773,-9.03357
2011-12-23,1927.71,178,7.1552,-0.754533,35.756,3,-0.196544,-1.31252,-0.3148,-0.0782883,-1.31252,2.07766,-2.03631,-14.2853
2011-12-26,1920.93,178,6.53402,-1.00152,30.5387,3,-0.398852,-1.60419,-0.589362,-0.208341,-1.60419,0.260856,-1.96893,-17.7533
2011-12-27,1920.93,180,6.53675,-0.603633,27.9718,3,-0.478086,-0.729179,-0.747176,-0.208996,-0.729179,-1.12938,-1.92428,-18.9745
2011-12-28,1920.16,190,4.98771,-0.0653018,28.5525,3,-0.505321,0.374717,-0.469513,-0.541129,0.374717,-3.18371,-2.21551,-16.0483
2011-12-29,1938.52,191,5.34167,0.109998,31.7219,3,-0.154722,0.374717,0.156147,-0.465591,0.374717,-3.73856,-2.65489,-11.8847
2011-12-30,1942.7,191,5.40399,0.581097,36.4757,3,0.112987,1.04921,0.674739,-0.448765,1.04921,-3.87494,-3.0255,-6.6239
2012-01-02,1942.7,191,5.02187,0.634064,42.2405,3,0.218921,1.04921,0.962841,-0.525,1.04921,-2.66379,-3.49862,-1.59704
2012-01-03,1942.7,184,4.99452,0.296053,47.6469,3,0.217389,0.374717,0.962841,-0.528063,0.374717,-1.39434,-3.96132,3.00259
2012-01-04,1915.02,184,7.17882,-0.243141,49.5045,3,-0.111564,-0.374717,-0.183333,-0.0397952,-0.374717,-0.363581,-3.91153,3.77958
2012-01-05,1898.24,187,7.72164,-0.514145,48.0528,3,-0.80346,-0.22483,-1.68848,0.0815557,-0.22483,-1.2929,-3.73266,3.07839
2012-01-06,1884.44,190,8.04347,-0.576813,48.1734,3,-1.15363,0,-2.46135,0.154096,0,-2.92027,-3.47484,4.56848
2012-01-09,1884.47,191,8.05161,-0.536868,47.0674,3,-1.14868,0.0749434,-2.45382,0.156465,0.0749434,-4.82729,-3.22033,5.11498
2012-01-10,1884.47,199,7.93837,0.0200295,46.9418,3,-1.15904,1.19909,-2.4496,0.131526,1.19909,-7.04274,-2.99914,6.98366
2012-01-11,1865.07,209,8.57123,0.512671,48.8115,3,-0.923186,1.94853,-2.12168,0.275307,1.94853,-8.82735,-2.65128,10.2902
2012-01-12,1854.17,206,8.37216,0.337097,49.7028,3,-0.824675,1.49887,-1.88015,0.230801,1.49887,-10.9471,-2.36299,13.0129
2012-01-13,1842.47,213,8.48011,0.513339,48.8954,3,-0.771964,1.79864,-1.8005,0.256569,1.79864,-12.9196,-2.05444,13.8694
2012-01-16,1841.31,213,8.46492,0.463119,47.7767,3,-0.79746,1.7237,-1.84874,0.253819,1.7237,-15.0602,-1.74182,14.5787
2012-01-17,1841.31,211,8.35767,0.0845483,46.5377,3,-0.805168,0.974264,-1.8425,0.232161,0.974264,-17.1273,-1.40667,15.0717
2012-01-18,1836.34,206,8.34622,-0.319633,45.5233,3,-0.489379,-0.149887,-1.21174,0.232978,-0.149887,-18.4252,-1.09533,15.0439
2012-01-19,1827.24,197,8.21792,-0.533554,43.9276,3,-0.467561,-0.599547,-1.1387,0.20358,-0.599547,-19.4332,-0.793788,14.1546
2012-01-20,1821.86,191,8.2045,-0.952298,43.1826,3,-0.330783,-1.57381,-0.862347,0.20078,-1.57381,-19.9333,-0.52799,13.644
2012-01-23,1828.75,190,8.52469,-0.880942,43.6366,3,-0.113128,-1.64876,-0.503399,0.277142,-1.64876,-19.8643,-0.0670418,13.568
2012-01-24,1811.55,193,8.81808,-0.869463,42.637,3,-0.464889,-1.27404,-1.27729,0.347508,-1.27404,-20.3383,0.461049,12.5143
2012-01-25,1814.58,191,8.92695,-0.660925,40.4154,3,-0.272641,-1.04921,-0.919079,0.373796,-1.04921,-20.6811,1.32374,9.77275
2012-01-26,1814.69,195,7.7456,-0.141159,39.4874,3,-0.207374,-0.0749434,-0.507278,0.0925294,-0.0749434,-21.2649,1.84739,8.90492
2012-01-27,1801.88,196,7.57503,0.0267576,37.4607,3,-0.396145,0.449661,-0.844227,0.0519362,0.449661,-22.5814,2.30771,7.73442
2012-01-30,1810.55,200,8.0669,0.264559,36.1285,3,-0.29526,0.824378,-0.760424,0.169903,0.824378,-24.1036,2.94812,7.28396
2012-01-31,1815.08,200,8.25812,0.408058,36.5306,3,0.216568,0.599547,0.216119,0.217016,0.599547,-24.832,3.64891,7.71367
2012-02-01,1805.98,189,7.21523,-0.127573,36.9471,3,-0.180203,-0.0749434,-0.330621,-0.0297838,-0.0749434,-25.0005,3.66278,8.28484
2012-02-02,1797.68,191,6.90981,-0.313953,37.6722,3,-0.403076,-0.22483,-0.703735,-0.102416,-0.22483,-24.1271,3.49754,8.30174
2012-02-03,1795.55,180,6.71079,-0.654879,37.3889,3,-0.185606,-1.12415,-0.220999,-0.150213,-1.12415,-22.0067,3.20936,6.1863
2012-02-06,1784.77,184,6.76263,-0.868047,36.1949,3,-0.611942,-1.12415,-1.08772,-0.136164,-1.12415,-20.6527,2.92459,3.92294
2012-02-07,1787.96,177,6.88639,-1.1368,32.1347,3,-0.624844,-1.64876,-1.14505,-0.104634,-1.64876,-19.149,2.66429,-1.38056
2012-02-08,1783.34,177,6.25457,-0.711534,28.06,3,-0.59869,-0.824378,-0.936433,-0.260947,-0.824378,-17.7058,2.12812,-6.36231
2012-02-09,1778.9,171,6.10851,-0.976766,23.9857,3,-0.529608,-1.42392,-0.76095,-0.298265,-1.42392,-16.2746,1.60874,-11.3485
2012-02-10,1774.96,178,5.89914,-0.335662,21.5351,3,-0.596381,-0.0749434,-0.84197,-0.350792,-0.0749434,-15.1438,1.05405,-14.3752
2012-02-13,1785.59,170,6.51576,-0.511187,18.9102,3,-0.0481097,-0.974264,0.0997299,-0.195949,-0.974264,-13.1463,0.649923,-18.5933
2012-02-14,1778.12,174,6.55446,-0.21506,18.1445,3,-0.280233,-0.149887,-0.374521,-0.185944,-0.149887,-11.8165,0.294823,-20.3339
2012-02-15,1785.24,175,6.84947,-0.0289697,18.8871,3,0.017004,-0.0749434,0.146051,-0.112043,-0.0749434,-10.7593,0.00594026,-20.3595
2012-02-16,1791.29,172,6.91545,0.206488,20.8608,3,0.263089,0.149887,0.62092,-0.0947413,0.149887,-9.44453,-0.250246,-19.4444
2012-02-17,1792.92,168,6.90638,-0.144942,23.1469,3,0.384606,-0.674491,0.865485,-0.0962737,-0.674491,-8.10755,-0.514814,-18.2307
2012-02-20,1779.81,168,7.05496,-0.102404,25.4777,3,-0.129864,-0.0749434,-0.203965,-0.0557637,-0.0749434,-7.9737,-0.819287,-15.7293
2012-02-21,1779.81,168,6.38249,-0.191333,27.6038,3,-0.0454214,-0.337245,0.133075,-0.223918,-0.337245,-6.80641,-1.34466,-14.2451
2012-02-22,1777.59,168,6.31122,-0.318989,28.708,3,-0.263261,-0.374717,-0.284804,-0.241719,-0.374717,-6.27274,-1.91063,-13.1087
2012-02-23,1781.57,176,6.4076,0.0772588,29.424,3,-0.295143,0.449661,-0.373297,-0.216989,0.449661,-6.17404,-2.19924,-12.2027
2012-02-24,1776.11,176,6.04358,0.127135,29.7558,3,-0.495165,0.749434,-0.679738,-0.310591,0.749434,-6.03437,-2.53318,-11.6766
2012-02-27,1772.42,178,5.69335,0.266829,29.7634,3,-0.328192,0.861849,-0.257196,-0.399187,0.861849,-5.57606,-3.05182,-11.6087
2012-02-28,1777.27,176,5.71332,0.2295,29.1742,3,-0.215492,0.674491,-0.037757,-0.393226,0.674491,-5.79025,-3.59721,-11.4383
2012-02-29,1767.83,171,5.74187,-0.0363486,29.4745,3,-0.372471,0.299774,-0.360154,-0.384788,0.299774,-5.82593,-3.92569,-10.7738
2012-03-01,1766.85,164,5.58874,-0.664487,28.3285,3,-0.504597,-0.824378,-0.585959,-0.423235,-0.824378,-5.68475,-4.19251,-11.7943
2012-03-02,1770.7,159,5.68968,-0.738615,28.0579,3,-0.278135,-1.19909,-0.157978,-0.398291,-1.19909,-5.61946,-4.41038,-11.9123
2012-03-05,1775.69,164,5.4524,-0.541803,29.1191,3,-0.109342,-0.974264,0.24248,-0.461163,-0.974264,-4.4431,-4.73049,-11.7073
2012-03-06,1774.03,172,5.40265,-0.24333,32.1171,3,-0.26183,-0.22483,-0.0492869,-0.474373,-0.22483,-3.49635,-5.13751,-9.24904
2012-03-07,1779.32,164,5.46338,-0.18317,33.9482,3,0.0833196,-0.449661,0.630949,-0.46431,-0.449661,-2.06765,-5.36334,-8.62076
2012-03-08,1773.88,157,5.49988,-0.2337,36.5881,3,-0.0177388,-0.449661,0.42552,-0.460998,-0.449661,-0.975552,-5.56301,-6.87336
2012-03-09,1765.06,155,5.72167,-0.253247,36.8851,3,-0.281664,-0.22483,-0.161162,-0.402166,-0.22483,-0.33871,-5.61601,-7.16018
2012-03-12,1762.08,146,5.23736,-0.90317,35.4797,3,-0.532302,-1.27404,-0.531058,-0.533545,-1.27404,-0.925523,-5.90649,-7.68827
2012-03-13,1766.1,143,5.16213,-1.25487,31.8504,3,-0.411333,-2.09842,-0.267823,-0.554844,-2.09842,-0.814804,-6.1657,-11.1691
2012-03-14,1760.77,137,4.97825,-1.31319,27.6005,3,-0.677842,-1.94853,-0.750189,-0.605495,-1.94853,-1.60522,-6.482,-14.3123
2012-03-15,1761.04,142,4.75475,-0.812071,24.4405,3,-0.574935,-1.04921,-0.480727,-0.669142,-1.04921,-2.54677,-6.86244,-16.1503
2012-03-16,1761.02,143,4.72062,-0.59903,23.0973,3,-0.373682,-0.824378,-0.0689418,-0.678421,-0.824378,-3.33966,-7.30573,-16.2574
2012-03-19,1758.38,138,4.07472,-0.469824,22.0413,3,-0.452515,-0.487132,-0.0509877,-0.854043,-0.487132,-3.17974,-7.93881,-16.8402
2012-03-20,1758.38,140,4.07472,-0.327414,21.6573,3,-0.542412,-0.112415,-0.230782,-0.854043,-0.112415,-3.48456,-8.45916,-16.399
2012-03-21,1759.78,139,4.09652,-0.0787959,22.3376,3,-0.382422,0.22483,0.0832728,-0.848117,0.22483,-3.18355,-9.03281,-15.446
2012-03-22,1758.03,142,3.96844,-0.18387,21.5986,3,-0.442683,0.0749434,-0.00242481,-0.882942,0.0749434,-2.84408,-9.555,-16.0024
2012-03-23,1761.87,144,3.9842,-0.100116,20.967,3,-0.350119,0.149887,0.178416,-0.878655,0.149887,-2.09111,-9.99297,-16.9489
2012-03-26,1760.17,146,3.94139,0.170626,20.703,3,-0.333238,0.674491,0.22382,-0.890296,0.674491,-1.67366,-10.3916,-17.2318
2012-03-27,1759.58,148,3.7702,0.152039,20.4919,3,-0.370413,0.674491,0.196015,-0.936842,0.674491,-1.47037,-10.8379,-17.1999
2012-03-28,1762.93,146,3.39779,0.112188,20.8979,3,-0.375172,0.599547,0.287758,-1.0381,0.599547,-0.91877,-11.4377,-16.7456
2012-03-29,1771.25,150,3.8019,0.294279,23.6305,3,-0.0859327,0.674491,0.756358,-0.928223,0.674491,0.239937,-12.1308,-14.4786
2012-03-30,1784.66,141,4.58293,0.0451083,26.0029,3,0.240103,-0.149887,1.19607,-0.715858,-0.149887,1.45202,-12.6097,-12.8395
2012-04-02,1792.07,143,4.69892,0.155572,28.2127,3,0.461031,-0.149887,1.60638,-0.684323,-0.149887,2.7037,-12.9751,-11.5159
2012-04-03,1779.13,136,5.42529,-0.256882,28.1689,3,0.273142,-0.786906,1.03597,-0.48969,-0.786906,3.68378,-12.9859,-12.529
2012-04-04,1767.84,142,5.78012,-0.0840035,28.4901,3,-0.0181202,-0.149887,0.358155,-0.394395,-0.149887,3.44322,-12.9451,-12.008
2012-04-05,1772.58,149,5.77853,-0.013749,29.2086,3,-0.102441,0.0749434,0.191173,-0.396056,0.0749434,3.24323,-12.9348,-11.0998
2012-04-06,1772.58,149,5.47538,0.149737,30.5465,3,-0.44996,0.749434,-0.420244,-0.479676,0.749434,3.02754,-13.0905,-9.3905
2012-04-09,1772.58,159,5.43018,0.362048,34.9121,3,-0.624885,1.34898,-0.758953,-0.490817,1.34898,2.86916,-13.2831,-4.67396
2012-04-10,1779.53,159,5.53919,0.862115,42.6555,3,-0.149355,1.87359,0.158871,-0.457582,1.87359,3.32933,-13.447,2.77313
2012-04-11,1793.3,150,5.959,0.619077,49.9887,3,0.48872,0.749434,1.31715,-0.339709,0.749434,5.32106,-13.2703,7.93788
2012-04-12,1787.66,143,6.12799,-0.013669,53.0332,3,0.272436,-0.299774,0.837546,-0.292675,-0.299774,6.57264,-12.8986,9.35909
2012-04-13,1778.78,151,6.45494,0.2067,56.0876,3,0.113625,0.299774,0.428545,-0.201295,0.299774,7.0262,-12.4072,11.4686
2012-04-16,1777.12,149,6.43473,-0.263406,56.8651,3,0.0727361,-0.599547,0.35156,-0.206087,-0.599547,7.4009,-11.7787,11.2429
2012-04-17,1775.67,143,6.45015,-0.584533,55.8963,3,-0.119859,-1.04921,-0.0384103,-0.201308,-1.04921,7.59352,-11.1736,9.47638
2012-04-18,1769.07,145,6.61897,-0.396085,54.696,3,-0.56734,-0.22483,-0.981051,-0.15363,-0.22483,6.59048,-10.5275,8.63297
2012-04-19,1774.21,137,6.66507,-0.306069,54.2325,3,-0.312364,-0.299774,-0.484899,-0.13983,-0.299774,6.13384,-9.82431,7.92296
2012-04-20,1776.06,141,6.6382,-0.333,53.3476,3,-0.0664517,-0.599547,0.0125934,-0.145497,-0.599547,5.98013,-9.13248,6.49998
2012-04-23,1771.13,148,6.71848,-0.0283759,52.5902,3,-0.131695,0.0749434,-0.141836,-0.121554,0.0749434,5.63428,-8.40376,5.35966
2012-04-24,1774.44,147,6.73588,0.214731,52.8289,3,-0.0201982,0.449661,0.0755691,-0.115965,0.449661,5.51868,-7.61998,4.93022
2012-04-25,1767.91,150,6.86376,0.262126,53.3995,3,-0.000351506,0.524604,0.0787629,-0.0794659,0.524604,5.31743,-6.70349,4.78553
2012-04-26,1763.85,152,6.69393,0.51802,54.2495,3,-0.237999,1.27404,-0.350102,-0.125896,1.27404,4.25999,-5.93476,5.92428
2012-04-27,1764.63,152,6.04656,0.311097,55.2575,3,-0.35207,0.974264,-0.39985,-0.304291,0.974264,2.73726,-5.53718,8.05744
2012-04-30,1761.2,152,5.79901,0.0502446,54.8587,3,-0.349171,0.449661,-0.32743,-0.370912,0.449661,0.897715,-5.24122,9.20223
2012-05-01,1764,148,5.34006,-0.0989476,55.4565,3,-0.422725,0.22483,-0.347689,-0.497762,0.22483,-0.419055,-5.24548,11.121
2012-05-02,1764,147,4.85732,-0.204734,54.9996,3,-0.334525,-0.0749434,-0.0377083,-0.631342,-0.0749434,-0.796016,-5.47364,11.2693
2012-05-03,1760.12,143,4.79448,-0.431726,53.4133,3,-0.338848,-0.524604,-0.0296738,-0.648021,-0.524604,-1.00761,-5.72148,10.1424
2012-05-04,1754.89,145,4.88103,-0.424345,51.2261,3,-0.473972,-0.374717,-0.324515,-0.62343,-0.374717,-0.917356,-5.86472,8.00813
2012-05-07,1757.24,146,4.9222,-0.312294,48.6526,3,-0.324815,-0.299774,-0.0392098,-0.61042,-0.299774,-0.230664,-5.97864,4.86192
2012-05-08,1759.12,150,4.68693,-0.0398094,45.2213,3,-0.379393,0.299774,-0.0848972,-0.673888,0.299774,-0.462206,-6.17134,1.85486
2012-05-09,1760.6,155,3.5801,0.127247,43.3635,3,-0.49494,0.749434,-0.0116083,-0.978271,0.749434,-1.72322,-6.764,1.8507
2012-05-10,1775.96,154,4.84445,0.561561,45.5375,3,0.148857,0.974264,0.922933,-0.625219,0.974264,-1.64632,-7.09796,4.28178
2012-05-11,1765,162,5.0147,0.709387,47.4486,3,0.0323204,1.38645,0.642156,-0.577515,1.38645,-1.44495,-7.46672,6.36026
2012-05-14,1764.69,170,5.01099,0.938197,52.0323,3,-0.0346623,1.91106,0.509565,-0.578889,1.91106,-1.2946,-7.82417,11.1511
2012-05-15,1771.6,175,5.22868,1.04909,58.2098,3,0.112189,1.986,0.74099,-0.516612,1.986,-0.54752,-8.0706,16.8279
2012-05-16,1778.37,177,5.22322,0.997917,63.331,3,0.234663,1.76117,0.987737,-0.51841,1.76117,1.30199,-8.3154,20.3444
2012-05-17,1793.61,189,5.93474,1.51244,69.6591,3,0.326926,2.69796,0.972248,-0.318397,2.69796,2.60231,-8.27993,25.3367
2012-05-18,1804.92,190,6.27527,1.54065,75.6121,3,0.907937,2.17336,2.0366,-0.220731,2.17336,4.30141,-8.06682,29.3776
2012-05-21,1814.46,189,6.31577,1.32199,79.4768,3,1.1451,1.49887,2.4986,-0.208389,1.49887,6.43519,-7.90112,30.9427
2012-05-22,1814.46,188,6.32471,1.01272,81.5787,3,0.976234,1.04921,2.1586,-0.206129,1.04921,8.05814,-7.82173,31.3422
2012-05-23,1824.73,195,6.25194,1.23142,83.9441,3,1.03892,1.42392,2.30518,-0.227343,1.42392,9.67404,-7.74277,32.0128
2012-05-24,1845.17,193,6.92873,0.808496,84.6124,3,1.24227,0.374717,2.51903,-0.0344811,0.374717,11.9246,-7.6059,30.2938
2012-05-25,1836.45,194,7.34002,0.601241,85.2614,3,0.827765,0.374717,1.57333,0.082204,0.374717,13.4147,-7.23209,29.0788
2012-05-28,1840.69,194,7.19094,0.563444,86.3638,3,0.677227,0.449661,1.31503,0.0394287,0.449661,14.5173,-6.79891,28.6455
2012-05-29,1840.69,196,7.23107,0.677125,87.9213,3,0.679759,0.674491,1.30872,0.0507962,0.674491,15.4621,-6.21569,28.6749
2012-05-30,1818.82,202,8.77699,0.376255,89.0023,3,0.152962,0.599547,-0.197546,0.50347,0.599547,15.0607,-5.24013,29.1817
2012-05-31,1827.83,207,8.74032,0.504869,90.5956,3,-0.114414,1.12415,-0.725962,0.497134,1.12415,14.0951,-4.23812,30.7386
2012-06-01,1833.8,211,8.55854,0.774794,92.3783,3,0.200606,1.34898,-0.0420571,0.443268,1.34898,13.7345,-3.31393,31.9577
2012-06-04,1834.71,206,8.57498,0.55147,93.494,3,0.128675,0.974264,-0.190529,0.447879,0.974264,13.2224,-2.4881,32.7596
2012-06-05,1815.54,191,9.68219,-0.226725,93.264,3,-0.153676,-0.299774,-1.08397,0.776617,-0.299774,12.6186,-1.50101,32.1464
2012-06-06,1798.85,177,10.4168,-0.86273,91.9397,3,0.0731819,-1.79864,-0.848496,0.99486,-1.79864,12.4601,-0.140665,29.6203
2012-06-07,1782.89,180,10.5829,-1.21549,89.084,3,-0.482456,-1.94853,-2.00947,1.04456,-1.94853,10.9885,1.11885,26.9767
2012-06-08,1766.91,177,10.8517,-1.71798,84.1047,3,-0.962827,-2.47313,-3.05061,1.12495,-2.47313,8.80206,2.59381,22.7088
2012-06-11,1776.26,182,11.0079,-1.2301,78.5621,3,-0.736501,-1.7237,-2.64468,1.17168,-1.7237,6.58094,4.25307,17.728
2012-06-12,1776.26,170,10.9264,-0.900864,72.7329,3,-0.30286,-1.49887,-1.75302,1.1473,-1.49887,4.61131,5.92538,12.1962
2012-06-13,1776.47,165,10.8396,-0.369545,68.2223,3,0.0852882,-0.824378,-0.950755,1.12133,-0.824378,2.93398,7.5689,7.71941
2012-06-14,1783.45,164,10.4725,-0.279071,61.8872,3,0.56601,-1.12415,0.1205,1.01152,-1.12415,2.19786,8.98501,0.704364
2012-06-15,1787.63,155,10.2352,-0.284704,55.0878,3,1.0044,-1.57381,1.06827,0.940537,-1.57381,1.30388,10.2025,-6.41862
2012-06-18,1786.21,163,10.0069,-0.317815,48.8429,3,0.713351,-1.34898,0.554441,0.87226,-1.34898,-0.54764,11.26,-11.8694
2012-06-19,1786.21,163,10.0069,0.1303,45.4844,3,0.71026,-0.449661,0.548259,0.87226,-0.449661,-2.07987,12.2643,-14.7
2012-06-20,1773.18,164,9.96037,0.195618,41.5845,3,0.391236,0,-0.0758749,0.858347,0,-4.3238,13.2269,-17.3186
2012-06-21,1770.38,167,8.78493,0.141062,39.1124,3,-0.0176493,0.299774,-0.543589,0.508291,0.299774,-7.18717,13.6702,-17.3706
2012-06-22,1775.99,162,8.91338,0.319874,38.0827,3,0.0402006,0.599547,-0.467484,0.547885,0.599547,-9.08664,14.0727,-16.9034
2012-06-25,1787.47,169,9.27214,0.461774,37.7126,3,0.398945,0.524604,0.140698,0.657192,0.524604,-10.1802,14.6388,-16.746
2012-06-26,1803.37,169,9.96496,0.699995,37.7958,3,0.875386,0.524604,0.884857,0.865916,0.524604,-10.5805,15.4076,-17.0313
2012-06-27,1805.14,167,9.10408,0.695387,38.9617,3,1.091,0.299774,1.57499,0.607012,0.299774,-8.94255,15.551,-17.6467
2012-06-28,1796.18,168,9.01578,0.540728,39.0934,3,0.931569,0.149887,1.28248,0.580658,0.149887,-7.05309,15.6346,-19.4881
2012-06-29,1805.6,158,9.16152,0.404562,37.7403,3,1.03395,-0.22483,1.44276,0.625143,-0.22483,-5.63473,15.7517,-22.3766
2012-07-02,1784.6,165,9.92773,0.0838981,36.053,3,0.392627,-0.22483,-0.0711929,0.856446,-0.22483,-5.4956,16.0562,-24.5076
2012-07-03,1784.6,158,9.33026,-0.408348,35.4046,3,-0.0672619,-0.749434,-0.81023,0.675706,-0.749434,-5.22895,15.9287,-25.2951
2012-07-04,1771.53,158,9.12764,-0.531192,36.5912,3,-0.445707,-0.616677,-1.50552,0.614107,-0.616677,-5.86336,15.6319,-23.1773
2012-07-05,1771.53,157,8.60594,-0.53292,39.0739,3,-0.316405,-0.749434,-1.09027,0.457462,-0.749434,-5.03655,15.1832,-21.0728
2012-07-06,1774.37,160,7.98777,-0.168646,44.8615,3,-0.562123,0.22483,-1.39311,0.268864,0.22483,-3.50985,14.5209,-16.1496
2012-07-09,1785.25,158,8.06319,-0.136278,49.0223,3,0.189953,-0.462508,0.0891172,0.290788,-0.462508,-0.910875,13.7194,-13.7862
2012-07-10,1790.25,155,8.11255,0.0801759,52.7645,3,0.314521,-0.154169,0.323155,0.305887,-0.154169,1.0693,12.9075,-11.2123
2012-07-11,1785.06,151,8.19654,0.0250848,54.2648,3,0.512677,-0.462508,0.694543,0.330812,-0.462508,2.63509,12.1403,-10.5106
2012-07-12,1787.72,151,8.09656,0.0865685,55.6495,3,0.55856,-0.385423,0.817576,0.299544,-0.385423,3.2942,11.4456,-9.0903
2012-07-13,1790.12,147,8.06791,-0.191956,55.9997,3,0.541103,-0.925016,0.791832,0.290374,-0.925016,3.03,10.8226,-7.85287
2012-07-16,1780.21,143,8.30858,-0.495689,55.3277,3,0.0878069,-1.07919,-0.186966,0.36258,-1.07919,2.32708,10.3464,-7.34585
2012-07-17,1778.42,139,8.31355,-0.615358,52.4959,3,-0.0744469,-1.15627,-0.511412,0.362518,-1.15627,1.32202,9.88453,-8.71065
2012-07-18,1778.97,143,7.87873,-0.289059,50.6476,3,-0.00582215,-0.572295,-0.238698,0.227054,-0.572295,1.16747,9.28819,-9.8081
2012-07-19,1778.28,140,7.85507,-0.429972,48.4684,3,-0.089098,-0.770847,-0.398039,0.219843,-0.770847,1.30608,9.01114,-11.8488
2012-07-20,1775.8,145,7.79514,-0.148161,46.6854,3,-0.214566,-0.0817565,-0.630996,0.201864,-0.0817565,1.14905,8.67317,-13.1368
2012-07-23,1775.8,151,7.41442,0.328103,46.1772,3,-0.0375565,0.693762,-0.155668,0.0805548,0.693762,0.866252,8.12047,-12.8095
2012-07-24,1790.39,159,7.30685,0.957662,47.1573,3,0.341512,1.57381,0.636318,0.046705,1.57381,0.629887,7.345,-10.8176
2012-07-25,1797.33,160,7.44775,0.931298,48.0561,3,0.513615,1.34898,0.935654,0.0915762,1.34898,0.0203498,6.85667,-8.82095
2012-07-26,1799.48,156,7.24409,0.909578,49.4632,3,0.545118,1.27404,1.06331,0.026922,1.27404,-0.188769,6.33081,-6.67887
2012-07-27,1789.22,143,7.25644,0.142396,48.4629,3,0.359736,-0.0749434,0.688577,0.0308946,-0.0749434,-0.90821,5.76253,-6.39144
2012-07-30,1791.12,142,5.92589,-0.204112,47.3651,3,0.191323,-0.599547,0.773971,-0.391325,-0.599547,-0.101889,4.56999,-7.10298
2012-07-31,1789.02,140,5.94528,-0.773147,45.9776,3,-0.197313,-1.34898,-0.00951209,-0.385114,-1.34898,0.660972,3.55501,-8.23834
2012-08-01,1790.74,128,5.25085,-1.37725,42.7814,3,-0.431248,-2.32325,-0.254593,-0.607904,-2.32325,1.84557,2.38184,-11.446
2012-08-02,1787.51,136,5.31417,-0.986557,41.0856,3,-0.549189,-1.42392,-0.509343,-0.589035,-1.42392,2.38985,1.38468,-12.689
2012-08-03,1790.97,129,5.32502,-0.598741,39.4929,3,-0.223218,-0.974264,0.138381,-0.584818,-0.974264,3.82613,0.574994,-14.9082
2012-08-06,1786.06,129,4.99727,-0.667661,37.5495,3,-0.436001,-0.899321,-0.184255,-0.687748,-0.899321,3.55092,-0.346111,-15.6553
2012-08-07,1785.29,124,4.88981,-0.772125,34.4992,3,-0.420099,-1.12415,-0.11923,-0.720969,-1.12415,3.10591,-1.29729,-17.3095
2012-08-08,1785.29,122,4.77946,-0.426515,32.9214,3,-0.478313,-0.374717,-0.201402,-0.755224,-0.374717,2.25972,-2.29316,-17.0452
2012-08-09,1788.03,123,4.78132,-0.617039,30.5235,3,-0.334757,-0.899321,0.0841128,-0.753626,-0.899321,1.56568,-3.23267,-17.8095
2012-08-10,1788.08,126,4.75542,-0.28503,30.2122,3,-0.420172,-0.149887,-0.0788548,-0.76149,-0.149887,0.768298,-4.18844,-16.3677
2012-08-13,1791.61,126,4.3337,-0.220314,31.1374,3,-0.286459,-0.154169,0.322962,-0.895879,-0.154169,1.23925,-5.36055,-14.7413
2012-08-14,1792.86,125,4.30671,-0.0441249,33.0944,3,-0.242419,0.154169,0.417609,-0.902447,0.154169,2.10851,-6.57447,-12.4396
2012-08-15,1800.81,124,4.53627,0.112547,34.4989,3,-0.0201749,0.245269,0.786224,-0.826574,0.245269,3.07224,-7.58831,-10.985
2012-08-16,1817.18,127,5.41304,0.419767,37.54,3,0.430752,0.408782,1.40403,-0.542524,0.408782,4.79278,-8.37647,-8.87634
2012-08-17,1825.52,129,5.46555,0.480776,39.843,3,0.624306,0.337245,1.77501,-0.526397,0.337245,7.09094,-9.1117,-8.13621
2012-08-20,1822.59,129,5.54848,0.410061,40.146,3,0.482876,0.337245,1.46486,-0.499108,0.337245,8.62603,-9.66512,-8.81495
2012-08-21,1822.59,128,4.92789,0.342713,37.8887,3,0.348181,0.337245,1.39696,-0.700595,0.337245,9.29393,-10.3149,-11.0904
2012-08-22,1815.8,128,5.05574,0.224473,35.3447,3,0.0273888,0.421557,0.711875,-0.657097,0.421557,9.01502,-10.9348,-12.7356
2012-08-23,1812.88,131,5.1032,0.00826952,32.1946,3,-0.405018,0.421557,-0.168119,-0.641916,0.421557,7.77506,-11.4231,-14.1574
2012-08-24,1808.33,131,4.70748,-0.253112,30.8501,3,-0.759158,0.252934,-0.747741,-0.770574,0.252934,6.41394,-12.0901,-13.4737
2012-08-27,1814.83,135,4.82909,0.0344442,31.6581,3,-0.521291,0.590179,-0.311545,-0.731037,0.590179,5.43927,-12.446,-11.3352
2012-08-28,1821.44,132,4.88861,0.0321402,34.4492,3,-0.357276,0.421557,-0.00286893,-0.711684,0.421557,5.50549,-12.8869,-8.16942
2012-08-29,1828.99,133,5.02217,0.247357,40.3305,3,-0.0111539,0.505868,0.646588,-0.668896,0.505868,6.44831,-13.1585,-2.95931
2012-08-30,1833.14,130,4.92137,0.0653194,44.2686,3,0.130639,0,0.962977,-0.701699,0,7.89035,-13.3513,-0.270485
2012-08-31,1830.5,137,5.00521,0.38803,48.016,3,0.185881,0.590179,1.04651,-0.674744,0.590179,8.78062,-13.4778,2.7131
2012-09-03,1825.21,137,5.0206,0.0867832,50.8947,3,-0.0793676,0.252934,0.511639,-0.670374,0.252934,9.44749,-13.4656,4.91282
2012-09-04,1825.21,134,5.00565,0.00762131,53.8649,3,-0.237691,0.252934,0.199864,-0.675246,0.252934,9.73748,-13.4021,7.52949
2012-09-05,1824.81,133,5.01267,-0.166162,54.8527,3,-0.416635,0.0843113,-0.159541,-0.673729,0.0843113,9.76849,-13.3124,8.39652
2012-09-06,1814.06,128,5.58918,-0.371864,55.7801,3,-0.659416,-0.0843113,-0.832788,-0.486043,-0.0843113,8.88646,-13.0441,9.93771
2012-09-07,1804.09,128,6.01045,-0.716184,54.1473,3,-0.757878,-0.674491,-1.16684,-0.348912,-0.674491,7.86538,-12.6734,8.95537
2012-09-10,1797.35,126,6.15847,-0.802775,51.9309,3,-0.762437,-0.843113,-1.22394,-0.300936,-0.843113,6.40102,-12.1239,7.65376
2012-09-11,1802.23,125,6.22294,-0.65701,49.5923,3,-0.639529,-0.674491,-0.998985,-0.280072,-0.674491,5.05169,-11.5345,6.0752
2012-09-12,1795.4,120,6.17745,-0.902245,45.7272,3,-0.792754,-1.01174,-1.29037,-0.295133,-1.01174,3.06437,-11.0065,3.66935
2012-09-13,1802.22,122,5.36779,-0.474922,42.3516,3,-0.528287,-0.421557,-0.495713,-0.560861,-0.421557,1.24973,-10.977,2.07884
2012-09-14,1799.57,119,5.04116,-0.545578,38.5486,3,-0.416665,-0.674491,-0.164767,-0.668563,-0.674491,-0.58521,-11.0249,0.158659
2012-09-17,1789.54,119,5.32473,-0.476386,35.349,3,-0.446903,-0.505868,-0.316016,-0.577791,-0.505868,-2.23996,-10.9963,-1.41473
2012-09-18,1799.77,120,5.81639,-0.29078,33.1228,3,-0.244314,-0.337245,-0.0711545,-0.417474,-0.337245,-3.5797,-10.6466,-2.65091
2012-09-19,1800.19,122,5.70512,0.0744992,32.6041,3,-0.103936,0.252934,0.247324,-0.455195,0.252934,-4.00102,-10.4383,-2.95666
2012-09-20,1795.66,122,5.73909,-0.133838,32.1156,3,-0.351987,0.0843113,-0.258445,-0.445528,0.0843113,-4.07615,-10.2364,-3.5719
2012-09-21,1798.98,122,5.74264,0.0607492,33.1984,3,-0.215747,0.337245,0.0139353,-0.445429,0.337245,-3.38946,-9.98051,-3.4316
2012-09-24,1796.75,125,5.56668,0.26175,33.9916,3,-0.0666794,0.590179,0.371842,-0.505201,0.590179,-2.76558,-9.80094,-3.4419
2012-09-25,1799.29,131,5.40107,0.370163,35.1842,3,-0.271411,1.01174,0.0190015,-0.561823,1.01174,-2.75681,-9.70242,-2.35659
2012-09-26,1795.69,134,5.11742,0.343865,35.5274,3,-0.408318,1.09605,-0.157278,-0.659358,1.09605,-3.50975,-9.70454,-1.25828
2012-09-27,1799.55,131,5.10774,0.312535,36.412,3,-0.218043,0.843113,0.22897,-0.665056,0.843113,-4.2061,-9.69732,0.315446
2012-09-28,1798.08,132,5.10418,0.299121,36.093,3,-0.329183,0.927425,0.00804319,-0.66641,0.927425,-5.17236,-9.68003,0.94541
2012-10-01,1800.52,129,5.10619,0.100676,36.1428,3,-0.220206,0.421557,0.225426,-0.665838,0.421557,-5.44065,-9.67729,1.26074
2012-10-02,1797.97,124,5.1059,-0.421798,34.6153,3,-0.337728,-0.505868,-0.00786535,-0.667592,-0.505868,-5.60645,-9.6215,-0.1568
2012-10-03,1798.86,119,5.12205,-0.705897,32.7305,3,-0.231434,-1.18036,0.202324,-0.665192,-1.18036,-5.23275,-9.54569,-2.49109
2012-10-04,1800.43,114,4.76334,-0.847332,31.1056,3,-0.345683,-1.34898,0.0958424,-0.787209,-1.34898,-4.34515,-9.75601,-4.7932
2012-10-05,1797.68,106,4.38909,-1.27366,29.2466,3,-0.439529,-2.10778,0.0354519,-0.91451,-2.10778,-3.21394,-10.1835,-7.35592
2012-10-08,1795.4,106,4.20664,-1.21816,27.8959,3,-0.581464,-1.85485,-0.186356,-0.976572,-1.85485,-2.25471,-10.7203,-9.12909
2012-10-09,1795.4,108,4.07835,-0.903432,27.1092,3,-0.542194,-1.26467,-0.0641771,-1.02021,-1.26467,-1.40491,-11.3372,-10.1486
2012-10-10,1798.32,113,3.89219,-0.474186,28.4828,3,-0.526815,-0.421557,0.0299023,-1.08353,-0.421557,-0.220608,-12.1383,-9.15832
2012-10-11,1799.78,112,3.65176,-0.327564,28.9632,3,-0.570817,-0.0843113,0.0236853,-1.16532,-0.0843113,0.250189,-12.7175,-8.56942
2012-10-12,1797.68,110,3.63783,-0.0690704,30.5422,3,-0.559697,0.421557,0.050663,-1.17006,0.421557,0.449172,-13.2755,-6.63147
2012-10-15,1797.68,107,2.99354,-0.22478,31.391,3,-0.618182,0.168623,0.15285,-1.38921,0.168623,0.881384,-14.0718,-5.41857
2012-10-16,1797.68,102,2.18616,-0.589188,30.3854,3,-0.75682,-0.421557,0.147329,-1.66097,-0.421557,1.07702,-15.1438,-5.54784
2012-10-17,1797.81,98,2.18406,-1.00091,26.8869,3,-0.82147,-1.18036,0.0157207,-1.65866,-1.18036,0.849448,-15.945,-8.01752
2012-10-18,1798.53,96,1.98598,-1.06701,24.0244,3,-0.869357,-1.26467,-0.0141937,-1.72452,-1.26467,1.04894,-16.7784,-10.2461
2012-10-19,1797.66,103,1.88041,-0.681564,21.8715,3,-0.857259,-0.505868,0.0454285,-1.75995,-0.505868,1.05927,-17.6462,-11.5415
2012-10-22,1798.42,104,1.83124,-0.507682,19.7619,3,-0.84674,-0.168623,0.0828822,-1.77636,-0.168623,0.794288,-18.4085,-12.6239
2012-10-23,1802.91,106,1.9729,-0.144912,18.4211,3,-0.711381,0.421557,0.304005,-1.72677,0.421557,1.0234,-19.1498,-13.4526
2012-10-24,1816.6,107,3.17614,0.334311,18.3967,3,-0.174491,0.843113,0.966799,-1.31578,0.843113,1.9669,-19.6962,-13.874
2012-10-25,1817.25,106,3.12199,0.370017,18.5434,3,-0.187391,0.927425,0.956836,-1.33162,0.927425,2.5818,-20.2857,-13.7527
2012-10-26,1816.97,115,3.09393,0.46006,18.9578,3,-0.175928,1.09605,0.98582,-1.33768,1.09605,3.4179,-20.9357,-13.5244
2012-10-29,1823.18,119,3.24954,0.666909,20.4607,3,-0.0151641,1.34898,1.24856,-1.27889,1.34898,4.34185,-21.7547,-12.1264
2012-10-30,1830.45,119,3.36233,0.626511,23.4232,3,0.0726634,1.18036,1.37918,-1.23385,1.18036,5.66304,-22.7772,-9.4626
2012-10-31,1829.89,122,3.38691,0.541027,27.2363,3,-0.266927,1.34898,0.687396,-1.22125,1.34898,6.24198,-23.8518,-5.15384
2012-11-01,1831.25,117,3.38713,0.381687,31.2741,3,-0.248362,1.01174,0.721253,-1.21798,1.01174,6.94571,-24.7431,-0.928417
2012-11-02,1825.5,117,3.58065,-0.0458055,35.546,3,-0.344545,0.252934,0.461343,-1.15043,0.252934,7.4578,-25.3722,3.46047
2012-11-05,1828.8,115,3.5144,-0.337583,38.7297,3,-0.422233,-0.252934,0.32085,-1.16532,-0.252934,8.00336,-25.7816,6.50795
2012-11-06,1828.8,109,3.5144,-0.675504,39.5673,3,-0.592206,-0.758802,-0.0272734,-1.15714,-0.758802,8.05405,-25.9619,7.47514
2012-11-07,1814.99,116,4.61626,-0.574918,39.1965,3,-0.728279,-0.421557,-0.675388,-0.781169,-0.421557,7.38249,-25.6547,7.46873
2012-11-08,1814.83,120,4.61825,-0.213097,39.6179,3,-0.763439,0.337245,-0.748765,-0.778114,0.337245,6.661,-25.3144,8.27131
2012-11-09,1814.21,122,4.5899,-0.0675406,39.6235,3,-0.640949,0.505868,-0.497533,-0.784366,0.505868,6.14396,-24.9509,8.43048
2012-11-12,1816.99,122,4.60182,0.0119422,40.4989,3,-0.650606,0.674491,-0.52516,-0.776053,0.674491,5.51476,-24.4185,9.40258
2012-11-13,1816.99,126,4.60182,0.433602,44.3303,3,-0.6504,1.5176,-0.529882,-0.770918,1.5176,4.90512,-23.7243,13.1495
2012-11-14,1819.3,129,4.60552,0.467213,49.9147,3,-0.245934,1.18036,0.275246,-0.767113,1.18036,5.16939,-22.954,17.6993
2012-11-15,1818.2,130,4.62491,0.330386,55.2333,3,-0.266653,0.927425,0.224074,-0.757381,0.927425,5.38122,-21.9677,21.8198
2012-11-16,1822.61,129,4.65422,0.272043,58.8152,3,-0.130405,0.674491,0.481417,-0.742226,0.674491,5.76505,-20.8871,23.9372
2012-11-19,1823.46,130,4.65392,0.290622,61.7596,3,-0.177559,0.758802,0.383133,-0.738251,0.758802,6.00951,-19.774,25.5241
2012-11-20,1817.67,127,4.79613,-0.0646353,62.0522,3,-0.297893,0.168623,0.0906269,-0.686414,0.168623,5.80445,-18.7815,25.0293
2012-11-21,1815.58,125,4.00345,-0.394929,59.3704,3,-0.536924,-0.252934,-0.13212,-0.941727,-0.252934,4.80204,-18.5459,23.1142
2012-11-22,1815.76,125,4.00119,-0.419908,56.4153,3,-0.502572,-0.337245,-0.0652612,-0.939882,-0.337245,3.85499,-18.2665,20.8268
2012-11-23,1815.76,125,4.00099,-0.435353,53.0226,3,-0.617771,-0.252934,-0.296872,-0.93867,-0.252934,2.64526,-17.948,18.3254
2012-11-26,1820.18,126,3.90293,-0.395884,48.9691,3,-0.538835,-0.252934,-0.108044,-0.969626,-0.252934,1.35314,-17.6681,15.2841
2012-11-27,1824.12,125,3.70012,-0.19487,45.8414,3,-0.305428,-0.0843113,0.421987,-1.03284,-0.0843113,0.439123,-17.4466,12.8489
2012-11-28,1823.54,122,3.70018,-0.211159,42.9992,3,-0.253695,-0.168623,0.515655,-1.02304,-0.168623,0.274618,-17.1999,9.92449
2012-11-29,1825.08,121,3.70367,-0.230997,40.7099,3,-0.20906,-0.252934,0.594659,-1.01278,-0.252934,0.153827,-16.9373,7.4934
2012-11-30,1817.93,124,3.79606,-0.196334,40.152,3,-0.392667,0,0.193944,-0.979278,0,-0.0988864,-16.7561,7.00701
2012-12-03,1813.72,123,3.78817,-0.402557,39.9118,3,-0.63649,-0.168623,-0.293994,-0.978987,-0.168623,-0.679203,-16.5716,7.16254
2012-12-04,1813.73,122,3.78825,-0.457008,40.721,3,-0.745393,-0.168623,-0.514902,-0.975884,-0.168623,-1.14142,-16.4283,8.29075
2012-12-05,1813.57,124,2.67978,-0.329408,41.6351,3,-0.911749,0.252934,-0.489563,-1.33394,0.252934,-0.967396,-16.9804,9.58286
2012-12-06,1811.05,125,2.72248,-0.298423,41.3169,3,-1.0184,0.421557,-0.718748,-1.31806,0.421557,-0.938418,-17.4816,9.7369
2012-12-07,1803.69,123,3.066,-0.484551,39.7702,3,-0.969103,0,-0.733901,-1.2043,0,-1.1585,-17.8227,8.75149
2012-12-10,1797.45,122,3.18298,-0.504327,37.8778,3,-1.00865,0,-0.852232,-1.16507,0,-1.46037,-18.1059,7.44403
2012-12-11,1799.4,121,3.23032,-0.472475,34.6281,3,-0.944951,0,-0.740947,-1.14895,0,-1.64211,-18.2772,4.54741
2012-12-12,1801.5,118,3.22301,-0.6511,30.7702,3,-0.880644,-0.421557,-0.613202,-1.14809,-0.421557,-2.43015,-18.3435,1.54383
2012-12-13,1796.31,116,3.33338,-0.806172,27.0561,3,-0.937852,-0.674491,-0.767807,-1.1079,-0.674491,-3.2743,-18.3067,-1.36282
2012-12-14,1795.05,116,3.13556,-0.650911,24.2145,3,-0.795954,-0.505868,-0.42132,-1.17059,-0.505868,-4.01128,-18.3543,-3.41995
2012-12-17,1798.37,111,3.24381,-0.672701,21.4301,3,-0.502289,-0.843113,0.128867,-1.13344,-0.843113,-4.14646,-18.3096,-6.11384
2012-12-18,1796.98,108,3.1087,-0.816081,19.3937,3,-0.620426,-1.01174,-0.0656828,-1.17517,-1.01174,-4.20468,-18.3959,-8.00573
2012-12-19,1794.14,109,3.12307,-0.718971,18.5532,3,-0.763451,-0.674491,-0.358635,-1.16827,-0.674491,-4.36089,-18.4365,-8.64945
2012-12-20,1790.46,109,3.15302,-0.609757,18.0714,3,-0.713647,-0.505868,-0.270187,-1.15711,-0.505868,-4.51106,-18.5281,-8.88938
2012-12-21,1788.87,113,3.14256,-0.446444,18.0435,3,-0.724265,-0.168623,-0.289795,-1.15873,-0.168623,-4.50383,-18.7069,-8.74575
2012-12-24,1779.79,111,3.26544,-0.494619,17.7964,3,-1.07355,0.0843113,-1.03103,-1.11607,0.0843113,-5.26236,-18.7809,-8.16043
2012-12-25,1773.44,111,3.13238,-0.451173,17.1647,3,-1.23959,0.337245,-1.32445,-1.15473,0.337245,-6.67408,-18.7547,-7.40646
2012-12-26,1773.44,112,3.14906,-0.40298,16.7015,3,-1.14321,0.337245,-1.14341,-1.143,0.337245,-8.00749,-18.7569,-6.53411
2012-12-27,1771.49,116,3.03959,-0.213854,16.7426,3,-1.1022,0.674491,-1.0301,-1.1743,0.674491,-9.3514,-18.8988,-5.00718
2012-12-28,1771.54,117,2.94189,-0.323032,16.4406,3,-1.06762,0.421557,-0.933753,-1.20149,0.421557,-10.2461,-19.0164,-4.29688
2012-12-31,1768.23,112,2.9254,-0.364802,16.5302,3,-0.898227,0.168623,-0.602391,-1.19406,0.168623,-10.5105,-19.213,-3.74631
2013-01-01,1768.23,112,2.92509,-0.267192,16.9855,3,-0.703007,0.168623,-0.222361,-1.18365,0.168623,-10.3228,-19.4839,-3.20776
2013-01-02,1768.23,105,2.92998,-0.601854,16.3345,3,-0.69784,-0.505868,-0.217355,-1.17833,-0.505868,-10.0231,-19.2124,-4.43004
2013-01-03,1759.97,102,3.17157,-0.972237,14.7949,3,-0.848426,-1.09605,-0.600592,-1.09626,-1.09605,-9.73983,-18.6732,-6.79205
2013-01-04,1760.83,104,3.07958,-0.923722,13.8455,3,-0.835708,-1.01174,-0.546495,-1.12492,-1.01174,-9.4669,-18.3726,-8.31503
2013-01-07,1767.54,108,3.43187,-0.360742,14.1512,3,-0.46855,-0.252934,0.0691781,-1.00628,-0.252934,-8.77102,-18.3235,-8.75426
2013-01-08,1767.54,115,3.37234,-0.0695459,15.0334,3,-0.476337,0.337245,0.0691781,-1.02185,0.337245,-8.21918,-18.4356,-8.31182
2013-01-09,1771.31,117,3.46651,0.376103,17.4451,3,-0.343841,1.09605,0.293039,-0.980721,1.09605,-7.70183,-18.8257,-6.02738
2013-01-10,1767.96,115,3.40644,0.4916,20.8236,3,-0.197159,1.18036,0.5966,-0.990917,1.18036,-6.78548,-19.3497,-3.04124
2013-01-11,1761.5,118,3.55435,0.433822,23.9231,3,-0.397027,1.26467,0.14546,-0.939513,1.26467,-6.45386,-19.623,-3.51719e-15
2013-01-14,1762.38,114,3.44444,0.00121985,25.9691,3,-0.58774,0.590179,-0.207132,-0.968347,0.590179,-6.84244,-19.7458,2.55732
2013-01-15,1758.45,113,3.46994,-0.392521,27.2996,3,-0.70073,-0.0843113,-0.446494,-0.954966,-0.0843113,-7.23986,-19.7064,4.24589
2013-01-16,1769.88,112,4.37751,-0.325026,28.5668,3,-0.312807,-0.337245,0.0302448,-0.65586,-0.337245,-6.93868,-19.3812,4.88663
2013-01-17,1775.15,107,4.52945,-0.302297,29.5748,3,-0.0144149,-0.590179,0.57419,-0.60302,-0.590179,-6.20612,-18.9776,4.75856
2013-01-18,1767.78,107,4.7184,-0.425922,29.6427,3,-0.00873021,-0.843113,0.520552,-0.538013,-0.843113,-5.47029,-18.4188,3.53173
2013-01-21,1767.74,107,4.41084,-0.294513,30.3081,3,-0.083157,-0.505868,0.464155,-0.630469,-0.505868,-4.12201,-18.0347,2.46481
2013-01-22,1767.74,109,4.24246,-0.117268,31.433,3,0.0183983,-0.252934,0.71579,-0.678994,-0.252934,-2.26973,-17.6909,1.3936
2013-01-23,1776.96,113,4.65085,0.0919604,33.1324,3,0.015298,0.168623,0.575322,-0.544726,0.168623,-0.696334,-17.2629,1.09159
2013-01-24,1778.69,113,4.63815,0.245339,34.7408,3,-0.0995019,0.590179,0.348514,-0.547518,0.590179,0.58204,-16.7824,0.941213
2013-01-25,1779.73,109,4.63958,0.210516,36.6446,3,0.168098,0.252934,0.881259,-0.545063,0.252934,2.2845,-16.2712,0.631333
2013-01-28,1779.25,113,4.57783,0.36625,39.3066,3,0.14232,0.590179,0.843215,-0.558575,0.590179,3.66335,-15.7873,1.43055
2013-01-29,1779.84,117,4.57636,0.458942,42.0012,3,0.159081,0.758802,0.86846,-0.550297,0.758802,4.71718,-15.2731,2.55707
2013-01-30,1776.09,124,4.6569,0.387686,45.7319,3,-0.236364,1.01174,0.0478178,-0.520545,1.01174,4.9927,-14.721,5.46024
2013-01-31,1773.24,132,4.34479,0.629008,51.8348,3,-0.428211,1.68623,-0.236453,-0.619969,1.68623,5.34785,-14.2897,10.7767
2013-02-01,1775.65,129,4.35874,0.696811,57.9672,3,-0.376916,1.77054,-0.14239,-0.611442,1.77054,5.69693,-13.7123,15.9825
2013-02-04,1776.2,133,4.17133,0.700823,61.891,3,-0.368891,1.77054,-0.0715262,-0.666257,1.77054,5.51675,-13.2774,19.6516
2013-02-05,1785.92,127,4.56059,0.457967,63.7989,3,-0.0114905,0.927425,0.509315,-0.532296,0.927425,5.89826,-12.7478,20.6484
2013-02-06,1789.09,129,4.54557,0.357407,63.7318,3,0.208947,0.505868,0.949598,-0.531704,0.505868,6.51333,-12.3306,19.5491
2013-02-07,1791.24,125,4.46149,-0.0757767,61.6773,3,0.354315,-0.505868,1.26028,-0.551655,-0.505868,7.17522,-11.989,16.4911
2013-02-08,1795.21,122,4.18683,-0.0752752,59.8052,3,0.355318,-0.505868,1.34419,-0.633555,-0.505868,8.33894,-11.7527,13.219
2013-02-11,1790.61,123,4.36782,-0.269836,58.7989,3,0.219131,-0.758802,1.00906,-0.570795,-0.758802,9.50681,-11.4002,10.6923
2013-02-12,1784.71,123,4.48097,-0.250615,59.3265,3,-0.248296,-0.252934,0.0269252,-0.523518,-0.252934,9.94461,-10.9806,10.3625
2013-02-13,1783.2,124,3.96117,-0.406578,59.0235,3,-0.475911,-0.337245,-0.268253,-0.683569,-0.337245,9.66819,-11.0134,10.3687
2013-02-14,1777.72,127,4.01669,-0.227004,59.3033,3,-0.706942,0.252934,-0.750558,-0.663325,0.252934,8.41033,-11.0643,11.9572
2013-02-15,1783.19,128,3.82156,-0.0498374,60.6933,3,-0.689854,0.590179,-0.657759,-0.72195,0.590179,7.27431,-11.2044,14.6234
2013-02-18,1785.41,128,3.82793,0.0349279,61.8999,3,-0.469737,0.539593,-0.226792,-0.712682,0.539593,6.60327,-11.2483,16.545
2013-02-19,1785.41,128,3.82793,0.148033,62.8634,3,-0.282068,0.578135,0.142064,-0.706201,0.578135,6.04811,-11.2442,18.0595
2013-02-20,1794.63,134,3.81959,0.560217,64.5439,3,0.0605194,1.05991,0.825366,-0.704327,1.05991,6.25021,-11.3353,19.629
2013-02-21,1791.33,138,3.90253,0.650362,65.9752,3,0.144455,1.15627,0.961792,-0.672883,1.15627,6.78833,-11.3955,20.5824
2013-02-22,1798.21,140,4.09369,0.736533,67.8,3,0.22044,1.25263,1.0481,-0.607222,1.25263,6.89372,-11.3716,22.2779
2013-02-25,1800.7,143,4.09364,0.883256,69.5527,3,0.224818,1.54169,1.05754,-0.607898,1.54169,7.03625,-11.3286,23.8451
2013-02-26,1806.11,143,4.17919,0.92117,71.0827,3,0.403427,1.43891,1.38799,-0.581138,1.43891,7.45453,-11.2711,24.8993
2013-02-27,1818.54,141,4.56494,0.61831,71.8323,3,0.56213,0.674491,1.57634,-0.45208,0.674491,8.8061,-11.1644,24.1906
2013-02-28,1816.42,141,4.5319,0.464485,71.2985,3,0.591725,0.337245,1.64134,-0.457893,0.337245,10.5331,-11.0495,21.8149
2013-03-01,1814.28,143,4.60919,0.332796,70.1007,3,0.328347,0.337245,1.07229,-0.415591,0.337245,11.7049,-10.9383,19.3341
2013-03-04,1816.48,140,4.60041,0.0750459,67.9903,3,0.318714,-0.168623,1.04249,-0.40506,-0.168623,12.8433,-10.8033,15.9503
2013-03-05,1813.53,135,4.39747,-0.278954,65.4288,3,0.0322716,-0.590179,0.536369,-0.471826,-0.590179,12.9963,-10.8546,13.2871
2013-03-06,1809.65,129,4.49711,-0.690327,61.6645,3,-0.453229,-0.927425,-0.468916,-0.437543,-0.927425,11.8113,-10.8905,10.7437
2013-03-07,1808,126,4.52037,-0.806651,58.9693,3,-0.432943,-1.18036,-0.437157,-0.428729,-1.18036,10.277,-10.8403,9.53257
2013-03-08,1803.65,128,4.58067,-0.835689,56.1196,3,-0.491019,-1.18036,-0.575154,-0.406884,-1.18036,8.50003,-10.6747,8.29431
2013-03-11,1800.45,131,4.52487,-0.670872,54.6028,3,-0.667254,-0.674491,-0.910336,-0.424173,-0.674491,6.68722,-10.5535,8.46914
2013-03-12,1801.2,132,4.3233,-0.378137,54.119,3,-0.587651,-0.168623,-0.681264,-0.494038,-0.168623,6.01563,-10.5301,8.63352
2013-03-13,1801.64,136,4.29685,0.107546,56.0652,3,-0.459398,0.674491,-0.415524,-0.503272,0.674491,5.86306,-10.3367,10.5388
2013-03-14,1798.56,136,4.17083,0.200542,57.6727,3,-0.526342,0.927425,-0.508623,-0.544061,0.927425,6.07872,-10.1993,11.7933
2013-03-15,1797.28,144,4.08671,0.494135,59.6993,3,-0.445023,1.43329,-0.317687,-0.572359,1.43329,6.37703,-10.0195,13.3418
2013-03-18,1804.06,147,4.25099,0.666211,62.0186,3,-0.100871,1.43329,0.311432,-0.513174,1.43329,6.84777,-9.77715,14.948
2013-03-19,1809.58,152,4.33888,0.918664,64.7916,3,0.0667894,1.77054,0.613688,-0.480109,1.77054,7.23066,-9.48574,17.0466
2013-03-20,1809.83,150,4.00462,0.633994,65.0532,3,0.00331811,1.26467,0.600645,-0.594009,1.26467,7.01507,-9.37466,17.4128
2013-03-21,1812.35,150,3.92602,0.716051,65.2856,3,0.167431,1.26467,0.956011,-0.621149,1.26467,7.00408,-9.31903,17.6006
2013-03-22,1822.78,153,4.1849,0.712122,65.1993,3,0.58113,0.843113,1.69477,-0.532512,0.843113,7.60789,-9.2523,16.8437
2013-03-25,1825.79,152,4.19191,0.482699,63.7725,3,0.459531,0.505868,1.44913,-0.530074,0.505868,8.0095,-9.22276,14.9857
2013-03-26,1825.79,150,4.10724,0.0909669,60.7556,3,0.266245,-0.0843113,1.09286,-0.560369,-0.0843113,7.79704,-9.27883,12.2374
2013-03-27,1828.95,150,3.40437,0.158832,59.0563,3,0.233352,0.0843113,1.2681,-0.801399,0.0843113,7.53395,-9.64317,11.1655
2013-03-28,1832.2,147,3.39812,0.042522,57.4806,3,0.253667,-0.168623,1.30803,-0.800698,-0.168623,7.23885,-9.99533,10.237
2013-03-29,1832.2,147,3.3494,-0.253504,55.2717,3,-0.0854512,-0.421557,0.646677,-0.817579,-0.421557,6.8556,-10.4077,8.82382
2013-04-01,1832.2,148,3.34244,-0.218619,54.1587,3,-0.184305,-0.252934,0.45138,-0.819989,-0.252934,6.30017,-10.8145,8.67299
2013-04-02,1823.12,141,3.79514,-0.534385,53.1879,3,-0.394279,-0.674491,-0.121275,-0.667283,-0.674491,5.67803,-11.0089,8.51877
2013-04-03,1817.14,138,3.91123,-0.794172,52.7926,3,-0.660919,-0.927425,-0.692913,-0.628925,-0.927425,5.46587,-11.1941,8.52089
2013-04-04,1819.93,133,3.91482,-0.885822,52.4911,3,-0.675597,-1.09605,-0.720688,-0.630505,-1.09605,5.19641,-11.3884,8.68311
2013-04-05,1829.01,133,4.10309,-0.727024,52.9049,3,-0.358001,-1.09605,-0.147721,-0.568281,-1.09605,5.6027,-11.5396,8.84183
2013-04-08,1826.88,127,4.05976,-1.06016,51.4213,3,-0.434092,-1.68623,-0.282034,-0.58615,-1.68623,6.20588,-11.7019,6.91736
2013-04-09,1817.66,126,4.55122,-0.766582,49.939,3,-0.352804,-1.18036,-0.293343,-0.412265,-1.18036,6.57736,-11.6264,4.98799
2013-04-10,1813.11,123,4.67124,-0.734089,46.7302,3,-0.287819,-1.18036,-0.203658,-0.371979,-1.18036,6.77193,-11.4882,1.4465
2013-04-11,1821.2,124,4.82601,-0.383295,44.5155,3,-0.0920989,-0.674491,0.13413,-0.318328,-0.674491,7.36948,-11.25,-1.60394
2013-04-12,1823.84,127,4.8075,-0.361024,41.3041,3,-0.300491,-0.421557,-0.274327,-0.326655,-0.421557,7.37484,-10.9629,-5.10776
2013-04-15,1827.79,130,4.70608,0.105957,39.23,3,-0.125332,0.337245,0.111145,-0.361809,0.337245,7.15392,-10.7725,-7.15148
2013-04-16,1834.86,127,4.76886,0.286411,36.9257,3,0.4042,0.168623,1.14494,-0.336544,0.168623,7.60848,-10.5731,-10.1097
2013-04-17,1833.98,127,4.78343,0.474484,36.3514,3,0.527411,0.421557,1.37982,-0.324997,0.421557,8.32415,-10.3034,-11.6694
2013-04-18,1846.46,131,5.25207,0.713385,36.3418,3,0.752279,0.674491,1.64983,-0.14527,0.674491,8.97274,-9.8581,-12.7728
2013-04-19,1847.02,132,4.93732,0.567957,35.8254,3,0.630046,0.505868,1.51709,-0.257001,0.505868,8.79241,-9.58501,-13.382
2013-04-22,1835.57,134,5.48752,0.333696,35.2943,3,0.245836,0.421557,0.546903,-0.0552304,0.421557,7.93632,-9.12589,-13.5161
2013-04-23,1841.14,133,5.57269,0.402408,36.4074,3,0.214636,0.590179,0.452476,-0.0232035,0.590179,7.36546,-8.65579,-12.3022
2013-04-24,1838.03,135,5.59818,0.455324,37.4779,3,0.151847,0.758802,0.313701,-0.0100075,0.758802,6.4929,-7.94019,-11.0748
2013-04-25,1836.79,135,5.57701,0.0679871,37.5703,3,-0.285582,0.421557,-0.559405,-0.01176,0.421557,4.74197,-7.2018,-9.96986
2013-04-26,1830.84,136,5.70414,-0.0236028,38.4077,3,-0.468762,0.421557,-0.972452,0.0349277,0.421557,3.22956,-6.41591,-8.40594
2013-04-29,1833.7,132,5.73232,-0.0433486,39.0498,3,-0.00238593,-0.0843113,-0.0500514,0.0452796,-0.0843113,2.7623,-5.61094,-8.10155
2013-04-30,1828.79,131,5.52086,-0.228478,40.1776,3,-0.372644,-0.0843113,-0.715979,-0.0293091,-0.0843113,2.20766,-5.0227,-7.00739
2013-05-01,1825.83,126,5.4138,-0.528577,41.1634,3,-0.382663,-0.674491,-0.699266,-0.0660599,-0.674491,2.20604,-4.50001,-6.54258
2013-05-02,1825.83,121,5.39245,-0.722003,41.7744,3,-0.347959,-1.09605,-0.623361,-0.072558,-1.09605,2.30071,-3.97644,-6.54991
2013-05-03,1836.34,121,5.48875,-0.491442,42.6564,3,0.197476,-1.18036,0.431271,-0.0363193,-1.18036,2.85344,-3.47756,-6.71952
2013-05-06,1835.88,122,5.46814,-0.336002,45.3887,3,0.0867979,-0.758802,0.215457,-0.0418613,-0.758802,3.337,-2.97142,-4.97686
2013-05-07,1831.42,121,5.20316,-0.35364,46.9575,3,0.0515219,-0.758802,0.24095,-0.137906,-0.758802,3.85056,-2.71363,-4.17942
2013-05-08,1827.13,124,5.19161,-0.0402682,49.6028,3,0.00377497,-0.0843113,0.147823,-0.140273,-0.0843113,4.18962,-2.49513,-2.0917
2013-05-09,1830.7,121,5.00433,0.0849028,51.3895,3,0.0854942,0.0843113,0.376254,-0.205266,0.0843113,4.41983,-2.3868,-0.643482
2013-05-10,1833.07,118,4.99976,-0.173352,52.1052,3,-0.178081,-0.168623,-0.153719,-0.202442,-0.168623,4.53371,-2.26771,-0.160828
2013-05-13,1834.83,124,4.95681,0.0699948,51.9681,3,-0.112944,0.252934,-0.00923498,-0.216654,0.252934,4.41915,-2.12939,-0.321675
2013-05-14,1834.83,122,4.76352,0.0827124,51.1912,3,-0.00319796,0.168623,0.279889,-0.286285,0.168623,3.59496,-2.08198,-0.321758
2013-05-15,1838.63,128,4.81517,0.346381,50.7024,3,0.271205,0.421557,0.806134,-0.263725,0.421557,3.04791,-2.02372,-0.321789
2013-05-16,1843.75,135,4.25905,0.740857,50.8072,3,0.217043,1.26467,0.89835,-0.464263,1.26467,2.33084,-2.32806,0.80446
2013-05-17,1838.82,132,4.35444,0.631525,51.0498,3,-0.00161976,1.26467,0.420508,-0.423748,1.26467,1.28447,-2.48704,2.25238
2013-05-20,1841.35,134,3.7615,0.419674,51.3778,3,-0.0880771,0.927425,0.466552,-0.642706,0.927425,1.2077,-3.0473,3.21742
2013-05-21,1842.59,139,3.61287,0.721397,52.5938,3,-0.0748093,1.5176,0.547258,-0.696876,1.5176,1.29747,-3.68814,4.98447
2013-05-22,1846.76,136,3.63411,0.350665,52.1951,3,-0.0574727,0.758802,0.573529,-0.688475,0.758802,1.54554,-4.33596,4.98547
2013-05-23,1850.55,145,3.67196,0.417733,53.5265,3,-0.0919596,0.927425,0.488233,-0.672153,0.927425,2.54267,-4.96183,5.94564
2013-05-24,1864.02,148,4.15855,1.01777,57.4618,3,0.602243,1.43329,1.69249,-0.488008,1.43329,5.05907,-5.43522,7.83798
2013-05-27,1874.1,148,4.45172,1.08297,61.6349,3,0.901279,1.26467,2.17979,-0.377236,1.26467,7.11275,-5.78592,10.308
2013-05-28,1874.1,151,4.24754,0.935412,65.8092,3,0.816933,1.05389,2.08609,-0.452226,1.05389,9.62375,-6.10482,12.2902
2013-05-29,1897.1,168,5.62815,2.17964,74.7412,3,1.66131,2.69796,3.2618,0.0608297,2.69796,12.7225,-5.72638,17.7451
2013-05-30,1894.13,163,5.72548,1.48668,80.9942,3,1.45576,1.5176,2.81452,0.096998,1.5176,15.0045,-5.30326,21.2931
2013-05-31,1891.48,167,5.64014,1.26145,85.2079,3,0.920994,1.60192,1.7767,0.0652851,1.60192,15.3938,-4.97595,24.7901
2013-06-03,1907.76,170,6.12922,1.52669,88.9449,3,1.19853,1.85485,2.15004,0.247031,1.85485,16.0205,-4.48252,27.407
2013-06-04,1907.76,165,5.95856,1.17166,91.4584,3,1.16295,1.18036,2.14209,0.183817,1.18036,16.6137,-4.03041,28.8751
2013-06-05,1894.4,169,6.61181,0.1155,91.6888,3,0.14669,0.0843113,-0.134143,0.427522,0.0843113,16.3231,-3.60023,28.9659
2013-06-06,1899.08,173,6.61583,0.61513,92.4381,3,0.387146,0.843113,0.343658,0.430633,0.843113,16.0061,-3.08563,29.5176
2013-06-07,1907.88,164,6.685,0.252829,93.0021,3,0.758591,-0.252934,1.05886,0.458324,-0.252934,16.6158,-2.57979,28.9661
2013-06-10,1898.8,170,7.09985,0.0217555,92.9399,3,0.043511,0,-0.52838,0.615402,0,16.2814,-2.00332,28.6618
2013-06-11,1898.8,188,7.09985,0.991262,94.0414,3,0.0433631,1.93916,-0.529732,0.616458,1.93916,15.2202,-1.32981,30.151
2013-06-12,1907.12,174,7.16194,0.577899,94.2993,3,0.734241,0.421557,0.828366,0.640115,0.421557,15.1096,-0.712873,29.9025
2013-06-13,1897.53,159,7.55162,-0.411242,92.9243,3,0.357876,-1.18036,-0.0685631,0.784315,-1.18036,15.0631,0.129405,27.7318
2013-06-14,1895.01,164,7.46888,-0.00709983,92.0594,3,-0.0141997,0,-0.779077,0.750678,0,14.5432,0.970773,26.5455
2013-06-17,1882.38,162,8.01573,-0.348337,90.916,3,-0.0221834,-0.674491,-1.00215,0.957787,-0.674491,13.85,2.1691,24.8969
2013-06-18,1883.57,170,8.01604,-0.750648,88.391,3,0.016309,-1.5176,-0.925285,0.957903,-1.5176,13.3954,3.54697,21.4487
2013-06-19,1902.47,178,8.61111,0.399948,88.4829,3,0.462651,0.337245,-0.257971,1.18327,0.337245,12.7366,4.97784,20.7685
2013-06-20,1900.87,193,8.64708,1.79194,90.8398,3,0.71729,2.86659,0.238203,1.19638,2.86659,11.9979,6.13224,22.7097
2013-06-21,1937.26,195,10.5077,2.43835,92.8794,3,2.26305,2.61365,2.62614,1.89997,2.61365,12.0827,7.51159,23.2851
2013-06-24,1941.06,208,10.4279,3.30894,95.3505,3,2.73956,3.87832,3.61149,1.86763,3.87832,12.0834,8.38687,24.8803
2013-06-25,1942.97,204,10.4118,2.79981,96.8431,3,2.73304,2.86659,3.60978,1.85629,2.86659,12.2017,9.22325,25.4181
2013-06-26,1928.27,202,10.1586,1.83402,96.601,3,1.64457,2.02347,1.53464,1.75449,2.02347,11.3038,10.3762,24.9211
2013-06-27,1921.86,199,10.2324,1.00908,96.2417,3,1.51229,0.505868,1.24561,1.77898,0.505868,10.5295,11.606,24.1062
2013-06-28,1922.63,193,10.2027,0.133905,95.2696,3,0.436432,-0.168623,-0.891566,1.76443,-0.168623,9.24493,13.1959,22.8287
2013-07-01,1929,183,9.83671,-0.829152,92.5936,3,0.44948,-2.10778,-0.721661,1.62062,-2.10778,8.03114,15.3187,19.2438
2013-07-02,1929,178,9.83671,-0.896356,89.4043,3,0.399382,-2.19209,-0.821855,1.62062,-2.19209,6.36957,17.5026,15.5321
2013-07-03,1919.42,183,9.65243,-0.539309,88.2124,3,0.523298,-1.60192,-0.504232,1.55083,-1.60192,6.21799,18.7359,13.2585
2013-07-04,1915.45,183,9.67387,-0.373679,86.2379,3,0.601625,-1.34898,-0.355697,1.55895,-1.34898,5.8524,20.2048,10.1807
2013-07-05,1915.45,180,9.54639,-0.272013,85.1028,3,0.552022,-1.09605,-0.402035,1.50608,-1.09605,4.76414,21.3613,8.97739
2013-07-08,1927.4,189,9.58473,0.616978,86.3855,3,0.728087,0.505868,-0.0624727,1.51865,0.505868,5.05141,21.7093,9.62477
2013-07-09,1926.84,189,9.58829,0.820298,86.025,3,0.713171,0.927425,-0.0936541,1.52,0.927425,5.42447,22.5393,8.0613
2013-07-10,1920.12,182,9.59885,0.358551,85.5532,3,0.801413,-0.0843113,0.0788324,1.52399,-0.0843113,4.85832,23.3931,7.30184
2013-07-11,1920.24,185,9.38803,0.527368,87.4982,3,0.886114,0.168623,0.328076,1.44415,0.168623,5.03333,23.2611,9.20377
2013-07-12,1910.79,177,9.57139,0.190433,87.883,3,0.6338,-0.252934,-0.245995,1.5136,-0.252934,5.41594,23.7112,8.75588
2013-07-15,1905.25,162,9.28911,-1.11653,86.3387,3,0.0433518,-2.27641,-1.31543,1.40213,-2.27641,5.29512,24.6228,6.42077
2013-07-16,1893.16,157,9.61278,-1.47619,84.7612,3,-0.254418,-2.69796,-2.02832,1.51949,-2.69796,4.51422,25.6021,4.6449
2013-07-17,1878.42,151,9.29437,-1.59038,79.8373,3,-0.567113,-2.61365,-2.53095,1.39672,-2.61365,2.81678,27.1645,-0.143979
2013-07-18,1873.25,144,9.32478,-2.09175,67.8766,3,-0.726736,-3.45677,-2.85601,1.40254,-3.45677,0.18852,29.4913,-11.8032
2013-07-19,1883.29,147,6.25896,-1.60914,53.0691,3,-0.688938,-2.52934,-1.63374,0.255868,-2.52934,-3.86572,28.9568,-22.0219
2013-07-22,1884.01,148,6.17066,-0.847056,37.425,3,-0.513753,-1.18036,-1.25035,0.222842,-1.18036,-8.36524,26.9534,-31.1631
2013-07-23,1880.87,148,6.10098,-0.505753,26.2103,3,-0.252704,-0.758802,-0.702191,0.196782,-0.758802,-11.8195,24.1874,-36.1576
2013-07-24,1886.06,155,5.85902,0.327495,21.7397,3,0.317744,0.337245,0.529206,0.106283,0.337245,-12.3196,22.0035,-37.9442
2013-07-25,1891.02,159,5.94017,0.955615,21.5896,3,0.64656,1.26467,1.15648,0.136636,1.26467,-12.3815,20.5568,-36.5857
2013-07-26,1887.4,168,5.93453,0.994055,24.0768,3,0.217571,1.77054,0.300616,0.134526,1.77054,-11.5682,19.5144,-33.8694
2013-07-29,1886.26,173,5.72319,1.11299,30.2222,3,0.118199,2.10778,0.180916,0.0554827,2.10778,-11.1674,18.7994,-27.4098
2013-07-30,1888.95,177,5.78224,1.37809,38.1932,3,0.31116,2.44503,0.544753,0.077568,2.44503,-10.2111,17.9016,-19.4974
2013-07-31,1890.33,181,5.6205,1.1775,44.5849,3,0.162896,2.19209,0.308721,0.0170724,2.19209,-9.55963,16.6563,-12.5118
2013-08-01,1896.15,181,5.75685,1.03522,49.9457,3,0.215588,1.85485,0.363105,0.0680705,1.85485,-8.90328,15.2851,-6.43612
2013-08-02,1896.65,183,5.76068,0.805555,54.0517,3,0.346439,1.26467,0.623374,0.0695049,1.26467,-7.91117,13.8904,-1.92751
2013-08-05,1891.67,178,5.22449,0.274044,52.7476,3,0.126532,0.421557,0.382175,-0.129111,0.421557,-7.49459,12.3322,-2.09008
2013-08-06,1883.24,172,5.3645,-0.307796,48.4443,3,-0.194036,-0.421557,-0.315856,-0.0722161,-0.421557,-7.7106,10.8199,-4.665
2013-08-07,1882.01,176,5.2938,-0.354632,45.73,3,-0.287707,-0.421557,-0.481895,-0.0935184,-0.421557,-8.23183,9.26147,-5.29964
2013-08-08,1882.01,176,5.29218,-0.445268,42.0625,3,-0.468979,-0.421557,-0.848998,-0.0889593,-0.421557,-9.30852,7.76435,-6.39334
2013-08-09,1877.23,176,5.12216,-0.627432,39.0297,3,-0.664685,-0.590179,-1.18417,-0.145199,-0.590179,-10.1348,6.15377,-6.98924
2013-08-12,1873.92,173,5.07843,-0.520877,41.233,3,-0.620197,-0.421557,-1.0782,-0.162198,-0.421557,-9.95812,4.70223,-3.51112
2013-08-13,1868.9,169,4.70001,-0.416485,45.2175,3,-0.580036,-0.252934,-0.860328,-0.299744,-0.252934,-8.9037,2.99757,1.12362
2013-08-14,1882.36,171,4.67881,-0.270866,50.2424,3,-0.120175,-0.421557,0.0683495,-0.3087,-0.421557,-6.44479,1.37743,5.30976
2013-08-15,1883.15,176,4.55544,-0.0593921,57.9464,3,-0.118784,0,0.11886,-0.356429,0,-3.58213,-0.298994,11.8275
2013-08-16,1901.03,177,5.3299,0.413912,65.3238,3,0.743514,0.0843113,1.5503,-0.063269,0.0843113,-0.553519,-0.590211,16.4675
2013-08-19,1907.06,185,5.41488,1.03304,71.7001,3,1.05434,1.01174,2.13893,-0.0302426,1.01174,2.5268,-0.802729,19.976
2013-08-20,1907.06,187,5.35392,1.36014,77.4117,3,1.20268,1.5176,2.4591,-0.053733,1.5176,5.18915,-0.991727,23.2143
2013-08-21,1922.73,192,5.94544,1.5719,80.8268,3,1.37327,1.77054,2.57929,0.167253,1.77054,6.77286,-0.911343,24.9653
2013-08-22,1929.75,188,5.99401,1.29155,81.6916,3,1.57136,1.01174,2.96419,0.178539,1.01174,8.23155,-0.868436,24.3285
2013-08-23,1921.99,189,6.1752,0.905666,81.4664,3,0.799595,1.01174,1.35535,0.243837,1.01174,9.13703,-0.778511,23.1079
2013-08-26,1911.16,188,6.58532,0.303087,79.3244,3,0.35324,0.252934,0.304256,0.402224,0.252934,9.42771,-0.496849,20.3935
2013-08-27,1922.96,195,6.86666,0.72551,77.4964,3,0.77653,0.674491,1.04218,0.510879,0.674491,10.0039,-0.127078,17.6195
2013-08-28,1938.26,195,7.30508,0.548702,75.6514,3,0.844469,0.252934,1.01122,0.67772,0.252934,10.7604,0.454299,14.4367
2013-08-29,1939.85,200,7.27426,0.841487,75.067,3,0.671238,1.01174,0.67418,0.668297,1.01174,11.0789,0.988001,13
2013-08-30,1943.04,198,7.26872,0.885656,75.3095,3,1.01251,0.758802,1.35581,0.669211,0.758802,11.7089,1.51695,12.0837
2013-09-02,1935.43,198,7.37319,0.98981,77.4198,3,1.13651,0.843113,1.56327,0.709742,0.843113,12.5601,2.22479,12.6348
2013-09-03,1935.43,194,7.08739,0.313648,79.1661,3,0.711608,-0.0843113,0.823625,0.599591,-0.0843113,13.3608,2.77028,13.0351
2013-09-04,1946.28,196,7.19703,0.339084,81.0183,3,0.593856,0.0843113,0.5452,0.642511,0.0843113,14.0032,3.34518,13.6699
2013-09-05,1938.99,194,7.43256,-0.070223,81.9761,3,0.365422,-0.505868,-0.0032049,0.734049,-0.505868,14.5765,4.0015,13.398
2013-09-06,1952.11,189,7.49473,-0.0360124,83.4235,3,0.686777,-0.758802,0.615341,0.758214,-0.758802,15.83,4.68268,12.9108
2013-09-09,1947.99,183,7.51862,-0.231704,84.1031,3,0.801262,-1.26467,0.835025,0.767499,-1.26467,17.2671,5.40487,11.4311
2013-09-10,1946.06,193,7.40386,0.317271,85.7444,3,0.718854,-0.0843113,0.714811,0.722896,-0.0843113,18.1694,6.1109,11.4641
2013-09-11,1935.55,187,7.58823,-0.334717,85.6063,3,0.0893672,-0.758802,-0.615817,0.794551,-0.758802,17.6549,7.00635,10.945
2013-09-12,1923.64,188,8.04729,-0.236375,85.2188,3,0.0331177,-0.505868,-0.906729,0.972964,-0.505868,16.9195,8.11306,10.1863
2013-09-13,1919.25,185,7.48364,-0.478736,83.1588,3,-0.620226,-0.337245,-1.99435,0.753901,-0.337245,14.4193,8.99252,9.74702
2013-09-16,1919.54,175,7.41612,-0.585282,78.9771,3,-0.496072,-0.674491,-1.71981,0.727661,-0.674491,11.7028,10.0208,7.25345
2013-09-17,1917.03,169,7.43826,-1.26724,71.0297,3,-0.511004,-2.02347,-1.75827,0.736266,-2.02347,8.51772,11.2877,1.22425
2013-09-18,1914.12,155,6.84096,-1.54419,60.1071,3,-0.390425,-2.69796,-1.28577,0.504917,-2.69796,5.21074,12.0586,-7.16224
2013-09-19,1911.3,161,6.69679,-1.20483,50.6893,3,-0.133251,-2.27641,-0.716026,0.449524,-2.27641,1.75595,12.4486,-13.5152
2013-09-20,1887.3,166,7.89203,-1.06493,43.2011,3,-0.527944,-1.60192,-1.97142,0.915533,-1.60192,-1.41153,13.0264,-18.4138
2013-09-23,1889.12,169,7.71234,-0.509778,40.167,3,-0.513689,-0.505868,-1.87285,0.845472,-0.505868,-3.46006,13.3747,-19.7477
2013-09-24,1892.89,176,7.36391,0.106346,37.894,3,-0.377488,0.590179,-1.4646,0.709624,0.590179,-5.79594,13.4888,-19.7988
2013-09-25,1888.14,177,6.62043,0.639037,38.2232,3,-0.576775,1.85485,-1.57397,0.420425,1.85485,-8.23138,13.2585,-16.8039
2013-09-26,1893.42,183,6.74053,0.779994,37.999,3,-0.294862,1.85485,-1.05878,0.469059,1.85485,-9.85482,13.0636,-15.2097
2013-09-27,1899.1,184,6.83294,1.08836,38.7396,3,0.659123,1.5176,0.811633,0.506613,1.5176,-10.3857,12.9352,-13.8099
2013-09-30,1914.65,187,7.49423,1.36683,40.1278,3,1.21606,1.5176,1.66563,0.766498,1.5176,-10.3223,13.0302,-12.5801
2013-10-01,1908.29,185,7.55527,0.833573,42.0624,3,0.908345,0.758802,1.0262,0.790485,0.758802,-10.1686,13.2595,-11.0285
2013-10-02,1893.77,187,7.55226,0.7221,43.5003,3,0.601087,0.843113,0.412873,0.789301,0.843113,-10.3168,13.4283,-9.61126
2013-10-03,1884.97,185,7.59686,0.165668,44.3902,3,0.162712,0.168623,-0.481407,0.806832,0.168623,-10.7834,13.5129,-8.33928
2013-10-04,1889.95,180,7.1382,-0.143503,43.9843,3,0.0502403,-0.337245,-0.526339,0.62682,-0.337245,-11.8633,13.3813,-7.53366
2013-10-07,1886.78,179,7.13587,-0.606976,42.5724,3,-0.539461,-0.674491,-1.70592,0.627003,-0.674491,-14.2499,13.221,-6.3987
2013-10-08,1885.19,176,7.13773,-0.572487,39.2658,3,-0.386173,-0.758802,-1.40399,0.63164,-0.758802,-16.155,13.0497,-7.62888
2013-10-09,1889.17,174,7.10236,-0.45004,38.8423,3,0.195967,-1.09605,-0.229271,0.621205,-1.09605,-15.7747,12.8732,-8.25627
2013-10-10,1894.06,170,6.97033,-0.327984,38.5068,3,0.608703,-1.26467,0.64787,0.569536,-1.26467,-14.299,12.483,-9.67718
2013-10-11,1885.84,166,7.06749,-0.486693,38.4777,3,0.206972,-1.18036,-0.195846,0.60979,-1.18036,-12.606,12.3465,-11.2628
2013-10-14,1883.65,166,7.0575,-0.428599,39.0519,3,0.23885,-1.09605,-0.129316,0.607016,-1.09605,-11.1255,12.2503,-12.073
2013-10-15,1883.65,162,7.06381,-0.443123,42.1084,3,0.294113,-1.18036,-0.0213213,0.609546,-1.18036,-9.54835,12.2066,-10.5498
2013-10-16,1883.7,166,7.06652,-0.25415,46.9831,3,0.16619,-0.674491,-0.278253,0.610633,-0.674491,-8.64184,12.3764,-6.75148
2013-10-17,1880.91,167,7.06662,-0.166586,50.9429,3,-0.0802372,-0.252934,-0.771147,0.610673,-0.252934,-8.70188,12.5408,-2.89598
2013-10-18,1879.48,161,5.51585,-0.294845,53.8762,3,-0.168133,-0.421557,-0.330582,-0.00568345,-0.421557,-7.12573,11.6445,-0.642597
2013-10-21,1879.88,160,5.50112,-0.295115,54.6908,3,-0.0843624,-0.505868,-0.161812,-0.00691242,-0.505868,-5.49156,10.8245,-0.642125
2013-10-22,1885.52,164,5.56632,0.140607,54.8207,3,0.112591,0.168623,0.205947,0.0192348,0.168623,-3.90066,10.1659,-1.44459
2013-10-23,1879.46,166,5.61081,-0.0388561,52.2438,3,-0.0777122,0,-0.192501,0.037077,0,-2.59061,9.8198,-4.98536
2013-10-24,1883.14,169,5.55866,0.145183,49.822,3,0.121743,0.168623,0.227323,0.0161619,0.168623,-1.36475,9.39279,-8.20602
2013-10-25,1882.11,173,5.42304,0.560683,47.809,3,0.10963,1.01174,0.253527,-0.0342661,1.01174,-1.89635,8.87224,-9.16686
2013-10-28,1882.34,173,4.38247,0.497452,44.5071,3,-0.101143,1.09605,0.246072,-0.448357,1.09605,-3.24156,7.693,-9.94435
2013-10-29,1884.43,173,4.33267,0.265735,42.3694,3,-0.227332,0.758802,0.0111833,-0.465848,0.758802,-4.19452,6.47863,-9.91474
2013-10-30,1883.42,168,3.45301,-0.0314755,39.5678,3,-0.231574,0.168623,0.351342,-0.814489,0.168623,-4.22974,4.9307,-11.1332
2013-10-31,1884.06,170,3.04285,-0.164846,38.3549,3,-0.414004,0.0843113,0.147958,-0.975966,0.0843113,-3.62551,3.23967,-11.2593
2013-11-01,1889.16,171,3.05044,-0.183988,38.2071,3,-0.199352,-0.168623,0.568021,-0.966726,-0.168623,-2.59533,1.74036,-10.9379
2013-11-04,1901.22,171,3.73067,0.106942,40.8369,3,0.340351,-0.126467,1.37271,-0.692013,-0.126467,0.300674,0.503375,-9.96714
2013-11-05,1901.22,174,3.7059,0.175342,43.6364,3,0.266372,0.0843113,1.22964,-0.696896,0.0843113,2.80442,-0.756591,-8.41141
2013-11-06,1916.22,178,4.52439,0.90707,48.7893,3,0.971027,0.843113,2.31199,-0.369935,0.843113,5.24054,-1.70533,-4.74591
2013-11-07,1916.8,184,4.47121,1.07087,54.121,3,0.961386,1.18036,2.3072,-0.384431,1.18036,6.81255,-2.61123,-0.0803081
2013-11-08,1924.87,185,4.24094,1.09278,60.0484,3,1.00521,1.18036,2.48073,-0.470314,1.18036,9.27841,-3.60753,4.37749
2013-11-11,1932.77,185,4.2918,1.01874,65.2867,3,0.857129,1.18036,2.163,-0.44874,1.18036,11.2751,-4.53685,8.54853
2013-11-12,1932.77,190,4.2918,1.10263,70.5734,3,0.856288,1.34898,2.15925,-0.446679,1.34898,13.0095,-5.3974,12.9613
2013-11-13,1928.96,190,4.4263,0.635959,73.4384,3,0.260182,1.01174,0.911913,-0.391548,1.01174,13.8709,-6.21,15.7774
2013-11-14,1932.03,184,4.31347,0.158674,74.4488,3,0.317349,0,1.07059,-0.435897,0,15.4225,-7.1022,16.1285
2013-11-15,1929.24,180,4.36425,-0.225777,74.6608,3,-0.0299968,-0.421557,0.353837,-0.41383,-0.421557,16.0095,-7.45511,16.1064
2013-11-18,1919.89,179,4.87423,-0.50156,74.0245,3,-0.497251,-0.505868,-0.78483,-0.209672,-0.505868,15.5189,-7.66637,16.172
2013-11-19,1915.37,179,4.96083,-0.777209,71.0993,3,-0.626993,-0.927425,-1.07921,-0.174775,-0.927425,14.6149,-7.97175,14.4562
2013-11-20,1919.2,180,4.74314,-0.62964,69.138,3,-0.416167,-0.843113,-0.573313,-0.259022,-0.843113,14.4068,-8.31972,13.0509
2013-11-21,1923.19,183,4.7464,-0.231779,67.8569,3,-0.379247,-0.0843113,-0.50736,-0.251134,-0.0843113,13.8112,-8.61277,12.6584
2013-11-22,1932.42,185,4.88377,0.232874,66.7252,3,0.0441907,0.421557,0.279541,-0.191159,0.421557,13.8984,-8.7973,11.6241
2013-11-25,1929.13,188,4.98509,0.511361,66.7735,3,0.26392,0.758802,0.676098,-0.148258,0.758802,14.2936,-8.51802,10.9979
2013-11-26,1926.99,190,5.05385,0.640216,68.0642,3,0.353008,0.927425,0.822503,-0.116488,0.927425,14.9655,-8.15192,11.2507
2013-11-27,1926.74,190,5.03825,0.529966,69.9587,3,0.216819,0.843113,0.553558,-0.11992,0.843113,15.0218,-7.4484,12.3852
2013-11-28,1928.25,190,5.0314,0.362071,71.6889,3,0.133963,0.590179,0.38823,-0.120305,0.590179,15.1068,-6.60893,13.1911
2013-11-29,1928.25,190,5.01284,0.127181,72.6877,3,-0.167195,0.421557,-0.20971,-0.12468,0.421557,14.3233,-5.8149,14.1793
2013-12-02,1931.88,190,4.61642,0.0738095,72.5822,3,-0.0210037,0.168623,0.238745,-0.280752,0.168623,13.3116,-5.44833,14.719
2013-12-03,1934.16,193,4.60829,0.185971,72.6161,3,0.119008,0.252934,0.523637,-0.28562,0.252934,12.6738,-5.07724,15.0195
2013-12-04,1941.01,193,3.9451,0.235341,70.4358,3,0.217748,0.252934,0.984215,-0.548718,0.252934,11.6139,-5.29959,14.1214
2013-12-05,1948.48,193,4.10149,0.348715,68.0066,3,0.444496,0.252934,1.37025,-0.481254,0.252934,10.8821,-5.44833,12.5728
2013-12-06,1940.26,188,4.26768,0.0209225,64.2568,3,0.210468,-0.168623,0.83652,-0.415585,-0.168623,9.49976,-5.47356,10.2306
2013-12-09,1936.33,189,4.11479,-0.0753676,60.282,3,-0.0664238,-0.0843113,0.344504,-0.477352,-0.0843113,7.88688,-5.55985,7.95497
2013-12-10,1932.71,187,4.17353,-0.37583,54.7442,3,-0.245791,-0.505868,-0.0422248,-0.449358,-0.505868,5.86171,-5.61214,4.49464
2013-12-11,1933.52,184,4.10953,-0.606513,50.0131,3,-0.454224,-0.758802,-0.441777,-0.466671,-0.758802,4.58388,-5.69712,1.12632
2013-12-12,1935.61,177,4.08924,-0.989961,45.6376,3,-0.63094,-1.34898,-0.795358,-0.466523,-1.34898,2.79775,-5.7149,-1.44523
2013-12-13,1935.89,174,4.04869,-0.769384,43.5819,3,-0.358409,-1.18036,-0.236968,-0.479849,-1.18036,2.22989,-5.76424,-2.8837
2013-12-16,1930.87,172,3.74412,-0.943768,41.9222,3,-0.454244,-1.43329,-0.310833,-0.597654,-1.43329,2.67336,-6.11715,-4.63406
2013-12-17,1934.95,178,3.6609,-0.486453,43.0121,3,-0.214103,-0.758802,0.200269,-0.628475,-0.758802,3.89267,-6.55858,-4.32204
2013-12-18,1936.14,176,3.61897,-0.442271,43.7173,3,-0.210051,-0.674491,0.224109,-0.644211,-0.674491,4.6543,-6.93114,-4.00587
2013-12-19,1945.6,174,3.91125,-0.0792254,44.293,3,0.0944833,-0.252934,0.711574,-0.522607,-0.252934,5.81686,-7.19437,-4.32951
2013-12-20,1943.46,173,3.61842,-0.0426748,43.2541,3,-0.0431939,-0.0421557,0.547418,-0.633806,-0.0421557,6.06327,-7.60486,-5.20429
2013-12-23,1935.93,170,3.85225,-0.0801445,41.0406,3,-0.0759777,-0.0843113,0.379758,-0.531713,-0.0843113,5.76039,-7.93943,-6.78035
2013-12-24,1925.45,164,4.31998,-0.782618,35.8441,3,-0.469189,-1.09605,-0.608356,-0.330023,-1.09605,4.34882,-8.03466,-10.4701
2013-12-25,1922.76,164,4.34685,-0.759722,31.3476,3,-0.592018,-0.927425,-0.872844,-0.311193,-0.927425,2.96603,-8.07458,-13.5438
2013-12-26,1922.76,163,4.33453,-0.878677,27.2679,3,-0.914241,-0.843113,-1.5133,-0.315186,-0.843113,1.19549,-8.08416,-15.8434
2013-12-27,1921.22,164,4.34036,-0.783232,24.4521,3,-0.891973,-0.674491,-1.47397,-0.309974,-0.674491,0.0577369,-8.10532,-17.5003
2013-12-30,1922.56,167,4.28572,-0.384789,23.0954,3,-0.600956,-0.168623,-0.872259,-0.329653,-0.168623,-0.914617,-8.06947,-17.9205
2013-12-31,1926.83,163,4.34686,-0.0435177,22.4326,3,-0.0870354,0,0.130672,-0.304742,0,-1.25198,-8.0453,-18.2702
2014-01-01,1926.83,163,4.12026,-0.0207054,21.7059,3,-0.0414109,0,0.312475,-0.395297,0,-1.82595,-7.866,-18.6021
2014-01-02,1926.83,169,3.81422,0.239847,21.4012,3,-0.110486,0.590179,0.296629,-0.517602,0.590179,-2.74797,-7.87761,-17.9733
2014-01-03,1938.89,167,4.26215,0.389922,22.4443,3,0.442599,0.337245,1.21783,-0.332633,0.337245,-2.4393,-7.87195,-17.2445
2014-01-06,1936.92,170,4.21431,0.329642,23.6217,3,0.322038,0.337245,0.986386,-0.34231,0.337245,-1.89737,-7.8234,-16.6576
2014-01-07,1936.92,172,4.15514,0.479194,26.2153,3,0.157429,0.800958,0.675985,-0.361126,0.800958,-1.2889,-7.88163,-14.6142
2014-01-08,1930.45,171,4.32914,0.320509,29.1836,3,-0.0334732,0.674491,0.221409,-0.288355,0.674491,-0.708085,-7.85238,-12.2559
2014-01-09,1933.24,171,4.34397,0.115931,32.9164,3,0.06324,0.168623,0.405753,-0.279273,0.168623,0.38969,-7.81313,-9.66015
2014-01-10,1934.88,177,4.35555,0.276014,36.6099,3,-0.291086,0.843113,-0.309505,-0.272666,0.843113,0.326823,-7.71992,-5.99704
2014-01-13,1926.55,178,4.52925,0.100335,40.427,3,-0.473821,0.674491,-0.747926,-0.199716,0.674491,-0.0830554,-7.41849,-2.07145
2014-01-14,1924.79,174,4.45908,-0.189474,41.5314,3,-0.547571,0.168623,-0.869429,-0.225713,0.168623,-1.09623,-7.05301,-0.319369
2014-01-15,1932.59,168,4.70786,-0.13077,42.697,3,-0.00860626,-0.252934,0.107137,-0.124349,-0.252934,-1.20938,-6.57362,0.479996
2014-01-16,1941.45,172,4.66691,0.137137,43.5104,3,0.189964,0.0843113,0.519157,-0.13923,0.0843113,-1.39362,-6.21727,1.12133
2014-01-17,1947.15,174,4.77134,0.0482353,43.8531,3,0.349405,-0.252934,0.795713,-0.0969035,-0.252934,-1.15827,-5.70984,0.721186
2014-01-20,1957.86,174,4.89285,0.343112,45.454,3,1.02347,-0.337245,2.0947,-0.0477594,-0.337245,0.472509,-5.25939,0.240831
2014-01-21,1957.86,177,4.36185,0.613619,50.7733,3,0.974305,0.252934,2.20811,-0.259499,0.252934,3.16086,-5.2032,2.81563
2014-01-22,1981.98,184,5.86485,1.58401,59.6238,3,1.81903,1.34898,3.29424,0.343816,1.34898,7.0674,-4.53362,7.08998
2014-01-23,1983.48,196,5.84501,1.79285,69.1187,3,1.56223,2.02347,2.7886,0.335854,2.02347,10.7923,-3.79887,12.1253
2014-01-24,1993.23,202,5.89066,2.02726,77.879,3,1.69381,2.36072,3.03344,0.354176,2.36072,14.1412,-3.02372,16.7614
2014-01-27,2000.48,202,5.9072,1.96651,83.9663,3,1.57231,2.36072,2.7838,0.360817,2.36072,16.3171,-2.28454,19.9337
2014-01-28,1997.91,201,6.01884,1.74465,87.782,3,1.50799,1.98132,2.61035,0.405629,1.98132,17.4077,-1.6163,21.9906
2014-01-29,2000.56,209,5.98422,1.42266,90.3584,3,0.779683,2.06563,1.16763,0.391734,2.06563,17.2568,-0.960029,24.0616
2014-01-30,2013.17,209,6.13646,1.11193,91.7079,3,1.16997,1.05389,1.88709,0.452845,1.05389,17.905,-0.233734,24.0366
2014-01-31,2008.26,208,6.15069,0.575793,91.9761,3,0.687874,0.463712,0.917192,0.458555,0.463712,17.5768,0.333744,24.0656
2014-02-03,2021.1,214,6.26687,0.927505,92.7947,3,0.88543,0.96958,1.26567,0.505189,0.96958,17.4135,0.92083,24.4603
2014-02-04,2039.85,204,6.69384,0.930224,93.3686,3,1.64967,0.210778,2.6234,0.675938,0.210778,18.484,1.62176,23.2629
2014-02-05,2041.34,197,6.36271,0.245288,93.2755,3,1.54447,-1.05389,2.54579,0.543143,-1.05389,20.1406,2.20114,20.9338
2014-02-06,2048.75,192,6.34846,-0.0540436,93.0612,3,1.36736,-1.47545,2.19729,0.537428,-1.47545,21.5075,2.78252,18.7712
2014-02-07,2049.52,188,6.37089,-0.0882149,92.5843,3,1.55195,-1.72838,2.55696,0.546945,-1.72838,23.8019,3.39557,15.3869
2014-02-10,2046.06,192,6.03725,-0.469979,91.788,3,0.957047,-1.89701,1.50043,0.413662,-1.89701,25.8886,3.90355,11.9958
2014-02-11,2048.55,190,5.89943,-0.402416,91.4747,3,0.417682,-1.22251,0.476697,0.358667,-1.22251,27.0508,4.35484,10.069
2014-02-12,2041.61,187,6.31995,-0.322583,91.1848,3,0.240103,-0.885269,-0.0480384,0.528244,-0.885269,27.1133,4.85851,9.21305
2014-02-13,2031.75,184,6.82206,-0.45877,90.2376,3,-0.200894,-0.716646,-1.13181,0.730019,-0.716646,26.429,5.60163,8.20705
2014-02-14,2032.99,183,6.84208,-0.322785,89.6114,3,-0.181858,-0.463712,-1.10179,0.738077,-0.463712,25.3236,6.29784,7.98992
2014-02-17,2022.68,183,7.18044,-0.562126,87.9623,3,-0.323294,-0.800958,-1.52085,0.874266,-0.800958,23.2626,7.19493,7.50477
2014-02-18,2022.68,186,7.18044,-0.390245,85.9274,3,-0.401088,-0.379401,-1.67503,0.872853,-0.379401,20.8807,8.31989,6.7268
2014-02-19,2028.54,183,6.0203,-0.307788,81.4891,3,-0.236174,-0.379401,-0.878128,0.405779,-0.379401,18.4908,8.81712,4.18116
2014-02-20,2042.22,185,6.33141,0.277898,77.371,3,0.555795,0,0.58075,0.53084,0,17.2498,9.31291,0.808346
2014-02-21,2052.46,186,6.33858,0.497918,72.7345,3,0.827213,0.168623,1.12204,0.532385,0.168623,16.0755,9.76697,-3.10799
2014-02-24,2043.96,178,6.58284,0.213123,66.8961,3,0.932114,-0.505868,1.23115,0.633076,-0.505868,15.0973,10.2967,-8.49786
2014-02-25,2042.67,181,6.55577,0.186816,61.3327,3,0.8795,-0.505868,1.13548,0.623516,-0.505868,13.9785,10.6855,-13.3313
2014-02-26,2045.45,186,6.55593,0.47277,57.8133,3,0.776917,0.168623,0.933361,0.620473,0.168623,13.8587,10.9805,-17.0258
2014-02-27,2053.11,182,6.34847,0.106509,54.0196,3,0.550264,-0.337245,0.565958,0.534569,-0.337245,12.6663,11.1108,-19.7575
2014-02-28,2054.9,184,6.21906,0.0294584,51.9403,3,0.269695,-0.210778,0.0582664,0.481124,-0.210778,11.8635,11.1468,-21.07
2014-03-03,2046.75,191,6.15019,0.65935,50.9175,3,0.264809,1.05389,0.0775077,0.45211,1.05389,10.7335,11.0996,-20.9155
2014-03-04,2052.51,177,5.32572,-0.0167177,47.3053,3,0.30381,-0.337245,0.500559,0.107061,-0.337245,8.70215,10.5497,-21.9465
2014-03-05,2047.75,172,5.40335,-0.545627,44.3039,3,0.0891053,-1.18036,0.048523,0.129688,-1.18036,6.30427,10.1285,-22.1289
2014-03-06,2045.14,170,5.26452,-0.634108,42.1223,3,-0.25648,-1.01174,-0.579766,0.0668066,-1.01174,3.65185,9.65051,-21.1801
2014-03-07,2030.02,170,5.86638,-0.916764,39.0492,3,-0.65317,-1.18036,-1.62334,0.317003,-1.18036,-0.309022,9.37376,-20.0156
2014-03-10,2036.2,172,5.976,-0.894628,37.499,3,-0.187341,-1.60192,-0.739158,0.364476,-1.60192,-2.40923,9.29026,-19.382
2014-03-11,2042.78,175,6.08267,-0.151201,38.4138,3,-0.133779,-0.168623,-0.676676,0.409117,-0.168623,-3.49993,9.36028,-17.4466
2014-03-12,2043.59,173,5.96145,0.0505965,39.7846,3,0.0168816,0.0843113,-0.324625,0.358388,0.0843113,-3.77236,9.23056,-15.6736
2014-03-13,2047.59,182,5.70472,0.585935,43.6844,3,0.160133,1.01174,0.0683361,0.251931,1.01174,-2.65816,8.84036,-12.4978
2014-03-14,2044.48,183,5.74371,0.815567,48.0036,3,0.535086,1.09605,0.801042,0.26913,1.09605,-0.853286,8.42661,-9.56973
2014-03-17,2044.58,181,5.3855,0.515433,52.1147,3,0.272064,0.758802,0.425615,0.118513,0.758802,1.00324,7.70537,-6.59393
2014-03-18,2035.16,178,5.68772,0.048277,53.7838,3,-0.15638,0.252934,-0.558984,0.246224,0.252934,2.06556,7.10036,-5.38215
2014-03-19,2034.86,177,5.60623,0.044808,55.1211,3,-0.205474,0.29509,-0.622734,0.211787,0.29509,2.306,6.90685,-4.09172
2014-03-20,2017.38,182,5.86356,-0.405438,52.5254,3,-0.810876,0,-1.94228,0.320528,0,-0.0950925,6.72075,-4.10028
2014-03-21,1998.6,181,6.2425,-0.690536,47.9917,3,-1.21245,-0.168623,-2.90556,0.480656,-0.168623,-3.9367,6.67306,-4.74463
2014-03-24,1993.85,185,6.16759,-0.53427,45.1502,3,-1.36363,0.29509,-3.17626,0.449002,0.29509,-8.12389,6.48418,-3.21011
2014-03-25,1993.85,179,6.17993,-0.537438,42.42,3,-1.07488,0,-2.60397,0.454216,0,-11.6413,6.30029,-2.239
2014-03-26,1978.63,174,6.50379,-0.904688,37.3367,3,-1.47213,-0.337245,-3.53533,0.591069,-0.337245,-15.7029,6.20263,-3.16298
2014-03-27,1973.03,171,6.19113,-1.08977,33.091,3,-1.1678,-1.01174,-2.79454,0.458947,-1.01174,-18.5885,6.04512,-4.36565
2014-03-28,1965.64,171,6.12496,-0.881307,29.9952,3,-0.83519,-0.927425,-2.10137,0.430989,-0.927425,-20.3085,5.91809,-5.6144
2014-03-31,1965.32,168,6.12965,-1.08442,24.4665,3,-0.693393,-1.47545,-1.81975,0.432968,-1.47545,-21.3421,5.71397,-9.90541
2014-04-01,1969.45,160,6.05998,-1.0887,21.3616,3,-0.575483,-1.60192,-1.55449,0.403529,-1.60192,-22.6181,5.83669,-11.857
2014-04-02,1966.02,161,6.06022,-0.655159,21.0578,3,-0.21427,-1.09605,-0.832168,0.403629,-1.09605,-23.3181,6.0575,-11.6815
2014-04-03,1963.51,161,6.06018,-0.481747,21.4811,3,-0.12038,-0.843113,-0.644373,0.403614,-0.843113,-23.457,6.36996,-11.4319
2014-04-04,1966.4,161,5.82997,-0.348541,23.1025,3,0.146032,-0.843113,-0.0142686,0.306333,-0.843113,-22.3511,6.44254,-10.9889
2014-04-07,1951.85,158,5.91033,-0.558202,24.0939,3,-0.273291,-0.843113,-0.887088,0.340507,-0.843113,-22.6429,6.46797,-9.73118
2014-04-08,1937.59,160,5.83254,-0.42757,23.2778,3,-0.855141,0,-2.01767,0.307387,0,-23.6844,6.34086,-9.37861
2014-04-09,1923.95,160,5.91747,-0.617534,21.3699,3,-1.15076,-0.0843113,-2.6445,0.342983,-0.0843113,-25.3333,6.23311,-9.52989
2014-04-10,1931.09,160,6.1407,-0.43787,18.6303,3,-0.79143,-0.0843113,-2.01819,0.435328,-0.0843113,-26.4639,6.2336,-11.1394
2014-04-11,1920.93,162,6.17102,-0.540041,15.3556,3,-1.16439,0.0843113,-2.77602,0.447231,0.0843113,-28.4173,6.15457,-12.3817
2014-04-14,1927.28,164,6.49181,0.0181666,14.2562,3,-0.469535,0.505868,-1.52665,0.587575,0.505868,-29.5755,6.44242,-12.6107
2014-04-15,1926.47,168,6.52006,0.303067,14.8127,3,-0.0683575,0.674491,-0.724759,0.588044,0.674491,-29.9282,6.76557,-12.0247
2014-04-16,1932.42,167,6.7862,0.57908,16.0261,3,0.567981,0.590179,0.450582,0.685381,0.590179,-29.505,7.2558,-11.7247
2014-04-17,1930.62,158,6.41678,0.0243907,17.0482,3,0.217404,-0.168623,-0.0855876,0.520396,-0.168623,-28.3164,7.50685,-12.1422
2014-04-18,1930.62,158,5.86909,0.0348326,18.8656,3,0.40691,-0.337245,0.533939,0.279882,-0.337245,-25.9567,7.48103,-12.6588
2014-04-21,1930.62,159,5.8949,-0.10068,20.0068,3,0.220197,-0.421557,0.147909,0.292485,-0.421557,-23.4037,7.42868,-14.0181
2014-04-22,1921.75,161,5.95428,-0.304931,20.6356,3,-0.0196832,-0.590179,-0.353002,0.313636,-0.590179,-21.6053,7.34994,-15.1091
2014-04-23,1929.66,164,5.8936,-0.111153,22.8677,3,0.0306272,-0.252934,-0.225822,0.287076,-0.252934,-19.1124,7.21953,-15.2394
2014-04-24,1936.63,165,6.10399,0.470045,27.6264,3,0.349911,0.590179,0.320662,0.379159,0.590179,-16.9133,7.37717,-12.8374
2014-04-25,1936.07,166,6.01481,0.494101,32.1903,3,0.313711,0.674491,0.287294,0.340128,0.674491,-15.0942,7.45985,-10.1753
2014-04-28,1942.37,164,6.17923,0.484122,37.7401,3,0.546687,0.421557,0.681283,0.41209,0.421557,-13.0351,7.58317,-6.80798
2014-04-29,1936.13,160,6.16084,0.268423,42.7606,3,0.626778,-0.0899321,0.849518,0.404037,-0.0899321,-10.8929,7.66457,-4.01103
2014-04-30,1935.14,157,6.15274,-0.141875,44.6953,3,0.345774,-0.629525,0.291052,0.400497,-0.629525,-9.85237,7.68136,-3.13368
2014-05-01,1933.46,159,6.15017,-0.210021,45.7249,3,0.0745852,-0.494627,-0.250201,0.399371,-0.494627,-9.48722,7.68532,-2.47315
2014-05-02,1933.46,159,6.10103,-0.228752,46.1798,3,0.0820884,-0.539593,-0.213685,0.377861,-0.539593,-9.6809,7.75645,-1.89575
2014-05-05,1926.3,160,5.69857,-0.361195,46.9289,3,-0.433323,-0.289067,-1.06836,0.201719,-0.289067,-9.85896,7.62836,-0.840461
2014-05-06,1923.07,156,5.14703,-0.371137,47.1437,3,-0.453206,-0.289067,-0.877121,-0.02929,-0.289067,-8.77288,7.30839,-1.39177
2014-05-07,1918.2,153,4.58706,-0.493004,47.618,3,-0.696941,-0.289067,-1.12537,-0.268509,-0.289067,-7.32645,6.72715,-1.78266
2014-05-08,1912.97,147,4.4362,-0.947211,45.681,3,-0.834508,-1.05991,-1.34648,-0.322533,-1.05991,-6.67676,5.99623,-3.63846
2014-05-09,1902.15,149,4.49507,-1.01056,43.9006,3,-1.15392,-0.867202,-2.02648,-0.281356,-0.867202,-5.95125,5.29197,-5.44014
2014-05-12,1901.51,149,4.26785,-0.980492,40.1666,3,-0.997425,-0.963558,-1.61735,-0.377502,-0.963558,-5.99911,4.34688,-8.18116
2014-05-13,1904.85,149,4.35391,-0.674093,36.5977,3,-0.770052,-0.578135,-1.20099,-0.339109,-0.578135,-6.39042,3.43976,-10.4516
2014-05-14,1919.7,150,5.12339,-0.0839858,34.2384,3,0.02474,-0.192712,0.0478594,0.00162063,-0.192712,-6.71497,2.77818,-11.8248
2014-05-15,1925.31,155,5.24426,0.631242,36.3956,3,0.395282,0.867202,0.735373,0.0551896,0.867202,-5.99534,2.36303,-9.9721
2014-05-16,1927.8,156,5.26877,0.796731,39.1654,3,0.822615,0.770847,1.57912,0.0661118,0.770847,-5.05539,2.1793,-7.9585
2014-05-19,1925.41,153,5.28486,0.625278,41.8569,3,0.768776,0.481779,1.46412,0.0734306,0.481779,-3.8362,1.9838,-6.29065
2014-05-20,1921.16,162,5.08062,0.915898,46.464,3,0.482814,1.34898,0.979882,-0.0142545,1.34898,-2.58798,1.68269,-2.63076
2014-05-21,1920.41,156,4.84176,0.303806,48.0439,3,-0.0668789,0.674491,-0.0150855,-0.118672,0.674491,-2.38933,1.29721,-0.863932
2014-05-22,1911.33,157,4.86867,-0.143358,45.7102,3,-0.527606,0.24089,-0.948635,-0.106578,0.24089,-3.59452,0.832617,-1.52792
2014-05-23,1905.8,158,4.93014,-0.287135,42.7602,3,-0.766982,0.192712,-1.45505,-0.0789163,0.192712,-5.23498,0.431969,-2.43679
2014-05-26,1905.53,158,4.70365,-0.133206,40.4566,3,-0.748191,0.481779,-1.31513,-0.181255,0.481779,-7.09995,-0.130542,-2.31288
2014-05-27,1905.53,156,4.63676,-0.600706,37.2704,3,-0.623276,-0.578135,-1.03942,-0.207128,-0.578135,-8.81634,-0.702631,-3.21058
2014-05-28,1917.34,154,5.25784,-0.138318,37.2833,3,-0.0839234,-0.192712,-0.244193,0.0763466,-0.192712,-9.31859,-1.00663,-2.39146
2014-05-29,1910.8,145,5.36077,-0.54333,36.0827,3,0.0214312,-1.10809,-0.0829615,0.125824,-1.10809,-9.12919,-1.25865,-3.52942
2014-05-30,1905.96,147,5.39924,-0.454612,35.2768,3,0.0543348,-0.963558,-0.0373049,0.145974,-0.963558,-8.94113,-1.47151,-4.31053
2014-06-02,1900.64,144,5.34141,-0.687191,34.1253,3,-0.121757,-1.25263,-0.362994,0.11948,-1.25263,-8.25061,-1.54196,-6.08217
2014-06-03,1900.64,144,5.33263,-0.592284,33.3523,3,-0.124654,-1.05991,-0.365194,0.115886,-1.05991,-7.75296,-1.40314,-7.49158
2014-06-04,1899.74,145,5.28267,-0.659511,32.775,3,-0.548176,-0.770847,-1.18894,0.0925869,-0.770847,-7.7941,-1.06649,-8.36444
2014-06-05,1897.7,142,5.22162,-0.304993,35.0233,3,-0.417274,-0.192712,-0.898058,0.0635097,-0.192712,-7.44159,-0.715915,-6.81919
2014-06-06,1892.08,133,4.94002,-0.879339,35.4895,3,-0.506052,-1.25263,-0.943592,-0.068511,-1.25263,-6.44322,-0.518519,-7.54872
2014-06-09,1886.09,133,5.04673,-0.731726,36.3794,3,-0.499895,-0.963558,-0.989775,-0.0100144,-0.963558,-5.87439,-0.176278,-7.56995
2014-06-10,1883.76,136,4.98812,-0.630898,36.5347,3,-0.587305,-0.674491,-1.14172,-0.0328867,-0.674491,-5.82169,0.110174,-7.75383
2014-06-11,1884.97,146,3.94324,-0.291616,35.7903,3,-0.775944,0.192712,-1.00457,-0.547318,0.192712,-6.79078,-0.402542,-7.01635
2014-06-12,1884.63,150,3.6892,0.0424875,33.7097,3,-0.782227,0.867202,-0.894674,-0.66978,0.867202,-8.25276,-1.07158,-6.96591
2014-06-13,1877.18,146,3.71462,0.258068,31.8487,3,-0.832846,1.34898,-1.01058,-0.655114,1.34898,-10.5738,-1.72711,-5.85041
2014-06-16,1877.37,150,3.7493,0.556793,31.6152,3,-0.620818,1.7344,-0.606078,-0.635558,1.7344,-12.4657,-2.37695,-3.54214
2014-06-17,1886.62,149,4.32026,0.599626,30.5465,3,-0.101552,1.3008,0.146198,-0.349302,1.3008,-13.1683,-2.67196,-3.61323
2014-06-18,1899.9,148,5.15638,0.344748,30.684,3,0.496785,0.192712,0.929497,0.0640725,0.192712,-12.3122,-2.50642,-4.49739
2014-06-19,1895.92,149,4.95201,0.116722,31.5633,3,0.329799,-0.0963558,0.693895,-0.0342977,-0.0963558,-10.8518,-2.44994,-5.13494
2014-06-20,1881.34,149,5.53547,0.264816,33.464,3,0.240565,0.289067,0.22697,0.25416,0.289067,-9.37891,-2.16061,-4.99652
2014-06-23,1884.56,147,5.59653,0.0334581,34.0466,3,0.355984,-0.289067,0.427619,0.284348,-0.289067,-7.78208,-1.73324,-6.43809
2014-06-24,1884.56,146,5.59653,-0.118819,35.7523,3,0.0514291,-0.289067,-0.18149,0.284348,-0.289067,-7.02687,-1.28464,-5.93619
2014-06-25,1886.85,143,5.05583,-0.459875,34.6107,3,-0.43797,-0.481779,-0.892971,0.0170313,-0.481779,-7.60331,-1.33489,-6.4511
2014-06-26,1880.37,142,5.05745,-0.597308,34.4204,3,-0.520124,-0.674491,-1.05808,0.0178283,-0.674491,-8.50433,-1.43435,-5.64093
2014-06-27,1886.01,143,5.18547,-0.204194,35.3065,3,0.169747,-0.578135,0.258372,0.0811222,-0.578135,-8.25467,-1.49917,-4.93964
2014-06-30,1881.19,144,5.17242,-0.168754,37.1661,3,-0.0966182,-0.24089,-0.267908,0.0746715,-0.24089,-8.21295,-1.54979,-3.07113
2014-07-01,1881.19,141,5.17242,-0.241576,38.4416,3,-0.0977282,-0.385423,-0.270128,0.0746715,-0.385423,-8.15175,-1.59388,-1.81276
2014-07-02,1865.42,140,5.88397,-0.357619,39.5497,3,-0.522527,-0.192712,-1.47151,0.426458,-0.192712,-8.43999,-1.28323,-0.727036
2014-07-03,1856.73,141,6.03364,-0.27845,39.6476,3,-0.556899,0,-1.61425,0.500454,0,-9.1175,-0.871316,-0.363598
2014-07-04,1848.91,141,6.1014,-0.541673,40.8978,3,-0.98699,-0.0963558,-2.50793,0.533955,-0.0963558,-10.6212,-0.303763,1.82278
2014-07-07,1848.91,142,6.0661,-0.460229,41.9099,3,-0.824102,-0.0963558,-2.16471,0.516502,-0.0963558,-11.7544,0.194611,3.46976
2014-07-08,1849.28,144,6.07995,-0.206954,43.5008,3,-0.799332,0.385423,-2.12255,0.523888,0.385423,-12.7153,0.724017,5.49215
2014-07-09,1854.24,148,6.19146,0.365107,45.9852,3,-0.0888102,0.819024,-0.758489,0.580869,0.819024,-12.5161,1.80074,6.7006
2014-07-10,1859.94,149,6.34174,0.597981,48.0994,3,0.425116,0.770847,0.192774,0.657457,0.770847,-11.4953,3.0691,6.52559
2014-07-11,1858.47,151,6.22155,0.782477,50.1003,3,0.601395,0.963558,0.604645,0.598145,0.963558,-9.95834,4.26614,5.7925
2014-07-14,1852.57,151,6.28809,0.642089,50.4259,3,0.416975,0.867202,0.202804,0.631146,0.867202,-9.18632,5.47475,4.13743
2014-07-15,1857.93,152,6.08757,0.64973,50.6171,3,0.528613,0.770847,0.528495,0.528731,0.770847,-8.82135,6.31244,3.12599
2014-07-16,1867.88,152,5.82734,0.504486,51.2266,3,0.623549,0.385423,0.849817,0.397282,0.385423,-8.89633,6.6296,3.49334
2014-07-17,1868.41,155,5.82103,0.514392,52.7425,3,0.450648,0.578135,0.508906,0.39239,0.578135,-9.0671,7.03225,4.77735
2014-07-18,1872.27,147,5.27321,0.04797,51.9162,3,0.481363,-0.385423,0.851436,0.111291,-0.385423,-8.47512,6.89882,3.49255
2014-07-21,1871.87,147,5.22275,0.12977,52.2833,3,0.644962,-0.385423,1.20473,0.0851904,-0.385423,-7.73261,6.70777,3.3082
2014-07-22,1861.28,142,5.55198,-0.375355,51.3052,3,0.212848,-0.963558,0.172714,0.252983,-0.963558,-7.39753,6.68031,2.02242
2014-07-23,1848.98,137,5.89559,-0.935033,49.4918,3,-0.424729,-1.44534,-1.27847,0.429012,-1.44534,-7.76649,7.07443,0.183884
2014-07-24,1847.85,138,5.82628,-1.06697,47.7004,3,-0.4959,-1.63805,-1.38644,0.394636,-1.63805,-8.07555,7.43006,-1.65408
2014-07-25,1846.12,145,5.64447,-0.455622,46.7431,3,-0.718533,-0.192712,-1.73917,0.302102,-0.192712,-9.97501,7.63654,-0.918423
2014-07-28,1848.56,145,5.67654,-0.378701,45.9451,3,-0.612868,-0.144534,-1.53898,0.313248,-0.144534,-11.1797,7.85912,-0.734287
2014-07-29,1850.61,151,5.71272,0.361673,48.2412,3,-0.192035,0.91538,-0.710331,0.326261,0.91538,-11.6153,8.11014,1.74638
2014-07-30,1853.3,142,5.00151,0.322328,50.8359,3,0.1147,0.529957,0.263723,-0.0343229,0.529957,-9.96253,7.67252,3.12589
2014-07-31,1872.43,145,5.99349,0.872218,55.213,3,1.02177,0.722669,1.56917,0.47437,0.722669,-6.90581,7.62636,4.49242
2014-08-01,1878.75,159,5.81683,1.31035,62.1048,3,1.22353,1.39716,2.06926,0.37781,1.39716,-2.518,7.38212,7.24073
2014-08-04,1873.65,157,5.94506,1.10591,67.6551,3,1.00737,1.20445,1.57529,0.439456,1.20445,0.976571,7.17396,9.50457
2014-08-05,1878.68,162,5.98444,1.11017,72.0421,3,1.11225,1.10809,1.76427,0.460237,1.10809,4.46454,6.96675,10.6108
2014-08-06,1892.35,161,6.38267,1.69826,76.1657,3,1.56577,1.83076,2.46092,0.670611,1.83076,7.18116,6.86673,12.1178
2014-08-07,1888.51,166,6.42184,1.42951,78.5586,3,0.835545,2.02347,0.982839,0.688251,2.02347,7.73188,6.76769,14.059
2014-08-08,1888.51,166,6.40259,0.65106,78.1899,3,0.627629,0.674491,0.580187,0.675072,0.674491,7.73415,6.85483,13.601
2014-08-11,1891.59,163,6.23123,0.710485,78.3822,3,0.842836,0.578135,1.10039,0.585282,0.578135,8.49807,6.80442,13.0798
2014-08-12,1881.62,159,6.57585,0.106892,76.8292,3,0.454674,-0.24089,0.142563,0.766784,-0.24089,8.26428,7.09601,11.4689
2014-08-13,1877.4,158,6.40468,-0.200938,74.7212,3,-0.160987,-0.24089,-0.998434,0.67646,-0.24089,6.74536,7.44929,10.5265
2014-08-14,1883.33,152,6.48693,-0.565086,71.3099,3,0.170632,-1.3008,-0.376855,0.718118,-1.3008,6.07956,7.89564,7.33473
2014-08-15,1877.77,153,6.56027,-0.596584,69.1742,3,0.0112797,-1.20445,-0.733517,0.756076,-1.20445,4.69238,8.56963,5.91219
2014-08-18,1884.81,152,6.68063,-0.421617,67.2938,3,0.168502,-1.01174,-0.481221,0.818224,-1.01174,3.17398,9.31604,4.80378
2014-08-19,1884.81,148,6.29521,-0.311903,67.5126,3,0.38793,-1.01174,0.160066,0.615794,-1.01174,3.1595,9.64243,4.71063
2014-08-20,1894.27,145,5.85548,-0.244592,69.8527,3,0.715263,-1.20445,1.04515,0.385376,-1.20445,5.24803,9.50293,5.10175
2014-08-21,1912.43,146,6.50914,0.368379,74.4569,3,1.26672,-0.529957,1.81079,0.722638,-0.529957,7.95939,9.55352,6.94399
2014-08-22,1919.84,147,6.47258,0.565518,77.4934,3,1.66099,-0.529957,2.61858,0.703409,-0.529957,11.5847,9.69973,6.20893
2014-08-25,1924.4,146,6.46962,0.520028,79.9876,3,1.57001,-0.529957,2.43916,0.700863,-0.529957,14.7362,9.82877,5.42267
2014-08-26,1932.39,147,6.5031,0.913403,81.433,3,1.82681,0,2.93516,0.718452,0,17.6003,10.024,3.80872
2014-08-27,1928.67,145,6.66074,0.773494,82.5655,3,1.45063,0.0963558,2.10002,0.801247,0.0963558,18.9208,10.6013,3.04338
2014-08-28,1926.92,147,5.96396,0.416075,81.4203,3,0.639439,0.192712,0.842988,0.435891,0.192712,18.5363,10.6957,2.18826
2014-08-29,1935.04,146,6.00713,0.334838,78.819,3,0.669675,0,0.880355,0.458996,0,17.9606,11.0245,-0.166016
2014-09-01,1918.62,146,6.84007,0.167801,76.1273,3,0.239246,0.0963558,-0.418978,0.897469,0.0963558,16.586,11.6604,-2.11907
2014-09-02,1918.62,144,6.82854,-0.10087,72.3924,3,-0.00902793,-0.192712,-0.90077,0.882714,-0.192712,14.5844,12.3218,-4.51377
2014-09-03,1931.49,143,6.76321,0.190358,67.3742,3,0.477071,-0.0963558,0.112502,0.841641,-0.0963558,12.7743,12.7815,-8.18155
2014-09-04,1924.67,143,6.87365,0.030142,62.4145,3,0.349351,-0.289067,-0.196854,0.895557,-0.289067,11.8831,13.1921,-12.6607
2014-09-05,1931.45,141,6.92246,-0.032389,59.9092,3,0.320645,-0.385423,-0.276531,0.917822,-0.385423,11.147,13.5023,-14.7401
2014-09-08,1935.25,143,6.92674,0.368348,58.6388,3,0.929408,-0.192712,0.943793,0.915023,-0.192712,11.0271,13.8488,-16.2371
2014-09-09,1942.03,151,6.53672,0.898438,61.5619,3,1.02603,0.770847,1.34701,0.70505,0.770847,12.0896,13.7023,-14.23
2014-09-10,1962.84,151,7.11443,1.13374,66.3374,3,1.40027,0.867202,1.79926,1.00127,0.867202,14.5026,13.7997,-11.965
2014-09-11,1975.82,150,7.27671,1.39411,72.8782,3,2.01737,0.770847,2.95319,1.08154,0.770847,17.0509,13.7044,-7.87711
2014-09-12,1979.97,151,6.99939,1.45693,78.9764,3,1.85395,1.05991,2.7731,0.934801,1.05991,19.3459,13.278,-3.64747
2014-09-15,1994.97,155,7.20544,1.73657,84.4252,3,2.22051,1.25263,3.40341,1.03761,1.25263,21.455,12.735,0.235177
2014-09-16,1987.71,156,7.50599,1.20527,87.6414,3,1.88059,0.529957,2.57261,1.18856,0.529957,22.3939,12.6237,2.62376
2014-09-17,1978.08,150,7.90267,0.519528,89.0717,3,1.08723,-0.0481779,0.780663,1.39381,-0.0481779,21.6627,13.0908,4.31819
2014-09-18,1975.47,151,7.48758,0.334941,89.0117,3,0.525348,0.144534,-0.121321,1.17202,0.144534,20.2167,13.4465,5.34854
2014-09-19,1975.42,150,7.46018,0.201754,88.3438,3,0.403509,0,-0.3477,1.15472,0,18.1689,13.9492,6.22568
2014-09-22,1966.89,153,7.72204,-0.147212,87.0448,3,-0.198067,-0.0963558,-1.68641,1.29028,-0.0963558,15.3071,14.7017,7.03591
2014-09-23,1992.68,154,8.7615,0.459775,86.1063,3,1.01591,-0.0963558,0.198002,1.83381,-0.0963558,13.3376,15.7901,6.97858
2014-09-24,1997.91,151,8.67134,0.774024,86.1075,3,1.40351,0.144534,1.02374,1.78328,0.144534,12.4809,16.5715,7.05516
2014-09-25,2007.48,159,8.67392,1.25283,87.8034,3,1.73482,0.770847,1.68749,1.78214,0.770847,12.8246,17.2025,7.77631
2014-09-26,2019.76,161,8.76197,1.57724,90.0444,3,2.09457,1.05991,2.36301,1.82614,1.05991,13.4332,17.5552,9.05596
2014-09-29,2023.89,170,7.807,1.91623,92.6661,3,2.19441,1.63805,3.07422,1.3146,1.63805,15.1193,16.842,10.7048
2014-09-30,2028.48,169,7.74538,1.5081,94.5786,3,1.57087,1.44534,1.86908,1.27266,1.44534,16.122,16.1685,12.2882
2014-10-01,2022,176,7.87863,1.844,96.1093,3,1.27911,2.4089,1.21724,1.34098,2.4089,15.8704,15.5356,14.7033
2014-10-02,2025.75,169,7.57642,0.998896,96.8288,3,1.03423,0.963558,0.889605,1.17886,0.963558,15.9688,15.1611,15.6988
2014-10-03,2021.49,168,7.74317,0.647071,97.2647,3,0.619651,0.674491,-0.0217369,1.26104,0.674491,15.722,14.9865,16.5562
2014-10-06,2026.2,170,7.7423,0.316415,97.2333,3,0.632831,0,0.0101783,1.25548,0,15.2019,15.216,16.8153
2014-10-07,2028.03,176,7.74369,0.618328,97.0584,3,0.562165,0.674491,-0.129104,1.25343,0.674491,14.4811,15.7014,16.8759
2014-10-08,2026.9,176,7.10985,0.27068,96.4608,3,0.54136,0,0.169462,0.913258,0,13.9482,16.1563,16.3563
2014-10-09,2040.31,173,7.11014,0.594887,95.8221,3,0.80435,0.385423,0.702647,0.906054,0.385423,12.9389,16.5272,16.3561
2014-10-10,2041.71,176,7.11484,0.865178,95.2914,3,0.95951,0.770847,1.01411,0.904912,0.770847,12.0831,16.869,16.3393
2014-10-13,2052.96,176,6.91944,0.827099,94.3718,3,1.07606,0.578135,1.35295,0.79918,0.578135,11.1155,17.2733,15.9831
2014-10-14,2052.96,185,6.68147,0.912623,94.0475,3,0.958044,0.867202,1.24439,0.671702,0.867202,10.3347,17.1057,16.6071
2014-10-15,2049.66,184,6.35577,0.791173,94.349,3,0.8115,0.770847,1.1247,0.498297,0.770847,10.4651,16.3409,17.543
2014-10-16,2057.7,179,6.28867,0.610358,94.6422,3,0.64258,0.578135,0.821703,0.463457,0.578135,10.987,15.7103,17.9449
2014-10-17,2074.4,173,6.58719,0.418614,94.8646,3,1.1263,-0.289067,1.64018,0.612412,-0.289067,12.2085,15.2312,17.4248
2014-10-20,2064.43,175,6.65599,0.232373,95.236,3,0.561101,-0.0963558,0.488844,0.633358,-0.0963558,13.4525,14.5969,17.1866
2014-10-21,2065.82,176,5.36407,-0.307949,94.4613,3,0.251304,-0.867202,0.56388,-0.0612722,-0.867202,14.0751,13.744,16.6422
2014-10-22,2048.44,173,6.466,-0.447287,93.028,3,0.165341,-1.05991,-0.196988,0.527669,-1.05991,13.8482,13.4781,15.7016
2014-10-23,2049.9,168,6.33129,-0.529518,90.4453,3,-0.0473006,-1.01174,-0.551537,0.456935,-1.01174,13.0581,13.341,14.0462
2014-10-24,2053.39,173,6.05207,-0.214613,87.2004,3,-0.477403,0.0481779,-1.25565,0.300841,0.0481779,10.9886,12.9278,13.284
2014-10-27,2065.38,176,6.29663,0.161585,83.3488,3,0.178637,0.144534,-0.0746138,0.431887,0.144534,8.96452,12.8717,11.5125
2014-10-28,2069.72,171,6.29252,-0.0900046,79.2504,3,0.253592,-0.433601,0.0817594,0.425425,-0.433601,7.80364,12.6804,8.7664
2014-10-29,2055.43,168,6.74593,0.0132189,73.8908,3,0.460039,-0.433601,0.248078,0.672,-0.433601,7.25286,12.5942,4.04368
2014-10-30,2044.55,173,7.07145,0.347728,71.826,3,0.213677,0.481779,-0.420125,0.847478,0.481779,6.15702,12.4472,3.22184
2014-10-31,2050.52,172,7.05428,0.0889645,69.996,3,0.274285,-0.0963558,-0.285301,0.83387,-0.0963558,5.97483,12.1752,1.84591
2014-11-03,2061.92,172,7.24185,-0.0374398,68.8085,3,0.310544,-0.385423,-0.313704,0.934792,-0.385423,5.71087,11.9486,1.14904
2014-11-04,2061.92,174,7.24846,0.242211,67.5245,3,0.195354,0.289067,-0.544789,0.935497,0.289067,5.35895,11.7212,0.444377
2014-11-05,2076.99,173,7.57638,0.776759,69.247,3,1.07174,0.481779,1.03134,1.11214,0.481779,6.10799,11.8158,1.32318
2014-11-06,2081.24,169,7.31604,0.505791,68.9467,3,1.397,-0.385423,1.83285,0.961157,-0.385423,7.15247,11.8825,-0.0883331
2014-11-07,2086.86,173,7.33962,0.739545,68.521,3,1.38273,0.0963558,1.79159,0.973878,0.0963558,7.88014,11.9684,-1.32751
2014-11-10,2103.25,170,7.56778,0.686157,68.0406,3,1.56503,-0.192712,2.03135,1.0987,-0.192712,8.52089,12.2689,-2.74922
2014-11-11,2103.12,170,7.56912,0.585569,66.9141,3,1.55656,-0.385423,2.0172,1.09592,-0.385423,9.27473,12.7177,-5.07831
2014-11-12,2103.12,169,7.51107,0.378952,65.4723,3,1.14333,-0.385423,1.22717,1.05948,-0.385423,9.41989,13.3078,-7.25538
2014-11-13,2115.59,168,7.63612,0.644551,65.5928,3,1.38546,-0.0963558,1.64638,1.12454,-0.0963558,10.1822,13.9164,-8.50576
2014-11-14,2133.03,172,7.65097,0.794623,66.9071,3,1.6856,-0.0963558,2.24386,1.12735,-0.0963558,10.6905,14.3244,-8.1077
2014-11-17,2160.47,173,8.28062,1.20711,70.2155,3,2.12515,0.289067,2.77555,1.47474,0.289067,12.6196,14.8838,-7.28793
2014-11-18,2160.47,175,8.3013,1.30184,75.3209,3,2.12189,0.481779,2.76766,1.47613,0.481779,14.2003,15.8089,-4.6882
2014-11-19,2158.58,173,7.39361,1.09935,79.7464,3,1.81328,0.385423,2.66989,0.956667,0.385423,16.1672,15.6378,-2.05852
2014-11-20,2156.73,176,7.46792,1.11594,83.892,3,1.46104,0.770847,1.93003,0.992047,0.770847,17.5231,15.4221,0.946775
2014-11-21,2156.93,173,7.51357,0.563565,85.6444,3,1.03078,0.0963558,1.04857,1.01298,0.0963558,18.9857,15.6554,1.00326
2014-11-24,2142.02,173,8.09844,0.0659806,85.4363,3,0.131961,0,-1.07426,1.33818,0,18.2356,16.4268,0.773883
2014-11-25,2158.12,178,8.34509,0.445732,86.5764,3,0.602396,0.289067,-0.268863,1.47366,0.289067,17.6733,16.9987,1.90445
2014-11-26,2162.15,175,7.63837,0.370682,87.3021,3,0.548652,0.192712,0.0238465,1.07346,0.192712,17.3082,17.1302,2.8637
2014-11-27,2165.15,175,7.0762,0.206543,87.0188,3,0.509441,-0.0963558,0.263231,0.755651,-0.0963558,17.9193,17.1317,1.96779
2014-11-28,2165.15,175,7.14877,0.357127,87.5532,3,0.521543,0.192712,0.249417,0.793668,0.192712,18.1901,16.9609,2.40219
2014-12-01,2206.19,181,9.11505,1.61102,90.5013,3,2.4512,0.770847,3.01473,1.88767,0.770847,19.7175,16.7955,3.98827
2014-12-02,2252.36,175,10.8884,1.57348,92.4786,3,3.43602,-0.289067,4,2.87204,-0.289067,22.0596,17.4235,2.99553
2014-12-03,2293.47,175,11.8945,1.85743,93.8392,3,3.71485,0,4,3.4297,0,23.2586,18.352,2.22863
2014-12-04,2286.03,178,12.2107,2.04437,95.4354,3,3.79966,0.289067,4,3.59933,0.289067,23.3988,19.06,2.97659
2014-12-05,2284.24,181,12.3478,2.20414,96.6281,3,3.83015,0.578135,4,3.66031,0.578135,23.5199,19.6999,3.40831
2014-12-08,2304.12,194,12.3813,2.54336,97.7595,3,3.83409,1.25263,4,3.66817,1.25263,23.0779,19.8539,4.82763
2014-12-09,2304.12,199,12.3782,2.62742,98.616,3,2.9423,2.31254,2.22076,3.66383,2.31254,21.515,19.773,7.32795
2014-12-10,2350.01,212,13.3547,3.37259,99.358,3,3.18002,3.56517,2.36003,4,3.56517,19.8665,19.1592,10.3323
2014-12-11,2381.96,218,13.6507,3.92712,99.7463,3,4,3.85423,4,4,3.85423,18.7781,18.3667,12.6014
2014-12-12,2423.56,230,14.2229,4,99.9061,3,4,4,4,4,4,17.6545,17.7112,14.5405
2014-12-15,2405.31,239,14.8292,4,99.9632,3,4,4,4,4,4,16.7092,17.2219,16.0321
2014-12-16,2414.39,253,14.7081,4,99.9861,3,4,4,4,4,4,15.9348,16.8362,17.215
2014-12-17,2446.35,235,14.7373,3.08055,99.9934,3,3.94491,2.21618,3.88982,4,2.21618,15.5287,16.9557,17.509
2014-12-18,2412.79,207,16.2108,0.747118,99.9924,3,2.55415,-1.05991,1.1083,4,-1.05991,15.4136,18.0627,16.5161
2014-12-19,2334.98,197,21.1437,-1.5797,99.983,3,0.0203494,-3.17974,-3.9593,4,-3.17974,14.6219,20.0892,15.272
2014-12-22,2297.14,194,22.0315,-2,99.9645,3,0,-4,-4,4,-4,14.437,22.1937,13.3338
2014-12-23,2316.93,187,22.061,-2,99.9189,3,0,-4,-4,4,-4,14.0812,24.7766,11.061
2014-12-24,2342.57,188,22.2066,-2,99.8278,3,0,-4,-4,4,-4,13.5059,27.8416,8.48031
2014-12-25,2346.9,188,22.2,-0.640874,99.7772,3,0.549012,-1.83076,-2.90198,4,-1.83076,12.5517,29.9645,7.26101
2014-12-26,2346.9,187,22.2,0.597341,99.7928,3,2.15824,-0.963558,0.31648,4,-0.963558,12.4829,31.0655,6.24438
2014-12-29,2358.46,189,21.5133,1.35795,99.7763,3,3.19767,-0.481779,2.39535,4,-0.481779,12.3256,32.2045,5.24624
2014-12-30,2378.56,191,20.6231,1.7875,99.7903,3,3.18957,0.385423,2.37915,4,0.385423,11.5667,32.4523,5.77128
2014-12-31,2392.46,196,19.8568,1.85259,99.79,3,2.93433,0.770847,1.86867,4,0.770847,10.6819,32.6946,6.41353
2015-01-01,2392.46,196,19.7737,1.80767,99.7745,3,2.84449,0.770847,1.68898,4,0.770847,9.79495,33.113,6.86657
2015-01-02,2392.46,202,19.7596,2.14491,99.7705,3,2.84449,1.44534,1.68898,4,1.44534,8.84312,33.3191,7.60819
2015-01-05,2383.37,221,19.7238,2.75182,99.7844,3,2.42025,3.08339,0.84049,4,3.08339,7.46571,33.234,9.08465
2015-01-06,2412.82,227,20.063,3.03586,99.8095,3,2.60291,3.46881,1.20582,4,3.46881,6.95069,32.9401,9.91866
2015-01-07,2452.11,221,19.6887,2.75263,99.7702,3,3.09636,2.4089,2.19272,4,2.4089,7.02029,33.603,9.14692
2015-01-08,2434.31,215,19.4771,2.28449,99.6285,3,2.73822,1.83076,1.47645,4,1.83076,6.29225,35.4745,7.8618
2015-01-09,2405.03,220,19.0201,1.94382,99.3435,3,2.15323,1.7344,0.306461,4,1.7344,4.99475,38.0683,6.28046
2015-01-12,2406.71,231,18.8319,1.66621,98.7995,3,2.36886,0.963558,0.737726,4,0.963558,3.74123,41.3732,3.68501
2015-01-13,2406.71,235,18.7801,1.26331,97.6985,3,1.78235,0.744266,-0.435293,4,0.744266,1.60047,45.747,0.351068
2015-01-14,2442.03,240,18.9197,1.68064,96.8641,3,1.70768,1.65359,-0.584636,4,1.65359,-1.00918,48.1812,-0.307913
2015-01-15,2438.79,245,18.2247,2.26363,97.7587,3,1.99792,2.52934,-0.00416181,4,2.52934,-1.58748,45.55,3.79617
2015-01-16,2398.91,242,14.8861,1.81999,99.0138,3,1.78513,1.85485,-0.429732,4,1.85485,0.372822,40.2255,8.4154
2015-01-19,2383.91,242,13.6796,1.18731,99.5812,3,1.4472,0.927425,-1.10561,4,0.927425,1.63544,35.9847,11.961
2015-01-20,2383.91,241,13.4574,0.956805,99.8246,3,1.4499,0.463712,-1.10021,4,0.463712,2.66796,32.6573,14.4993
2015-01-21,2373.44,242,13.1094,0.328315,99.9161,3,0.530163,0.126467,-2.91981,3.98014,0.126467,2.89381,30.3903,16.632
2015-01-22,2361.54,238,13.2528,-0.111742,99.9295,3,0.366696,-0.590179,-3.26661,4,-0.590179,2.7123,29.9164,17.3008
2015-01-23,2370.75,230,13.3125,0.167209,99.9188,3,1.34615,-1.01174,-1.30769,4,-1.01174,2.13181,30.3006,17.4864
2015-01-26,2386.5,231,13.4011,0.517577,99.8934,3,1.96258,-0.927425,-0.0748405,4,-0.927425,1.22666,31.078,17.5887
2015-01-27,2386.28,231,13.0727,0.543925,99.8423,3,1.93096,-0.843113,-0.0820826,3.94401,-0.843113,0.280903,32.2747,17.2866
2015-01-28,2381.11,238,12.9203,0.828817,99.7843,3,1.99488,-0.337245,0.132434,3.85732,-0.337245,-0.434133,33.284,16.9345
2015-01-29,2362.42,232,13.2008,0.712103,99.7015,3,1.93007,-0.505868,-0.139853,4,-0.505868,-1.24067,34.4954,16.4468
2015-01-30,2397.35,229,14.2782,1.18339,99.6064,3,2.45108,-0.0843113,0.902167,4,-0.0843113,-1.63246,35.6212,15.6177
2015-02-02,2441.1,219,15.5419,0.996562,99.3605,3,3.00486,-1.01174,2.00972,4,-1.01174,-1.17945,37.8355,12.7044
2015-02-03,2407.29,212,15.8465,0.367528,98.7267,3,2.33697,-1.60192,0.673942,4,-1.60192,-1.57479,41.6174,8.68404
2015-02-04,2374.72,218,15.3079,0.0483645,97.5895,3,1.78296,-1.68623,-0.434088,4,-1.68623,-3.25303,45.9696,4.873
2015-02-05,2381.91,214,15.2376,0.397759,96.3674,3,2.31312,-1.5176,0.626244,4,-1.5176,-4.01352,49.2931,1.08773
2015-02-06,2384.53,212,14.6826,0.110473,94.7341,3,1.65424,-1.43329,-0.691521,4,-1.43329,-4.95081,52.7073,-3.02238
2015-02-09,2384.76,212,14.678,0.0956574,92.9129,3,0.781494,-0.590179,-2.43701,4,-0.590179,-7.4527,55.7322,-5.3666
2015-02-10,2371.31,218,14.7915,0.845698,92.3553,3,1.18553,0.505868,-1.62894,4,0.505868,-8.40747,56.5456,-5.78286
2015-02-11,2380.79,217,13.7813,0.977438,91.3418,3,2.03919,-0.0843113,0.0783743,4,-0.0843113,-8.1303,57.9186,-8.44659
2015-02-12,2416.61,214,14.933,1.30635,89.805,3,2.6127,0,1.2254,4,0,-7.47098,59.7856,-12.5097
2015-02-13,2401.03,207,13.8937,0.905543,88.1601,3,2.24624,-0.435155,0.492482,4,-0.435155,-6.98042,61.5538,-16.4133
2015-02-16,2376.23,207,14.2145,0.651354,87.113,3,1.73786,-0.435155,-0.524273,4,-0.435155,-6.6405,62.5772,-18.8236
2015-02-17,2376.23,199,14.2145,0.178619,85.4812,3,2.01083,-1.65359,0.0216579,4,-1.65359,-5.89509,64.0385,-22.6622
2015-02-18,2416.37,206,15.3178,0.834501,86.5577,3,2.62634,-0.957342,1.25269,4,-0.957342,-2.50829,63.1073,-24.0413
2015-02-19,2429.71,201,15.2337,0.519433,87.8216,3,2.17027,-1.1314,0.340541,4,-1.1314,0.337724,61.908,-24.4242
2015-02-20,2445.16,197,15.3109,0.957527,89.2831,3,2.78537,-0.870311,1.57073,4,-0.870311,2.50749,60.3849,-23.6092
2015-02-23,2455.54,202,15.2292,1.50957,90.9329,3,3.48431,-0.465166,2.96862,4,-0.465166,4.65656,58.4531,-22.1767
2015-02-24,2489.81,204,15.8378,2.24089,93.3062,3,4,0.481779,4,4,0.481779,7.21374,55.1828,-19.0903
2015-02-25,2500.59,201,15.7719,1.53308,94.1369,3,3.54794,-0.481779,3.09588,4,-0.481779,9.03315,53.9181,-18.8143
2015-02-26,2489.41,196,15.5208,1.31846,94.7853,3,3.07052,-0.433601,2.14103,4,-0.433601,10.3426,52.7563,-18.3136
2015-02-27,2484.58,199,14.9175,1.45776,95.0594,3,2.67464,0.24089,1.34927,4,0.24089,10.5324,52.235,-17.708
2015-03-02,2496.99,194,13.6938,0.993821,95.0567,3,2.71031,-0.722669,1.42062,4,-0.722669,10.1487,52.2402,-17.3322
2015-03-03,2522.03,197,12.8041,0.899461,95.5554,3,2.37706,-0.578135,1.04949,3.70463,-0.578135,10.1946,51.0491,-15.6884
2015-03-04,2555.08,201,11.8598,1.28796,96.561,3,2.52774,0.0481779,1.88125,3.17424,0.0481779,11.1575,48.2705,-12.867
2015-03-05,2565.9,207,11.8589,1.99847,97.5753,3,2.93702,1.05991,2.70304,3.17101,1.05991,11.7134,45.0154,-9.15359
2015-03-06,2543.47,209,12.6412,1.87812,98.3909,3,2.8259,0.930332,2.04577,3.60604,0.930332,12.4527,41.9594,-6.0212
2015-03-09,2565.61,214,12.7256,2.44056,99.1021,3,3.02046,1.86066,2.38915,3.65177,1.86066,13.833,38.367,-3.09783
2015-03-10,2592.86,226,12.4511,2.83021,99.4711,3,2.96245,2.69796,2.42836,3.49654,2.69796,14.7798,35.5512,-0.859939
2015-03-11,2618.79,226,12.5998,2.58733,99.664,3,2.84882,2.32583,2.11956,3.57808,2.32583,14.8889,33.4767,1.29839
2015-03-12,2633.65,220,12.0239,1.97755,99.7236,3,2.74567,1.20943,2.23752,3.25381,1.20943,14.9956,32.4213,2.30671
2015-03-13,2610.08,228,12.3523,2.29431,99.8178,3,2.82098,1.76763,2.20834,3.43362,1.76763,15.0406,30.7662,4.01102
2015-03-16,2661.52,235,12.2379,2.61458,99.9017,3,3.27546,1.9537,3.21221,3.33871,1.9537,15.5925,28.6928,5.61631
2015-03-17,2675.08,238,12.0573,2.02833,99.9467,3,2.94025,1.1164,2.69504,3.18547,1.1164,15.7386,26.8682,7.33993
2015-03-18,2677.97,238,11.4591,1.72782,99.9607,3,2.33924,1.1164,1.8601,2.81837,1.1164,15.5584,25.7711,8.63117
2015-03-19,2651.49,235,12.6436,1.63947,99.9735,3,1.92996,1.34898,0.419139,3.44078,1.34898,15.1082,24.7875,10.0777
2015-03-20,2613.38,232,14.2679,1.15803,99.9753,3,1.95633,0.359728,-0.0873325,4,0.359728,14.4567,24.652,10.8666
2015-03-23,2587.71,232,15.0082,0.165571,99.9604,3,0.600938,-0.269796,-2.79812,4,-0.269796,12.9525,25.589,11.4188
2015-03-24,2587.71,231,14.4268,-0.13088,99.9122,3,0.367765,-0.629525,-3.26447,4,-0.629525,11.1065,27.4185,11.3871
2015-03-25,2526.79,228,17.0316,-0.449661,99.8353,3,0,-0.899321,-4,4,-0.899321,8.92717,29.1434,11.7647
2015-03-26,2535.55,223,16.9554,-0.522186,99.7134,3,0,-1.04437,-4,4,-1.04437,6.82991,30.9252,11.9583
2015-03-27,2551.3,225,17.0191,0.0962078,99.5762,3,0.801633,-0.609217,-2.39673,4,-0.609217,5.46072,32.3659,11.7495
2015-03-30,2556.85,220,16.9682,0.172365,99.4674,3,1.35647,-1.01174,-1.28707,4,-1.01174,4.36197,33.2887,11.8167
2015-03-31,2576.05,222,16.8191,0.471178,99.4013,3,1.70116,-0.758802,-0.597685,4,-0.758802,3.65266,33.9252,11.8234
2015-04-01,2598.36,225,16.4733,1.46123,99.4289,3,3.17539,-0.252934,2.35078,4,-0.252934,3.8502,34.1077,11.471
2015-04-02,2576.41,218,16.7424,1.1048,99.2737,3,2.63116,-0.421557,1.26233,4,-0.421557,3.27764,35.5899,10.4063
2015-04-03,2576.41,221,16.4041,1.00519,99.0875,3,2.34763,-0.337245,0.695263,4,-0.337245,2.70903,36.9057,9.47271
2015-04-06,2576.41,213,16.128,0.829168,98.6319,3,2.24852,-0.590179,0.497031,4,-0.590179,1.87387,39.3017,7.45632
2015-04-07,2522.71,217,17.2997,0.262226,97.5039,3,0.959607,-0.435155,-2.08079,4,-0.435155,-0.55338,43.4926,4.56463
2015-04-08,2518.05,217,16.7745,-0.0991514,95.5772,3,0.497946,-0.696249,-3.00411,4,-0.696249,-3.88972,48.2944,1.17254
2015-04-09,2490.9,214,16.8028,0.0219573,93.5303,3,0.403643,-0.359728,-3.19271,4,-0.359728,-7.90164,52.3286,-0.896643
2015-04-10,2494.77,215,16.703,-0.0379908,90.2056,3,0.482218,-0.558199,-3.03556,4,-0.558199,-12.4564,57.0917,-4.42975
2015-04-13,2516.08,215,15.1877,0.528668,86.2976,3,0.864625,0.192712,-2.27075,4,0.192712,-17.6495,61.4715,-7.52441
2015-04-14,2537.33,217,15.4605,1.08023,84.2089,3,2.16046,0,0.32092,4,0,-20.0747,63.8376,-9.55404
2015-04-15,2550.83,217,15.667,1.23726,83.05,3,2.47451,0,0.949028,4,0,-21.0999,65.6795,-11.5295
2015-04-16,2534.63,219,15.4905,1.57526,82.8944,3,2.66875,0.481779,1.33749,4,0.481779,-20.3758,66.2561,-12.9859
2015-04-17,2493.93,225,15.6803,1.4103,83.5006,3,1.89027,0.930332,-0.219456,4,0.930332,-20.3458,65.8052,-11.9588
2015-04-20,2495.01,223,15.4487,1.12795,85.6836,3,1.53644,0.719457,-0.927118,4,0.719457,-18.3024,64.0402,-10.0542
2015-04-21,2487.07,217,15.4402,0.517368,87.0389,3,1.03474,0,-1.93053,4,0,-16.9058,62.8185,-8.87376
2015-04-22,2469.03,210,13.3057,-0.221348,87.4944,3,0.208536,-0.651232,-3.00945,3.42652,-0.651232,-16.0162,61.9359,-8.42535
2015-04-23,2488.5,212,13.5962,0.107335,88.6919,3,0.889161,-0.674491,-1.7733,3.55163,-0.674491,-14.0026,60.3907,-7.69612
2015-04-24,2471.21,211,13.4832,-0.042581,88.4352,3,1.26382,-1.34898,-0.963376,3.49102,-1.34898,-12.9632,60.2645,-8.86615
2015-04-27,2461.17,212,13.4339,0.00443938,88.1191,3,1.06879,-1.05991,-1.32404,3.46163,-1.05991,-13.06,60.1664,-8.98725
2015-04-28,2419.81,207,13.958,-0.14332,86.9105,3,0.62874,-0.91538,-2.46139,3.71887,-0.91538,-14.7747,61.0898,-9.40459
2015-04-29,2393.42,208,13.4949,0.135481,84.0212,3,0.367319,-0.0963558,-2.75038,3.48502,-0.0963558,-19.5241,63.0624,-9.51706
2015-04-30,2388.06,213,13.4081,0.0579134,81.4652,3,-0.0768849,0.192712,-3.59034,3.43657,0.192712,-24.1575,64.3767,-8.75401
2015-05-01,2393.58,212,13.5193,0.262393,79.5059,3,0.332074,0.192712,-2.81328,3.47742,0.192712,-27.6115,65.1265,-8.00914
2015-05-04,2393.58,208,13.5193,0.102812,77.4758,3,0.494692,-0.289067,-2.47047,3.45985,-0.289067,-30.6639,65.7601,-7.62044
2015-05-05,2408.17,208,12.2653,0.665853,78.6176,3,1.13899,0.192712,-0.550764,2.82875,0.192712,-29.0631,64.1479,-6.46712
2015-05-06,2386.72,200,12.4857,0.299061,79.7104,3,1.27261,-0.674491,-0.382723,2.92795,-0.674491,-26.5493,62.629,-6.36917
2015-05-07,2362.41,209,12.4352,0.315397,80.4939,3,0.919861,-0.289067,-1.05627,2.89599,-0.289067,-24.5461,61.2437,-6.20364
2015-05-08,2369.23,205,12.5036,0.189356,81.0881,3,0.956846,-0.578135,-1.00465,2.91834,-0.578135,-22.6928,59.983,-6.20205
2015-05-11,2360.58,200,11.7986,-0.0246553,79.6224,3,0.62518,-0.674491,-1.3115,2.56186,-0.674491,-22.1844,59.578,-7.77116
2015-05-12,2381.53,209,11.855,0.47011,77.9302,3,0.747508,0.192712,-1.07132,2.56633,0.192712,-23.7112,59.1898,-7.54834
2015-05-13,2386.77,206,11.609,0.90582,76.9781,3,1.13715,0.674491,-0.13288,2.40718,0.674491,-24.8328,58.2358,-6.42497
2015-05-14,2377.87,209,11.5548,0.74149,74.4845,3,1.38663,0.0963558,0.415215,2.35804,0.0963558,-26.0887,57.7965,-7.22334
2015-05-15,2389.49,212,10.8075,1.03131,73.306,3,1.29177,0.770847,0.579671,2.00387,0.770847,-25.5643,56.4326,-7.56226
2015-05-18,2417.01,206,11.816,1.41794,74.2102,3,2.16139,0.674491,1.84098,2.4818,0.674491,-22.9556,54.7663,-7.60039
2015-05-19,2417.01,209,11.8129,0.941666,75.504,3,1.78698,0.0963558,1.0936,2.48035,0.0963558,-20.0886,52.9581,-7.36552
2015-05-20,2475.45,208,14.6147,1.81608,81.202,3,3.34309,0.289067,2.87798,3.80819,0.289067,-14.2029,50.8469,-5.4419
2015-05-21,2503.37,207,14.8963,1.93723,85.5528,3,3.97082,-0.0963558,4,3.94165,-0.0963558,-8.88189,48.6845,-4.24977
2015-05-22,2489.39,206,14.8152,1.54367,88.7283,3,3.56912,-0.481779,3.23501,3.90323,-0.481779,-5.25562,46.7083,-2.72439
2015-05-25,2500.22,206,14.7819,1.67736,91.5009,3,3.25837,0.0963558,2.6293,3.88744,0.0963558,-2.11527,44.5223,-0.906108
2015-05-26,2500.22,213,13.2274,1.67994,93.9032,3,2.8781,0.481779,2.60547,3.15074,0.481779,1.45472,41.4018,1.04671
2015-05-27,2542.53,216,13.3877,1.74139,95.5467,3,2.61557,0.867202,2.00445,3.22668,0.867202,4.41925,38.905,2.22248
2015-05-28,2548.13,219,13.2482,1.73598,96.8621,3,2.21933,1.25263,1.27811,3.16056,1.25263,7.08702,36.4088,3.36623
2015-05-29,2549.97,220,13.275,1.96285,97.8494,3,2.48035,1.44534,1.78744,3.17327,1.44534,9.25662,34.015,4.57772
2015-06-01,2533.79,217,13.6628,1.64863,98.5053,3,2.14098,1.15627,0.92487,3.35709,1.15627,10.5585,32.0779,5.86886
2015-06-02,2549.29,213,13.6635,1.24159,98.7012,3,2.38682,0.0963558,1.41622,3.35742,0.0963558,11.3679,31.6873,5.64596
2015-06-03,2554.44,212,12.9436,0.666778,98.8143,3,1.62262,-0.289067,0.229049,3.0162,-0.289067,11.5329,31.3124,5.96899
2015-06-04,2571.92,223,11.9377,1.0265,99.0091,3,1.57121,0.481779,0.602927,2.5395,0.481779,12.0756,30.34,6.59351
2015-06-05,2588.56,220,11.9507,0.94821,99.1856,3,1.80006,0.0963558,1.05447,2.54566,0.0963558,12.7612,29.3465,7.07787
2015-06-08,2623.66,225,11.9603,1.72702,99.4915,3,2.58684,0.867202,2.62349,2.5502,0.867202,13.8158,27.598,8.07772
2015-06-09,2623.66,228,12.0233,1.94506,99.6647,3,2.34843,1.54169,2.11681,2.58004,1.54169,14.5394,26.2591,8.86622
2015-06-10,2569.17,229,15.1178,1.91535,99.7505,3,2.14448,1.68623,0.288963,4,1.68623,14.2423,26.0746,9.43361
2015-06-11,2523,227,16.8227,0.772479,99.7528,3,1.15954,0.385423,-1.68093,4,0.385423,13.3404,26.7435,9.66887
2015-06-12,2538.55,227,16.8478,0.911566,99.7438,3,1.14864,0.674491,-1.70272,4,0.674491,12.4225,27.6966,9.62479
2015-06-15,2535.91,230,16.601,0.531238,99.668,3,0.580696,0.481779,-2.83861,4,0.481779,10.743,29.1832,9.74178
2015-06-16,2535.91,235,16.601,0.628914,99.6367,3,0.583338,0.674491,-2.83332,4,0.674491,9.11919,30.162,10.3556
2015-06-17,2531.72,236,14.5669,0.954963,99.5366,3,1.23544,0.674491,-1.31467,3.78554,0.674491,7.47981,31.0439,11.0129
2015-06-18,2550.43,223,14.2741,0.889191,99.3821,3,2.16381,-0.385423,0.680815,3.6468,-0.385423,6.18826,32.0483,11.1456
2015-06-19,2528.85,227,14.4854,0.820377,99.2504,3,1.64075,0,-0.465432,3.74694,0,4.55533,32.7963,11.8987
2015-06-22,2548.2,223,14.6383,0.670931,99.0262,3,2.01635,-0.674491,0.213332,3.81937,-0.674491,3.50884,33.9584,11.5589
2015-06-23,2537.68,217,14.7471,0.0727114,98.5464,3,1.87983,-1.7344,-0.11132,3.87097,-1.7344,2.27389,36.3785,9.89405
2015-06-24,2550.74,221,13.6023,0.214842,97.9148,3,1.87502,-1.44534,0.421659,3.32839,-1.44534,1.51451,38.5374,7.86282
2015-06-25,2566.66,224,13.7563,0.975138,97.5215,3,1.85392,0.0963558,0.329636,3.37821,0.0963558,1.00874,39.764,6.74877
2015-06-26,2556.21,222,13.8449,0.774841,96.7843,3,2.03146,-0.481779,0.675429,3.38749,-0.481779,0.381479,41.6819,4.72095
2015-06-29,2585.11,235,14.1578,1.68327,96.8081,3,2.21028,1.15627,0.956807,3.46374,1.15627,0.400284,41.693,4.7149
2015-06-30,2585.11,233,14.0316,1.92778,97.2506,3,2.31388,1.54169,1.28169,3.34607,1.54169,0.311012,40.6405,6.2991
2015-07-01,2598.68,224,14.118,1.30402,97.6145,3,2.31898,0.289067,1.28974,3.34822,0.289067,0.913876,39.8833,6.81724
2015-07-02,2626.8,223,14.4053,1.22323,97.7183,3,2.54281,-0.0963558,1.64187,3.44374,-0.0963558,1.50052,40.1103,6.1075
2015-07-03,2623.91,223,14.2791,1.36039,97.9235,3,2.62442,0.0963558,1.8709,3.37795,0.0963558,1.93697,39.9714,6.01508
2015-07-06,2642.97,235,13.6983,1.16721,97.6407,3,2.33441,0,1.55595,3.11288,0,1.36456,41.131,5.14514
2015-07-07,2665.41,241,13.9939,1.74769,97.5336,3,2.72454,0.770847,2.21153,3.23755,0.770847,1.42935,41.8131,4.2912
2015-07-08,2690.15,247,11.6766,2.28554,97.7313,3,2.3549,2.21618,2.5125,2.1973,2.21618,2.67843,40.2154,4.83747
2015-07-09,2690.79,240,8.90409,1.48027,98.0722,3,1.32249,1.63805,1.68783,0.957151,1.63805,4.48151,37.4858,6.10489
2015-07-10,2670.79,232,9.59419,1.04632,98.1319,3,1.22544,0.867202,1.19348,1.2574,0.867202,6.06093,35.7832,6.28776
2015-07-13,2667.37,230,9.60648,0.204376,97.9842,3,0.890531,-0.481779,0.528263,1.2528,-0.481779,8.01902,34.6798,5.28542
2015-07-14,2693.54,231,9.88688,0.014611,97.68,3,0.99278,-0.963558,0.624104,1.36146,-0.963558,10.183,33.966,3.53103
2015-07-15,2688.2,238,9.90828,-0.156756,97.031,3,0.553689,-0.867202,-0.24619,1.35357,-0.867202,11.2486,33.9427,1.83973
2015-07-16,2713.04,236,10.0361,0.267316,96.6065,3,0.920054,-0.385423,0.445928,1.39418,-0.385423,11.3669,33.3571,1.88253
2015-07-17,2727.23,237,9.07005,0.839293,96.6201,3,1.19681,0.481779,1.42678,0.966833,0.481779,12.5134,31.6376,2.4691
2015-07-20,2751.88,238,9.1601,1.1907,96.9769,3,1.61055,0.770847,2.21819,1.00292,0.770847,13.4751,29.3497,4.15216
2015-07-21,2751.88,242,8.79231,1.10202,97.5916,3,1.14412,1.05991,1.4467,0.841531,1.05991,13.8686,26.5065,7.21652
2015-07-22,2765.1,247,8.78758,1.1273,98.0453,3,1.38739,0.867202,1.94547,0.829306,0.867202,14.2571,24.2349,9.55318
2015-07-23,2790.26,258,8.93759,1.76371,98.3767,3,1.4076,2.11983,1.93479,0.880409,2.11983,14.7175,22.1898,11.4693
2015-07-24,2807.36,260,8.40517,1.76945,98.7252,3,1.32271,2.21618,2.00297,0.642442,2.21618,14.8847,19.9654,13.8751
2015-07-27,2857.46,269,9.3324,2.41581,98.9385,3,1.84459,2.98703,2.66649,1.02269,2.98703,15.3637,18.2026,15.3722
2015-07-28,2854.13,265,9.42413,2.01704,98.9623,3,1.81791,2.21618,2.57747,1.05835,2.21618,15.9707,16.9855,16.0061
2015-07-29,2855.44,254,9.55653,1.17476,98.9277,3,1.67503,0.674491,2.2466,1.10347,0.674491,16.5321,15.9227,16.473
2015-07-30,2855.32,246,9.41765,0.0667634,98.5716,3,1.2898,-1.15627,1.55184,1.02776,-1.15627,17.1934,15.3236,16.0547
2015-07-31,2866.04,250,9.21272,0.0881299,98.0665,3,1.13982,-0.963558,1.35922,0.920413,-0.963558,17.7317,14.6905,15.6443
2015-08-03,2862.51,259,9.35777,-0.261729,97.3257,3,0.440101,-0.963558,-0.0728745,0.953077,-0.963558,17.7396,14.222,15.3641
2015-08-04,2902.98,256,9.9051,0.130774,96.2156,3,1.12875,-0.867202,1.07781,1.17969,-0.867202,18.1267,13.8173,14.2716
2015-08-05,2906.95,249,9.77451,0.324887,94.3934,3,1.13155,-0.481779,1.13748,1.12562,-0.481779,18.5489,14.1234,11.7211
2015-08-06,2945.97,259,10.2232,1.48952,94.4034,3,1.7264,1.25263,2.1414,1.31141,1.25263,18.8458,14.3554,11.2022
2015-08-07,2955.31,265,9.21645,1.47074,94.8468,3,1.49615,1.44534,2.09773,0.894565,1.44534,19.1549,13.8989,11.793
2015-08-10,2955.31,263,9.1101,0.944251,95.5525,3,1.50308,0.385423,2.17288,0.833279,0.385423,19.7001,13.2613,12.5911
2015-08-11,2913.45,276,11.2332,1.40092,96.6643,3,0.874719,1.92712,0.0652934,1.68414,1.92712,18.3809,12.7988,15.4846
2015-08-12,2943.97,269,11.2308,1.56625,97.7166,3,1.20538,1.92712,0.727549,1.6832,1.92712,17.8011,12.1961,17.7194
2015-08-13,2937.63,265,11.3295,0.616943,97.8918,3,0.65575,0.578135,-0.411503,1.723,0.578135,17.089,12.2247,18.5781
2015-08-14,2966.12,266,11.502,0.513483,97.7289,3,0.930609,0.0963558,0.0686949,1.79252,0.0963558,16.5213,12.8441,18.3635
2015-08-17,2983.12,270,11.3787,0.895898,97.5725,3,1.11731,0.674491,0.491803,1.74281,0.674491,15.7067,13.4119,18.4539
2015-08-18,2983.12,269,11.3787,0.482055,97.2139,3,1.6386,-0.674491,1.5344,1.74281,-0.674491,16.1234,14.2554,16.8351
2015-08-19,3003.35,281,11.4174,1.33187,97.3368,3,1.50747,1.15627,1.25653,1.75841,1.15627,15.598,14.6921,17.0467
2015-08-20,3027.2,287,11.3588,1.99055,97.4678,3,1.86128,2.11983,1.98775,1.7348,2.11983,15.4983,15.0655,16.904
2015-08-21,3053.65,296,11.4571,2.36606,97.7867,3,1.84145,2.89067,1.90847,1.77443,2.89067,15.106,15.3795,17.3012
2015-08-24,3102.6,310,11.1928,3.00681,98.0685,3,2.15938,3.85423,2.65088,1.66789,3.85423,14.7709,15.4059,17.8916
2015-08-25,3208.37,299,15.1095,3.25552,98.5614,3,3.62036,2.89067,4,3.24071,2.89067,14.8694,15.8798,17.8122
2015-08-26,3194.24,302,15.4356,2.85129,99.0537,3,3.67912,2.02347,4,3.35823,2.02347,14.8702,16.0717,18.1119
2015-08-27,3238.51,289,15.5431,1.9467,99.4246,3,3.70069,0.192712,4,3.40138,0.192712,15.0615,16.151,18.212
2015-08-28,3195.47,283,17.0331,1.14068,99.57,3,3.53398,-1.25263,3.06878,3.99917,-1.25263,15.2983,16.967,17.3047
2015-08-31,3101.1,277,21.0978,-0.666571,99.5185,3,1.8466,-3.17974,-0.3068,4,-3.17974,15.404,18.597,15.5175
2015-09-01,3079.97,287,21.082,-0.397872,99.443,3,0.360526,-1.15627,-3.27895,4,-1.15627,13.6571,20.2526,15.5332
2015-09-02,3093.64,286,21.0794,-0.427127,99.3174,3,0.687439,-1.54169,-2.62512,4,-1.54169,12.2202,22.1653,14.9319
2015-09-03,3142.34,289,21.2414,0.383168,99.0874,3,0.766336,0,-2.46733,4,0,10.4162,24.3886,14.2826
2015-09-04,3119.93,291,21.5589,0.88447,98.9399,3,0.998093,0.770847,-2.00381,4,0.770847,8.55421,26.4847,13.901
2015-09-07,3113.55,291,21.6053,1.68368,99.1228,3,2.01839,1.34898,0.0367725,4,1.34898,7.27371,27.3584,14.4907
2015-09-08,3113.55,284,20.7021,0.987304,99.0242,3,2.26368,-0.289067,0.527351,4,-0.289067,7.61409,28.9288,12.4813
2015-09-09,3138.46,279,20.6087,0.856884,98.8325,3,2.38826,-0.674491,0.776519,4,-0.674491,7.83653,30.8714,10.1246
2015-09-10,3105.4,281,21.1106,0.334001,98.7474,3,1.43885,-0.770847,-1.1223,4,-0.770847,7.54749,32.3749,8.82503
2015-09-11,3080.57,285,21.2791,0.414603,98.7164,3,1.40734,-0.578135,-1.18532,4,-0.578135,6.91975,33.6443,8.1523
2015-09-14,3012.96,284,22.8612,0.00195555,98.4048,3,0.678402,-0.674491,-2.6432,4,-0.674491,5.4579,35.9797,6.9672
2015-09-15,3032.59,271,22.9585,-0.162857,98.1416,3,0.926911,-1.25263,-2.14618,4,-1.25263,3.5552,38.0908,6.49558
2015-09-16,3025.28,265,22.8746,-0.385864,97.2543,3,0.577253,-1.34898,-2.84549,4,-1.34898,1.37313,41.9097,3.97149
2015-09-17,2989.04,266,23.0976,-0.452418,95.4086,3,0.540501,-1.44534,-2.919,4,-1.44534,-1.6588,47.3157,-0.248313
2015-09-18,2975.13,268,22.8673,-0.484039,92.1194,3,0.669972,-1.63805,-2.66006,4,-1.63805,-5.09247,53.9437,-6.73188
2015-09-21,2984.9,275,22.0313,0.342391,87.6615,3,1.55199,-0.867202,-0.89603,4,-0.867202,-8.31428,60.6642,-14.6884
2015-09-22,3001.68,294,17.9168,1.86947,84.7465,3,1.52275,2.21618,-0.954502,4,2.21618,-12.6773,63.8206,-16.3968
2015-09-23,3065.74,298,19.8946,2.75507,84.5284,3,2.33041,3.17974,0.660816,4,3.17974,-15.4251,64.5159,-14.5624
2015-09-24,3099.28,312,19.6149,3.55536,87.9065,3,3.11073,4,2.22146,4,4,-16.0851,61.977,-7.98552
2015-09-25,3135.17,315,19.7227,3.82446,92.3224,3,3.64892,4,3.29783,4,4,-14.5651,56.7473,0.140198
2015-09-28,3080.44,328,17.693,3.44416,96.565,3,2.88832,4,1.87024,3.9064,4,-11.231,48.8895,8.90655
2015-09-29,3096.98,329,17.6279,3.10964,98.4457,3,2.84683,3.37245,1.84579,3.84788,3.37245,-7.11151,42.8652,12.692
2015-09-30,3121.94,318,17.7859,2.15063,99.186,3,2.37414,1.92712,0.935292,3.81299,1.92712,-4.73562,38.9613,14.9603
2015-10-01,3086.75,310,17.305,0.665176,99.2442,3,1.52306,-0.192712,-0.521251,3.56738,-0.192712,-3.74511,38.3644,14.6248
2015-10-02,3061.85,310,17.3534,0.206172,99.0977,3,0.894123,-0.481779,-1.76096,3.54921,-0.481779,-3.71584,39.0762,13.7373
2015-10-05,3034.9,291,17.577,-1.18432,98.1704,3,1.19652,-3.56517,-1.19472,3.58777,-3.56517,-4.80304,43.1437,9.82975
2015-10-06,2971.15,289,18.935,-1.64397,96.7008,3,0.566299,-3.85423,-2.8674,4,-3.85423,-7.35663,47.5548,6.50267
2015-10-07,2913.74,284,19.4559,-1.63805,94.5182,3,0,-3.2761,-4,4,-3.2761,-11.2383,52.0961,3.66048
2015-10-08,2891.91,272,19.3423,-1.83076,91.8148,3,0,-3.66152,-4,4,-3.66152,-14.1922,56.2093,-0.202274
2015-10-09,2887.21,269,19.2796,-1.94995,87.8293,3,0.0506981,-3.95059,-3.8986,4,-3.95059,-17.4342,60.7138,-5.45038
2015-10-12,2855.74,269,18.1971,-1.13732,85.4857,3,-0.154803,-2.11983,-4,3.69039,-2.11983,-19.1288,62.5743,-7.95984
2015-10-13,2855.74,281,17.9066,-0.165675,85.4796,3,0.439497,-0.770847,-2.69365,3.57264,-0.770847,-19.5698,62.2364,-7.18705
2015-10-14,2910.7,282,19.5481,0.830042,87.9714,3,1.8528,-0.192712,-0.294407,4,-0.192712,-16.8938,60.0048,-5.13965
2015-10-15,2928.69,274,19.3656,1.23629,90.9082,3,2.27986,0.192712,0.559723,4,0.192712,-13.4485,56.8228,-2.46615
2015-10-16,2908.87,268,19.4332,1.01133,93.0322,3,2.11902,-0.0963558,0.238093,3.99994,-0.0963558,-10.7595,53.9878,-0.196127
2015-10-19,2879.89,273,19.6056,1.26783,94.1412,3,2.15023,0.385423,0.300464,4,0.385423,-9.60678,52.2495,1.49844
2015-10-20,2912.99,278,20.0019,1.10926,93.2412,3,2.5076,-0.289067,1.01519,4,-0.289067,-8.50548,53.6761,-1.92934
2015-10-21,2929.19,290,18.3632,1.30995,91.2409,3,1.84906,0.770847,0.166397,3.53172,0.770847,-9.29904,56.0731,-5.53315
2015-10-22,2966.68,290,18.5484,1.80689,88.2673,3,2.07208,1.54169,0.573293,3.57087,1.54169,-11.1124,59.0232,-9.64347
2015-10-23,2925.36,279,18.2597,1.40555,83.0723,3,1.75118,1.05991,0.115529,3.38683,1.05991,-14.5567,62.839,-15.2101
2015-10-26,2912.08,278,17.4899,1.11986,76.8723,3,1.75794,0.481779,0.45565,3.06024,0.481779,-16.6457,65.7739,-22.2559
2015-10-27,2918.21,284,17.3258,1.00389,70.3045,3,1.42964,0.578135,-0.129932,2.98921,0.578135,-19.1295,67.6953,-28.2612
2015-10-28,2950.87,279,17.6196,0.291956,63.8837,3,1.64383,-1.05991,0.218187,3.06946,-1.05991,-20.2961,68.7573,-34.5775
2015-10-29,2926.75,281,17.4532,0.0451276,61.6396,3,0.957458,-0.867202,-1.09066,3.00558,-0.867202,-20.9609,68.6669,-36.0664
2015-10-30,2921.32,283,17.3355,0.849384,63.9667,3,1.31334,0.385423,-0.327594,2.95428,0.385423,-19.4837,67.6588,-34.2085
2015-11-02,2897.83,281,17.2995,0.734944,70.5813,3,1.18082,0.289067,-0.544913,2.90655,0.289067,-18.3785,65.2538,-26.294
2015-11-03,2897.83,270,15.7962,-0.241317,75.0286,3,0.866348,-1.34898,-0.672946,2.40564,-1.34898,-15.9639,62.1736,-21.1811
2015-11-04,2825.25,272,16.7987,-0.401594,78.6312,3,-0.128697,-0.674491,-2.94394,2.68655,-0.674491,-14.6286,59.3887,-16.129
2015-11-05,2819.63,270,16.6517,-0.51843,82.1017,3,0.0230547,-1.05991,-2.54889,2.595,-1.05991,-12.9494,56.3189,-11.2678
2015-11-06,2853.32,271,17.2906,-0.327546,85.8694,3,0.501177,-1.15627,-1.69018,2.69253,-1.15627,-10.6155,52.7939,-6.30899
2015-11-09,2896.19,277,17.6676,0.425105,88.9515,3,1.23563,-0.385423,-0.26571,2.73698,-0.385423,-7.27727,49.6027,-3.37391
2015-11-10,2921.15,276,17.8835,1.04131,90.9785,3,1.50448,0.578135,0.265352,2.7436,0.578135,-4.83061,47.0783,-1.26918
2015-11-11,2935.86,276,16.6697,1.31352,91.7079,3,2.24163,0.385423,2.13552,2.34773,0.385423,-3.00309,45.1272,-0.416217
2015-11-12,2935.86,280,16.5317,1.6076,92.2373,3,2.25164,0.963558,2.24693,2.25634,0.963558,-1.76584,43.3182,0.68494
2015-11-13,3009.36,289,18.4571,2.30913,93.8873,3,2.88386,1.7344,3.01188,2.75583,1.7344,0.196741,40.5489,3.14167
2015-11-16,3073.23,285,19.1186,1.95333,94.6406,3,3.1358,0.770847,3.35281,2.9188,0.770847,2.21506,38.8492,3.57642
2015-11-17,3073.23,286,18.8992,1.89331,95.41,3,2.82307,0.963558,2.81425,2.83189,0.963558,3.31198,37.0079,5.09013
2015-11-18,3069.24,288,18.9176,1.88861,95.9188,3,2.62095,1.15627,2.42099,2.82092,1.15627,4.66465,35.7844,5.46972
2015-11-19,3108.7,286,18.9218,1.78087,95.897,3,2.9836,0.578135,3.16866,2.79854,0.578135,6.30765,35.331,4.25829
2015-11-20,3082.04,283,18.391,0.653848,95.2236,3,1.88583,-0.578135,1.17015,2.60151,-0.578135,7.16761,35.8051,2.25095
2015-11-23,3047.31,282,18.8919,0.341234,94.4357,3,0.971535,-0.289067,-0.748829,2.6919,-0.289067,6.56828,36.5812,1.28622
2015-11-24,3086.82,280,19.2631,0.398935,93.7554,3,1.376,-0.578135,0.00980003,2.74221,-0.578135,6.80696,37.2113,-0.262859
2015-11-25,3074.35,283,19.1466,0.379822,93.8581,3,1.24142,-0.481779,-0.148607,2.63145,-0.481779,6.53639,36.7976,0.524081
2015-11-26,3099.75,283,18.8656,0.378166,94.2352,3,1.0454,-0.289067,-0.417917,2.50872,-0.289067,6.91119,36.0293,1.29473
2015-11-27,3099.75,284,18.8153,0.688897,94.0558,3,1.28144,0.0963558,0.0878346,2.47504,0.0963558,7.23165,35.9126,0.911525
2015-11-30,3101.1,286,18.3909,0.975408,94.323,3,1.56539,0.385423,0.778745,2.35204,0.385423,8.05649,35.2337,1.03282
2015-12-01,3142.11,290,18.659,1.28056,95.8014,3,1.59756,0.963558,0.786043,2.40907,0.963558,8.54866,33.3433,3.90939
2015-12-02,3131.95,290,15.4019,0.929633,96.8234,3,1.18478,0.674491,0.829246,1.54031,0.674491,10.417,31.0556,5.35078
2015-12-03,3166.67,289,15.2937,0.895081,97.6742,3,1.21203,0.578135,0.978288,1.44577,0.578135,11.9062,28.8135,6.95451
2015-12-04,3149.12,290,15.624,0.822399,98.2167,3,1.06666,0.578135,0.649989,1.48334,0.578135,12.6958,26.9513,8.56963
2015-12-07,3179.22,304,15.2802,1.50558,98.6241,3,1.27675,1.7344,1.16409,1.38942,1.7344,12.957,25.1932,10.4738
2015-12-08,3287.03,308,18.3446,1.94934,98.9017,3,2.16427,1.7344,2.315,2.01355,1.7344,13.5833,24.0035,11.3149
2015-12-09,3287.03,308,18.4628,1.97216,99.0713,3,2.20992,1.7344,2.47539,1.94444,1.7344,13.435,23.2409,12.3954
2015-12-10,3294.02,315,18.3918,2.21524,99.207,3,1.92524,2.50525,1.95304,1.89743,2.50525,13.004,22.5683,13.6346
2015-12-11,3259.56,339,17.8158,2.84633,99.3121,3,1.69267,4,1.66534,1.71999,4,12.1152,21.6487,15.5481
2015-12-14,3299.36,335,16.9501,2.31019,99.3749,3,1.63335,2.98703,1.80764,1.45905,2.98703,11.2342,20.6898,17.4509
2015-12-15,3356,322,17.5438,1.27589,99.2627,3,1.20279,1.34898,0.880001,1.52559,1.34898,10.5456,20.5116,18.2055
2015-12-16,3328.08,322,18.0201,1.18068,99.1126,3,1.01238,1.34898,0.40881,1.61595,1.34898,9.81683,20.4363,18.8595
2015-12-17,3317.72,318,17.8818,0.561882,98.7909,3,0.834696,0.289067,0.113224,1.55617,0.289067,8.67528,20.7096,19.406
2015-12-18,3333.37,326,17.3259,-0.0373783,98.5668,3,1.17787,-1.25263,0.959473,1.39627,-1.25263,8.78459,20.5977,19.1846
2015-12-21,3337.68,326,16.407,-0.0846111,98.4117,3,0.69798,-0.867202,0.353019,1.04294,-0.867202,9.51684,20.0323,18.8626
2015-12-22,3332.7,321,16.2314,0.00138844,98.2541,3,0.0991327,-0.0963558,-0.67545,0.873715,-0.0963558,9.28195,19.3047,19.6675
2015-12-23,3307.24,317,16.513,-0.179282,98.01,3,0.123216,-0.481779,-0.637431,0.883862,-0.481779,9.20224,18.7306,20.0771
2015-12-24,3255.19,319,17.7921,-0.0195572,97.8192,3,-0.13547,0.0963558,-1.327,1.05606,0.0963558,8.82321,18.1846,20.8114
2015-12-25,3172.03,319,20.4387,-0.722848,97.0129,3,-0.771205,-0.674491,-3.00322,1.46082,-0.674491,7.45055,18.5548,21.0076
2015-12-28,3172.03,321,20.4413,-0.64878,95.7943,3,-0.815781,-0.481779,-3.0723,1.44074,-0.481779,5.46825,19.122,21.2041
2015-12-29,3180.87,308,19.9593,-0.998182,93.4387,3,-0.743739,-1.25263,-2.83482,1.34734,-1.25263,3.44362,20.0276,19.9675
2015-12-30,3155.22,312,20.1572,-0.610874,91.3385,3,-0.739969,-0.481779,-2.85122,1.37128,-0.481779,0.959698,20.9992,19.3796
2015-12-31,3149.47,317,19.7686,-0.289304,89.4091,3,-0.385897,-0.192712,-2.07506,1.30327,-0.192712,-1.30718,21.7283,18.988
2016-01-01,3149.47,317,19.6698,0.0573031,88.0079,3,0.307318,-0.192712,-0.658766,1.2734,-0.192712,-2.35148,22.0985,18.2609
2016-01-04,3149.47,322,19.3471,0.185237,85.2924,3,0.274118,0.0963558,-0.657816,1.20605,0.0963558,-3.91244,22.843,16.3619
2016-01-05,3213.24,316,16.6514,0.647644,82.2392,3,0.524441,0.770847,0.303908,0.744974,0.770847,-5.73281,22.6196,15.3524
2016-01-06,3203.86,329,16.6573,1.14368,80.1015,3,0.649305,1.63805,0.595584,0.703025,1.63805,-7.45587,22.0429,15.5145
2016-01-07,3250.69,342,17.5496,1.78294,78.9271,3,1.15699,2.4089,1.50215,0.811835,2.4089,-7.92168,21.3384,15.5104
2016-01-08,3287.28,352,17.6246,2.41574,77.7178,3,1.45902,3.37245,2.11635,0.801694,3.37245,-7.60848,20.7525,14.5738
2016-01-11,3268.37,351,17.1869,2.02752,76.9029,3,1.26071,2.79432,1.79637,0.725058,2.79432,-7.66613,20.2408,14.3282
2016-01-12,3268.37,362,15.9032,2.30733,79.7954,3,0.614653,4,0.684532,0.544774,4,-7.65312,18.9278,18.5207
2016-01-13,3246.51,378,15.8173,2.2503,82.5536,3,0.500597,4,0.47657,0.524624,4,-7.39171,17.5134,22.4319
2016-01-14,3235.45,374,15.8222,1.54238,84.8607,3,0.00137039,3.08339,-0.521401,0.524142,3.08339,-7.70851,16.2123,26.357
2016-01-15,3240.71,398,15.7056,1.86544,88.7345,3,-0.269111,4,-1.04436,0.506142,4,-8.81022,14.629,32.9157
2016-01-18,3293.94,398,16.9046,2.20943,92.393,3,0.41887,4,0.177605,0.660135,4,-8.28868,13.2857,37.396
2016-01-19,3293.94,402,16.9032,2.13552,94.9101,3,0.416807,3.85423,0.173989,0.659625,3.85423,-7.12738,12.1776,39.8598
2016-01-20,3297.46,418,16.7008,2.2357,96.9067,3,0.617163,3.85423,0.603487,0.630838,3.85423,-5.77748,10.9931,41.691
2016-01-21,3357.67,408,16.8123,2.24545,98.1418,3,1.21479,3.2761,1.78926,0.640328,3.2761,-3.59112,9.87965,41.8532
2016-01-22,3368.49,377,13.3276,-0.502455,98.2356,3,1.01856,-2.02347,1.8562,0.180923,-2.02347,-0.898709,9.09827,40.0361
2016-01-25,3281.74,382,16.858,-0.730418,98.2013,3,0.0808581,-1.54169,-0.479434,0.641151,-1.54169,0.523966,8.6861,38.9913
2016-01-26,3362.38,374,18.67,-0.918574,98.2348,3,0.860816,-2.69796,0.852911,0.868721,-2.69796,2.54376,8.39833,37.2927
2016-01-27,3375.8,369,18.2241,-1.54832,97.8056,3,0.903354,-4,1.00341,0.803295,-4,4.82055,8.37178,34.6132
2016-01-28,3366.63,369,18.2608,-1.70913,96.9899,3,0.339615,-3.75788,-0.123574,0.802805,-3.75788,6.2479,8.52445,32.2176
2016-01-29,3302.92,378,19.9084,-0.0324548,96.9308,3,-0.161265,0.0963558,-1.32456,1.00203,0.0963558,5.86918,8.38998,32.6717
2016-02-01,3287.31,382,20.054,0.211019,96.9479,3,0.422037,0,-0.164702,1.00878,0,6.15919,8.26371,32.525
2016-02-02,3326.82,402,19.2864,1.36949,97.3947,3,0.0410153,2.69796,-0.820703,0.902734,2.69796,5.34032,8.1378,33.9166
2016-02-03,3387.69,396,20.0448,1.53161,97.6113,3,0.46161,2.60161,-0.0584142,0.981635,2.60161,4.88786,8.18199,34.5414
2016-02-04,3382.2,397,19.6068,1.57671,97.4981,3,0.455466,2.69796,-0.00140651,0.912339,2.69796,4.05366,8.303,35.1414
2016-02-05,3315.75,397,20.7356,1.16768,96.7133,3,0.504597,1.83076,-0.0409462,1.05014,1.83076,2.93553,8.84651,34.9312
2016-02-08,3320.49,425,20.6072,2.3302,96.9202,3,0.660397,4,0.289748,1.03105,4,1.99827,8.93174,35.9902
2016-02-09,3367.02,427,21.1219,1.57429,96.3995,3,0.739683,2.4089,0.393733,1.08563,2.4089,1.87374,9.5106,35.0152
2016-02-10,3391.93,419,20.9881,1.32623,95.6427,3,0.436276,2.21618,-0.183381,1.05593,2.21618,1.51726,10.1781,33.9474
2016-02-11,3385.65,433,20.9401,1.94436,95.9864,3,0.419913,3.46881,-0.197536,1.03736,3.46881,1.69874,10.352,33.9357
2016-02-12,3434.89,411,21.3773,1.32664,95.5204,3,1.35249,1.3008,1.63834,1.06664,1.3008,3.45324,10.9177,31.1495
2016-02-15,3409.82,411,21.0578,-0.1588,92.9351,3,1.07956,-1.39716,1.15129,1.00783,-1.39716,4.43859,12.1266,26.3699
2016-02-16,3409.82,404,21.0578,-0.758015,88.3788,3,0.700155,-2.21618,0.403201,0.997108,-2.21618,5.06357,13.6121,19.7031
2016-02-17,3406.87,382,21.077,-1.54531,79.7406,3,0.474536,-3.56517,-0.0355267,0.984598,-3.56517,5.08305,15.4349,9.22266
2016-02-18,3391.87,382,20.243,-1.82292,67.1171,3,0.354151,-4,-0.165004,0.873306,-4,3.68967,16.9016,-3.47413
2016-02-19,3338.03,378,21.0356,-1.79718,62.5241,3,-0.414627,-3.17974,-1.78304,0.953785,-3.17974,0.332515,17.8895,-5.6979
2016-02-22,3356.78,370,18.8024,-2.00946,57.8049,3,-0.204554,-3.81436,-1.09187,0.682765,-3.81436,-0.244645,18.1165,-10.067
2016-02-23,3314.24,375,17.2904,-1.61845,55.1694,3,-0.628868,-2.60803,-1.75869,0.500957,-2.60803,-2.73058,17.8325,-9.93252
2016-02-24,3322.54,366,17.2448,-0.969813,57.35,3,-0.54713,-1.3925,-1.58123,0.486968,-1.3925,-5.17495,17.4808,-4.95584
2016-02-25,3341.69,366,17.3808,-0.812646,60.6829,3,-0.276311,-1.34898,-1.04569,0.49307,-1.34898,-6.01079,17.076,-0.382305
2016-02-26,3310.16,366,16.3076,-0.59078,58.6147,3,-0.169824,-1.01174,-0.701988,0.36234,-1.01174,-5.44737,16.5442,-2.48211
2016-02-29,3306,368,16.2169,-0.26391,56.8363,3,-0.359197,-0.168623,-1.06353,0.345139,-0.168623,-6.31685,15.9627,-2.80963
2016-03-01,3319.8,350,15.7016,-1.02623,47.7271,3,0.0553246,-2.10778,-0.172545,0.283194,-2.10778,-5.7265,15.4421,-11.9885
2016-03-02,3268.86,348,15.0409,-0.988414,38.2811,3,-0.459225,-1.5176,-1.12424,0.205789,-1.5176,-6.64803,14.4952,-19.566
2016-03-03,3205.6,334,16.3068,-1.87753,26.4809,3,-1.0571,-2.69796,-2.46397,0.349759,-2.69796,-8.53131,13.2928,-28.2806
2016-03-04,3203.03,327,14.9972,-2.09608,17.3391,3,-0.904021,-3.28814,-2.00423,0.196189,-3.28814,-9.5455,11.624,-34.7394
2016-03-07,3163.25,325,15.4171,-2.40204,8.17182,3,-1.17869,-3.62539,-2.59967,0.242289,-3.62539,-10.3275,9.48398,-40.9847
2016-03-08,3135.28,331,14.2951,-1.58924,4.49167,3,-1.57657,-1.60192,-3.26521,0.112068,-1.60192,-11.5792,7.85254,-41.7817
2016-03-09,3155.9,321,14.215,-1.63668,2.38656,3,-0.996958,-2.27641,-2.09436,0.10044,-2.27641,-11.4794,6.48973,-42.6238
2016-03-10,3192.49,316,15.1937,-0.824353,1.23953,3,-0.131102,-1.5176,-0.471681,0.209477,-1.5176,-10.511,5.4316,-43.681
2016-03-11,3204.27,308,13.9946,-0.843069,0.709855,3,-0.0842216,-1.60192,-0.237433,0.0689902,-1.60192,-10.6276,4.54617,-43.2087
2016-03-14,3164.12,312,14.3096,-0.583232,0.633621,3,-0.070416,-1.09605,-0.244853,0.104021,-1.09605,-11.1319,4.05093,-42.2854
2016-03-15,3175.95,320,14.499,-0.329082,0.710705,3,0.269261,-0.927425,0.414618,0.123904,-0.927425,-11.2951,3.69243,-41.6866
2016-03-16,3175.88,307,14.5228,-0.54346,0.92376,3,0.0934391,-1.18036,0.0630762,0.123802,-1.18036,-11.6547,3.39716,-40.8187
2016-03-17,3155.9,290,14.554,-1.28624,1.05943,3,-0.380383,-2.19209,-0.885323,0.124557,-2.19209,-12.2473,3.08293,-39.7762
2016-03-18,3087.39,282,15.3567,-1.60438,1.11224,3,-1.01667,-2.19209,-2.248,0.21467,-2.19209,-12.5706,2.7264,-39.0435
2016-03-21,3065.79,279,14.9694,-1.8351,1.16196,3,-0.887932,-2.78227,-1.94394,0.168071,-2.78227,-13.0887,2.47873,-38.228
2016-03-22,3065.79,279,14.723,-2.22503,0.996897,3,-0.993295,-3.45677,-2.12494,0.138353,-3.45677,-12.9899,2.24249,-38.2557
2016-03-23,3050.31,291,14.5307,-1.24018,0.930179,3,-1.13137,-1.34898,-2.37457,0.111829,-1.34898,-13.2603,2.03377,-37.8433
2016-03-24,3058.8,299,14.2955,-0.0745411,1.12222,3,-0.907884,0.758802,-1.8958,0.0800308,0.758802,-14.0524,1.87695,-36.7023
2016-03-25,3058.8,299,14.2467,0.546672,1.48549,3,-0.339948,1.43329,-0.75118,0.0712833,1.43329,-14.6724,1.8009,-35.643
2016-03-28,3058.8,299,14.2851,0.764756,1.89692,3,-0.156715,1.68623,-0.38565,0.072221,1.68623,-14.8621,1.719,-34.96
2016-03-29,3047.85,305,13.9671,0.961689,2.96929,3,-0.268717,2.19209,-0.572365,0.0349309,2.19209,-16.2352,1.7021,-32.4976
2016-03-30,3052.33,297,13.4516,0.188768,3.81393,3,-0.128333,0.505868,-0.232342,-0.0243238,0.505868,-16.4008,1.63433,-31.4196
2016-03-31,3022.35,295,12.3039,-0.430094,5.11068,3,-0.522943,-0.337245,-0.889655,-0.156231,-0.337245,-16.2567,1.39061,-30.0232
2016-04-01,3000.63,292,12.3662,-0.644935,6.7408,3,-0.699691,-0.590179,-1.25031,-0.149072,-0.590179,-16.5993,1.22563,-27.8856
2016-04-04,3038.48,295,13.0601,-0.333671,9.7232,3,-0.330096,-0.337245,-0.590872,-0.0693205,-0.337245,-16.3205,1.08381,-25.0401
2016-04-05,3066.94,307,13.3847,0.0928744,12.7863,3,0.0171262,0.168623,0.0662606,-0.0320082,0.168623,-14.6055,1.03035,-23.6386
2016-04-06,3085.82,300,13.3538,0.192443,16.8138,3,0.131951,0.252934,0.299467,-0.0355643,0.252934,-13.4191,0.973792,-20.7408
2016-04-07,3081.39,316,12.4899,1.03405,21.6595,3,0.297565,1.77054,0.729991,-0.134861,1.77054,-13.0202,0.722443,-16.0428
2016-04-08,3109.6,311,12.9448,1.17204,27.7277,3,0.742172,1.60192,1.56691,-0.0825689,1.60192,-11.944,0.616357,-10.9446
2016-04-11,3076.29,304,12.7504,0.443755,31.1115,3,0.128709,0.758802,0.362329,-0.104912,0.758802,-11.5927,0.435373,-7.73118
2016-04-12,3057.96,294,12.697,-0.681953,29.9286,3,-0.267858,-1.09605,-0.424664,-0.111053,-1.09605,-12.2941,0.218708,-7.99602
2016-04-13,3036.57,286,12.8028,-0.889594,28.7886,3,-0.598829,-1.18036,-1.09876,-0.0988975,-1.18036,-13.2768,0.0155352,-7.95008
2016-04-14,3006.35,281,13.0234,-1.8784,26.8873,3,-0.80591,-2.9509,-1.53829,-0.0735325,-2.9509,-13.7226,-0.162338,-9.22773
2016-04-15,3000.78,287,10.7906,-1.61955,26.8394,3,-1.21563,-2.02347,-2.1011,-0.33017,-2.02347,-13.587,-0.650939,-8.92265
2016-04-18,2999.38,286,10.5886,-1.23724,28.7577,3,-0.956882,-1.5176,-1.56037,-0.353396,-1.5176,-13.3857,-1.13068,-6.7259
2016-04-19,2995.86,273,10.5807,-1.30062,31.8451,3,-0.830696,-1.77054,-1.30709,-0.354304,-1.77054,-12.8313,-1.60062,-3.72293
2016-04-20,2912.2,265,14.2912,-1.45431,31.1175,3,-1.13808,-1.77054,-2.34739,0.0712178,-1.77054,-12.7655,-1.63275,-4.4842
2016-04-21,2899.92,267,14.1757,-1.08067,27.8003,3,-0.980989,-1.18036,-2.01819,0.0562102,-1.18036,-12.6648,-1.62723,-7.90767
2016-04-22,2928.7,275,14.84,-0.830794,23.5586,3,-0.649852,-1.01174,-1.43119,0.131486,-1.01174,-12.9226,-1.53083,-11.988
2016-04-25,2939.7,277,14.9719,-0.645909,19.6127,3,-0.533016,-0.758802,-1.20908,0.143053,-0.758802,-13.2078,-1.42157,-15.758
2016-04-26,2962.08,277,15.3342,0.0184311,17.213,3,-0.300383,0.337245,-0.780691,0.179925,0.337245,-13.0637,-1.26725,-18.456
2016-04-27,2945.37,276,15.3643,0.582521,18.191,3,0.237617,0.927425,0.296944,0.17829,0.927425,-12.7564,-1.1107,-17.9419
2016-04-28,2943.23,276,15.0659,0.529371,20.716,3,0.299941,0.758802,0.462348,0.137533,0.758802,-11.9043,-0.885456,-16.4942
2016-04-29,2885.72,278,16.3182,-0.043437,22.3996,3,-0.339808,0.252934,-0.954588,0.274972,0.252934,-11.8136,-0.528905,-15.2579
2016-05-02,2851.14,275,15.7472,-0.459328,22.0416,3,-0.750034,-0.168623,-1.70519,0.205123,-0.168623,-12.7469,-0.289305,-14.9221
2016-05-03,2833.78,285,15.0595,-0.218454,21.1689,3,-1.1114,0.674491,-2.34683,0.124026,0.674491,-14.7344,-0.152829,-13.9439
2016-05-04,2895.51,294,17.262,0.589624,22.2859,3,-0.338356,1.5176,-1.0523,0.375591,1.5176,-16.0444,0.203178,-11.8729
2016-05-05,2942.16,296,18.5547,0.908174,21.9283,3,0.13012,1.68623,-0.261768,0.522008,1.68623,-16.8584,0.771975,-11.9853
2016-05-06,2952.37,292,18.1983,0.916423,21.2124,3,0.652488,1.18036,0.831027,0.473949,1.18036,-17.3933,1.24699,-12.6413
2016-05-09,2969.62,295,18.1629,1.37365,23.8819,3,1.06108,1.68623,1.65954,0.462624,1.68623,-16.6163,1.77238,-11.2742
2016-05-10,2969.62,290,18.1028,0.802737,28.4998,3,1.18392,0.421557,1.91543,0.452408,0.421557,-14.9803,2.33395,-8.85385
2016-05-11,2979.54,286,18.0546,0.0374829,31.5841,3,0.749457,-0.674491,1.05531,0.443607,-0.674491,-13.2262,2.86754,-8.05727
2016-05-12,2956.82,282,17.9171,-0.491147,36.4433,3,0.198066,-1.18036,-0.0294544,0.425586,-1.18036,-12.0529,3.38608,-4.88988
2016-05-13,2934.88,289,18.0689,-0.148275,41.8446,3,-0.0436163,-0.252934,-0.530228,0.442996,-0.252934,-10.72,4.16237,-1.59774
2016-05-16,2983.82,281,19.1265,-0.458821,44.7731,3,0.262716,-1.18036,-0.0386328,0.564065,-1.18036,-9.31692,5.05271,-0.962647
2016-05-17,3007.74,280,19.3435,-0.193718,48.9831,3,0.455678,-0.843113,0.324165,0.587191,-0.843113,-7.78632,5.965,0.804428
2016-05-18,3020.89,281,16.171,-0.0635133,54.2832,3,0.29453,-0.421557,0.369097,0.219963,-0.421557,-5.18504,6.09582,3.37246
2016-05-19,3031.48,299,16.019,0.985531,61.9914,3,0.537768,1.43329,0.874628,0.200909,1.43329,-2.39738,6.15,8.23881
2016-05-20,3056.06,301,15.9173,0.945108,68.2665,3,0.87848,1.01174,1.56833,0.188631,1.01174,0.411975,6.07092,11.7836
2016-05-23,3047.99,304,15.9925,1.19038,74.2429,3,0.441607,1.93916,0.686219,0.196995,1.93916,2.08774,5.93033,16.2248
2016-05-24,3058.25,302,15.86,1.09202,77.4446,3,0.3292,1.85485,0.477042,0.181357,1.85485,3.13693,5.79968,18.508
2016-05-25,3059.92,296,15.6349,0.726432,77.8559,3,0.226518,1.22635,0.298244,0.154791,1.22635,3.12795,5.76058,18.9674
2016-05-26,3061.89,296,15.6118,-0.0428593,76.195,3,0.159551,-0.245269,0.167537,0.151564,-0.245269,2.90821,5.84563,17.4411
2016-05-27,3054.6,293,13.4812,-0.426756,75.0453,3,-0.19946,-0.654052,-0.305601,-0.0933201,-0.654052,3.50662,5.5659,15.9727
2016-05-30,3069.17,293,12.2847,-0.474859,74.9981,3,-0.101786,-0.847931,0.027283,-0.230855,-0.847931,5.04367,5.18113,14.7733
2016-05-31,3069.17,297,11.8216,-0.294916,74.765,3,-0.204408,-0.385423,-0.124733,-0.284084,-0.385423,7.0245,4.82675,12.9138
2016-06-01,3089.65,292,9.91558,-0.242286,72.1573,3,-0.176234,-0.308339,0.150688,-0.503155,-0.308339,8.22141,4.11086,9.82502
2016-06-02,3117.83,286,8.99988,-0.394823,67.8266,3,-0.0402111,-0.749434,0.527984,-0.608406,-0.749434,9.12359,3.15683,5.54621
2016-06-03,3110.88,284,9.17783,-0.352822,63.3607,3,-0.0311527,-0.674491,0.525647,-0.587952,-0.674491,8.98419,2.21356,2.16294
2016-06-06,3017.71,278,14.7915,-0.812904,55.2596,3,-0.501656,-1.12415,-1.06035,0.0570376,-1.12415,6.54461,1.86419,-3.14921
2016-06-07,3017.71,270,14.7915,-1.26081,47.4005,3,-0.498139,-2.02347,-1.05248,0.0562066,-2.02347,3.72901,1.49051,-7.81903
2016-06-08,2950.95,266,16.8756,-1.48651,41.6438,3,-1.02449,-1.94853,-2.33843,0.289443,-1.94853,0.489646,1.33455,-10.1804
2016-06-09,2905.23,271,17.5475,-1.33132,38.5373,3,-1.5385,-1.12415,-3.43693,0.359933,-1.12415,-2.71965,1.2639,-10.0069
2016-06-10,2942.13,282,17.9917,-0.667401,36.6527,3,-1.18492,-0.149887,-2.77621,0.406378,-0.149887,-4.80796,1.22311,-9.76244
2016-06-13,2969.83,290,17.2906,0.278399,39.3375,3,-0.342524,0.899321,-1.0067,0.321654,0.899321,-5.75482,1.0033,-5.91094
2016-06-14,2990.35,300,17.2256,1.0272,43.8915,3,-0.193904,2.2483,-0.699845,0.312036,2.2483,-6.77553,0.750043,-0.0830266
2016-06-15,3003.28,297,17.2239,1.35863,49.2956,3,0.394023,2.32325,0.47803,0.310017,2.32325,-6.69793,0.838886,5.15466
2016-06-16,2989.56,301,17.2268,1.44191,51.0374,3,0.635512,2.2483,0.962478,0.308546,2.2483,-6.61371,0.941533,6.70957
2016-06-17,3019.12,295,17.3567,0.774945,50.388,3,0.575626,0.974264,0.829845,0.321407,0.974264,-7.31901,1.06832,6.63871
2016-06-20,3010.91,281,17.358,-0.185159,45.1498,3,0.304174,-0.674491,0.290283,0.318064,-0.674491,-7.67793,1.18094,1.64674
2016-06-21,2972.97,277,17.7994,-0.912811,37.6878,3,-0.101923,-1.7237,-0.568544,0.364699,-1.7237,-8.55414,1.33685,-5.09492
2016-06-22,2976.29,273,17.8089,-0.985595,31.6507,3,-0.172547,-1.79864,-0.707243,0.362148,-1.79864,-9.29948,1.49949,-10.5493
2016-06-23,2944.06,263,18.1026,-1.56963,26.6457,3,-0.291418,-2.84785,-0.976199,0.393362,-2.84785,-10.0879,1.67802,-14.9444
2016-06-24,2897.53,280,18.7708,-0.968178,24.9722,3,-0.812205,-1.12415,-2.09284,0.468435,-1.12415,-11.5658,2.15827,-15.6202
2016-06-27,2972.92,290,21.1801,0.310196,27.4169,3,-0.0540982,0.674491,-0.849184,0.740987,0.674491,-12.5307,3.06569,-13.1181
2016-06-28,3022.78,281,22.1468,0.467014,29.8973,3,0.634255,0.299774,0.422183,0.846326,0.299774,-12.1976,4.13688,-12.042
2016-06-29,3005.18,263,22.0359,-0.138956,30.2414,3,0.471522,-0.749434,0.113825,0.829218,-0.749434,-12.2515,5.36059,-12.8677
2016-06-30,2916.15,257,23.8754,-0.146113,31.0768,3,0.157435,-0.449661,-0.720056,1.03493,-0.449661,-13.4433,6.88807,-12.3679
2016-07-01,2919.01,256,23.9225,-0.637775,30.1205,3,0.523093,-1.79864,0.00958021,1.0366,-1.79864,-13.8546,8.3403,-14.3652
2016-07-04,2914.38,256,21.6521,-1.37434,28.2763,3,-0.200612,-2.54808,-1.1744,0.773174,-2.54808,-13.8278,8.90963,-16.8055
2016-07-05,2914.38,258,21.6521,-1.14176,28.6628,3,-0.559814,-1.7237,-1.88741,0.767778,-1.7237,-14.613,9.57281,-16.2971
2016-07-06,2966.87,258,21.2733,-0.220212,32.9205,3,-0.0657078,-0.374717,-0.854199,0.722783,-0.374717,-13.531,10.1629,-13.7114
2016-07-07,3003.2,259,20.8029,0.482363,39.4124,3,0.81484,0.149887,0.961553,0.668127,0.149887,-9.65975,10.6607,-11.5885
2016-07-08,2986.49,255,20.5322,0.291207,42.9805,3,0.657358,-0.0749434,0.678216,0.6365,-0.0749434,-6.44612,10.9515,-11.5249
2016-07-11,2952.64,246,20.6983,-0.147412,41.3866,3,0.454609,-0.749434,0.257341,0.651877,-0.749434,-5.23224,11.235,-14.6161
2016-07-12,2929.81,240,20.6778,-0.530393,35.6946,3,0.288196,-1.34898,-0.0700536,0.646445,-1.34898,-4.57001,11.3872,-21.1225
2016-07-13,2911.91,244,20.6525,-0.637826,28.8544,3,-0.226445,-1.04921,-1.09476,0.64187,-1.04921,-5.86783,11.3675,-26.6453
2016-07-14,2936.53,241,20.913,-0.820112,21.9447,3,-0.291242,-1.34898,-1.2514,0.66892,-1.34898,-7.52783,11.1777,-31.7052
2016-07-15,2923.07,239,20.555,-0.742236,17.8991,3,-0.285378,-1.19909,-1.19678,0.626024,-1.19909,-8.94602,11.0244,-34.1793
2016-07-18,2923.46,241,20.5596,-0.206241,17.8464,3,-0.0377645,-0.374717,-0.699893,0.624364,-0.374717,-9.76771,11.274,-33.6599
2016-07-19,2928.3,240,20.1488,0.0686954,20.4025,3,0.137391,0,-0.302132,0.576913,0,-9.78378,11.7373,-31.551
2016-07-20,2931.08,233,20.1468,-0.269522,22.398,3,0.285334,-0.824378,-0.00399811,0.574666,-0.824378,-9.33606,12.1191,-30.385
2016-07-21,2931.08,239,19.7887,-0.031798,27.0372,3,0.0862908,-0.149887,-0.359647,0.532229,-0.149887,-9.08151,12.6319,-26.5132
2016-07-22,2928.67,239,18.9049,0.057573,30.3784,3,0.115146,0,-0.200328,0.43062,0,-7.51353,12.8221,-24.9302
2016-07-25,2942.65,247,16.5215,0.26437,30.2252,3,0.0790799,0.449661,-0.00480251,0.162962,0.449661,-6.73697,12.2849,-25.3227
2016-07-26,2997.25,254,16.7724,0.74549,31.1611,3,0.441772,1.04921,0.695336,0.188208,1.04921,-6.51568,11.7346,-24.0579
2016-07-27,3055.15,264,18.0006,1.60397,37.2766,3,0.884691,2.32325,1.44687,0.322507,2.32325,-5.4116,11.5224,-18.8342
2016-07-28,3073.52,267,13.8679,1.43844,43.1352,3,0.778471,2.09842,1.69611,-0.139168,2.09842,-3.18532,10.552,-14.2315
2016-07-29,3091.78,270,13.901,1.6219,51.7253,3,0.920552,2.32325,1.97658,-0.135473,2.32325,-1.32384,9.48324,-6.43411
2016-08-01,3081.75,267,13.984,1.12876,61.1314,3,0.75865,1.49887,1.6435,-0.126198,1.49887,1.34667,8.51441,1.27028
2016-08-02,3090.28,266,13.9452,0.665544,67.5682,3,0.431767,0.899321,0.994069,-0.130535,0.899321,3.97615,7.51009,6.08194
2016-08-03,3084.81,262,12.8578,-0.106714,67.9577,3,-0.063542,-0.149887,0.124933,-0.252017,-0.149887,4.8712,6.60041,6.48609
2016-08-04,3110.43,252,12.5166,-0.579719,64.2408,3,-0.0352862,-1.12415,0.219564,-0.290136,-1.12415,4.24605,5.79732,4.1974
2016-08-05,3079.83,241,12.9375,-1.25689,58.5813,3,-0.340425,-2.17336,-0.437744,-0.243105,-2.17336,3.25013,5.04735,0.283825
2016-08-08,3052.8,238,12.6235,-1.29414,54.2635,3,-0.473665,-2.11462,-0.669145,-0.278185,-2.11462,2.38697,4.19142,-2.3149
2016-08-09,2992.5,242,14.4415,-1.2506,51.5223,3,-0.840911,-1.66028,-1.60673,-0.0750888,-1.66028,0.924982,3.51008,-2.91272
2016-08-10,2974.31,239,14.4395,-1.24025,49.2234,3,-0.929171,-1.55133,-1.78302,-0.0753189,-1.55133,0.268436,2.8264,-3.87145
2016-08-11,2954.9,231,14.4051,-1.32551,47.2964,3,-1.23459,-1.41643,-2.39002,-0.0791642,-1.41643,-0.817414,2.11112,-3.99735
2016-08-12,2911.26,230,15.3042,-1.01363,46.2639,3,-1.28532,-0.74194,-2.58755,0.0169146,-0.74194,-2.142,1.52927,-3.12338
2016-08-15,2908.67,224,15.3055,-1.03337,43.1356,3,-1.12245,-0.944287,-2.25772,0.0128257,-0.944287,-3.61363,0.943272,-4.19404
2016-08-16,2908.67,219,15.2894,-1.12975,38.6833,3,-0.708172,-1.55133,-1.42505,0.0087102,-1.55133,-4.63913,0.40026,-7.07787
2016-08-17,2905.3,221,15.2842,-0.910374,36.3583,3,-0.606665,-1.21408,-1.21923,0.00589618,-1.21408,-5.74595,-0.134218,-7.76152
2016-08-18,2918.07,219,15.38,-0.593526,34.3606,3,-0.377663,-0.809389,-0.771452,0.0161249,-0.809389,-6.09071,-0.612821,-8.93584
2016-08-19,2884.02,219,15.9152,-0.513847,32.3724,3,-0.285754,-0.74194,-0.644819,0.073311,-0.74194,-6.45415,-0.937585,-10.2359
2016-08-22,2867.37,225,15.8695,-0.161112,30.9235,3,-0.389672,0.0674491,-0.844957,0.065612,0.0674491,-7.18345,-1.0209,-10.8721
2016-08-23,2883.89,223,14.3522,-0.0408513,28.3237,3,-0.351499,0.269796,-0.599105,-0.103892,0.269796,-8.26195,-1.27198,-12.1424
2016-08-24,2909.1,228,12.7053,0.115734,23.7107,3,-0.240675,0.472144,-0.193469,-0.287881,0.472144,-9.46784,-1.77206,-15.0494
2016-08-25,2938.28,230,13.1284,0.317578,20.5289,3,-0.106784,0.74194,0.0270492,-0.240617,0.74194,-10.6603,-1.81455,-16.9962
2016-08-26,2915.67,223,12.8932,0.115848,16.678,3,-0.0380997,0.269796,0.190693,-0.266893,0.269796,-11.7292,-1.85425,-19.7386
2016-08-29,2882.69,227,13.2377,0.000590302,14.1208,3,-0.133718,0.134898,-0.0390364,-0.228399,0.134898,-12.7044,-1.87766,-21.2971
2016-08-30,2924.29,227,14.5192,0.192077,13.1313,3,0.114357,0.269796,0.313958,-0.0852446,0.269796,-13.0623,-1.81577,-21.9906
2016-08-31,2933.82,232,14.6733,0.140345,13.6415,3,0.0108941,0.269796,0.089812,-0.0680237,0.269796,-13.1871,-1.68332,-21.4881
2016-09-01,2956.53,237,14.62,0.217038,15.3784,3,-0.0380673,0.472144,-0.00215499,-0.0739796,0.472144,-13.6752,-1.54723,-19.3992
2016-09-02,2986.36,232,14.9975,0.477891,19.6452,3,0.348741,0.607042,0.72929,-0.0318083,0.607042,-13.3273,-1.44052,-15.587
2016-09-05,2957.56,232,15.0569,0.361999,24.3242,3,0.386753,0.337245,0.798677,-0.0251702,0.337245,-12.5444,-1.27262,-11.8588
2016-09-06,2957.56,228,13.4041,0.0334483,28.3302,3,-0.000552445,0.0674491,0.208709,-0.209813,0.0674491,-11.2148,-1.42617,-9.02881
2016-09-07,2887.64,222,15.6772,-0.553403,30.5956,3,-0.432315,-0.674491,-0.908241,0.0436099,-0.674491,-10.5429,-1.33369,-7.52783
2016-09-08,2840.38,217,16.4816,-1.11458,31.307,3,-0.880179,-1.34898,-1.8933,0.132946,-1.34898,-10.1212,-1.14335,-7.42842
2016-09-09,2846.13,227,15.8047,-0.707249,32.3529,3,-1.07725,-0.337245,-2.21101,0.0565063,-0.337245,-9.81952,-1.11198,-6.7156
2016-09-12,2899.29,227,17.2752,-0.379002,34.633,3,-0.420758,-0.337245,-1.06163,0.220116,-0.337245,-8.79289,-0.928913,-5.64516
2016-09-13,2942.29,234,18.0658,0.16361,39.3001,3,-0.0774743,0.404694,-0.463175,0.308227,0.404694,-8.00608,-0.659246,-2.03453
2016-09-14,2976.19,243,18.4559,1.03924,46.6141,3,0.662058,1.41643,0.972601,0.351514,1.41643,-6.00585,-0.337154,2.95706
2016-09-15,2972.65,243,18.4346,1.3619,54.0665,3,0.970128,1.75368,1.59168,0.348579,1.75368,-3.75161,-0.0202912,7.83844
2016-09-16,2938.5,253,18.4181,1.22284,60.5753,3,0.692012,1.75368,1.0386,0.345427,1.75368,-2.12625,0.236492,12.4651
2016-09-19,2956.58,247,18.3267,0.892511,64.3963,3,0.436041,1.34898,0.539037,0.333044,1.34898,-0.812663,0.483519,14.7255
2016-09-20,2928.18,242,18.669,0.25325,65.4394,3,-0.0330922,0.539593,-0.435787,0.369603,0.539593,-0.657965,0.922031,15.1753
2016-09-21,2911.11,226,18.5622,-0.764607,62.2854,3,-0.382579,-1.14663,-1.12153,0.356371,-1.14663,-1.53577,1.53598,12.2852
2016-09-22,2894.15,222,18.2854,-0.953981,57.5866,3,-0.491531,-1.41643,-1.30641,0.323351,-1.41643,-2.81611,2.08651,8.31618
2016-09-23,2862.52,229,18.486,-1.04164,53.2114,3,-0.464498,-1.61878,-1.27269,0.34369,-1.61878,-4.22511,2.67898,4.75758
2016-09-26,2917.95,236,19.3551,-0.447192,51.5054,3,-0.152445,-0.74194,-0.743784,0.438895,-0.74194,-4.901,3.31783,3.0886
2016-09-27,2917.58,231,18.6638,-0.372824,49.3497,3,-0.00370825,-0.74194,-0.367798,0.360381,-0.74194,-5.55246,3.74368,1.15845
2016-09-28,2921.99,219,18.6323,-0.166389,48.1795,3,0.139365,-0.472144,-0.0773999,0.356131,-0.472144,-5.71028,4.14714,-0.257355
2016-09-29,2914.11,224,18.4111,0.161201,47.9666,3,0.187505,0.134898,0.0447296,0.330279,0.134898,-5.66507,4.53237,-0.900666
2016-09-30,2879.95,221,18.3493,-0.186512,45.4398,3,0.166568,-0.539593,0.0120916,0.321044,-0.539593,-6.33803,4.8604,-3.08259
2016-10-03,2880.08,228,18.119,-0.381737,42.6334,3,-0.223881,-0.539593,-0.739713,0.29195,-0.539593,-7.77514,5.14405,-4.73549
2016-10-04,2937.23,234,19.5924,0.222332,43.3432,3,0.242316,0.202347,0.030954,0.453679,0.202347,-7.95221,5.77966,-4.48427
2016-10-05,2963.06,232,17.7206,0.576121,47.6247,3,0.275404,0.876838,0.307491,0.243317,0.876838,-6.82536,5.99377,-1.54376
2016-10-06,2964.93,232,16.4362,0.402523,53.4097,3,0.265454,0.539593,0.434971,0.0959362,0.539593,-4.6021,5.95473,2.05705
2016-10-07,2924.8,230,17.3644,0.442424,57.7526,3,0.277805,0.607042,0.360504,0.195107,0.607042,-2.14027,6.05563,3.8372
2016-10-10,2913.96,230,16.2077,0.136377,59.6724,3,0.137856,0.134898,0.211109,0.0646031,0.134898,-0.930146,5.88697,4.71555
2016-10-11,2913.96,232,15.2804,-0.216982,58.2566,3,-0.299065,-0.134898,-0.559139,-0.0389907,-0.134898,-1.0236,5.57414,3.70609
2016-10-12,2919.51,231,14.6538,-0.266015,53.3306,3,-0.46458,-0.0674491,-0.82017,-0.10899,-0.0674491,-2.73853,5.1691,0.900008
2016-10-13,2919.18,228,14.6566,-0.372693,46.7174,3,-0.47559,-0.269796,-0.842497,-0.108682,-0.269796,-5.05873,4.73344,-2.95727
2016-10-14,2930.78,227,14.1892,-0.179258,41.4291,3,-0.156169,-0.202347,-0.151441,-0.160897,-0.202347,-6.1519,4.22263,-6.64163
2016-10-17,2915.67,231,14.0941,-0.0600099,37.9173,3,-0.187469,0.0674491,-0.203422,-0.171515,0.0674491,-6.80103,3.71548,-8.99714
2016-10-18,2915.67,231,13.6914,-0.138467,36.4998,3,-0.209485,-0.0674491,-0.202462,-0.216508,-0.0674491,-6.55544,3.15221,-10.097
2016-10-19,2905.93,224,13.5833,-0.394913,37.8372,3,-0.317683,-0.472144,-0.406783,-0.228583,-0.472144,-5.90917,2.61485,-8.86852
2016-10-20,2914.15,223,13.444,-0.301241,40.2334,3,-0.265237,-0.337245,-0.286336,-0.244138,-0.337245,-4.97962,2.09386,-6.8808
2016-10-21,2934.03,223,12.928,-0.252777,43.1784,3,-0.235757,-0.269796,-0.169727,-0.301788,-0.269796,-3.95848,1.49195,-4.35512
2016-10-24,2944.25,223,11.111,-0.351905,43.537,3,-0.164218,-0.539593,0.176336,-0.504773,-0.539593,-3.08635,0.5962,-3.97285
2016-10-25,2929.83,228,11.2724,-0.227484,44.085,3,-0.252622,-0.202347,-0.0185005,-0.486743,-0.202347,-2.75649,-0.208739,-2.94972
2016-10-26,2941.34,228,11.3415,0.083865,45.0313,3,-0.102066,0.269796,0.274884,-0.479017,0.269796,-2.42421,-1.00381,-1.54066
2016-10-27,2965.18,230,11.6014,0.245275,45.3499,3,0.0184071,0.472144,0.486796,-0.449982,0.472144,-2.00412,-1.74699,-0.899011
2016-10-28,2966.61,231,10.5998,0.186623,46.7671,3,-0.166346,0.539593,0.229187,-0.561878,0.539593,-1.79955,-2.59062,1.15723
2016-10-31,2967.66,237,10.5948,0.355664,49.5781,3,-0.232959,0.944287,0.0965165,-0.562435,0.944287,-1.00356,-3.40867,3.99032
2016-11-01,2998.55,248,8.85355,0.662688,51.2587,3,-0.0236053,1.34898,0.703854,-0.751065,1.34898,-0.361426,-4.55757,6.17765
2016-11-02,3026.68,247,8.92301,0.686061,51.678,3,0.0905886,1.28153,0.9189,-0.737723,1.28153,0.221866,-5.49283,6.94896
2016-11-03,3070.54,242,10.094,0.542891,52.2131,3,0.276394,0.809389,1.16169,-0.608905,0.809389,0.914914,-6.16386,7.46207
2016-11-04,3071.12,245,8.34175,0.559777,52.6602,3,0.175267,0.944287,1.15001,-0.799472,0.944287,1.6675,-7.11079,8.10349
2016-11-07,3070.4,231,8.08894,-0.126425,51.6586,3,0.151845,-0.404694,1.12656,-0.82287,-0.404694,2.54155,-7.96062,7.07769
2016-11-08,3070.4,222,8.08894,-0.861345,49.1997,3,-0.0525218,-1.67017,0.713908,-0.818952,-1.67017,3.7568,-8.70658,4.14949
2016-11-09,2984.78,225,13.6357,-0.924948,46.6884,3,-0.500914,-1.34898,-0.784256,-0.217572,-1.34898,3.78696,-8.80065,1.70208
2016-11-10,3012.12,251,13.9171,-0.01914,48.0348,3,-0.590136,0.551856,-0.992296,-0.187976,0.551856,3.6469,-8.88285,3.27079
2016-11-11,3100.12,251,16.9462,0.265857,49.733,3,0.14629,0.385423,0.14901,0.143571,0.385423,3.93504,-8.59585,4.3938
2016-11-14,3100.12,264,16.7213,1.12887,54.2626,3,0.137903,2.11983,0.158597,0.117209,2.11983,4.27236,-8.30454,8.29483
2016-11-15,3100.12,248,16.7213,0.904044,58.1915,3,0.137921,1.67017,0.15917,0.116672,1.67017,4.59284,-7.94581,11.5445
2016-11-16,3124.91,257,16.6276,1.45981,64.9602,3,0.864033,2.05559,1.62285,0.105217,2.05559,6.40434,-7.49899,16.0548
2016-11-17,3131.11,260,16.6358,0.663458,68.3156,3,0.719873,0.607042,1.33469,0.10506,0.607042,7.81238,-7.08176,17.585
2016-11-18,3135.65,270,16.6073,0.723494,71.5643,3,0.165455,1.28153,0.2313,0.0996102,1.28153,8.0536,-6.60819,20.1189
2016-11-21,3163.49,267,16.7226,0.276291,73.5669,3,0.350234,0.202347,0.591198,0.109271,0.202347,8.33306,-5.98357,21.2174
2016-11-22,3144.72,260,16.7967,0.520901,75.8552,3,0.232412,0.809389,0.349799,0.115025,0.809389,8.53385,-5.36427,22.6856
2016-11-23,3139.76,261,16.8933,0.158398,76.077,3,0.0470002,0.269796,-0.0321045,0.126105,0.269796,8.25034,-4.82336,22.6501
2016-11-24,3187.97,261,17.3491,0.204315,75.9552,3,0.34118,0.0674491,0.503771,0.178589,0.0674491,8.27241,-4.27391,21.9567
2016-11-25,3187.97,264,17.3615,-0.0458847,75.2576,3,0.312925,-0.404694,0.445037,0.180813,-0.404694,8.50343,-3.63727,20.3914
2016-11-28,3170.64,256,17.6256,-0.353955,73.0632,3,0.0340306,-0.74194,-0.143609,0.211671,-0.74194,8.40672,-2.99341,17.6499
2016-11-29,3142.2,257,17.9364,-0.106722,70.5785,3,-0.0110964,-0.202347,-0.270401,0.248209,-0.202347,7.63525,-2.1253,15.0685
2016-11-30,3165.09,252,17.8438,-0.220522,67.5221,3,0.165998,-0.607042,0.094017,0.23798,-0.607042,6.98141,-1.25512,11.7958
2016-12-01,3085.6,255,19.7447,-0.484767,63.91,3,-0.56484,-0.404694,-1.58742,0.457743,-0.404694,4.5038,-0.274814,9.68102
2016-12-02,3068.34,251,19.8539,-0.774892,59.0317,3,-0.672945,-0.876838,-1.81829,0.472396,-0.876838,1.75152,0.924962,6.3552
2016-12-05,3061.04,242,19.8712,-0.774976,56.6044,3,-0.605665,-0.944287,-1.68942,0.478094,-0.944287,-0.916081,2.16443,5.356
2016-12-06,3049.47,234,19.9128,-1.02092,56.0029,3,-0.49051,-1.55133,-1.46682,0.4858,-1.55133,-2.98983,3.40647,5.58625
2016-12-07,3015.47,233,17.5135,-1.14559,55.169,3,-1.00964,-1.28153,-2.22362,0.204346,-1.28153,-4.36239,3.81131,5.72013
2016-12-08,2989.71,233,17.4866,-1.07261,51.1625,3,-0.661335,-1.48388,-1.52425,0.201585,-1.48388,-4.88158,4.19317,1.85089
2016-12-09,2989.71,231,13.6911,-1.04079,46.1812,3,-0.766325,-1.31526,-1.28757,-0.245077,-1.31526,-6.24352,3.81706,-1.39236
2016-12-12,3002.8,233,13.8547,-0.575989,39.7824,3,-0.612385,-0.539593,-1.0012,-0.223573,-0.539593,-7.27833,3.45901,-6.39823
2016-12-13,2984.02,229,13.9376,-0.461974,34.8388,3,-0.654151,-0.269796,-1.09546,-0.212847,-0.269796,-8.34526,3.10453,-9.92046
2016-12-14,2982.29,222,13.4565,-0.568649,27.9695,3,-0.462806,-0.674491,-0.654868,-0.270745,-0.674491,-10.1509,2.672,-14.5516
2016-12-15,2964.56,222,13.4139,-0.542585,24.2233,3,-0.410679,-0.674491,-0.545599,-0.275758,-0.674491,-11.575,2.27454,-16.4763
2016-12-16,3000.47,218,14.3463,-0.457286,20.8365,3,-0.105183,-0.809389,-0.047891,-0.162475,-0.809389,-11.5139,1.9903,-19.6399
2016-12-19,2997.2,219,13.7533,-0.565215,18.6031,3,-0.253591,-0.876838,-0.272682,-0.234501,-0.876838,-12.0044,1.66024,-21.0528
2016-12-20,3019.44,217,14.145,-0.345174,16.4661,3,0.0515914,-0.74194,0.288131,-0.184948,-0.74194,-11.783,1.37596,-23.1268
2016-12-21,2988.06,218,14.4541,-0.150312,15.7445,3,-0.132001,-0.168623,-0.118161,-0.145841,-0.168623,-11.753,1.14255,-23.6451
2016-12-22,2989.14,220,12.9191,-0.049468,15.167,3,-0.098936,0,0.140715,-0.338587,0,-11.9631,0.715781,-23.5857
2016-12-23,2996.03,221,13.0207,0.0219251,15.3199,3,-0.293395,0.337245,-0.260259,-0.326532,0.337245,-12.5581,0.3057,-22.4276
2016-12-26,2996.6,221,13.0398,0.00139143,16.1378,3,-0.267013,0.269796,-0.207526,-0.326501,0.269796,-12.7359,-0.132066,-20.9942
2016-12-27,2996.6,218,12.8638,-0.114893,16.1187,3,-0.432133,0.202347,-0.512741,-0.351524,0.202347,-12.9315,-0.62317,-20.3267
2016-12-28,2992.81,222,12.3635,0.0474814,16.7535,3,-0.276007,0.37097,-0.134398,-0.417616,0.37097,-13.2152,-1.16859,-18.8627
2016-12-29,3019.72,224,9.76532,0.0353346,18.0308,3,-0.266576,0.337245,0.217878,-0.75103,0.337245,-11.8891,-2.19592,-17.8841
2016-12-30,3000.71,225,9.81185,-0.0522275,19.9041,3,-0.4417,0.337245,-0.138341,-0.745059,0.337245,-10.6771,-3.27347,-16.1452
2017-01-02,3000.71,225,9.80746,-0.054334,21.8844,3,-0.445913,0.337245,-0.146205,-0.745622,0.337245,-9.52353,-4.3901,-14.202
2017-01-03,3000.71,225,9.75648,0.0452041,25.0123,3,-0.449184,0.539593,-0.146205,-0.752164,0.539593,-8.57386,-5.58968,-10.8241
2017-01-04,2981.06,219,9.22444,-0.363927,27.4481,3,-0.592955,-0.134898,-0.365471,-0.820439,-0.134898,-7.03126,-6.59667,-8.92397
2017-01-05,2965.36,213,8.91382,-0.789512,28.3583,3,-0.904533,-0.674491,-0.948767,-0.860299,-0.674491,-6.54627,-7.59065,-7.50481
2017-01-06,2941.08,210,9.33174,-0.930274,28.7175,3,-0.916262,-0.944287,-1.02585,-0.80667,-0.944287,-6.32161,-8.11419,-6.84674
2017-01-09,2919.01,210,9.40994,-1.00312,27.3413,3,-1.06196,-0.944287,-1.33247,-0.791448,-0.944287,-6.57187,-8.56374,-7.5231
2017-01-10,2919.01,214,9.24232,-0.87168,26.0527,3,-1.06887,-0.674491,-1.32478,-0.812959,-0.674491,-6.72604,-9.03356,-8.18772
2017-01-11,2949.6,214,10.1095,-0.467077,26.3692,3,-0.664357,-0.269796,-0.627039,-0.701675,-0.269796,-6.71431,-9.43662,-7.47987
2017-01-12,2980.8,209,10.6197,-0.256383,27.2715,3,-0.31042,-0.202347,0.0179172,-0.638757,-0.202347,-6.24372,-9.81373,-6.67104
2017-01-13,2930.19,206,11.3542,-0.324398,27.6956,3,-0.44645,-0.202347,-0.348567,-0.544332,-0.202347,-6.52983,-10.1816,-5.59291
2017-01-16,2935.96,206,11.4093,-0.225483,28.7943,3,-0.248619,-0.202347,0.0407234,-0.537962,-0.202347,-6.28474,-10.5177,-4.40325
2017-01-17,2935.96,205,10.9789,-0.408937,28.5865,3,-0.278282,-0.539593,0.0391892,-0.595753,-0.539593,-6.50332,-10.8783,-4.03189
2017-01-18,2924.77,206,10.4961,-0.521134,27.3926,3,-0.603849,-0.438419,-0.546701,-0.660997,-0.438419,-6.84619,-11.2703,-4.49091
2017-01-19,2934.58,211,10.6032,-0.270875,26.6916,3,-0.744096,0.202347,-0.839298,-0.648894,0.202347,-7.6963,-11.5022,-4.10987
2017-01-20,2938.24,210,10.5672,-0.016007,26.5725,3,-0.369259,0.337245,-0.0828521,-0.655667,0.337245,-7.53193,-11.7887,-4.10693
2017-01-23,2927.91,209,10.595,-0.106102,26.2362,3,-0.482,0.269796,-0.308874,-0.655125,0.269796,-7.60707,-12.0582,-4.09852
2017-01-24,2908.53,210,10.7596,-0.101655,26.2775,3,-0.608005,0.404694,-0.580333,-0.635678,0.404694,-7.66941,-12.3152,-3.73783
2017-01-25,2932.01,207,11.28,-0.0971299,25.8283,3,-0.329158,0.134898,-0.0894107,-0.568905,0.134898,-7.60787,-12.4157,-4.14821
2017-01-26,2927.53,212,10.6461,-0.184821,25.1521,3,-0.470816,0.101174,-0.284879,-0.656753,0.101174,-8.02089,-12.2779,-4.54914
2017-01-27,2936.72,209,10.6136,-0.233532,24.6023,3,-0.43334,-0.0337245,-0.203125,-0.663555,-0.0337245,-8.04865,-12.1606,-5.18841
2017-01-30,2930.17,211,10.6131,-0.11578,24.4174,3,-0.400182,0.168623,-0.141973,-0.658391,0.168623,-8.03472,-12.0682,-5.47964
2017-01-31,2936.66,209,10.6748,-0.12236,23.9172,3,-0.210996,-0.0337245,0.225516,-0.647508,-0.0337245,-7.67949,-11.9339,-6.46945
2017-02-01,2921.9,203,10.5838,-0.359348,23.9308,3,-0.482624,-0.236072,-0.309254,-0.655994,-0.236072,-7.63076,-11.7903,-6.64816
2017-02-02,2906.78,197,10.5789,-0.750743,24.0461,3,-0.557198,-0.944287,-0.456478,-0.657918,-0.944287,-7.2034,-11.6217,-7.12885
2017-02-03,2882.2,190,10.6038,-1.00459,23.8253,3,-0.795103,-1.21408,-0.932541,-0.657664,-1.21408,-7.11005,-11.4724,-7.59218
2017-02-06,2855.8,193,10.7555,-1.03679,23.7257,3,-0.926942,-1.14663,-1.21446,-0.639419,-1.14663,-7.00127,-11.3306,-7.94238
2017-02-07,2853.99,197,10.7493,-0.86394,23.7486,3,-0.98594,-0.74194,-1.3311,-0.640783,-0.74194,-7.00797,-11.1812,-8.06225
2017-02-08,2867.76,205,10.1153,-0.311128,24.2122,3,-0.824603,0.202347,-0.922471,-0.726736,0.202347,-7.29156,-11.2401,-7.25613
2017-02-09,2879.49,200,9.33629,-0.208028,24.357,3,-0.685852,0.269796,-0.53935,-0.832354,0.269796,-7.7908,-11.4223,-6.42993
2017-02-10,2862.63,198,7.56089,-0.0686822,25.1301,3,-0.744406,0.607042,-0.415752,-1.07306,0.607042,-7.89126,-11.9513,-5.02727
2017-02-13,2851.98,195,7.51795,-0.210934,25.1745,3,-0.624215,0.202347,-0.169548,-1.07888,0.202347,-8.0802,-12.4349,-4.31035
2017-02-14,2875.46,193,8.25506,-0.295384,25.5223,3,-0.388421,-0.202347,0.202103,-0.978945,-0.202347,-7.95359,-12.804,-3.72011
2017-02-15,2867.64,198,8.21524,-0.481334,25.6448,3,-0.547598,-0.415071,-0.110851,-0.984344,-0.415071,-7.57182,-13.102,-3.68146
2017-02-16,2876.03,201,8.18671,-0.212116,25.8261,3,-0.570069,0.145836,-0.151925,-0.988213,0.145836,-6.96789,-13.4195,-3.78645
2017-02-17,2875.68,202,8.15107,-0.0375679,25.7595,3,-0.449853,0.374717,0.0933387,-0.993044,0.374717,-6.80797,-13.7144,-3.71808
2017-02-20,2902.81,202,8.8921,0.240712,26.8421,3,-0.118123,0.599547,0.65633,-0.892576,0.599547,-5.9877,-14.0188,-3.15138
2017-02-21,2902.81,199,8.58404,0.105027,27.4979,3,-0.31455,0.524604,0.305243,-0.934343,0.524604,-5.21328,-14.3413,-2.94751
2017-02-22,2902.68,199,8.02914,-0.0723578,27.5771,3,-0.294602,0.149887,0.420371,-1.00958,0.149887,-4.75646,-14.7446,-2.92183
2017-02-23,2893.55,199,8.07711,-0.250581,27.3673,3,-0.426218,-0.0749434,0.150636,-1.00307,-0.0749434,-4.35897,-15.0386,-3.23522
2017-02-24,2871.67,206,8.31593,-0.0979448,27.8008,3,-0.570607,0.374717,-0.170521,-0.970693,0.374717,-4.34028,-15.3525,-2.50647
2017-02-27,2886.52,204,8.59392,-0.209399,27.5011,3,-0.643628,0.22483,-0.354252,-0.933003,0.22483,-4.52407,-15.5738,-2.40103
2017-02-28,2896.27,202,8.65658,-0.132945,27.4673,3,-0.565664,0.299774,-0.209655,-0.921674,0.299774,-4.91491,-15.8176,-1.80017
2017-03-01,2919.17,195,9.00342,-0.298535,27.6617,3,-0.37224,-0.22483,0.128791,-0.873271,-0.22483,-4.52559,-16.0309,-1.7819
2017-03-02,2935.75,196,9.00553,-0.169079,29.554,3,-0.188272,-0.149887,0.495553,-0.872097,-0.149887,-3.7047,-16.3876,-0.353702
2017-03-03,2960.91,194,8.77678,-0.343262,31.775,3,0.137854,-0.824378,1.17725,-0.901543,-0.824378,-1.80278,-16.7816,0.359429
2017-03-06,2977.43,192,7.94888,-0.367039,34.0932,3,0.0903003,-0.824378,1.1921,-1.0115,-0.824378,0.414236,-17.282,0.960957
2017-03-07,2966.67,194,8.15247,-0.285595,36.1449,3,-0.0465852,-0.524604,0.888215,-0.981386,-0.524604,2.49127,-17.7202,1.37387
2017-03-08,2972.44,204,8.08148,0.285199,38.3029,3,-0.179037,0.749434,0.630391,-0.988464,0.749434,3.96674,-18.075,2.41117
2017-03-09,2987.88,208,8.13202,0.375742,40.4513,3,-0.18531,0.936793,0.609414,-0.980034,0.936793,5.0721,-18.3046,3.68382
2017-03-10,3004.43,200,7.69133,0.0850459,41.0222,3,-0.279569,0.449661,0.478605,-1.03774,0.449661,5.92402,-18.2921,3.39023
2017-03-13,2980.83,201,8.25314,0.0712162,42.0748,3,-0.532058,0.674491,-0.106018,-0.958099,0.674491,5.99557,-18.2125,4.2918
2017-03-14,2987.93,209,7.94576,0.351332,44.5079,3,-0.421487,1.12415,0.154763,-0.997737,1.12415,5.97139,-18.2938,6.83024
2017-03-15,2997.73,205,7.7642,-0.164691,45.7073,3,-0.404325,0.0749434,0.212904,-1.02155,0.0749434,6.28713,-18.3519,7.77206
2017-03-16,2972.61,196,8.62329,-0.772049,43.5896,3,-0.644777,-0.899321,-0.385477,-0.904078,-0.899321,6.05018,-18.228,5.76746
2017-03-17,2923.96,192,10.7643,-0.792365,40.7649,3,-0.985183,-0.599547,-1.35585,-0.61451,-0.599547,4.65127,-17.7841,3.8977
2017-03-20,2912.53,192,10.3911,-0.797714,36.9587,3,-0.920938,-0.674491,-1.17625,-0.665623,-0.674491,2.89141,-17.4072,1.47447
2017-03-21,2912.53,195,10.3911,-0.994846,33.0629,3,-0.968842,-1.02085,-1.27226,-0.665425,-1.02085,1.39487,-16.9294,-1.40262
2017-03-22,2904.87,198,10.4386,-0.782804,30.6376,3,-1.09164,-0.473966,-1.52282,-0.66046,-0.473966,-0.397551,-16.4351,-2.52978
2017-03-23,2936.82,194,11.0482,-0.350953,30.3013,3,-0.626963,-0.0749434,-0.68027,-0.573656,-0.0749434,-1.156,-16.0169,-2.52579
2017-03-24,2921.25,189,10.8483,-0.271314,29.7245,3,-0.392741,-0.149887,-0.194148,-0.591333,-0.149887,-1.1743,-15.6266,-3.47458
2017-03-27,2899.94,186,11.0936,-0.411172,29.0596,3,-0.447626,-0.374717,-0.342447,-0.552806,-0.374717,-1.15965,-15.2291,-4.55167
2017-03-28,2913.48,183,11.1511,-0.572508,27.6356,3,-0.342919,-0.802097,-0.140338,-0.5455,-0.802097,-1.08832,-14.7736,-6.50242
2017-03-29,2911.99,184,10.7865,-0.610674,26.6457,3,-0.322027,-0.899321,-0.0479738,-0.59608,-0.899321,-1.24041,-14.4404,-7.6735
2017-03-30,2888.02,188,10.9277,-0.548024,25.4685,3,-0.731459,-0.36459,-0.886229,-0.576689,-0.36459,-2.46013,-14.0721,-7.99926
2017-03-31,2880.24,192,10.3654,-0.206701,25.8896,3,-0.713177,0.299774,-0.771905,-0.654448,0.299774,-4.20476,-13.8896,-6.01604
2017-04-03,2885.57,196,10.1162,0.146554,27.5048,3,-0.53127,0.824378,-0.373738,-0.688802,0.824378,-5.65542,-13.7341,-3.10564
2017-04-04,2866.87,195,10.2446,0.059897,28.6186,3,-0.767694,0.887488,-0.863981,-0.671406,0.887488,-7.27738,-13.5376,-0.566381
2017-04-05,2869.32,194,10.2003,-0.0162675,27.6455,3,-0.74075,0.708215,-0.803984,-0.677517,0.708215,-8.53121,-13.1856,-0.637656
2017-04-06,2857.65,196,9.88868,-0.0488943,26.303,3,-0.671106,0.573317,-0.621725,-0.720487,0.573317,-9.56466,-12.8498,-1.28251
2017-04-07,2853.1,194,9.4622,-0.270719,25.2045,3,-0.676337,0.134898,-0.573378,-0.779295,0.134898,-10.4321,-12.531,-1.83245
2017-04-10,2858,197,9.36193,-0.309365,24.0567,3,-0.686178,0.0674491,-0.579235,-0.793121,0.0674491,-10.7676,-12.2881,-2.88758
2017-04-11,2867.13,201,9.41765,-0.032025,22.9299,3,-0.468744,0.404694,-0.152052,-0.785437,0.404694,-10.9473,-12.0018,-4.12095
2017-04-12,2868.6,201,9.25973,-0.00750957,23.3883,3,-0.487163,0.472144,-0.167112,-0.807214,0.472144,-11.318,-11.8551,-3.43869
2017-04-13,2872.55,201,9.03792,-0.0229516,25.6411,3,-0.383149,0.337245,0.0715024,-0.837799,0.337245,-11.0875,-11.9808,-1.29054
2017-04-14,2872.55,201,7.15937,-0.0027457,28.1327,3,-0.477635,0.472144,0.141566,-1.09684,0.472144,-9.89942,-12.5947,0.626814
2017-04-17,2872.55,198,7.07401,-0.227352,30.0023,3,-0.522153,0.0674491,0.0643007,-1.10861,0.0674491,-8.86354,-13.1207,1.98654
2017-04-18,2854.89,203,7.32822,-0.288419,32.3927,3,-0.711735,0.134898,-0.349918,-1.07355,0.134898,-8.10844,-13.6381,4.13923
2017-04-19,2837.9,198,7.52,-0.521843,33.2951,3,-0.841339,-0.202347,-0.635571,-1.04711,-0.202347,-7.31664,-14.0451,4.65687
2017-04-20,2856.48,198,6.69583,-0.492926,32.8029,3,-0.783505,-0.202347,-0.40679,-1.16022,-0.202347,-7.04991,-14.5597,4.41252
2017-04-21,2863.39,195,6.65647,-0.568648,31.7818,3,-0.732601,-0.404694,-0.299558,-1.16564,-0.404694,-7.11706,-15.0264,3.92518
2017-04-24,2868.89,192,6.2907,-0.555347,31.2915,3,-0.705999,-0.404694,-0.195938,-1.21606,-0.404694,-6.96737,-15.6029,3.86176
2017-04-25,2871.98,190,6.02098,-0.702656,30.8518,3,-0.562199,-0.843113,0.128836,-1.25323,-0.843113,-6.70702,-16.2202,3.77897
2017-04-26,2899.13,194,7.01386,-0.190437,32.2812,3,-0.144802,-0.236072,0.826783,-1.11639,-0.236072,-5.94278,-16.8012,5.02515
2017-04-27,2928.07,195,7.21738,-0.111041,33.7958,3,-0.0534601,-0.168623,0.981416,-1.08834,-0.168623,-4.24675,-17.376,5.41858
2017-04-28,2944.31,195,7.29595,0.0281821,34.6211,3,0.0226398,0.0337245,1.12279,-1.07751,0.0337245,-2.49754,-17.8213,4.93995
2017-05-01,2947.85,191,7.29075,0.00300132,34.1159,3,0.00600264,0,1.09023,-1.07822,0,-1.13414,-18.1506,3.40062
2017-05-02,2947.85,191,6.73995,0.0392568,34.0434,3,-0.0563845,0.134898,1.04137,-1.15414,0.134898,0.634306,-18.5938,2.00294
2017-05-03,2945.53,190,6.7824,-0.240558,33.2603,3,-0.278768,-0.202347,0.590752,-1.14829,-0.202347,1.92293,-18.9747,0.312038
2017-05-04,2930.17,194,6.91488,-0.305579,32.3729,3,-0.611157,0,-0.0922857,-1.13003,0,2.40425,-19.2851,-0.74624
2017-05-05,2967.44,195,7.91154,-0.151242,32.7848,3,-0.377428,0.0749434,0.237804,-0.992661,0.0749434,3.15742,-19.5144,-0.858229
2017-05-08,2961.78,194,8.03041,-0.0707527,33.6135,3,-0.441279,0.299774,0.093719,-0.976277,0.299774,3.79111,-19.7471,-0.4305
2017-05-09,2959.26,194,8.06459,-0.0794965,33.448,3,-0.458767,0.299774,0.0540329,-0.971566,0.299774,3.97955,-19.9071,-0.624527
2017-05-10,2967.24,191,8.0634,-0.113915,33.0781,3,-0.377716,0.149887,0.216298,-0.97173,0.149887,4.32836,-20.0307,-1.21955
2017-05-11,2949.35,190,8.51945,-0.295106,32.1397,3,-0.365382,-0.22483,0.178109,-0.908873,-0.22483,4.4101,-20.02,-2.25035
2017-05-12,2933.92,193,8.82516,-0.417352,30.7319,3,-0.75976,-0.0749434,-0.652783,-0.866738,-0.0749434,3.65571,-19.6857,-3.23805
2017-05-15,2918.69,190,9.09701,-0.520267,29.754,3,-0.815703,-0.22483,-0.802137,-0.829269,-0.22483,2.84926,-19.3396,-3.7556
2017-05-16,2883.87,189,9.89058,-0.657183,28.5435,3,-1.01459,-0.299774,-1.31287,-0.716313,-0.299774,1.95969,-18.8966,-4.51957
2017-05-17,2873.22,198,9.725,-0.286881,29.3121,3,-1.17331,0.599547,-1.61093,-0.735691,0.599547,1.08081,-18.6891,-3.07961
2017-05-18,2893.4,201,9.76449,0.0165888,31.0109,3,-0.866143,0.899321,-1.00266,-0.729629,0.899321,0.543502,-18.4473,-1.08531
2017-05-19,2932.16,198,10.7432,0.0418016,33.1006,3,-0.366057,0.449661,-0.138389,-0.593726,0.449661,0.697346,-18.0818,0.485091
2017-05-22,2889.45,196,12.1194,0.0157744,35.1047,3,-0.493055,0.524604,-0.585436,-0.400674,0.524604,0.339654,-17.4548,2.21984
2017-05-23,2895.12,193,12.1304,0.104295,38.0073,3,-0.166126,0.374717,0.0678058,-0.400058,0.374717,0.285282,-16.8058,4.52781
2017-05-24,2904.61,193,11.7145,-0.165238,38.0991,3,-0.0307028,-0.299774,0.39767,-0.459076,-0.299774,-0.117942,-16.1921,4.40916
2017-05-25,2905.29,196,11.1252,-0.267533,37.5299,3,-0.235292,-0.299774,0.0724924,-0.543077,-0.299774,-0.970688,-15.6557,4.15628
2017-05-26,2911.66,198,10.9512,-0.216709,36.6446,3,-0.508362,0.0749434,-0.448321,-0.568403,0.0749434,-2.43881,-15.1395,4.22292
2017-05-29,2913.47,198,10.9408,0.0372934,36.7681,3,-0.150243,0.22483,0.270141,-0.570628,0.22483,-3.2076,-14.6698,4.64551
2017-05-30,2913.47,199,10.9408,0.163109,37.2155,3,-0.198387,0.524604,0.177394,-0.574168,0.524604,-4.02178,-14.145,5.38226
2017-05-31,2920.42,203,10.9908,0.303194,39.1993,3,-0.21799,0.824378,0.135291,-0.571271,0.824378,-4.47174,-13.6741,7.34519
2017-06-01,2921,201,10.8443,0.109628,40.7336,3,-0.230405,0.449661,0.133612,-0.594421,0.449661,-4.27309,-13.2134,8.2201
2017-06-02,2895.73,201,10.1252,-0.118299,40.856,3,-0.536371,0.299774,-0.375943,-0.696798,0.299774,-4.8546,-12.9368,8.64738
2017-06-05,2894.72,195,10.1264,-0.353422,39.809,3,-0.556956,-0.149887,-0.417275,-0.696638,-0.149887,-5.32622,-12.6446,7.77977
2017-06-06,2895.85,194,10.1407,-0.421073,38.5535,3,-0.542372,-0.299774,-0.390151,-0.694594,-0.299774,-5.72841,-12.3466,6.6285
2017-06-07,2893.76,188,10.0441,-0.834721,35.9447,3,-0.620233,-1.04921,-0.53211,-0.708357,-1.04921,-6.38534,-12.0099,4.33987
2017-06-08,2907.1,190,10.081,-0.630521,34.7518,3,-0.511608,-0.749434,-0.320126,-0.703091,-0.749434,-6.82371,-11.7711,3.34666
2017-06-09,2919.82,187,10.0863,-0.586584,34.1556,3,-0.198904,-0.974264,0.304537,-0.702345,-0.974264,-5.92056,-11.5936,1.6698
2017-06-12,2919.58,185,9.91436,-0.439425,34.4399,3,-0.204359,-0.674491,0.318105,-0.726822,-0.674491,-4.88555,-11.5103,0.835751
2017-06-13,2929.2,183,8.88892,-0.459238,35.1399,3,-0.206513,-0.711962,0.459798,-0.872825,-0.711962,-3.24602,-11.6839,0.0698146
2017-06-14,2933.13,186,8.73067,-0.0823434,35.8684,3,-0.164687,0,0.56241,-0.891784,0,-1.22433,-11.8575,-1.04971
2017-06-15,2924.75,191,8.53625,-0.0645939,35.5786,3,-0.354018,0.22483,0.204646,-0.912682,0.22483,-0.0968825,-12.0173,-2.30722
2017-06-16,2953.83,195,7.92303,0.227413,36.2424,3,-0.257137,0.711962,0.478578,-0.992852,0.711962,0.479701,-12.4157,-1.82163
2017-06-19,2961.68,197,5.60978,0.311992,37.3103,3,-0.350281,0.974264,0.614176,-1.31474,0.974264,1.60623,-13.312,-0.983967
2017-06-20,2961.68,207,5.61929,0.721045,39.5644,3,-0.431496,1.87359,0.447972,-1.31096,1.87359,1.97401,-14.2475,1.83785
2017-06-21,3029.53,209,9.48006,1.05083,44.1056,3,0.35163,1.75003,1.47273,-0.769475,1.75003,3.01188,-14.6564,5.75016
2017-06-22,3053.9,207,9.67642,0.918603,48.6116,3,0.630224,1.20698,2.00036,-0.739909,1.20698,4.86155,-14.895,8.64505
2017-06-23,3035.83,202,10.1295,0.422938,51.0527,3,0.277884,0.567992,1.23228,-0.676515,0.567992,6.46544,-14.9994,9.58664
2017-06-26,3010.68,201,10.7775,0.210536,51.7135,3,0.0564823,0.36459,0.699816,-0.586851,0.36459,6.87408,-15.012,9.85144
2017-06-27,3010.68,200,10.7775,-0.190513,50.3643,3,0.0564823,-0.437508,0.699816,-0.586851,-0.437508,7.3746,-15.0285,8.01823
2017-06-28,3025.28,199,10.835,-0.523192,47.2124,3,-0.371893,-0.674491,-0.164887,-0.578898,-0.674491,7.08249,-15.0238,5.15365
2017-06-29,3023.64,202,10.8524,-0.424733,45.1823,3,-0.587165,-0.262302,-0.597835,-0.576494,-0.262302,6.37473,-14.9823,3.78985
2017-06-30,3038.26,200,10.1709,-0.180504,44.9467,3,-0.361008,0,-0.0512341,-0.670782,0,6.68218,-14.9539,3.21836
2017-07-03,3050.43,197,10.1319,-0.100264,45.9066,3,-0.0506416,-0.149887,0.573816,-0.675099,-0.149887,7.63242,-14.9472,3.22134
2017-07-04,3050.43,197,10.1442,-0.062003,47.272,3,-0.0490625,-0.0749434,0.575271,-0.673396,-0.0749434,8.56041,-14.9416,3.65323
2017-07-05,3050.43,202,10.1161,0.100758,50.8404,3,-0.173202,0.374717,0.330103,-0.676507,0.374717,9.38914,-14.9218,6.37309
2017-07-06,3068.93,207,10.1662,0.262218,54.2399,3,-0.000168828,0.524604,0.669248,-0.669586,0.524604,10.3144,-14.8629,8.78837
2017-07-07,3084.19,206,10.1813,0.282429,57.5198,3,0.00278283,0.562076,0.673079,-0.667513,0.562076,10.6219,-14.7691,11.667
2017-07-10,3092.65,204,10.1267,0.283478,60.21,3,-0.032591,0.599547,0.609589,-0.674771,0.599547,10.8426,-14.6444,14.0118
2017-07-11,3067.33,201,10.8624,0.0910462,62.2265,3,-0.192625,0.374717,0.188055,-0.573305,0.374717,10.5339,-14.2909,15.9835
2017-07-12,3067.73,202,10.8851,-0.0561508,62.3217,3,-0.187245,0.0749434,0.195683,-0.570173,0.0749434,10.1869,-13.9852,16.1201
2017-07-13,3052.3,203,11.0471,-0.343402,61.3046,3,-0.461975,-0.22483,-0.37612,-0.547829,-0.22483,9.66716,-13.6788,15.3162
2017-07-14,3043.6,204,10.7831,-0.359319,59.1393,3,-0.681166,-0.0374717,-0.778098,-0.584234,-0.0374717,8.52519,-13.3582,13.9724
2017-07-17,3019.56,204,11.2757,-0.404172,56.4588,3,-0.920759,0.112415,-1.32522,-0.516297,0.112415,6.72092,-12.6596,12.3975
2017-07-18,3030.6,203,11.3086,-0.17346,53.07,3,-0.609223,0.262302,-0.706676,-0.511769,0.262302,5.64318,-11.941,9.36781
2017-07-19,3013.26,201,8.21703,-0.467184,47.2811,3,-0.97184,0.0374717,-1.00572,-0.937962,0.0374717,3.28123,-12.1042,6.10403
2017-07-20,3010,198,7.61335,-0.567377,41.6687,3,-0.909923,-0.22483,-0.798777,-1.02107,-0.22483,0.608301,-12.2911,3.3515
2017-07-21,3010,198,7.36193,-0.576244,37.9812,3,-0.852714,-0.299774,-0.649815,-1.05561,-0.299774,-1.16494,-12.5475,1.6937
2017-07-24,3010.77,201,6.74628,-0.378793,35.8543,3,-0.682642,-0.0749434,-0.224968,-1.14032,-0.0749434,-2.02126,-12.9869,0.862429
2017-07-25,3023.67,197,6.91475,-0.476217,34.8382,3,-0.652661,-0.299774,-0.188556,-1.11677,-0.299774,-2.8412,-13.4365,1.11589
2017-07-26,3026.55,195,6.70461,-0.397041,35.2856,3,-0.494308,-0.299774,0.156843,-1.14546,-0.299774,-2.54565,-13.9849,1.81606
2017-07-27,3026.22,193,6.70154,-0.346907,35.5625,3,-0.468984,-0.22483,0.207803,-1.14577,-0.22483,-1.79642,-14.5287,1.88763
2017-07-28,3002.94,195,6.98803,-0.361779,34.9186,3,-0.648615,-0.0749434,-0.191632,-1.1056,-0.0749434,-1.92325,-14.9022,1.74405
2017-07-31,2995.23,194,6.8033,-0.553578,33.3274,3,-0.732439,-0.374717,-0.336854,-1.12802,-0.374717,-2.75498,-15.2355,1.31784
2017-08-01,2997.59,196,6.82303,-0.373186,32.252,3,-0.821315,0.0749434,-0.519084,-1.12355,0.0749434,-3.7516,-15.5848,1.58842
2017-08-02,2973.03,197,7.29213,-0.364033,30.6733,3,-1.02784,0.299774,-0.998628,-1.05705,0.299774,-4.94165,-15.8253,1.44027
2017-08-03,2964.66,201,6.77032,-0.189765,29.1717,3,-1.12896,0.749434,-1.13812,-1.11981,0.749434,-6.54759,-16.119,1.83828
2017-08-04,2954.54,200,6.31011,-0.256337,27.4279,3,-1.03728,0.524604,-0.903636,-1.17092,0.524604,-7.90504,-16.4206,1.75356
2017-08-07,2974.39,197,6.84974,-0.191875,25.9334,3,-0.758467,0.374717,-0.423637,-1.0933,0.374717,-8.75607,-16.6474,1.33686
2017-08-08,2974.39,195,6.46208,-0.364121,24.5428,3,-0.805327,0.0770847,-0.468705,-1.14195,0.0770847,-9.25702,-16.9988,0.79862
2017-08-09,2994.62,202,7.09013,0.0893589,24.9829,3,-0.360875,0.539593,0.325601,-1.04735,0.539593,-9.16942,-17.4724,1.62477
2017-08-10,3011.14,210,7.31763,0.350611,27.1386,3,-0.123156,0.824378,0.765145,-1.01146,0.824378,-8.26812,-18.1254,3.53206
2017-08-11,2994.85,208,7.47417,0.292152,29.243,3,-0.165129,0.749434,0.658304,-0.988562,0.749434,-7.0581,-18.702,5.0031
2017-08-14,2984.99,203,7.05798,0.070393,30.8223,3,-0.458761,0.599547,0.125819,-1.04334,0.599547,-5.78339,-19.328,5.93367
2017-08-15,2966.54,198,7.14139,-0.119073,31.0056,3,-0.612864,0.374717,-0.200738,-1.02499,0.374717,-5.32452,-19.8146,6.1447
2017-08-16,2974.7,199,7.0399,-0.400566,31.2309,3,-0.726189,-0.0749434,-0.419565,-1.03281,-0.0749434,-4.79213,-19.9217,5.94465
2017-08-17,2967.32,204,7.069,-0.618841,31.0568,3,-0.937909,-0.299774,-0.849161,-1.02666,-0.299774,-4.83458,-19.9112,5.8026
2017-08-18,2980.03,203,7.28575,-0.443996,31.5049,3,-0.663162,-0.22483,-0.330297,-0.996026,-0.22483,-4.55072,-19.8962,5.95186
2017-08-21,2994.39,203,7.52364,-0.156121,32.2656,3,-0.427869,0.115627,0.105902,-0.961639,0.115627,-4.2606,-19.7962,6.32246
2017-08-22,2994.39,202,7.33144,0.0683909,34.1571,3,-0.272001,0.408782,0.439618,-0.983619,0.408782,-3.70887,-19.8187,7.68473
2017-08-23,2986.83,204,7.34493,0.0457688,35.7252,3,-0.414331,0.505868,0.149149,-0.97781,0.505868,-3.73597,-19.7687,9.2299
2017-08-24,2986.88,199,7.34632,-0.34163,35.7441,3,-0.346015,-0.337245,0.284582,-0.976611,-0.337245,-3.66453,-19.612,9.0206
2017-08-25,2972.98,200,7.02944,-0.390247,35.6425,3,-0.611871,-0.168623,-0.20602,-1.01772,-0.168623,-3.67676,-19.5236,8.84283
2017-08-28,2933.96,200,8.33795,-0.591914,35.5058,3,-1.0152,-0.168623,-1.19883,-0.831583,-0.168623,-4.47908,-19.2384,9.22335
2017-08-29,2934.23,201,8.32144,-0.503474,35.0428,3,-1.00695,0,-1.18409,-0.829809,0,-5.09147,-18.9353,9.06957
2017-08-30,2940.35,199,7.94114,-0.599455,34.2118,3,-0.90382,-0.29509,-0.928414,-0.879225,-0.29509,-5.01149,-18.7152,7.93851
2017-08-31,2937.09,195,7.8995,-0.551054,32.9514,3,-0.933486,-0.168623,-0.985508,-0.881465,-0.168623,-4.84662,-18.4059,6.20392
2017-09-01,2948.09,191,7.95311,-0.644662,31.618,3,-0.699144,-0.590179,-0.525199,-0.873089,-0.590179,-4.47206,-18.0306,4.12062
2017-09-04,2936.07,191,7.64432,-0.528716,30.4803,3,-0.467253,-0.590179,-0.0192058,-0.9153,-0.590179,-4.07935,-17.7754,2.33504
2017-09-05,2936.07,194,7.64432,-0.443419,30.2152,3,-0.46528,-0.421557,-0.0159484,-0.914612,-0.421557,-3.66079,-17.5455,1.42141
2017-09-06,2923.49,194,7.21594,-0.462953,28.3978,3,-0.672972,-0.252934,-0.375424,-0.97052,-0.252934,-4.26148,-17.315,-0.0257804
2017-09-07,2919.5,193,6.76763,-0.355077,26.1548,3,-0.710155,0,-0.392897,-1.02741,0,-5.24092,-17.1063,-1.49803
2017-09-08,2907.96,192,6.67566,-0.340116,24.2253,3,-0.933166,0.252934,-0.830215,-1.03612,0.252934,-6.48748,-16.9324,-2.35483
2017-09-11,2909.15,188,6.67088,-0.444667,22.7124,3,-0.805022,-0.0843113,-0.575975,-1.03407,-0.0843113,-7.02809,-16.7377,-3.52176
2017-09-12,2916.1,187,6.5268,-0.583834,21.3942,3,-0.746111,-0.421557,-0.441361,-1.05086,-0.421557,-7.16204,-16.5845,-4.85922
2017-09-13,2923.03,184,6.50075,-0.614781,20.8019,3,-0.555071,-0.674491,-0.061314,-1.04883,-0.674491,-6.81848,-16.5151,-5.86449
2017-09-14,2909.52,185,6.61498,-0.571376,20.9323,3,-0.636885,-0.505868,-0.251015,-1.02275,-0.505868,-6.31195,-16.5303,-6.22542
2017-09-15,2905.98,186,6.31654,-0.455805,20.8998,3,-0.574364,-0.337245,-0.0924666,-1.05626,-0.337245,-6.1058,-16.5775,-6.4169
2017-09-18,2897.83,185,5.91216,-0.389734,20.2633,3,-0.695157,-0.0843113,-0.280277,-1.11004,-0.0843113,-6.40182,-16.6119,-6.72291
2017-09-19,2906.06,186,6.09918,-0.291763,19.3051,3,-0.667837,0.0843113,-0.254056,-1.08162,0.0843113,-6.93301,-16.5486,-7.21337
2017-09-20,2904.6,188,6.09616,-0.120686,18.8717,3,-0.747239,0.505868,-0.414473,-1.08001,0.505868,-7.37949,-16.5656,-7.18323
2017-09-21,2893.18,191,6.13619,-0.0238195,19.7044,3,-0.72213,0.674491,-0.371702,-1.07256,0.674491,-7.99636,-16.7793,-5.51999
2017-09-22,2913.96,189,6.75506,-0.00633151,20.7394,3,-0.43422,0.421557,0.116402,-0.984841,0.421557,-7.79432,-16.9078,-4.55854
2017-09-25,2900.73,193,5.19926,0.126379,22.76,3,-0.590355,0.843113,0.0149263,-1.19564,0.843113,-6.86486,-17.5063,-2.86884
2017-09-26,2924.57,193,6.05847,0.192865,24.8204,3,-0.373071,0.758802,0.328022,-1.07416,0.758802,-5.62822,-17.9836,-1.56778
2017-09-27,2930.7,191,6.05898,0.0642272,26.8731,3,-0.293102,0.421557,0.479997,-1.0662,0.421557,-4.43828,-18.3861,-0.302523
2017-09-28,2940.66,187,6.17548,-0.117706,28.258,3,-0.0667899,-0.168623,0.905344,-1.03892,-0.168623,-2.76373,-18.6734,-0.304908
2017-09-29,2941.07,185,6.02145,-0.224192,29.6337,3,-0.279761,-0.168623,0.496326,-1.05585,-0.168623,-1.85334,-18.9736,0.46064
2017-10-02,2936.67,185,5.86334,-0.352912,30.2178,3,-0.199956,-0.505868,0.673868,-1.07378,-0.505868,-1.22572,-19.1724,0.615936
2017-10-03,2949.33,183,6.05794,-0.485221,30.0784,3,-0.295951,-0.674491,0.447667,-1.03957,-0.674491,-0.801811,-19.2736,0.153881
2017-10-04,2953.81,184,5.82989,-0.372764,30.3795,3,-0.323971,-0.421557,0.412394,-1.06034,-0.421557,-0.0829864,-19.3834,-0.154102
2017-10-05,2945.59,184,5.91196,-0.290932,30.5944,3,-0.497552,-0.0843113,0.0452086,-1.04031,-0.0843113,0.317714,-19.4148,-0.308516
2017-10-06,2926.82,186,6.20795,-0.206883,31.043,3,-0.6667,0.252934,-0.335875,-0.997524,0.252934,0.771528,-19.4194,-0.309152
2017-10-09,2942.19,186,6.44875,-0.101751,32.2104,3,-0.456437,0.252934,0.0506414,-0.963515,0.252934,1.35279,-19.4532,0.310724
2017-10-10,2942.19,189,6.41489,0.0456035,34.3988,3,-0.583284,0.674491,-0.200987,-0.96558,0.674491,1.58762,-19.539,2.35021
2017-10-11,2947.06,190,6.39124,0.0471838,36.758,3,-0.580123,0.674491,-0.194159,-0.966088,0.674491,1.47545,-19.6119,4.89448
2017-10-12,2953.77,189,6.1336,0.0704702,39.0943,3,-0.449239,0.590179,0.10107,-0.999548,0.590179,1.81638,-19.7124,6.99031
2017-10-13,2949.69,190,6.14091,0.0815208,41.0814,3,-0.300671,0.463712,0.393737,-0.995079,0.463712,2.28419,-19.7388,8.53594
2017-10-16,2932.05,187,6.48079,-0.197463,41.7983,3,-0.605705,0.210778,-0.26705,-0.944359,0.210778,2.29973,-19.6078,9.10635
2017-10-17,2932.05,185,6.42823,-0.386381,41.4451,3,-0.604139,-0.168623,-0.26467,-0.943608,-0.168623,2.28822,-19.4647,8.6216
2017-10-18,2944.27,183,6.54892,-0.4666,40.1601,3,-0.511644,-0.421557,-0.11001,-0.913278,-0.421557,2.56995,-19.2577,6.84788
2017-10-19,2935.66,184,6.46366,-0.45813,38.5618,3,-0.663326,-0.252934,-0.413864,-0.912788,-0.252934,2.52077,-19.0362,5.07726
2017-10-20,2921.92,184,6.26612,-0.555303,36.5694,3,-0.77336,-0.337245,-0.612834,-0.933886,-0.337245,1.82459,-18.8846,3.62935
2017-10-23,2936.66,183,6.23863,-0.308324,35.0167,3,-0.442586,-0.174062,0.0499769,-0.935149,-0.174062,1.8482,-18.5486,1.71706
2017-10-24,2947.69,184,5.70024,-0.135983,33.8583,3,-0.364999,0.0930332,0.27795,-1.00795,0.0930332,1.79418,-18.4111,0.475207
2017-10-25,2971.36,185,6.28868,0.0841696,33.9281,3,-0.203794,0.372133,0.513941,-0.921528,0.372133,1.82613,-18.2816,0.383639
2017-10-26,2989.39,186,6.50711,0.230225,35.1551,3,0.0883164,0.372133,1.06237,-0.885738,0.372133,1.98033,-18.2181,1.39285
2017-10-27,3008.8,184,6.80067,0.317441,37.0958,3,0.448815,0.186066,1.7418,-0.844167,0.186066,3.15963,-18.1299,2.06614
2017-10-30,3009.85,184,6.73705,0.288623,39.4374,3,0.298145,0.2791,1.44795,-0.851655,0.2791,3.90866,-18.0303,3.55898
2017-10-31,3011.44,183,6.64138,0.142747,41.767,3,0.192461,0.0930332,1.24735,-0.862427,0.0930332,4.68479,-17.9479,5.03014
2017-11-01,3039.19,185,7.24274,0.201185,43.9221,3,0.26282,0.13955,1.30148,-0.775835,0.13955,5.5453,-17.7366,6.11338
2017-11-02,3038.56,184,7.10028,0.0316885,45.1419,3,0.0633771,0,0.919765,-0.793011,0,6.38558,-17.5262,6.28252
2017-11-03,3054.38,186,6.55023,0.180794,46.6136,3,-0.0105449,0.372133,0.843443,-0.864533,0.372133,7.51772,-17.4219,6.51776
2017-11-06,3055.57,187,6.47104,0.235344,47.8972,3,-0.0110901,0.481779,0.845866,-0.868047,0.481779,8.28175,-17.3437,6.95912
2017-11-07,3055.57,192,6.47104,0.499937,49.6303,3,-0.0234919,1.02337,0.814353,-0.861337,1.02337,9.25432,-17.252,7.62804
2017-11-08,3026.94,190,7.61603,0.0781699,49.7486,3,-0.494893,0.651232,-0.28975,-0.700035,0.651232,9.16317,-16.9983,7.58371
2017-11-09,3017.78,191,7.76088,0.108751,49.8947,3,-0.565779,0.78328,-0.456875,-0.674682,0.78328,8.63082,-16.6884,7.95227
2017-11-10,3015.52,188,7.73755,-0.183378,48.8838,3,-0.738889,0.372133,-0.812091,-0.665686,0.372133,7.47923,-16.372,7.77649
2017-11-13,3004.88,189,7.48287,-0.241692,48.715,3,-0.868808,0.385423,-1.04605,-0.691562,0.385423,6.7357,-16.1301,8.1094
2017-11-14,3004.88,190,7.48287,-0.431139,48.5443,3,-0.862279,0,-1.04335,-0.681209,0,5.99251,-15.879,8.43074
2017-11-15,3016.7,196,7.4712,0.156263,50.9213,3,-0.45832,0.770847,-0.242462,-0.674178,0.770847,5.86693,-15.653,10.7073
2017-11-16,3023.88,188,7.31668,-0.1994,51.9082,3,-0.302445,-0.0963558,0.0862845,-0.691174,-0.0963558,6.34228,-15.437,11.0029
2017-11-17,3015.79,188,7.12387,-0.0893388,53.6822,3,-0.371389,0.192712,-0.0304737,-0.712305,0.192712,6.89059,-15.2098,12.0014
2017-11-20,3003.19,188,7.2814,-0.137638,54.3304,3,-0.371631,0.0963558,-0.064612,-0.67865,0.0963558,6.77769,-14.9572,12.5099
2017-11-21,3011.32,187,7.24068,-0.190977,54.1216,3,-0.285599,-0.0963558,0.101836,-0.673033,-0.0963558,6.6112,-14.641,12.1514
2017-11-22,3001.07,186,6.91763,-0.644935,51.3458,3,-0.519024,-0.770847,-0.341779,-0.696268,-0.770847,5.80536,-14.4494,9.98989
2017-11-23,2982.73,186,6.97186,-0.380784,49.0141,3,-0.761567,0,-0.862102,-0.661033,0,3.96969,-14.2363,9.28065
2017-11-24,2982.73,183,6.5255,-0.493106,45.9273,3,-0.697145,-0.289067,-0.686906,-0.707383,-0.289067,1.6497,-14.0827,8.36025
2017-11-27,2976.39,181,6.54522,-0.552585,42.7498,3,-0.623392,-0.481779,-0.56315,-0.683634,-0.481779,-0.26497,-13.8696,6.8844
2017-11-28,2986.84,177,6.69438,-0.676356,39.7002,3,-0.581865,-0.770847,-0.517618,-0.646111,-0.770847,-1.92867,-13.5859,5.21475
2017-11-29,3003.94,177,6.12548,-0.506998,37.1127,3,-0.339504,-0.674491,0.0408494,-0.719858,-0.674491,-3.09759,-13.4443,3.65454
2017-11-30,3006.09,176,6.14173,-0.447809,35.3924,3,-0.124772,-0.770847,0.46493,-0.714474,-0.770847,-3.50531,-13.3001,2.19786
2017-12-01,3006.04,178,5.76385,-0.220892,33.9738,3,-0.152716,-0.289067,0.456889,-0.762322,-0.289067,-3.84665,-13.1397,0.960166
2017-12-04,3005.76,175,5.7532,-0.237477,32.3327,3,-0.0895306,-0.385423,0.582467,-0.761528,-0.385423,-4.06489,-12.9576,-0.644784
2017-12-05,2993.49,174,5.85798,-0.209059,29.9358,3,-0.321763,-0.0963558,0.103031,-0.746557,-0.0963558,-4.67002,-12.7141,-2.68013
2017-12-06,2996.53,177,4.9816,-0.16757,29.1242,3,-0.527851,0.192712,-0.196932,-0.85877,0.192712,-4.56681,-12.8068,-3.50219
2017-12-07,3007.07,177,5.08189,-0.0687023,28.5446,3,-0.426472,0.289067,-0.0181405,-0.834804,0.289067,-4.15572,-12.913,-4.38662
2017-12-08,3016.18,175,5.20079,-0.207419,28.4665,3,-0.318481,-0.0963558,0.178684,-0.815647,-0.0963558,-3.25721,-13.0434,-5.23287
2017-12-11,3016.18,176,5.02972,-0.0185295,29.1954,3,-0.326126,0.289067,0.184797,-0.837049,0.289067,-2.15131,-13.2254,-5.42795
2017-12-12,3013.99,177,5.03991,0.135609,31.0843,3,-0.210561,0.481779,0.410192,-0.831315,0.481779,-0.838213,-13.4835,-4.59397
2017-12-13,3029.75,179,5.18664,0.162982,31.107,3,-0.0594598,0.385423,0.688966,-0.807885,0.385423,0.0157837,-13.6075,-5.30127
2017-12-14,3015.41,177,5.40448,-0.0613989,31.575,3,-0.315509,0.192712,0.142887,-0.773905,0.192712,0.0678261,-13.7118,-4.78105
2017-12-15,2999.07,176,5.65858,-0.146234,31.3817,3,-0.581536,0.289067,-0.428892,-0.734181,0.289067,-0.298013,-13.7202,-4.60007
2017-12-18,2996.61,171,5.4733,-0.455617,30.3108,3,-0.622167,-0.289067,-0.487431,-0.756903,-0.289067,-0.682838,-13.7246,-5.28179
2017-12-19,2975.59,167,5.88616,-0.786405,28.3509,3,-0.801963,-0.770847,-0.906696,-0.697229,-0.770847,-1.58838,-13.6109,-6.44987
2017-12-20,2972.05,165,5.79755,-1.08666,26.9372,3,-1.01705,-1.15627,-1.32554,-0.708557,-1.15627,-2.45857,-13.5138,-7.09037
2017-12-21,2965.77,167,5.44351,-0.861706,25.4395,3,-0.952566,-0.770847,-1.14878,-0.756356,-0.770847,-2.69079,-13.474,-8.39575
2017-12-22,2963.58,169,5.44469,-0.632416,25.0139,3,-0.783054,-0.481779,-0.813749,-0.752358,-0.481779,-2.79575,-13.4763,-8.71407
2017-12-25,2962.14,169,5.4035,-0.383528,25.5308,3,-0.767056,0,-0.780576,-0.753536,0,-2.99866,-13.5841,-7.88638
2017-12-26,2962.14,170,5.2215,-0.0332917,27.547,3,-0.548363,0.481779,-0.320621,-0.776104,0.481779,-2.85805,-13.8679,-5.72705
2017-12-27,2962.26,175,4.70154,0.308045,30.2099,3,-0.540181,1.15627,-0.234133,-0.846229,1.15627,-3.14914,-14.1773,-2.46365
2017-12-28,2971.63,172,4.87571,0.162403,32.2761,3,-0.349686,0.674491,0.122018,-0.821389,0.674491,-3.49434,-14.4072,0.177605
2017-12-29,2984,173,5.15593,0.205517,33.7537,3,-0.167102,0.578135,0.447323,-0.781526,0.578135,-3.52362,-14.5091,1.78642
2018-01-01,2984,173,5.15669,0.215738,35.352,3,-0.14666,0.578135,0.484415,-0.777734,0.578135,-3.6349,-14.6061,3.593
2018-01-02,2984,168,4.96543,-0.0781161,35.8188,3,-0.156232,0,0.488232,-0.800696,0,-3.28078,-14.6788,3.77838
2018-01-03,2940.94,166,7.09102,-0.592509,34.312,3,-0.510528,-0.674491,-0.512729,-0.508327,-0.674491,-3.55743,-14.2786,2.14809
2018-01-04,2908.68,165,7.73107,-0.719611,32.0523,3,-0.957443,-0.481779,-1.49498,-0.419908,-0.481779,-4.88604,-13.7715,0.709754
2018-01-05,2885.76,163,7.82549,-1.06351,29.1796,3,-1.35617,-0.770847,-2.30567,-0.406674,-0.770847,-7.07819,-13.2169,-0.525243
2018-01-08,2898.32,163,8.13394,-0.978104,26.1102,3,-1.18536,-0.770847,-2.00735,-0.363372,-0.770847,-8.91393,-12.5669,-2.40901
2018-01-09,2898.32,161,8.153,-0.82737,23.2059,3,-1.17296,-0.481779,-1.98634,-0.359584,-0.481779,-10.8374,-11.9079,-4.04889
2018-01-10,2914.37,164,8.18948,-0.241369,22.0421,3,-0.482737,0,-0.611489,-0.353986,0,-11.8688,-11.4076,-4.68147
2018-01-11,2895.69,164,8.28729,-0.108181,21.9097,3,-0.316287,0.0999246,-0.292744,-0.33983,0.0999246,-12.2337,-11.0193,-4.83733
2018-01-12,2865.79,164,8.73111,-0.0282327,22.2447,3,-0.367769,0.311303,-0.457709,-0.277829,0.311303,-12.2915,-10.6522,-4.81163
2018-01-15,2855.86,164,8.72333,-0.149477,23.1271,3,-0.622709,0.323756,-0.97161,-0.273808,0.323756,-12.7988,-10.3021,-3.77206
2018-01-16,2855.86,162,8.58413,-0.140865,25.0504,3,-0.618975,0.337245,-0.951577,-0.286372,0.337245,-13.0132,-10.0783,-1.85812
2018-01-17,2868.03,157,8.86938,-0.596659,26.565,3,-0.631242,-0.562076,-1.01916,-0.243327,-0.562076,-12.8643,-9.75881,-0.811949
2018-01-18,2851.13,157,8.98979,-0.583115,27.4463,3,-0.604154,-0.562076,-0.983719,-0.22459,-0.562076,-12.7825,-9.33085,-0.440359
2018-01-19,2836.85,156,9.04031,-0.551033,27.7065,3,-0.427575,-0.674491,-0.637798,-0.217353,-0.674491,-12.6427,-8.86238,-0.788416
2018-01-22,2851.75,155,9.40407,-0.449348,27.496,3,-0.111789,-0.786906,-0.0570027,-0.166576,-0.786906,-11.9763,-8.32339,-2.20437
2018-01-23,2854.2,155,9.43197,-0.32142,26.5839,3,-0.0807636,-0.562076,0.000618236,-0.162145,-0.562076,-11.6248,-7.72923,-4.06215
2018-01-24,2858.5,154,9.48522,-0.139452,25.1983,3,-0.166489,-0.112415,-0.178388,-0.154591,-0.112415,-11.4743,-7.0481,-6.27931
2018-01-25,2820.53,155,10.1358,-0.18488,24.1499,3,-0.36976,0,-0.675461,-0.0640576,0,-12.0957,-6.33056,-7.42376
2018-01-26,2783.13,152,10.4849,-0.423652,22.3125,3,-0.622473,-0.22483,-1.22964,-0.0153072,-0.22483,-13.3897,-5.57849,-8.71934
2018-01-29,2805.12,154,11.1808,-0.187054,21.1792,3,-0.486522,0.112415,-1.05451,0.0814688,0.112415,-14.5923,-4.78701,-9.44154
2018-01-30,2842.67,153,12.5775,0.0116477,21.4288,3,0.0232955,0,-0.229087,0.275678,0,-15.2421,-3.86784,-9.46132
2018-01-31,2844.14,153,11.7639,0.0219821,23.1828,3,-0.0684509,0.112415,-0.299456,0.162554,0.112415,-15.2674,-3.33444,-8.21539
2018-02-01,2835.05,153,11.2553,0.121278,25.7075,3,0.242556,0,0.393283,0.0918303,0,-13.8538,-2.93722,-7.50149
2018-02-02,2806.67,158,11.4475,0.634973,31.2107,3,0.370625,0.899321,0.622699,0.118551,0.899321,-11.5833,-2.54359,-4.66237
2018-02-05,2832.13,171,11.8719,1.28672,39.235,3,0.437544,2.13589,0.697526,0.177561,2.13589,-9.35088,-2.10335,0.689178
2018-02-06,2843.6,167,12.0099,0.963518,45.9435,3,0.128394,1.79864,0.0600313,0.196756,1.79864,-7.50168,-1.59591,5.04109
2018-02-07,2844.83,159,11.7796,0.504065,48.7819,3,0.108809,0.899321,0.0528839,0.164733,0.899321,-6.87963,-1.10353,6.76505
2018-02-08,2830.89,177,11.7024,1.48327,54.8441,3,0.0437525,2.92279,-0.0664936,0.153998,2.92279,-6.64838,-0.630923,12.1234
2018-02-09,2862.78,189,11.9453,2.25613,63.3177,3,0.802565,3.7097,1.41735,0.187776,3.7097,-4.78311,-0.184623,18.2855
2018-02-12,2908.7,182,13.1323,1.29211,68.3747,3,1.12282,1.4614,1.89281,0.352826,1.4614,-2.06338,0.394658,20.0435
2018-02-13,2904.29,187,13.1574,1.69979,74.3543,3,0.926447,2.47313,1.49658,0.356312,2.47313,0.180796,0.954478,23.2191
2018-02-14,2904.71,184,13.0967,1.97132,81.594,3,0.907422,3.03521,1.46696,0.347884,3.03521,2.25799,1.3966,27.9394
2018-02-15,2895.79,175,12.9467,0.477968,84.1712,3,0.955936,0,1.58486,0.327013,0,4.29083,1.80757,28.0728
2018-02-16,2851.74,167,14.0305,-1.06627,82.9508,3,0.115754,-2.2483,-0.246224,0.477731,-2.2483,4.67588,2.40856,25.8663
2018-02-19,2853.16,167,13.9079,-0.939373,81.7357,3,-0.417349,-1.4614,-1.29537,0.460676,-1.4614,3.69836,2.96579,25.0716
2018-02-20,2853.16,173,13.9044,-0.85349,80.3567,3,-0.357998,-1.34898,-1.17619,0.46019,-1.34898,2.74839,3.5348,24.0736
2018-02-21,2862.01,173,13.939,-0.633382,79.0218,3,-0.255028,-1.01174,-0.975052,0.464997,-1.01174,2.09623,4.11004,22.8155
2018-02-22,2877.94,176,13.1142,0.158549,79.9555,3,-0.0201475,0.337245,-0.390604,0.350309,0.337245,2.32201,4.42977,23.2038
2018-02-23,2877.04,179,11.9896,0.995545,83.5422,3,0.417277,1.57381,0.64062,0.193935,1.57381,3.77592,4.442,25.3243
2018-02-26,2849.59,174,12.385,0.553618,85.2376,3,0.0954996,1.01174,-0.0579163,0.248916,1.01174,4.50072,4.48543,26.2515
2018-02-27,2849.91,169,11.4689,-0.0945888,85.0019,3,0.0356526,-0.22483,-0.0502231,0.121528,-0.22483,4.65892,4.3746,25.9684
2018-02-28,2855.93,178,11.49,0.394705,85.8179,3,0.00250507,0.786906,-0.119453,0.124463,0.786906,4.7528,4.29727,26.7679
2018-03-01,2867.94,185,11.499,0.595801,86.8126,3,-0.0449646,1.23657,-0.215649,0.12572,1.23657,4.20659,4.26388,28.3421
2018-03-02,2879.05,180,10.8337,0.194641,85.8913,3,0.0520363,0.337245,0.070873,0.0331995,0.337245,3.82147,4.25189,27.8179
2018-03-05,2879.15,176,10.4429,0.405452,83.9189,3,0.361244,0.449661,0.743176,-0.0206885,0.449661,3.95607,4.19778,25.7651
2018-03-06,2859.09,176,10.7226,0.571052,82.9852,3,0.130368,1.01174,0.242537,0.0181995,1.01174,4.14966,4.09524,24.7403
2018-03-07,2845.05,178,10.8793,0.058866,81.8849,3,-0.107098,0.22483,-0.254185,0.039989,0.22483,3.94171,4.03929,23.9039
2018-03-08,2858.88,179,10.846,-0.268138,77.1387,3,-0.0866159,-0.449661,-0.208591,0.0353595,-0.449661,3.9871,4.10936,19.0422
2018-03-09,2871.36,173,10.2025,-0.338322,68.977,3,-0.114568,-0.562076,-0.175783,-0.0533535,-0.562076,2.72526,4.09287,12.1589
2018-03-12,2866.93,174,8.33627,-0.148886,63.9578,3,-0.297772,0,-0.283236,-0.312308,0,0.744757,3.55039,9.66266
2018-03-13,2851.84,178,8.48922,0.114145,58.1458,3,-0.221371,0.449661,-0.152042,-0.2907,0.449661,-0.80682,2.98764,5.96498
2018-03-14,2848.38,179,8.4805,0.124762,51.155,3,-0.0877211,0.337245,0.115531,-0.290973,0.337245,-2.10177,2.39876,0.858029
2018-03-15,2845.76,178,8.44427,-0.0912101,48.9828,3,-0.294835,0.112415,-0.299415,-0.290256,0.112415,-3.89966,1.80989,1.07257
2018-03-16,2850.04,177,6.5156,0.0725254,53.3255,3,-0.52944,0.674491,-0.506161,-0.552719,0.674491,-4.14331,0.825855,6.64294
2018-03-19,2852.48,180,6.52068,0.229822,57.7428,3,-0.439677,0.899321,-0.331042,-0.548313,0.899321,-3.20753,-0.135122,11.0854
2018-03-20,2852.48,180,6.52068,0.0736526,61.1803,3,-0.246148,0.393453,0.0528049,-0.5451,0.393453,-2.02791,-1.0807,14.2889
2018-03-21,2866.92,176,6.67906,-0.0873088,63.1665,3,-0.00599492,-0.168623,0.507487,-0.519477,-0.168623,-0.628669,-1.99695,15.7921
2018-03-22,2850.69,181,6.64963,0.132279,63.0717,3,-0.185102,0.449661,0.150061,-0.520264,0.449661,-0.122351,-2.81305,16.0071
2018-03-23,2857.88,184,6.73427,0.378108,60.8219,3,-0.143105,0.899321,0.220497,-0.506707,0.899321,-0.518981,-3.49,14.8309
2018-03-26,2849.01,180,5.89389,-0.115681,58.3418,3,-0.343777,0.112415,-0.0741762,-0.613378,0.112415,-0.537056,-4.32475,13.2036
2018-03-27,2816.33,181,7.17344,-0.223018,57.8617,3,-0.680641,0.234605,-0.937156,-0.424127,0.234605,-1.37831,-4.84563,14.0857
2018-03-28,2780.04,181,8.32455,-0.284584,55.3048,3,-1.27298,0.703816,-2.28499,-0.26098,0.703816,-3.44354,-5.22972,13.9781
2018-03-29,2780.47,180,8.08787,-0.535293,51.0032,3,-1.07059,0,-1.84875,-0.292415,0,-5.01156,-5.64362,11.6584
2018-03-30,2780.47,180,7.8577,-0.782601,47.2754,3,-1.17978,-0.385423,-2.03718,-0.322377,-0.385423,-7.01817,-5.97886,10.2725
2018-04-02,2780.47,182,7.85667,-0.338822,44.4505,3,-1.06307,0.385423,-1.80466,-0.321477,0.385423,-9.42423,-6.25024,10.125
2018-04-03,2792.96,174,7.8957,-0.614049,40.0157,3,-0.457251,-0.770847,-0.600309,-0.314194,-0.770847,-10.1507,-6.51813,6.68457
2018-04-04,2778.27,174,7.91876,-0.466783,38.0856,3,-0.16272,-0.770847,-0.0162257,-0.309214,-0.770847,-9.88038,-6.81631,4.78234
2018-04-05,2791.57,169,7.91137,-0.609358,36.8481,3,0.00763043,-1.22635,0.324914,-0.309654,-1.22635,-9.34688,-7.1161,3.31111
2018-04-06,2787.36,174,7.63504,-0.341926,36.8351,3,-0.0706783,-0.613173,0.206108,-0.347465,-0.613173,-8.98887,-7.39128,3.21527
2018-04-09,2791.88,174,7.71398,-0.431535,35.8203,3,-0.00462798,-0.858443,0.326793,-0.336049,-0.858443,-8.39148,-7.39055,1.60236
2018-04-10,2781.95,174,7.62097,-0.0953481,35.0745,3,-0.319171,0.128474,-0.28972,-0.348621,0.128474,-8.49919,-7.42643,1.00017
2018-04-11,2767.82,172,7.74253,-0.21927,33.8623,3,-0.303642,-0.134898,-0.275782,-0.331502,-0.134898,-8.82567,-7.4322,0.120179
2018-04-12,2733.24,169,8.68702,-0.383814,32.8442,3,-0.902526,0.134898,-1.60498,-0.200067,0.134898,-9.99719,-7.31984,0.161247
2018-04-13,2710.03,171,8.87559,-0.677845,30.2924,3,-1.15334,-0.202347,-2.13355,-0.173135,-0.202347,-11.3731,-6.89201,-1.44254
2018-04-16,2705.34,173,8.79224,-0.607533,27.5546,3,-1.28252,0.0674491,-2.38094,-0.184088,0.0674491,-13.0584,-6.46652,-2.9205
2018-04-17,2726.47,175,9.50765,-0.263228,26.4886,3,-0.796253,0.269796,-1.50796,-0.0845495,0.269796,-14.3738,-6.01401,-3.12363
2018-04-18,2725.66,170,9.14504,-0.384162,25.5669,3,-0.633425,-0.134898,-1.13234,-0.134515,-0.134898,-15.7505,-5.63695,-3.04568
2018-04-19,2705.64,170,9.24177,-0.0786802,24.9222,3,-0.427157,0.269796,-0.734727,-0.119586,0.269796,-16.4681,-5.25814,-3.35159
2018-04-20,2724.47,169,9.68907,0.0304956,23.8791,3,0.195889,-0.134898,0.447617,-0.0558386,-0.134898,-16.15,-4.82374,-5.14718
2018-04-23,2757.96,170,10.9797,0.273956,25.0499,3,0.817709,-0.269796,1.51145,0.123966,-0.269796,-14.8745,-4.20886,-5.86675
2018-04-24,2799.45,171,11.7995,0.367413,26.8805,3,1.13952,-0.404694,2.04083,0.238214,-0.404694,-12.3747,-3.66328,-7.08149
2018-04-25,2785.22,171,10.9809,0.585303,29.6946,3,0.900811,0.269796,1.67749,0.124132,0.269796,-8.95559,-3.36879,-7.98099
2018-04-26,2820.29,176,11.8332,1.32863,36.1342,3,1.71297,0.944287,3.18301,0.242916,0.944287,-4.48605,-2.95612,-6.42361
2018-04-27,2812.83,179,11.8915,1.41905,44.2659,3,1.35422,1.48388,2.45739,0.251043,1.48388,-0.29059,-2.46258,-2.98092
2018-04-30,2806.28,182,11.9353,1.28009,50.4252,3,0.806512,1.75368,1.35588,0.257141,1.75368,2.7242,-1.91896,-0.38003
2018-05-01,2809.92,182,11.8462,0.951451,56.3732,3,0.284124,1.61878,0.32352,0.244727,1.61878,3.59038,-1.37974,4.16255
2018-05-02,2809.92,188,11.6634,1.44473,63.4321,3,0.461284,2.42817,0.703309,0.219259,2.42817,4.20953,-0.864373,10.087
2018-05-03,2831.99,198,11.8579,1.70074,71.3739,3,0.298832,3.10266,0.351306,0.246358,3.10266,4.09893,-0.333064,17.608
2018-05-04,2857.85,195,12.1861,1.52669,77.1295,3,0.760112,2.29327,1.22813,0.292095,2.29327,4.84349,0.237427,22.0486
2018-05-07,2843.41,191,12.3885,1.00832,81.0808,3,0.667668,1.34898,1.01504,0.320299,1.34898,5.26198,0.783391,25.0354
2018-05-08,2817.2,195,12.8192,1.09696,84.012,3,0.305344,1.88857,0.231982,0.378705,1.88857,5.52461,1.35368,27.1337
2018-05-09,2866,191,13.8926,0.778091,86.2226,3,1.01659,0.539593,1.50586,0.527321,0.539593,6.78444,1.99791,27.4402
2018-05-10,2859.51,181,12.9326,-0.79153,85.3455,3,0.575311,-2.15837,0.757379,0.393243,-2.15837,8.76539,2.49895,24.0811
2018-05-11,2822.37,177,13.5226,-1.24938,84.0541,3,-0.205494,-2.29327,-0.88659,0.475603,-2.29327,9.92754,3.06992,21.0566
2018-05-14,2824.05,177,13.4618,-0.877722,83.4185,3,-0.00176734,-1.75368,-0.47065,0.467116,-1.75368,11.5745,3.62899,18.215
2018-05-15,2824.05,180,13.3125,-0.777452,82.1641,3,0.333671,-1.88857,0.221073,0.446269,-1.88857,13.178,4.12232,14.8638
2018-05-16,2889.87,178,15.2682,-0.465454,81.9604,3,0.68787,-1.61878,0.656983,0.718757,-1.61878,14.7028,4.84485,12.4128
2018-05-17,2865.37,186,15.3754,0.631312,83.6897,3,0.453236,0.809389,0.173463,0.733008,0.809389,15.1714,5.45343,13.0649
2018-05-18,2886.23,193,15.3869,1.76041,87.437,3,1.22756,2.29327,1.72128,0.733836,2.29327,15.4209,5.80212,16.214
2018-05-21,2925.67,194,15.503,2.07779,90.6562,3,1.72741,2.42817,2.70569,0.749126,2.42817,15.437,5.93774,19.2814
2018-05-22,2897.37,189,15.4459,1.35035,92.1307,3,1.35171,1.34898,1.96383,0.739594,1.34898,14.8781,6.10118,21.1515
2018-05-23,2851.42,189,16.5289,0.779269,92.3996,3,-0.0602397,1.61878,-1.00864,0.888159,1.61878,12.8774,6.60148,22.9208
2018-05-24,2863.24,189,16.0267,0.46442,91.1459,3,0.389247,0.539593,-0.0396105,0.818105,0.539593,10.9124,7.21808,23.0154
2018-05-25,2863.12,192,15.9799,0.0564216,88.8659,3,0.112843,0,-0.58538,0.811067,0,9.09008,7.97396,21.8018
2018-05-28,2887.16,192,16.1442,-0.105151,86.1458,3,-0.0754037,-0.134898,-0.983815,0.833007,-0.134898,7.62365,8.77823,19.7439
2018-05-29,2887.16,205,16.1521,1.29453,86.8583,3,0.29579,2.29327,-0.241765,0.833344,2.29327,7.10096,9.15231,20.605
2018-05-30,2893.82,201,16.1472,1.37272,86.7109,3,0.991759,1.75368,1.15132,0.832194,1.75368,7.46985,9.65578,19.5852
2018-05-31,2879.32,205,16.1207,1.46553,86.2214,3,0.637783,2.29327,0.447349,0.828217,2.29327,7.59871,10.186,18.4367
2018-06-01,2889.32,199,15.86,0.915867,84.8936,3,0.752549,1.07919,0.712841,0.792257,1.07919,7.31795,10.7729,16.8028
2018-06-04,2868.22,192,15.9861,0.144829,82.8758,3,0.154759,0.134898,-0.500135,0.809653,0.134898,6.23969,11.4386,15.1974
2018-06-05,2868.22,194,15.5739,-0.610411,78.4041,3,0.12816,-1.34898,-0.496479,0.752799,-1.34898,5.88178,12.2603,10.262
2018-06-06,2865.37,193,14.3421,-0.514886,74.6081,3,-0.0854849,-0.944287,-0.754107,0.583137,-0.944287,4.03891,12.6557,7.91355
2018-06-07,2828.42,202,15.0521,-0.302369,76.0841,3,-0.334942,-0.269796,-1.35098,0.681097,-0.269796,2.1433,12.7826,11.1582
2018-06-08,2835.78,204,14.333,0.1957,80.1577,3,-0.417988,0.809389,-1.41819,0.582214,0.809389,1.62107,12.458,16.0787
2018-06-11,2855.8,205,14.5352,1.0197,84.8214,3,0.150822,1.88857,-0.309034,0.610679,1.88857,1.67232,11.9626,21.1865
2018-06-12,2855.8,204,14.5352,0.816764,88.1264,3,0.149648,1.48388,-0.311964,0.611261,1.48388,1.18315,11.5342,25.4091
2018-06-13,2857.11,201,11.8686,0.620753,90.0648,3,0.0274223,1.21408,-0.18777,0.242615,1.21408,0.512915,10.7855,28.7663
2018-06-14,2859.17,202,11.4956,0.339596,89.5685,3,0.544294,0.134898,0.89748,0.191107,0.134898,1.06279,10.4805,28.0252
2018-06-15,2859.78,199,11.1645,-0.0570997,86.0696,3,0.425393,-0.539593,0.705256,0.14553,-0.539593,0.315253,10.6186,25.1357
2018-06-18,2890.06,202,10.7003,0.128381,81.5125,3,0.526558,-0.269796,0.971831,0.0812856,-0.269796,-1.12434,10.6449,21.992
2018-06-19,2919.14,206,10.7648,0.660802,79.7005,3,0.91691,0.404694,1.74345,0.0903715,0.404694,-1.33223,10.2743,20.7584
2018-06-20,2931.78,201,8.92812,0.534388,79.0323,3,0.933879,0.134898,2.0328,-0.165046,0.134898,1.27534,9.42885,18.3281
2018-06-21,2916.49,199,9.16181,0.223425,78.3622,3,0.716647,-0.269796,1.56442,-0.131123,-0.269796,2.66961,8.66111,17.0315
2018-06-22,2944.82,195,9.66099,0.356838,79.1956,3,1.11837,-0.404694,2.29665,-0.059912,-0.404694,5.12575,7.85258,16.2173
2018-06-25,2918.22,198,9.9736,-0.0190068,79.431,3,0.366681,-0.404694,0.74875,-0.0153881,-0.404694,6.59995,7.10946,15.7216
2018-06-26,2927.67,198,10.0165,-0.417753,74.4617,3,0.108781,-0.944287,0.224019,-0.00645751,-0.944287,7.26645,6.63387,10.5614
2018-06-27,2924.1,203,10.0196,0.150697,70.5653,3,-0.103301,0.404694,-0.204888,-0.00171337,0.404694,6.19616,6.02449,8.34464
2018-06-28,2934.91,200,9.85626,0.2506,66.4396,3,0.231404,0.269796,0.485513,-0.0227057,0.269796,6.34479,5.3464,4.74844
2018-06-29,2945.09,197,9.85611,0.198786,63.9037,3,-0.00712282,0.404694,0.00525126,-0.0194969,0.404694,5.73929,4.6348,3.52957
2018-07-02,2930.8,196,9.61717,0.00462091,63.4002,3,0.14414,-0.134898,0.334136,-0.0458564,-0.134898,6.5289,3.84126,3.03
2018-07-03,2930.8,192,9.61717,-0.32666,64.4167,3,0.0211715,-0.674491,0.0823753,-0.0400323,-0.674491,7.04828,3.08946,4.27892
2018-07-04,2909.83,192,10.0357,-0.764763,63.522,3,-0.180544,-1.34898,-0.379779,0.0186917,-1.34898,7.41826,2.57006,3.5337
2018-07-05,2909.83,187,8.63737,-1.02029,60.9119,3,-0.421797,-1.61878,-0.667884,-0.17571,-1.61878,8.11422,1.78096,1.01676
2018-07-06,2885.53,182,9.29354,-1.36606,55.0768,3,-0.843555,-1.88857,-1.60588,-0.081232,-1.88857,8.01728,1.16753,-4.10796
2018-07-09,2867.94,176,9.30866,-1.72391,44.6349,3,-0.884747,-2.56306,-1.69267,-0.0768256,-2.56306,6.69843,0.513114,-12.5766
2018-07-10,2881.09,174,9.43561,-1.48882,36.1116,3,-0.684362,-2.29327,-1.31283,-0.0558972,-2.29327,5.64459,-0.119424,-19.4135
2018-07-11,2872.62,182,9.51176,-0.859922,30.9545,3,-0.505761,-1.21408,-0.969722,-0.0417988,-1.21408,4.81832,-0.377719,-23.4861
2018-07-12,2880.1,183,9.5469,-0.401916,28.4989,3,-0.399137,-0.404694,-0.764669,-0.0336045,-0.404694,3.25553,-0.576596,-24.1801
2018-07-13,2882.02,179,9.5473,-0.155313,28.1807,3,-0.040829,-0.269796,-0.0511249,-0.030533,-0.269796,2.56638,-0.734721,-23.6509
2018-07-16,2861.7,180,9.10113,0.282203,28.6798,3,-0.110085,0.674491,-0.127654,-0.092517,0.674491,1.57696,-0.894183,-22.003
2018-07-17,2868.96,179,8.30895,0.281599,27.4572,3,-0.246191,0.809389,-0.291482,-0.2009,0.809389,-0.265221,-1.15037,-21.1272
2018-07-18,2878.28,178,8.22814,-0.203928,25.153,3,-0.0031615,-0.404694,0.201186,-0.207509,-0.404694,-1.88696,-1.17189,-21.7881
2018-07-19,2876.93,182,8.06955,-0.0678492,24.2729,3,-0.135698,0,-0.0450424,-0.226354,0,-3.29556,-1.24894,-21.1826
2018-07-20,2883.81,180,7.19795,0.068466,23.4183,3,-0.132864,0.269796,0.0809535,-0.346682,0.269796,-5.2182,-1.49277,-19.8707
2018-07-23,2883.81,179,6.54704,0.0528538,23.6297,3,0.105708,0,0.645272,-0.433857,0,-5.31712,-1.86255,-19.1906
2018-07-24,2897.73,181,6.69217,0.306568,25.818,3,0.208441,0.404694,0.827301,-0.410419,0.404694,-4.85886,-2.25041,-17.0727
2018-07-25,2898.36,179,6.69151,0.17836,25.9036,3,0.0869238,0.269796,0.579458,-0.40561,0.269796,-4.16204,-2.6118,-17.3225
2018-07-26,2882.84,173,6.72214,-0.59697,23.3487,3,-0.114754,-1.07919,0.166874,-0.396382,-1.07919,-4.3694,-2.89416,-19.3877
2018-07-27,2886.21,173,6.57254,-0.493031,21.3714,3,-0.176672,-0.809389,0.0615342,-0.414879,-0.809389,-4.25355,-3.19075,-21.1843
2018-07-30,2880.79,173,6.42413,-0.469301,20.0751,3,-0.264112,-0.674491,-0.0952741,-0.43295,-0.674491,-4.57222,-3.48523,-21.8675
2018-07-31,2875.72,177,6.42326,-0.470249,19.6918,3,-0.535803,-0.404694,-0.640397,-0.43121,-0.404694,-5.17065,-3.80556,-21.3319
2018-08-01,2886.8,180,6.19266,-0.0620792,21.6095,3,-0.393955,0.269796,-0.326279,-0.461631,0.269796,-5.21182,-4.28517,-18.8935
2018-08-02,2892.62,180,6.25079,0.499605,26.1075,3,-0.0799749,1.07919,0.291909,-0.451859,1.07919,-4.52562,-4.67216,-14.6947
2018-08-03,2904.9,178,5.66231,0.409064,31.9106,3,0.00873821,0.809389,0.54879,-0.531313,0.809389,-2.68132,-5.22922,-10.1789
2018-08-06,2898.99,178,5.21352,0.390567,39.4389,3,-0.0282556,0.809389,0.535652,-0.592163,0.809389,-0.646416,-5.84433,-4.07037
2018-08-07,2898.86,178,4.99236,0.148545,45.5712,3,0.0272943,0.269796,0.676525,-0.621936,0.269796,1.24156,-6.44115,0.770744
2018-08-08,2898.86,180,4.84524,-0.0038352,48.8298,3,-0.142569,0.134898,0.355896,-0.641033,0.134898,2.50869,-7.02523,3.3463
2018-08-09,2908.9,185,4.90476,0.366326,51.7613,3,-0.0767366,0.809389,0.478256,-0.631729,0.809389,3.69387,-7.59451,5.66194
2018-08-10,2919.44,193,5.02849,1.0333,56.2726,3,-0.091777,2.15837,0.427446,-0.611,2.15837,4.13455,-8.11714,10.2552
2018-08-13,2940.95,194,4.68487,1.28591,60.0219,3,0.278545,2.29327,1.21155,-0.65446,2.29327,5.37184,-8.59464,13.2447
2018-08-14,2983.93,188,6.61254,1.25141,63.5592,3,1.01895,1.48388,2.41976,-0.381861,1.48388,7.85899,-8.68543,14.3856
2018-08-15,3002.66,190,6.77442,1.38717,69.1085,3,1.29046,1.48388,2.93813,-0.357209,1.48388,10.2034,-8.64266,17.5477
2018-08-16,3046.76,187,8.00702,1.12429,73.0057,3,1.84388,0.404694,3.86934,-0.181578,0.404694,13.5126,-8.42903,17.9222
2018-08-17,3019.55,183,9.04516,0.0872834,73.0652,3,1.38865,-1.21408,2.80978,-0.0324784,-1.21408,15.9566,-8.14413,15.2527
2018-08-20,3024.02,183,9.01046,-0.10476,72.5649,3,1.13946,-1.34898,2.31268,-0.0337549,-1.34898,17.5036,-7.80774,12.869
2018-08-21,3024.02,182,8.99951,-0.0712814,71.3472,3,0.531928,-0.674491,1.09789,-0.034031,-0.674491,17.8664,-7.51919,10.9999
2018-08-22,2990.78,182,10.1352,-0.527318,69.0067,3,-0.110349,-0.944287,-0.34602,0.125322,-0.944287,17.2245,-7.11942,8.90156
2018-08-23,2965.45,181,10.4754,-0.863518,68.1015,3,-1.05255,-0.674491,-2.27815,0.173058,-0.674491,15.0435,-6.62385,9.68183
2018-08-24,2980.64,181,10.5563,-0.295399,68.7737,3,-0.4559,-0.134898,-1.09621,0.18441,-0.134898,13.9372,-6.05463,10.8911
2018-08-27,2958.45,179,10.9797,-0.603293,68.3186,3,-0.801891,-0.404694,-1.8476,0.243817,-0.404694,12.3543,-5.44461,11.409
2018-08-28,2934.31,174,11.4473,-1.02861,66.3927,3,-1.11294,-0.944287,-2.53531,0.309427,-0.944287,10.6954,-4.80104,10.4984
2018-08-29,2966,175,11.9257,-0.487035,64.8972,3,-0.16468,-0.809389,-0.705919,0.376558,-0.809389,10.399,-4.04603,8.54423
2018-08-30,2999.57,180,12.4339,0.350115,64.3655,3,0.700231,0,0.9526,0.447862,0,11.0338,-3.21363,6.54531
2018-08-31,3027.39,184,12.6868,0.713891,65.4467,3,0.888189,0.539593,1.29303,0.483345,0.539593,11.6855,-2.25861,6.01982
2018-09-03,3053.14,184,12.784,1.18515,68.2047,3,1.56092,0.809389,2.62485,0.496991,0.809389,13.482,-1.23271,5.95542
2018-09-04,3053.14,184,12.7828,1.69223,73.2741,3,1.90058,1.48388,3.30435,0.49682,1.48388,15.493,-0.198542,7.97962
2018-09-05,3088.47,181,13.1212,1.44674,77.6345,3,1.94919,0.944287,3.35408,0.544304,0.944287,17.6439,0.838344,9.15229
2018-09-06,3100.37,183,13.1231,1.08453,79.6341,3,1.62947,0.539593,2.71437,0.544565,0.539593,19.2643,1.83066,8.53907
2018-09-07,3089.47,182,13.335,0.489961,78.1314,3,1.11482,-0.134898,1.65534,0.574305,-0.134898,20.5753,2.88108,4.67494
2018-09-10,3070.15,185,13.5973,0.396675,75.5393,3,0.523553,0.269796,0.435998,0.611109,0.269796,20.2925,4.0553,1.19158
2018-09-11,3069.49,185,12.8036,0.364388,72.7973,3,0.458979,0.269796,0.418216,0.499742,0.269796,18.8486,4.91863,-0.969946
2018-09-12,3087.73,183,12.7875,0.316854,69.2972,3,0.229014,0.404694,-0.0394465,0.497475,0.404694,16.4693,5.79117,-2.96324
2018-09-13,3055.01,177,12.4702,-0.534515,63.5173,3,-0.39454,-0.674491,-1.24203,0.452951,-0.674491,12.0524,6.51318,-5.04822
2018-09-14,3019.38,174,12.7724,-0.824682,60.1925,3,-0.705078,-0.944287,-1.90551,0.495353,-0.944287,7.70748,7.06804,-4.58297
2018-09-17,3026.05,176,12.7862,-0.716313,57.9191,3,-0.353441,-1.07919,-1.20417,0.497289,-1.07919,4.4081,7.60285,-4.09187
2018-09-18,3013.38,175,12.8741,-0.862988,54.9373,3,-0.511894,-1.21408,-1.53341,0.509622,-1.21408,1.92169,8.15132,-5.13571
2018-09-19,3007.03,172,12.2481,-1.11852,52.6914,3,-0.888053,-1.34898,-2.1979,0.421793,-1.34898,0.159406,8.44872,-5.91673
2018-09-20,3018.63,173,11.8527,-0.359022,54.6087,3,-0.313349,-0.404694,-0.993012,0.366315,-0.404694,1.38274,8.62028,-5.39428
2018-09-21,3014.18,173,11.7719,0.0528011,55.9261,3,0.105602,0,-0.143773,0.354977,0,2.28619,8.7698,-5.12988
2018-09-24,3006.96,172,11.446,-0.253152,57.2442,3,-0.10161,-0.404694,-0.512466,0.309247,-0.404694,3.54894,8.81572,-5.12043
2018-09-25,2991.9,172,11.1669,-0.213233,60.2802,3,-0.156669,-0.269796,-0.583427,0.270089,-0.269796,5.37034,8.72829,-3.8184
2018-09-26,3001.88,173,10.6025,0.149239,62.6078,3,0.0286808,0.269796,-0.133532,0.190894,0.269796,5.87599,8.50332,-1.77155
2018-09-27,3000.14,169,9.82936,-0.305089,60.2104,3,-0.205484,-0.404694,-0.493377,0.0824092,-0.404694,4.54679,8.20958,-2.546
2018-09-28,2989.58,168,9.26899,-0.433748,55.9222,3,-0.327904,-0.539593,-0.659589,0.0037809,-0.539593,2.72428,7.81478,-4.61692
2018-10-01,2972.18,169,8.78503,-0.384857,49.9515,3,-0.499917,-0.269796,-0.936962,-0.062872,-0.269796,-0.66438,7.30948,-6.69356
2018-10-02,2993.74,169,9.29168,-0.115153,43.0879,3,0.0394903,-0.269796,0.0707621,0.00821847,-0.269796,-3.73106,6.80881,-9.98983
2018-10-03,3005.5,166,8.27402,-0.406944,36.2611,3,-0.00449928,-0.809389,0.119965,-0.128964,-0.809389,-6.6978,6.07545,-13.1165
2018-10-04,3012.65,168,8.16711,0.05626,32.6403,3,0.11252,0,0.364443,-0.139403,0,-8.78119,5.36655,-13.945
2018-10-05,3028.16,169,8.44703,0.379607,32.2606,3,0.489418,0.269796,1.07509,-0.0962565,0.269796,-9.30224,4.74024,-13.1774
2018-10-08,3031.31,169,8.23807,0.44607,32.4303,3,0.757242,0.134898,1.64087,-0.126384,0.134898,-8.19764,4.06345,-13.4355
2018-10-09,3031.31,171,8.23989,0.432243,32.6641,3,0.459791,0.404694,1.04623,-0.126647,0.404694,-7.62575,3.48912,-13.1992
2018-10-10,3057.55,172,8.57275,0.81136,34.3881,3,0.678433,0.944287,1.43279,-0.0759221,0.944287,-6.30795,2.97928,-12.2833
2018-10-11,3090.3,182,8.55919,1.52054,41.8677,3,1.01761,2.02347,2.11384,-0.078626,2.02347,-3.2531,2.53464,-7.41379
2018-10-12,3087.34,180,7.26067,1.14489,49.3282,3,0.671,1.61878,1.61253,-0.270529,1.61878,0.0810091,1.82155,-2.57433
2018-10-15,3088.78,180,7.25218,1.13225,56.3568,3,0.645722,1.61878,1.56535,-0.273911,1.61878,2.71217,1.08112,2.5635
2018-10-16,3088.78,178,7.00004,0.853621,62.7129,3,0.628056,1.07919,1.56327,-0.307154,1.07919,5.58069,0.301071,6.8311
2018-10-17,3055.93,177,8.11777,0.363988,67.9427,3,-0.0814128,0.809389,-0.025644,-0.137181,0.809389,7.47971,-0.219068,10.682
2018-10-18,3056.37,183,8.03969,-0.124188,68.7425,3,-0.518172,0.269796,-0.88812,-0.148224,0.269796,7.55007,-0.69044,11.8829
2018-10-19,3088.47,184,8.7131,0.338283,69.703,3,0.00207563,0.674491,0.0502878,-0.0461366,0.674491,7.69405,-1.05382,13.0628
2018-10-22,3079.88,186,8.73545,0.410591,71.8834,3,-0.123105,0.944287,-0.205791,-0.0404197,0.944287,7.88592,-1.35805,15.3555
2018-10-23,3087.58,184,8.42778,0.452094,73.99,3,-0.0400998,0.944287,0.00532931,-0.085529,0.944287,8.31463,-1.65874,17.3341
2018-10-24,3110.2,187,8.65227,1.10233,76.8594,3,0.720788,1.48388,1.49337,-0.0517894,1.48388,9.57651,-1.83884,19.1217
2018-10-25,3149.7,184,9.41168,0.778095,79.8944,3,1.28639,0.269796,2.51195,0.060838,0.269796,11.9051,-1.81189,19.8013
2018-10-26,3167.18,191,9.19797,1.0738,83.6973,3,1.06842,1.07919,2.10771,0.0291432,1.07919,13.7197,-1.72161,21.6991
2018-10-29,3185.26,194,8.64146,1.29524,87.3446,3,1.37639,1.21408,2.80517,-0.0523817,1.21408,15.991,-1.63139,22.985
2018-10-30,3188.69,190,8.56141,1.12866,89.6496,3,1.31303,0.944287,2.68502,-0.0589594,0.944287,17.3416,-1.61923,23.9272
2018-10-31,3202.44,186,8.56703,0.596572,91.2744,3,1.19314,0,2.43878,-0.0524932,0,18.4617,-1.5108,24.3235
2018-11-01,3219.85,186,8.59759,0.652843,92.1455,3,0.900993,0.404694,1.84727,-0.0452893,0.404694,19.1473,-1.4134,24.4115
2018-11-02,3193.8,182,9.47123,-0.338862,91.0879,3,0.401461,-1.07919,0.718642,0.0842788,-1.07919,19.3598,-1.31649,23.0446
2018-11-05,3177.57,183,9.85326,-0.679253,89.2239,3,-0.00952351,-1.34898,-0.159985,0.140938,-1.34898,18.724,-1.16352,21.6634
2018-11-06,3177.57,185,9.85326,-0.295034,87.8786,3,-0.0504761,-0.539593,-0.24189,0.140938,-0.539593,18.1597,-0.983104,20.7019
2018-11-07,3154.55,182,10.1243,-0.453212,85.2669,3,-0.50173,-0.404694,-1.1846,0.18114,-0.404694,16.7528,-0.814077,19.3282
2018-11-08,3140.25,187,9.74414,-0.332986,80.8018,3,-0.935768,0.269796,-1.99629,0.124754,0.269796,14.134,-0.683725,17.3515
2018-11-09,3145.39,190,9.72548,0.337186,78.621,3,-0.539711,1.21408,-1.20141,0.121987,1.21408,11.9844,-0.358495,16.9951
2018-11-12,3176.89,190,10.2363,0.593937,77.0906,3,0.10869,1.07919,0.0196384,0.197741,1.07919,10.781,0.0490896,16.2605
2018-11-13,3176.89,199,10.2363,1.06335,77.694,3,0.10322,2.02347,0.00870003,0.197741,2.02347,9.37933,0.487824,17.8269
2018-11-14,3197.2,202,9.31168,1.71285,81.3523,3,0.592837,2.83286,1.12506,0.0606164,2.83286,10.0488,0.638753,20.6647
2018-11-15,3194.7,205,9.34533,1.65618,85.5721,3,0.749293,2.56306,1.43298,0.0656075,2.56306,11.4322,0.779836,23.36
2018-11-16,3198.29,206,8.82738,1.49174,87.933,3,0.690204,2.29327,1.38977,-0.00936331,2.29327,12.08,0.781744,25.0713
2018-11-19,3173.59,212,9.32761,1.51675,89.9283,3,-0.00171523,3.03521,-0.0682556,0.0648251,3.03521,11.7648,0.833375,27.3301
2018-11-20,3178.81,217,9.32041,1.24693,91.2056,3,0.0657004,2.42817,0.0676432,0.0637575,2.42817,11.5044,0.920418,28.7807
2018-11-21,3189.51,214,9.09502,0.770899,90.6885,3,-0.0769795,1.61878,-0.184289,0.0303298,1.61878,10.3974,0.991134,29.3
2018-11-22,3196.26,214,8.06007,0.591112,90.387,3,-0.03186,1.21408,0.0582172,-0.121937,1.21408,8.64409,0.86188,30.881
2018-11-23,3196.26,214,7.85979,0.49309,89.4051,3,-0.0930054,1.07919,-0.0358194,-0.150191,1.07919,7.19092,0.742953,31.4712
2018-11-26,3223.95,217,8.18136,0.644999,88.2219,3,0.615508,0.674491,1.32994,-0.0989239,0.674491,6.20381,0.722569,31.2955
2018-11-27,3240.65,220,8.34,0.58698,87.1671,3,0.769265,0.404694,1.61065,-0.072118,0.404694,5.46623,0.724418,30.9765
2018-11-28,3250.56,213,8.28215,0.307256,86.5777,3,0.749411,-0.134898,1.57691,-0.0780919,-0.134898,4.83271,0.710524,31.0344
2018-11-29,3274.47,211,8.4509,0.285423,85.8026,3,0.97554,-0.404694,2.00117,-0.0500896,-0.404694,5.0085,0.714448,30.0797
2018-11-30,3240.02,210,8.83229,0.0107509,86.5408,3,0.561094,-0.539593,1.11571,0.00647491,-0.539593,5.2711,0.645562,30.6241
2018-12-03,3235.27,207,8.60661,-0.609438,86.685,3,0.130105,-1.34898,0.286059,-0.0258487,-1.34898,5.61219,0.512562,30.5602
2018-12-04,3196.15,213,9.77881,-0.714676,85.8022,3,-0.485065,-0.944287,-1.11813,0.147998,-0.944287,4.98206,0.524614,30.2955
2018-12-05,3174.11,213,9.74351,-0.439535,85.8316,3,-0.879069,0,-1.90195,0.143812,0,4.40697,0.494584,30.93
2018-12-06,3162.29,214,9.69398,-0.458298,85.5608,3,-1.32129,0.404694,-2.78044,0.137859,0.404694,3.79435,0.506902,31.2595
2018-12-07,3187.86,209,10.0674,-0.33938,84.039,3,-0.543862,-0.134898,-1.28377,0.19605,-0.134898,3.80068,0.57728,29.6611
2018-12-10,3153.29,208,10.2359,-0.386616,81.6538,3,-0.908131,0.134898,-2.03832,0.222061,0.134898,2.17492,0.613054,28.8658
2018-12-11,3176.12,202,10.5851,-0.794197,76.5629,3,-0.104515,-1.48388,-0.484647,0.275616,-1.48388,1.8402,0.708939,24.0138
2018-12-12,3184.7,196,10.3693,-1.01415,67.8541,3,0.26497,-2.29327,0.285515,0.244425,-2.29327,1.15962,0.913974,15.7805
2018-12-13,3169.36,197,10.4983,-1.03086,58.1816,3,0.231551,-2.29327,0.197107,0.265995,-2.29327,0.0218596,1.13,7.02971
2018-12-14,3178.4,198,10.5492,-0.729408,49.762,3,0.0250632,-1.48388,-0.224638,0.274764,-1.48388,-1.51848,1.40915,-0.128722
2018-12-17,3196.3,201,10.3643,-0.130651,43.503,3,0.682986,-0.944287,1.11861,0.247366,-0.944287,-0.384244,1.57631,-7.68903
2018-12-18,3188.66,206,10.3968,0.41606,40.3974,3,0.292527,0.539593,0.331978,0.253075,0.539593,-0.13242,1.74678,-11.217
2018-12-19,3198.45,214,10.3852,1.36752,42.6225,3,0.30688,2.42817,0.3622,0.251561,2.42817,0.385521,1.96377,-9.72679
2018-12-20,3216.55,214,10.5485,1.51905,46.1279,3,0.744836,2.29327,1.21252,0.277156,2.29327,1.48686,2.35221,-7.71119
2018-12-21,3246.86,219,11.0257,1.93789,51.6359,3,1.04292,2.83286,1.73385,0.351991,2.83286,3.17696,2.83432,-4.37533
2018-12-24,3285.34,223,11.3748,2.13909,57.298,3,1.31043,2.96776,2.21108,0.409772,2.96776,3.9961,3.30188,1.68552e-15
2018-12-25,3285.51,223,11.2673,1.84614,61.9602,3,1.39902,2.29327,2.40266,0.395373,2.29327,4.70166,3.70922,3.54932
2018-12-26,3285.51,219,11.2343,0.973759,64.3639,3,1.27303,0.674491,2.15567,0.39039,0.674491,5.2087,4.12034,5.03488
2018-12-27,3289.69,221,10.9506,1.00789,66.9062,3,1.07149,0.944287,1.79711,0.345873,0.944287,4.97294,4.44923,7.48406
2018-12-28,3275.01,223,10.3494,0.502381,68.5935,3,0.46517,0.539593,0.67984,0.250499,0.539593,4.53793,4.64215,9.41347
2018-12-31,3249.75,228,10.7429,0.194049,71.2681,3,-0.286393,0.674491,-0.886459,0.313673,0.674491,3.41693,4.89034,12.9609
2019-01-01,3249.75,228,9.69938,0.152887,74.029,3,-0.368716,0.674491,-0.884824,0.147393,0.674491,3.57124,4.81276,15.645
2019-01-02,3249.75,228,9.26733,0.406267,76.5824,3,-0.401549,1.21408,-0.881449,0.0783513,1.21408,4.40462,4.67264,17.5051
2019-01-03,3250.01,232,9.09678,0.511865,79.3316,3,-0.460149,1.48388,-0.971207,0.0509089,1.48388,5.86043,4.49626,18.9749
2019-01-04,3241.2,213,8.84677,-0.879205,77.8261,3,-0.409429,-1.34898,-0.829488,0.0106299,-1.34898,6.32888,4.39192,17.1053
2019-01-07,3208.56,203,8.71253,-1.93867,73.166,3,-0.504887,-3.37245,-1.00273,-0.00704799,-3.37245,7.46407,4.3297,11.3722
2019-01-08,3208.56,201,8.3859,-2.08251,68.9552,3,-0.522776,-3.64225,-0.989253,-0.0562998,-3.64225,7.16686,4.12136,7.66702
2019-01-09,3164.75,195,9.73909,-2.47246,63.8727,3,-0.944912,-4,-2.05348,0.163652,-4,5.12044,4.12608,4.6262
2019-01-10,3128.07,195,10.4357,-2.67073,57.8542,3,-1.34147,-4,-2.96208,0.27915,-4,2.19929,4.19801,1.45686
2019-01-11,3136.49,198,10.4288,-1.57773,54.657,3,-1.13199,-2.02347,-2.54388,0.2799,-2.02347,0.000622955,4.22077,0.435632
2019-01-14,3151.49,197,10.3654,-0.684985,52.5501,3,-0.560581,-0.809389,-1.39108,0.269921,-0.809389,-2.39254,4.24903,0.693598
2019-01-15,3143.22,197,10.3708,-0.600627,48.6715,3,-0.661661,-0.539593,-1.59448,0.27116,-0.539593,-4.23165,4.26839,-1.36523
2019-01-16,3137.66,197,10.2785,0.0311928,43.5984,3,-0.207411,0.269796,-0.672275,0.257454,0.269796,-5.19704,4.25637,-5.46095
2019-01-17,3124.96,197,10.0256,0.168047,38.5749,3,0.0662972,0.269796,-0.080184,0.212778,0.269796,-6.36349,4.15489,-9.21654
2019-01-18,3140.19,193,9.49289,-0.285783,30.7424,3,0.102926,-0.674491,0.0857179,0.120133,-0.674491,-7.69957,3.82989,-15.388
2019-01-21,3120.56,193,8.1707,-0.488445,22.5258,3,-0.437297,-0.539593,-0.771013,-0.10358,-0.539593,-9.92215,3.1965,-20.7486
2019-01-22,3120.56,197,8.16852,-0.166427,17.1792,3,-0.332854,0,-0.561596,-0.104112,0,-11.9002,2.62821,-23.5488
2019-01-23,3136.59,197,8.57514,-0.0147661,14.8779,3,-0.0295321,0,-0.0239541,-0.0351102,0,-13.3362,2.21399,-23.9999
2019-01-24,3146.14,197,8.6955,0.128692,13.0125,3,0.257383,0,0.529417,-0.014651,0,-13.9914,1.87406,-24.8702
2019-01-25,3160.52,194,8.97335,0.203427,12.4167,3,0.271956,0.134898,0.510689,0.0332242,0.134898,-13.9962,1.68787,-25.275
2019-01-28,3150.58,196,8.71283,0.386714,12.7984,3,0.368733,0.404694,0.749277,-0.0118105,0.404694,-12.7976,1.44288,-25.8469
2019-01-29,3167.86,199,9.05159,0.440284,13.3828,3,0.610771,0.269796,1.17583,0.0457111,0.269796,-11.2808,1.37511,-26.7115
2019-01-30,3157.52,195,9.06485,0.00669467,12.5752,3,0.283186,-0.269796,0.521296,0.0450751,-0.269796,-10.0502,1.3326,-28.7072
2019-01-31,3163.46,191,9.12714,-0.286006,11.0657,3,0.237376,-0.809389,0.421113,0.0536391,-0.809389,-8.74284,1.3019,-31.4933
2019-02-01,3115.7,186,10.3688,-0.748755,11.3032,3,-0.418325,-1.07919,-1.11258,0.275927,-1.07919,-8.99555,1.51014,-31.2114
2019-02-04,3102.61,182,9.95687,-1.19036,12.7359,3,-0.492149,-1.88857,-1.18567,0.201374,-1.88857,-9.35019,1.70875,-29.6227
2019-02-05,3089.4,182,9.97662,-1.57439,13.7779,3,-0.855508,-2.29327,-1.91616,0.205142,-2.29327,-10.2305,1.94276,-27.9344
2019-02-06,3094.05,186,8.99317,-0.98492,17.1557,3,-0.755757,-1.21408,-1.53935,0.0278323,-1.21408,-10.243,1.9135,-24.5148
2019-02-07,3108.54,193,8.29891,-0.220603,23.7733,3,-0.711002,0.269796,-1.32351,-0.098493,0.269796,-9.42562,1.69792,-18.499
2019-02-08,3110.46,194,8.23187,0.483692,30.2792,3,-0.111802,1.07919,-0.111891,-0.111713,1.07919,-7.5729,1.40663,-13.5546
2019-02-11,3115.94,198,8.04753,1.12983,36.5891,3,0.101291,2.15837,0.349422,-0.146839,2.15837,-6.12978,1.0511,-8.33222
2019-02-12,3132.61,194,8.27046,1.05589,42.6901,3,0.493008,1.61878,1.09273,-0.106715,1.61878,-3.66509,0.707143,-4.35192
2019-02-13,3131.1,191,8.24999,0.544017,44.6225,3,0.413543,0.674491,0.938985,-0.1119,0.674491,-2.14182,0.357613,-3.59328
2019-02-14,3135.56,196,8.13034,0.340486,45.2754,3,0.276277,0.404694,0.687498,-0.134944,0.404694,-1.4125,0.0268367,-3.33894
2019-02-15,3155.27,196,8.25222,0.386026,47.8296,3,0.502256,0.269796,1.11632,-0.111807,0.269796,-0.432181,-0.194326,-1.54391
2019-02-18,3141.4,196,8.08184,-0.0103201,49.6535,3,0.249156,-0.269796,0.642622,-0.144309,-0.269796,0.916511,-0.233284,-1.02977
2019-02-19,3141.4,195,8.08184,0.0894869,50.6302,3,0.0440756,0.134898,0.232699,-0.144548,0.134898,1.67438,-0.27186,-0.772302
2019-02-20,3118.36,193,8.31203,0.0351367,50.8207,3,-0.199523,0.269796,-0.297027,-0.102019,0.269796,1.41378,-0.335692,-0.257427
2019-02-21,3112.18,192,8.23592,-0.440401,48.6488,3,-0.34121,-0.539593,-0.565975,-0.116446,-0.539593,0.368568,-0.432768,-1.28698
2019-02-22,3119.42,192,8.08907,-0.52449,45.8776,3,-0.509388,-0.539593,-0.87344,-0.145335,-0.539593,-0.950426,-0.60216,-2.56986
2019-02-25,3110.29,191,8.08048,-0.563227,42.293,3,-0.451964,-0.674491,-0.75846,-0.145467,-0.674491,-2.37586,-0.726196,-4.60498
2019-02-26,3101.41,191,7.78001,-0.565997,38.5648,3,-0.592401,-0.539593,-0.981428,-0.203375,-0.539593,-4.38746,-0.954988,-6.09275
2019-02-27,3095.29,186,7.74475,-0.665266,36.1306,3,-0.386245,-0.944287,-0.566709,-0.20578,-0.944287,-5.37443,-1.18293,-7.31203
2019-02-28,3072.01,186,7.99957,-0.690918,34.6898,3,-0.572448,-0.809389,-0.995439,-0.149457,-0.809389,-6.66657,-1.36624,-7.27742
2019-03-01,3077.35,185,6.19587,-0.858894,34.3015,3,-0.773501,-0.944287,-1.02997,-0.517028,-0.944287,-6.58071,-2.10091,-7.01684
2019-03-04,3091.49,189,6.30531,-0.370936,37.2269,3,-0.472077,-0.269796,-0.448781,-0.495372,-0.269796,-5.95175,-2.77395,-4.04737
2019-03-05,3093.79,189,6.12273,-0.310922,41.8799,3,-0.352047,-0.269796,-0.166934,-0.53716,-0.269796,-4.35758,-3.50687,-0.255653
2019-03-06,3099.12,189,6.12996,0.0961506,45.9563,3,-0.212393,0.404694,0.115565,-0.540352,0.404694,-2.80414,-4.06663,2.82703
2019-03-07,3106.16,193,5.94792,0.5468,48.8785,3,0.149314,0.944287,0.879822,-0.581195,0.944287,-0.706407,-4.53362,4.11857
2019-03-08,3120.04,195,6.1567,0.809851,50.1233,3,0.27072,1.34898,1.07931,-0.537872,1.34898,0.430169,-4.94086,4.634
2019-03-11,3162.4,190,7.76041,0.458438,47.5622,3,0.781979,0.134898,1.76379,-0.199828,0.134898,1.77867,-4.98832,0.771853
2019-03-12,3168.35,192,7.58392,0.603004,45.8396,3,0.801314,0.404694,1.83971,-0.237084,0.404694,2.48804,-5.10654,-1.54186
2019-03-13,3153.2,191,7.81393,0.421187,45.3737,3,0.572579,0.269796,1.3276,-0.182441,0.269796,2.85696,-5.1715,-2.3118
2019-03-14,3145.53,187,7.86363,-0.206272,43.308,3,0.396845,-0.809389,0.964598,-0.170907,-0.809389,3.11306,-5.19287,-4.61216
2019-03-15,3144.42,188,7.52552,-0.384099,40.4305,3,0.176088,-0.944287,0.594679,-0.242503,-0.944287,2.60455,-5.29039,-6.88363
2019-03-18,3123.28,186,7.74283,-0.560761,38.4042,3,-0.581929,-0.539593,-0.972433,-0.191425,-0.539593,1.07335,-5.31007,-7.35909
2019-03-19,3102.25,184,8.07367,-0.975122,34.578,3,-0.871058,-1.07919,-1.62511,-0.117003,-1.07919,-0.666307,-5.22347,-9.53221
2019-03-20,3095.39,187,7.70243,-0.675026,32.1079,3,-0.810459,-0.539593,-1.42065,-0.200263,-0.539593,-1.69482,-5.26449,-10.9328
2019-03-21,3092.39,183,7.68263,-0.644983,31.4102,3,-0.750373,-0.539593,-1.29486,-0.205891,-0.539593,-2.35899,-5.33083,-10.9
2019-03-22,3082.45,188,7.68171,-0.425055,31.7485,3,-0.850111,0,-1.49227,-0.207952,0,-2.93152,-5.39628,-9.9237
2019-03-25,3126.19,191,9.218,0.392032,35.0731,3,0.109572,0.674491,0.0730425,0.146103,0.674491,-2.19471,-5.19396,-7.53827
2019-03-26,3126.19,186,9.14548,0.311227,38.231,3,0.352657,0.269796,0.578485,0.126829,0.269796,-0.748886,-4.93258,-6.08758
2019-03-27,3145.55,187,9.32079,0.344258,41.9632,3,0.688516,0,1.21205,0.164983,0,0.930846,-4.62089,-4.34673
2019-03-28,3186.43,187,9.70997,0.896131,47.9665,3,1.25267,0.539593,2.24937,0.25597,0.539593,4.03174,-4.26389,-1.80133
2019-03-29,3190.94,184,9.71105,0.440128,52.9212,3,1.41985,-0.539593,2.58251,0.257191,-0.539593,7.4739,-3.5238,-1.02886
2019-04-01,3174.79,179,9.94768,-0.446658,52.6329,3,0.725461,-1.61878,1.13667,0.314251,-1.61878,8.98692,-2.7524,-3.60161
2019-04-02,3146.81,185,10.5854,0.16837,54.4549,3,0.471639,-0.134898,0.473492,0.469785,-0.134898,9.58456,-1.78982,-3.33981
2019-04-03,3143.36,181,10.6018,-0.303788,52.9351,3,0.201813,-0.809389,-0.0703753,0.474001,-0.809389,9.41862,-0.824896,-5.65867
2019-04-04,3128.47,179,10.7563,-0.760349,47.9494,3,-0.441512,-1.07919,-1.40116,0.518139,-1.07919,7.24738,0.223265,-9.52126
2019-04-05,3132.78,180,10.6557,-0.494675,43.0055,3,-0.449758,-0.539593,-1.39891,0.499395,-0.539593,4.86064,1.20689,-13.062
2019-04-08,3126.2,179,9.44673,-0.244084,40.3829,3,-0.488168,0,-1.16462,0.18828,0,2.071,1.56798,-13.2561
2019-04-09,3115.22,178,9.45497,-0.612343,35.9526,3,-0.280398,-0.944287,-0.749484,0.188687,-0.944287,-0.371166,1.94767,-15.6239
2019-04-10,3105.2,180,9.38414,-0.250831,33.5775,3,-0.366764,-0.134898,-0.90334,0.169812,-0.134898,-2.43482,2.25803,-16.2457
2019-04-11,3095.66,178,9.40201,-0.217483,33.5384,3,-0.300068,-0.134898,-0.774393,0.174256,-0.134898,-4.04519,2.5774,-14.9938
2019-04-12,3113.91,176,9.69676,-0.316413,33.7748,3,-0.0932336,-0.539593,-0.431727,0.245259,-0.539593,-5.00033,3.03188,-14.2568
2019-04-15,3109.32,177,9.4222,-0.154286,35.2073,3,-0.106225,-0.202347,-0.379035,0.166585,-0.202347,-4.47281,3.38087,-13.7007
2019-04-16,3136.69,175,9.60395,0.0533304,38.9228,3,0.376457,-0.269796,0.542967,0.209947,-0.269796,-2.47899,3.72508,-12.3233
2019-04-17,3160.87,175,9.86456,0.138068,41.9357,3,0.815728,-0.539593,1.35645,0.275006,-0.539593,0.137286,4.19879,-12.4004
2019-04-18,3160.48,177,9.84617,0.460383,46.1052,3,0.920766,0,1.57181,0.26972,0,2.86909,4.67418,-11.4381
2019-04-19,3160.48,177,9.7249,0.442527,49.4105,3,0.682707,0.202347,1.12737,0.238038,0.202347,5.37318,5.10702,-11.0697
2019-04-22,3160.48,175,8.46149,0.184823,48.6198,3,0.571993,-0.202347,1.23676,-0.092772,-0.202347,6.48252,4.87829,-12.741
2019-04-23,3149.99,172,8.57149,-0.0665121,47.1801,3,0.136772,-0.269796,0.331558,-0.0580138,-0.269796,6.24299,4.69897,-13.7618
2019-04-24,3177.94,174,8.85726,0.106601,46.2761,3,0.213203,0,0.407988,0.0184172,0,5.47297,4.55639,-13.7533
2019-04-25,3213.23,175,8.52899,0.225919,43.7385,3,0.586736,-0.134898,1.23575,-0.0622804,-0.134898,4.49512,4.24178,-14.9984
2019-04-26,3237.98,173,8.90685,0.259209,43.0574,3,0.923113,-0.404694,1.80668,0.0395499,-0.404694,3.75427,4.03111,-14.7279
2019-04-29,3227.79,172,8.76569,0.257256,45.717,3,0.784309,-0.269796,1.56453,0.00409129,-0.269796,4.17364,3.74848,-12.2051
2019-04-30,3247.72,176,8.1658,0.862295,48.3579,3,1.0501,0.674491,2.25463,-0.154428,0.674491,5.87962,3.15918,-10.6809
2019-05-01,3233.97,174,8.37613,0.361414,50.8963,3,0.587931,0.134898,1.27282,-0.0969587,0.134898,7.16238,2.61504,-8.8811
2019-05-02,3233.97,175,8.07651,0.137825,54.3162,3,0.140753,0.134898,0.459913,-0.178407,0.134898,8.92138,1.94679,-6.55201
2019-05-03,3262.17,175,8.45038,0.31751,57.382,3,0.230326,0.404694,0.534764,-0.0741126,0.404694,10.7221,1.39529,-4.73538
2019-05-06,3240.44,177,8.89196,0.485008,60.0972,3,0.160627,0.809389,0.272813,0.0484406,0.809389,12.0243,1.25619,-3.18329
2019-05-07,3254.03,185,8.69985,0.705234,64.8741,3,0.0614858,1.34898,0.126657,-0.00368545,1.34898,12.6826,1.0605,1.13094
2019-05-08,3288.81,183,8.94537,0.995697,69.1879,3,0.642413,1.34898,1.21863,0.0661998,1.34898,14.4108,0.947648,3.82945
2019-05-09,3290.12,188,8.72106,1.25446,73.9567,3,0.620352,1.88857,1.23837,0.00233769,1.88857,15.8421,0.770194,7.34443
2019-05-10,3293.62,187,8.68107,1.04362,77.9982,3,0.333557,1.75368,0.676323,-0.00920952,1.75368,16.3556,0.52773,11.1149
2019-05-13,3274.3,195,9.10024,1.49285,82.3743,3,0.422633,2.56306,0.731862,0.113404,2.56306,16.6316,0.462487,15.2802
2019-05-14,3299.01,189,8.99823,0.56684,83.6174,3,0.526639,0.607042,0.968765,0.0845135,0.607042,16.7531,0.353103,16.5111
2019-05-15,3285.14,190,9.08413,0.471841,84.3941,3,-0.000605427,0.944287,-0.112425,0.111214,0.944287,15.4032,0.21654,18.7743
2019-05-16,3295.51,189,9.06039,0.11559,83.5913,3,0.0962814,0.134898,0.0881159,0.104447,0.134898,14.332,0.0828156,19.1764
2019-05-17,3290.27,190,9.12648,0.208716,83.0319,3,0.0127378,0.404694,-0.0993562,0.124832,0.404694,13.4089,-0.0102718,19.6333
2019-05-20,3313.72,191,9.26589,-0.0162815,82.5412,3,0.50703,-0.539593,0.84638,0.167679,-0.539593,13.1566,0.206211,19.1783
2019-05-21,3342.21,189,9.25799,0.272101,83.3624,3,0.544201,0,0.922311,0.166092,0,13.5242,0.388977,19.4492
2019-05-22,3344.45,192,9.02172,0.47602,84.2293,3,0.682244,0.269796,1.27003,0.0944615,0.269796,14.0902,0.44705,19.6921
2019-05-23,3340.96,201,8.51932,1.03604,86.0249,3,0.453305,1.61878,0.966337,-0.059726,1.61878,13.5518,0.438814,22.0343
2019-05-24,3368.76,197,8.57658,0.881704,87.3064,3,0.819122,0.944287,1.6813,-0.0430592,0.944287,13.2033,0.3661,23.737
2019-05-27,3358.84,197,8.56077,0.627593,88.0288,3,0.445798,0.809389,0.940493,-0.0488977,0.809389,12.5711,0.320978,25.1367
2019-05-28,3358.84,201,8.44151,0.871099,88.0456,3,0.12342,1.61878,0.334174,-0.0873348,1.61878,11.0832,0.372752,26.5897
2019-05-29,3362.48,202,8.15247,0.721438,88.7189,3,0.0938935,1.34898,0.366353,-0.178566,1.34898,10.2659,0.306194,28.1468
2019-05-30,3375.29,205,8.14367,0.419111,89.2258,3,0.27023,0.567992,0.71934,-0.178879,0.567992,10.3708,0.303105,28.5519
2019-05-31,3357.82,212,8.1539,0.956164,90.3153,3,-0.217643,2.12997,-0.261192,-0.174094,2.12997,9.56722,0.2227,30.5254
2019-06-03,3377.16,214,7.69085,1.21972,91.466,3,0.0254802,2.41397,0.374006,-0.323046,2.41397,9.40866,-0.0516297,32.109
2019-06-04,3377.16,203,7.68139,0.171086,90.6402,3,0.0247637,0.317407,0.372544,-0.323016,0.317407,9.7598,-0.287913,31.1683
2019-06-05,3306.37,198,10.6063,-0.470316,88.0733,3,-0.305818,-0.634815,-1.2563,0.64466,-0.634815,8.31922,0.145109,29.6089
2019-06-06,3296.87,197,10.6645,-0.834911,83.615,3,-0.533838,-1.13598,-1.73926,0.671582,-1.13598,6.39916,0.704053,26.5118
2019-06-07,3288.69,197,10.6964,-1.22585,77.6858,3,-0.428234,-2.02347,-1.53878,0.682308,-2.02347,4.84703,1.34644,21.4923
2019-06-10,3274.72,191,10.5943,-1.95433,66.7063,3,-0.806007,-3.10266,-2.26481,0.652796,-3.10266,2.38565,1.93215,12.3885
2019-06-11,3257.06,187,10.3699,-1.59664,58.8943,3,-1.0349,-2.15837,-2.64882,0.579013,-2.15837,-0.983659,2.44363,7.4343
2019-06-12,3249.56,188,10.3046,-0.851673,53.9113,3,-0.354364,-1.34898,-1.26889,0.560167,-1.34898,-2.09212,2.88799,3.11541
2019-06-13,3264.47,193,10.3846,-0.300628,52.3276,3,-0.0616637,-0.539593,-0.716839,0.593512,-0.539593,-2.86196,3.3574,1.83216
2019-06-14,3266.72,191,10.3836,-0.374446,50.1031,3,0.0604963,-0.809389,-0.47558,0.596572,-0.809389,-3.22258,3.80945,-0.483804
2019-06-17,3270.7,193,10.0268,0.2421,51.0891,3,0.200203,0.283996,-0.0740178,0.474424,0.283996,-4.10033,4.10165,1.08783
2019-06-18,3286.63,188,9.65474,0.326101,51.2952,3,0.510205,0.141998,0.674433,0.345977,0.141998,-4.33661,4.27306,1.35872
2019-06-19,3264.98,187,9.84772,0.122854,49.9474,3,0.387706,-0.141998,0.358636,0.416777,-0.141998,-5.20704,4.58137,0.573074
2019-06-20,3248.91,179,9.93583,-0.915193,42.5437,3,0.0581876,-1.88857,-0.335134,0.451509,-1.88857,-6.41114,5.03949,-6.08462
2019-06-21,3202.01,174,10.2831,-1.36372,34.3535,3,-0.434175,-2.29327,-1.4466,0.578245,-2.29327,-9.18458,5.51258,-11.9745
2019-06-24,3191.17,179,10.2866,-1.20958,28.1428,3,-0.59804,-1.82113,-1.78294,0.586857,-1.82113,-11.3934,5.93582,-16.3996
2019-06-25,3191.17,185,10.2866,-0.556615,23.7242,3,-0.775985,-0.337245,-2.13752,0.585552,-0.337245,-13.2527,6.36421,-19.3873
2019-06-26,3187.15,184,10.2099,-0.466381,20.3596,3,-0.595516,-0.337245,-1.74719,0.556154,-0.337245,-14.7078,6.82326,-21.7559
2019-06-27,3177.94,183,9.91873,-0.0167287,19.2001,3,-0.57305,0.539593,-1.5983,0.452197,0.539593,-16.5124,7.28459,-21.5721
2019-06-28,3197.23,181,10.3832,0.605135,18.2963,3,0.265983,0.944287,-0.0954743,0.62744,0.944287,-16.2266,7.89208,-23.3692
2019-07-01,3205.67,174,10.1131,-0.12241,15.091,3,0.429671,-0.674491,0.333326,0.526016,-0.674491,-15.678,8.2959,-27.5269
2019-07-02,3205.67,177,10.1131,-0.323563,14.0102,3,0.43206,-1.07919,0.333326,0.530793,-1.07919,-15.4863,8.85856,-29.3621
2019-07-03,3211.06,178,7.44748,-0.388407,14.1854,3,0.0325743,-0.809389,0.547923,-0.482774,-0.809389,-14.0819,7.97895,-29.7117
2019-07-04,3206.92,178,7.42878,-0.295779,15.3759,3,0.0829326,-0.674491,0.655878,-0.490013,-0.674491,-12.3581,7.16092,-29.427
2019-07-05,3206.92,174,7.43228,-0.542129,16.9781,3,-0.139971,-0.944287,0.209314,-0.489256,-0.944287,-11.1478,6.32842,-28.2025
2019-07-08,3217.18,172,7.5039,-0.189476,21.5882,3,-0.109156,-0.269796,0.245094,-0.463406,-0.269796,-9.48195,5.64953,-24.5794
2019-07-09,3207.66,172,7.35732,-0.461356,24.9025,3,-0.248221,-0.674491,0.0247166,-0.521159,-0.674491,-7.34988,4.81578,-22.5634
2019-07-10,3223.67,171,7.60511,-0.4785,26.0483,3,-0.0801612,-0.876838,0.267162,-0.427485,-0.876838,-6.03348,3.97003,-21.8882
2019-07-11,3212.91,169,7.43534,-0.634883,25.0208,3,-0.19058,-1.07919,0.113998,-0.495158,-1.07919,-5.25702,2.97856,-22.7008
2019-07-12,3197.5,171,7.54494,-0.310562,25.2155,3,-0.351327,-0.269796,-0.246683,-0.455972,-0.269796,-5.06057,2.04793,-21.7719
2019-07-15,3190.33,171,7.50565,-0.282202,23.6414,3,-0.564404,0,-0.654723,-0.474084,0,-5.5159,1.19281,-22.0356
2019-07-16,3190.66,171,7.17538,-0.256774,21.9568,3,-0.513548,0,-0.423143,-0.603953,0,-6.39701,0.353978,-22.0002
2019-07-17,3199.72,176,7.06256,0.0969042,21.8834,3,-0.615581,0.809389,-0.581358,-0.649803,0.809389,-7.20772,-0.570409,-20.3384
2019-07-18,3189.21,177,6.96483,0.291242,25.4399,3,-0.6316,1.21408,-0.574917,-0.688283,1.21408,-7.60912,-1.59871,-15.3523
2019-07-19,3183.01,175,4.79731,-0.136627,29.3459,3,-0.947744,0.674491,-0.353804,-1.54168,0.674491,-6.78807,-3.56258,-10.3035
2019-07-22,3169.51,172,4.87978,-0.368597,32.1737,3,-1.00699,0.269796,-0.504765,-1.50921,0.269796,-5.69969,-5.54028,-6.58633
2019-07-23,3177.76,168,4.98984,-0.580584,32.0915,3,-0.891372,-0.269796,-0.316864,-1.46588,-0.269796,-4.02108,-7.42753,-6.45983
2019-07-24,3188.01,169,5.11668,-0.831035,30.8527,3,-0.852682,-0.809389,-0.289421,-1.41594,-0.809389,-2.6641,-9.19349,-7.28966
2019-07-25,3194.67,168,5.04628,-0.872563,28.0314,3,-0.66594,-1.07919,0.11178,-1.44366,-1.07919,-1.08236,-10.7759,-10.1104
2019-07-26,3213.09,169,5.00122,-0.529979,24.4936,3,-0.385467,-0.674491,0.690468,-1.4614,-0.674491,-0.364621,-12.389,-12.7528
2019-07-29,3233.26,168,5.38141,-0.160789,24.3783,3,0.0831169,-0.404694,1.47794,-1.31171,-0.404694,0.646156,-14.0015,-12.2663
2019-07-30,3262.81,172,6.19312,0.580195,27.1687,3,0.485899,0.674491,1.96392,-0.992123,0.674491,2.12296,-15.6203,-9.33389
2019-07-31,3296.85,175,7.05173,0.927706,31.4975,3,0.911126,0.944287,2.47894,-0.656687,0.944287,3.94384,-16.1269,-6.31946
2019-08-01,3291.79,186,7.06432,1.66437,38.4279,3,0.76567,2.56306,2.18436,-0.653019,2.56306,5.47633,-16.6678,-0.380666
2019-08-02,3329.23,188,7.88053,1.91404,47.6369,3,1.13011,2.69796,2.59069,-0.330478,2.69796,7.82326,-16.7473,6.561
2019-08-05,3365.78,196,8.50477,2.66831,58.4785,3,1.42458,3.91205,2.93244,-0.0832779,3.91205,10.3133,-16.27,14.4352
2019-08-06,3459.47,195,12.1158,2.92491,70.4757,3,2.67972,3.17011,4,1.35945,3.17011,13.5295,-13.9248,20.871
2019-08-07,3431.28,188,12.8229,2.0126,78.1263,3,2.27152,1.75368,2.90279,1.64024,1.75368,15.1638,-11.465,24.4276
2019-08-08,3431.28,182,12.6531,0.875598,82.147,3,2.29079,-0.539593,3.01124,1.57034,-0.539593,17.0308,-9.3233,24.4395
2019-08-09,3394.61,178,13.3151,0.129314,83.2243,3,1.60761,-1.34898,1.38253,1.83268,-1.34898,18.1767,-7.32616,22.3738
2019-08-12,3382.71,190,13.3885,0.139968,84.218,3,1.08932,-0.809389,0.323496,1.85515,-0.809389,18.7647,-5.34177,20.7951
2019-08-13,3436.26,184,14.0797,-0.346202,84.0108,3,0.791475,-1.48388,-0.538767,2.12172,-1.48388,18.7169,-3.1264,18.4203
2019-08-14,3407.76,189,14.7148,0.52268,84.9814,3,0.910462,0.134898,-0.549516,2.37044,0.134898,18.5196,-0.649035,17.1109
2019-08-15,3449.27,194,14.8357,1.49686,87.5131,3,1.37494,1.61878,0.339586,2.4103,1.61878,18.5825,1.78928,17.1413
2019-08-16,3447.76,192,14.7661,1.81248,90.9465,3,1.73639,1.88857,1.09832,2.37445,1.88857,18.5185,4.54841,17.8795
2019-08-19,3441.4,188,14.6119,0.745821,92.5643,3,1.76144,-0.269796,1.21397,2.3089,-0.269796,19.0406,7.0708,16.4529
2019-08-20,3441.4,191,14.6766,1.06798,94.5402,3,1.19168,0.944287,0.0535417,2.32981,0.944287,18.2089,9.19493,17.1363
2019-08-21,3420.99,188,15.0949,0.610616,95.9048,3,1.35613,-0.134898,0.21967,2.49259,-0.134898,17.6003,11.1921,17.1125
2019-08-22,3385.28,183,15.8935,-0.398426,96.2878,3,0.687028,-1.48388,-1.43428,2.80834,-1.48388,16.3372,13.6358,16.3148
2019-08-23,3376.99,189,15.9647,0.111255,96.7587,3,0.627204,-0.404694,-1.57793,2.83233,-0.404694,14.5811,15.9176,16.26
2019-08-26,3399.95,188,15.982,0.471346,97.1736,3,0.942692,0,-0.947611,2.83299,0,12.8087,18.0019,16.3629
2019-08-27,3432.85,190,16.0122,0.580608,97.1738,3,1.29611,-0.134898,-0.245601,2.83783,-0.134898,11.5012,20.2678,15.4048
2019-08-28,3457.89,185,15.8474,0.666878,97.0083,3,1.73845,-0.404694,0.712675,2.76422,-0.404694,10.5576,22.5083,13.9425
2019-08-29,3477.53,179,15.8172,0.885406,96.4657,3,2.3104,-0.539593,1.87771,2.7431,-0.539593,10.6775,25.254,10.5342
2019-08-30,3464.15,179,15.6431,0.427734,95.2073,3,2.20445,-1.34898,1.74434,2.66456,-1.34898,10.7258,28.6129,5.86863
2019-09-02,3427.29,179,15.8859,0.241679,92.4089,3,1.62999,-1.14663,0.502252,2.75773,-1.14663,9.9718,33.2009,-0.763848
2019-09-03,3427.29,179,12.4088,-0.377656,86.8035,3,0.59367,-1.34898,-0.177892,1.36523,-1.34898,7.80931,36.9665,-7.97228
2019-09-04,3438.61,177,12.1281,-0.274244,81.5503,3,0.395799,-0.944287,-0.460081,1.25168,-0.944287,5.50019,39.0816,-13.0315
2019-09-05,3401.04,171,12.7518,-0.504434,77.8258,3,-0.0645805,-0.944287,-1.62788,1.49872,-0.944287,1.65758,40.3446,-14.1764
2019-09-06,3377.39,176,12.4139,-0.256904,76.7113,3,-0.244011,-0.269796,-1.84712,1.35909,-0.269796,-1.15724,40.2759,-12.4073
2019-09-09,3361.7,174,12.4603,-0.276818,75.4745,3,-0.0140434,-0.539593,-1.39977,1.37168,-0.539593,-2.69035,40.2051,-12.0403
2019-09-10,3368.8,174,10.99,-0.387819,75.349,3,-0.236045,-0.539593,-1.25098,0.77889,-0.539593,-3.32259,39.0519,-10.3803
2019-09-11,3373.75,172,10.668,-0.449103,72.3255,3,-0.358614,-0.539593,-1.37171,0.654477,-0.539593,-4.12641,38.2443,-11.7923
2019-09-12,3372.48,168,9.57538,-0.239196,66.5107,3,-0.208596,-0.269796,-0.628765,0.211573,-0.269796,-5.13703,37.2634,-15.6156
2019-09-13,3359.2,170,9.6228,-0.381998,58.5696,3,-0.0895059,-0.674491,-0.40807,0.229058,-0.674491,-6.6784,36.067,-20.819
2019-09-16,3356.15,175,9.62151,0.154627,56.3529,3,0.0394569,0.269796,-0.14561,0.224524,0.269796,-7.99385,34.214,-19.8672
2019-09-17,3364.43,176,9.70352,0.235359,53.1986,3,0.0660236,0.404694,-0.120802,0.252849,0.404694,-8.18552,32.3433,-20.9592
2019-09-18,3380.92,174,9.75235,0.299746,52.0146,3,0.194798,0.404694,0.118757,0.270839,0.404694,-8.28707,30.2452,-19.9435
2019-09-19,3377.79,172,9.02807,0.350292,54.8611,3,0.0260941,0.674491,0.0802636,-0.0280755,0.674491,-6.82841,27.4831,-15.7936
2019-09-20,3377.72,174,8.9856,0.412479,56.0002,3,0.150467,0.674491,0.346759,-0.0458259,0.674491,-4.98986,24.7112,-13.7211
2019-09-23,3402.32,173,9.03509,0.153997,54.8,3,0.442891,-0.134898,0.911106,-0.0253233,-0.134898,-3.22737,22.0242,-13.9968
2019-09-24,3437.78,182,9.14224,0.841442,55.7868,3,0.738597,0.944287,1.45897,0.0182277,0.944287,-1.60301,19.3188,-11.929
2019-09-25,3438.66,180,8.74019,0.718002,55.9798,3,0.491718,0.944287,1.13298,-0.149542,0.944287,-1.20307,16.5443,-9.3614
2019-09-26,3451.02,181,8.58265,0.947837,56.2153,3,0.614142,1.28153,1.44379,-0.215508,1.28153,-1.61507,13.7276,-5.89717
2019-09-27,3435.71,184,8.61687,0.906844,58.0147,3,0.464706,1.34898,1.13134,-0.201932,1.34898,-2.19163,10.9734,-0.7671
2019-09-30,3462.01,183,8.15859,0.863147,60.3235,3,0.377313,1.34898,1.15,-0.395377,1.34898,-1.57054,7.94869,3.9453
2019-10-01,3477.45,186,8.27422,0.367624,63.0445,3,0.195655,0.539593,0.739778,-0.348468,0.539593,-0.699873,6.28786,7.45654
2019-10-02,3491.29,192,8.30542,0.973562,67.4515,3,0.328346,1.61878,0.994,-0.337309,1.61878,0.652352,4.72631,12.0729
2019-10-03,3497.34,194,7.05215,0.876001,72.0554,3,-0.00167456,1.75368,0.866988,-0.870337,1.75368,2.88993,2.48522,16.6803
2019-10-04,3467.6,189,7.31504,0.29503,73.8034,3,-0.0844303,0.674491,0.589668,-0.758529,0.674491,5.0375,0.568095,18.1978
2019-10-07,3430.28,183,8.25027,-0.259617,73.8569,3,-0.519234,0,-0.675976,-0.362492,0,5.68224,-0.980856,19.1556
2019-10-08,3445.76,185,8.33587,-0.31771,74.0747,3,-0.500523,-0.134898,-0.674058,-0.326987,-0.134898,6.18906,-1.96582,19.8514
2019-10-09,3452.57,183,8.34053,-0.891232,72.6861,3,-0.568381,-1.21408,-0.81128,-0.325483,-1.21408,6.74501,-2.86365,18.8048
2019-10-10,3454.56,180,8.32417,-1.2498,69.3803,3,-0.611034,-1.88857,-0.886591,-0.335477,-1.88857,6.62586,-3.41372,16.1681
2019-10-11,3458.42,174,8.09988,-1.14045,66.789,3,-0.324873,-1.95602,-0.212947,-0.436799,-1.95602,6.87994,-4.06759,13.9766
2019-10-14,3431.46,174,8.71638,-0.581673,64.194,3,-0.0841612,-1.07919,-0.000764236,-0.167558,-1.07919,7.07853,-4.4711,11.5865
2019-10-15,3431.46,174,8.70947,-0.795789,60.4493,3,-0.242597,-1.34898,-0.313476,-0.171718,-1.34898,6.96936,-4.91737,8.39728
2019-10-16,3451.33,175,8.76751,-0.521784,57.3932,3,-0.0992803,-0.944287,-0.0495992,-0.148962,-0.944287,6.85068,-5.3446,5.88712
2019-10-17,3459.55,177,8.74815,-0.157477,55.4806,3,-0.0451568,-0.269796,0.0707807,-0.161094,-0.269796,6.8596,-5.48513,4.10611
2019-10-18,3465.35,176,8.73757,0.185683,54.6219,3,-0.0333291,0.404694,0.101598,-0.168256,0.404694,6.63248,-5.60672,3.59614
2019-10-21,3428.63,172,9.4005,-0.0562318,53.824,3,0.0224346,-0.134898,-0.0960225,0.140892,-0.134898,5.67764,-5.45234,3.5987
2019-10-22,3442.78,173,8.76015,0.00664503,50.6435,3,0.0132901,0,0.187946,-0.161366,0,4.47334,-5.63184,1.80203
2019-10-23,3430.3,174,8.85751,-0.145689,47.3489,3,-0.291378,0,-0.46624,-0.116516,0,2.94536,-5.59645,-1.58792e-16
2019-10-24,3409.29,173,8.98955,-0.480623,41.9501,3,-0.556552,-0.404694,-1.05957,-0.0535334,-0.404694,0.554955,-5.40878,-3.19606
2019-10-25,3387.72,169,9.12152,-0.807431,35.6741,3,-0.805474,-0.809389,-1.61587,0.00492173,-0.809389,-2.01724,-5.13304,-7.17559
2019-10-28,3395.25,169,8.65685,-0.36742,31.3868,3,-0.465045,-0.269796,-0.709128,-0.220961,-0.269796,-3.69148,-4.88986,-10.0319
2019-10-29,3382.19,173,8.46657,-0.326392,29.0708,3,-0.787683,0.134898,-1.25798,-0.317384,0.134898,-5.46485,-4.80784,-10.6565
2019-10-30,3380.9,181,8.23893,0.173168,26.5036,3,-0.732849,1.07919,-1.03313,-0.432572,1.07919,-7.20133,-4.82456,-11.4705
2019-10-31,3389.94,182,8.29593,0.466991,25.2378,3,-0.414999,1.34898,-0.424966,-0.405032,1.34898,-8.29125,-4.37303,-12.098
2019-11-01,3383.29,179,7.88001,0.55835,26.0491,3,-0.36718,1.48388,-0.120539,-0.613821,1.48388,-8.96828,-4.26662,-10.716
2019-11-04,3339.19,176,8.28315,0.140167,27.306,3,-0.798851,1.07919,-1.18141,-0.416288,1.07919,-9.49067,-4.34727,-8.85605
2019-11-05,3339.19,176,8.01124,-0.129813,27.907,3,-0.731769,0.472144,-0.907031,-0.556508,0.472144,-9.73321,-4.56918,-7.79063
2019-11-06,3318.47,179,8.05851,-0.561043,28.9784,3,-0.91974,-0.202347,-1.30499,-0.534488,-0.202347,-10.2374,-4.78519,-5.99906
2019-11-07,3319.64,173,8.04948,-1.07394,29.5568,3,-1.00125,-1.14663,-1.45953,-0.542962,-1.14663,-10.789,-4.98815,-4.66604
2019-11-08,3327.02,171,8.11529,-0.926353,30.268,3,-0.840969,-1.01174,-1.16681,-0.515127,-1.01174,-11.6978,-5.07701,-2.9572
2019-11-11,3341.01,171,8.0801,-0.433831,30.7636,3,-0.260621,-0.607042,0.0178301,-0.539072,-0.607042,-11.7079,-5.42894,-2.09955
2019-11-12,3341.01,174,8.0801,-0.199001,32.7992,3,-0.263104,-0.134898,0.0149387,-0.541146,-0.134898,-11.5075,-5.81787,0.124589
2019-11-13,3384.21,178,9.21586,0.341097,35.8337,3,0.682193,0,1.31607,0.0483125,0,-10.3583,-5.69732,1.88928
2019-11-14,3441.89,181,11.1556,1.48435,41.8463,3,1.75462,1.21408,2.44221,1.06703,1.21408,-8.2649,-4.61811,4.72931
2019-11-15,3452.67,181,11.2008,1.63452,47.3207,3,1.78517,1.48388,2.48369,1.08664,1.48388,-6.0457,-3.4507,6.81715
2019-11-18,3421.26,185,11.0246,1.64976,53.8244,3,1.27604,2.02347,1.56282,0.989267,2.02347,-4.46051,-2.63971,10.9246
2019-11-19,3447.74,192,11.278,2.08139,61.5817,3,1.59972,2.56306,2.07774,1.12169,2.56306,-2.62607,-1.39919,15.6069
2019-11-20,3434.49,193,11.2878,1.59917,67.7762,3,1.03997,2.15837,0.957514,1.12244,2.15837,-1.26062,-0.229063,19.2659
2019-11-21,3445.95,188,11.0964,0.805277,72.0551,3,0.531368,1.07919,0.0547405,1.008,1.07919,-0.229103,0.73372,21.5505
2019-11-22,3440.66,183,10.8289,0.318121,75.5584,3,0.298996,0.337245,-0.255082,0.853074,0.337245,0.977663,1.46707,23.1136
2019-11-25,3410.77,184,11.321,0.185733,77.1891,3,0.438914,-0.0674491,-0.228795,1.10662,-0.0674491,1.38541,2.60857,23.1951
2019-11-26,3433.94,189,11.4404,0.0482412,78.2579,3,0.433728,-0.337245,-0.29516,1.16262,-0.337245,2.2071,3.8676,22.1832
2019-11-27,3469.01,189,11.9037,0.276007,78.5461,3,1.02416,-0.472144,0.652576,1.39574,-0.472144,3.65738,5.43709,19.4517
2019-11-28,3502.92,189,12.2704,0.733644,79.2831,3,1.33239,0.134898,1.08248,1.5823,0.134898,4.92802,7.10837,17.2467
2019-11-29,3502.92,188,12.2136,1.02105,80.5258,3,1.36762,0.674491,1.18527,1.54997,0.674491,5.98079,8.86471,15.6803
2019-12-02,3522.48,188,10.9327,1.02368,82.7692,3,1.50776,0.539593,2.14005,0.875464,0.539593,8.60071,9.73635,14.4321
2019-12-03,3508.39,198,11.153,1.20122,85.8236,3,1.18835,1.21408,1.39179,0.98491,1.21408,10.1226,10.6115,15.0894
2019-12-04,3506.67,189,10.738,0.359268,87.7073,3,0.718537,0,0.676865,0.760208,0,11.3867,11.3283,14.9923
2019-12-05,3478.57,185,11.382,-0.121584,89.4641,3,0.296424,-0.539593,-0.501607,1.09446,-0.539593,11.7721,12.2278,15.4642
2019-12-06,3459.97,178,11.706,-0.539632,90.1231,3,0.202268,-1.28153,-0.855541,1.26008,-1.28153,11.8569,13.3971,14.869
2019-12-09,3430.31,178,12.2513,-0.702905,89.6679,3,-0.124277,-1.28153,-1.79231,1.54376,-1.28153,10.6013,15.08,13.9865
2019-12-10,3418.48,176,12.3615,-1.48808,87.2757,3,-0.0758428,-2.90031,-1.75101,1.59932,-2.90031,9.65848,17.3791,10.2381
2019-12-11,3418.61,177,11.5638,-0.910208,84.6089,3,-0.269087,-1.55133,-1.71606,1.17789,-1.55133,7.55894,18.9469,8.10303
2019-12-12,3387.73,167,10.2844,-1.50143,76.8567,3,-0.642152,-2.36072,-1.78407,0.499767,-2.36072,4.45022,19.9277,2.47879
2019-12-13,3372.23,170,10.2589,-0.821073,69.118,3,-0.630411,-1.01174,-1.73278,0.471963,-1.01174,0.796412,20.2987,-1.97712
2019-12-16,3374.29,162,9.83029,-1.26841,58.7065,3,-0.44589,-2.09092,-1.12306,0.231277,-2.09092,-1.71941,20.2582,-9.83224
2019-12-17,3364.24,162,9.33871,-1.19032,46.2944,3,-0.559525,-1.82113,-1.09065,-0.0283967,-1.82113,-4.74978,19.2965,-18.2523
2019-12-18,3347.86,159,9.38417,-1.53352,34.7256,3,-0.706315,-2.36072,-1.40829,-0.0043388,-2.36072,-6.83791,17.7906,-26.2271
2019-12-19,3329.98,163,9.32473,-0.49872,30.2404,3,-0.592745,-0.404694,-1.14951,-0.0359773,-0.404694,-7.81307,16.5128,-28.4593
2019-12-20,3322.38,163,9.32665,-0.663534,27.0462,3,-0.517679,-0.809389,-1.00017,-0.0351908,-0.809389,-8.35099,15.4381,-30.0409
2019-12-23,3325.47,162,8.99251,-0.23141,25.7418,3,-0.597717,0.134898,-0.979466,-0.215968,0.134898,-8.95349,14.1374,-29.4422
2019-12-24,3316.92,164,8.48215,-0.15974,25.1038,3,-0.724174,0.404694,-0.952954,-0.495394,0.404694,-9.50011,12.6082,-28.0042
2019-12-25,3305.84,164,7.23306,-0.136178,23.8647,3,-1.0143,0.74194,-0.853341,-1.17525,0.74194,-10.7442,10.2397,-25.6308
2019-12-26,3305.84,165,5.73786,-0.488807,20.3943,3,-1.24741,0.269796,-0.505766,-1.98906,0.269796,-11.8098,6.90444,-24.7003
2019-12-27,3281.4,166,5.84482,-0.483088,16.5643,3,-1.37087,0.404694,-0.829932,-1.91181,0.404694,-13.0209,3.79296,-24.2078
2019-12-30,3294.05,166,5.5229,-0.405458,13.3875,3,-1.35051,0.539593,-0.642601,-2.05841,0.539593,-14.6977,1.32263,-23.2374
2019-12-31,3277.14,161,5.55552,-0.904992,9.51365,3,-1.40529,-0.404694,-0.795342,-2.01524,-0.404694,-15.3693,-0.980614,-24.1364
2020-01-01,3277.14,161,5.5923,-0.845253,7.70766,3,-1.28581,-0.404694,-0.583832,-1.98779,-0.404694,-15.6515,-2.89225,-23.7486
2020-01-02,3277.14,165,5.42982,-0.664385,6.9845,3,-1.32877,0,-0.592932,-2.06461,0,-15.423,-5.03894,-22.5536
2020-01-03,3258.84,171,5.44431,-0.29549,7.30302,3,-1.26547,0.674491,-0.481306,-2.04963,0.674491,-15.2919,-7.40733,-19.9978
2020-01-06,3262.05,167,5.1912,-0.644773,7.38048,3,-1.42444,0.134898,-0.667141,-2.18175,0.134898,-14.5306,-10.045,-18.0439
2020-01-07,3262.05,167,5.25272,-0.215374,9.23767,3,-1.24014,0.809389,-0.333086,-2.14719,0.809389,-14.131,-13.2436,-13.3878
2020-01-08,3264.26,163,5.29586,-0.4658,9.96161,3,-1.2014,0.269796,-0.28332,-2.11947,0.269796,-13.2709,-15.899,-10.8684
2020-01-09,3254.42,167,4.66923,-0.593968,11.5669,3,-1.45773,0.269796,-0.474592,-2.44087,0.269796,-12.6572,-18.6271,-7.1488
2020-01-10,3253.89,168,4.60883,-0.848036,11.5167,3,-1.29138,-0.404694,-0.120441,-2.46231,-0.404694,-11.4092,-20.863,-6.21108
2020-01-13,3272.62,167,5.27417,-0.480443,13.0483,3,-0.960886,0,0.186938,-2.10871,0,-10.6598,-23.216,-3.07586
2020-01-14,3288.05,168,5.68319,-0.28076,14.9847,3,-0.696418,0.134898,0.487562,-1.8804,0.134898,-9.67429,-25.341,-1.74833e-15
2020-01-15,3278.83,169,5.54853,-0.0123497,18.6317,3,-0.834088,0.809389,0.255537,-1.92371,0.809389,-8.68123,-28.0227,5.33564
2020-01-16,3296.74,168,5.75585,-0.185207,19.4466,3,-0.505313,0.134898,0.805065,-1.81569,0.134898,-7.09216,-29.7546,6.29336
2020-01-17,3313.4,165,6.03542,-0.333816,20.3266,3,-0.262938,-0.404694,1.14281,-1.66869,-0.404694,-5.31718,-31.3927,7.0365
2020-01-20,3320.77,165,6.0829,-0.315751,20.0993,3,-0.361707,-0.269796,0.914482,-1.6379,-0.269796,-3.69011,-32.5421,6.33144
2020-01-21,3320.77,170,6.01058,-0.127651,20.1856,3,-0.525098,0.269796,0.614763,-1.66496,0.269796,-2.35411,-33.5663,6.10596
2020-01-22,3347.91,170,6.50982,0.0503963,20.6919,3,-0.0341055,0.134898,1.33185,-1.40006,0.134898,-0.490084,-33.9099,5.09188
2020-01-23,3337.77,174,6.63671,0.264242,22.8102,3,-0.280905,0.809389,0.767448,-1.32926,0.809389,0.612655,-33.925,6.12254
2020-01-24,3353.76,178,6.10163,0.665972,26.2657,3,-0.421732,1.75368,0.748546,-1.59201,1.75368,2.03814,-34.4532,8.68079
2020-01-27,3366.01,183,6.08995,1.02764,30.9219,3,-0.372882,2.42817,0.838712,-1.58448,2.42817,3.44646,-34.8838,12.3593
2020-01-28,3398.4,177,6.33093,0.473207,35.7106,3,0.00212608,0.944287,1.45977,-1.45551,0.944287,5.61559,-35.0133,15.1083
2020-01-29,3392.6,178,6.42428,0.390852,40.209,3,-0.297482,1.07919,0.81143,-1.40639,1.07919,7.00096,-34.885,18.093
2020-01-30,3395.1,175,6.40324,-0.0263918,42.5869,3,-0.187682,0.134898,1.03728,-1.41265,0.134898,8.57837,-34.4201,18.4287
2020-01-31,3411.45,176,5.85715,-0.301761,42.5634,3,-0.333726,-0.269796,1.02355,-1.691,-0.269796,10.0056,-34.0786,16.6364
2020-02-03,3423.24,176,5.84974,-0.642285,42.5727,3,-0.340282,-0.944287,0.993691,-1.67426,-0.944287,11.5814,-33.5977,14.589
2020-02-04,3401.56,173,6.58557,-0.589609,41.1741,3,-0.639626,-0.539593,0.00301088,-1.28226,-0.539593,11.8713,-32.6974,12.0003
2020-02-05,3368.87,167,7.79159,-1.03003,39.0871,3,-0.576173,-1.48388,-0.487753,-0.664593,-1.48388,11.6258,-31.1812,8.64242
2020-02-06,3355.44,168,7.87516,-0.82042,38.2578,3,-0.696553,-0.944287,-0.77204,-0.621067,-0.944287,11.3223,-29.4061,6.34167
2020-02-07,3378.43,171,8.06473,-0.627845,39.0641,3,-0.581199,-0.674491,-0.638899,-0.523499,-0.674491,10.8565,-27.6385,5.84602
2020-02-10,3408.35,173,8.32981,-0.374872,39.4523,3,-0.34505,-0.404694,-0.304386,-0.385713,-0.404694,10.4031,-26.0389,5.08812
2020-02-11,3440.96,168,8.70208,-0.219633,39.6776,3,0.235225,-0.674491,0.659513,-0.189064,-0.674491,10.5706,-24.4565,3.5635
2020-02-12,3432.89,165,8.66792,0.0890236,40.052,3,0.447843,-0.269796,1.09606,-0.200378,-0.269796,11.373,-22.8495,1.52847
2020-02-13,3394.8,165,9.79757,0.0548065,40.942,3,0.514307,-0.404694,0.655497,0.373118,-0.404694,11.2523,-20.8208,0.510423
2020-02-14,3385.11,165,9.81647,-0.294949,41.0865,3,0.219492,-0.809389,0.0595777,0.379405,-0.809389,10.2305,-18.8887,-0.255283
2020-02-17,3378.29,165,9.86572,-0.590358,40.0678,3,-0.10153,-1.07919,-0.60217,0.399109,-1.07919,8.7772,-16.9261,-1.78328
2020-02-18,3378.29,166,9.86572,-0.327865,39.3292,3,-0.385933,-0.269796,-1.17079,0.398925,-0.269796,7.07949,-14.9526,-2.79767
2020-02-19,3410.24,162,9.99981,-0.198997,38.4146,3,0.00670073,-0.404694,-0.457748,0.471149,-0.404694,5.38048,-13.1593,-3.80653
2020-02-20,3400.98,165,9.98393,0.128284,37.9187,3,0.256567,0,0.049646,0.463488,0,4.69925,-11.4583,-5.32227
2020-02-21,3403.5,167,9.88023,0.301085,36.5977,3,0.332373,0.269796,0.260347,0.404399,0.269796,4.22486,-9.5472,-8.07994
2020-02-24,3398.05,172,9.85082,0.638466,35.2061,3,0.332646,0.944287,0.282109,0.383182,0.944287,3.68767,-7.67184,-10.8097
2020-02-25,3431.6,180,9.88159,1.26107,38.0418,3,0.633557,1.88857,0.868716,0.398399,1.88857,3.16359,-5.99492,-9.12687
2020-02-26,3425.22,182,9.88623,1.49655,42.129,3,0.295138,2.69796,0.192254,0.398023,2.69796,2.60456,-4.33729,-6.1383
2020-02-27,3441.88,192,10.0077,2.09754,50.184,3,0.552833,3.64225,0.646542,0.459125,3.64225,2.24882,-2.57973,0.514888
2020-02-28,3507.11,212,11.8327,2.78649,61.7942,3,1.57298,4,1.71793,1.42803,4,2.86832,0.390628,8.53524
2020-03-02,3539.86,205,12.1459,2.98908,74.1349,3,1.97817,4,2.36634,1.58999,4,3.94393,3.28063,16.9104
2020-03-03,3512.17,200,12.2882,2.08805,81.6921,3,1.47813,2.69796,1.30459,1.65167,2.69796,4.80251,5.54769,21.3419
2020-03-04,3455.56,189,13.2726,1.1225,86.6422,3,1.3007,0.944287,0.441003,2.1604,0.944287,5.25566,7.45506,23.9315
2020-03-05,3458.45,201,13.1284,1.1762,90.3313,3,1.13832,1.21408,0.198173,2.07848,1.21408,5.65478,9.00266,25.6739
2020-03-06,3522.41,220,14.3256,1.25849,93.0715,3,1.43779,1.07919,0.16785,2.70773,1.07919,5.86428,10.6903,26.5169
2020-03-09,3584.58,284,15.1726,2.95294,96.4032,3,1.90588,4,0.664586,3.14718,4,5.79772,11.6585,28.947
2020-03-10,3803.6,264,25.1984,4,98.6211,3,4,4,4,4,4,6.72493,12.1885,29.7076
2020-03-11,3780.39,293,25.3795,4,99.5023,3,4,4,4,4,4,7.18684,12.5375,29.778
2020-03-12,3835.15,360,24.8606,4,99.8436,3,4,4,4,4,4,7.66141,12.4747,29.7075
2020-03-13,4034.66,336,29.1956,4,99.9618,3,4,4,4,4,4,8.14106,12.2631,29.5576
2020-03-16,3941.92,405,31.1451,4,99.9929,3,4,4,4,4,4,8.65216,11.9861,29.3547
2020-03-17,4099.93,382,32.9274,4,99.9988,3,4,4,4,4,4,9.26962,11.8317,28.8974
2020-03-18,4044.55,469,33.9495,3.96501,99.9998,3,3.93003,4,3.86005,4,4,9.58834,11.7251,28.6864
2020-03-19,4128.38,493,33.9303,4,100,3,4,4,4,4,4,9.82346,11.7023,28.4742
2020-03-20,4153.91,465,33.7948,3.39931,100,3,2.79862,4,1.59723,4,4,9.57498,11.8596,28.5654
2020-03-23,4079.96,488,35.0144,3.47663,100,3,2.95326,4,1.90652,4,4,9.45667,12.0585,28.4848
2020-03-24,4079.96,457,35.1624,2.89755,100,3,1.7951,4,-0.409793,4,4,8.9298,12.4821,28.5881
2020-03-25,4104.9,380,34.9597,-0.812239,100,3,2.37552,-4,0.751043,4,-4,9.41069,13.7686,26.8207
2020-03-26,4086.34,346,35.2665,-1.17857,100,3,1.64285,-4,-0.714291,4,-4,9.66605,15.4198,24.9141
2020-03-27,3995.83,390,36.6879,-1.59409,99.9999,3,0.811815,-4,-2.37637,4,-4,9.48839,17.4241,23.0874
2020-03-30,4042.8,391,36.7216,-1.16363,99.9994,3,1.67273,-4,-0.65453,4,-4,9.5243,19.6719,20.8031
2020-03-31,4064.81,376,36.3268,-1.08417,99.9975,3,1.83166,-4,-0.336681,4,-4,9.75257,21.8344,18.4105
2020-04-01,4054.54,405,35.463,2.19387,99.9984,3,1.57735,2.81038,-0.845291,4,2.81038,9.14275,21.8256,19.03
2020-04-02,4081.06,409,35.3681,2.95337,99.9993,3,1.90675,4,-0.186501,4,4,8.67771,21.4997,19.8219
2020-04-03,4065.5,417,35.4072,2.74725,99.9996,3,2.45929,3.03521,0.918589,4,3.03521,8.60216,21.1607,20.2367
2020-04-06,4008.78,400,35.9534,1.35396,99.9992,3,1.69619,1.01174,-0.607629,4,1.01174,8.55453,22.146,19.2987
2020-04-07,3978.38,385,30.0566,1.16227,99.9974,3,1.3128,1.01174,-1.3744,4,1.01174,7.54039,23.6302,18.8268
2020-04-08,3910.15,380,30.7238,-0.962327,99.9824,3,0.885725,-2.81038,-2.22855,4,-2.81038,6.45597,26.7613,16.7651
2020-04-09,3886.79,355,30.4574,-1.74018,99.8755,3,0.519646,-4,-2.96071,4,-4,4.8665,31.5528,13.4562
2020-04-10,3886.79,355,24.0517,-1.68302,99.3448,3,0.633966,-4,-2.73207,4,-4,2.66725,38.0586,8.61901
2020-04-13,3886.79,340,22.6868,-1.46964,97.4864,3,1.06071,-4,-1.87858,4,-4,-0.157789,46.4157,1.22848
2020-04-14,3870.31,331,17.0735,-1.41892,92.4951,3,1.16216,-4,-1.67569,4,-4,-4.20054,56.5003,-9.80466
2020-04-15,3858.21,359,16.5997,-0.448062,84.5414,3,1.46459,-2.36072,-0.840245,3.76943,-2.36072,-8.65046,64.8052,-21.6133
2020-04-16,3920.83,374,15.8499,2.02239,79.6095,3,1.90889,2.13589,0.436902,3.38089,2.13589,-12.1589,67.7205,-25.9521
2020-04-17,3942.92,368,15.811,1.75835,74.8812,3,2.05531,1.4614,0.749869,3.36075,1.4614,-13.3605,69.6587,-31.417
2020-04-20,3973.06,378,15.1073,3.04375,73.5437,3,2.0875,4,1.17895,2.99606,4,-14.1253,69.3535,-31.6845
2020-04-21,3967.76,398,15.0992,3.081,74.1149,3,2.16201,4,1.33217,2.99185,4,-12.5223,68.2099,-31.5727
2020-04-22,4045.01,405,16.6162,3.58816,85.7217,3,3.17633,4,2.5747,3.77796,4,-9.7774,61.0285,-15.5294
2020-04-23,4037.95,409,16.5611,3.29824,93.2702,3,2.66195,3.93453,1.57449,3.74941,3.93453,-6.86989,52.5891,-2.449
2020-04-24,4020.94,420,14.518,2.92844,97.3129,3,1.85687,4,1.02303,2.69071,4,-3.83233,43.8354,7.30984
2020-04-27,4039.87,427,13.9944,2.81971,98.9556,3,1.63942,4,0.859487,2.41935,4,-2.54372,37.0731,14.4263
2020-04-28,4039.83,430,13.845,2.61576,99.6139,3,1.63423,3.59728,0.926511,2.34195,3.59728,-1.67268,31.8406,19.446
2020-04-29,4046.04,418,13.8337,1.2977,99.5035,3,1.13401,1.4614,-0.0680631,2.33609,1.4614,-1.36752,32.062,18.809
2020-04-30,3983.29,392,14.6379,-0.477727,98.7775,3,0.955603,-1.91106,-0.841607,2.75281,-1.91106,-1.88375,35.5543,15.1069
2020-05-01,3932.72,387,15.1846,-1.42545,96.7899,3,0.858802,-3.7097,-1.31851,3.03611,-3.7097,-3.54952,40.8794,9.45999
2020-05-04,3932.72,384,14.4661,-1.72659,94.0151,3,0.546823,-4,-1.57016,2.66381,-4,-4.6227,44.8349,3.80288
2020-05-05,3990.1,366,15.2246,-1.42585,90.4635,3,1.14831,-4,-0.760223,3.05683,-4,-4.59964,48.3199,-3.25667
2020-05-06,3926.07,366,15.0584,-1.68869,89.2314,3,0.622618,-4,-1.72549,2.97073,-4,-4.32872,48.6968,-5.13665
2020-05-07,3961.66,367,15.1819,-0.737921,90.9033,3,1.33454,-2.81038,-0.365644,3.03472,-2.81038,-2.28692,46.4171,-3.22696
2020-05-08,3924.54,351,15.6217,-1.22943,91.5932,3,1.54113,-4,-0.180381,3.26265,-4,-0.410353,45.1816,-3.17807
2020-05-11,3882.27,346,16.1308,-1.31206,91.8235,3,1.37587,-4,-0.774702,3.52645,-4,0.384406,44.6001,-3.16108
2020-05-12,3901.34,347,16.1425,-0.508232,93.062,3,1.11942,-2.13589,-1.29364,3.53249,-2.13589,0.6383,42.893,-0.469269
2020-05-13,3880.48,360,16.2263,0.381003,94.059,3,1.4365,-0.674491,-0.702961,3.57595,-0.674491,0.712621,41.5235,1.82287
2020-05-14,3901.3,368,15.2567,0.598686,92.2709,3,1.08496,0.112415,-0.90356,3.07347,0.112415,-0.202944,43.432,-0.958116
2020-05-15,3947.79,361,15.7273,1.45539,91.8424,3,1.78662,1.12415,0.255901,3.31734,1.12415,-0.559565,43.8541,-1.45217
2020-05-18,3926.06,338,15.581,0.495564,87.5082,3,1.89045,-0.899321,0.539357,3.24154,-0.899321,-1.10651,47.8315,-9.21678
2020-05-19,3851.07,335,16.9378,0.117445,80.7087,3,1.58387,-1.34898,-0.776916,3.94466,-1.34898,-2.98847,52.7713,-19.0741
2020-05-20,3824.3,321,15.1348,-1.46108,64.9557,3,1.07784,-4,-0.854644,3.01032,-4,-6.47947,57.3075,-35.8723
2020-05-21,3804.12,303,15.1542,-1.60586,46.6101,3,0.788285,-4,-1.42056,2.99713,-4,-9.48568,57.9324,-51.8366
2020-05-22,3774.25,298,15.2493,-1.86365,29.3373,3,0.272702,-4,-2.4728,3.0182,-4,-12.228,55.5662,-64.0008
2020-05-25,3782.66,298,15.1049,-1.78277,16.2583,3,0.434451,-4,-2.05468,2.92358,-4,-13.4218,50.5422,-70.8621
2020-05-26,3782.66,286,15.1052,-1.5289,8.37259,3,0.942197,-4,-1.01432,2.89872,-4,-13.2019,44.8442,-73.2697
2020-05-27,3725.56,288,15.5586,-1.41666,5.04887,3,0.820181,-3.65349,-1.45198,3.09235,-3.65349,-12.906,41.253,-73.2982
2020-05-28,3743.79,284,15.2475,-0.532711,4.99442,3,1.01426,-2.07968,-0.904086,2.9326,-2.07968,-12.9212,41.2886,-73.373
2020-05-29,3723.42,288,14.8475,-0.0515764,6.50193,3,0.964791,-1.06794,-0.765007,2.69459,-1.06794,-13.1922,43.1356,-73.4414
2020-06-01,3718.82,287,14.8238,-0.164755,8.62018,3,0.850849,-1.18036,-0.943017,2.64471,-1.18036,-13.4692,45.5149,-73.4254
2020-06-02,3716.35,277,13.3871,-0.211238,10.5958,3,0.476844,-0.899321,-0.977214,1.9309,-0.899321,-14.184,46.5265,-71.7467
2020-06-03,3651.42,266,13.5768,-0.959093,11.9297,3,0.442532,-2.36072,-1.10458,1.98965,-2.36072,-14.0358,46.856,-70.8905
2020-06-04,3588.89,270,13.5359,-0.812702,11.7877,3,-0.164007,-1.4614,-2.28268,1.95467,-1.4614,-15.4809,45.9143,-68.6457
2020-06-05,3597.47,266,13.6663,-1.14746,11.9434,3,0.0658065,-2.36072,-1.8607,1.99231,-2.36072,-16.8191,45.05,-66.2875
2020-06-08,3565.06,264,13.5687,-1.32657,11.9158,3,-0.180002,-2.47313,-2.26612,1.90612,-2.47313,-17.9636,43.778,-63.8986
2020-06-09,3599,268,14.0664,-0.35886,12.2026,3,0.1816,-0.899321,-1.72603,2.08923,-0.899321,-18.3826,42.8612,-62.276
2020-06-10,3643.02,276,15.1777,1.21996,13.9038,3,1.20336,1.23657,-0.152077,2.5588,1.23657,-18.4159,43.1515,-60.8318
2020-06-11,3674.81,301,15.4692,2.77068,19.0286,3,1.94409,3.59728,1.21808,2.67009,3.59728,-17.7536,45.459,-58.6768
2020-06-12,3746.46,297,16.604,3.0805,23.5344,3,2.61993,3.54108,2.11194,3.12792,3.54108,-16.812,47.0521,-56.7057
2020-06-15,3758.15,297,16.6865,3.32486,32.6114,3,2.94002,3.7097,2.75468,3.12536,3.7097,-15.6361,49.3758,-51.1283
2020-06-16,3758.15,280,15.4215,1.87812,38.8889,3,2.40725,1.34898,2.24675,2.56775,1.34898,-13.1076,49.0862,-47.0898
2020-06-17,3741.88,293,15.3191,1.92444,51.6628,3,1.93782,1.91106,1.36667,2.50897,1.91106,-11.159,49.246,-36.4242
2020-06-18,3749.03,296,15.2703,0.588791,59.935,3,1.73966,-0.562076,1.00333,2.47599,-0.562076,-8.75674,48.2531,-29.5613
2020-06-19,3760.22,293,15.081,0.405781,68.0391,3,1.26122,-0.449661,0.137405,2.38504,-0.449661,-6.13315,46.4515,-22.2793
2020-06-22,3733.27,296,15.2509,0.453458,75.2616,3,1.01933,-0.112415,-0.405081,2.44374,-0.112415,-4.43739,44.2404,-14.5415
2020-06-23,3733.27,295,15.2509,1.35323,83.1092,3,1.02023,1.68623,-0.398516,2.43897,1.68623,-3.63394,40.9228,-4.17962
2020-06-24,3706.06,299,14.4901,0.727163,87.7707,3,0.779836,0.674491,-0.55516,2.11483,0.674491,-2.71852,37.6963,2.79295
2020-06-25,3722.27,299,14.467,0.586601,89.8081,3,0.835957,0.337245,-0.425943,2.09786,0.337245,-2.2654,35.7558,6.31764
2020-06-26,3735.93,304,14.3969,1.03689,91.5408,3,0.83721,1.23657,-0.387396,2.06182,1.23657,-1.91204,34.0286,9.42424
2020-06-29,3758.91,304,14.5385,1.05706,93.2115,3,1.21479,0.899321,0.313852,2.11573,0.899321,-0.962239,32.2568,11.9169
2020-06-30,3758.91,293,14.5331,0.492446,94.0508,3,1.20972,-0.22483,0.313852,2.10559,-0.22483,-0.0660408,31.5814,12.5355
2020-07-01,3756.28,285,12.8692,-0.273848,94.7877,3,1.02612,-1.57381,0.661988,1.39024,-1.57381,1.10044,30.4187,13.2686
2020-07-02,3723.67,279,11.5078,-0.929502,94.6675,3,0.389298,-2.2483,-0.0209954,0.799592,-2.2483,2.60273,29.7823,12.2825
2020-07-03,3660.18,279,13.3391,-1.29554,94.512,3,0.219305,-2.81038,-1.11478,1.55339,-2.81038,3.11323,29.6493,11.7494
2020-07-06,3645.9,273,12.9515,-1.80534,93.9844,3,-0.125812,-3.48487,-1.63952,1.38789,-3.48487,3.59139,29.8108,10.5822
2020-07-07,3633.32,280,12.6553,-0.841367,93.4133,3,-0.279792,-1.40294,-1.81705,1.25747,-1.40294,3.59062,29.7519,10.0708
2020-07-08,3631.54,280,11.8793,-0.499917,91.0323,3,-0.437759,-0.562076,-1.79466,0.919146,-0.562076,2.60898,30.3678,8.05559
2020-07-09,3625.61,291,11.4158,0.471727,86.9238,3,-0.351568,1.29502,-1.42032,0.717182,1.29502,0.73235,31.1442,5.04722
2020-07-10,3633.42,292,8.74413,0.447334,80.8087,3,-0.404351,1.29902,-0.411708,-0.396994,1.29902,-1.34761,30.5211,1.63526
2020-07-13,3615.75,289,8.64028,0.545242,72.7387,3,-0.45121,1.54169,-0.460428,-0.441991,1.54169,-4.32251,29.2221,-2.16092
2020-07-14,3617.22,293,8.65352,0.452261,68.029,3,-0.348103,1.25263,-0.257957,-0.43825,1.25263,-6.73056,27.1492,-2.3896
2020-07-15,3638.22,284,9.01582,0.138079,61.6996,3,-0.109266,0.385423,0.0687459,-0.287277,0.385423,-8.09646,25.1065,-5.3104
2020-07-16,3611.61,280,9.16161,-0.61857,57.2243,3,-0.225404,-1.01174,-0.223793,-0.227015,-1.01174,-9.33547,22.7724,-6.2127
2020-07-17,3627.86,272,9.28236,-0.984391,51.9573,3,-0.138022,-1.83076,-0.0992782,-0.176766,-1.83076,-9.60908,20.4456,-8.87923
2020-07-20,3651.93,263,9.50777,-1.09949,46.0372,3,0.209919,-2.4089,0.501115,-0.0812765,-2.4089,-8.73382,18.0147,-13.2436
2020-07-21,3651.93,253,9.50777,-1.77925,34.4875,3,0.199368,-3.75788,0.480792,-0.082056,-3.75788,-7.70404,15.2332,-23.0417
2020-07-22,3628.2,251,9.44274,-1.61012,26.6703,3,-0.136863,-3.08339,-0.163227,-0.110499,-3.08339,-7.07512,12.6902,-28.9447
2020-07-23,3627.28,259,9.23069,-0.962081,22.0358,3,0.00295514,-1.92712,0.209159,-0.203249,-1.92712,-6.2998,10.2915,-31.9559
2020-07-24,3660.15,264,9.79113,-0.214833,18.6533,3,0.244825,-0.674491,0.448946,0.0407043,-0.674491,-5.40838,8.28402,-34.2223
2020-07-27,3690.8,260,10.0334,0.0750388,16.2386,3,0.342789,-0.192712,0.540375,0.145204,-0.192712,-5.08345,6.45486,-35.1328
2020-07-28,3679.17,263,10.0578,0.662137,16.6407,3,0.26436,1.05991,0.372857,0.155863,1.05991,-5.0585,4.87854,-33.1794
2020-07-29,3718.69,257,10.8909,0.786849,19.2976,3,0.899208,0.674491,1.27814,0.520281,0.674491,-4.67866,4.27866,-30.3024
2020-07-30,3716.89,260,10.4503,0.493618,23.2443,3,0.794524,0.192712,1.2615,0.327548,0.192712,-3.7138,4.00996,-27.0518
2020-07-31,3739.49,253,8.47533,-0.339881,26.1284,3,0.283795,-0.963558,1.10373,-0.536142,-0.963558,-1.80617,2.22337,-24.2888
2020-08-03,3733.08,248,8.33903,-0.536728,30.2223,3,-0.0135429,-1.05991,0.57159,-0.598676,-1.05991,0.172162,0.459529,-20.4094
2020-08-04,3768.39,249,8.63582,-0.435804,31.5893,3,0.381019,-1.25263,1.23317,-0.47113,-1.25263,2.97615,-1.12604,-20.2608
2020-08-05,3792.98,239,8.74333,-0.670186,31.0122,3,0.297677,-1.63805,1.01182,-0.416463,-1.63805,5.54086,-2.34733,-22.1814
2020-08-06,3775.95,231,8.96527,-1.22686,25.5263,3,0.244248,-2.69796,0.799868,-0.311373,-2.69796,7.35299,-3.1933,-28.6333
2020-08-07,3769.67,231,9.06032,-0.98018,21.3425,3,0.0631125,-2.02347,0.392309,-0.266084,-2.02347,7.82368,-2.98358,-33.4976
2020-08-10,3769.67,228,8.74068,-0.898282,17.5487,3,0.0341968,-1.83076,0.483255,-0.414861,-1.83076,8.3329,-2.8557,-37.9285
2020-08-11,3770.22,223,8.7478,-1.30402,13.5506,3,-0.199154,-2.4089,-0.00471423,-0.393593,-2.4089,8.13133,-2.68252,-41.8982
2020-08-12,3749.3,225,9.03156,-0.846523,11.6056,3,-0.44042,-1.25263,-0.644353,-0.236487,-1.25263,7.34196,-2.56387,-43.1725
2020-08-13,3755.61,227,8.40583,-0.359409,12.0972,3,-0.429751,-0.289067,-0.31508,-0.544421,-0.289067,7.33081,-2.83059,-42.403
2020-08-14,3767.05,235,8.36354,0.084871,14.2796,3,-0.312037,0.481779,-0.0629385,-0.561136,0.481779,7.59965,-3.23071,-40.0893
2020-08-17,3783.15,238,8.22783,0.414765,17.8013,3,-0.230384,1.05991,0.16413,-0.624898,1.05991,7.64451,-3.82293,-36.0203
2020-08-18,3783.15,241,8.22783,0.797983,24.9397,3,-0.234795,1.83076,0.154781,-0.624371,1.83076,7.82979,-4.54066,-28.3494
2020-08-19,3784.15,243,7.65431,0.802924,32.7972,3,-0.224913,1.83076,0.464212,-0.914038,1.83076,8.73951,-5.4743,-20.468
2020-08-20,3766.73,249,7.98194,0.954752,39.6612,3,-0.306681,2.21618,0.127154,-0.740516,2.21618,8.84982,-6.09871,-13.0899
2020-08-21,3792.13,248,7.74753,0.541958,42.4764,3,-0.265066,1.34898,0.322121,-0.852253,1.34898,8.77758,-6.97882,-9.32238
2020-08-24,3827.27,245,7.85267,0.334026,43.4494,3,-0.102796,0.770847,0.587837,-0.793428,0.770847,8.83547,-7.88062,-7.5054
2020-08-25,3843.69,253,7.6698,0.607498,43.2438,3,-0.0376297,1.25263,0.808671,-0.88393,1.25263,9.24677,-8.86575,-7.13721
2020-08-26,3867.32,255,7.15353,0.594583,42.5217,3,-0.0152808,1.20445,1.11238,-1.14294,1.20445,9.07941,-10.4338,-6.12397
2020-08-27,3846.64,255,7.57181,0.323838,41.8861,3,0.0695417,0.578135,1.06431,-0.925223,0.578135,8.88293,-11.6098,-5.38704
2020-08-28,3820.17,249,7.973,-0.0468642,42.9843,3,-0.190084,0.0963558,0.330332,-0.710501,0.0963558,8.16454,-11.796,-3.38431
2020-08-31,3760.38,250,9.94248,0.0652418,45.2566,3,-0.351296,0.481779,-1.00286,0.300268,0.481779,6.68888,-10.9737,-0.458637
2020-09-01,3745.41,243,9.45052,-0.830986,43.7626,3,-0.698413,-0.963558,-1.44185,0.0450192,-0.963558,4.13517,-10.4641,0.0915683
2020-09-02,3683.28,241,10.7401,-1.15909,41.9268,3,-0.969196,-1.34898,-2.65318,0.714792,-1.34898,0.65045,-9.36282,0.639186
2020-09-03,3653.7,249,10.946,-0.786489,43.5797,3,-0.994843,-0.578135,-2.78704,0.797354,-0.578135,-2.75574,-8.33338,4.66883
2020-09-04,3653.23,244,10.9592,-0.648649,44.8317,3,-0.815518,-0.481779,-2.4237,0.792662,-0.481779,-5.43952,-7.33876,7.60998
2020-09-07,3702.62,244,12.1826,-0.160163,47.6359,3,0.257808,-0.578135,-0.879717,1.39533,-0.578135,-6.75144,-5.62879,10.0161
2020-09-08,3702.62,250,12.181,0.516597,54.5735,3,0.358703,0.674491,-0.662523,1.37993,0.674491,-7.36688,-3.93111,15.8715
2020-09-09,3757.21,246,13.2221,0.961597,61.3282,3,1.44142,0.481779,0.993179,1.88965,0.481779,-5.74112,-1.88489,18.9542
2020-09-10,3717.25,249,13.7457,0.745371,65.3056,3,1.49074,0,0.854414,2.12707,0,-4.58588,0.622125,19.2693
2020-09-11,3700.28,251,13.7503,1.01702,68.537,3,1.35955,0.674491,0.620075,2.09903,0.674491,-3.90076,3.05741,19.3803
2020-09-14,3709,251,13.6717,0.856176,70.0208,3,1.03786,0.674491,0.0351996,2.04052,0.674491,-3.99171,5.46776,18.5448
2020-09-15,3697,245,13.689,0.23688,68.1292,3,0.95554,-0.481779,-0.129442,2.04052,-0.481779,-4.28777,7.9669,14.4501
2020-09-16,3683.49,242,13.706,0.0380514,65.4735,3,0.461526,-0.385423,-1.08818,2.01123,-0.385423,-5.77543,10.769,10.4799
2020-09-17,3703.86,246,13.8567,0.31791,63.202,3,0.924887,-0.289067,-0.223871,2.07365,-0.289067,-6.14665,13.4836,5.86504
2020-09-18,3714.65,248,13.6452,0.414183,62.7403,3,1.06926,-0.24089,0.173762,1.96475,-0.24089,-6.29394,16.143,2.89125
2020-09-21,3725.37,258,13.1911,0.848363,64.5869,3,0.974057,0.722669,0.202137,1.74598,0.722669,-6.61816,18.4199,2.78514
2020-09-22,3790.54,261,14.6632,1.71364,68.4394,3,1.83741,1.58987,1.2891,2.38572,1.58987,-6.08018,21.1553,3.36423
2020-09-23,3813.3,273,14.6544,2.55236,74.772,3,2.06951,3.03521,1.78756,2.35145,3.03521,-5.27607,23.546,6.50202
2020-09-24,3863.6,273,15.3265,2.51681,80.9796,3,2.38383,2.64979,2.17567,2.59199,2.64979,-4.08106,25.3741,9.68651
2020-09-25,3873.8,269,15.1108,2.17978,86.2183,3,2.28792,2.07165,2.15318,2.42265,2.07165,-2.39033,26.3577,12.2508
2020-09-28,3867.81,265,13.8448,1.30155,88.6565,3,1.88043,0.722669,1.91662,1.84423,0.722669,-0.0677885,26.5599,12.1644
2020-09-29,3859.9,269,13.7613,1.07973,91.7928,3,1.34043,0.819024,0.893275,1.7876,0.819024,1.61413,26.1938,13.9848
2020-09-30,3878.94,269,11.9883,0.314217,93.7267,3,0.917502,-0.289067,0.837022,0.997982,-0.289067,3.91585,25.078,14.7329
2020-10-01,3865.47,264,11.5505,-0.194112,94.3959,3,0.382622,-0.770847,-0.0367049,0.80195,-0.770847,5.67206,24.5566,14.1672
2020-10-02,3842.34,260,11.931,-0.266773,94.7965,3,0.237301,-0.770847,-0.486697,0.961298,-0.770847,6.87146,24.3324,13.5926
2020-10-05,3881.8,251,11.5913,-0.389723,94.5585,3,0.473179,-1.25263,0.135533,0.810825,-1.25263,7.60337,24.1462,12.809
2020-10-06,3843.75,251,12.3596,-0.60377,93.271,3,0.430509,-1.63805,-0.272771,1.13379,-1.63805,8.18222,24.958,10.1308
2020-10-07,3826.77,245,11.5757,-1.10112,90.3017,3,0.01394,-2.21618,-0.762211,0.790091,-2.21618,7.47587,25.9611,6.86472
2020-10-08,3837.79,238,10.7428,-1.20006,86.7104,3,0.0087712,-2.4089,-0.415238,0.43278,-2.4089,6.94687,26.2661,3.49739
2020-10-09,3839.73,234,10.5044,-1.13879,81.7677,3,0.131307,-2.4089,-0.0687834,0.331397,-2.4089,6.8019,26.4195,-1.45373
2020-10-12,3824.25,234,10.7069,-0.872634,77.0697,3,-0.203574,-1.54169,-0.824675,0.417526,-1.54169,6.33831,26.1187,-5.38737
2020-10-13,3824.25,235,10.5764,-0.708014,74.2393,3,0.0293088,-1.44534,-0.303401,0.362019,-1.44534,6.30906,25.1415,-7.2112
2020-10-14,3856.32,232,10.6294,-0.389801,72.9005,3,0.376669,-1.15627,0.368782,0.384556,-1.15627,7.66941,23.8861,-8.65503
2020-10-15,3843.59,230,10.7354,-0.22282,71.1602,3,0.22885,-0.674491,0.0309505,0.42675,-0.674491,7.97464,22.6234,-9.43778
2020-10-16,3854.47,228,10.7343,-0.0972602,69.4673,3,0.287259,-0.481779,0.148207,0.42631,-0.481779,8.01835,21.4067,-9.95778
2020-10-19,3846.48,228,10.8149,-0.0641293,66.3428,3,0.353521,-0.481779,0.246471,0.460571,-0.481779,8.16562,20.4991,-12.3219
2020-10-20,3842.76,229,9.09629,-0.259712,59.2134,3,-0.0376443,-0.481779,0.195082,-0.270371,-0.481779,7.29843,18.4075,-16.4926
2020-10-21,3830.79,234,8.96565,-0.0400015,49.4021,3,-0.36907,0.289067,-0.412206,-0.325935,0.289067,5.26528,16.0188,-21.882
2020-10-22,3784.51,235,8.6315,-0.0477835,39.7295,3,-0.673702,0.578135,-0.879354,-0.46805,0.578135,2.32404,12.953,-25.5475
2020-10-23,3776.73,240,8.52693,0.21347,32.6903,3,-0.825685,1.25263,-1.13885,-0.512524,1.25263,-0.765259,9.96362,-26.508
2020-10-26,3782.66,242,8.58499,0.365013,29.526,3,-0.715312,1.44534,-0.94279,-0.487834,1.44534,-3.35679,7.70015,-24.8174
2020-10-27,3812.82,242,9.15416,0.49625,27.6287,3,-0.356481,1.34898,-0.467203,-0.24576,1.34898,-4.54885,5.79087,-23.6133
2020-10-28,3810.23,247,8.9179,0.503696,28.2382,3,-0.341589,1.34898,-0.336936,-0.346242,1.34898,-5.6255,4.59525,-20.7315
2020-10-29,3841.46,246,9.41396,0.729329,31.2977,3,0.302388,1.15627,0.740042,-0.135265,1.15627,-4.99807,3.8049,-17.5091
2020-10-30,3849.53,244,9.20127,0.424868,33.6784,3,0.367957,0.481779,0.961635,-0.22572,0.481779,-3.70481,2.74212,-15.3589
2020-11-02,3858.56,245,8.44568,0.306667,36.1434,3,0.22791,0.385423,1.0029,-0.547083,0.385423,-2.92558,1.49628,-12.4273
2020-11-03,3858.56,240,7.65513,-0.122612,37.8815,3,-0.148868,-0.0963558,0.580253,-0.877989,-0.0963558,-2.13905,-0.385834,-9.59362
2020-11-04,3823.45,230,8.19612,-0.900982,38.612,3,-0.26027,-1.54169,0.128744,-0.649284,-1.54169,-1.30465,-1.7411,-8.34225
2020-11-05,3807.13,224,8.25135,-1.30086,38.2436,3,-0.57824,-2.02347,-0.530545,-0.625935,-2.02347,-1.41184,-2.73486,-7.60972
2020-11-06,3763.82,221,9.12114,-1.43573,37.1645,3,-0.751629,-2.11983,-1.24502,-0.258235,-2.11983,-2.51036,-3.2796,-7.04551
2020-11-09,3738.19,204,9.29686,-2.4055,31.7694,3,-0.956764,-3.85423,-1.73551,-0.178022,-3.85423,-3.30034,-3.76504,-11.1652
2020-11-10,3646.15,203,12.5385,-2.20482,26.8498,3,-0.940823,-3.46881,-3.06809,1.18644,-3.46881,-5.6985,-2.93258,-14.5191
2020-11-11,3650.5,203,11.9702,-1.64716,23.0361,3,-0.789073,-2.50525,-2.51574,0.937595,-2.50525,-8.07683,-2.37513,-16.512
2020-11-12,3650.5,206,12.007,-1.15343,20.4205,3,-0.668819,-1.63805,-2.28709,0.949454,-1.63805,-9.88987,-1.87757,-17.8121
2020-11-13,3646.22,207,11.8512,-0.840019,18.4657,3,-0.427412,-1.25263,-1.73822,0.883401,-1.25263,-11.2938,-1.45918,-18.7814
2020-11-16,3639.95,207,11.8546,0.0481691,18.7535,3,-0.289085,0.385423,-1.46301,0.884838,0.385423,-12.7666,-1.10589,-17.374
2020-11-17,3639.95,212,11.879,0.674793,21.2549,3,0.386027,0.963558,-0.121956,0.89401,0.963558,-13.3344,-0.127698,-15.283
2020-11-18,3635.19,212,11.8881,0.642872,23.2001,3,0.322187,0.963558,-0.253438,0.897811,0.963558,-13.4023,0.941567,-14.3392
2020-11-19,3647.73,216,11.5123,0.697893,25.4328,3,0.335872,1.05991,-0.0696086,0.741353,1.05991,-12.8919,2.03154,-13.7068
2020-11-20,3647.1,215,11.5271,0.616675,26.6855,3,0.366147,0.867202,-0.0146399,0.746933,0.867202,-11.9856,3.17598,-14.5049
2020-11-23,3649.9,215,11.5,0.646424,27.5778,3,0.425646,0.867202,0.11838,0.732911,0.867202,-11.0923,4.29208,-15.622
2020-11-24,3632.92,218,10.9427,0.430404,27.3677,3,0.186317,0.674491,-0.129246,0.50188,0.674491,-10.775,4.95954,-16.8169
2020-11-25,3643.24,221,11.0869,0.645852,27.8223,3,0.328145,0.963558,0.0925005,0.56379,0.963558,-10.4154,5.79311,-17.5554
2020-11-26,3620.39,221,10.4573,0.257996,26.3294,3,-0.0621428,0.578135,-0.426305,0.302019,0.578135,-11.3677,6.13374,-18.4367
2020-11-27,3620.39,224,10.3485,0.442684,26.3851,3,-0.0781912,0.963558,-0.41339,0.257008,0.963558,-12.6014,6.56759,-17.5811
2020-11-30,3611.44,228,10.1539,0.572479,27.2228,3,-0.204023,1.34898,-0.584833,0.176786,1.34898,-14.0916,7.25106,-15.9367
2020-12-01,3591.84,218,10.1022,-0.0688913,27.3937,3,-0.234138,0.0963558,-0.625773,0.157496,0.0963558,-15.1906,8.1899,-15.6056
2020-12-02,3558.57,215,10.1144,-0.515665,28.6349,3,-0.549551,-0.481779,-1.26364,0.164538,-0.481779,-16.5562,8.98338,-13.7923
2020-12-03,3533.21,212,10.1915,-0.658374,30.7618,3,-0.545901,-0.770847,-1.28993,0.198127,-0.770847,-17.4265,9.83282,-11.6445
2020-12-04,3481.44,209,10.585,-1.10203,31.8932,3,-0.855071,-1.34898,-2.07943,0.36929,-1.34898,-18.2819,10.4597,-10.2845
2020-12-07,3467.49,212,10.5286,-1.17832,36.1941,3,-0.911296,-1.44534,-2.16149,0.338902,-1.44534,-18.9704,11.109,-5.94444
2020-12-08,3487.65,216,7.56651,-0.672475,41.8134,3,-1.24859,-0.0963558,-1.55761,-0.939576,-0.0963558,-17.7977,9.24594,0.365177
2020-12-09,3487.65,216,7.50675,-0.406213,46.4961,3,-1.00514,0.192712,-1.05734,-0.952939,0.192712,-16.5116,7.49816,5.50957
2020-12-10,3465.76,216,7.5852,-0.238019,49.9857,3,-0.957817,0.481779,-1.01023,-0.905403,0.481779,-15.3145,5.73789,9.56223
2020-12-11,3448.89,215,7.60701,-0.00649243,53.1638,3,-0.687476,0.674491,-0.483403,-0.891548,0.674491,-14.1023,4.03995,13.2261
2020-12-14,3433.45,214,7.6192,-0.20423,52.2026,3,-0.697528,0.289067,-0.509555,-0.8855,0.289067,-13.2006,2.35371,13.0495
2020-12-15,3426.97,210,7.55238,-0.698605,46.9646,3,-0.915432,-0.481779,-0.921165,-0.909698,-0.481779,-13.9564,0.633162,10.2878
2020-12-16,3422.44,208,7.55196,-0.810565,41.4799,3,-0.94664,-0.674491,-0.991999,-0.90128,-0.674491,-14.5622,-1.07465,7.11669
2020-12-17,3416.21,206,7.17662,-0.88529,35.6926,3,-0.903378,-0.867202,-0.752399,-1.05436,-0.867202,-14.9895,-2.73503,3.41715
2020-12-18,3410.82,205,7.11297,-0.847467,30.6158,3,-0.827731,-0.867202,-0.57619,-1.07927,-0.867202,-15.2085,-4.35203,0.176312
2020-12-21,3420.26,207,7.29908,-0.585736,26.6098,3,-0.593337,-0.578135,-0.187587,-0.999087,-0.578135,-15.1622,-5.81161,-2.41638
2020-12-22,3442.41,208,8.04253,-0.156462,24.7997,3,-0.216568,-0.0963558,0.243684,-0.676819,-0.0963558,-14.6581,-6.78852,-3.75362
2020-12-23,3444.9,204,7.88319,-0.241177,22.1936,3,-0.193286,-0.289067,0.337399,-0.723971,-0.289067,-14.1686,-7.77893,-5.8589
2020-12-24,3482.51,207,9.12771,0.29792,22.3074,3,0.403127,0.192712,1.01701,-0.210753,0.192712,-12.9265,-8.23174,-6.53436
2020-12-25,3493.77,207,9.28927,0.426187,22.2604,3,0.563306,0.289067,1.27074,-0.144129,0.289067,-11.458,-8.57732,-7.70434
2020-12-28,3493.77,207,9.30623,0.293254,21.4722,3,0.490153,0.0963558,1.11744,-0.137132,0.0963558,-9.91512,-8.79388,-9.81884
2020-12-29,3495.39,205,9.22333,0.0589027,21.8309,3,0.310517,-0.192712,0.792353,-0.171319,-0.192712,-8.71606,-9.10458,-10.3485
2020-12-30,3482.1,206,8.79164,0.194798,23.8869,3,0.100529,0.289067,0.550403,-0.349344,0.289067,-7.25753,-9.70023,-9.15531
2020-12-31,3432.5,206,9.76687,-0.188191,25.3038,3,-0.376382,0,-0.79034,0.0375747,0,-6.88428,-9.93714,-7.87478
2021-01-01,3432.5,206,8.40894,-0.370085,27.5945,3,-0.74017,0,-0.95793,-0.522411,0,-5.97067,-10.8799,-5.555
2021-01-04,3432.5,208,8.31981,-0.282236,30.5306,3,-0.757183,0.192712,-0.955198,-0.559168,0.192712,-4.95856,-11.8672,-2.64363
2021-01-05,3420.78,209,8.03182,-0.213346,32.0868,3,-0.908472,0.481779,-1.14122,-0.675719,0.481779,-4.6095,-11.7065,-1.59718
2021-01-06,3450.74,209,8.73671,-0.0168519,33.4318,3,-0.419127,0.385423,-0.452275,-0.385979,0.385423,-4.07425,-11.2449,-1.24898
2021-01-07,3428.04,210,8.76392,0.140598,34.7605,3,-0.200584,0.481779,-0.0415733,-0.359594,0.481779,-3.19282,-10.7917,-1.25504
2021-01-08,3459.39,206,9.23977,0.113676,35.1862,3,0.130997,0.0963558,0.419169,-0.157175,0.0963558,-2.35652,-10.1231,-2.33416
2021-01-11,3478.11,210,9.24769,0.279654,36.9189,3,0.270241,0.289067,0.690526,-0.150045,0.289067,-1.24512,-9.48918,-2.34684
2021-01-12,3478.11,217,9.2032,0.609053,41.7266,3,0.350903,0.867202,0.870136,-0.16833,0.867202,0.437797,-8.89377,0.18256
2021-01-13,3487.65,219,9.19536,0.624252,47.1453,3,0.18859,1.05991,0.548734,-0.171555,1.05991,1.90955,-8.25513,3.49091
2021-01-14,3478.36,216,9.23389,0.486809,52.3786,3,0.299128,0.674491,0.753972,-0.155717,0.674491,3.3466,-7.4003,6.4323
2021-01-15,3469.76,220,9.27124,0.72174,58.3085,3,-0.00185675,1.44534,0.136652,-0.140366,1.44534,3.99944,-6.46133,10.7704
2021-01-18,3466.8,220,9.26145,0.445589,62.1135,3,-0.168736,1.05991,-0.193084,-0.144388,1.05991,3.96064,-5.60418,13.7571
2021-01-19,3466.8,221,9.00714,0.131199,63.1559,3,-0.219381,0.481779,-0.189843,-0.24892,0.481779,3.54309,-5.18711,14.7999
2021-01-20,3482.03,221,9.12009,0.0690795,64.2694,3,-0.150908,0.289067,-0.099325,-0.202492,0.289067,3.12338,-4.6827,15.8287
2021-01-21,3476.19,220,8.28566,0.096969,63.5495,3,-0.287841,0.481779,-0.0302067,-0.545475,0.481779,2.15076,-5.00634,16.4051
2021-01-22,3477.48,221,8.19545,-0.0187957,61.9387,3,-0.230303,0.192712,0.12195,-0.582556,0.192712,1.08101,-5.44117,16.2988
2021-01-25,3525.25,223,9.56374,0.411591,62.3692,3,0.437759,0.385423,0.895654,-0.0201354,0.385423,0.871585,-5.32508,16.8227
2021-01-26,3582.41,222,11.0577,0.677787,64.5948,3,1.16286,0.192712,1.73566,0.590066,0.192712,1.74529,-4.57963,17.4291
2021-01-27,3591.48,225,10.9024,0.778708,66.65,3,1.07564,0.481779,1.63187,0.519406,0.481779,2.73352,-3.74208,17.6586
2021-01-28,3636.91,223,9.83228,0.803312,70.0254,3,1.2212,0.385423,2.37806,0.06434,0.385423,5.58374,-3.66326,18.1049
2021-01-29,3585.44,219,11.5415,0.538676,72.9756,3,1.17371,-0.0963558,1.593,0.754417,-0.0963558,7.78667,-2.45953,17.6485
2021-02-01,3559.46,219,12.0031,0.211404,74.515,3,0.711874,-0.289067,0.484759,0.93899,-0.289067,8.99387,-1.10391,16.6251
2021-02-02,3561.37,215,11.8555,-0.154862,74.6943,3,0.268411,-0.578135,-0.33691,0.873733,-0.578135,9.69791,0.273808,14.7226
2021-02-03,3534.99,216,12.029,-0.366189,73.6136,3,0.0384688,-0.770847,-0.860446,0.937384,-0.770847,9.39925,1.45933,12.755
2021-02-04,3522.57,215,11.8116,-0.553984,71.3971,3,-0.433478,-0.674491,-1.70778,0.840827,-0.674491,8.00947,2.5652,10.8225
2021-02-05,3558.63,211,11.9114,-0.224243,70.2877,3,0.226005,-0.674491,-0.420794,0.872805,-0.674491,7.28993,3.51807,9.47972
2021-02-08,3543.28,211,11.9799,-0.180435,68.7464,3,0.31362,-0.674491,-0.26546,0.8927,-0.674491,6.46569,4.5004,7.7803
2021-02-09,3554.65,211,12.0009,0.0486905,66.8241,3,0.386448,-0.289067,-0.122109,0.895006,-0.289067,5.59998,5.52018,5.70397
2021-02-10,3583.23,212,12.2404,0.274263,65.6002,3,0.837594,-0.289067,0.688189,0.986998,-0.289067,5.75516,6.62192,3.22315
2021-02-11,3557.16,208,12.5489,0.1103,64.2651,3,0.798735,-0.578135,0.491964,1.10551,-0.578135,5.53665,7.8291,0.899372
2021-02-12,3525.45,207,12.9978,0.0467953,61.8285,3,0.382658,-0.289067,-0.515922,1.28124,-0.289067,4.9625,9.22094,-2.35495
2021-02-15,3515.65,207,13.0483,0.0706809,60.4538,3,0.430429,-0.289067,-0.432739,1.2936,-0.289067,4.75311,10.6081,-4.90745
2021-02-16,3515.65,208,13.0483,0.0726904,60.238,3,0.338093,-0.192712,-0.601382,1.27757,-0.192712,4.36708,12.0537,-6.18275
2021-02-17,3518.19,210,12.9757,0.0170644,60.0459,3,0.130485,-0.0963558,-0.972158,1.23313,-0.0963558,3.54496,13.414,-6.91306
2021-02-18,3545.84,210,13.1993,0.436741,61.296,3,0.584415,0.289067,-0.143529,1.31236,0.289067,3.428,15.1238,-7.25579
2021-02-19,3537.86,210,13.2484,0.572113,63.4418,3,0.758803,0.385423,0.19023,1.32738,0.385423,3.47186,16.8227,-6.85271
2021-02-22,3555.4,216,12.4724,0.882996,65.1244,3,0.802433,0.963558,0.58619,1.01868,0.963558,3.16511,17.6988,-5.73959
2021-02-23,3602.41,219,12.017,1.10687,66.6305,3,1.05747,1.15627,1.28375,0.831191,1.15627,2.72952,17.8254,-3.92442
2021-02-24,3590.37,216,12.052,0.812103,66.7466,3,0.949715,0.674491,1.06353,0.835904,0.674491,2.20246,18.1102,-3.56606
2021-02-25,3578.29,223,11.1378,0.911019,67.1201,3,0.473056,1.34898,0.463351,0.482761,1.34898,0.430275,18.4703,-1.78041
2021-02-26,3588.23,232,9.99366,1.29956,69.7083,3,0.382937,2.21618,0.730769,0.035105,2.21618,-0.362207,17.6059,2.46461
2021-03-01,3624.39,225,10.1995,0.758071,71.5095,3,0.552583,0.963558,1.00035,0.10482,0.963558,0.107802,16.6915,4.71019
2021-03-02,3622.36,226,10.2122,0.479581,73.5336,3,0.188316,0.770847,0.27151,0.105123,0.770847,0.651014,15.8122,7.07042
2021-03-03,3646.61,224,9.91792,0.632985,76.566,3,0.398767,0.867202,0.805711,-0.00817572,0.867202,2.099,14.6657,9.80132
2021-03-04,3676.94,223,10.0016,0.41036,79.3005,3,0.724363,0.0963558,1.42698,0.0217485,0.0963558,4.74296,13.6456,10.9119
2021-03-05,3647.99,238,10.1332,0.568021,81.3989,3,0.461551,0.674491,0.857669,0.0654332,0.674491,5.72663,12.702,12.9703
2021-03-08,3640.2,250,10.0029,1.30876,84.9705,3,0.11226,2.50525,0.20913,0.0153908,2.50525,5.88366,11.4908,17.596
2021-03-09,3623.61,247,10.1904,1.08098,87.1589,3,0.0421384,2.11983,-0.00452877,0.0888055,2.11983,5.79948,10.5145,20.8449
2021-03-10,3598.77,234,10.1951,0.346867,87.304,3,-0.318002,1.01174,-0.726971,0.0909675,1.01174,4.67991,9.79053,22.8336
2021-03-11,3561.91,228,10.5374,-0.132089,86.815,3,-0.745957,0.481779,-1.71743,0.225518,0.481779,2.97373,9.16938,24.6719
2021-03-12,3534.62,222,10.4027,-1.13264,84.2515,3,-0.771755,-1.49352,-1.70605,0.162543,-1.49352,2.10703,8.57682,23.5677
2021-03-15,3575.3,222,11.0781,-1.4639,80.4561,3,-0.278015,-2.64979,-0.980702,0.424672,-2.64979,1.72892,8.1937,20.5335
2021-03-16,3575.63,215,11.0772,-1.59435,75.7578,3,-0.153493,-3.03521,-0.729758,0.422773,-3.03521,1.68285,7.75802,16.3169
2021-03-17,3553.51,214,11.3569,-0.978759,72.6832,3,-0.0785797,-1.87894,-0.689166,0.532006,-1.87894,1.97054,7.28039,13.4322
2021-03-18,3578.02,213,11.2799,-0.49631,69.637,3,0.356362,-1.34898,0.212126,0.500598,-1.34898,2.3272,6.65555,10.6543
2021-03-19,3569.45,211,11.2847,-0.225383,66.9194,3,0.493521,-0.944287,0.489271,0.49777,-0.944287,2.63117,5.96708,8.32113
2021-03-22,3553.34,214,11.2843,-0.3016,62.7164,3,0.0712916,-0.674491,-0.349989,0.492572,-0.674491,1.79067,5.55853,5.36724
2021-03-23,3553.34,213,10.159,-0.144929,58.1052,3,-0.15496,-0.134898,-0.354466,0.0445462,-0.134898,0.257106,4.87152,2.97661
2021-03-24,3589.82,213,10.8076,0.178548,55.7238,3,0.402062,-0.0449661,0.518383,0.285741,-0.0449661,-0.260387,4.36546,1.61876
2021-03-25,3635.12,221,11.5977,0.73353,55.0526,3,0.702638,0.764423,0.820073,0.585202,0.764423,0.0788924,4.46629,0.507396
2021-03-26,3658.22,223,11.7465,1.02122,53.9971,3,0.963259,1.07919,1.28502,0.641497,1.07919,0.606963,5.04846,-1.65835
2021-03-29,3665.41,220,11.2602,0.788387,54.1122,3,1.03718,0.539593,1.62412,0.450244,0.539593,1.20106,5.37699,-2.46586
2021-03-30,3705.85,224,11.837,1.19451,56.8148,3,1.43168,0.957342,2.19052,0.672847,0.957342,3.01951,5.89929,-2.10399
2021-03-31,3736.91,216,11.9551,0.831279,57.5593,3,1.40146,0.261093,2.09216,0.710768,0.261093,4.23623,6.57446,-3.25135
2021-04-01,3678.62,211,13.0604,0.0141839,56.0694,3,0.871481,-0.843113,0.608104,1.13486,-0.843113,3.46704,7.64672,-5.04435
2021-04-02,3678.62,211,12.721,-0.19078,53.1933,3,0.630175,-1.01174,0.273189,0.987161,-1.01174,2.91967,8.54684,-8.27317
2021-04-05,3678.62,208,12.6867,-0.223432,47.3505,3,0.564872,-1.01174,0.168871,0.960873,-1.01174,2.88226,9.45123,-14.9829
2021-04-06,3645.79,209,13.0126,-0.585083,41.0654,3,0.0945049,-1.26467,-0.890338,1.07935,-1.26467,2.02192,10.3156,-21.2721
2021-04-07,3645.14,213,12.7364,-0.220689,38.9676,3,-0.188444,-0.252934,-1.34218,0.965293,-0.252934,1.43331,11.0924,-23.5581
2021-04-08,3639.62,216,12.1021,0.244473,40.3563,3,0.0673897,0.421557,-0.583415,0.718194,0.421557,2.50923,11.5925,-23.7454
2021-04-09,3634.07,213,11.7007,0.0597965,44.8264,3,-0.0490297,0.168623,-0.661934,0.563874,0.168623,3.52057,12.0568,-20.751
2021-04-12,3650.23,215,11.1536,0.279627,51.4663,3,-0.0309254,0.590179,-0.409358,0.347508,0.590179,4.07477,12.0144,-14.6229
2021-04-13,3653.57,219,11.1482,0.533764,59.4978,3,0.224414,0.843113,0.116791,0.332037,0.843113,4.83686,11.8166,-7.15569
2021-04-14,3666.17,215,10.8337,0.213915,63.851,3,0.259208,0.168623,0.310238,0.208178,0.168623,5.71716,11.3827,-3.24885
2021-04-15,3665.49,215,10.663,0.109951,66.0007,3,0.262058,-0.0421557,0.381235,0.142882,-0.0421557,5.83265,10.9683,-0.800272
2021-04-16,3620.4,212,11.653,0.0855669,67.084,3,0.171134,0,-0.174936,0.517203,0,5.19485,10.941,0.948087
2021-04-19,3595.57,216,11.8223,0.038848,68.2537,3,-0.0963662,0.174062,-0.77061,0.577877,0.174062,4.78299,10.9666,2.50408
2021-04-20,3606.42,225,11.8507,0.284187,69.7024,3,-0.0408429,0.609217,-0.65859,0.576905,0.609217,4.47389,11.3813,3.84726
2021-04-21,3636.26,224,11.6606,0.444556,70.5853,3,0.0459991,0.843113,-0.4006,0.492598,0.843113,3.6187,11.5204,5.44626
2021-04-22,3639.12,229,10.7834,0.583654,70.0893,3,-0.0973613,1.26467,-0.348728,0.154006,1.26467,2.56185,11.1555,6.37195
2021-04-23,3630.81,228,10.5492,0.758753,69.2117,3,0.126369,1.39114,0.189965,0.0627719,1.39114,1.56985,10.6721,6.96975
2021-04-26,3640.07,233,10.5684,0.928494,69.6816,3,0.38154,1.47545,0.693308,0.0697729,1.47545,0.715997,10.3011,8.66451
2021-04-27,3659.62,237,9.93996,0.689518,67.9732,3,0.325144,1.05389,0.818399,-0.168112,1.05389,-0.541737,9.60603,8.90889
2021-04-28,3717.46,236,11.0925,0.896981,68.1977,3,0.74007,1.05389,1.21562,0.264516,1.05389,-1.34743,9.1864,10.3588
2021-04-29,3699.74,232,9.65672,0.307459,69.1918,3,0.319827,0.29509,0.918592,-0.278938,0.29509,-1.05717,7.8513,12.3977
2021-04-30,3712.89,226,9.72466,0.202046,70.5014,3,0.488403,-0.0843113,1.23003,-0.253222,-0.0843113,-0.179848,6.6734,14.0079
2021-05-03,3740.14,237,10.0203,0.545936,72.9892,3,0.670316,0.421557,1.48193,-0.141301,0.421557,1.00139,5.59436,16.3935
2021-05-04,3816.65,239,11.4913,0.793415,77.1675,3,1.3339,0.252934,2.26475,0.403041,0.252934,3.728,4.84939,18.5901
2021-05-05,3831.35,242,11.4654,0.797163,80.0038,3,1.00415,0.590179,1.6254,0.382893,0.590179,6.17094,4.23954,19.5933
2021-05-06,3846.28,237,11.375,0.855305,81.5993,3,1.20474,0.505868,2.07102,0.33846,0.505868,8.30585,3.85628,19.4371
2021-05-07,3800.33,225,12.4577,0.496534,82.6899,3,0.993067,0,1.25339,0.73274,0,9.80122,3.95259,18.9361
2021-05-10,3765.33,220,13.0697,-0.339456,81.1315,3,0.670069,-1.34898,0.385735,0.954403,-1.34898,10.6309,4.52865,15.9719
2021-05-11,3714.94,223,14.1186,-0.640248,77.9477,3,-0.0158253,-1.26467,-1.38066,1.34901,-1.26467,9.63585,5.54063,12.7713
2021-05-12,3703.2,226,14.1514,-0.72895,75.1818,3,-0.193229,-1.26467,-1.7478,1.36135,-1.26467,8.01126,6.67543,10.4951
2021-05-13,3734.09,227,14.4152,-0.393351,73.6329,3,-0.027899,-0.758802,-1.51641,1.46061,-0.758802,6.39419,7.92058,9.3181
2021-05-14,3728.09,230,13.5795,0.296707,74.2886,3,0.0875459,0.505868,-0.97112,1.14621,0.505868,5.65895,8.44848,10.1812
2021-05-17,3682.84,231,14.1345,0.56013,75.8705,3,0.108524,1.01174,-1.12613,1.34318,1.01174,5.28605,9.03398,11.5504
2021-05-18,3682.84,229,14.1237,0.500536,76.5111,3,0.453049,0.548024,-0.420886,1.32698,0.548024,5.47036,9.6506,11.3902
2021-05-19,3655.74,230,14.1575,0.338988,76.1997,3,0.340731,0.337245,-0.642192,1.32365,0.337245,5.2703,10.4031,10.5263
2021-05-20,3682.66,240,14.3786,0.721695,76.6065,3,0.347343,1.09605,-0.692302,1.38699,1.09605,4.95356,11.4533,10.1996
2021-05-21,3721.57,241,14.7512,0.826009,76.8032,3,0.724593,0.927425,-0.057546,1.50673,0.927425,4.7297,12.7006,9.37297
2021-05-24,3738.19,245,14.7892,1.16822,77.4971,3,1.15608,1.18036,0.81393,1.49822,1.18036,4.80983,13.8776,8.80972
2021-05-25,3750.66,254,14.7334,1.66595,80.1987,3,1.22412,2.10778,0.986278,1.46196,2.10778,4.84383,14.9507,10.4041
2021-05-26,3735.41,252,13.8026,1.49377,81.7489,3,1.13269,1.85485,1.14938,1.11599,1.85485,4.71595,15.4412,11.5917
2021-05-27,3747.48,250,13.7087,0.916147,83.2495,3,0.989181,0.843113,0.912556,1.06581,0.843113,4.63554,16.3035,12.3104
2021-05-28,3729.02,248,13.8006,0.589037,84.161,3,0.587894,0.590179,0.0914231,1.08437,0.590179,3.65715,17.2227,13.2811
2021-05-31,3715.28,248,13.6016,0.294836,83.5734,3,0.336738,0.252934,-0.334344,1.00782,0.252934,2.18986,18.2871,13.0964
2021-06-01,3715.28,246,11.2296,-0.421457,80.5337,3,-0.168423,-0.674491,-0.509429,0.172584,-0.674491,-0.093073,18.6815,11.9453
2021-06-02,3671.38,245,11.6459,-0.445201,77.095,3,-0.300222,-0.590179,-0.918627,0.318182,-0.590179,-2.31789,19.1767,10.2361
2021-06-03,3642.29,245,11.5924,-0.513191,72.9416,3,-0.604825,-0.421557,-1.50138,0.291734,-0.421557,-5.59121,19.6743,8.85846
2021-06-04,3657.41,243,11.2894,-0.419547,69.9652,3,-0.417537,-0.421557,-1.00881,0.17374,-0.421557,-7.74464,19.479,8.23091
2021-06-07,3609.2,239,11.7175,-0.670778,68.8535,3,-0.582755,-0.758802,-1.48431,0.318801,-0.758802,-9.49993,18.9972,9.3562
2021-06-08,3609.2,238,10.9356,-0.695383,68.6668,3,-0.716274,-0.674491,-1.47255,0.0400012,-0.674491,-9.59219,17.8115,10.4474
2021-06-09,3597.18,235,10.9393,-0.668115,68.8728,3,-0.493117,-0.843113,-1.02423,0.0380013,-0.843113,-8.91983,16.5816,11.211
2021-06-10,3588.41,235,10.3151,-0.650858,67.9968,3,-0.458603,-0.843113,-0.735598,-0.181608,-0.843113,-8.2352,15.1333,11.0987
2021-06-11,3589.86,234,10.3496,-0.652827,64.6825,3,-0.546853,-0.758802,-0.924249,-0.169456,-0.758802,-8.29493,14.097,8.88044
2021-06-14,3626.02,237,10.4174,-0.0502772,62.4895,3,0.0680683,-0.168623,0.281757,-0.145621,-0.168623,-7.02925,12.7942,6.72459
2021-06-15,3626.02,240,10.4174,0.118346,61.095,3,0.0680683,0.168623,0.281757,-0.145621,0.168623,-6.39299,11.4537,6.03434
2021-06-16,3693.35,240,12.1281,0.672708,62.3135,3,0.92386,0.421557,1.40244,0.445276,0.421557,-4.45351,10.5933,6.17378
2021-06-17,3690.56,243,11.8613,0.7926,62.5709,3,0.910708,0.674491,1.48206,0.339354,0.674491,-2.41052,9.60295,5.37846
2021-06-18,3730.45,252,11.8896,1.34625,64.4414,3,1.1749,1.5176,2.00785,0.341937,1.5176,-0.47025,8.46236,6.44932
2021-06-21,3753.77,252,11.9918,1.17775,64.4754,3,1.09082,1.26467,1.8096,0.372046,1.26467,0.458516,7.41098,6.60589
2021-06-22,3758.08,253,11.9413,1.10014,62.4401,3,1.10423,1.09605,1.85533,0.353132,1.09605,1.2769,6.41582,4.74742
2021-06-23,3784.45,251,12.0738,0.870096,60.1562,3,0.812767,0.927425,1.22705,0.398487,0.927425,1.35744,5.77499,3.02373
2021-06-24,3773.11,250,12.1,0.667064,59.2337,3,0.743948,0.590179,1.07914,0.408754,0.590179,1.51759,5.16486,2.55123
2021-06-25,3770.35,244,11.9478,-0.120978,56.5776,3,0.432536,-0.674491,0.510117,0.354954,-0.674491,1.92214,4.49528,0.16017
2021-06-28,3739.03,244,12.2763,-0.272885,54.4316,3,0.128721,-0.674491,-0.208874,0.466315,-0.674491,2.04643,3.99088,-1.60571
2021-06-29,3713.17,245,12.5444,-0.351112,54.6983,3,-0.0277338,-0.674491,-0.607891,0.552423,-0.674491,1.95217,4.35147,-1.6053
2021-06-30,3756.67,247,12.3742,-0.14204,55.8453,3,0.0531644,-0.337245,-0.375721,0.48205,-0.337245,2.46586,4.50171,-1.12227
2021-07-01,3748.5,249,11.9739,-0.0397453,57.6264,3,0.00482071,-0.0843113,-0.319937,0.329578,-0.0843113,3.58002,4.52613,-0.479749
2021-07-02,3775.53,256,12.113,0.618377,61.4722,3,0.225019,1.01174,0.0719322,0.378105,1.01174,4.56852,4.68259,2.22111
2021-07-05,3777.17,256,10.7877,0.609667,66.062,3,0.207598,1.01174,0.522245,-0.107048,1.01174,6.3656,4.22169,5.47467
2021-07-06,3777.17,259,10.7877,0.782747,71.0749,3,0.385135,1.18036,0.877318,-0.107048,1.18036,8.35834,3.99586,8.72072
2021-07-07,3782.27,260,10.5909,0.59095,75.0491,3,0.0858528,1.09605,0.351405,-0.1797,1.09605,9.38348,3.71015,11.9555
2021-07-08,3815.22,262,10.6367,0.734338,79.0617,3,0.372628,1.09605,0.908038,-0.162782,1.09605,10.5153,3.61514,14.9313
2021-07-09,3850.46,261,10.8015,0.438069,81.9362,3,0.454581,0.421557,1.01111,-0.101946,0.421557,11.8536,3.57501,16.5076
2021-07-12,3829.46,264,10.9601,0.504329,83.2977,3,0.334168,0.674491,0.708296,-0.0399602,0.674491,12.0318,3.6098,17.6562
2021-07-13,3824.08,267,11.0177,0.494258,84.1819,3,0.314025,0.674491,0.636806,-0.00875489,0.674491,12.1976,3.68432,18.3
2021-07-14,3826.85,268,9.32523,0.329257,83.3753,3,-0.015976,0.674491,0.606111,-0.638063,0.674491,11.6576,2.82696,18.8907
2021-07-15,3796.07,269,9.93106,0.135278,81.7589,3,-0.319623,0.590179,-0.234312,-0.404934,0.590179,10.4241,2.25283,19.0819
2021-07-16,3809.07,263,9.33979,-0.222536,77.5211,3,-0.57154,0.126467,-0.524103,-0.618977,0.126467,8.62202,1.50319,17.3959
2021-07-19,3808.46,270,9.14229,-0.0237352,73.9293,3,-0.469027,0.421557,-0.250142,-0.687912,0.421557,7.00211,0.595128,16.3321
2021-07-20,3842.97,268,9.60613,-0.0580585,70.2068,3,-0.116117,0,0.279667,-0.511901,0,5.71233,-0.180766,14.6753
2021-07-21,3842.97,268,9.3563,-0.112497,66.8708,3,-0.182839,-0.0421557,0.242299,-0.607976,-0.0421557,4.8861,-1.1142,13.0989
2021-07-22,3855.68,273,9.28685,0.194929,65.2167,3,0.0947675,0.29509,0.829454,-0.639919,0.29509,4.68362,-2.09672,12.6298
2021-07-23,3866.86,273,9.28213,0.418287,67.1034,3,0.0777712,0.758802,0.802447,-0.646905,0.758802,4.92102,-3.00774,15.1902
2021-07-26,3874.44,276,8.56045,0.206198,68.744,3,-0.00916006,0.421557,0.909318,-0.927638,0.421557,5.91315,-4.26608,17.097
2021-07-27,3904.17,283,8.1456,0.528492,71.6598,3,-0.123376,1.18036,0.836524,-1.08328,1.18036,7.1355,-5.68489,20.2092
2021-07-28,3918.49,283,7.418,0.50089,73.705,3,-0.178578,1.18036,1.0023,-1.35946,1.18036,8.28376,-7.26446,22.6857
2021-07-29,3902.18,277,7.60226,-0.0409827,73.7011,3,-0.334899,0.252934,0.604228,-1.27403,0.252934,9.11011,-8.69816,23.2892
2021-07-30,3836.95,276,9.88016,-0.112211,71.3711,3,-0.393045,0.168623,-0.412407,-0.373683,0.168623,8.79333,-9.49569,22.0735
2021-08-02,3867.88,276,10.2046,-0.128214,68.9228,3,-0.172117,-0.0843113,-0.0999775,-0.244257,-0.0843113,8.3289,-9.73601,20.3299
2021-08-03,3865.46,276,10.2167,-0.524281,64.3792,3,-0.374071,-0.674491,-0.509814,-0.238328,-0.674491,7.18186,-10.0306,17.2279
2021-08-04,3913.59,277,10.9665,-0.289187,61.195,3,0.0118051,-0.590179,-0.0392017,0.062812,-0.590179,6.87927,-9.89327,14.209
2021-08-05,3911.36,276,10.6745,-0.0607343,58.2517,3,0.0471541,-0.168623,0.147132,-0.0528235,-0.168623,6.20117,-9.85059,11.9011
2021-08-06,3910.81,274,10.2586,0.0712529,56.8769,3,0.39544,-0.252934,1.00934,-0.218457,-0.252934,6.21327,-9.98311,10.6468
2021-08-09,3949.33,275,10.4555,0.150622,55.5433,3,0.469867,-0.168623,1.07558,-0.135848,-0.168623,6.57354,-10.0919,9.06166
2021-08-10,3988.27,277,10.7891,0.398461,55.181,3,0.796921,0,1.59327,0.000577517,0,7.48634,-10.0871,7.78179
2021-08-11,3979.8,279,10.8844,0.263649,54.9326,3,0.442986,0.0843113,0.846067,0.0399045,0.0843113,7.71672,-9.44454,6.66041
2021-08-12,3950.43,277,10.8049,0.125234,54.8945,3,0.250469,0,0.49382,0.00711722,0,8.41007,-9.05272,5.53719
2021-08-13,3887.07,279,12.5571,0.268294,56.7478,3,0.199343,0.337245,-0.332001,0.730686,0.337245,8.57329,-7.75034,5.92487
2021-08-16,3830.25,281,13.7458,0.116731,57.2757,3,-0.188095,0.421557,-1.59775,1.22156,0.421557,7.2878,-5.93234,5.9202
2021-08-17,3830.25,280,13.3528,-0.17713,56.8283,3,-0.522883,0.168623,-2.10409,1.05833,0.168623,5.02923,-4.44535,6.24441
2021-08-18,3868.41,280,13.8245,-0.0581643,57.0325,3,-0.116329,0,-1.47878,1.24613,0,3.39398,-2.684,6.32256
2021-08-19,3861.33,285,13.7982,0.30407,57.4422,3,0.0179605,0.590179,-1.18907,1.22499,0.590179,1.47697,-0.91316,6.87844
2021-08-20,3876.08,286,13.8268,0.519973,57.8232,3,0.534077,0.505868,-0.163071,1.23122,0.505868,0.560681,0.867986,6.39457
2021-08-23,3874.95,286,13.8102,0.617581,59.3568,3,0.897917,0.337245,0.57726,1.21857,0.337245,0.245175,2.89452,6.21709
2021-08-24,3867.73,281,13.5222,0.393523,58.8551,3,0.787046,0,0.481497,1.09259,0,-0.09055,4.95642,3.98924
2021-08-25,3861.88,273,13.4371,-0.102227,56.5967,3,0.470036,-0.674491,-0.104438,1.04451,-0.674491,-1.14212,7.25835,0.480498
2021-08-26,3865.04,273,13.3841,-0.290332,55.6563,3,0.515384,-1.09605,0.0316235,0.999144,-1.09605,-1.68807,9.42904,-2.0847
2021-08-27,3870.57,271,11.9087,-0.595593,53.8245,3,0.157796,-1.34898,-0.0884116,0.404003,-1.34898,-1.38248,10.1873,-4.98034
2021-08-30,3834.13,269,12.047,-0.784465,51.3253,3,-0.0513261,-1.5176,-0.557812,0.45516,-1.5176,-1.82114,10.8683,-7.72192
2021-08-31,3806.87,272,12.2798,-0.490121,51.4556,3,-0.137128,-0.843113,-0.813261,0.539005,-0.843113,-2.11056,11.6095,-8.04336
2021-09-01,3774,271,11.5437,-0.356025,51.2006,3,-0.459116,-0.252934,-1.15941,0.241174,-0.252934,-3.17947,11.7805,-7.40042
2021-09-02,3753.3,271,11.6056,-0.42946,49.7934,3,-0.605987,-0.252934,-1.47633,0.264357,-0.252934,-4.72907,12.0849,-7.5624
2021-09-03,3780.85,270,12.0619,-0.266347,48.5052,3,-0.364071,-0.168623,-1.17168,0.44354,-0.168623,-6.80867,12.7136,-7.3998
2021-09-06,3790.04,270,11.3958,-0.0948011,47.5696,3,-0.189602,0,-0.557844,0.17864,0,-8.36373,13.0087,-7.07535
2021-09-07,3790.04,269,10.5404,-0.255625,45.084,3,-0.174006,-0.337245,-0.18818,-0.159831,-0.337245,-10.0432,12.831,-7.70374
2021-09-08,3812.76,272,10.9673,0.143822,44.6305,3,0.287643,0,0.569397,0.00589008,0,-10.3015,12.7923,-7.86036
2021-09-09,3816.14,274,10.8337,0.296116,45.2775,3,0.42361,0.168623,0.895329,-0.0481094,0.168623,-9.92638,12.7486,-7.54473
2021-09-10,3829.72,273,9.53082,0.114686,44.6958,3,0.06075,0.168623,0.69679,-0.57529,0.168623,-8.94147,11.4982,-7.86094
2021-09-13,3836.85,278,7.99879,0.16548,44.8803,3,-0.25922,0.590179,0.665597,-1.18404,0.590179,-6.78951,9.21141,-7.54162
2021-09-14,3835.27,281,8.00071,0.332355,46.8142,3,-0.262715,0.927425,0.64262,-1.16805,0.927425,-4.18283,7.10482,-6.10781
2021-09-15,3830.83,277,7.10873,-0.141908,46.4957,3,-0.621061,0.337245,0.268025,-1.51015,0.337245,-2.5172,4.47652,-5.46365
2021-09-16,3825.36,279,7.10006,-0.176035,44.6746,3,-0.689315,0.337245,0.126936,-1.50557,0.337245,-1.26092,1.87115,-5.93567
2021-09-17,3818.16,279,6.93046,-0.210717,41.9256,3,-0.842992,0.421557,-0.129983,-1.556,0.421557,-1.22463,-0.777494,-6.07225
2021-09-20,3828.18,291,7.03252,0.10794,40.0306,3,-0.795856,1.01174,-0.0909158,-1.5008,1.01174,-1.851,-3.34219,-4.77626
2021-09-21,3851.22,288,7.39102,-0.0308894,38.4699,3,-0.567647,0.505868,0.222927,-1.35822,0.505868,-2.08749,-5.63553,-3.80706
2021-09-22,3843.77,290,7.40239,0.214322,39.6323,3,-0.583092,1.01174,0.18298,-1.34916,1.01174,-1.82216,-7.90926,-0.636275
2021-09-23,3834.66,286,7.42879,-0.0462498,40.535,3,-0.598368,0.505868,0.134509,-1.33124,0.505868,-1.72845,-10.1272,2.39066
2021-09-24,3835.67,289,7.40229,0.101016,43.1375,3,-0.55677,0.758802,0.222209,-1.33575,0.758802,-1.44141,-11.8253,6.4042
2021-09-27,3844.88,293,6.64691,-0.307754,44.9365,3,-0.69982,0.0843113,0.21078,-1.61042,0.0843113,-0.713267,-13.818,9.46771
2021-09-28,3837.91,298,6.12211,-0.117748,46.3492,3,-0.994298,0.758802,-0.1905,-1.7981,0.758802,-0.120774,-16.0629,12.5329
2021-09-29,3841.94,299,5.09691,-0.216141,46.8812,3,-1.10677,0.674491,-0.037271,-2.17628,0.674491,0.948852,-18.3734,14.3058
2021-09-30,3834.68,301,4.63688,0.00488584,48.5362,3,-1.17059,1.18036,-0.0125539,-2.32862,1.18036,2.34606,-20.8617,17.0519
2021-10-01,3812.77,302,4.61997,-0.152932,48.9689,3,-1.3176,1.01174,-0.322511,-2.31269,1.01174,3.15653,-23.4939,19.3062
2021-10-04,3781.35,301,5.48433,-0.420593,47.7265,3,-1.43136,0.590179,-0.874488,-1.98824,0.590179,2.85319,-25.5503,20.4236
2021-10-05,3786.05,297,5.50546,-0.755871,45.8235,3,-1.34312,-0.168623,-0.71641,-1.96983,-0.168623,2.34638,-27.2413,20.7185
2021-10-06,3796.3,298,5.14053,-0.764221,42.3966,3,-1.35982,-0.168623,-0.630863,-2.08878,-0.168623,1.19803,-29.1115,20.3101
2021-10-07,3788.03,289,5.16849,-1.22752,36.7858,3,-1.35899,-1.09605,-0.645828,-2.07214,-1.09605,-0.260276,-30.6386,17.6847
2021-10-08,3772.44,286,5.1139,-1.37853,31.5474,3,-1.32376,-1.43329,-0.564907,-2.08261,-1.43329,-1.41456,-31.4459,14.4078
2021-10-11,3765.8,286,5.02931,-1.25503,26.8848,3,-1.16109,-1.34898,-0.227101,-2.09508,-1.34898,-2.18207,-31.5222,10.589
2021-10-12,3765.8,289,5.0371,-0.972669,22.9299,3,-1.18654,-0.758802,-0.292073,-2.081,-0.758802,-2.94148,-31.4942,7.36552
2021-10-13,3738.48,288,5.52204,-1.14121,20.1362,3,-1.355,-0.927425,-0.811831,-1.89816,-0.927425,-3.79608,-31.1058,5.03805
2021-10-14,3725.75,288,5.57653,-0.75996,18.6027,3,-1.3513,-0.168623,-0.875864,-1.82673,-0.168623,-4.5849,-30.9265,4.11407
2021-10-15,3755.29,287,6.45657,-0.431187,18.043,3,-0.862374,0,-0.243603,-1.48115,0,-4.65394,-30.6885,3.38543
2021-10-18,3772.49,291,6.62948,-0.162128,17.372,3,-0.661502,0.337245,0.0859771,-1.40898,0.337245,-4.47405,-30.3949,2.24097
2021-10-19,3772.49,284,6.14568,-0.622056,15.9594,3,-0.738243,-0.505868,0.0860926,-1.56258,-0.505868,-4.51456,-30.0773,0.55131
2021-10-20,3766.94,284,6.13884,-0.503225,14.3488,3,-0.584893,-0.421557,0.389337,-1.55912,-0.421557,-4.25805,-29.6376,-1.75555
2021-10-21,3770.58,283,6.15487,-0.48391,13.4223,3,-0.461953,-0.505868,0.618841,-1.54275,-0.505868,-3.82052,-29.4245,-3.33273
2021-10-22,3783.3,287,6.32515,-0.314776,12.5808,3,-0.545242,-0.0843113,0.382782,-1.47327,-0.0843113,-3.64742,-29.1642,-4.60753
2021-10-25,3780.38,288,6.21924,-0.519266,12.1672,3,-0.701286,-0.337245,0.103462,-1.50604,-0.337245,-3.70701,-28.8942,-5.2316
2021-10-26,3769.98,288,6.24756,-0.252165,11.9094,3,-0.757264,0.252934,-0.0228398,-1.49169,0.252934,-3.56208,-28.5372,-5.9913
2021-10-27,3774.46,291,6.25345,-0.0866245,12.1578,3,-0.679117,0.505868,0.11842,-1.47665,0.505868,-3.45569,-28.1096,-6.27697
2021-10-28,3761.21,294,6.31441,0.0279636,12.2024,3,-0.787186,0.843113,-0.119631,-1.45474,0.843113,-3.54125,-27.4514,-6.80491
2021-10-29,3766.1,302,6.10057,0.1543,12.8076,3,-0.871759,1.18036,-0.229486,-1.51403,1.18036,-3.50188,-27.0855,-6.60508
2021-11-01,3784.44,303,5.68038,0.193324,14.0785,3,-0.79371,1.18036,0.0504587,-1.63788,1.18036,-2.82867,-27.3073,-5.78552
2021-11-02,3784.44,308,5.66262,0.441276,16.7959,3,-0.719363,1.60192,0.196761,-1.63549,1.60192,-2.17223,-27.9701,-3.06179
2021-11-03,3778.69,306,5.59109,0.189699,19.1879,3,-0.800961,1.18036,0.0532106,-1.65513,1.18036,-1.64814,-28.3079,-0.856075
2021-11-04,3837.84,310,7.85104,0.665795,24.5144,3,0.06692,1.26467,1.07007,-0.936233,1.26467,-0.204934,-28.5588,3.27805
2021-11-05,3847.4,313,7.66606,0.45766,30.3565,3,0.0722075,0.843113,1.13352,-0.989108,0.843113,1.34008,-28.5338,7.5502
2021-11-08,3881.76,300,8.0814,-0.045438,34.515,3,0.246369,-0.337245,1.34882,-0.856079,-0.337245,2.82812,-27.8745,9.56144
2021-11-09,3874.41,307,8.15622,0.0180059,38.0692,3,0.204634,-0.168623,1.24124,-0.831969,-0.168623,4.30007,-27.0065,10.7755
2021-11-10,3876.86,307,7.49305,0.0751104,42.5715,3,0.150221,0,1.3367,-1.03626,0,6.37911,-26.445,12.6374
2021-11-11,3875.38,307,7.28704,-0.318051,44.235,3,-0.298856,-0.337245,0.501027,-1.09874,-0.337245,7.70327,-25.8145,12.3462
2021-11-12,3875.38,309,6.96705,-0.418621,44.2825,3,-0.415685,-0.421557,0.367564,-1.19893,-0.421557,8.2849,-25.5476,11.5452
2021-11-15,3888.53,307,6.91204,-0.0333917,44.7692,3,-0.572651,0.505868,0.0702268,-1.21553,0.505868,8.27459,-25.378,11.8726
2021-11-16,3888.53,310,6.91204,-0.175547,46.463,3,-0.519716,0.168623,0.169049,-1.20848,0.168623,8.36661,-25.0803,13.1767
2021-11-17,3898.84,312,6.83013,-0.0728796,48.1017,3,-0.483005,0.337245,0.265562,-1.23157,0.337245,8.25637,-24.7913,14.6366
2021-11-18,3907.95,315,6.82733,0.0874211,50.2817,3,-0.415337,0.590179,0.399644,-1.23032,0.590179,8.05026,-24.5024,16.7338
2021-11-19,3943.43,316,7.28271,0.201789,52.2521,3,-0.10229,0.505868,0.882273,-1.08685,0.505868,8.52242,-24.121,17.8507
2021-11-22,3923.53,314,7.65432,0.0956023,54.59,3,-0.272508,0.463712,0.424278,-0.969293,0.463712,8.81354,-23.5694,19.3459
2021-11-23,3913.26,322,7.64376,0.247928,56.4802,3,-0.347258,0.843113,0.275699,-0.970214,0.843113,9.07766,-23.0219,20.4245
2021-11-24,3944.37,330,7.93258,0.593143,59.0252,3,-0.162696,1.34898,0.552317,-0.87771,1.34898,9.4499,-22.3583,21.9336
2021-11-25,3969.49,330,7.76044,0.506284,60.7941,3,-0.0834801,1.09605,0.760899,-0.927859,1.09605,10.2439,-21.7771,22.3272
2021-11-26,3969.49,358,7.80501,1.52484,65.7291,3,-0.322783,3.37245,0.264009,-0.909574,3.37245,10.5537,-20.8999,26.0753
2021-11-29,4008.13,357,8.16767,1.79584,71.1715,3,0.134914,3.45677,1.06451,-0.794678,3.45677,11.2246,-19.6427,29.5896
2021-11-30,4010.98,359,8.13837,1.586,74.7909,3,0.221101,2.9509,1.24482,-0.802613,2.9509,11.9188,-18.4898,31.362
2021-12-01,4004.54,346,8.14466,0.571185,75.9415,3,-0.037988,1.18036,0.724715,-0.800691,1.18036,12.4172,-17.5929,31.1172
2021-12-02,3953.26,339,8.5378,0.0448401,74.0541,3,-0.500499,0.590179,-0.320528,-0.68047,0.590179,11.3339,-17.5872,30.3074
2021-12-03,3945.18,341,8.61823,-1.07309,69.0955,3,-0.544259,-1.60192,-0.431794,-0.656724,-1.60192,10.2065,-17.7586,26.6476
2021-12-06,3948.33,338,8.13223,-1.31545,64.6932,3,-0.860367,-1.77054,-0.915205,-0.805528,-1.77054,8.2741,-18.0209,24.44
2021-12-07,3944,332,8.10137,-1.67933,58.4983,3,-0.91363,-2.44503,-1.01228,-0.814976,-2.44503,6.27204,-18.2921,20.5183
2021-12-08,3906.1,330,8.92596,-1.26117,53.4589,3,-1.00473,-1.5176,-1.44457,-0.564894,-1.5176,3.6617,-17.9603,17.7575
2021-12-09,3906.1,329,8.9227,-0.834156,51.4929,3,-0.656575,-1.01174,-0.744443,-0.568707,-1.01174,2.47727,-17.473,16.4887
2021-12-10,3899.87,334,8.95001,-0.699585,50.4209,3,-0.640368,-0.758802,-0.71852,-0.562217,-0.758802,1.44146,-16.8692,15.8486
2021-12-13,3887.71,342,8.95193,-0.288325,49.4479,3,-0.745272,0.168623,-0.927214,-0.563329,0.168623,0.489694,-16.2467,15.2048
2021-12-14,3886.87,343,8.95223,0.0190175,50.1905,3,-0.720767,0.758802,-0.87692,-0.564615,0.758802,-0.508372,-15.6327,16.3316
2021-12-15,3936.41,347,9.9939,0.651186,52.9514,3,0.0377012,1.26467,0.315784,-0.240381,1.26467,-0.460031,-14.6736,18.0851
2021-12-16,3990.27,349,11.0172,1.03601,56.5451,3,0.554413,1.5176,1.03629,0.0725313,1.5176,0.146389,-13.3832,19.7819
2021-12-17,4002.97,353,10.6431,1.00488,59.5471,3,0.619903,1.38986,1.2845,-0.0446958,1.38986,0.525745,-12.3292,21.3506
2021-12-20,3999.85,358,10.4398,0.877337,62.4163,3,0.643748,1.11093,1.39616,-0.108665,1.11093,1.43428,-11.4369,22.419
2021-12-21,4002.12,357,10.3557,0.785822,64.3525,3,0.646629,0.925016,1.42845,-0.135189,0.925016,2.50167,-10.5919,22.4427
2021-12-22,3996.28,359,10.0705,0.49039,63.9853,3,0.231346,0.749434,0.687588,-0.224895,0.749434,2.63097,-9.99439,21.3487
2021-12-23,3997.71,354,9.84318,0.0383711,62.2973,3,-0.148088,0.22483,0.000655011,-0.296831,0.22483,1.93024,-9.45139,19.8184
2021-12-24,3997.09,354,9.84408,-0.155306,56.0624,3,-0.235668,-0.0749434,-0.173573,-0.297764,-0.0749434,1.53835,-8.98758,13.5116
2021-12-27,3994.15,356,9.207,-0.317576,48.0201,3,-0.335378,-0.299774,-0.169609,-0.501148,-0.299774,0.366553,-8.73877,6.39228
2021-12-28,3989.41,355,9.20744,-0.341154,40.7481,3,-0.382534,-0.299774,-0.26319,-0.501877,-0.299774,-1.06256,-8.37884,0.18947
2021-12-29,4004,349,9.29487,-0.567412,36.5812,3,-0.235504,-0.899321,0.00823135,-0.479239,-0.899321,-1.72212,-7.99169,-3.70497
2021-12-30,4023.68,352,8.09229,-0.303946,35.3334,3,-0.308119,-0.299774,0.249619,-0.865858,-0.299774,-1.18389,-8.13314,-5.3496
2021-12-31,3981.16,353,9.02329,-0.335604,37.9887,3,-0.439955,-0.231254,-0.307056,-0.572853,-0.231254,-1.07608,-8.11882,-2.81638
2022-01-03,3981.16,345,9.0237,-0.701897,40.2425,3,-0.42953,-0.974264,-0.266993,-0.592066,-0.974264,-0.469555,-7.96076,-1.32718
2022-01-04,4082.75,345,12.57,-0.0077032,46.5279,3,0.883915,-0.899321,1.14486,0.622973,-0.899321,1.58204,-6.66129,1.60716
2022-01-05,4084.11,342,11.8495,-0.00162063,51.3308,3,0.67125,-0.674491,0.967341,0.375158,-0.674491,3.88482,-5.77164,3.21762
2022-01-06,4042.36,348,12.6407,-0.021351,54.4243,3,0.406958,-0.449661,0.155689,0.658228,-0.449661,4.73471,-4.59249,4.28209
2022-01-07,4039.31,349,12.6149,0.109831,57.4785,3,0.669323,-0.449661,0.685565,0.653082,-0.449661,6.0484,-3.42199,4.85211
2022-01-10,4043.46,353,12.4874,0.561836,60.6385,3,0.674012,0.449661,0.736762,0.611263,0.449661,7.57992,-2.29358,5.35216
2022-01-11,4043.46,352,12.4826,0.1864,61.2532,3,-0.00191767,0.374717,-0.611548,0.607713,0.374717,7.81861,-1.18662,4.62118
2022-01-12,4011.65,349,12.2794,0.0579787,59.0631,3,-0.25876,0.374717,-1.04658,0.529061,0.374717,6.56776,-0.464521,2.95987
2022-01-13,3970.08,351,11.9535,-0.122311,54.7103,3,-0.319566,0.0749434,-1.04628,0.407144,0.0749434,4.62726,-0.148949,0.232035
2022-01-14,3950.4,349,11.9931,-0.287735,49.7876,3,-0.425582,-0.149887,-1.26349,0.412328,-0.149887,2.20671,0.286802,-2.70592
2022-01-17,3993.65,349,12.6737,-0.246974,45.5058,3,-0.0442881,-0.449661,-0.737961,0.649385,-0.449661,0.169942,1.00801,-5.67216
2022-01-18,3993.65,352,12.6714,-0.0965931,42.179,3,-0.0432994,-0.149887,-0.731892,0.645293,-0.149887,-1.87893,1.74358,-7.6857
2022-01-19,4033.37,349,13.1429,0.174884,41.0016,3,0.499656,-0.149887,0.197651,0.801661,-0.149887,-2.33845,2.71105,-9.37099
2022-01-20,4003.95,348,13.4305,0.124786,41.3233,3,0.62429,-0.374717,0.35935,0.889231,-0.374717,-2.00033,3.83547,-10.5118
2022-01-21,3980.8,359,13.5919,0.611575,44.2014,3,0.623602,0.599547,0.309967,0.937237,0.599547,-1.54947,5.02685,-9.27597
2022-01-24,3964.3,364,13.6636,0.604948,47.7033,3,0.235632,0.974264,-0.4792,0.950465,0.974264,-1.84936,6.42628,-6.87365
2022-01-25,3977.51,367,13.7218,0.643733,51.4609,3,0.313202,0.974264,-0.30418,0.930583,0.974264,-1.88907,7.79498,-4.44504
2022-01-26,3987.32,362,13.6846,0.462579,55.3762,3,0.100781,0.824378,-0.68424,0.885801,0.824378,-2.54252,9.07163,-1.15295
2022-01-27,3947.83,373,13.9619,0.900403,59.886,3,0.077107,1.7237,-0.809805,0.964019,1.7237,-3.52432,10.7331,2.67721
2022-01-28,3944.04,377,13.4873,0.662982,63.5305,3,0.126869,1.19909,-0.547808,0.801546,1.19909,-3.71664,11.9187,5.32846
2022-01-31,3982.6,374,13.9658,0.579644,68.0304,3,0.559741,0.599547,0.175467,0.944014,0.599547,-3.24941,13.1402,8.13961
2022-02-01,3942.73,371,10.7789,-0.0710058,67.8136,3,-0.291898,0.149887,-0.516065,-0.0677319,0.149887,-4.78253,12.5158,10.0802
2022-02-02,3923.61,366,10.8038,-0.162863,67.2586,3,-0.475613,0.149887,-0.891385,-0.0598405,0.149887,-6.5097,12.1427,11.6256
2022-02-03,3928.05,363,10.3966,-0.570036,65.342,3,-0.24075,-0.899321,-0.300145,-0.181355,-0.899321,-6.98061,11.4495,10.8731
2022-02-04,3951.96,363,10.7325,-0.60122,62.7992,3,-0.00334536,-1.19909,0.067508,-0.0741987,-1.19909,-7.61637,10.86,9.55558
2022-02-07,3962.68,367,10.793,-0.423431,59.1837,3,-0.172371,-0.674491,-0.290562,-0.0541794,-0.674491,-8.65436,10.3254,7.5127
2022-02-08,3963.84,361,10.7971,-0.398589,56.9973,3,0.102143,-0.899321,0.256544,-0.0522575,-0.899321,-7.86314,9.7381,5.12234
2022-02-09,3965.41,353,10.4908,-0.468126,55.0122,3,0.187899,-1.12415,0.534331,-0.158534,-1.12415,-6.37849,9.10836,2.28236
2022-02-10,3939.31,350,10.0965,-0.605309,53.1786,3,-0.086467,-1.12415,0.125639,-0.298573,-1.12415,-5.27151,8.45009,4.23309e-15
2022-02-11,3917.75,365,10.1293,-0.19259,53.5404,3,-0.385181,0,-0.48211,-0.288251,0,-4.52553,7.7803,0.285674
2022-02-14,3917.52,366,9.21297,-0.423498,52.8689,3,-0.622166,-0.22483,-0.62935,-0.614982,-0.22483,-4.42403,6.57838,0.714507
2022-02-15,3938.97,360,9.48839,-0.328934,51.9837,3,-0.433038,-0.22483,-0.354031,-0.512045,-0.22483,-4.06561,5.47745,0.571864
2022-02-16,3946.88,367,8.70157,0.18458,52.0207,3,-0.530162,0.899321,-0.265475,-0.794849,0.899321,-4.50728,3.95459,2.57335
2022-02-17,3963.72,374,8.57047,0.696326,54.1953,3,-0.256103,1.64876,0.319911,-0.832117,1.64876,-4.53845,2.30947,6.42423
2022-02-18,3953.26,381,8.38309,0.420597,53.4697,3,-0.208014,1.04921,0.475012,-0.891041,1.04921,-4.38381,0.568448,7.28506
2022-02-21,3927.25,381,8.57335,0.312842,52.3578,3,-0.34858,0.974264,0.121278,-0.818438,0.974264,-3.81414,-1.1181,7.29002
2022-02-22,3927.25,388,8.45853,0.718105,52.6411,3,-0.512318,1.94853,-0.169206,-0.855431,1.94853,-3.68488,-2.82094,9.1469
2022-02-23,3932.4,395,8.41228,0.70961,53.5811,3,-0.529309,1.94853,-0.188186,-0.870431,1.94853,-3.2099,-4.49278,11.2838
2022-02-24,3913.79,393,7.83517,0.200754,50.9154,3,-0.87253,1.27404,-0.665488,-1.07957,1.27404,-3.07625,-6.4483,10.4399
2022-02-25,3940.2,380,8.23149,-0.364056,46.9982,3,-0.540753,-0.187359,-0.146654,-0.934851,-0.187359,-2.69118,-8.09811,7.78749
2022-02-28,3910.64,385,7.7798,-0.230242,43.9278,3,-0.647842,0.187359,-0.197809,-1.09788,0.187359,-3.03809,-10.0152,6.98104
2022-03-01,3910.28,391,6.98939,-0.357852,42.848,3,-0.792788,0.0770847,-0.201856,-1.38372,0.0770847,-2.73527,-11.249,6.83226
2022-03-02,3901.62,385,6.82735,-0.922418,40.0167,3,-0.91982,-0.925016,-0.398465,-1.44118,-0.925016,-2.25567,-12.4947,4.76702
2022-03-03,3862.95,391,7.61312,-0.619273,39.8348,3,-0.921138,-0.317407,-0.687768,-1.15451,-0.317407,-2.6206,-13.4081,5.86351
2022-03-04,3771.77,412,10.7778,0.595958,44.3111,3,-1.18864,2.38056,-2.37368,-0.0035982,2.38056,-4.96211,-13.4434,12.7166
2022-03-07,3806.11,414,11.3907,0.76374,48.8231,3,-0.615021,2.1425,-1.45069,0.220646,2.1425,-6.08518,-13.2251,18.1334
2022-03-08,3813.41,408,11.4488,0.320588,51.5676,3,-0.549103,1.19028,-1.34042,0.242219,1.19028,-7.60796,-12.9427,22.1182
2022-03-09,3787.18,387,11.5444,-0.328555,52.0997,3,-0.657109,0,-1.59181,0.277587,0,-9.63426,-12.5241,24.2581
2022-03-10,3746.43,381,11.8458,-0.802366,51.3483,3,-0.623654,-0.981077,-1.63791,0.390599,-0.981077,-11.3194,-11.87,24.5376
2022-03-11,3786,380,12.6461,-1.15766,47.6663,3,0.464396,-2.77972,0.242795,0.685997,-2.77972,-10.6237,-10.9363,19.2264
2022-03-14,3827.64,374,13.4157,-1.36765,44.0832,3,0.657592,-3.39289,0.345121,0.970063,-3.39289,-9.66424,-9.39539,13.1428
2022-03-15,3800.85,363,13.3301,-1.70284,38.962,3,0.396005,-3.80168,-0.146471,0.93848,-3.80168,-9.37891,-7.94185,6.28278
2022-03-16,3836.56,353,13.8519,-0.982095,34.7555,3,0.938164,-2.90235,0.745227,1.1311,-2.90235,-8.32383,-6.05287,-0.867825
2022-03-17,3826.89,336,13.6917,-1.33645,27.8798,3,1.12877,-3.80168,1.18559,1.07194,-3.80168,-7.29134,-4.1521,-10.6768
2022-03-18,3816.43,339,13.6925,-1.35999,22.4593,3,0.754676,-3.47465,0.437093,1.07226,-3.47465,-7.06751,-2.29688,-18.1763
2022-03-21,3820.67,346,13.6043,-0.973038,18.9484,3,0.465738,-2.41182,-0.108227,1.0397,-2.41182,-7.04795,-0.658939,-23.3447
2022-03-22,3820.67,347,13.6043,-0.385738,16.2211,3,0.659262,-1.43074,0.27882,1.0397,-1.43074,-6.47793,0.913849,-28.2148
2022-03-23,3765.67,360,14.3286,0.297581,15.2721,3,0.131449,0.463712,-1.04415,1.30705,0.463712,-7.09752,2.66827,-30.2986
2022-03-24,3756.64,348,14.2968,0.512121,15.9858,3,0.138972,0.885269,-1.01737,1.29531,0.885269,-7.4475,4.63346,-31.2002
2022-03-25,3798.9,338,14.7407,0.223439,17.3908,3,0.6155,-0.168623,-0.228193,1.45919,-0.168623,-7.63507,6.69696,-31.6711
2022-03-28,3785.66,334,14.6025,-0.318007,17.1761,3,0.460033,-1.09605,-0.4881,1.40817,-1.09605,-7.85783,8.75842,-33.7245
2022-03-29,3785.7,329,14.604,-0.570572,16.6627,3,0.460771,-1.60192,-0.487168,1.40871,-1.60192,-8.048,11.0096,-36.2989
2022-03-30,3765.96,329,14.6593,-0.980947,16.5232,3,0.736069,-2.69796,0.0429929,1.42914,-2.69796,-7.67195,13.3537,-39.1586
2022-03-31,3748.15,338,14.3871,-0.154177,17.6527,3,0.619071,-0.927425,-0.0904907,1.32863,-0.927425,-7.27069,15.5901,-40.6668
2022-04-01,3756.03,346,11.7395,0.230161,16.7603,3,-0.129857,0.590179,-0.613381,0.353667,0.590179,-5.74766,15.7332,-43.2252
2022-04-04,3774.79,323,11.3963,-0.476573,13.9549,3,0.0585907,-1.01174,-0.109289,0.226471,-1.01174,-4.48091,15.1951,-46.7593
2022-04-05,3706.95,317,12.9671,-0.630349,12.0332,3,-0.164651,-1.09605,-1.14026,0.810954,-1.09605,-4.1989,15.2044,-48.9723
2022-04-06,3723.79,317,12.9607,-0.49175,11.7231,3,0.112547,-1.09605,-0.583467,0.808562,-1.09605,-3.40114,15.5361,-50.4119
2022-04-07,3746.51,322,12.6196,-0.537877,12.2286,3,0.357539,-1.43329,0.0334401,0.681638,-1.43329,-2.13159,15.8903,-51.5302
2022-04-08,3771.83,328,12.2694,-0.589939,13.3646,3,0.422038,-1.60192,0.292556,0.55152,-1.60192,-2.1294,16.0608,-50.5668
2022-04-11,3777.41,339,11.5712,0.725948,18.1671,3,0.187225,1.26467,0.0827288,0.291722,1.26467,-2.47775,16.4624,-45.8175
2022-04-12,3744.16,345,11.7208,1.38664,26.9796,3,0.496865,2.27641,0.646261,0.347469,2.27641,-1.94366,17.111,-38.1878
2022-04-13,3736.7,350,11.0992,1.44021,35.135,3,0.182459,2.69796,0.248899,0.11602,2.69796,-2.47951,16.8124,-29.1979
2022-04-14,3737.32,345,11.1015,0.929328,43.4512,3,0.0038064,1.85485,-0.109797,0.11741,1.85485,-3.7589,16.2371,-19.0271
2022-04-15,3737.32,345,11.0933,0.572248,50.7965,3,-0.204485,1.34898,-0.523939,0.114968,1.34898,-4.69266,15.3963,-9.90706
2022-04-18,3737.32,347,11.0716,0.167991,55.1375,3,-0.254197,0.590179,-0.615483,0.107088,0.590179,-5.16265,14.4672,-4.16702
2022-04-19,3731.31,347,11.0651,0.00435017,56.6101,3,-0.0334553,0.0421557,-0.171775,0.104865,0.0421557,-5.58119,13.5527,-1.36139
2022-04-20,3755.85,346,10.194,-0.200462,54.7286,3,0.0627887,-0.463712,0.349553,-0.223976,-0.463712,-4.26703,12.1259,-3.13024
2022-04-21,3758.65,344,10.1622,-0.0466957,52.6049,3,0.0752313,-0.168623,0.385319,-0.234856,-0.168623,-2.93651,10.6867,-5.14523
2022-04-22,3759.54,354,9.27164,0.272779,52.7928,3,-0.0867766,0.632335,0.399936,-0.573489,0.632335,-2.33732,8.7475,-3.61736
2022-04-25,3819.07,358,10.83,0.725353,56.745,3,0.691903,0.758802,1.3641,0.0197009,0.758802,-0.569083,7.39417,-0.0800662
2022-04-26,3931.74,361,14.8466,1.70464,65.0832,3,2.39754,1.01174,3.24364,1.55143,1.01174,2.91504,7.38073,4.7874
2022-04-27,3947.63,359,14.6197,1.59795,73.7058,3,2.26848,0.927425,3.07206,1.46491,0.927425,5.50708,7.11977,11.079
2022-04-28,3967.32,366,14.3994,2.01982,80.019,3,2.3534,1.68623,3.32593,1.38088,1.68623,8.16392,6.83402,15.021
2022-04-29,3984.77,375,14.4067,2.04037,84.5064,3,2.47883,1.60192,3.574,1.38366,1.60192,11.1872,7.35298,15.9663
2022-05-02,3966.27,387,14.6312,2.08368,89.6245,3,1.89095,2.27641,2.31262,1.46927,2.27641,12.171,7.73719,19.7163
2022-05-03,4004.07,387,12.6173,1.46178,92.7938,3,0.900092,2.02347,1.09889,0.701293,2.02347,12.9123,7.13406,22.7474
2022-05-04,4016.34,383,12.6177,1.36163,94.9282,3,0.868414,1.85485,1.0354,0.701423,1.85485,13.1508,6.60873,25.1686
2022-05-05,4056.41,379,12.7834,0.988527,96.2786,3,1.04963,0.927425,1.33464,0.764618,0.927425,13.2446,6.30159,26.7324
2022-05-06,4086.08,381,12.8007,0.736168,97.1988,3,1.13509,0.337245,1.49896,0.77122,0.337245,13.3238,6.12996,27.745
2022-05-09,4053.93,408,13.4616,1.37848,97.5768,3,1.15505,1.60192,1.28685,1.02325,1.60192,13.7,6.40543,27.4714
2022-05-10,4085.76,396,12.7085,0.773896,97.2231,3,0.957613,0.590179,1.17918,0.736052,0.590179,14.3289,6.78172,26.1125
2022-05-11,4086.71,389,12.5846,0.589675,96.6619,3,0.842106,0.337245,0.995383,0.688829,0.337245,15.2415,7.3473,24.0731
2022-05-12,4080.32,393,12.6779,0.755667,96.5365,3,0.499598,1.01174,0.274793,0.724402,1.01174,15.5753,7.76648,23.1948
2022-05-13,4109.71,386,12.604,0.364874,96.3818,3,0.476813,0.252934,0.257402,0.696225,0.252934,16.1773,8.18501,22.0195
2022-05-16,4110.53,390,12.5943,-0.481875,95.8598,3,0.722478,-1.68623,0.752459,0.692497,-1.68623,17.4336,8.75316,19.6731
2022-05-17,4070.25,389,13.4567,-0.209873,95.6749,3,0.339056,-0.758802,-0.34329,1.0214,-0.758802,17.4616,9.40625,18.8071
2022-05-18,4033.85,407,14.2269,0.776364,96.4666,3,0.203746,1.34898,-0.907611,1.3151,1.34898,16.0728,10.0208,20.3729
2022-05-19,4054.71,407,14.1969,0.711575,96.9956,3,0.411413,1.01174,-0.480827,1.30365,1.01174,15.1107,10.6637,21.2212
2022-05-20,4050.88,407,14.2422,0.887843,97.3749,3,0.17377,1.60192,-0.973414,1.32095,1.60192,13.9678,11.5306,21.8765
2022-05-23,3989.84,389,14.9978,-0.204191,96.7848,3,-0.155447,-0.252934,-1.91998,1.60908,-0.252934,12.4705,12.8957,21.4186
2022-05-24,3950.35,383,11.7676,-0.723039,94.7147,3,-0.771588,-0.674491,-1.92119,0.378017,-0.674491,10.2154,13.3189,21.1804
2022-05-25,3971.28,361,11.8294,-2.15513,89.5935,3,-0.310253,-4,-1.02282,0.402313,-4,8.54495,14.3583,16.6902
2022-05-26,3959.05,358,11.7525,-2.28591,80.1439,3,-0.571825,-4,-1.51723,0.37358,-4,5.54668,15.3919,9.20528
2022-05-27,3930.89,355,11.8795,-2.36834,66.4571,3,-0.736671,-4,-1.89934,0.426001,-4,0.964121,15.8568,-0.363856
2022-05-30,3912.34,355,11.883,-1.72154,52.4283,3,-0.407871,-3.03521,-1.24742,0.431681,-3.03521,-2.40235,15.3359,-10.5052
2022-05-31,3912.34,337,11.2674,-2.1103,38.9412,3,-0.220603,-4,-0.63332,0.192113,-4,-4.00404,14.6664,-21.7212
2022-06-01,3776.52,334,16.4229,-1.45032,29.1199,3,-0.455615,-2.44503,-3.12881,2.21758,-2.44503,-7.64334,15.5204,-28.7572
2022-06-02,3791.74,335,15.929,-1.2198,22.3279,3,-0.331815,-2.10778,-2.68717,2.02354,-2.10778,-10.8151,15.9543,-32.8113
2022-06-03,3784.98,335,15.4418,-1.05653,17.5492,3,-0.258205,-1.85485,-2.34851,1.8321,-1.85485,-13.5523,16.1517,-35.0502
2022-06-06,3771.63,336,15.3666,-0.996264,12.3047,3,-0.22199,-1.77054,-2.24657,1.80259,-1.77054,-15.4055,15.6927,-37.9824
2022-06-07,3799.5,346,15.3222,0.292359,11.3917,3,-0.00546082,0.590179,-1.79605,1.78513,0.590179,-17.4541,16.2621,-37.4162
2022-06-08,3790.88,349,15.2641,1.03984,12.2437,3,0.983629,1.09605,0.204952,1.76231,1.09605,-18.3149,17.3258,-36.7671
2022-06-09,3782.65,379,15.254,2.16699,15.2008,3,0.792902,3.54108,-0.172546,1.75835,3.54108,-19.4604,18.904,-34.2428
2022-06-10,3833.34,382,15.9772,2.59476,20.7675,3,1.39552,3.79401,0.748582,2.04245,3.79401,-20.2075,21.195,-30.22
2022-06-13,3912.51,396,18.0739,3.26953,32.4339,3,2.53906,4,2.21195,2.86618,4,-20.363,24.7744,-21.9775
2022-06-14,4016.5,398,20.4954,3.79292,47.1049,3,3.58584,4,3.35415,3.81752,4,-17.5262,28.2775,-13.6465
2022-06-15,3979.3,380,20.513,2.9034,55.2061,3,3.36177,2.44503,2.91133,3.81221,2.44503,-13.8579,30.5978,-11.5338
2022-06-16,3923.96,387,20.9135,1.77211,59.1861,3,3.03834,0.505868,2.15694,3.91975,0.505868,-11.2789,32.8854,-12.4203
2022-06-17,3912.15,387,20.9173,1.38394,61.0184,3,2.51494,0.252934,1.14425,3.88564,0.252934,-9.23906,35.1693,-14.9118
2022-06-20,3905.05,387,20.3073,0.400042,63.2171,3,1.72751,-0.927425,-0.188971,3.64399,-0.927425,-7.56405,36.8688,-16.0876
2022-06-21,3905.05,397,20.036,0.322771,66.9186,3,0.898476,-0.252934,-1.73677,3.53373,-0.252934,-7.29832,39.3225,-15.1056
2022-06-22,4026.92,413,22.8603,2.46498,81.0488,3,2.3163,2.61365,0.632608,4,2.61365,-5.26615,38.9404,-2.62544
2022-06-23,4026.52,419,22.8194,2.6235,91.1396,3,2.71766,2.52934,1.43532,4,2.52934,-2.39579,36.2806,7.25479
2022-06-24,4068.75,419,22.8565,2.81697,96.7518,3,3.10461,2.52934,2.20921,4,2.52934,0.498759,32.3122,13.9408
2022-06-27,4129.87,422,23.1819,3.17843,98.9675,3,3.57459,2.78227,3.14918,4,2.78227,2.64163,28.7938,17.532
2022-06-28,4129.87,447,23.1819,3.78071,99.7999,3,3.56142,4,3.12285,4,4,3.71504,25.1244,20.9604
2022-06-29,4089.72,458,19.0211,2.76497,99.9483,3,1.94672,3.58323,0.794925,3.09851,3.58323,4.69677,22.4228,22.8287
2022-06-30,4127.47,446,19.1106,2.12314,99.9842,3,2.2228,2.02347,1.32311,3.1225,2.02347,5.61411,20.8108,23.5593
2022-07-01,4151.21,441,18.9821,1.82802,99.9947,3,2.05412,1.60192,1.05184,3.0564,1.60192,6.26436,19.7111,24.0192
2022-07-04,4198.77,441,18.871,1.63413,99.9982,3,1.91928,1.34898,0.840428,2.99813,1.34898,6.77709,18.8572,24.3639
2022-07-05,4198.77,445,18.9484,0.75506,99.9985,3,1.93168,-0.421557,0.840428,3.02293,-0.421557,7.46081,19.012,23.5257
2022-07-06,4259.86,435,19.027,0.217531,99.9979,3,2.62716,-2.19209,2.20349,3.05083,-2.19209,8.18782,19.7535,22.0566
2022-07-07,4348.68,430,19.4716,0.712633,99.9962,3,3.02718,-1.60192,2.84791,3.20645,-1.60192,9.38882,20.8855,19.7218
2022-07-08,4369.7,424,19.3378,0.633453,99.9918,3,2.95313,-1.68623,2.76303,3.14323,-1.68623,10.4949,22.2732,17.2236
2022-07-11,4388.27,437,18.6362,1.01411,99.9809,3,2.6184,-0.590179,2.3653,2.87149,-0.590179,11.1817,23.6231,15.176
2022-07-12,4513.28,448,18.9167,1.7234,99.9601,3,3.44681,0,3.92756,2.96605,0,12.0413,24.704,13.2148
2022-07-13,4627.46,461,19.1915,2.7354,99.9578,3,3.53165,1.93916,4,3.0633,1.93916,12.4885,24.5537,12.9156
2022-07-14,4558.05,470,19.3599,2.97,99.9722,3,2.82048,3.11952,2.52476,3.1162,3.11952,12.2047,23.4672,14.3003
2022-07-15,4519.65,474,19.8424,3.24624,99.9859,3,2.52985,3.96263,1.78102,3.27867,3.96263,11.8186,22.1217,16.0456
2022-07-18,4395.63,460,23.2651,1.8428,99.9918,3,1.99936,1.68623,-0.00127038,4,1.68623,11.4466,21.4269,17.1183
2022-07-19,4315.41,447,24.7572,0.188509,99.9914,3,0.714264,-0.337245,-2.57147,4,-0.337245,11.2199,21.6484,17.123
2022-07-20,4303.34,423,22.9278,-1.72838,99.9602,3,0,-3.45677,-4,4,-3.45677,10.9037,24.2225,14.834
2022-07-21,4303.34,437,22.9258,-1.33026,99.8541,3,0.374695,-3.03521,-3.25061,4,-3.03521,10.386,27.2433,12.2248
2022-07-22,4410.14,435,24.0236,-1.12778,99.5322,3,1.28551,-3.54108,-1.42897,4,-3.54108,10.1589,30.9984,8.3749
2022-07-25,4423.86,425,23.6774,-0.536149,98.7563,3,2.13153,-3.20383,0.263068,4,-3.20383,10.0836,35.3466,3.32601
2022-07-26,4461.63,427,23.7059,0.462948,97.2942,3,2.86506,-1.93916,1.73011,4,-1.93916,10.5753,39.9378,-3.21891
2022-07-27,4445.01,418,23.3394,1.08149,96.1205,3,2.83746,-0.674491,1.67493,4,-0.674491,11.8041,43.0646,-8.74821
2022-07-28,4420.75,414,23.5006,0.268929,94.3794,3,2.6878,-2.14994,1.3756,4,-2.14994,12.663,46.6565,-14.9401
2022-07-29,4375.51,403,23.9757,-0.55992,91.2924,3,1.74675,-2.86659,-0.506508,4,-2.86659,12.6303,51.3949,-22.7329
2022-08-01,4300.3,413,24.7401,0.00821694,88.5593,3,1.19679,-1.18036,-1.60641,4,-1.18036,11.4437,54.9648,-27.8492
2022-08-02,4245.99,409,25.228,-0.530722,86.0019,3,0.624783,-1.68623,-2.75043,4,-1.68623,9.03924,57.9414,-30.9788
2022-08-03,4313.3,415,25.3257,0.366958,86.3176,3,1.15547,-0.421557,-1.68905,4,-0.421557,5.91061,58.4394,-28.0324
2022-08-04,4331.15,404,24.2506,0.205834,85.2268,3,1.4234,-1.01174,-1.15319,4,-1.01174,2.77645,59.9504,-27.5
2022-08-05,4268.3,398,24.6941,0.357998,84.6102,3,1.30618,-0.590179,-1.38765,4,-0.590179,-0.570815,61.1185,-25.9375
2022-08-08,4337.28,397,25.3822,0.343665,83.0392,3,2.20494,-1.5176,0.40987,4,-1.5176,-2.19837,63.1932,-27.9556
2022-08-09,4307.09,406,23.0756,0.967565,81.149,3,2.35669,-0.421557,0.716494,3.99688,-0.421557,-4.95042,65.3242,-29.2249
2022-08-10,4309.69,386,20.7529,-0.54241,71.5591,3,1.52883,-2.61365,-0.105182,3.16284,-2.61365,-9.02735,70.1873,-39.6009
2022-08-11,4273.82,369,20.3893,-0.961111,57.6789,3,1.10277,-3.02499,-0.784327,2.98986,-3.02499,-12.597,73.4241,-53.1482
2022-08-12,4231.45,377,20.4474,-0.293509,44.2364,3,1.23807,-1.82509,-0.53261,3.00876,-1.82509,-14.8316,73.3688,-64.3009
2022-08-15,4185.49,378,18.5503,-0.711942,34.8489,3,0.194893,-1.61878,-2.00229,2.39208,-1.61878,-16.378,70.3104,-69.0835
2022-08-16,4185.49,385,17.5738,-0.747457,31.5986,3,0.228785,-1.7237,-1.61706,2.07463,-1.7237,-15.2954,67.6584,-70.7644
2022-08-17,4218.48,391,17.8757,0.352726,38.9799,3,0.480622,0.22483,-1.21152,2.17276,0.22483,-13.0509,67.627,-65.5962
2022-08-18,4316.47,394,19.8001,1.68552,50.3468,3,1.64735,1.7237,0.496358,2.79834,1.7237,-9.64586,67.3633,-57.3707
2022-08-19,4413.86,401,19.453,2.05833,62.3058,3,2.46791,1.64876,2.25032,2.68549,1.64876,-6.03609,65.0426,-46.7006
2022-08-22,4400.25,412,19.4478,2.53572,72.8215,3,2.67326,2.39819,2.6627,2.68382,2.39819,-3.62142,61.0772,-34.6342
2022-08-23,4399.16,408,19.1706,2.09656,77.7483,3,2.6193,1.57381,2.64491,2.5937,1.57381,-2.70711,57.8426,-27.3872
2022-08-24,4374.45,400,19.2222,1.38938,78.6163,3,2.25415,0.524604,1.89783,2.61047,0.524604,-2.49575,56.2375,-25.1255
2022-08-25,4380.19,399,19.1542,0.940353,80.4392,3,1.65588,0.22483,0.723384,2.58837,0.22483,-3.00967,54.1396,-20.6907
2022-08-26,4407.95,403,18.93,0.596007,83.348,3,1.19201,0,-0.131461,2.51549,0,-2.61152,51.3135,-15.354
2022-08-29,4388.02,416,17.8565,0.56515,84.6442,3,0.980413,0.149887,-0.205708,2.16653,0.149887,-1.43499,49.0392,-12.9599
2022-08-30,4386.13,421,17.1221,0.842626,87.5481,3,0.860874,0.824378,-0.20605,1.9278,0.824378,0.604435,45.4765,-8.53289
2022-08-31,4400.16,424,16.3115,1.30888,89.303,3,0.969011,1.64876,0.27372,1.6643,1.64876,2.07148,42.3836,-5.15202
2022-09-01,4422.77,425,16.3407,1.43837,91.32,3,1.0781,1.79864,0.48241,1.67378,1.79864,3.17702,39.0076,-0.864564
2022-09-02,4467.03,429,15.5242,1.42164,92.8197,3,1.04463,1.79864,0.680888,1.40837,1.79864,4.51185,35.7956,2.51221
2022-09-05,4466.73,429,14.6598,0.92512,93.5508,3,1.02586,0.824378,0.924327,1.1274,0.824378,4.77373,33.1017,5.67544
2022-09-06,4466.73,427,14.3315,0.642008,93.1489,3,0.984242,0.299774,0.947818,1.02066,0.299774,4.98931,31.4175,6.74216
2022-09-07,4480.1,424,14.3296,0.408234,94.2709,3,0.966355,-0.149887,0.923868,1.00884,-0.149887,5.51454,28.9309,9.82547
2022-09-08,4446.36,411,14.2562,-0.295827,94.9661,3,0.60744,-1.19909,0.22966,0.98522,-1.19909,6.04831,26.9324,11.9854
2022-09-09,4396.69,400,14.4037,-1.13558,94.074,3,0.0520786,-2.32325,-0.917355,1.02151,-2.32325,5.97444,26.4185,11.6811
2022-09-12,4365.32,378,14.0158,-2.08602,92.3577,3,-0.200036,-3.972,-1.29824,0.898167,-3.972,6.76879,26.6658,8.92306
2022-09-13,4346.91,391,14.1793,-1.56855,91.1651,3,-0.289259,-2.84785,-1.52702,0.948502,-2.84785,7.02635,26.6012,7.5375
2022-09-14,4413.89,399,14.8252,-0.94343,89.0085,3,0.136612,-2.02347,-0.859134,1.13236,-2.02347,7.59916,26.9642,4.44516
2022-09-15,4389.8,397,12.8662,-0.659242,84.1984,3,-0.11939,-1.19909,-0.745576,0.506796,-1.19909,7.13951,27.0589,2.89839e-15
2022-09-16,4404.64,413,10.1428,0.333141,79.8869,3,-0.158095,0.824378,0.03834,-0.354531,0.824378,5.58111,25.713,-1.40716
2022-09-19,4435.84,414,10.3836,1.38505,76.6539,3,0.259492,2.5106,0.797372,-0.278388,2.5106,4.09595,23.8058,-1.24783
2022-09-20,4415.11,421,10.5387,1.14543,73.7774,3,0.267378,2.02347,0.764082,-0.229326,2.02347,2.49575,21.7504,-0.468745
2022-09-21,4420.38,417,10.3154,0.490062,70.8997,3,-0.144027,1.12415,0.0118862,-0.299941,1.12415,0.82388,19.4633,0.612535
2022-09-22,4403.82,416,10.4202,0.55875,69.6355,3,-0.0815952,1.19909,0.103623,-0.266813,1.19909,0.26268,16.9759,2.39698
2022-09-23,4379.8,432,10.3525,0.437426,69.1031,3,-0.324242,1.19909,-0.360257,-0.288228,1.19909,0.0537345,14.4495,4.59987
2022-09-26,4426.47,450,10.9141,1.16715,71.1021,3,-0.138833,2.47313,-0.167075,-0.110591,2.47313,0.0882605,12.2434,8.77047
2022-09-27,4496.99,460,12.1902,1.64801,73.6772,3,0.598052,2.69796,0.906224,0.28988,2.69796,1.08144,10.6019,11.9939
2022-09-28,4556.42,461,12.8905,2.04461,75.9226,3,1.01654,3.07268,1.52438,0.5087,3.07268,2.16737,9.4284,14.3269
2022-09-29,4486.94,470,14.1668,2.36457,78.5945,3,0.907022,3.82211,0.906155,0.907889,3.82211,2.48914,8.57615,17.5292
2022-09-30,4532.07,460,14.1712,1.59107,79.0639,3,1.30855,1.87359,1.70994,0.907157,1.87359,3.36394,8.1113,17.5887
2022-10-03,4590.54,451,14.8002,0.649797,78.2981,3,1.44948,-0.149887,1.80557,1.09339,-0.149887,4.14805,8.13407,16.0159
2022-10-04,4545.66,422,15.3222,-1.10827,73.067,3,0.856142,-3.07268,0.468799,1.24349,-3.07268,3.87233,8.63626,10.5584
2022-10-05,4484.74,436,16.117,-0.906405,68.7602,3,0.285607,-2.09842,-0.914384,1.4856,-2.09842,2.27266,9.26759,7.21991
2022-10-06,4548.89,441,16.598,-0.634261,67.6051,3,1.12967,-2.39819,0.629529,1.6298,-2.39819,2.65265,9.90795,5.04448
2022-10-07,4627.61,459,16.8484,0.527212,73.0977,3,1.3542,-0.299774,1.0045,1.7039,-0.299774,4.30539,10.253,8.53935
2022-10-10,4605.29,459,16.6899,0.617592,80.906,3,0.860467,0.374717,0.0786085,1.64232,0.374717,5.22069,10.2899,15.3954
2022-10-11,4605.29,479,16.5247,2.54252,89.7559,3,1.08504,4,0.593887,1.5762,4,6.22292,9.60062,23.9324
2022-10-12,4611.88,482,15.864,2.29266,94.2646,3,1.36276,3.22257,1.36364,1.36189,3.22257,7.06062,8.74532,28.4586
2022-10-13,4611.18,480,15.6337,1.82469,96.524,3,0.95141,2.69796,0.620219,1.2826,2.69796,7.28672,8.46385,30.7734
2022-10-14,4619.78,485,15.6312,1.13475,97.0736,3,0.545807,1.7237,-0.185052,1.27667,1.7237,6.94093,9.18752,30.9452
2022-10-17,4636.83,485,15.543,1.2421,96.9813,3,0.760501,1.7237,0.27163,1.24937,1.7237,6.66318,10.1504,30.1677
2022-10-18,4636.83,483,15.355,0.402659,96.4617,3,0.730375,0.0749434,0.269562,1.19119,0.0749434,6.54452,11.3066,28.6107
2022-10-19,4744.04,501,16.9615,1.37756,97.0747,3,1.55603,1.19909,1.42365,1.68841,1.19909,7.17347,12.125,27.7763
2022-10-20,4815.09,522,17.1868,2.45805,98.0942,3,1.9933,2.92279,2.23124,1.75536,2.92279,7.8669,12.4238,27.8035
2022-10-21,4885.5,514,17.1188,2.13538,98.7326,3,2.32224,1.94853,2.91282,1.73166,1.94853,9.0984,12.7271,26.9071
2022-10-24,4913.24,502,17.0117,1.70182,98.8908,3,2.35442,1.04921,3.01596,1.69289,1.04921,10.5512,13.4049,24.9347
2022-10-25,4968.94,477,16.7109,0.956395,98.6826,3,2.58728,-0.674491,3.58154,1.59302,-0.674491,12.2219,14.4287,22.0321
2022-10-26,4948.14,471,16.7233,-0.315374,97.6992,3,1.84239,-2.47313,2.09852,1.58625,-2.47313,13.6584,16.3532,17.6876
2022-10-27,4895.29,445,16.076,-1.46801,94.8298,3,1.06399,-4,0.746823,1.38115,-4,15.6222,19.1416,10.0661
2022-10-28,4821.92,438,17.3271,-1.76068,90.4545,3,0.478632,-4,-0.790662,1.74793,-4,15.704,22.1306,2.61995
2022-10-31,4819.42,456,16.9781,-1.70462,86.0515,3,0.262985,-3.67223,-1.10667,1.63264,-3.67223,14.587,24.2549,-2.79041
2022-11-01,4898.74,453,17.0114,-0.816211,86.6625,3,0.391051,-2.02347,-0.838504,1.62061,-2.02347,13.4287,24.3431,-1.10938
2022-11-02,4975.58,463,16.2156,-0.0273098,88.3895,3,0.769758,-0.824378,0.176174,1.36334,-0.824378,13.9096,23.6014,0.878577
2022-11-03,5015.84,464,15.9065,1.2,91.4684,3,1.2009,1.19909,1.13947,1.26234,1.19909,13.4699,21.9629,6.03564
2022-11-04,5058.02,451,15.3019,1.22568,92.4641,3,1.70192,0.749434,2.33355,1.07029,0.749434,14.0912,20.9966,7.37632
2022-11-07,5061.21,431,14.9818,-0.214353,91.2674,3,1.66971,-2.09842,2.38154,0.957877,-2.09842,16.1717,21.1036,3.99202
2022-11-08,5061.21,429,14.9818,-0.389834,85.9227,3,1.2438,-2.02347,1.54473,0.942876,-2.02347,18.5035,22.6512,-5.23196
2022-11-09,5013.2,439,15.7848,-0.60307,78.8088,3,0.710833,-1.91697,0.260342,1.16132,-1.91697,19.0289,24.2851,-14.5052
2022-11-10,4914.71,420,17.9051,-1.52678,68.4085,3,0.28339,-3.33695,-1.17006,1.73684,-3.33695,18.6512,26.32,-26.5626
2022-11-11,4806.07,420,20.0746,-1.31568,59.6659,3,-0.217402,-2.41397,-2.74538,2.31058,-2.41397,16.7569,28.0372,-35.1282
2022-11-14,4806.07,398,20.0756,-1.33845,49.9128,3,-0.248735,-2.42817,-2.7777,2.28023,-2.42817,14.0145,29.301,-43.4027
2022-11-15,4806.07,391,20.0756,-1.51296,42.6433,3,-0.260516,-2.76541,-2.7777,2.25667,-2.76541,11.0435,30.1448,-48.5449
2022-11-16,4801.06,394,18.4784,-1.75157,31.3894,3,-0.265591,-3.23756,-2.34253,1.81135,-3.23756,7.22878,29.2835,-55.1229
2022-11-17,4922.7,403,19.8211,-0.145608,23.1491,3,1.05777,-1.34898,-0.0425524,2.15808,-1.34898,4.90002,28.2623,-60.0133
2022-11-18,5022.03,403,20.3975,0.429099,18.4807,3,2.20718,-1.34898,2.11115,2.30321,-1.34898,4.03171,27.6198,-63.1707
2022-11-21,4994.61,398,20.4703,0.931469,16.58,3,2.06528,-0.202347,1.82118,2.30939,-0.202347,2.96664,27.5699,-63.9566
2022-11-22,4958.42,396,20.2719,0.990698,16.6618,3,1.8465,0.134898,1.44595,2.24704,0.134898,1.20948,28.1346,-62.6823
2022-11-23,4914.34,401,20.4673,0.96704,19.9077,3,1.66428,0.269796,1.03452,2.29405,0.269796,0.343861,29.686,-60.1222
2022-11-24,4875.91,401,20.2978,0.231533,24.7519,3,0.800312,-0.337245,-0.646457,2.24708,-0.337245,-0.875896,31.6093,-55.9815
2022-11-25,4875.91,402,19.5201,-0.0425666,30.2251,3,0.184663,-0.269796,-1.66623,2.03556,-0.269796,-1.70334,32.8772,-50.9487
2022-11-28,4881.41,404,19.5168,0.278919,37.1394,3,0.355491,0.202347,-1.31331,2.0243,0.202347,-1.94207,34.1136,-45.0321
2022-11-29,4840.6,403,18.8427,0.254017,41.0691,3,0.238237,0.269796,-1.36033,1.8368,0.269796,-2.45406,34.6387,-41.1156
2022-11-30,4809.51,404,17.9368,0.0909161,41.5095,3,0.181832,0,-1.2248,1.58847,0,-3.78274,34.8805,-39.5882
2022-12-01,4815.59,393,17.6057,-0.186609,36.425,3,0.368721,-0.74194,-0.753192,1.49063,-0.74194,-5.50697,34.6683,-42.7363
2022-12-02,4779.06,383,17.2631,-0.677116,29.8344,3,0.129648,-1.48388,-1.13634,1.39564,-1.48388,-8.52903,34.079,-45.7156
2022-12-05,4767.19,383,17.2155,-0.794355,27.9388,3,0.0300671,-1.61878,-1.31702,1.37716,-1.61878,-11.7833,34.1223,-44.4003
2022-12-06,4812.37,398,17.7503,0.00459258,29.2215,3,0.548778,-0.539593,-0.411157,1.50871,-0.539593,-13.6412,34.8699,-42.0072
2022-12-07,4818.32,402,17.5971,0.191419,31.8852,3,0.720084,-0.337245,-0.0231608,1.46333,-0.337245,-14.073,35.5848,-39.6266
2022-12-08,4825.83,390,16.3089,0.0776767,37.5468,3,0.560048,-0.404694,-0.00827274,1.12837,-0.404694,-13.2632,35.7231,-34.9131
2022-12-09,4825.83,378,14.2058,-0.0295554,42.2949,3,0.480482,-0.539593,0.376246,0.584717,-0.539593,-10.4418,34.46,-31.7233
2022-12-12,4815.99,379,14.2282,0.00988708,47.3946,3,0.491918,-0.472144,0.39804,0.585796,-0.472144,-7.47193,33.0367,-28.1701
2022-12-13,4836.24,372,14.3019,-0.795267,50.1321,3,0.365489,-1.95602,0.127834,0.603144,-1.95602,-4.70472,31.4823,-26.6455
2022-12-14,4791.57,380,14.6988,-0.770558,53.8704,3,0.14511,-1.68623,-0.41125,0.701471,-1.68623,-2.85736,30.3755,-23.6477
2022-12-15,4778.28,384,11.3223,-0.501848,52.5151,3,-0.396654,-0.607042,-0.631761,-0.161548,-0.607042,-3.42182,28.1912,-22.2542
2022-12-16,4797.02,391,8.32107,-0.00130422,50.8739,3,-0.677099,0.674491,-0.429076,-0.925123,0.674491,-5.84755,25.1273,-18.4058
2022-12-19,4802.48,395,8.31664,0.14197,47.8616,3,-0.592899,0.876838,-0.262116,-0.923682,0.876838,-7.83219,22.0337,-16.3399
2022-12-20,4781.28,396,8.13488,0.292613,45.2077,3,-0.831205,1.41643,-0.697567,-0.964843,1.41643,-9.8575,18.9337,-13.8685
2022-12-21,4769.29,379,7.69808,-0.489923,39.7505,3,-0.710049,-0.269796,-0.349224,-1.07087,-0.269796,-11.077,15.5929,-14.7655
2022-12-22,4761.64,376,7.32466,-0.733328,36.2373,3,-0.724717,-0.74194,-0.287833,-1.1616,-0.74194,-10.6392,12.262,-15.3855
2022-12-23,4760.61,372,7.32042,-1.15677,32.3216,3,-0.829652,-1.48388,-0.500321,-1.15898,-1.48388,-9.41567,9.14582,-17.4086
2022-12-26,4745.04,372,7.30186,-1.33071,27.0029,3,-0.941468,-1.71995,-0.724891,-1.15805,-1.71995,-8.64171,6.05028,-20.4057
2022-12-27,4745.04,370,6.83055,-1.40325,22.0269,3,-0.884197,-1.9223,-0.498074,-1.27032,-1.9223,-7.60262,3.15108,-23.5215
2022-12-28,4766.82,367,6.78533,-0.814315,19.5476,3,-0.707374,-0.921256,-0.134565,-1.28018,-0.921256,-6.51526,0.648467,-24.5856
2022-12-29,4765.92,370,6.75633,-0.599567,18.4752,3,-0.672703,-0.526432,-0.0589185,-1.28649,-0.526432,-5.86439,-1.6917,-23.9687
2022-12-30,4810.2,369,7.05225,-0.359802,19.2959,3,-0.390584,-0.32902,0.427755,-1.20892,-0.32902,-4.5869,-3.91146,-22.2057
2023-01-02,4810.2,369,6.97558,-0.31975,20.5642,3,-0.310481,-0.32902,0.597143,-1.2181,-0.32902,-3.00018,-6.18103,-20.2546
2023-01-03,4810.2,368,6.11485,-0.337087,19.6462,3,-0.410958,-0.263216,0.599686,-1.4216,-0.263216,-2.11633,-8.62015,-19.6173
2023-01-04,4842.26,366,6.54829,-0.248325,18.502,3,-0.299237,-0.197412,0.706436,-1.30491,-0.197412,-1.47983,-10.8519,-19.1663
2023-01-05,4924,376,8.7862,0.337508,19.173,3,0.4118,0.263216,1.58226,-0.758659,0.263216,-0.143992,-12.5201,-18.1629
2023-01-06,4989.58,382,9.78363,0.668752,21.0488,3,0.630895,0.706609,1.78071,-0.518924,0.706609,1.0621,-13.6841,-16.3291
2023-01-09,4885.66,382,12.6466,0.567843,22.6222,3,0.429077,0.706609,0.692367,0.165787,0.706609,1.33226,-14.2259,-14.4841
2023-01-10,4885.66,385,12.5811,0.665233,27.0397,3,0.420688,0.909778,0.691276,0.150101,0.909778,1.87849,-15.0631,-9.77572
2023-01-11,4807.85,380,13.4781,0.308601,30.5599,3,-0.0572885,0.674491,-0.477023,0.362446,0.674491,1.85335,-15.654,-5.63945
2023-01-12,4748.54,377,14.1735,-0.423815,30.8221,3,-0.724996,-0.122635,-1.97601,0.526022,-0.122635,0.62457,-15.0433,-4.75908
2023-01-13,4692.04,370,14.6585,-1.11501,27.1775,3,-1.31026,-0.91976,-3.26126,0.640729,-0.91976,-1.93224,-13.3548,-7.5354
2023-01-16,4693.99,370,14.6461,-0.839304,24.1547,3,-0.758848,-0.91976,-2.15545,0.637754,-0.91976,-3.56412,-11.7228,-10.5583
2023-01-17,4693.99,368,14.5987,-0.994575,20.4832,3,-0.762802,-1.22635,-2.15202,0.626412,-1.22635,-4.70788,-10.0258,-14.7831
2023-01-18,4691.09,366,14.5868,-0.703478,19.9078,3,-0.364562,-1.04239,-1.35269,0.623568,-1.04239,-5.53841,-8.53063,-16.0232
2023-01-19,4702.67,366,14.6295,-0.418761,20.7587,3,0.0209201,-0.858443,-0.597015,0.638856,-0.858443,-5.84598,-7.05015,-16.3452
2023-01-20,4683.85,361,14.6774,-0.252091,23.3225,3,0.231627,-0.735808,-0.192736,0.655989,-0.735808,-5.6978,-5.60622,-15.3735
2023-01-23,4631.64,358,15.1176,-0.463926,25.9354,3,-0.00809148,-0.91976,-0.779323,0.76314,-0.91976,-5.84876,-3.99343,-14.2224
2023-01-24,4551.02,362,16.1789,-0.437247,29.016,3,-0.322637,-0.551856,-1.6668,1.02153,-0.551856,-7.01344,-1.98385,-11.9867
2023-01-25,4545.94,362,15.9929,-0.392527,30.4129,3,-0.355833,-0.429221,-1.6879,0.976237,-0.429221,-8.48179,0.0648593,-11.1702
2023-01-26,4538.91,358,15.9755,-0.549333,30.5812,3,-0.454834,-0.643832,-1.88168,0.972016,-0.643832,-10.1559,2.13089,-11.3938
2023-01-27,4531.75,366,15.3759,-0.15756,31.2631,3,-0.468413,0.153293,-1.75586,0.819032,0.153293,-12.1912,3.99837,-10.5441
2023-01-30,4548.5,376,15.5259,0.4356,33.8654,3,-0.0792178,0.950419,-1.00687,0.848438,0.950419,-13.8086,5.95745,-8.28341
2023-01-31,4632.2,376,17.2185,0.862954,38.1584,3,1.02076,0.705149,0.788341,1.25318,0.705149,-13.8188,8.55257,-6.57542
2023-02-01,4648.7,371,17.0497,0.756535,41.8714,3,1.11451,0.398563,1.02015,1.20886,0.398563,-13.6331,11.0036,-5.49908
2023-02-02,4639.04,360,15.5425,0.458457,42.324,3,0.916915,0,0.993512,0.840317,0,-14.2019,12.5283,-6.0025
2023-02-03,4584.44,359,14.593,-0.00419251,39.8205,3,0.543471,-0.551856,0.481361,0.605581,-0.551856,-15.3599,13.5294,-8.349
2023-02-06,4669.74,361,15.2737,-0.0268904,37.642,3,0.988614,-1.04239,1.21791,0.759316,-1.04239,-14.7843,14.014,-11.5878
2023-02-07,4776.25,362,17.6321,0.193336,35.9406,3,1.36775,-0.981077,1.43394,1.30156,-0.981077,-14.0169,15.0196,-15.0621
2023-02-08,4775.99,368,16.7276,0.430617,36.378,3,1.16782,-0.306587,1.25332,1.08232,-0.306587,-12.4176,15.7132,-16.9176
2023-02-09,4769.85,371,16.117,0.832799,40.9766,3,1.11374,0.551856,1.29303,0.934452,0.551856,-9.46766,16.2801,-15.8358
2023-02-10,4742.05,379,15.6421,1.15294,49.5548,3,1.20216,1.10371,1.58639,0.81793,1.10371,-4.92404,16.5902,-12.1114
2023-02-13,4777.73,379,15.8359,0.962927,56.4059,3,0.944777,0.981077,1.0357,0.853853,0.981077,-1.87098,16.7242,-8.44734
2023-02-14,4818.62,379,16.0601,0.765503,62.9173,3,0.611246,0.91976,0.340247,0.882245,0.91976,0.490181,16.7371,-4.31006
2023-02-15,4783.24,388,16.3439,0.778256,68.1332,3,0.452801,1.10371,-0.0243196,0.929921,1.10371,1.70332,16.712,-0.282066
2023-02-16,4878.24,389,17.6413,1.05192,72.9776,3,1.12277,0.981077,1.02171,1.22383,0.981077,3.11558,16.8341,3.0279
2023-02-17,4966.33,411,18.3775,1.819,79.1112,3,1.79849,1.83952,2.20656,1.39041,1.83952,5.04375,16.7433,7.32416
2023-02-20,4918.94,411,18.2204,1.59328,84.3059,3,1.34705,1.83952,1.35078,1.34331,1.83952,6.51768,16.3476,11.4406
2023-02-21,4918.94,417,16.5839,1.5542,88.4472,3,0.931629,2.17677,0.915017,0.948242,2.17677,8.12486,15.3501,14.9722
2023-02-22,4950.33,416,16.4968,1.39326,91.4422,3,1.2536,1.53293,1.59315,0.914039,1.53293,10.0409,14.4351,16.9661
2023-02-23,4924.91,395,16.7131,0.421521,92.8045,3,0.659091,0.183952,0.361403,0.956778,0.183952,11.2833,13.9513,17.5699
2023-02-24,4853.9,391,17.885,-0.71314,92.0468,3,-0.0159809,-1.4103,-1.244,1.21204,-1.4103,11.8675,14.5023,15.6771
2023-02-27,4849.65,387,17.9497,-0.725481,90.2709,3,0.204606,-1.65557,-0.808076,1.21729,-1.65557,12.4873,15.3531,12.4305
2023-02-28,4808.14,393,17.4909,-0.855281,87.134,3,-0.0549941,-1.65557,-1.21901,1.10902,-1.65557,11.6117,16.0988,9.42357
2023-03-01,4814.11,395,17.4805,-0.827133,83.6761,3,-0.18265,-1.47162,-1.46853,1.10323,-1.47162,10.1135,16.7674,6.79524
2023-03-02,4848.78,399,17.5204,0.0924689,82.7981,3,0.12362,0.0613173,-0.862556,1.1098,0.0613173,8.67551,17.1579,6.96466
2023-03-03,4855.83,392,16.7238,0.165794,83.2096,3,0.423564,-0.091976,-0.0789725,0.926101,-0.091976,8.17347,17.3442,7.69195
2023-03-06,4780.89,385,16.8807,-0.0837479,83.0727,3,0.0777735,-0.245269,-0.80068,0.956227,-0.245269,6.51755,17.5336,9.02153
2023-03-07,4734.42,388,15.2745,-0.279956,81.9052,3,-0.130691,-0.429221,-0.856576,0.595195,-0.429221,4.68261,17.1635,10.0591
2023-03-08,4744.95,393,15.3035,-0.172445,80.3464,3,-0.0996208,-0.245269,-0.800904,0.601662,-0.245269,3.00888,17.0193,10.3182
2023-03-09,4755.59,405,15.3253,0.0146332,78.1061,3,-0.216003,0.245269,-1.03854,0.606536,0.245269,1.04749,17.0692,9.98942
2023-03-10,4748.61,417,15.1877,0.53901,76.3327,3,-0.301621,1.37964,-1.17904,0.575803,1.37964,-1.36734,17.0895,10.6105
2023-03-13,4748.14,430,14.9322,1.31116,77.3482,3,0.047,2.57533,-0.424748,0.518748,2.57533,-2.63017,16.6684,13.31
2023-03-14,4769.76,422,14.6848,1.13468,78.3974,3,0.368526,1.90084,0.273562,0.46349,1.90084,-2.66595,16.1677,14.8956
2023-03-15,4736.03,448,14.6682,1.66322,80.7946,3,0.137933,3.1885,-0.182436,0.458302,3.1885,-2.74357,15.4279,18.1103
2023-03-16,4835.51,435,14.8765,1.13434,81.0093,3,0.613121,1.65557,0.721726,0.504516,1.65557,-2.99123,14.7884,19.2121
2023-03-17,4866.5,447,13.4915,1.15193,79.2297,3,0.648287,1.65557,1.10163,0.194948,1.65557,-3.98905,14.0059,19.2128
2023-03-20,4824.25,442,13.4217,0.490018,76.0795,3,0.42818,0.551856,0.679579,0.176782,0.551856,-4.67977,13.3307,17.4286
2023-03-21,4824.25,422,13.4217,0.0660066,71.4466,3,0.315965,-0.183952,0.458108,0.173822,-0.183952,-5.22948,13.0167,13.6594
2023-03-22,4804.29,426,13.1762,-0.586393,64.6941,3,0.360148,-1.53293,0.601956,0.118341,-1.53293,-6.30656,12.6564,8.34429
2023-03-23,4776.09,421,13.206,-0.65343,60.8046,3,-0.287629,-1.01923,-0.697408,0.12215,-1.01923,-7.37415,12.0098,6.16887
2023-03-24,4755.12,419,12.3462,-1.21287,58.9562,3,-0.646228,-1.77951,-1.2226,-0.069859,-1.77951,-7.38313,10.8446,5.49469
2023-03-27,4741.76,407,12.3622,-1.31755,56.7405,3,-0.499216,-2.13589,-0.932143,-0.0662897,-2.13589,-7.52847,9.66608,4.60289
2023-03-28,4686.83,408,12.6514,-0.850707,56.7577,3,-0.745886,-0.955529,-1.48953,-0.00224104,-0.955529,-7.78518,8.61055,5.93234
2023-03-29,4658.79,393,12.7211,-1.38874,54.6363,3,-0.782105,-1.99537,-1.57505,0.0108448,-1.99537,-7.90656,7.5926,4.95025
2023-03-30,4627.63,391,12.3956,-1.31598,49.271,3,-0.833311,-1.79864,-1.60477,-0.0618539,-1.79864,-8.63219,6.4914,1.41175
2023-03-31,4627.27,382,12.3454,-1.46152,43.0945,3,-0.730945,-2.19209,-1.38882,-0.0730696,-2.19209,-9.83293,5.51053,-2.58308
2023-04-03,4646.08,375,11.5107,-1.2853,38.6319,3,-0.659541,-1.91106,-1.0596,-0.259483,-1.91106,-9.99043,4.31812,-5.69581
2023-04-04,4603,388,11.4683,-0.922216,36.3029,3,-0.607866,-1.23657,-0.946785,-0.268946,-1.23657,-10.0105,3.48231,-7.16896
2023-04-05,4587.31,397,11.4061,-0.220155,36.1318,3,-0.552725,0.112415,-0.822607,-0.282843,0.112415,-10.0255,2.65386,-6.49663
2023-04-06,4570.91,404,11.327,0.0656079,36.3146,3,-0.487067,0.618283,-0.673631,-0.300503,0.618283,-9.68991,1.8072,-5.80269
2023-04-07,4570.91,397,11.3478,0.123808,34.8347,3,-0.483083,0.730698,-0.670303,-0.295862,0.730698,-9.16998,0.987356,-6.98266
2023-04-10,4570.91,401,11.35,0.385094,31.6187,3,-0.578793,1.34898,-0.862204,-0.295383,1.34898,-9.45813,0.226875,-9.15006
2023-04-11,4564.24,403,11.095,0.156585,28.3672,3,-0.417528,0.730698,-0.482732,-0.352324,0.730698,-9.9942,-0.514702,-11.1239
2023-04-12,4516.76,404,11.3527,-0.137686,22.8357,3,-0.556409,0.281038,-0.818056,-0.294762,0.281038,-10.1993,-1.1541,-15.8109
2023-04-13,4458.87,399,8.05835,-0.769746,17.7108,3,-1.14604,-0.393453,-1.2632,-1.02888,-0.393453,-11.3943,-2.38038,-18.5145
2023-04-14,4424.02,396,7.14396,-0.79751,13.2864,3,-1.4264,-0.168623,-1.62777,-1.22503,-0.168623,-12.938,-3.37336,-20.4023
2023-04-17,4425.27,396,7.19768,-0.902865,10.6342,3,-1.41228,-0.393453,-1.6142,-1.21035,-0.393453,-14.1222,-4.27831,-20.9653
2023-04-18,4431.45,396,7.3246,-0.917609,9.00697,3,-1.32935,-0.505868,-1.47712,-1.18158,-0.505868,-15.0891,-5.13389,-20.77
2023-04-19,4473.07,398,8.77228,-0.571696,9.02984,3,-0.693731,-0.449661,-0.527966,-0.859496,-0.449661,-15.9235,-5.85209,-19.1945
2023-04-20,4532.43,406,10.5387,0.203768,10.4394,3,0.126498,0.281038,0.719352,-0.466356,0.281038,-15.3124,-6.46251,-17.7857
2023-04-21,4535.78,401,10.5812,0.252859,13.2067,3,0.337094,0.168623,1.12922,-0.455034,0.168623,-14.1762,-7.0688,-15.5483
2023-04-24,4523.64,402,10.5806,0.243338,16.6688,3,0.261845,0.22483,0.979973,-0.456282,0.22483,-13.249,-7.71367,-12.3685
2023-04-25,4482.45,401,10.3229,0.0729665,18.971,3,-0.0226897,0.168623,0.47008,-0.515459,0.168623,-11.9193,-8.3362,-10.7734
2023-04-26,4486.6,432,10.2799,0.784062,25.1084,3,-0.230518,1.79864,0.0629331,-0.52397,1.79864,-11.0705,-9.23336,-4.58773
2023-04-27,4552.59,425,11.6453,0.456247,30.8001,3,-0.0430355,0.955529,0.128615,-0.214686,0.955529,-9.83883,-9.66988,0.30881
2023-04-28,4654.14,422,14.2025,0.91238,39.1888,3,0.756816,1.06794,1.15212,0.361509,1.06794,-7.73115,-9.54226,6.46219
2023-05-01,4669,414,14.1753,0.728436,46.7428,3,0.894797,0.562076,1.4338,0.355798,0.562076,-5.44298,-9.06495,11.2507
2023-05-02,4669,425,13.7202,1.14993,54.6377,3,1.06329,1.23657,1.87288,0.253694,1.23657,-2.75223,-8.55696,15.9469
2023-05-03,4713.08,425,13.9607,0.394217,56.9576,3,1.2943,-0.505868,2.27953,0.309078,-0.505868,0.200628,-7.97066,14.7276
2023-05-04,4667.09,427,14.4198,0.379395,58.1337,3,0.75879,0,1.10337,0.41421,0,1.88406,-7.27834,13.528
2023-05-05,4616.58,425,15.0285,0.0484175,57.8518,3,0.0406275,0.0562076,-0.471437,0.552692,0.0562076,2.07349,-6.47741,12.2557
2023-05-08,4552.56,421,15.8829,0.00398391,56.4205,3,-0.27307,0.281038,-1.2892,0.743062,0.281038,1.67233,-5.50492,10.2531
2023-05-09,4490.58,420,16.5909,-0.457708,54.0966,3,-0.521963,-0.393453,-1.94339,0.899465,-0.393453,0.285323,-4.32679,8.13806
2023-05-10,4540.34,419,16.6864,-0.46194,52.8637,3,-0.47422,-0.449661,-1.86592,0.917479,-0.449661,-0.71345,-3.17495,6.75211
2023-05-11,4545.39,416,15.9456,-0.514371,53.835,3,-0.298044,-0.730698,-1.3449,0.748808,-0.730698,-0.7908,-1.47909,6.10488
2023-05-12,4601.15,418,16.0637,-0.120893,56.3958,3,0.264081,-0.505868,-0.244122,0.772284,-0.505868,0.526003,0.422672,5.44715
2023-05-15,4564.44,421,16.444,0.167332,60.388,3,0.447079,-0.112415,0.0398988,0.854259,-0.112415,2.08254,2.36718,5.9383
2023-05-16,4506.49,415,17.213,0.0800236,64.0147,3,0.5535,-0.393453,0.0840575,1.02294,-0.393453,3.52064,4.40348,6.09059
2023-05-17,4531.58,411,17.0158,-0.0820963,65.7516,3,0.397883,-0.562076,-0.179492,0.975258,-0.562076,3.82371,6.08168,5.84625
2023-05-18,4528.3,404,16.3606,-0.254411,64.1271,3,0.278084,-0.786906,-0.268678,0.824847,-0.786906,2.92217,7.32093,3.884
2023-05-19,4521.64,403,16.3653,-0.50494,61.3845,3,-0.0543524,-0.955529,-0.926229,0.817525,-0.955529,1.01061,8.5755,1.79844
2023-05-22,4528.67,403,16.3477,-0.476079,58.7269,3,0.171994,-1.12415,-0.464226,0.808214,-1.12415,-0.350511,9.82226,-0.744838
2023-05-23,4528.67,406,15.9832,-0.0913306,58.1138,3,0.435622,-0.618283,0.152329,0.718915,-0.618283,-0.651996,11.0028,-2.23699
2023-05-24,4501.81,406,16.1451,-0.111676,54.7405,3,0.170101,-0.393453,-0.402782,0.742983,-0.393453,-1.09835,12.2598,-6.42093
2023-05-25,4448.93,401,15.7309,-0.213766,52.1932,3,-0.146495,-0.281038,-0.938162,0.645173,-0.281038,-2.11782,13.1026,-8.79159
2023-05-26,4470.83,403,13.3762,-0.181221,48.021,3,-0.250027,-0.112415,-0.62657,0.126517,-0.112415,-3.81459,12.8797,-11.0441
2023-05-29,4461.66,403,13.2347,-0.234071,44.3653,3,-0.355727,-0.112415,-0.798368,0.0869139,-0.112415,-5.92628,12.5863,-12.2947
2023-05-30,4461.66,401,13.2347,-0.362095,38.7295,3,-0.35884,-0.365349,-0.794865,0.0771846,-0.365349,-8.37709,12.2918,-15.1852
2023-05-31,4408.65,406,12.9039,-0.297398,36.2214,3,-0.538588,-0.0562076,-1.07862,0.00144225,-0.0562076,-11.4583,11.9191,-14.2393
2023-06-01,4434.09,408,13.0507,0.106976,35.2488,3,-0.0951894,0.309142,-0.216037,0.0256579,0.309142,-12.6522,11.5198,-13.6188
2023-06-02,4410.49,392,12.7262,-0.540607,33.1794,3,-0.378619,-0.702595,-0.712608,-0.0446301,-0.702595,-12.7811,10.8816,-14.9211
2023-06-05,4355.8,380,12.555,-1.01244,29.729,3,-0.647795,-1.37709,-1.21387,-0.081717,-1.37709,-12.5198,9.96615,-17.7174
2023-06-06,4307.02,368,12.285,-1.44313,26.5496,3,-0.9471,-1.93916,-1.75401,-0.140195,-1.93916,-12.1343,8.86342,-20.1796
2023-06-07,4245,364,12.0112,-1.74087,22.6973,3,-1.03672,-2.44503,-1.87392,-0.19951,-2.44503,-11.8262,7.6592,-23.1358
2023-06-08,4209.14,368,12.02,-1.83866,19.0636,3,-1.37281,-2.30451,-2.54802,-0.197605,-2.30451,-12.4778,6.62284,-25.0815
2023-06-09,4179.98,363,10.4511,-1.6301,15.3876,3,-1.57398,-1.68623,-2.61056,-0.537403,-1.68623,-13.9049,5.29772,-26.0052
2023-06-12,4173.66,361,10.4409,-1.21699,12.458,3,-1.30983,-1.12415,-2.08004,-0.539623,-1.12415,-15.0003,3.9996,-26.5413
2023-06-13,4173.66,349,10.072,-1.09873,10.2905,3,-1.07331,-1.12415,-1.52709,-0.619535,-1.12415,-15.6616,2.62035,-26.6683
2023-06-14,4186.3,348,9.79559,-0.815871,9.08769,3,-0.676214,-0.955529,-0.675852,-0.676576,-0.955529,-15.6514,1.34732,-26.6082
2023-06-15,4182.33,359,9.78605,-0.527084,8.66838,3,-0.492092,-0.562076,-0.307431,-0.676753,-0.562076,-15.537,0.24469,-26.0394
2023-06-16,4164.66,356,9.7414,-0.437628,8.77052,3,-0.425596,-0.449661,-0.165195,-0.685998,-0.449661,-15.0184,-0.848986,-25.3621
2023-06-19,4145.72,356,9.50875,-0.427348,8.84503,3,-0.51745,-0.337245,-0.299256,-0.735644,-0.337245,-14.9227,-1.97581,-24.2564
2023-06-20,4145.72,362,9.50875,0.0790643,9.10925,3,-0.516362,0.674491,-0.297334,-0.73539,0.674491,-15.3378,-3.05332,-22.4997
2023-06-21,4149.18,365,9.66739,0.174007,9.56531,3,-0.551307,0.899321,-0.402012,-0.700602,0.899321,-15.4834,-4.15086,-20.8004
2023-06-22,4158.21,361,9.45542,-0.220775,9.55392,3,-0.497758,0.0562076,-0.252729,-0.742787,0.0562076,-14.9726,-5.17694,-20.2965
2023-06-23,4114.39,365,9.25212,-0.11002,9.67006,3,-0.6697,0.449661,-0.55678,-0.782621,0.449661,-14.956,-5.86342,-19.5105
2023-06-26,4168.88,367,11.1008,0.256188,10.498,3,-0.0496989,0.562076,0.290082,-0.38948,0.562076,-14.3768,-6.31696,-18.8083
2023-06-27,4172.33,364,11.1382,0.0151269,11.169,3,-0.0259537,0.0562076,0.329627,-0.381535,0.0562076,-13.6937,-6.74362,-18.3937
2023-06-28,4152.48,373,10.6852,0.0927664,11.8949,3,-0.20792,0.393453,0.062026,-0.477866,0.393453,-12.9819,-7.197,-17.9262
2023-06-29,4169.6,370,10.5218,0.135583,11.9494,3,-0.178495,0.449661,0.155626,-0.512617,0.449661,-12.7062,-7.61945,-17.725
2023-06-30,4191.28,366,10.8787,0.119659,13.2564,3,0.239319,0,0.915344,-0.436706,0,-11.6813,-8.08403,-16.9782
2023-07-03,4177.58,361,10.2362,-0.308934,14.754,3,-0.224415,-0.393453,0.124509,-0.573338,-0.393453,-10.848,-8.64888,-15.7492
2023-07-04,4177.58,361,9.66217,-0.265064,17.5067,3,-0.305298,-0.22483,0.0848244,-0.69542,-0.22483,-9.67759,-9.39713,-13.4186
2023-07-05,4177.58,357,8.3624,-0.641879,20.35,3,-0.32823,-0.955529,0.315369,-0.971829,-0.955529,-8.07808,-10.3227,-11.2492
2023-07-06,4128.08,363,8.85554,-0.555738,23.9957,3,-0.661816,-0.449661,-0.459775,-0.863858,-0.449661,-6.47719,-11.2131,-8.31402
2023-07-07,4195.93,365,10.4725,-0.167593,28.5522,3,-0.222771,-0.112415,0.0756942,-0.521235,-0.112415,-4.22924,-11.518,-5.70062
2023-07-10,4189.96,368,10.4706,0.0765902,32.8972,3,-0.184065,0.337245,0.153504,-0.521634,0.337245,-2.2515,-11.7353,-3.11594
2023-07-11,4154.06,362,10.9274,-0.171832,36.1643,3,-0.343665,0,-0.262493,-0.424837,0,-1.09564,-11.6894,-1.05069
2023-07-12,4193.59,358,11.4113,-0.0317294,39.0104,3,-0.0634588,0,0.195368,-0.322286,0,-0.283563,-11.4473,0.741248
2023-07-13,4128.67,340,12.7003,-0.682421,38.4413,3,-0.0158612,-1.34898,0.0174271,-0.0491495,-1.34898,0.0224145,-10.8409,-0.740208
2023-07-14,4102.13,332,12.8072,-1.23089,35.5763,3,-0.55072,-1.91106,-1.07494,-0.0264986,-1.91106,-0.82648,-10.1364,-3.46081
2023-07-17,4089.3,334,12.761,-1.28168,32.5799,3,-0.5961,-1.96726,-1.15591,-0.0362913,-1.96726,-1.60798,-9.38077,-6.4314
2023-07-18,4069.39,328,12.8436,-1.23098,28.2009,3,-0.494689,-1.96726,-0.970586,-0.0187925,-1.96726,-2.1835,-8.54067,-11.0749
2023-07-19,3991.15,330,14.3925,-1.32823,23.5575,3,-1.02644,-1.63002,-2.3556,0.302714,-1.63002,-3.83498,-7.41302,-15.1945
2023-07-20,3980.2,328,14.3116,-0.728818,22.0883,3,-0.726937,-0.730698,-1.72992,0.276041,-0.730698,-5.07434,-6.4462,-16.3912
2023-07-21,3980.2,328,13.9764,-0.429943,21.1906,3,-0.606952,-0.252934,-1.41891,0.20501,-0.252934,-5.77986,-5.548,-17.4815
2023-07-24,3971.38,325,12.8337,-0.603538,18.8867,3,-0.701208,-0.505868,-1.37483,-0.027585,-0.505868,-7.06466,-5.12763,-18.921
2023-07-25,3950.58,327,12.8107,-0.38272,17.8749,3,-0.709233,-0.0562076,-1.3927,-0.0257652,-0.0562076,-8.43092,-4.77827,-18.9159
2023-07-26,3978.83,326,13.248,-0.123975,17.3383,3,-0.0231197,-0.22483,-0.113132,0.0668927,-0.22483,-8.52826,-4.29869,-19.8347
2023-07-27,3951.1,316,13.1392,-0.405888,16.0432,3,-0.137286,-0.674491,-0.31842,0.0438483,-0.674491,-8.79158,-3.78062,-21.3846
2023-07-28,3932.04,318,12.82,-0.4191,14.8189,3,-0.276125,-0.562076,-0.535893,-0.0163569,-0.562076,-9.8284,-3.38484,-21.9678
2023-07-31,3923.49,313,12.825,-0.470006,14.4654,3,-0.265521,-0.674491,-0.519735,-0.0113081,-0.674491,-10.2995,-2.91833,-22.3167
2023-08-01,3898.48,313,12.8184,-0.539142,13.877,3,-0.291378,-0.786906,-0.57502,-0.00773619,-0.786906,-10.7423,-2.34782,-23.0329
2023-08-02,4007.44,317,16.8919,0.0631901,15.4243,3,0.632248,-0.505868,0.413145,0.851351,-0.505868,-10.8838,-0.915578,-22.7763
2023-08-03,4056.99,318,17.2042,0.615499,18.2376,3,1.11858,0.112415,1.32792,0.909252,0.112415,-9.73592,0.541183,-22.5677
2023-08-04,4144.79,318,17.9594,0.906844,21.0828,3,1.81369,0,2.57305,1.05432,0,-7.8481,1.91191,-22.981
2023-08-07,4077.9,318,18.8017,0.915133,23.4741,3,1.54923,0.281038,1.88687,1.21159,0.281038,-6.47718,3.46863,-23.5174
2023-08-08,4077.9,318,18.6087,0.978992,26.9866,3,1.67695,0.281038,2.19018,1.16371,0.281038,-4.42685,4.9756,-23.5622
2023-08-09,4076.46,310,18.2031,0.281195,27.9852,3,0.955843,-0.393453,0.844117,1.06757,-0.393453,-3.86644,6.2587,-24.407
2023-08-10,4031.65,309,17.8001,-0.0822564,29.9493,3,0.341355,-0.505868,-0.280123,0.962833,-0.505868,-4.17739,7.2457,-23.119
2023-08-11,3955.23,313,18.837,-0.408696,32.7367,3,-0.536354,-0.281038,-2.23177,1.15907,-0.281038,-5.29748,8.43048,-20.3963
2023-08-14,3973.41,320,18.9647,0.0441677,37.4353,3,-0.0240797,0.112415,-1.22409,1.17593,0.112415,-5.44636,9.70286,-16.8212
2023-08-15,4029.95,322,19.6934,0.304291,43.1145,3,0.383752,0.22483,-0.543919,1.31142,0.22483,-5.10691,11.0828,-12.8613
2023-08-16,4096.08,327,19.2131,0.840982,51.3594,3,0.726435,0.955529,0.255093,1.19778,0.955529,-2.64085,11.9902,-7.98997
2023-08-17,4130.33,331,19.3057,1.21502,58.7087,3,1.19348,1.23657,1.18464,1.20231,1.23657,0.13864,12.7732,-4.20316
2023-08-18,4093.96,331,19.6701,1.24069,64.7988,3,1.46964,1.01174,1.67179,1.26749,1.01174,3.01625,13.5632,-1.78064
2023-08-21,4124.04,332,19.7281,1.10426,70.6534,3,1.53403,0.674491,1.79945,1.2686,0.674491,5.82983,14.4147,0.408869
2023-08-22,4124.04,332,19.5635,0.867868,74.6315,3,1.17366,0.562076,1.12378,1.22354,0.562076,7.93426,15.1987,1.49855
2023-08-23,4120.07,335,19.5012,0.601051,76.8009,3,0.752442,0.449661,0.302048,1.20284,0.449661,8.17874,15.9652,2.65695
2023-08-24,4085.89,342,19.5862,0.489934,79.3325,3,0.361584,0.618283,-0.491935,1.2151,0.618283,7.86461,16.647,4.82083
2023-08-25,4076.9,340,19.4922,0.508093,81.7723,3,0.510317,0.505868,-0.175346,1.19598,0.505868,7.98752,17.2837,6.50109
2023-08-28,4117.78,336,19.6394,0.407397,83.9076,3,0.589964,0.22483,-0.0441993,1.22413,0.22483,8.19131,17.8937,7.8226
2023-08-29,4111.52,324,19.4244,0.042472,85.2292,3,0.534604,-0.449661,-0.109108,1.17832,-0.449661,8.43318,18.5575,8.23844
2023-08-30,4110.08,321,17.0609,-0.232012,84.5677,3,0.322882,-0.786906,-0.0638277,0.709591,-0.786906,8.11704,18.5992,7.85154
2023-08-31,4085.33,320,16.7273,-0.446384,82.0291,3,0.343799,-1.23657,0.0453541,0.642243,-1.23657,7.28254,18.9204,5.82611
2023-09-01,4099.2,320,14.8336,-0.417218,78.5176,3,0.289714,-1.12415,0.311899,0.26753,-1.12415,5.57131,18.8686,4.07766
2023-09-04,4063.36,323,13.9957,-0.485612,74.4016,3,-0.240526,-0.730698,-0.58225,0.101199,-0.730698,3.54387,18.4565,2.40124
2023-09-05,4063.36,334,13.9957,0.180005,71.8818,3,-0.202066,0.562076,-0.495701,0.0915692,0.562076,1.17074,17.7659,2.9452
2023-09-06,4089.46,337,14.1887,0.436889,72.3821,3,-0.0255424,0.899321,-0.170715,0.11963,0.899321,0.253212,16.8625,5.26638
2023-09-07,4093.04,336,13.5561,0.477296,74.1432,3,0.0736236,0.880968,0.155791,-0.00854347,0.880968,0.639172,15.8201,7.68394
2023-09-08,4045.83,340,12.2947,0.322476,76.3535,3,-0.413073,1.05802,-0.559423,-0.266722,1.05802,2.09844,14.3331,9.92199
2023-09-11,4012.26,345,12.663,0.388182,77.3564,3,-0.365081,1.14145,-0.537968,-0.192195,1.14145,2.68087,13.0335,11.642
2023-09-12,3997.74,341,11.6541,-0.0961294,76.1868,3,-0.555446,0.363187,-0.71012,-0.400772,0.363187,2.55813,11.6417,11.9869
2023-09-13,3993.53,330,9.84842,-0.643092,71.5775,3,-0.915875,-0.370309,-1.05873,-0.773016,-0.370309,1.44372,10.1973,9.93642
2023-09-14,3950.92,329,9.70783,-0.792956,64.7367,3,-1.20049,-0.385423,-1.59898,-0.802,-0.385423,-1.10734,8.63405,7.21002
2023-09-15,3926.59,330,9.51059,-0.82729,57.1569,3,-1.0925,-0.562076,-1.34235,-0.842662,-0.562076,-3.9883,6.78999,4.35517
2023-09-18,3928.28,323,8.90161,-1.07947,48.8608,3,-0.947617,-1.21133,-0.927029,-0.968206,-1.21133,-6.6107,4.69179,0.779719
2023-09-19,3905.95,315,8.92504,-1.18464,41.1016,3,-0.993855,-1.37543,-1.02433,-0.963375,-1.37543,-8.58888,2.58382,-2.89337
2023-09-20,3902.54,318,8.92744,-0.812099,35.9373,3,-0.989382,-0.634815,-1.01588,-0.962882,-0.634815,-9.70866,0.527628,-4.8817
2023-09-21,3907.21,322,8.77133,-0.548122,32.2955,3,-0.725935,-0.370309,-0.456805,-0.995065,-0.370309,-9.54839,-1.5164,-6.63973
2023-09-22,3948.25,319,9.85977,-0.402927,29.2322,3,-0.22394,-0.581914,0.322797,-0.770676,-0.581914,-8.96178,-3.28235,-8.52366
2023-09-25,3948.7,325,8.89798,-0.112346,27.5474,3,-0.330495,0.105802,0.307964,-0.968954,0.105802,-8.56376,-5.22771,-8.66112
2023-09-26,4052.54,330,13.3606,0.82054,30.0871,3,0.862821,0.778259,1.77467,-0.0490247,0.778259,-6.95927,-6.41781,-6.53587
2023-09-27,4068.73,336,13.4649,0.955659,34.1538,3,0.977409,0.93391,1.98236,-0.0275428,0.93391,-5.17974,-7.21286,-3.45355
2023-09-28,4093.6,335,13.4923,0.881135,38.9256,3,1.08778,0.674491,2.19762,-0.0220621,0.674491,-3.22768,-7.94281,0.0961139
2023-09-29,4085.57,339,13.453,0.917206,43.8968,3,0.796733,1.03768,1.62396,-0.0304981,1.03768,-2.01038,-8.2994,4.20655
2023-10-02,4053.76,351,13.3752,0.976849,49.4548,3,0.604717,1.34898,1.25645,-0.0470151,1.34898,-0.263758,-8.47321,8.19178
2023-10-03,4141.43,358,15.4029,1.08285,52.8983,3,0.712945,1.45275,1.04477,0.381119,1.45275,1.20512,-8.18996,9.88312
2023-10-04,4187.01,362,15.6977,1.12046,55.4925,3,0.891947,1.34898,1.34501,0.438885,1.34898,2.6441,-7.86752,10.7159
2023-10-05,4252.09,360,16.4899,1.23562,58.3426,3,1.17414,1.2971,1.74672,0.601559,1.2971,4.13996,-7.25666,11.4593
2023-10-06,4359.4,360,17.5824,1.49283,62.6516,3,1.8961,1.08956,2.96024,0.831961,1.08956,7.40052,-6.15502,11.4061
2023-10-09,4386.66,359,17.0076,1.27495,65.8173,3,2.13483,0.415071,3.56133,0.708325,0.415071,11.1319,-5.25683,9.94222
2023-10-10,4386.66,355,16.8267,0.730431,68.6716,3,1.61651,-0.155652,2.56344,0.66959,-0.155652,14.0096,-4.21443,8.87638
2023-10-11,4231.97,354,22.1086,0.367481,72.0137,3,1.15003,-0.415071,0.508173,1.79189,-0.415071,15.1937,-1.82958,8.64955
2023-10-12,4212.5,350,21.7116,0.068581,74.7191,3,0.656001,-0.518839,-0.373276,1.68528,-0.518839,16.0371,0.409145,8.27289
2023-10-13,4230.61,346,21.4278,-0.28769,76.3406,3,0.150995,-0.726375,-1.2918,1.59379,-0.726375,15.9035,2.54463,7.89248
2023-10-16,4249,343,21.3929,-0.36689,78.3914,3,0.0963632,-0.830142,-1.37449,1.56722,-0.830142,15.267,4.69668,8.42768
2023-10-17,4249,344,21.147,-0.249751,80.9193,3,0.0712211,-0.570723,-1.37239,1.51483,-0.570723,14.6324,6.68672,9.60016
2023-10-18,4222.09,342,21.4095,0.0726083,83.1364,3,0.767824,-0.622607,-0.0330148,1.56866,-0.622607,15.1102,8.62506,9.40117
2023-10-19,4227.39,350,21.4085,0.449295,85.4287,3,0.89859,0,0.231882,1.5653,0,15.2473,10.4441,9.73721
2023-10-20,4249.71,343,21.2781,0.375105,87.0643,3,0.905861,-0.155652,0.275961,1.53576,-0.155652,14.8632,12.0166,10.1845
2023-10-23,4238.85,341,21.3585,0.328184,87.9318,3,0.760136,-0.103768,-0.0303206,1.55059,-0.103768,14.4018,13.8066,9.72335
2023-10-24,4221.39,338,19.7831,0.090977,86.4722,3,0.493257,-0.311303,-0.213801,1.20032,-0.311303,13.1505,15.1055,8.21612
2023-10-25,4213.97,342,19.8132,0.296751,85.0537,3,0.593502,0,-0.00329329,1.1903,0,11.8034,16.3822,6.86818
2023-10-26,4201.53,343,19.8107,0.0677735,83.1704,3,0.498734,-0.363187,-0.191595,1.18906,-0.363187,10.1011,17.7574,5.31196
2023-10-27,4154.94,329,20.2745,-0.262645,80.1792,3,0.175143,-0.700433,-0.931908,1.28219,-0.700433,8.23795,19.424,2.51731
2023-10-30,4120.62,323,20.3023,-0.416565,76.2611,3,0.0488954,-0.882026,-1.17935,1.27714,-0.882026,6.36483,21.2186,-1.32234
2023-10-31,4060.83,321,19.4682,-0.546524,71.1863,3,-0.262905,-0.830142,-1.61872,1.09291,-0.830142,4.15203,22.5389,-5.50462
2023-11-01,4114.29,303,19.6554,-0.940689,64.1188,3,0.0902107,-1.97159,-0.947197,1.12762,-1.97159,2.13527,23.8538,-11.8703
2023-11-02,4117.71,299,18.7102,-1.07587,55.5861,3,0.0792763,-2.23101,-0.771307,0.929859,-2.23101,-0.220118,24.6072,-18.8009
2023-11-03,4047.11,312,16.6598,-0.547001,47.8198,3,-0.263859,-0.830142,-1.03395,0.506234,-0.830142,-4.03016,24.3652,-22.5152
2023-11-06,3975.09,317,16.9537,-0.351138,41.6735,3,-0.442857,-0.25942,-1.45003,0.564312,-0.25942,-8.7496,24.0625,-23.6393
2023-11-07,3975.09,319,16.9537,-0.0888206,38.6431,3,-0.125757,-0.0518839,-0.813521,0.562006,-0.0518839,-11.8714,23.8062,-23.2918
2023-11-08,4005.06,317,12.9691,0.0630637,37.5334,3,-0.652131,0.778259,-1.04482,-0.259442,0.778259,-13.2943,21.8121,-20.9845
2023-11-09,4065.79,314,14.3952,0.313742,38.4263,3,-0.202658,0.830142,-0.438304,0.0329885,0.830142,-13.3869,20.3096,-18.4964
2023-11-10,4056.94,319,14.2159,0.258358,40.4367,3,0.101644,0.415071,0.207264,-0.00397517,0.415071,-12.0324,18.8939,-16.4248
2023-11-13,4037.19,311,14.0381,0.0521198,41.9969,3,0.363659,-0.25942,0.767955,-0.0406371,-0.25942,-10.0373,17.4257,-15.3915
2023-11-14,4037.19,312,14.0381,0.0254842,43.0289,3,0.362272,-0.311303,0.765181,-0.0406371,-0.311303,-8.02463,15.9778,-14.9243
2023-11-15,3963.57,323,15.0831,0.137385,43.2725,3,-0.0884166,0.363187,-0.348751,0.171918,0.363187,-8.32732,14.6571,-13.0573
2023-11-16,3976.84,323,15.1821,0.0947222,41.9425,3,-0.329395,0.518839,-0.845478,0.186688,0.518839,-9.33087,13.3199,-12.0465
2023-11-17,4077.44,321,17.9719,0.344215,41.827,3,0.532778,0.155652,0.310729,0.754827,0.155652,-9.29605,12.5773,-11.4542
2023-11-20,4116.59,318,18.4366,0.649415,43.0309,3,0.883759,0.415071,0.924123,0.843395,0.415071,-8.40808,11.9304,-10.4914
2023-11-21,4033.83,315,19.6045,0.384849,44.138,3,0.562162,0.207536,0.0511638,1.07316,0.207536,-8.16885,11.8275,-9.52064
2023-11-22,4060.15,315,19.851,0.378495,44.4468,3,1.12018,-0.363187,1.12179,1.11857,-0.363187,-7.1018,11.7637,-10.2151
2023-11-23,4092.33,309,20.143,0.285192,45.2698,3,1.24487,-0.674491,1.31746,1.17229,-0.674491,-5.67157,11.7583,-10.8169
2023-11-24,4092.33,313,19.807,0.151845,46.844,3,0.666878,-0.363187,0.244897,1.08886,-0.363187,-4.55723,11.5894,-10.1881
2023-11-27,4044.51,309,20.0185,-0.0970382,48.0611,3,0.220995,-0.415071,-0.672737,1.11473,-0.415071,-4.07697,11.442,-9.30395
2023-11-28,3989.89,301,19.9292,-0.15844,49.5416,3,0.357611,-0.674491,-0.376126,1.09135,-0.674491,-2.89281,11.4447,-9.01037
2023-11-29,3957.77,304,19.371,-0.264772,52.1205,3,-0.0107047,-0.518839,-1.0013,0.979889,-0.518839,-2.94311,11.2987,-6.23514
2023-11-30,3980.67,300,19.5432,-0.226073,55.3489,3,-0.0370757,-0.415071,-1.08614,1.01199,-0.415071,-3.23516,11.3482,-2.76415
2023-12-01,4045.22,296,19.6006,-0.258287,56.4388,3,0.313569,-0.830142,-0.393934,1.02107,-0.830142,-2.62271,11.8219,-2.76039
2023-12-04,3983.15,298,19.316,-0.157507,57.1671,3,0.203824,-0.518839,-0.553357,0.961005,-0.518839,-1.76895,12.1859,-3.24989
2023-12-05,3999.91,300,19.3705,0.290356,58.586,3,0.580712,0,0.211573,0.949851,0,-0.794181,12.524,-3.14388
2023-12-06,4023.21,300,19.2958,0.351746,59.6588,3,0.859144,-0.155652,0.80251,0.915779,-0.155652,0.952839,13.608,-4.90196
2023-12-07,3989.55,299,18.6926,0.248247,59.416,3,0.496493,0,0.197253,0.795734,0,1.55409,14.3358,-6.47383
2023-12-08,3998.51,297,18.7198,0.153349,59.026,3,0.202929,0.103768,-0.393217,0.799076,0.103768,0.987237,15.1066,-7.06784
2023-12-11,3998.51,301,18.6562,0.366522,60.191,3,0.525509,0.207536,0.268425,0.782593,0.207536,0.513437,15.847,-6.16941
2023-12-12,3982.5,308,18.6967,0.408378,61.5975,3,0.3498,0.466955,-0.0841738,0.783774,0.466955,-0.287149,16.5695,-4.68481
2023-12-13,3990.88,294,17.4972,-0.052692,60.9011,3,0.154035,-0.25942,-0.243103,0.551174,-0.25942,-0.188102,16.9552,-5.86606
2023-12-14,3999.43,294,17.4751,0.0857813,60.8682,3,0.379098,-0.207536,0.21237,0.545826,-0.207536,0.808641,17.295,-7.23537
2023-12-15,3955.88,295,15.2526,-0.083974,59.2864,3,-0.116064,-0.0518839,-0.349934,0.117806,-0.0518839,0.186776,16.7525,-7.65289
2023-12-18,3956.76,289,14.7042,-0.367952,55.4715,3,-0.165181,-0.570723,-0.340324,0.00996129,-0.570723,-1.01486,16.0608,-9.57445
2023-12-19,3932.59,286,13.1379,-0.726009,51.2485,3,-0.362456,-1.08956,-0.43434,-0.290572,-1.08956,-1.4811,14.8078,-12.0781
2023-12-20,3925.77,280,12.8127,-0.576444,47.6053,3,-0.478398,-0.674491,-0.603834,-0.352962,-0.674491,-3.12608,13.398,-12.6666
2023-12-21,3948.54,278,12.6239,-0.598582,44.2507,3,-0.418905,-0.778259,-0.448625,-0.389184,-0.778259,-4.79647,11.8746,-12.8275
2023-12-22,3943.03,278,12.6074,-0.52014,41.726,3,-0.210138,-0.830142,-0.0279228,-0.392354,-0.830142,-5.03686,10.4267,-13.6639
2023-12-25,3915.43,278,12.2209,-0.46282,40.3652,3,-0.4068,-0.518839,-0.347082,-0.466518,-0.518839,-4.71597,8.9054,-13.8242
2023-12-26,3915.43,284,11.3777,-0.200376,40.2099,3,-0.348869,-0.0518839,-0.069448,-0.62829,-0.0518839,-4.42477,7.27824,-12.6436
2023-12-27,3871.45,275,11.6979,-0.367602,39.8298,3,-0.527668,-0.207536,-0.488471,-0.566865,-0.207536,-3.93714,5.8125,-12.0456
2023-12-28,3844.81,272,11.5748,-0.536036,38.6899,3,-0.812652,-0.25942,-1.03483,-0.590473,-0.25942,-3.87836,4.28871,-11.7205
2023-12-29,3822.05,272,9.53801,-0.681474,37.1494,3,-1.10353,-0.25942,-1.22764,-0.979417,-0.25942,-4.644,2.39592,-10.6025
2024-01-01,3822.05,283,8.32549,-0.375605,36.3632,3,-1.06251,0.311303,-0.916728,-1.2083,0.311303,-4.97308,0.361591,-9.02527
2024-01-02,3822.05,301,8.03487,-0.0760812,35.0554,3,-1.08607,0.93391,-0.912009,-1.26014,0.93391,-5.99861,-1.69808,-7.24791
2024-01-03,3895.53,297,10.724,0.507861,35.6105,3,-0.177608,1.19333,0.388704,-0.743921,1.19333,-6.39573,-3.24973,-4.74401
2024-01-04,3914.6,294,10.645,0.630092,36.981,3,0.0668537,1.19333,0.886624,-0.752917,1.19333,-5.77675,-4.7144,-2.52783
2024-01-05,3927.64,308,10.6949,1.09091,40.4136,3,0.262111,1.9197,1.26557,-0.741343,1.9197,-4.25862,-6.21024,0.882486
2024-01-08,3912.93,312,10.7361,0.867283,42.2796,3,0.178048,1.55652,1.08751,-0.731417,1.55652,-3.49675,-7.66744,3.44382
2024-01-09,3912.93,304,10.6852,0.189245,41.4607,3,0.170954,0.207536,1.08011,-0.738203,0.207536,-2.38934,-9.09763,2.94764
2024-01-10,3934.13,301,10.8701,0.0818189,41.963,3,-0.0957818,0.25942,0.511046,-0.70261,0.25942,-1.67675,-10.294,3.93369
2024-01-11,3946.39,295,10.9094,-0.0124043,41.5962,3,-0.128576,0.103768,0.437269,-0.694422,0.103768,-1.46267,-11.462,4.52083
2024-01-12,3929.79,295,10.3133,-0.480857,40.1214,3,-0.339107,-0.622607,0.122544,-0.800758,-0.622607,-1.01223,-12.2962,3.42978
2024-01-15,3901.38,292,10.5977,-0.684717,38.9542,3,-0.38364,-0.985794,-0.022575,-0.744706,-0.985794,-0.710278,-12.9743,2.63881
2024-01-16,3901.38,299,10.4033,-0.304097,40.5108,3,-0.400658,-0.207536,-0.021414,-0.779903,-0.207536,-0.32248,-13.4819,4.31524
2024-01-17,3940.85,302,11.0269,-0.0712956,42.3943,3,-0.246359,0.103768,0.172729,-0.665447,0.103768,0.412895,-13.825,5.80639
2024-01-18,3969.5,310,11.1367,0.339656,45.9358,3,-0.150831,0.830142,0.34362,-0.645283,0.830142,1.16937,-14.1297,8.8961
2024-01-19,3939.89,312,11.4623,0.372234,49.3349,3,-0.189443,0.93391,0.206632,-0.585518,0.93391,1.39516,-14.3379,12.2776
2024-01-22,3916.39,318,11.3838,0.615034,53.4446,3,-0.170796,1.40087,0.258333,-0.599926,1.40087,1.97046,-14.4478,15.9219
2024-01-23,3904.49,312,11.4354,0.247807,55.1452,3,-0.230761,0.726375,0.12894,-0.590461,0.726375,2.15621,-14.3896,17.3786
2024-01-24,3934.62,310,10.9543,0.0714328,56.802,3,-0.32409,0.466955,0.0298876,-0.678067,0.466955,2.64391,-14.465,18.6231
2024-01-25,3929.95,306,10.6026,-0.342678,57.5281,3,-0.529704,-0.155652,-0.318476,-0.740932,-0.155652,3.32046,-14.5917,18.7993
2024-01-26,3932.96,300,10.2749,-0.478817,58.2863,3,-0.386911,-0.570723,0.0251492,-0.798971,-0.570723,4.50297,-14.4021,18.1854
2024-01-29,3925.26,300,10.3344,-0.590379,57.4826,3,-0.298732,-0.882026,0.189956,-0.787419,-0.882026,5.55887,-14.0224,15.9461
2024-01-30,3918.93,301,10.3778,-0.380059,56.3399,3,-0.267221,-0.492897,0.244826,-0.779268,-0.492897,6.66742,-13.589,13.2615
2024-01-31,3925.6,310,7.98436,-0.264501,53.4146,3,-0.606828,0.0778259,-0.00443586,-1.20922,0.0778259,6.31287,-14.0735,11.1753
2024-02-01,3915.56,322,7.86439,0.132591,51.5195,3,-0.642786,0.907968,-0.0616131,-1.22396,0.907968,5.41446,-14.5367,10.6418
2024-02-02,3889.05,321,8.11521,0.195371,48.1025,3,-0.776646,1.16739,-0.376347,-1.17695,1.16739,3.84758,-14.9502,9.20513
2024-02-05,3928.11,324,8.81942,0.427592,46.4283,3,-0.467855,1.32304,0.114447,-1.05016,1.32304,2.9166,-15.2396,8.7513
2024-02-06,3975.74,323,9.77069,0.54602,47.7864,3,-0.101291,1.19333,0.676308,-0.878889,1.19333,2.53389,-15.3864,10.6389
2024-02-07,3950.57,319,9.92523,0.133308,47.9827,3,-0.252223,0.518839,0.342185,-0.84663,0.518839,2.37305,-15.5251,11.1347
2024-02-08,3962.23,321,9.91903,-0.0674516,47.7728,3,-0.134903,0,0.572243,-0.84205,0,2.50156,-15.6644,10.9357
2024-02-09,3954.68,322,9.81606,0.0311895,49.7261,3,-0.0413888,0.103768,0.773897,-0.856675,0.103768,3.12437,-15.7258,12.3275
2024-02-12,3926.08,318,9.81632,-0.330005,51.0799,3,-0.40059,-0.25942,0.053685,-0.854865,-0.25942,3.19677,-15.8291,13.7122
2024-02-13,3915.28,313,9.87658,-0.575745,50.0431,3,-0.710476,-0.441013,-0.57725,-0.843703,-0.441013,2.66677,-15.8919,13.2683
2024-02-14,3929,310,9.26037,-0.471851,48.5146,3,-0.554572,-0.389129,-0.158327,-0.950817,-0.389129,2.35033,-16.1605,12.3248
2024-02-15,3916.61,302,8.88736,-0.811948,44.14,3,-0.715928,-0.907968,-0.418166,-1.01369,-0.907968,1.6181,-16.4561,8.97803
2024-02-16,3909.89,302,8.52917,-0.850486,39.5734,3,-0.741119,-0.959852,-0.40815,-1.07409,-0.959852,1.02536,-16.7862,5.33421
2024-02-19,3917.84,302,8.30262,-0.656414,34.973,3,-0.560511,-0.752317,-0.00885033,-1.11217,-0.752317,0.763365,-17.0463,1.25595
2024-02-20,3917.84,304,8.22368,-0.447863,32.5415,3,-0.506598,-0.389129,0.109555,-1.12275,-0.389129,0.738576,-17.3833,-0.813772
2024-02-21,3912.97,303,7.7377,-0.467369,30.7075,3,-0.649376,-0.285361,-0.0940647,-1.20469,-0.285361,0.619259,-17.7273,-2.18449
2024-02-22,3930.26,298,7.90348,-0.299644,30.8523,3,-0.469579,-0.12971,0.233742,-1.1729,-0.12971,1.12545,-18.1347,-2.13842
2024-02-23,3935.64,297,7.91406,-0.290865,31.4882,3,-0.400137,-0.181594,0.367387,-1.16766,-0.181594,1.44301,-18.5251,-1.42968
2024-02-26,3949.36,295,7.96767,-0.326575,32.39,3,-0.362194,-0.290957,0.430146,-1.15453,-0.290957,1.67002,-18.9348,-0.345193
2024-02-27,3963.08,297,8.00935,-0.271835,32.7631,3,-0.279163,-0.264506,0.584032,-1.14236,-0.264506,1.9858,-19.2988,0.0760953
2024-02-28,3935.59,299,8.42506,-0.235848,32.8621,3,-0.365893,-0.105802,0.334066,-1.06585,-0.105802,2.29929,-19.174,-0.26315
2024-02-29,3933.56,299,8.36962,-0.160241,31.8556,3,-0.479185,0.158704,0.114202,-1.07257,0.158704,2.4515,-18.9552,-1.64067
2024-03-01,3931.31,301,7.9585,-0.112675,30.8111,3,-0.555714,0.330363,0.027281,-1.13871,0.330363,2.80979,-18.8326,-3.16607
2024-03-04,3934.82,302,7.13813,-0.101991,29.0515,3,-0.681746,0.477764,-0.0866814,-1.27681,0.477764,2.60321,-18.8778,-4.67393
2024-03-05,3948.67,307,5.74749,-0.0888618,27.0063,3,-0.796007,0.618283,-0.0831919,-1.50882,0.618283,1.89222,-19.2318,-5.65408
2024-03-06,3945.32,305,5.2988,-0.152128,26.1109,3,-0.697708,0.393453,0.184513,-1.57993,0.393453,1.74123,-19.7829,-5.8475
2024-03-07,3932.55,308,5.28736,-0.0976181,26.0171,3,-0.757312,0.562076,0.0608214,-1.57545,0.562076,1.28383,-20.4258,-4.84091
2024-03-08,3920.79,307,5.34294,-0.205443,25.2879,3,-0.804339,0.393453,-0.0458806,-1.5628,0.393453,0.549702,-20.958,-4.30378
2024-03-11,3905.45,305,4.88928,-0.362705,25.188,3,-0.950241,0.22483,-0.261922,-1.63856,0.22483,0.269193,-21.6399,-3.44127
2024-03-12,3907.81,301,4.80697,-0.650763,24.9595,3,-1.02049,-0.281038,-0.392096,-1.64888,-0.281038,0.432889,-22.3209,-3.15249
2024-03-13,3919.86,292,4.76754,-0.802918,23.9647,3,-0.931345,-0.674491,-0.212688,-1.65,-0.674491,0.382083,-22.784,-3.63337
2024-03-14,3908.02,291,4.75648,-0.912465,23.667,3,-0.925609,-0.899321,-0.201484,-1.64973,-0.899321,0.571599,-23.2942,-3.61044
2024-03-15,3899.39,292,4.78175,-0.845027,23.6831,3,-0.903147,-0.786906,-0.163388,-1.64291,-0.786906,0.786686,-23.7966,-3.30699
2024-03-18,3884.64,293,4.87756,-0.753636,23.397,3,-0.888988,-0.618283,-0.154245,-1.62373,-0.618283,0.657586,-24.1955,-3.0651
2024-03-19,3880.59,294,4.87954,-0.630969,22.8634,3,-0.924693,-0.337245,-0.22697,-1.62242,-0.337245,0.361124,-24.5354,-2.96229
2024-03-20,3894.37,288,5.07207,-0.518635,22.7152,3,-0.896751,-0.140519,-0.206126,-1.58738,-0.140519,0.262978,-24.8415,-2.70629
2024-03-21,3886.94,279,4.79243,-0.727825,21.4991,3,-0.893574,-0.562076,-0.156224,-1.63092,-0.562076,-0.0763998,-24.9974,-3.4271
2024-03-22,3888.02,287,4.74988,-0.504883,20.9056,3,-0.841143,-0.168623,-0.0448876,-1.6374,-0.168623,-0.43035,-25.2763,-3.38769
2024-03-25,3901.51,288,4.74801,-0.423682,20.6396,3,-0.678742,-0.168623,0.278659,-1.63614,-0.168623,-0.559254,-25.6311,-3.17009
2024-03-26,3901.51,292,4.50644,-0.336996,20.4622,3,-0.673992,0,0.325328,-1.67331,0,-0.779869,-26.0457,-2.71225
2024-03-27,3865.97,291,4.94994,-0.319382,20.2361,3,-0.919802,0.281038,-0.241707,-1.5979,0.281038,-1.27025,-26.4479,-2.04575
2024-03-28,3842.3,292,5.28466,-0.071179,20.4772,3,-0.985471,0.843113,-0.430528,-1.54041,0.843113,-1.73941,-26.9053,-0.878087
2024-03-29,3842.3,292,5.29718,-0.297164,19.9797,3,-0.987782,0.393453,-0.443139,-1.53242,0.393453,-2.13266,-27.1211,-0.766614
2024-04-01,3842.3,290,5.261,-0.419536,19.1406,3,-1.0639,0.22483,-0.595652,-1.53215,0.22483,-2.54642,-27.1246,-1.18845
2024-04-02,3863.05,291,5.51866,-0.430632,18.262,3,-0.917472,0.0562076,-0.348265,-1.48668,0.0562076,-2.74658,-26.8708,-2.12066
2024-04-03,3845.22,285,5.65736,-0.512897,17.3623,3,-0.800963,-0.22483,-0.138769,-1.46316,-0.22483,-2.98921,-26.5208,-3.1277
2024-04-04,3812.13,288,6.20359,-0.462138,16.4825,3,-0.81186,-0.112415,-0.250848,-1.37287,-0.112415,-3.21629,-26.0947,-4.20651
2024-04-05,3775.37,281,6.83294,-0.741875,15.2412,3,-0.977882,-0.505868,-0.689868,-1.2659,-0.505868,-3.69034,-25.4671,-5.60138
2024-04-08,3764.23,278,6.80342,-0.809252,14.2565,3,-1.04447,-0.574035,-0.823374,-1.26557,-0.574035,-4.09228,-24.8434,-6.80778
2024-04-09,3768.8,277,6.83583,-0.908983,13.7072,3,-1.12912,-0.688842,-1.00669,-1.25156,-0.688842,-4.54917,-24.34,-7.40368
2024-04-10,3763.43,275,6.59108,-0.763681,13.7897,3,-1.06813,-0.459228,-0.853136,-1.28313,-0.459228,-5.06344,-24.0767,-7.07014
2024-04-11,3815.44,277,8.6256,-0.455583,14.7756,3,-0.394534,-0.516631,0.16432,-0.953387,-0.516631,-4.83678,-23.839,-6.54859
2024-04-12,3820.1,286,8.65814,0.13975,17.0577,3,-0.140183,0.419683,0.664524,-0.94489,0.419683,-4.28583,-23.9235,-4.73297
2024-04-15,3864.97,296,9.68359,0.712924,20.8518,3,0.277779,1.14807,1.33467,-0.779113,1.14807,-3.16879,-24.1023,-1.87711
2024-04-16,3889.58,296,9.95522,0.799171,24.9919,3,0.417983,1.18036,1.5698,-0.733832,1.18036,-1.67718,-24.0846,0.75364
2024-04-17,3938.11,300,10.8185,1.15847,30.3525,3,0.799337,1.5176,2.19599,-0.597314,1.5176,0.466205,-23.9208,3.80712
2024-04-18,3901.94,302,11.3392,0.91585,36.0535,3,0.314097,1.5176,1.14317,-0.514976,1.5176,1.69075,-23.4162,7.77897
2024-04-19,3918.23,305,11.4268,0.782837,40.756,3,0.385315,1.18036,1.27176,-0.501133,1.18036,2.95616,-22.6241,10.4239
2024-04-22,3937.13,298,11.4848,0.227408,43.1902,3,0.229987,0.22483,0.95193,-0.491957,0.22483,3.60787,-21.6326,11.2149
2024-04-23,3924.82,295,11.5548,0.0371313,44.6014,3,0.0180551,0.0562076,0.516996,-0.480885,0.0562076,3.7968,-20.5378,11.3423
2024-04-24,3910.01,297,11.1215,-0.219719,44.9785,3,-0.382034,-0.0574035,-0.214655,-0.549412,-0.0574035,3.82412,-19.5485,10.7029
2024-04-25,3935.65,300,11.0173,-0.0170099,45.1837,3,-0.0340198,0,0.49785,-0.565889,0,4.70865,-18.625,9.10003
2024-04-26,3964.59,297,11.2165,-0.152688,45.7316,3,0.0543529,-0.359728,0.642144,-0.533439,-0.359728,5.74474,-17.6833,7.67015
2024-04-29,3926.02,294,11.9128,-0.171053,46.6757,3,-0.222196,-0.119909,-0.0210618,-0.42333,-0.119909,6.29673,-16.6398,7.01879
2024-04-30,3873.44,303,12.8535,0.114138,48.7513,3,-0.384898,0.613173,-0.495223,-0.274573,0.613173,6.1628,-15.5,8.08855
2024-05-01,3899.07,304,12.9193,0.204833,51.4903,3,-0.14219,0.551856,-0.0202094,-0.264171,0.551856,6.27548,-14.3551,9.5699
2024-05-02,3899.07,299,12.4464,-0.135369,52.7357,3,-0.332056,0.0613173,-0.325152,-0.33896,0.0613173,6.20116,-13.3614,9.89591
2024-05-03,3898.62,294,11.7894,-0.309956,54.3776,3,-0.558595,-0.0613173,-0.674339,-0.44285,-0.0613173,6.20834,-12.5612,10.7305
2024-05-06,3895.41,283,11.704,-0.453903,55.723,3,-0.35595,-0.551856,-0.255544,-0.456355,-0.551856,6.7394,-11.7737,10.7572
2024-05-07,3894.23,287,11.7249,-0.449465,57.4528,3,-0.0404876,-0.858443,0.359694,-0.440669,-0.858443,8.01929,-10.9759,10.4094
2024-05-08,3884.84,290,11.7643,-0.488988,58.4803,3,-0.242168,-0.735808,-0.0630442,-0.421291,-0.735808,8.75345,-10.1406,9.86739
2024-05-09,3902.63,289,10.9308,-0.34743,58.8832,3,-0.204322,-0.490539,0.146798,-0.555441,-0.490539,8.73029,-9.7564,9.90935
2024-05-10,3900.38,288,10.9475,-0.231296,57.497,3,-0.217323,-0.245269,0.121203,-0.555849,-0.245269,8.23618,-9.41114,8.67199
2024-05-13,3888.21,290,10.2804,0.112184,55.2337,3,-0.327488,0.551856,0.00791594,-0.662893,0.551856,6.99906,-9.3294,7.56401
2024-05-14,3888.21,294,10.029,0.106862,52.6045,3,-0.338131,0.551856,0.0223569,-0.698619,0.551856,5.53872,-9.3161,6.38184
2024-05-15,3861.82,291,9.15437,-0.164584,47.5579,3,-0.513121,0.183952,-0.187187,-0.839054,0.183952,3.26654,-9.54743,3.83878
2024-05-16,3825.42,292,9.18381,-0.266354,43.0791,3,-0.839294,0.306587,-0.846565,-0.832023,0.306587,1.36303,-9.80622,1.52232
2024-05-17,3828.98,294,9.01307,-0.161193,39.5628,3,-0.812924,0.490539,-0.770601,-0.855247,0.490539,-0.572231,-10.0761,0.211088
2024-05-20,3832.26,291,8.77206,-0.275242,37.7227,3,-0.734435,0.183952,-0.580467,-0.888404,0.183952,-2.00836,-10.4023,0.133364
2024-05-21,3822.39,295,8.75935,-0.305095,36.4854,3,-0.794143,0.183952,-0.701086,-0.8872,0.183952,-3.14087,-10.7456,0.37192
2024-05-22,3814.94,301,8.71521,0.0277944,37.379,3,-0.680219,0.735808,-0.467886,-0.892552,0.735808,-3.38656,-11.0954,1.86095
2024-05-23,3829.59,306,8.4443,0.298493,38.5278,3,-0.384092,0.981077,0.167278,-0.935462,0.981077,-3.70792,-11.477,3.71275
2024-05-24,3837.58,311,7.91717,0.383206,40.502,3,-0.398617,1.16503,0.222446,-1.01968,1.16503,-4.12131,-11.9884,6.61163
2024-05-27,3878.07,311,8.40506,0.610127,43.4222,3,-0.128727,1.34898,0.681102,-0.938556,1.34898,-3.47512,-12.5382,9.43548
2024-05-28,3878.07,317,6.89384,0.640836,45.4126,3,-0.189944,1.47162,0.803017,-1.1829,1.47162,-2.24724,-13.4326,11.0924
2024-05-29,3853.09,307,6.80964,0.0934221,44.9904,3,-0.303695,0.490539,0.588722,-1.19611,0.490539,-1.66676,-14.3137,10.9709
2024-05-30,3867.02,303,6.96993,-0.177753,44.83,3,-0.294188,-0.0613173,0.58137,-1.16975,-0.0613173,-0.803877,-15.1018,10.7356
2024-05-31,3874.32,302,7.0173,-0.361254,44.6359,3,-0.293288,-0.429221,0.574935,-1.16151,-0.429221,0.384773,-15.7822,10.0333
2024-06-03,3860.92,306,7.10488,-0.400631,44.8374,3,-0.61731,-0.183952,-0.0981421,-1.13648,-0.183952,0.534635,-16.4329,10.7357
2024-06-04,3860.92,310,7.10649,-0.457547,44.8068,3,-0.608508,-0.306587,-0.0912528,-1.12576,-0.306587,0.105535,-17.0843,11.7856
2024-06-05,3909.65,312,8.41512,0.194739,47.4036,3,-0.0397431,0.429221,0.831935,-0.911422,0.429221,0.959163,-17.5881,14.0325
2024-06-06,3927.91,312,8.42126,0.331245,49.9922,3,-0.0120006,0.674491,0.882983,-0.906984,0.674491,1.66232,-17.9359,16.2658
2024-06-07,3938.53,299,8.45509,-0.0096609,50.8381,3,0.0113369,-0.0306587,0.92253,-0.899856,-0.0306587,2.42679,-18.2629,16.6742
2024-06-10,3944.14,300,8.3509,-0.0307841,50.2925,3,0.122384,-0.183952,1.15998,-0.91521,-0.183952,3.52625,-18.5048,15.271
2024-06-11,3944.14,305,8.3509,0.000584884,49.8868,3,0.123804,-0.122635,1.15998,-0.912369,-0.122635,4.61182,-18.7089,13.9839
2024-06-12,3960.83,303,7.94065,-0.238821,49.6035,3,-0.101182,-0.37646,0.75583,-0.958195,-0.37646,5.51158,-18.8223,12.9142
2024-06-13,4023.26,315,8.42528,0.291597,51.7326,3,0.221273,0.361922,1.28917,-0.846628,0.361922,7.54725,-18.8306,13.0159
2024-06-14,4107.52,324,10.5835,1.26837,57.1508,3,0.842665,1.69407,2.16487,-0.479538,1.69407,10.295,-18.3785,15.2344
2024-06-17,4151.55,329,10.8269,1.49508,63.6677,3,1.08933,1.90084,2.61367,-0.43502,1.90084,13.1306,-17.6845,18.2216
2024-06-18,4144.63,321,10.7581,1.07366,68.492,3,1.0436,1.10371,2.53263,-0.44543,1.10371,15.8689,-16.9659,19.5891
2024-06-19,4101.87,321,11.7501,0.998763,71.7151,3,0.77118,1.22635,1.82373,-0.281374,1.22635,17.6932,-16.1482,20.1702
2024-06-20,4101.87,323,11.8197,0.512667,72.4042,3,0.397902,0.627433,1.06404,-0.268235,0.627433,18.4336,-15.4857,19.4563
2024-06-21,4175.96,322,12.8671,0.207174,71.8385,3,0.414347,0,0.922318,-0.0936231,0,19.1241,-14.6976,17.412
2024-06-24,4143.72,319,13.3102,-0.245021,69.0135,3,0.00348731,-0.49353,0.0253493,-0.0183746,-0.49353,18.7945,-14.0629,14.2819
2024-06-25,4104.38,313,14.036,-0.249775,65.9473,3,-0.12858,-0.37097,-0.358567,0.101406,-0.37097,17.9535,-13.0484,11.0421
2024-06-26,4093.66,311,13.7618,-0.234473,64.7898,3,0.0369223,-0.505868,0.0176665,0.0561781,-0.505868,17.4943,-11.9344,9.23003
2024-06-27,4133.61,311,13.9649,-0.174536,64.8013,3,0.291694,-0.640766,0.493561,0.0898259,-0.640766,17.4118,-10.7604,8.14987
2024-06-28,4158.1,305,13.9826,-0.489442,64.345,3,-0.000872076,-0.978012,-0.094609,0.0928649,-0.978012,16.8131,-9.60602,7.1379
2024-07-01,4148.04,316,13.9181,0.0458478,65.9248,3,0.12542,-0.0337245,0.168568,0.0822722,-0.0337245,16.9696,-8.4229,7.37811
2024-07-02,4148.04,315,13.9181,0.316381,68.597,3,0.362965,0.269796,0.643489,0.0824403,0.269796,17.4628,-7.2235,8.35766
2024-07-03,4130.03,306,13.7674,0.0532664,68.1152,3,0.30888,-0.202347,0.56024,0.0575198,-0.202347,17.2494,-6.3471,7.21295
2024-07-04,4096.09,306,14.2821,-0.149748,66.4547,3,-0.0971479,-0.202347,-0.33754,0.143244,-0.202347,16.2346,-5.4169,5.63698
2024-07-05,4096.09,306,14.2991,-0.0209841,66.4152,3,-0.244315,0.202347,-0.634994,0.146363,0.202347,14.7941,-4.44849,6.06954
2024-07-08,4093.72,302,14.3267,-0.502785,64.7531,3,-0.19618,-0.809389,-0.543571,0.15121,-0.809389,13.2943,-3.48107,4.93983
2024-07-09,4052.99,307,14.9261,-0.400934,63.3165,3,-0.397173,-0.404694,-1.04603,0.251684,-0.404694,11.2895,-2.40715,4.43415
2024-07-10,4022.05,304,15.2173,-0.227762,63.3563,3,-0.455523,0,-1.21245,0.301405,0,9.44581,-1.22787,5.13836
2024-07-11,3979.91,304,14.65,-0.280108,61.2793,3,-0.560216,0,-1.32706,0.206626,0,7.03662,-0.243381,4.48611
2024-07-12,3968.87,302,12.3137,-0.478496,54.7551,3,-0.822094,-0.134898,-1.46158,-0.182611,-0.134898,3.66394,0.0365289,1.05463
2024-07-15,3944.97,304,11.4861,-0.375307,47.6288,3,-1.02041,0.269796,-1.7222,-0.318623,0.269796,-0.464431,0.147597,-2.05439
2024-07-16,3948.41,302,11.5473,-0.469152,41.7973,3,-0.735957,-0.202347,-1.16366,-0.308254,-0.202347,-3.96343,0.276601,-4.51584
2024-07-17,3977.63,313,11.6452,0.194566,38.8197,3,-0.352808,0.74194,-0.418524,-0.287091,0.74194,-6.04993,0.269496,-5.3999
2024-07-18,4011.19,313,12.1628,0.453185,38.6018,3,0.16443,0.74194,0.518889,-0.19003,0.74194,-6.55968,0.342945,-5.18149
2024-07-19,4036.73,316,10.318,0.656948,40.2577,3,0.234712,1.07919,0.967734,-0.498311,1.07919,-6.54182,-0.0380262,-3.16241
2024-07-22,4040.2,311,10.0982,0.496936,43.0267,3,0.38683,0.607042,1.31029,-0.53663,0.607042,-5.35456,-0.530212,-1.08854
2024-07-23,4006.01,306,9.99129,0.27342,45.0009,3,0.142146,0.404694,0.83958,-0.555289,0.404694,-4.2277,-1.15653,0.385154
2024-07-24,4010.53,309,10.0099,-0.0729487,45.6132,3,-0.0109993,-0.134898,0.527441,-0.54944,-0.134898,-3.74481,-1.73395,1.09193
2024-07-25,4047.66,308,9.94065,-0.0980173,45.9036,3,0.00631258,-0.202347,0.570111,-0.557485,-0.202347,-3.67286,-2.35099,1.92744
2024-07-26,4035,308,9.614,-0.331782,46.5026,3,-0.258869,-0.404694,0.0948499,-0.612588,-0.404694,-3.49407,-3.02441,3.0211
2024-07-29,4014.56,311,9.6936,-0.1315,45.8288,3,-0.397899,0.134898,-0.20156,-0.594237,0.134898,-3.84471,-3.66713,3.34067
2024-07-30,4059.91,313,10.7116,0.400643,46.1488,3,0.194245,0.607042,0.792229,-0.40374,0.607042,-3.70404,-4.13132,3.98418
2024-07-31,4089.05,315,11.0186,0.458509,47.6909,3,0.377424,0.539593,1.09441,-0.339562,0.539593,-3.19831,-4.51414,5.40332
2024-08-01,4060.34,327,10.9139,0.688879,50.8904,3,-0.0386721,1.41643,0.276311,-0.353655,1.41643,-2.61413,-4.9904,8.49497
2024-08-02,4057.14,336,10.9133,1.02145,54.8573,3,0.0194371,2.02347,0.391817,-0.352943,2.02347,-1.63049,-5.45371,11.9415
2024-08-05,4110.37,339,11.92,1.29233,61.5546,3,0.561185,2.02347,1.29348,-0.171108,2.02347,0.116721,-5.6928,17.1307
2024-08-06,4184.3,339,12.8195,1.34679,67.7607,3,0.805006,1.88857,1.61846,-0.0084496,1.88857,2.56958,-5.81633,21.0074
2024-08-07,4136.27,331,13.2579,0.794729,71.1866,3,0.375374,1.21408,0.680315,0.0704337,1.21408,4.24501,-5.93314,22.8747
2024-08-08,4136.27,329,12.5064,0.375449,73.2886,3,0.481101,0.269796,1.02593,-0.0637326,0.269796,6.30402,-6.10598,23.0905
2024-08-09,4100.79,326,12.961,-0.104856,74.451,3,0.32988,-0.539593,0.641523,0.0182361,-0.539593,8.12993,-5.8834,22.2045
2024-08-12,4064.51,328,13.2213,-0.398473,74.3797,3,-0.189905,-0.607042,-0.444986,0.0651755,-0.607042,9.27056,-5.54446,20.6536
2024-08-13,4063.26,324,13.2353,-0.758714,73.4799,3,-0.64059,-0.876838,-1.34887,0.0676935,-0.876838,9.15686,-5.23908,19.5621
2024-08-14,4038.87,324,13.2919,-0.415325,71.5336,3,-0.493405,-0.337245,-1.06471,0.0778974,-0.337245,8.67408,-4.96714,17.8266
2024-08-15,4021.1,321,13.0919,-0.512859,68.3182,3,-0.621024,-0.404694,-1.28389,0.0418396,-0.404694,7.15251,-4.83169,15.9974
2024-08-16,4014.18,320,12.895,-0.368637,64.7467,3,-0.467479,-0.269796,-0.94129,0.00633259,-0.269796,5.47171,-4.42777,13.7028
2024-08-19,4021.63,316,12.9115,-0.437327,61.375,3,-0.200163,-0.674491,-0.409632,0.00930519,-0.674491,3.90697,-3.95759,11.4256
2024-08-20,4021.63,315,12.5366,-0.349046,59.078,3,-0.225947,-0.472144,-0.395648,-0.0562473,-0.472144,2.75854,-3.50578,9.82526
2024-08-21,4011.37,313,12.5684,-0.371328,57.9653,3,-0.135614,-0.607042,-0.22249,-0.0487388,-0.607042,2.05335,-3.03835,8.95026
2024-08-22,4013.98,313,12.0952,-0.227846,57.479,3,-0.0509966,-0.404694,0.0320684,-0.134062,-0.404694,1.54462,-2.63913,8.57355
2024-08-23,4064.03,315,12.8639,0.0824601,59.0261,3,0.372456,-0.207536,0.742142,0.00277017,-0.207536,2.15274,-2.04979,8.92314
2024-08-26,4030.52,311,13.0915,-0.0196216,59.4416,3,0.138254,-0.177498,0.234529,0.0419801,-0.177498,2.56315,-1.44673,8.3252
2024-08-27,4023.92,312,12.4333,0.0186471,58.0187,3,0.0372942,0,0.151294,-0.0767058,0,1.96257,-1.14065,7.19682
2024-08-28,4045.64,317,12.3052,0.375958,57.7098,3,0.227312,0.524604,0.554436,-0.0998121,0.524604,1.45156,-0.913903,7.17213
2024-08-29,4065.34,318,12.1946,0.459483,56.8488,3,0.319418,0.599547,0.75859,-0.119754,0.599547,1.91143,-0.693034,5.63045
2024-08-30,4132.11,313,13.4763,0.302956,54.133,3,0.530969,0.0749434,0.951801,0.110136,0.0749434,2.45086,-0.254139,1.93628
2024-09-02,4160.31,313,12.9023,0.615459,51.5565,3,0.856201,0.374717,1.70818,0.00422343,0.374717,2.85025,-0.0872679,-1.20649
2024-09-03,4160.31,324,11.1834,0.933841,49.9807,3,0.743531,1.12415,1.79037,-0.303313,1.12415,3.01502,-0.368654,-2.66565
2024-09-04,4185.8,324,10.565,0.728002,49.726,3,0.70657,0.749434,1.82674,-0.413599,0.749434,4.10893,-0.830521,-3.55237
2024-09-05,4185.82,329,10.5649,0.817498,51.413,3,0.585788,1.04921,1.58335,-0.411772,1.04921,4.63988,-1.16239,-2.06451
2024-09-06,4172.5,333,10.1029,0.890607,55.198,3,0.0575148,1.7237,0.608322,-0.493292,1.7237,4.59609,-1.64606,2.24801
2024-09-09,4149.79,336,9.73037,0.813491,59.7399,3,-0.284075,1.91106,-0.00614788,-0.562002,1.91106,4.97741,-2.22661,6.98912
2024-09-10,4220.68,336,11.2249,0.662727,64.8998,3,0.276246,1.04921,0.843741,-0.29125,1.04921,6.95018,-2.52985,10.4795
2024-09-11,4285.61,338,11.763,0.876484,69.3646,3,0.553873,1.19909,1.30047,-0.192724,1.19909,8.99151,-2.73277,13.1058
2024-09-12,4278.28,334,11.5761,0.509186,72.7076,3,0.493768,0.524604,1.21438,-0.226839,0.524604,11.0833,-2.92736,14.5517
2024-09-13,4236.63,331,12.3493,0.198791,74.4822,3,0.397582,0,0.880476,-0.0853112,0,12.5846,-2.97736,14.875
2024-09-16,4172.13,328,13.9142,-0.0778419,75.5744,3,0.293977,-0.449661,0.386503,0.20145,-0.449661,13.1963,-2.78607,15.1641
2024-09-17,4220.58,321,14.31,-0.37047,75.51,3,0.195853,-0.936793,0.117401,0.274305,-0.936793,13.6555,-2.49527,14.3498
2024-09-18,4239.33,317,14.2027,-0.716719,74.4597,3,-0.0844572,-1.34898,-0.423701,0.254787,-1.34898,13.5722,-2.24272,13.1302
2024-09-19,4189.46,317,15.1113,-0.649825,73.1452,3,-0.250442,-1.04921,-0.924566,0.423681,-1.04921,12.8248,-1.76074,12.0811
2024-09-20,4175.1,313,14.7265,-0.623677,70.872,3,-0.123203,-1.12415,-0.600942,0.354536,-1.12415,11.7669,-1.46348,10.5686
2024-09-23,4156.89,315,14.4503,-0.310243,69.9111,3,0.128948,-0.749434,-0.0459195,0.303815,-0.749434,11.5673,-1.23153,9.57531
2024-09-24,4155.31,314,14.4204,-0.235238,69.0601,3,-0.170703,-0.299774,-0.640968,0.299563,-0.299774,10.8876,-0.891686,9.06421
2024-09-25,4139.43,316,14.4711,-0.110978,67.3993,3,-0.371842,0.149887,-1.05472,0.311036,0.149887,9.48065,-0.518934,8.4376
2024-09-26,4192.74,319,15.0057,0.336352,66.9737,3,0.297987,0.374717,0.181119,0.414856,0.374717,8.96298,-0.0256188,8.03631
2024-09-27,4188.11,321,13.973,0.542699,67.8004,3,0.26102,0.824378,0.301112,0.220928,0.824378,8.33348,0.0765414,9.39034
2024-09-30,4164.21,317,13.9517,0.300801,66.7136,3,0.226886,0.374717,0.236282,0.21749,0.374717,7.00794,0.274223,9.43144
2024-10-01,4178.3,316,14.0016,0.352876,64.6703,3,0.331035,0.374717,0.434926,0.227144,0.374717,5.79599,0.770707,8.10362
2024-10-02,4224.21,312,14.3703,0.338276,63.2751,3,0.751496,-0.0749434,1.20495,0.298042,-0.0749434,5.23924,1.44035,6.5955
2024-10-03,4203.43,308,14.4971,-0.148656,59.7434,3,0.302235,-0.599547,0.280052,0.324419,-0.599547,4.05506,2.14868,3.53968
2024-10-04,4197.73,302,14.4548,-0.454062,54.699,3,0.290971,-1.19909,0.263827,0.318114,-1.19909,3.75878,2.93793,-1.99771
2024-10-07,4173.66,304,14.4706,-0.230265,50.726,3,0.288904,-0.749434,0.256239,0.321569,-0.749434,4.01766,3.78767,-7.07934
2024-10-08,4194.97,307,13.2195,-0.118522,47.7453,3,0.212616,-0.449661,0.346427,0.0788054,-0.449661,3.54145,4.13879,-9.93493
2024-10-09,4233.54,308,12.4181,0.00702265,44.4436,3,0.0889887,-0.0749434,0.25515,-0.0771728,-0.0749434,2.53762,4.23746,-12.3315
2024-10-10,4233.17,311,12.4124,0.334047,43.7824,3,0.218433,0.449661,0.514806,-0.0779398,0.449661,1.87069,4.37547,-12.4638
2024-10-11,4217.4,310,11.9929,0.471569,44.8129,3,0.11876,0.824378,0.393026,-0.155506,0.824378,1.4092,4.31413,-10.9105
2024-10-14,4192.56,309,10.8268,0.302978,46.2572,3,0.00640845,0.599547,0.389531,-0.376714,0.599547,1.41401,3.76912,-8.92592
2024-10-15,4192.56,309,9.97014,0.0796337,47.9706,3,-0.21545,0.374717,0.111056,-0.541956,0.374717,1.40943,2.99448,-6.43334
2024-10-16,4244.84,306,10.8374,-0.00310085,50.6934,3,-0.0436734,0.0374717,0.281722,-0.369069,0.0374717,2.08306,2.40035,-3.78997
2024-10-17,4266.2,301,10.0023,-0.273801,52.1277,3,0.0144739,-0.562076,0.5586,-0.529652,-0.562076,3.49677,1.49008,-2.85914
2024-10-18,4263.17,303,9.89161,-0.125431,54.0236,3,0.0863841,-0.337245,0.721903,-0.549135,-0.337245,4.75263,0.627419,-1.35643
2024-10-21,4252.15,305,9.7818,0.0262239,55.299,3,0.164863,-0.112415,0.90134,-0.571615,-0.112415,5.64789,-0.206255,-0.142603
2024-10-22,4286.96,313,10.0714,0.431322,57.8084,3,0.412983,0.449661,1.34215,-0.516182,0.449661,7.50834,-0.978929,1.27895
2024-10-23,4262.3,314,10.2314,0.340111,59.4893,3,-0.0692124,0.749434,0.345782,-0.484207,0.749434,8.80857,-1.72748,2.40825
2024-10-24,4293.91,318,9.59728,0.678378,60.7525,3,-0.0671693,1.42392,0.477708,-0.612047,1.42392,9.06371,-2.69056,4.37936
2024-10-25,4311.83,320,9.61227,0.74633,61.4993,3,0.0687357,1.42392,0.746253,-0.608782,1.42392,9.46605,-3.46627,5.49952
2024-10-28,4316.73,318,9.23377,0.628954,62.6937,3,0.133757,1.12415,0.95139,-0.683877,1.12415,10.1066,-4.30056,6.88769
2024-10-29,4342.9,321,9.34212,0.418519,62.9312,3,0.087604,0.749434,0.835219,-0.660011,0.749434,10.4749,-5.12908,7.5854
2024-10-30,4367.39,326,8.84095,0.698721,64.2265,3,0.348234,1.04921,1.45472,-0.758253,1.04921,10.667,-6.09503,9.65445
2024-10-31,4413.46,337,9.008,1.01354,68.286,3,0.453258,1.57381,1.62106,-0.714542,1.57381,11.739,-6.95831,13.5053
2024-11-01,4409.57,334,8.98299,0.756735,72.2925,3,0.314375,1.19909,1.34092,-0.712166,1.19909,12.4795,-7.75038,17.5635
2024-11-04,4414,343,8.46927,1.14108,76.5085,3,0.258691,2.02347,1.33247,-0.815088,2.02347,13.0899,-8.54028,21.9589
2024-11-05,4414,346,8.47929,1.0586,79.8248,3,0.0937342,2.02347,0.998335,-0.810867,2.02347,13.2987,-9.07301,25.5991
2024-11-06,4421.86,338,8.11325,0.5,81.1259,3,-0.0492081,1.04921,0.785543,-0.883959,1.04921,13.5845,-9.64337,27.1847
2024-11-07,4430.4,317,8.0701,-0.818409,78.0027,3,-0.287836,-1.34898,0.312012,-0.887683,-1.34898,13.7904,-10.6167,24.8289
2024-11-08,4344.55,318,11.0437,-0.772558,74.3203,3,-0.495908,-1.04921,-0.721341,-0.270475,-1.04921,13.167,-11.0031,22.1563
2024-11-11,4346.7,318,10.7039,-1.13328,69.7016,3,-0.542855,-1.7237,-0.746573,-0.339138,-1.7237,12.47,-11.2536,18.4852
2024-11-12,4346.7,312,10.7039,-1.46898,64.3442,3,-0.539778,-2.39819,-0.740547,-0.339009,-2.39819,11.9431,-11.3058,13.7069
2024-11-13,4413.79,311,11.1294,-0.998309,60.7365,3,-0.123032,-1.87359,0.00214836,-0.248212,-1.87359,11.7998,-11.3057,10.2424
2024-11-14,4478.21,319,11.9529,0.303914,62.8442,3,0.308054,0.299774,0.68985,-0.0737429,0.299774,11.8585,-10.8168,11.8024
2024-11-15,4475.57,328,11.9488,0.863162,66.3602,3,0.827003,0.899321,1.72664,-0.0726317,0.899321,12.6528,-10.2505,13.9579
2024-11-18,4454.68,328,12.0875,0.796135,69.0044,3,0.692948,0.899321,1.42776,-0.0418619,0.899321,12.9973,-9.65324,15.6603
2024-11-19,4400.69,322,12.916,0.671387,69.81,3,0.443453,0.899321,0.757407,0.129498,0.899321,12.4147,-9.02753,16.4228
2024-11-20,4401.34,313,12.654,0.155027,69.1897,3,0.010281,0.299774,-0.052673,0.073235,0.299774,12.086,-8.54336,15.6471
2024-11-21,4414.06,312,12.4808,-0.346575,65.659,3,-0.318432,-0.374717,-0.672355,0.0354903,-0.374717,11.1926,-8.06552,12.5318
2024-11-22,4387.09,316,12.7089,-0.59531,60.827,3,-0.441186,-0.749434,-0.961286,0.078915,-0.749434,9.74448,-7.53345,8.61593
2024-11-25,4418.58,323,12.9039,-0.167308,57.8724,3,-0.109787,-0.22483,-0.33636,0.116786,-0.22483,8.58202,-6.81951,6.10987
2024-11-26,4381.99,322,13.1875,0.0866502,56.6267,3,0.0234136,0.149887,-0.129237,0.176064,0.149887,7.68251,-6.03854,4.98273
2024-11-27,4405.96,321,13.1789,0.455969,55.7113,3,0.162505,0.749434,0.152124,0.172885,0.749434,6.45302,-5.16031,4.41857
2024-11-28,4406.16,330,12.6322,0.762635,54.7619,3,0.0264021,1.49887,-0.000510262,0.0533144,1.49887,4.91616,-4.43478,4.28053
2024-11-29,4406.16,332,12.6287,0.768061,54.8048,3,0.187141,1.34898,0.326877,0.0474055,1.34898,3.95067,-3.71155,4.5657
2024-12-02,4419.59,332,12.6717,0.452284,52.1864,3,0.0801905,0.824378,0.106159,0.0542218,0.824378,2.78871,-2.88961,2.28725
2024-12-03,4462.97,326,13.1312,0.530064,50.1701,3,0.610467,0.449661,1.07155,0.149383,0.449661,2.85996,-1.97476,-0.715122
2024-12-04,4443.53,331,13.2358,0.628705,50.6613,3,0.35809,0.899321,0.5471,0.169079,0.899321,2.63232,-0.969895,-1.00113
2024-12-05,4424.56,329,13.3142,0.161786,54.3937,3,0.248629,0.0749434,0.316203,0.181056,0.0749434,2.6311,0.0497708,1.71282
2024-12-06,4407.13,326,11.2785,-0.18683,56.6078,3,-0.0738854,-0.299774,0.105412,-0.253182,-0.299774,3.4096,0.0660679,3.13209
2024-12-09,4396.52,323,11.333,-0.369278,59.4638,3,-0.213951,-0.524604,-0.185163,-0.242739,-0.524604,3.92351,0.156858,5.38343
2024-12-10,4379.71,323,11.4397,-0.320152,63.6608,3,-0.565361,-0.0749434,-0.910535,-0.220187,-0.0749434,3.72295,0.266311,9.67154
2024-12-11,4377.34,316,9.9856,-0.796606,64.3826,3,-0.618948,-0.974264,-0.704862,-0.533033,-0.974264,3.05484,-4.05511e-05,11.3278
2024-12-12,4361.22,305,8.33549,-1.21474,58.8391,3,-0.780719,-1.64876,-0.673734,-0.887703,-1.64876,1.80799,-0.770324,7.80142
2024-12-13,4335.2,309,8.49098,-0.969374,51.9174,3,-0.814596,-1.12415,-0.781347,-0.847846,-1.12415,-0.569899,-1.51588,4.00315
2024-12-16,4341.32,316,8.47262,-0.542493,46.8121,3,-0.710268,-0.374717,-0.576133,-0.844403,-0.374717,-2.47962,-2.27983,1.5716
2024-12-17,4324.19,319,7.51693,-0.480759,42.4567,3,-0.811631,-0.149887,-0.582714,-1.04055,-0.149887,-3.73848,-3.37836,-0.426501
2024-12-18,4345.32,314,7.78487,-0.318333,40.6905,3,-0.636666,0,-0.295304,-0.978028,0,-3.95596,-4.36152,-0.991995
2024-12-19,4359.11,329,7.80247,0.751282,44.8095,3,-0.445965,1.94853,0.0755869,-0.967516,1.94853,-3.26958,-5.3438,3.42288
2024-12-20,4394.5,325,8.09877,0.660897,49.5896,3,-0.0271872,1.34898,0.843664,-0.898039,1.34898,-1.55652,-6.29108,7.43716
2024-12-23,4374.62,322,7.80307,0.190262,50.9543,3,-0.219023,0.599547,0.518452,-0.956499,0.599547,-0.740795,-7.31464,9.00971
2024-12-24,4395.44,325,7.43691,0.290599,51.7323,3,-0.0183495,0.599547,0.994339,-1.03104,0.599547,0.331167,-8.46452,9.86561
2024-12-25,4380.94,325,7.25644,0.357414,51.3564,3,-0.259436,0.974264,0.544787,-1.06366,0.974264,0.705822,-9.64526,10.2958
2024-12-26,4380.94,327,7.25618,-0.171634,47.7918,3,-0.343268,0,0.370959,-1.0575,0,1.05988,-10.7016,7.43349
2024-12-27,4375.86,323,7.26178,-0.296189,43.7543,3,-0.592379,0,-0.136848,-1.04791,0,0.61539,-11.704,4.84289
2024-12-30,4401.98,331,7.51084,0.272991,43.0793,3,-0.278396,0.824378,0.437216,-0.994008,0.824378,0.929116,-12.6882,4.83832
2024-12-31,4409.15,330,6.57571,0.0321106,41.2158,3,-0.460383,0.524604,0.260067,-1.18083,0.524604,0.158192,-13.9075,4.96505
2025-01-01,4409.15,330,6.42562,0.0725327,39.1578,3,-0.379539,0.524604,0.44357,-1.20265,0.524604,0.0599443,-15.1394,4.23719
2025-01-02,4409.15,332,6.25941,0.0625908,38.7937,3,-0.399422,0.524604,0.432331,-1.23118,0.524604,0.169224,-16.4557,5.08018
2025-01-03,4410.5,325,6.09944,-0.0388345,39.3372,3,-0.377443,0.299774,0.499226,-1.25411,0.299774,0.540695,-17.4206,6.21716
2025-01-06,4355.51,323,7.53204,-0.593798,38.5135,3,-0.737935,-0.449661,-0.527565,-0.948304,-0.449661,0.217476,-18.0498,6.3458
2025-01-07,4355.51,321,7.42726,-0.65578,37.2919,3,-0.786957,-0.524604,-0.611638,-0.962276,-0.524604,0.497066,-18.687,5.48182
2025-01-08,4342.31,329,7.49151,-0.393579,38.7602,3,-0.862101,0.0749434,-0.783223,-0.940979,0.0749434,0.425224,-19.1435,7.47853
2025-01-09,4347.42,328,7.40691,-0.489041,41.4438,3,-0.828196,-0.149887,-0.704801,-0.95159,-0.149887,0.398263,-19.3145,10.3601
2025-01-10,4321.19,327,7.414,-0.350827,43.7637,3,-1.00143,0.299774,-1.05997,-0.942888,0.299774,0.134946,-19.4757,13.1045
2025-01-13,4343.48,327,7.63428,-0.0124148,45.7693,3,-0.47449,0.449661,-0.0562135,-0.892767,0.449661,0.630431,-19.565,14.7039
2025-01-14,4331.23,324,7.56645,-0.0930561,47.2433,3,-0.560829,0.374717,-0.218266,-0.903393,0.374717,0.978601,-19.4555,15.7202
2025-01-15,4300.24,317,7.76111,-0.704965,45.7733,3,-0.660496,-0.749434,-0.461576,-0.859415,-0.749434,0.819182,-19.3215,14.2757
2025-01-16,4294.11,314,7.64183,-0.822988,39.8681,3,-0.746655,-0.899321,-0.619597,-0.873713,-0.899321,0.155652,-19.0587,8.77106
2025-01-17,4338.15,315,7.99545,-0.485851,35.7004,3,-0.222267,-0.749434,0.343277,-0.787812,-0.749434,-0.313092,-18.7427,4.75615
2025-01-20,4344.27,315,7.88969,-0.54532,33.1108,3,-0.341205,-0.749434,0.121552,-0.803962,-0.749434,-0.677239,-18.4296,2.21765
2025-01-21,4344.27,319,7.65959,-0.252319,31.2492,3,-0.279809,-0.22483,0.289201,-0.848818,-0.22483,-1.31898,-18.1195,0.68764
2025-01-22,4307.07,313,8.12539,-0.211373,29.349,3,-0.272859,-0.149887,0.205288,-0.751005,-0.149887,-1.61583,-17.6723,-1.36291
2025-01-23,4278.01,315,8.38271,-0.0857605,29.6324,3,-0.402775,0.231254,-0.111698,-0.693852,0.231254,-2.05763,-17.3662,-0.943697
2025-01-24,4245.65,313,8.68534,-0.449949,29.1258,3,-0.899899,0,-1.17251,-0.627291,0,-2.99302,-16.9399,-0.941288
2025-01-27,4188.46,321,9.20806,-0.318778,27.2148,3,-1.29161,0.654052,-2.06471,-0.518503,0.654052,-5.2108,-16.3367,-1.23771
2025-01-28,4220.86,323,9.80183,-0.245739,26.3395,3,-0.997346,0.505868,-1.60249,-0.392201,0.505868,-6.84913,-15.5466,-1.26478
2025-01-29,4219,326,9.79006,0.239125,26.8626,3,-0.748096,1.22635,-1.10629,-0.389902,1.22635,-8.26095,-14.8666,-0.00986522
2025-01-30,4195.6,320,9.82298,-0.0592426,26.4795,3,-0.708665,0.590179,-1.03446,-0.382868,0.590179,-9.55467,-14.0733,0.107528
2025-01-31,4170.01,327,9.84577,0.34472,27.6947,3,-0.659542,1.34898,-0.946761,-0.372322,1.34898,-10.926,-13.3789,1.99961
2025-02-03,4183.93,326,9.36327,0.191375,30.2643,3,-0.207428,0.590179,0.0528319,-0.467689,0.590179,-10.5424,-13.1192,3.92598
2025-02-04,4198.66,330,9.54466,0.222874,33.2599,3,-0.313054,0.758802,-0.198372,-0.427736,0.758802,-10.297,-12.7951,6.35193
2025-02-05,4153.54,331,10.0589,0.0107949,34.6769,3,-0.56859,0.590179,-0.820212,-0.316967,0.590179,-10.3852,-12.2815,7.34354
2025-02-06,4180.06,332,10.4523,0.507807,38.259,3,-0.164746,1.18036,-0.0995129,-0.229978,1.18036,-9.92917,-11.7368,9.92497
2025-02-07,4150.99,328,10.5055,0.035071,39.6751,3,-0.182792,0.252934,-0.152394,-0.21319,0.252934,-9.10687,-11.0885,9.87052
2025-02-10,4113.7,326,10.4294,-0.197337,38.9947,3,-0.563297,0.168623,-0.899846,-0.226749,0.168623,-9.88715,-10.4437,9.32549
2025-02-11,4132.93,326,10.7529,-0.330737,38.1251,3,-0.492851,-0.168623,-0.830324,-0.155377,-0.168623,-10.4409,-9.71787,8.28382
2025-02-12,4153.8,321,10.8975,-0.336855,39.4743,3,0.000780999,-0.674491,0.123484,-0.121922,-0.674491,-9.92374,-9.05458,8.45259
2025-02-13,4165.07,322,11.0112,-0.385671,41.0936,3,-0.096852,-0.674491,-0.0992734,-0.0944306,-0.674491,-9.46523,-8.34808,8.90689
2025-02-14,4161.46,316,10.1116,-0.424812,41.3209,3,-0.00651115,-0.843113,0.271667,-0.284689,-0.843113,-9.53709,-7.8754,8.73336
2025-02-17,4100.66,316,10.9586,-0.381046,41.934,3,-0.0876008,-0.674491,-0.0737645,-0.101437,-0.674491,-9.73269,-7.21832,8.88502
2025-02-18,4100.66,314,10.9586,-0.534638,40.8816,3,-0.226162,-0.843113,-0.35347,-0.0988542,-0.843113,-10.3217,-6.49497,7.6982
2025-02-19,4111.38,316,10.9057,-0.277327,40.6366,3,-0.30172,-0.252934,-0.495432,-0.108007,-0.252934,-10.9791,-5.88394,7.49961
2025-02-20,4098.67,319,10.7844,-0.286115,39.8948,3,-0.487919,-0.0843113,-0.84474,-0.131098,-0.0843113,-11.6538,-5.34357,6.89218
2025-02-21,4077.56,326,10.6552,0.190507,42.2776,3,-0.630723,1.01174,-1.10566,-0.155786,1.01174,-11.6439,-4.92097,8.84246
2025-02-24,4073.56,328,9.74463,0.438382,45.1309,3,-0.303595,1.18036,-0.259236,-0.347954,1.18036,-9.96985,-4.77745,9.87819
2025-02-25,4112.63,332,9.99116,0.85216,49.3093,3,0.0180921,1.68623,0.328226,-0.292042,1.68623,-8.152,-4.69357,12.1549
2025-02-26,4126.54,330,10.1256,0.702392,51.0774,3,0.0558017,1.34898,0.374246,-0.262643,1.34898,-6.73883,-4.57181,12.388
2025-02-27,4123.1,332,9.98794,0.687985,53.9232,3,0.111301,1.26467,0.513651,-0.29105,1.26467,-5.25391,-4.47751,13.6547
2025-02-28,4120.11,336,9.79379,0.618665,54.9623,3,0.225593,1.01174,0.782333,-0.331147,1.01174,-3.60314,-4.43397,12.9994
2025-03-03,4134.04,338,9.79608,0.684587,56.8241,3,0.357438,1.01174,1.04422,-0.329349,1.01174,-2.6534,-4.29231,13.7698
2025-03-04,4116.61,334,9.75008,0.131035,56.4784,3,-0.0751745,0.337245,0.183021,-0.33337,0.337245,-2.29237,-4.20476,12.9756
2025-03-05,4144.18,325,9.38295,-0.129908,55.9479,3,-0.00688268,-0.252934,0.387469,-0.401235,-0.252934,-1.14587,-4.28781,11.3816
2025-03-06,4125.63,333,9.17774,0.056331,54.2389,3,-0.140272,0.252934,0.158098,-0.438642,0.252934,-0.902625,-4.49444,9.63597
2025-03-07,4104.56,330,9.03043,-0.314543,52.9099,3,-0.291841,-0.337245,-0.11787,-0.465812,-0.337245,-0.870613,-4.73978,8.52029
2025-03-10,4116.8,335,8.52991,-0.21942,52.8258,3,-0.354528,-0.0843113,-0.144192,-0.564865,-0.0843113,-0.150201,-5.06239,8.03841
2025-03-11,4161.96,335,9.23798,0.227947,54.9479,3,0.202959,0.252934,0.813747,-0.407828,0.252934,1.41483,-5.29387,8.82691
2025-03-12,4152.76,330,9.10765,0.248944,57.1577,3,-0.0922923,0.590179,0.250288,-0.434873,0.590179,1.53117,-5.57589,11.2024
2025-03-13,4110.08,336,9.74471,0.105507,58.9937,3,-0.210544,0.421557,-0.124636,-0.296451,0.421557,1.50232,-5.74933,13.2407
2025-03-14,4114.18,331,9.76202,0.121106,61.0113,3,-0.0107211,0.252934,0.26822,-0.289662,0.252934,1.49251,-5.72891,15.2477
2025-03-17,4102.67,334,8.27475,-0.136415,61.9063,3,-0.357141,0.0843113,-0.105295,-0.608987,0.0843113,1.45953,-6.19306,16.6398
2025-03-18,4076.7,338,8.57868,-0.228278,63.018,3,-0.878113,0.421557,-1.22083,-0.53539,0.421557,0.642396,-6.58313,18.9588
2025-03-19,4126.03,333,9.59277,0.055806,64.2147,3,-0.309945,0.421557,-0.301738,-0.318151,0.421557,0.820882,-6.75539,20.1492
2025-03-20,4143.14,336,9.60899,0.16497,65.8128,3,0.161316,0.168623,0.638117,-0.315484,0.168623,2.19322,-6.88993,20.5096
2025-03-21,4187.72,339,10.0024,0.659953,67.4464,3,0.518948,0.800958,1.26951,-0.23161,0.800958,4.37097,-6.91678,19.9923
2025-03-24,4168.82,336,10.1884,0.366245,67.1975,3,0.479557,0.252934,1.15112,-0.192006,0.252934,5.67795,-6.7797,18.2992
2025-03-25,4168.82,336,9.69745,0.27226,65.1692,3,0.628831,-0.0843113,1.55793,-0.300272,-0.0843113,6.8653,-6.8387,15.1426
2025-03-26,4107.14,337,11.0938,0.162815,63.2419,3,-0.0959273,0.421557,-0.191087,-0.000767246,0.421557,6.37835,-6.63572,13.4993
2025-03-27,4131.42,341,11.3008,0.245763,61.6369,3,-0.0143414,0.505868,-0.0701071,0.0414242,0.505868,5.85755,-6.35238,12.1317
2025-03-28,4152.59,353,11.4333,0.539503,61.3474,3,-0.185664,1.26467,-0.438572,0.0672443,1.26467,4.71276,-5.98207,12.6167
2025-03-31,4192.57,356,11.8526,1.04774,62.6701,3,0.324943,1.77054,0.492731,0.157155,1.77054,4.17907,-5.50491,13.9959
2025-04-01,4191.79,351,11.7158,0.826182,65.1597,3,0.303383,1.34898,0.480446,0.12632,1.34898,4.42353,-5.03452,15.7707
2025-04-02,4149.24,347,12.1375,0.715211,68.0999,3,0.502997,0.927425,0.787571,0.218423,0.927425,4.74196,-4.40775,17.7657
2025-04-03,4146.07,365,12.024,1.19014,71.8695,3,0.272489,2.10778,0.351358,0.193619,2.10778,4.83067,-3.75667,20.7955
2025-04-04,4130.01,385,11.9585,1.37564,77.0556,3,-0.0309922,2.78227,-0.241299,0.179315,2.78227,4.56361,-3.06919,25.5612
2025-04-07,4274.03,392,16.9882,2.22606,83.5133,3,1.33261,3.11952,1.39428,1.27094,3.11952,5.56116,-1.37927,29.3314
2025-04-08,4374.53,394,18.3663,2.98255,89.2178,3,2.2554,3.7097,2.94589,1.5649,3.7097,6.73789,0.22401,32.2559
2025-04-09,4387.98,369,18.2824,2.31092,92.4424,3,2.68268,1.93916,3.82492,1.54044,1.93916,8.81774,1.60605,32.0186
2025-04-10,4416.69,384,17.6503,2.19324,94.8998,3,2.70026,1.68623,4,1.40051,1.68623,10.8977,2.606,31.3961
2025-04-11,4351.55,389,18.8188,1.51538,96.1521,3,2.60921,0.421557,3.56664,1.65178,0.421557,12.4155,3.68842,30.0482
2025-04-14,4338.36,386,18.8282,0.476855,96.6172,3,1.37527,-0.421557,1.09673,1.65381,-0.421557,12.8714,4.98673,28.759
2025-04-15,4286.17,391,19.3034,0.0454527,96.8093,3,0.259528,-0.168623,-1.23695,1.756,-0.168623,12.7321,6.32067,27.7565
2025-04-16,4329.9,404,19.1918,1.75825,97.8119,3,0.48129,3.03521,-0.769417,1.732,3.03521,11.6891,7.0973,29.0255
2025-04-17,4306.54,397,19.3762,0.645482,98.0412,3,0.110605,1.18036,-1.55045,1.77166,1.18036,10.2639,8.13527,29.642
2025-04-18,4306.54,397,19.1044,0.665851,98.0439,3,0.572899,0.758802,-0.567401,1.7132,0.758802,9.23839,9.21687,29.5886
2025-04-21,4306.54,403,18.9855,1.08901,98.3499,3,0.660408,1.5176,-0.366818,1.68764,1.5176,8.17232,9.99428,30.1833
2025-04-22,4272.83,397,19.2774,0.710743,98.5147,3,0.831307,0.590179,-0.0877898,1.7504,0.590179,7.16352,10.9294,30.4218
2025-04-23,4283.22,388,18.3104,-0.39558,98.3021,3,0.473511,-1.26467,-0.595449,1.54247,-1.26467,7.0915,11.9965,29.2142
2025-04-24,4298.31,388,18.2645,0.0437369,98.219,3,0.761965,-0.674491,-0.00865543,1.53258,-0.674491,7.17816,12.9045,28.1364
2025-04-25,4274.57,383,18.4129,-0.25048,97.86,3,0.595087,-1.09605,-0.374335,1.56451,-1.09605,7.42685,14.1324,26.3008
2025-04-28,4239.62,393,18.4535,-0.213754,97.1608,3,0.331294,-0.758802,-0.910643,1.57323,-0.758802,6.95101,15.6468,24.563
2025-04-29,4227.32,386,18.4932,-0.17237,96.4808,3,0.498373,-0.843113,-0.585031,1.58178,-0.843113,6.55785,17.1297,22.7933
2025-04-30,4198.83,388,18.2701,0.127697,96.0218,3,0.171082,0.0843113,-1.18925,1.53141,0.0843113,5.46009,18.3287,22.2331
2025-05-01,4222.25,390,18.3455,0.247692,95.1849,3,0.242451,0.252934,-1.05478,1.53969,0.252934,4.73765,19.8458,20.6015
2025-05-02,4222.25,385,18.2626,0.332195,94.1,3,0.411456,0.252934,-0.690689,1.5136,0.252934,4.61596,21.5066,17.9775
2025-05-05,4243.8,384,13.5657,-0.162609,90.9011,3,0.349274,-0.674491,0.18271,0.515838,-0.674491,4.12612,22.8085,13.9665
2025-05-06,4283.62,382,11.0164,0.114878,85.5502,3,0.482689,-0.252934,0.990165,-0.0247865,-0.252934,2.94592,23.6794,8.92484
2025-05-07,4305.02,383,11.1316,0.269384,80.6481,3,0.876013,-0.337245,1.75179,0.000235115,-0.337245,1.35627,23.7186,5.57321
2025-05-08,4306.79,374,10.7935,-0.298428,73.4543,3,0.667815,-1.26467,1.40614,-0.0705065,-1.26467,-0.889456,23.7399,0.603863
2025-05-09,4260.22,374,10.2041,-0.297395,67.4788,3,0.248323,-0.843113,0.689333,-0.192687,-0.843113,-3.57096,22.761,-1.71117
2025-05-12,4239.23,347,10.2751,-1.55743,60.2006,3,-0.0796583,-3.03521,0.015351,-0.174668,-3.03521,-4.67333,21.5574,-6.68338
2025-05-13,4218.6,342,9.54852,-1.95565,52.6744,3,-0.623166,-3.28814,-0.923387,-0.322945,-3.28814,-4.42293,19.7992,-12.7018
2025-05-14,4204.63,345,8.65597,-2.05398,38.2987,3,-0.988435,-3.11952,-1.47143,-0.505443,-3.11952,-5.02186,17.4214,-24.1009
2025-05-15,4194.18,353,8.54088,-1.3913,31.1178,3,-1.09638,-1.68623,-1.66287,-0.529891,-1.68623,-5.00047,14.879,-28.7608
2025-05-16,4196.66,349,8.55558,-1.36993,24.5951,3,-0.716386,-2.02347,-0.906002,-0.526769,-2.02347,-5.12058,12.3652,-32.6496
2025-05-19,4194.28,350,8.54658,-0.118358,21.1044,3,-0.573962,0.337245,-0.619244,-0.528681,0.337245,-5.20343,10.1324,-33.8246
2025-05-20,4168.03,346,8.40346,-0.106981,18.9149,3,-0.635519,0.421557,-0.711955,-0.559083,0.421557,-5.62739,7.98329,-33.441
2025-05-21,4172.76,342,8.3408,-0.331699,19.0807,3,-0.494775,-0.168623,-0.417155,-0.572394,-0.168623,-5.48576,6.20853,-31.6421
2025-05-22,4169.47,345,8.14838,-0.52564,17.634,3,-0.461101,-0.590179,-0.304586,-0.617615,-0.590179,-5.65234,4.32707,-31.0407
2025-05-23,4176.54,345,8.07966,-0.343659,17.4041,3,-0.434383,-0.252934,-0.231529,-0.637237,-0.252934,-5.51976,2.48696,-29.5631
2025-05-26,4165.41,345,7.66728,-0.442831,16.8469,3,-0.548417,-0.337245,-0.370687,-0.726146,-0.337245,-5.04007,0.572871,-28.6859
2025-05-27,4165.41,341,7.63493,-0.344242,16.4364,3,-0.35124,-0.337245,0.0306427,-0.733122,-0.337245,-4.5105,-1.33257,-27.7205
2025-05-28,4128.15,339,7.90363,-0.41313,15.1876,3,-0.657638,-0.168623,-0.639565,-0.67571,-0.168623,-3.99789,-3.09963,-27.7149
2025-05-29,4126.44,341,7.53686,-0.470103,13.63,3,-0.687272,-0.252934,-0.619695,-0.754849,-0.252934,-3.57031,-4.85502,-27.9447
2025-05-30,4106.79,344,7.63033,-0.439681,12.081,3,-0.879361,0,-1.02864,-0.730084,0,-3.74937,-6.48043,-27.6892
2025-06-02,4148.72,342,8.37637,-0.267526,11.8805,3,-0.366429,-0.168623,-0.164366,-0.568492,-0.168623,-4.00512,-7.29649,-26.8179
2025-06-03,4148.72,334,7.43033,-0.485382,10.7782,3,-0.464895,-0.505868,-0.162278,-0.767512,-0.505868,-4.80285,-7.72197,-26.697
2025-06-04,4136.71,339,7.0195,-0.109988,10.1206,3,-0.304287,0.0843113,0.240811,-0.849385,0.0843113,-5.87498,-8.26363,-25.7408
2025-06-05,4107.85,344,7.17404,-0.0823136,10.4915,3,-0.501873,0.337245,-0.189864,-0.813882,0.337245,-7.11899,-8.88194,-23.5075
2025-06-06,4097.66,346,6.4345,-0.122961,10.798,3,-0.498855,0.252934,-0.0306607,-0.96705,0.252934,-7.70466,-9.51873,-21.9786
2025-06-09,4138.72,351,7.58758,0.230076,14.3139,3,-0.382961,0.843113,-0.0421595,-0.723763,0.843113,-8.18456,-10.4943,-17.0073
2025-06-10,4138.53,351,7.46983,0.560799,20.4526,3,-0.396007,1.5176,-0.0434064,-0.748608,1.5176,-7.99962,-11.5875,-9.96029
2025-06-11,4190.9,352,8.8134,0.718476,28.7635,3,0.256593,1.18036,0.97996,-0.466775,1.18036,-6.24912,-12.2358,-2.75159
2025-06-12,4190.61,348,8.77049,0.450472,35.0454,3,0.479387,0.421557,1.43464,-0.47586,0.421557,-3.53485,-12.519,1.09923
2025-06-13,4169.13,347,8.94959,0.288294,41.0816,3,0.407966,0.168623,1.25387,-0.437937,0.168623,-1.54786,-12.6357,5.26516
2025-06-16,4147.34,342,9.11822,-0.374579,40.1309,3,-0.074667,-0.674491,0.2529,-0.402234,-0.674491,-0.721246,-12.4919,3.3441
2025-06-17,4096.44,347,9.8483,-0.327042,39.319,3,-0.40115,-0.252934,-0.554884,-0.247416,-0.252934,-0.571876,-12.1755,2.06641
2025-06-18,4098.83,347,9.8354,-0.565119,38.4629,3,-0.792993,-0.337245,-1.33648,-0.249506,-0.337245,-1.4355,-11.8465,1.74487
2025-06-19,4076.32,347,9.97038,-0.476863,38.6413,3,-0.953725,0,-1.69264,-0.21481,0,-2.74249,-11.4727,2.85652
2025-06-20,4076.32,349,9.92477,-0.267272,38.9213,3,-0.787478,0.252934,-1.35605,-0.218905,0.252934,-3.80342,-11.0866,3.81132
2025-06-23,4080.06,351,9.9367,0.129386,41.0358,3,-0.584341,0.843113,-0.952762,-0.215921,0.843113,-4.37164,-10.655,6.06238
2025-06-24,4080.06,349,9.9367,0.0366651,42.4583,3,-0.179604,0.252934,-0.14447,-0.214737,0.252934,-4.54876,-10.1901,7.19722
2025-06-25,4081.15,350,9.48747,0.0502873,44.2022,3,-0.236671,0.337245,-0.165972,-0.307369,0.337245,-4.10971,-9.86513,8.17705
2025-06-26,4067.64,351,9.53683,0.132096,46.4847,3,-0.157366,0.421557,-0.0213673,-0.293364,0.421557,-3.54874,-9.44749,9.48097
2025-06-27,4042.87,352,9.62349,-0.00699571,48.1324,3,-0.351237,0.337245,-0.429319,-0.273155,0.337245,-2.98037,-9.02045,10.1332
2025-06-30,4069.67,349,9.15931,-0.147376,48.5906,3,-0.210442,-0.0843113,-0.0499232,-0.37096,-0.0843113,-2.87166,-8.83342,10.2956
2025-07-01,4069.67,344,9.15931,-0.273643,49.3985,3,-0.21004,-0.337245,-0.0499232,-0.370157,-0.337245,-2.76494,-8.45577,10.6192
2025-07-02,4047.71,341,9.27245,-0.531624,47.7903,3,-0.388756,-0.674491,-0.43257,-0.344942,-0.674491,-3.40586,-7.97066,9.16678
2025-07-03,4006.46,321,9.61191,-1.5147,42.369,3,-0.58437,-2.44503,-0.899437,-0.269303,-2.44503,-4.05961,-7.40932,3.83796
2025-07-04,3974.37,321,9.90458,-1.57235,37.0272,3,-0.615365,-2.52934,-1.02975,-0.200976,-2.52934,-4.94747,-6.60321,-1.42209
2025-07-07,3974.37,322,8.95637,-1.5641,30.7556,3,-0.936101,-2.19209,-1.47503,-0.397168,-2.19209,-6.14538,-6.15222,-6.94679
2025-07-08,4022.29,330,10.2359,-0.745739,26.507,3,-0.395431,-1.09605,-0.665326,-0.125535,-1.09605,-6.56499,-5.45731,-11.4707
2025-07-09,4054.13,325,9.49362,-0.64547,22.4139,3,-0.0262701,-1.26467,0.231793,-0.284333,-1.26467,-7.03317,-5.14657,-15.4063
2025-07-10,4026.09,324,9.65298,0.2208,21.7618,3,0.104354,0.337245,0.456857,-0.248149,0.337245,-7.84307,-4.92275,-15.4723
2025-07-11,4013.5,323,9.5926,0.259521,21.6809,3,0.266108,0.252934,0.790352,-0.258135,0.252934,-8.23886,-4.76396,-15.3162
2025-07-14,4003.9,323,9.51412,0.173658,23.2523,3,0.178694,0.168623,0.629529,-0.272141,0.168623,-8.01057,-4.70875,-14.0283
2025-07-15,4011.79,318,8.72534,-0.586725,22.5002,3,-0.246025,-0.927425,-0.0510494,-0.441001,-0.927425,-7.52624,-4.85048,-15.123
2025-07-16,4015.04,321,8.73131,-0.370362,23.063,3,-0.487791,-0.252934,-0.535885,-0.439696,-0.252934,-6.85856,-5.0377,-15.0407
2025-07-17,4031.86,322,8.75003,-0.0950673,24.1887,3,-0.105823,-0.0843113,0.224901,-0.436548,-0.0843113,-5.22416,-5.27448,-15.3127
2025-07-18,4016.44,317,8.82359,-0.272283,24.1737,3,-0.12301,-0.421557,0.174929,-0.420949,-0.421557,-3.87396,-5.45204,-16.5003
2025-07-21,4000.61,316,8.87133,-0.33914,22.7969,3,-0.172412,-0.505868,0.0662744,-0.411098,-0.505868,-2.9458,-5.56775,-18.6895
2025-07-22,4026.27,316,9.24762,-0.0316108,22.6,3,0.0210898,-0.0843113,0.371831,-0.329652,-0.0843113,-2.49144,-5.65947,-19.249
2025-07-23,4061.36,308,9.82382,-0.326981,21.5296,3,0.357774,-1.01174,0.915128,-0.199581,-1.01174,-1.53616,-5.51814,-21.4161
2025-07-24,4052.86,305,9.78264,-0.605425,19.5242,3,0.138132,-1.34898,0.48338,-0.207115,-1.34898,-1.0808,-5.34826,-24.0468
2025-07-25,4063.31,307,9.5682,-0.210624,18.9911,3,0.337553,-0.758802,0.927281,-0.252174,-0.758802,0.0703949,-5.30337,-25.7759
2025-07-28,4110.48,304,10.1458,0.00742502,19.3955,3,0.942275,-0.927425,2.00056,-0.11601,-0.927425,1.80911,-5.10784,-27.3057
2025-07-29,4170.59,309,11.2948,0.444295,21.3387,3,1.3523,-0.463712,2.55492,0.149682,-0.463712,4.08766,-4.74855,-28.0004
2025-07-30,4154.79,309,11.183,0.559652,24.4998,3,0.908526,0.210778,1.69254,0.124516,0.210778,6.06454,-4.44903,-27.1157
2025-07-31,4179.69,306,10.4171,0.652323,31.4553,3,1.09387,0.210778,2.23616,-0.0484187,0.210778,9.18325,-4.42153,-23.3064
2025-08-01,4186.71,327,9.70719,1.39694,42.1171,3,0.981187,1.81269,2.17225,-0.209874,1.81269,12.5144,-4.57239,-15.825
2025-08-04,4129.42,316,11.2987,0.695197,50.6885,3,0.294347,1.09605,0.423724,0.16497,1.09605,14.4081,-4.06595,-9.6537
2025-08-05,4097.38,316,11.14,0.0926906,53.8825,3,-0.48911,0.674491,-1.10641,0.128187,0.674491,13.9658,-3.818,-6.26529
2025-08-06,4093.12,314,10.8471,0.0414445,56.4818,3,-0.422979,0.505868,-0.904888,0.0589302,0.505868,12.8463,-3.48104,-2.88345
2025-08-07,4049.35,310,11.2689,-0.257297,54.675,3,-0.93615,0.421557,-2.03191,0.159606,0.421557,10.5043,-3.10028,-2.72907
2025-08-08,4049.35,308,11.1975,-1.25964,48.8874,3,-1.00167,-1.5176,-2.14589,0.142551,-1.5176,7.72566,-2.72472,-6.11352
2025-08-11,4034.74,301,11.2468,-0.915483,44.7454,3,-0.650607,-1.18036,-1.45553,0.154314,-1.18036,5.72042,-2.31142,-8.66356
2025-08-12,4045.87,292,11.2649,-1.11418,42.7572,3,-0.289197,-1.93916,-0.737036,0.158643,-1.93916,5.05439,-1.7363,-10.5609
2025-08-13,4017.12,290,11.5771,-1.19705,39.6795,3,-0.454944,-1.93916,-1.14304,0.233152,-1.93916,4.45226,-1.09144,-13.6814
2025-08-14,4020.64,288,11.4788,-0.902053,36.7357,3,-0.0757244,-1.72838,-0.361145,0.209696,-1.72838,3.86971,-0.47808,-16.6559
2025-08-15,4048.74,286,11.6565,-0.752648,35.0185,3,0.18093,-1.68623,0.109745,0.252116,-1.68623,3.78799,0.151262,-18.9207
2025-08-18,4019.24,286,11.882,-0.507013,34.4254,3,0.0820221,-1.09605,-0.141879,0.305923,-1.09605,3.58677,0.817254,-19.9786
2025-08-19,4019.24,287,11.6569,-0.14731,34.0188,3,-0.0416854,-0.252934,-0.331502,0.248131,-0.252934,2.92888,1.35218,-20.2623
2025-08-20,4036.42,290,11.3171,0.235765,36.0131,3,0.302907,0.168623,0.444525,0.161289,0.168623,2.50915,1.6985,-18.1946
2025-08-21,4025.51,291,11.332,0.277716,39.219,3,0.17603,0.379401,0.191026,0.161034,0.379401,2.25574,2.06043,-15.0972
2025-08-22,4034.18,289,11.3186,0.171844,40.6319,3,0.00644316,0.337245,-0.140736,0.153623,0.337245,1.25305,2.45043,-13.0715
2025-08-25,4008.7,290,10.5802,0.185649,41.2947,3,-0.0502586,0.421557,-0.0735263,-0.0269908,0.421557,-0.708614,2.53785,-10.5346
2025-08-26,4017.44,294,8.91639,0.243194,40.5471,3,-0.188103,0.674491,0.0609588,-0.437165,0.674491,-3.06486,1.97946,-8.36753
2025-08-27,4044.51,300,9.3838,0.437089,40.0931,3,-0.0532459,0.927425,0.216093,-0.322585,0.927425,-4.45615,1.55538,-7.00612
2025-08-28,4051.97,280,9.06549,-0.388567,36.2972,3,0.06598,-0.843113,0.533859,-0.401899,-0.843113,-6.00414,1.20961,-8.90823
2025-08-29,4019.09,282,9.26982,-0.383615,30.1225,3,-0.261361,-0.505868,-0.169287,-0.353435,-0.505868,-7.99847,1.04977,-12.9288
2025-09-01,4018.41,282,8.17933,-0.384579,26.6252,3,-0.178978,-0.590179,0.261922,-0.619879,-0.590179,-7.99395,0.327154,-15.708
2025-09-02,4018.41,282,7.82735,-0.610681,24.4631,3,-0.293936,-0.927425,0.110451,-0.698324,-0.927425,-6.80855,-0.407454,-18.3209
2025-09-03,4016.94,281,7.83024,-1.0041,21.4322,3,-0.532759,-1.47545,-0.375623,-0.689895,-1.47545,-6.19714,-1.04466,-21.326
2025-09-04,4002.86,281,7.00527,-0.30344,21.3037,3,-0.817659,0.210778,-0.749253,-0.886066,0.210778,-5.08438,-1.94529,-21.6667
2025-09-05,3991.09,266,7.05092,-0.901311,22.3136,3,-0.622263,-1.18036,-0.374896,-0.86963,-1.18036,-3.58643,-2.84136,-21.2587
2025-09-08,3960.94,264,7.39878,-1.09543,21.803,3,-0.84188,-1.34898,-0.905754,-0.778007,-1.34898,-3.09576,-3.63711,-21.4641
2025-09-09,3945.29,255,7.33972,-1.54752,20.6016,3,-0.98725,-2.10778,-1.18787,-0.786633,-2.10778,-3.45098,-4.41071,-21.5367
2025-09-10,3919.13,242,7.29073,-2.16815,18.056,3,-1.21678,-3.11952,-1.63687,-0.7967,-3.11952,-3.78147,-5.16667,-22.9958
2025-09-11,3921.58,241,7.28164,-2.1343,15.124,3,-1.06478,-3.20383,-1.33788,-0.791674,-3.20383,-4.44669,-5.80604,-24.6232
2025-09-12,3903.18,242,6.69023,-1.52334,13.4609,3,-1.19183,-1.85485,-1.46179,-0.921878,-1.85485,-5.59094,-6.60561,-24.3425
2025-09-15,3906.24,247,6.42221,-1.09182,12.2859,3,-0.918975,-1.26467,-0.860117,-0.977833,-1.26467,-6.05074,-7.48702,-24.1764
2025-09-16,3897.57,252,6.40519,-0.469638,11.6698,3,-0.854964,-0.0843113,-0.732235,-0.977693,-0.0843113,-6.29873,-8.35549,-23.6759
2025-09-17,3881.92,254,6.07664,0.19067,11.5854,3,-0.799019,1.18036,-0.543569,-1.05447,1.18036,-7.04895,-9.27771,-22.0879
2025-09-18,3880.01,250,6.09096,0.0449987,11.1568,3,-0.837427,0.927425,-0.628654,-1.0462,0.927425,-7.62247,-10.1305,-21.0903
2025-09-19,3892.45,248,6.19275,0.0696731,10.9722,3,-0.535145,0.674491,-0.057234,-1.01305,0.674491,-7.53425,-10.9845,-20.5091
2025-09-22,3891.19,247,5.9709,-0.212428,10.274,3,-0.598918,0.174062,-0.138074,-1.05976,0.174062,-7.48679,-11.6197,-20.6195
2025-09-23,3852.16,246,6.53203,-0.587039,8.92275,3,-0.814349,-0.359728,-0.70805,-0.920648,-0.359728,-7.84596,-11.6587,-21.5726
2025-09-24,3844.47,246,5.64418,-0.691491,7.30419,3,-0.843389,-0.539593,-0.554674,-1.1321,-0.539593,-8.09083,-11.7866,-22.8183
2025-09-25,3881.26,251,6.9436,-0.0248352,7.79927,3,-0.319467,0.269796,0.172341,-0.811274,0.269796,-8.45039,-12.227,-21.5233
2025-09-26,3898.87,254,6.94964,0.211388,8.66341,3,-0.273472,0.696249,0.262193,-0.809137,0.696249,-8.3101,-12.8081,-20.2183
2025-09-29,3908.12,263,7.07236,0.657697,10.3464,3,-0.160055,1.47545,0.454402,-0.774513,1.47545,-8.45698,-13.3737,-17.8229
2025-09-30,3901.29,263,7.05395,0.849948,13.0865,3,0.140136,1.55976,1.05397,-0.773698,1.55976,-8.1106,-14.059,-14.7439
2025-10-01,3923.55,264,7.49442,1.03332,17.6864,3,0.464727,1.60192,1.59508,-0.665628,1.60192,-6.94984,-14.8737,-10.49
2025-10-02,3890,264,7.90935,0.523627,19.8149,3,-0.133106,1.18036,0.295623,-0.561835,1.18036,-6.20833,-14.9142,-9.06264
2025-10-03,3897.64,258,7.97621,0.102878,22.5972,3,-0.215801,0.421557,0.108403,-0.540005,0.421557,-5.93482,-14.9816,-6.48636
2025-10-06,3874.18,255,7.82926,-0.563357,24.1567,3,-0.536534,-0.590179,-0.503473,-0.569595,-0.590179,-5.64878,-14.9709,-5.22358
2025-10-07,3853.19,257,7.91743,-0.546646,27.2419,3,-0.658136,-0.435155,-0.771725,-0.544548,-0.435155,-5.38699,-15.051,-2.32012
2025-10-08,3867.54,255,7.82202,-0.71839,32.0319,3,-0.740531,-0.696249,-0.915361,-0.565701,-0.696249,-4.85268,-15.2014,2.08596
2025-10-09,3879.8,260,7.92871,-0.284225,38.5984,3,-0.298654,-0.269796,-0.0596717,-0.537636,-0.269796,-3.75717,-15.2985,7.65412
2025-10-10,3894.99,271,7.91754,0.49452,46.1466,3,-0.229394,1.21843,0.0808423,-0.539631,1.21843,-2.33418,-15.1246,13.6054
2025-10-13,3913.24,271,8.09396,0.809383,53.3931,3,0.185473,1.43329,0.865768,-0.494823,1.43329,-0.690113,-14.6696,18.7528
2025-10-14,3913.24,277,8.04809,1.07438,59.2073,3,0.378223,1.77054,1.25746,-0.501009,1.77054,1.19683,-14.1048,22.1153
2025-10-15,3933.31,273,8.0657,1.01641,62.2435,3,0.4309,1.60192,1.35224,-0.490441,1.60192,2.96847,-13.4754,22.7504
2025-10-16,3902.16,272,8.62209,0.595294,64.2269,3,0.094541,1.09605,0.536518,-0.347436,1.09605,4.03886,-12.7446,22.9327
2025-10-17,3877.07,268,8.86629,-0.210018,63.2233,3,-0.251414,-0.168623,-0.217654,-0.285174,-0.168623,3.90111,-12.1023,21.4245
2025-10-20,3808.12,269,10.8775,-0.458502,62.3326,3,-0.832693,-0.0843113,-1.88506,0.219678,-0.0843113,2.27098,-10.9318,20.9935
2025-10-21,3877.26,266,12.2714,-0.417418,62.9473,3,0.00827833,-0.843113,-0.553045,0.569601,-0.843113,2.41234,-9.51649,20.0514
2025-10-22,3876.6,268,12.2427,-0.264117,64.481,3,-0.190988,-0.337245,-0.944355,0.562378,-0.337245,2.03755,-7.89133,20.3348
2025-10-23,3900.82,254,11.9703,-0.566406,62.5338,3,0.300481,-1.43329,0.105336,0.495626,-1.43329,1.98668,-6.71163,17.2588
2025-10-24,3888.76,257,11.9149,-0.211811,60.9894,3,0.419491,-0.843113,0.356014,0.482968,-0.843113,2.08301,-5.52134,14.4277
2025-10-27,3858.63,257,12.1742,-0.0282015,58.45,3,0.828866,-0.885269,1.10622,0.551515,-0.885269,2.71145,-4.29513,10.0337
2025-10-28,3844.2,258,12.219,-0.259017,54.2732,3,0.0299905,-0.548024,-0.505399,0.56538,-0.548024,1.24168,-3.04414,6.07566
2025-10-29,3874.84,251,12.4007,-0.475272,48.5236,3,0.356281,-1.30683,0.0990503,0.613512,-1.30683,-0.183432,-1.82899,0.536048
2025-10-30,3885.29,255,12.0823,0.176938,47.2023,3,0.185253,0.168623,-0.162648,0.533155,0.168623,-0.620257,-0.783902,-1.39352
2025-10-31,3870.42,251,12.1287,-0.127584,46.3256,3,0.166389,-0.421557,-0.219408,0.552186,-0.421557,-0.932247,0.257279,-2.99944
2025-11-03,3860.12,253,11.9771,0.0459431,48.6463,3,0.34482,-0.252934,0.162987,0.526653,-0.252934,-0.297563,1.30345,-2.35963
2025-11-04,3860.12,257,11.8154,0.234332,51.6264,3,0.468663,0,0.446997,0.490329,0,0.865068,2.29057,-1.52919
2025-11-05,3872.47,249,11.7955,0.0964407,54.7259,3,0.282813,-0.0899321,0.0805156,0.485111,-0.0899321,1.81133,3.28618,-0.371626
2025-11-06,3839.47,252,12.1164,-0.140512,55.2701,3,-0.101159,-0.179864,-0.774544,0.572226,-0.179864,1.13014,4.34026,-0.200283
2025-11-07,3807.06,251,12.3118,-0.0804654,53.0878,3,-0.250863,0.0899321,-1.12735,0.625627,0.0899321,-0.0194158,5.45941,-2.35219
2025-11-10,3779.2,243,12.2979,-0.616751,47.6489,3,-0.424113,-0.809389,-1.47149,0.623266,-0.809389,-2.24839,6.52799,-6.63072
2025-11-11,3760.93,243,12.3271,-0.885801,40.2644,3,-0.602485,-1.16912,-1.83753,0.632558,-1.16912,-5.15077,7.53703,-12.1218
2025-11-12,3760.93,238,12.0673,-0.80864,33.6834,3,-0.746969,-0.870311,-2.06133,0.567393,-0.870311,-8.21673,8.37462,-16.4745
2025-11-13,3719.71,240,12.3067,-0.844332,28.813,3,-0.803395,-0.885269,-2.24646,0.63967,-0.885269,-10.5634,9.08937,-19.713
2025-11-14,3719.6,244,12.2369,-0.453829,28.0222,3,-0.486101,-0.421557,-1.59674,0.624536,-0.421557,-11.7638,9.87227,-20.0862
2025-11-17,3764.77,236,11.7001,-0.134925,29.074,3,0.165306,-0.435155,-0.148255,0.478867,-0.435155,-10.2529,10.1631,-20.8362
2025-11-18,3764.77,240,9.43785,-0.0303119,30.356,3,0.0264073,-0.0870311,0.211094,-0.15828,-0.0870311,-9.61972,9.56249,-19.5867
2025-11-19,3737.55,241,9.64121,0.110464,31.6201,3,-0.214227,0.435155,-0.328079,-0.100374,0.435155,-9.10867,9.0084,-18.2797
2025-11-20,3716.73,253,9.23564,0.576,35.6045,3,-0.0705149,1.22251,0.0751681,-0.216198,1.22251,-9.27507,8.48101,-13.6014
2025-11-21,3741.27,260,9.7649,0.842316,39.4274,3,0.251339,1.43329,0.566305,-0.0636265,1.43329,-9.17528,8.05569,-9.453
2025-11-24,3808.77,269,11.7698,1.81078,46.3249,3,0.754983,2.86659,0.998645,0.511321,2.86659,-9.37476,8.10253,-2.40287
2025-11-25,3804.09,283,11.7158,2.20376,55.7003,3,0.697826,3.7097,0.899828,0.495824,3.7097,-8.01968,8.02016,5.69979
2025-11-26,3806.16,283,11.2937,2.27485,65.7809,3,0.924304,3.62539,1.47382,0.374792,3.62539,-6.55436,7.60974,14.7255
2025-11-27,3773.6,283,11.5263,1.72479,71.041,3,0.835927,2.61365,1.23038,0.441477,2.61365,-5.1413,7.35365,18.8286
2025-11-28,3773.6,277,11.5018,1.04775,74.7624,3,0.577891,1.5176,0.714778,0.441004,1.5176,-4.20109,7.09658,21.8669
2025-12-01,3744.43,276,11.724,0.173859,75.1517,3,-0.326773,0.674491,-1.16124,0.507691,0.674491,-5.36305,7.06148,23.4532
2025-12-02,3784.43,270,12.4886,-0.398456,73.1952,3,0.214824,-1.01174,-0.301521,0.731168,-1.01174,-6.10101,7.36536,21.9309
2025-12-03,3817.66,269,12.8842,-0.260003,72.06,3,0.576042,-1.09605,0.305311,0.846772,-1.09605,-5.938,7.73992,20.2581
2025-12-04,3780.8,270,12.9826,-0.233923,71.7587,3,0.54389,-1.01174,0.213064,0.874716,-1.01174,-5.05499,8.02618,18.7875
2025-12-05,3757.92,268,12.8202,-0.190968,71.4003,3,0.292555,-0.674491,-0.241648,0.826759,-0.674491,-4.26248,8.22382,17.4389
2025-12-08,3830.02,274,14.3192,0.713708,75.5659,3,1.51173,-0.0843113,1.76023,1.26323,-0.0843113,-1.30193,8.58366,18.2842
2025-12-09,3830.02,287,14.1743,1.30436,81.6458,3,1.09111,1.5176,0.961335,1.22088,1.5176,1.11169,8.65028,21.8839
2025-12-10,3861.34,286,14.398,1.30946,86.5333,3,1.10131,1.5176,0.916365,1.28625,1.5176,3.40354,8.72287,24.4069
2025-12-11,3854.28,279,13.7064,1.06964,90.1078,3,1.29617,0.843113,1.50821,1.08414,0.843113,6.00236,8.54565,25.5598
2025-12-12,3810.99,276,14.4657,0.984748,92.2973,3,1.21069,0.758802,1.11536,1.30603,0.758802,7.64379,8.62563,26.0278
2025-12-15,3788.53,275,14.0787,0.195673,92.744,3,0.222723,0.168623,-0.747491,1.19294,0.168623,7.13633,9.02856,26.5791
2025-12-16,3817.59,280,14.3154,0.021466,92.8121,3,0.5488,-0.505868,-0.164497,1.2621,-0.505868,6.8604,10.0072,25.9445
2025-12-17,3847.1,283,14.1973,0.173128,92.8939,3,0.514879,-0.168623,-0.19783,1.22759,-0.168623,6.93647,10.9135,25.0439
2025-12-18,3866.77,283,14.0008,0.585523,92.9062,3,0.749489,0.421557,0.328816,1.17016,0.421557,7.11139,11.8785,23.9163
2025-12-19,3874.71,276,13.8952,0.661556,92.6687,3,1.2388,0.0843113,1.33829,1.13932,0.0843113,7.69904,12.7993,22.1703
2025-12-22,3817.93,263,13.6997,-0.0287408,89.8943,3,0.869943,-0.927425,0.65772,1.08217,-0.927425,7.93662,14.0453,17.9124
2025-12-23,3792.59,263,13.9047,-0.492979,84.5553,3,0.363024,-1.34898,-0.416027,1.14207,-1.34898,7.54874,15.7752,11.2313
2025-12-24,3759.48,267,14.232,-0.735426,76.7163,3,-0.206183,-1.26467,-1.65009,1.23773,-1.26467,5.40403,17.7674,3.54483
2025-12-25,3706.94,267,14.7626,-1.04614,67.8829,3,-0.827611,-1.26467,-3.04802,1.3928,-1.26467,1.74171,19.5578,-3.41662
2025-12-26,3706.94,266,14.7626,-0.818158,61.2525,3,-0.877514,-0.758802,-3.14783,1.3928,-0.758802,-1.85592,20.8866,-7.77814
2025-12-29,3716.05,265,14.5763,-0.000946607,60.6105,3,-0.254827,0.252934,-1.84801,1.33836,0.252934,-2.50627,21.7018,-8.58496
2025-12-30,3706.97,277,13.9941,0.54209,64.0266,3,-0.180491,1.26467,-1.52919,1.16821,1.26467,-3.62983,21.9092,-4.25275
2025-12-31,3757.08,275,14.5172,0.728095,67.498,3,0.697387,0.758802,0.073686,1.32109,0.758802,-3.79832,22.074,-0.777745
2026-01-01,3757.08,275,14.1315,0.948341,71.4581,3,1.13788,0.758802,1.0674,1.20836,0.758802,-2.95484,21.97,2.44299
2026-01-02,3757.08,280,13.9669,1.18716,75.7621,3,1.10965,1.26467,1.05903,1.16026,1.26467,-1.73089,21.693,5.79999
2026-01-05,3790.77,282,12.5315,1.32194,77.5434,3,1.12627,1.5176,1.51177,0.740772,1.5176,-1.92455,20.955,8.51299
2026-01-06,3770.03,276,12.6523,0.510422,75.2034,3,1.02084,0,1.26723,0.774461,0,-1.68669,20.9185,5.97155
2026-01-07,3730.26,279,12.6469,0.296594,72.0389,3,0.171632,0.421557,-0.428485,0.771749,0.421557,-2.93357,20.8629,4.10957
2026-01-08,3748.83,278,12.8677,0.357195,69.7015,3,0.377145,0.337245,-0.0780956,0.832385,0.337245,-4.41813,20.8847,3.23491
2026-01-09,3734.67,278,12.3671,0.0453973,66.4932,3,0.175106,-0.0843113,-0.328714,0.678926,-0.0843113,-5.81643,20.5918,1.71783
2026-01-12,3717.09,273,12.3115,-0.489905,64.0715,3,-0.30532,-0.674491,-1.26785,0.657208,-0.674491,-6.3516,20.2656,0.157487
2026-01-13,3717.09,274,11.8959,-0.125669,63.5439,3,-0.167026,-0.0843113,-0.864859,0.530807,-0.0843113,-7.01714,19.6145,0.946465
2026-01-14,3663.24,271,12.2764,-0.420868,61.3886,3,-0.251558,-0.590179,-1.14201,0.638892,-0.590179,-7.94748,19.1774,0.158684
2026-01-15,3655.16,261,11.9501,-0.928532,55.7489,3,-0.550237,-1.30683,-1.64193,0.541457,-1.30683,-9.90461,18.7802,-3.12671
2026-01-16,3687.32,258,12.5353,-0.792538,50.2188,3,-0.0253169,-1.55976,-0.760699,0.710066,-1.55976,-11.942,18.436,-6.27518
2026-01-19,3700.05,258,11.8144,-0.493431,48.4455,3,0.151342,-1.1382,-0.190732,0.493417,-1.1382,-12.7484,17.8697,-6.67578
2026-01-20,3700.05,259,11.6693,-0.506184,48.3952,3,0.125835,-1.1382,-0.190732,0.442403,-1.1382,-12.5333,17.202,-6.27352
2026-01-21,3682.97,260,11.4043,-0.184188,50.4987,3,0.432583,-0.800958,0.508726,0.356439,-0.800958,-10.4764,16.3652,-5.39011
2026-01-22,3669.15,257,10.3812,0.00621048,54.5058,3,0.223199,-0.210778,0.398133,0.0482654,-0.210778,-7.17297,15.0505,-3.37176
2026-01-23,3630.33,258,10.9808,-0.143329,57.054,3,-0.370968,0.0843113,-0.963328,0.221391,0.0843113,-5.07705,13.8917,-1.76066
2026-01-26,3637.88,263,10.9657,0.0421643,57.2159,3,-0.421539,0.505868,-1.0552,0.212122,0.505868,-4.32344,12.8195,-1.28016
2026-01-27,3676.02,266,11.6795,0.360768,56.5342,3,0.0470462,0.674491,-0.326706,0.420799,0.674491,-3.18547,12.1223,-2.4027
2026-01-28,3678.59,267,10.4916,0.363029,55.1558,3,0.0515667,0.674491,0.0452901,0.0578433,0.674491,-3.21794,10.941,-2.56726
2026-01-29,3665.97,263,10.5166,0.324638,52.7874,3,0.0590961,0.590179,0.0678446,0.0503476,0.590179,-4.17734,9.8586,-2.89389
2026-01-30,3661.29,262,10.5066,0.399312,49.7825,3,0.377067,0.421557,0.721565,0.0325679,0.421557,-4.50273,8.79052,-4.50526
2026-02-02,3670.47,262,9.90845,0.150475,45.322,3,0.300951,0,0.751365,-0.149464,0,-5.21633,7.92284,-7.38453
2026-02-03,3628.16,262,10.4477,-0.320404,42.1906,3,-0.387875,-0.252934,-0.783214,0.00746437,-0.252934,-7.1387,7.16283,-7.83353
2026-02-04,3622,251,9.93103,-0.905865,37.7496,3,-0.54706,-1.26467,-0.943406,-0.150714,-1.26467,-7.55347,6.22773,-10.9247
2026-02-05,3644.93,264,10.0573,-0.00962902,36.4235,3,-0.187881,0.168623,-0.263378,-0.112384,0.168623,-7.69813,5.32038,-11.1987
2026-02-06,3691.75,259,11.1897,0.149234,36.7973,3,0.467091,-0.168623,0.702874,0.231307,-0.168623,-6.7407,4.90715,-11.3691
2026-02-09,3670.2,254,11.2526,-0.202122,37.8397,3,0.185935,-0.590179,0.123895,0.247975,-0.590179,-5.45336,4.53719,-11.2441
2026-02-10,3651.9,256,11.3546,0.00244516,38.3067,3,0.426447,-0.421557,0.579038,0.273857,-0.421557,-4.10231,4.30113,-11.8921
2026-02-11,3659.71,256,10.1665,0.439619,41.4841,3,0.37337,0.505868,0.841614,-0.094873,0.505868,-2.25268,3.63641,-9.89958
2026-02-12,3671.01,259,10.1908,-0.0361323,44.8391,3,0.264981,-0.337245,0.617318,-0.087356,-0.337245,-0.113933,3.05587,-8.10286
2026-02-13,3665.78,260,9.68717,-0.0665663,47.597,3,-0.301755,0.168623,-0.359396,-0.244115,0.168623,0.268516,2.15265,-4.82417
2026-02-16,3652.89,260,9.64614,0.180764,50.1689,3,-0.228652,0.590179,-0.198876,-0.258428,0.590179,0.260907,1.43652,-1.52857
2026-02-17,3652.89,259,9.64614,0.139192,52.6303,3,-0.0588605,0.337245,0.143182,-0.260903,0.337245,0.579115,0.764863,1.28629
2026-02-18,3664.26,259,9.61295,0.157788,53.9311,3,-0.0325477,0.348124,0.208177,-0.273273,0.348124,0.292272,0.164269,3.47453
2026-02-19,3669.21,262,9.53667,0.124777,54.3812,3,-0.110175,0.359728,0.0804824,-0.300833,0.359728,-0.0103411,-0.168242,4.55975
2026-02-20,3695.72,262,8.98349,0.177421,55.5958,3,0.0850457,0.269796,0.654127,-0.484035,0.269796,1.528,-0.838942,4.90674
2026-02-23,3691.34,265,9.00107,0.349325,56.7541,3,0.159057,0.539593,0.798173,-0.48006,0.539593,3.28571,-1.49499,4.96335
2026-02-24,3697.36,261,8.2543,0.179758,56.0721,3,0.0897193,0.269796,0.903221,-0.723783,0.269796,4.45783,-2.58433,4.19862
2026-02-25,3703.28,265,8.26642,0.342613,55.9951,3,0.0339932,0.651232,0.787815,-0.719829,0.651232,5.16413,-3.32385,4.15482
2026-02-26,3703.69,280,8.14682,0.837701,57.9233,3,-0.0333076,1.70871,0.692246,-0.758861,1.70871,5.74126,-4.08141,6.26347
2026-02-27,3745.78,294,8.96292,1.57903,62.2784,3,0.235262,2.92279,0.966071,-0.495548,2.92279,5.91621,-4.53843,10.9006
2026-03-02,3766.3,293,9.08336,1.45309,66.91,3,0.469302,2.43687,1.3985,-0.459892,2.43687,6.42484,-4.75662,15.2418
2026-03-03,3768.73,296,7.7173,1.57738,73.2042,3,0.203872,2.9509,1.32006,-0.912316,2.9509,8.11606,-5.43723,20.5253
2026-03-04,3797.64,287,7.85054,1.13905,79.2363,3,0.42325,1.85485,1.71469,-0.868191,1.85485,10.0517,-5.82129,25.0058
2026-03-05,3751.41,292,9.25296,0.627153,80.9368,3,0.24257,1.01174,0.890609,-0.40547,1.01174,10.8716,-5.97897,26.0442
2026-03-06,3767.94,303,8.32502,0.308978,81.3496,3,-0.140846,0.758802,0.432434,-0.714127,0.758802,10.6,-6.75058,27.5002
2026-03-09,3795.55,296,8.19254,0.0752199,82.053,3,-0.102494,0.252934,0.553203,-0.758191,0.252934,10.8831,-7.54328,28.7132
2026-03-10,3744.84,278,9.54409,-0.93113,79.6184,3,-0.344655,-1.5176,-0.379913,-0.309397,-1.5176,10.3208,-8.22116,27.5187
2026-03-11,3710.5,275,10.2308,-0.89972,75.8014,3,-0.787703,-1.01174,-1.49474,-0.080668,-1.01174,8.57677,-8.46029,25.6849
2026-03-12,3687.87,278,10.4639,-0.863633,73.262,3,-0.546906,-1.18036,-1.08915,-0.0046651,-1.18036,7.18932,-8.52633,24.599
2026-03-13,3700.46,277,10.5031,-1.3842,68.9591,3,-0.576307,-2.19209,-1.15455,0.00193778,-2.19209,6.62376,-8.49451,20.8299
2026-03-16,3685.53,274,10.5309,-1.40143,63.432,3,-0.948011,-1.85485,-1.90505,0.00902545,-1.85485,5.16524,-8.42134,16.6881
2026-03-17,3691.9,274,10.5391,-0.391044,61.5081,3,-0.444842,-0.337245,-0.90092,0.0112359,-0.337245,4.21044,-8.21011,15.5077
2026-03-18,3689.97,271,10.5001,-0.250421,60.0071,3,-0.163596,-0.337245,-0.32515,-0.00204252,-0.337245,3.72177,-7.98298,14.2683
2026-03-19,3704.17,276,10.5685,0.00402823,59.5601,3,0.176679,-0.168623,0.333902,0.019456,-0.168623,3.96477,-7.68787,13.2832
2026-03-20,3692.48,273,10.3313,-0.187807,58.2009,3,-0.080525,-0.29509,-0.0993124,-0.0617375,-0.29509,3.26124,-7.30776,12.2474
2026-03-23,3704.87,268,10.3901,-0.122869,56.4291,3,0.175819,-0.421557,0.39343,-0.0417913,-0.421557,2.88574,-6.91161,10.455
2026-03-24,3704.87,272,10.3761,0.0155613,55.8098,3,0.118154,-0.0870311,0.281484,-0.0451761,-0.0870311,2.29689,-6.27193,9.78481
2026-03-25,3700.67,270,10.3692,0.0484689,54.6968,3,0.0969379,0,0.241315,-0.0474388,0,1.77946,-5.63956,8.55695
2026-03-26,3688.46,272,10.4335,-0.200663,50.7444,3,-0.131531,-0.269796,-0.239067,-0.0239945,-0.269796,0.89486,-4.95114,4.80068
2026-03-27,3675.29,277,9.55702,0.0759586,45.0204,3,-0.297743,0.449661,-0.264264,-0.331223,0.449661,-0.27837,-4.78214,0.0809322
2026-03-30,3668.89,283,9.25315,0.457673,41.2787,3,-0.523568,1.43891,-0.61363,-0.433506,1.43891,-2.18143,-4.73112,-1.80874
2026-03-31,3669.96,282,9.2441,0.222517,36.3166,3,-0.512307,0.957342,-0.593557,-0.431057,0.957342,-3.94442,-4.22382,-5.51514
2026-04-01,3660.1,277,8.62095,0.0016786,32.318,3,-0.671134,0.674491,-0.691875,-0.650392,0.674491,-6.10654,-3.96289,-7.61262
2026-04-02,3675.81,280,7.94564,0.0958892,30.5147,3,-0.524868,0.716646,-0.162564,-0.887173,0.716646,-7.02128,-4.37201,-8.09204
2026-04-03,3675.81,278,7.69766,-0.181653,28.8902,3,-0.447618,0.0843113,0.0768562,-0.972092,0.0843113,-7.28769,-4.57106,-9.25107
2026-04-06,3675.81,278,7.03091,-0.443517,27.2182,3,-0.507632,-0.379401,0.189259,-1.20452,-0.379401,-7.54815,-4.93043,-10.3032
2026-04-07,3664.41,283,5.51423,-0.37904,28.9993,3,-0.888627,0.130547,-0.0463889,-1.73087,0.130547,-7.31943,-6.269,-7.41225
2026-04-08,3678.19,263,4.86192,-0.958399,28.8074,3,-0.778595,-1.1382,0.398233,-1.95542,-1.1382,-5.59564,-7.96271,-7.63421
2026-04-09,3640.63,258,5.66148,-1.47726,26.8377,3,-1.14183,-1.81269,-0.613757,-1.6699,-1.81269,-5.10813,-9.36915,-8.68499
2026-04-10,3642.93,253,5.48077,-1.60818,26.136,3,-1.15074,-2.06563,-0.569734,-1.73174,-2.06563,-4.56416,-10.8776,-8.42221
2026-04-13,3631.49,250,5.41889,-1.79139,24.9372,3,-1.26422,-2.31856,-0.782722,-1.74572,-2.31856,-3.53448,-12.349,-9.17932
2026-04-14,3608.1,239,5.69718,-2.49591,19.0013,3,-1.32427,-3.66754,-1.01038,-1.63816,-3.66754,-3.46119,-13.163,-14.3745
2026-04-15,3578.82,226,6.20642,-2.35548,14.0238,3,-1.63359,-3.07736,-1.81831,-1.44886,-3.07736,-4.45786,-13.5794,-17.939
2026-04-16,3603.19,223,6.61882,-1.9375,10.2935,3,-0.96625,-2.90874,-0.637236,-1.29526,-2.90874,-4.92672,-13.7737,-21.0061
2026-04-17,3615.1,221,6.78378,-1.72746,7.89291,3,-0.841277,-2.61365,-0.453556,-1.229,-2.61365,-4.93227,-13.9153,-23.2595
2026-04-20,3593.14,219,6.7979,-1.73479,5.86121,3,-0.940232,-2.52934,-0.656467,-1.224,-2.52934,-5.36882,-13.9475,-24.8225
2026-04-21,3573.3,223,6.9156,-1.07612,4.7363,3,-0.88757,-1.26467,-0.592809,-1.18233,-1.26467,-5.72798,-14.1457,-25.39
2026-04-22,3576.05,225,6.97297,-0.287091,4.42763,3,-0.574181,0,0.0136605,-1.16202,0,-5.80403,-14.687,-25.0813
2026-04-23,3568.88,221,6.94884,-0.483829,4.17996,3,-0.883346,-0.0843113,-0.596129,-1.17056,-0.0843113,-5.97038,-15.2619,-24.5877
2026-04-24,3560.62,235,6.91677,0.0904319,4.19234,3,-1.08381,1.26467,-0.985695,-1.18192,1.26467,-6.43077,-15.8092,-23.5677
2026-04-27,3551.17,231,6.92715,0.0666055,3.86807,3,-0.962837,1.09605,-0.747431,-1.17824,1.09605,-6.42269,-16.0491,-23.6602
2026-04-28,3593.17,237,8.39031,0.578118,4.16205,3,-0.108433,1.26467,0.445405,-0.662272,1.26467,-5.84949,-16.4064,-23.5821
2026-04-29,3633.76,233,9.42298,0.597609,4.69507,3,0.436416,0.758802,1.16886,-0.296031,0.758802,-4.77457,-16.5383,-23.9921
2026-04-30,3621.86,232,9.31035,0.690422,5.28005,3,0.369107,1.01174,1.07517,-0.33696,1.01174,-4.06047,-16.5348,-24.1246
2026-05-01,3637.51,230,9.48001,0.145075,5.62534,3,0.627396,-0.337245,1.53261,-0.277824,-0.337245,-3.13488,-16.266,-24.9738
2026-05-04,3637.51,234,9.48001,0.527883,6.75764,3,0.718521,0.337245,1.71601,-0.278966,0.337245,-2.18801,-16.1962,-24.8581
2026-05-05,3707.58,226,11.6916,0.259312,7.59271,3,1.36174,-0.843113,2.2213,0.502171,-0.843113,-0.632065,-14.9798,-26.7954
2026-05-06,3723.33,233,11.7103,0.601693,9.96145,3,1.11908,0.0843113,1.73866,0.499491,0.0843113,0.333805,-13.9561,-26.4162
2026-05-07,3706.44,243,11.1695,0.992679,14.7448,3,0.973623,1.01174,1.65127,0.295975,1.01174,2.18373,-13.4786,-23.9603
2026-05-08,3729.27,241,11.3224,1.03302,21.3381,3,1.0543,1.01174,1.76464,0.34395,1.01174,4.35348,-12.6515,-20.3638
2026-05-11,3747.1,240,11.2706,0.895265,29.5393,3,1.20035,0.590179,2.07573,0.324975,0.590179,7.19514,-11.4643,-16.1916
2026-05-12,3759,239,10.8721,0.882758,41.51,3,0.585157,1.18036,0.991957,0.178357,1.18036,9.3821,-10.2075,-7.66455
2026-05-13,3775.07,243,10.2001,0.695091,53.0854,3,0.462758,0.927425,0.99379,-0.0682736,0.927425,12.1253,-8.95951,-0.0803712
2026-05-14,3794.91,250,10.132,0.728961,63.0256,3,0.783432,0.674491,1.66059,-0.0937288,0.674491,14.0703,-7.68014,6.63542
2026-05-15,3784.7,248,10.2984,0.59386,71.0424,3,0.513229,0.674491,1.05875,-0.0322944,0.674491,15.0005,-6.35278,12.3947
2026-05-18,3796.78,248,9.81158,0.542772,78.0099,3,0.368897,0.716646,0.950916,-0.213123,0.716646,15.7292,-5.1944,17.4751
2026-05-19,3796.78,248,9.37813,0.469375,82.1316,3,0.179947,0.758802,0.734918,-0.375023,0.758802,16.2537,-4.32735,20.2053
2026-05-20,3796.87,252,9.40569,0.400029,83.7966,3,0.0412558,0.758802,0.449034,-0.366522,0.758802,16.3131,-3.59605,21.0796
2026-05-21,3730.49,250,11.8319,-0.143791,84.5819,3,-0.287582,0,-1.11877,0.543604,0,15.7347,-2.17019,21.0174
2026-05-22,3701.37,241,12.2665,-0.464591,83.2869,3,-0.381158,-0.548024,-1.46928,0.706961,-0.548024,15.5796,-0.646281,18.3535
2026-05-25,3667.06,241,12.8125,-0.604366,81.6304,3,-0.702864,-0.505868,-2.31794,0.912211,-0.505868,14.5405,1.09675,15.9932
2026-05-26,3667.06,235,12.244,-0.909744,77.6079,3,-0.807752,-1.01174,-2.31056,0.695058,-1.01174,12.6739,2.31769,12.6164
2026-05-27,3644.47,234,11.8716,-1.26076,71.9454,3,-1.08822,-1.43329,-2.73221,0.555768,-1.43329,9.63312,3.17516,9.13709
2026-05-28,3631.57,236,11.8822,-0.845791,66.7944,3,-0.595535,-1.09605,-1.75078,0.559711,-1.09605,7.25307,4.0818,5.45951
2026-05-29,3646.58,240,11.8736,-0.0918312,65.9675,3,-0.183662,0,-0.923843,0.556518,0,4.99626,4.86879,6.10246
2026-06-01,3678.15,210,12.2499,-1.02042,60.3895,3,0.488506,-2.52934,0.283095,0.693917,-2.52934,3.72722,5.86702,0.795305
2026-06-02,3560.24,208,15.2476,-1.12721,55.2028,3,-0.062332,-2.19209,-1.92963,1.80496,-2.19209,-0.189974,7.15769,-1.7649
2026-06-03,3562,206,15.1007,-1.0672,48.8479,3,0.142009,-2.27641,-1.46198,1.746,-2.27641,-3.24417,8.36638,-6.27434
2026-06-04,3572.85,201,15.1853,-1.24216,40.4118,3,0.382268,-2.86659,-1.00868,1.77322,-2.86659,-5.72653,9.68202,-13.5437
2026-06-05,3565.32,199,14.8901,-1.62004,30.9759,3,0.132371,-3.37245,-1.39298,1.65772,-3.37245,-8.44742,10.5938,-21.1704
2026-06-08,3588.09,197,15.0002,-0.466393,26.5392,3,0.0789492,-1.01174,-1.53399,1.69189,-1.01174,-11.4839,11.5729,-23.5497
2026-06-09,3588.09,202,14.8924,0.361351,24.93,3,1.14426,-0.421557,0.645962,1.64255,-0.421557,-11.6736,12.7525,-26.1489
2026-06-10,3581.46,200,14.6902,0.29928,23.7439,3,1.02012,-0.421557,0.478452,1.56178,-0.421557,-12.0308,14.0806,-28.3058
2026-06-11,3567.11,193,14.3966,0.0673517,21.8325,3,0.724883,-0.590179,-0.00320504,1.45297,-0.590179,-13.2974,15.2161,-30.0861
2026-06-12,3513.54,189,15.0143,-0.182628,19.7064,3,0.393545,-0.758802,-0.887156,1.67425,-0.758802,-14.709,16.389,-31.9736
2026-06-15,3475.72,182,14.9834,-0.688401,16.6037,3,-0.196444,-1.18036,-2.05395,1.66107,-1.18036,-16.7209,17.4169,-34.0923
2026-06-16,3475.72,182,14.9834,-0.900081,13.5455,3,-0.198246,-1.60192,-2.05395,1.65746,-1.60192,-18.2887,18.359,-36.5248
2026-06-17,3427.07,179,15.264,-1.12541,10.6214,3,-0.564599,-1.68623,-2.88527,1.75607,-1.68623,-19.962,19.1137,-38.5303
2026-06-18,3439.91,181,14.8192,-0.65471,9.75227,3,-0.381995,-0.927425,-2.35888,1.59489,-0.927425,-20.5542,19.5797,-39.2732
2026-06-19,3459.53,181,15.1356,-0.104321,10.3595,3,0.381538,-0.590179,-0.945643,1.70872,-0.590179,-20.4037,20.5642,-39.801
2026-06-22,3459.53,181,15.0118,0.362373,12.1235,3,0.724745,0,-0.211742,1.66123,0,-19.406,21.7846,-40.2551
2026-06-23,3406.14,188,15.6146,0.445534,14.9363,3,0.300888,0.590179,-1.26677,1.86854,0.590179,-19.3641,23.6303,-39.3299
2026-06-24,3425.95,189,15.937,0.978219,20.4698,3,1.02901,0.927425,0.0840472,1.97398,0.927425,-18.1316,26.283,-37.6816
2026-06-25,3428.32,192,15.9918,0.973747,25.7565,3,0.935758,1.01174,-0.11558,1.9871,1.01174,-17.4101,28.6206,-35.4541
2026-06-26,3433.71,197,15.8687,1.10223,29.5762,3,0.771163,1.43329,-0.394011,1.93634,1.43329,-17.3071,30.5004,-33.6171
2026-06-29,3443.59,195,15.4354,1.02847,36.6701,3,0.792265,1.26467,-0.194828,1.77936,1.26467,-18.2441,32.3793,-27.4651
2026-06-30,3443.59,190,10.9036,0.388787,42.2477,3,0.524639,0.252934,0.883834,0.165445,0.252934,-15.812,31.2428,-23.1831
2026-07-01,3440.83,192,10.8792,0.3142,47.4726,3,0.291154,0.337245,0.428195,0.154114,0.337245,-14.0998,29.903,-18.3307
2026-07-02,3403.35,191,11.1945,-0.0285745,52.102,3,-0.0571491,0,-0.379219,0.264921,0,-13.5023,28.4706,-12.8663
2026-07-03,3357.82,191,11.8578,-0.441662,56.5707,3,-0.461768,-0.421557,-1.42033,0.496799,-0.421557,-13.4732,27.2516,-7.20773
2026-07-06,3334.93,190,11.3921,-0.607078,56.0405,3,-0.87691,-0.337245,-2.08343,0.329606,-0.337245,-14.005,25.9761,-5.93057
2026-07-07,3350.68,188,11.711,-0.367797,53.277,3,-0.651283,-0.0843113,-1.74813,0.445563,-0.0843113,-16.3251,24.9059,-5.30382
2026-07-08,3335.5,189,11.702,-0.472382,50.3353,3,-0.776142,-0.168623,-1.99513,0.442846,-0.168623,-18.7036,23.8659,-4.82703
2026-07-09,3339.65,190,11.823,-0.164256,49.4513,3,-0.328512,0,-1.14435,0.487326,0,-19.7921,22.9441,-3.70065
2026-07-10,3305.38,188,11.2952,-0.240439,49.2307,3,-0.312254,-0.168623,-0.92064,0.296131,-0.168623,-19.8234,21.6284,-2.57429
2026-07-13,3248.87,187,12.0835,-0.345462,50.5396,3,-0.522302,-0.168623,-1.6263,0.5817,-0.168623,-19.416,20.5992,-0.643592
2026-07-14,3248.87,187,12.0835,-0.340935,52.6718,3,-0.681869,0,-1.94544,0.5817,0,-19.2986,19.5587,2.41174
2026-07-15,3252.11,187,11.48,-0.342008,55.645,3,-0.599705,-0.0843113,-1.56248,0.363069,-0.0843113,-17.9903,18.183,5.45238
2026-07-16,3233.91,186,11.2709,-0.562668,55.9926,3,-0.872402,-0.252934,-2.03213,0.287326,-0.252934,-17.672,16.9322,6.7324
2026-07-17,3221.41,179,10.7841,-0.704314,53.7198,3,-0.734137,-0.674491,-1.57924,0.110967,-0.674491,-18.317,15.4493,6.58745
2026-07-20,3262.58,185,12.1913,0.228816,53.2119,3,0.541942,-0.0843113,0.463156,0.620729,-0.0843113,-17.6804,14.4632,6.42916
2026-07-21,3262.58,182,11.2708,0.018901,51.5866,3,0.375047,-0.337245,0.462808,0.287287,-0.337245,-16.045,12.9666,4.66496
2026-07-22,3238.19,182,11.0121,-0.15133,47.2778,3,0.0345859,-0.337245,-0.124417,0.193589,-0.337245,-16.2355,11.2624,2.25089
2026-07-23,3206.86,187,11.1909,0.0460103,43.7603,3,-0.0766021,0.168623,-0.411549,0.258345,0.168623,-16.4628,9.58213,0.640976
2026-07-24,3219.31,188,11.3537,0.531974,41.6206,3,0.220834,0.843113,0.124364,0.317304,0.843113,-15.917,8.01675,-0.47913
2026-07-27,3210.56,188,11.1266,-0.00905317,37.7948,3,-0.355352,0.337245,-0.945754,0.23505,0.337245,-16.4865,6.49819,-2.21688
2026-07-28,3205.8,191,11.077,0.21497,37.1644,3,-0.413174,0.843113,-1.04343,0.21708,0.843113,-18.2644,6.53526,-1.10651
2026-07-29,3205.87,189,11.1082,0.264338,36.9841,3,-0.145816,0.674491,-0.520009,0.228378,0.674491,-19.1434,6.60146,-0.473972
2026-07-30,3206.18,190,10.8184,0.239068,37.9548,3,0.140891,0.337245,0.158367,0.123415,0.337245,-18.6899,6.4863,0.158416
2026-07-31,3132.42,195,12.507,0.0925492,39.9147,3,-0.489392,0.674491,-1.7128,0.734018,0.674491,-19.0547,6.74103,2.22836
2026-08-03,3144.14,188,12.6915,-0.0726762,41.901,3,-0.229664,0.0843113,-1.25911,0.799778,0.0843113,-18.3479,7.21286,3.036
2026-08-04,3230.44,188,16.4175,0.626034,45.6465,3,1.42069,-0.168623,0.700129,2.14125,-0.168623,-16.1075,8.86353,2.89049
2026-08-05,3204.51,189,16.5417,0.624543,49.8247,3,1.16478,0.0843113,0.146674,2.18288,0.0843113,-14.0958,10.5415,3.37895
2026-08-06,3179.4,189,16.6205,0.451775,52.1749,3,0.903549,0,-0.402659,2.20976,0,-13.3815,12.1791,3.37729
2026-08-07,3157.43,188,16.451,0.46596,54.8601,3,1.43779,-0.505868,0.730597,2.14498,-0.505868,-11.7832,13.9147,2.72857
2026-08-10,3157.43,186,15.4821,0.523418,58.1315,3,1.13115,-0.0843113,0.473984,1.78831,-0.0843113,-9.73991,14.9953,2.87604
2026-08-11,3125.47,188,15.7761,-0.0145068,59.3473,3,-0.113325,0.0843113,-2.12001,1.89336,0.0843113,-9.88273,16.2012,3.0289
2026-08-12,3121.07,190,15.7399,0.140406,61.1275,3,0.11219,0.168623,-1.65603,1.88041,0.168623,-9.93179,17.566,3.49329
2026-08-13,3123.28,191,15.7104,0.32884,64.3541,3,0.404746,0.252934,-1.0539,1.8634,0.252934,-8.92886,18.8773,4.40566
2026-08-14,3127.51,190,15.7258,0.475348,68.4672,3,0.697761,0.252934,-0.471341,1.86686,0.252934,-7.77302,20.1986,6.0416
2026-08-17,3128.65,188,14.8351,0.400621,69.049,3,0.548307,0.252934,-0.444347,1.54096,0.252934,-8.58443,20.9895,6.64399
2026-08-18,3128.65,192,14.8351,0.662315,71.1851,3,0.903074,0.421557,0.267427,1.53872,0.421557,-8.67248,21.9064,7.95117
2026-08-19,3098.79,191,14.954,0.401846,72.964,3,0.63507,0.168623,-0.30603,1.57617,0.168623,-8.75046,22.9328,8.7816
2026-08-20,3053.48,188,15.3874,0.000279914,72.819,3,0.169183,-0.168623,-1.38542,1.72378,-0.168623,-9.63304,24.2692,8.18289
2026-08-21,3062.96,188,15.3476,0.0740432,71.3465,3,0.232398,-0.0843113,-1.24232,1.70711,-0.0843113,-10.9503,25.7274,6.56943
2026-08-24,3048.12,184,15.3706,-0.101478,71.0448,3,0.0499773,-0.252934,-1.59701,1.69697,-0.252934,-11.5586,27.0947,5.50868
2026-08-25,3056.51,189,15.4842,-0.00908977,70.3072,3,0.155883,-0.174062,-1.40212,1.71389,-0.174062,-11.9286,28.5595,3.67629
2026-08-26,3081.67,185,15.9186,0.192607,70.0693,3,0.850379,-0.465166,-0.162556,1.86331,-0.465166,-11.6165,30.0838,1.60202
2026-08-27,3118.24,185,16.6458,0.85108,72.0709,3,1.89487,-0.192712,1.68566,2.10409,-0.192712,-10.1179,31.5599,0.628886
2026-08-28,3144.28,186,14.8137,0.828822,74.3892,3,1.754,-0.0963558,2.03387,1.47413,-0.0963558,-6.64411,31.7853,-0.751999
2026-08-31,3202.79,189,16.1403,1.68176,79.4816,3,2.78539,0.578135,3.6474,1.92338,0.578135,-2.1911,31.5504,0.12231
2026-09-01,3213.97,199,12.9215,1.65931,82.1763,3,2.25871,1.05991,3.69636,0.821065,1.05991,0.365748,29.6406,2.16992
2026-09-02,3184,200,13.0343,1.57395,84.4456,3,1.65937,1.48853,2.45941,0.859324,1.48853,2.23754,27.8091,4.39895
2026-09-03,3140.55,198,13.638,1.08629,85.851,3,0.870117,1.30246,0.684868,1.05537,1.30246,3.06575,26.3851,6.40007
2026-09-04,3141.36,198,13.4334,0.843043,86.6441,3,0.554681,1.1314,0.12878,0.980583,1.1314,2.55638,25.1724,8.91529
2026-09-09,3116.47,198,13.7074,0.268768,86.1119,3,-0.305577,0.843113,-1.68011,1.06896,0.843113,0.861528,24.7912,10.4592
2026-09-10,3099.48,198,13.3715,-0.332328,85.4277,3,-0.664657,0,-2.2841,0.954791,0,0.737761,24.2686,10.4213
2026-09-11,3101,198,13.3698,-0.201609,84.6664,3,-0.316188,-0.0870311,-1.5855,0.953123,-0.0870311,0.802229,23.7551,10.109
2026-09-15,3109.3,198,13.408,0.171533,84.3076,3,0.250033,0.0930332,-0.462515,0.96258,0.0930332,1.28762,23.1266,9.89335
2026-09-16,3100.45,,13.4254,0.146323,83.5394,2,0.146323,,-0.667501,0.960147,,0.5893,23.3821,9.56793
2026-09-17,3128.46,,13.8367,0.787938,84.4412,2,0.787938,,0.487402,1.08847,,1.73736,23.6496,9.05422
2026-09-18,3151.73,,14.0847,1.26304,85.7743,2,1.26304,,1.36089,1.16519,,3.67,23.8787,8.22552
2026-09-22,3192.53,,14.2335,1.69992,88.3844,2,1.69992,,2.1995,1.20033,,7.1449,23.5907,7.64878
2026-09-23,3208.66,,12.9142,1.5567,91.0418,2,1.5567,,2.34589,0.767519,,11.2337,22.2899,7.51819
2026-09-24,3264.39,,13.9364,2.37023,94.0976,2,2.37023,,3.65617,1.0843,,16.1465,20.8948,7.05637
2026-09-25,3329.61,,14.7702,2.67333,96.6263,2,2.67333,,4,1.34665,,20.4471,19.4929,6.68628
2026-09-29,3349.63,,14.7666,2.66637,98.1442,2,2.66637,,4,1.33274,,23.7142,18.1815,6.24845
2026-09-30,3341.23,,14.9071,2.30361,98.8886,2,2.30361,,3.23112,1.37611,,25.3418,17.2864,6.26038
2026-10-01,3312.84,,15.2474,1.90697,99.1518,2,1.90697,,2.33314,1.48079,,25.8679,17.0663,6.21755
2026-10-02,3307.73,,15.1954,1.27625,99.2456,2,1.27625,,1.09177,1.46072,,25.5333,17.4992,6.2131
2026-10-06,3209.78,,17.9626,0.0614234,98.8555,2,0.0614234,,-2.19965,2.32249,,22.9242,19.9413,5.99
2026-10-07,3216.01,,17.9325,-0.0785712,98.2527,2,-0.0785712,,-2.46432,2.30718,,19.7064,23.3239,5.22244
2026-10-08,3238.88,,17.7386,0.208156,97.6053,2,0.208156,,-1.82382,2.24013,,17.2111,26.615,3.77919
2026-10-09,3218.75,,17.1084,0.181535,97.0737,2,0.181535,,-1.66646,2.02954,,15.4063,29.3098,2.35756
